[2025-11-05T13:12:45.463+0000] {processor.py:161} INFO - Started process (PID=64) to work on /opt/airflow/dags/first_dag.py
[2025-11-05T13:12:45.466+0000] {processor.py:830} INFO - Processing file /opt/airflow/dags/first_dag.py for tasks to queue
[2025-11-05T13:12:45.474+0000] {logging_mixin.py:188} INFO - [2025-11-05T13:12:45.473+0000] {dagbag.py:538} INFO - Filling up the DagBag from /opt/airflow/dags/first_dag.py
[2025-11-05T13:12:45.539+0000] {processor.py:840} INFO - DAG(s) 'first_dag' retrieved from /opt/airflow/dags/first_dag.py
[2025-11-05T13:12:45.625+0000] {logging_mixin.py:188} INFO - [2025-11-05T13:12:45.624+0000] {dag.py:3036} INFO - Sync 1 DAGs
[2025-11-05T13:12:45.692+0000] {logging_mixin.py:188} INFO - [2025-11-05T13:12:45.691+0000] {dag.py:3823} INFO - Setting next_dagrun for first_dag to None, run_after=None
[2025-11-05T13:12:45.746+0000] {processor.py:183} INFO - Processing /opt/airflow/dags/first_dag.py took 0.293 seconds
[2025-11-05T13:13:16.044+0000] {processor.py:161} INFO - Started process (PID=71) to work on /opt/airflow/dags/first_dag.py
[2025-11-05T13:13:16.051+0000] {processor.py:830} INFO - Processing file /opt/airflow/dags/first_dag.py for tasks to queue
[2025-11-05T13:13:16.070+0000] {logging_mixin.py:188} INFO - [2025-11-05T13:13:16.069+0000] {dagbag.py:538} INFO - Filling up the DagBag from /opt/airflow/dags/first_dag.py
[2025-11-05T13:13:16.165+0000] {processor.py:840} INFO - DAG(s) 'first_dag' retrieved from /opt/airflow/dags/first_dag.py
[2025-11-05T13:13:16.458+0000] {logging_mixin.py:188} INFO - [2025-11-05T13:13:16.457+0000] {dag.py:3036} INFO - Sync 1 DAGs
[2025-11-05T13:13:16.711+0000] {logging_mixin.py:188} INFO - [2025-11-05T13:13:16.710+0000] {dag.py:3823} INFO - Setting next_dagrun for first_dag to None, run_after=None
[2025-11-05T13:13:16.814+0000] {processor.py:183} INFO - Processing /opt/airflow/dags/first_dag.py took 0.806 seconds
[2025-11-05T13:13:47.553+0000] {processor.py:161} INFO - Started process (PID=78) to work on /opt/airflow/dags/first_dag.py
[2025-11-05T13:13:47.559+0000] {processor.py:830} INFO - Processing file /opt/airflow/dags/first_dag.py for tasks to queue
[2025-11-05T13:13:47.564+0000] {logging_mixin.py:188} INFO - [2025-11-05T13:13:47.563+0000] {dagbag.py:538} INFO - Filling up the DagBag from /opt/airflow/dags/first_dag.py
[2025-11-05T13:13:47.616+0000] {processor.py:840} INFO - DAG(s) 'first_dag' retrieved from /opt/airflow/dags/first_dag.py
[2025-11-05T13:13:47.667+0000] {logging_mixin.py:188} INFO - [2025-11-05T13:13:47.667+0000] {dag.py:3036} INFO - Sync 1 DAGs
[2025-11-05T13:13:47.712+0000] {logging_mixin.py:188} INFO - [2025-11-05T13:13:47.711+0000] {dag.py:3823} INFO - Setting next_dagrun for first_dag to None, run_after=None
[2025-11-05T13:13:47.750+0000] {processor.py:183} INFO - Processing /opt/airflow/dags/first_dag.py took 0.208 seconds
[2025-11-05T13:14:18.159+0000] {processor.py:161} INFO - Started process (PID=85) to work on /opt/airflow/dags/first_dag.py
[2025-11-05T13:14:18.161+0000] {processor.py:830} INFO - Processing file /opt/airflow/dags/first_dag.py for tasks to queue
[2025-11-05T13:14:18.166+0000] {logging_mixin.py:188} INFO - [2025-11-05T13:14:18.165+0000] {dagbag.py:538} INFO - Filling up the DagBag from /opt/airflow/dags/first_dag.py
[2025-11-05T13:14:18.214+0000] {processor.py:840} INFO - DAG(s) 'first_dag' retrieved from /opt/airflow/dags/first_dag.py
[2025-11-05T13:14:18.251+0000] {logging_mixin.py:188} INFO - [2025-11-05T13:14:18.251+0000] {dag.py:3036} INFO - Sync 1 DAGs
[2025-11-05T13:14:18.292+0000] {logging_mixin.py:188} INFO - [2025-11-05T13:14:18.291+0000] {dag.py:3823} INFO - Setting next_dagrun for first_dag to None, run_after=None
[2025-11-05T13:14:18.332+0000] {processor.py:183} INFO - Processing /opt/airflow/dags/first_dag.py took 0.180 seconds
[2025-11-05T13:14:48.604+0000] {processor.py:161} INFO - Started process (PID=92) to work on /opt/airflow/dags/first_dag.py
[2025-11-05T13:14:48.606+0000] {processor.py:830} INFO - Processing file /opt/airflow/dags/first_dag.py for tasks to queue
[2025-11-05T13:14:48.611+0000] {logging_mixin.py:188} INFO - [2025-11-05T13:14:48.610+0000] {dagbag.py:538} INFO - Filling up the DagBag from /opt/airflow/dags/first_dag.py
[2025-11-05T13:14:48.656+0000] {processor.py:840} INFO - DAG(s) 'first_dag' retrieved from /opt/airflow/dags/first_dag.py
[2025-11-05T13:14:48.701+0000] {logging_mixin.py:188} INFO - [2025-11-05T13:14:48.700+0000] {dag.py:3036} INFO - Sync 1 DAGs
[2025-11-05T13:14:48.741+0000] {logging_mixin.py:188} INFO - [2025-11-05T13:14:48.741+0000] {dag.py:3823} INFO - Setting next_dagrun for first_dag to None, run_after=None
[2025-11-05T13:14:48.782+0000] {processor.py:183} INFO - Processing /opt/airflow/dags/first_dag.py took 0.187 seconds
[2025-11-05T13:15:19.219+0000] {processor.py:161} INFO - Started process (PID=99) to work on /opt/airflow/dags/first_dag.py
[2025-11-05T13:15:19.221+0000] {processor.py:830} INFO - Processing file /opt/airflow/dags/first_dag.py for tasks to queue
[2025-11-05T13:15:19.226+0000] {logging_mixin.py:188} INFO - [2025-11-05T13:15:19.225+0000] {dagbag.py:538} INFO - Filling up the DagBag from /opt/airflow/dags/first_dag.py
[2025-11-05T13:15:19.274+0000] {processor.py:840} INFO - DAG(s) 'first_dag' retrieved from /opt/airflow/dags/first_dag.py
[2025-11-05T13:15:19.311+0000] {logging_mixin.py:188} INFO - [2025-11-05T13:15:19.310+0000] {dag.py:3036} INFO - Sync 1 DAGs
[2025-11-05T13:15:19.356+0000] {logging_mixin.py:188} INFO - [2025-11-05T13:15:19.356+0000] {dag.py:3823} INFO - Setting next_dagrun for first_dag to None, run_after=None
[2025-11-05T13:15:19.416+0000] {processor.py:183} INFO - Processing /opt/airflow/dags/first_dag.py took 0.205 seconds
[2025-11-05T13:15:49.699+0000] {processor.py:161} INFO - Started process (PID=106) to work on /opt/airflow/dags/first_dag.py
[2025-11-05T13:15:49.701+0000] {processor.py:830} INFO - Processing file /opt/airflow/dags/first_dag.py for tasks to queue
[2025-11-05T13:15:49.706+0000] {logging_mixin.py:188} INFO - [2025-11-05T13:15:49.705+0000] {dagbag.py:538} INFO - Filling up the DagBag from /opt/airflow/dags/first_dag.py
[2025-11-05T13:15:49.753+0000] {processor.py:840} INFO - DAG(s) 'first_dag' retrieved from /opt/airflow/dags/first_dag.py
[2025-11-05T13:15:49.794+0000] {logging_mixin.py:188} INFO - [2025-11-05T13:15:49.794+0000] {dag.py:3036} INFO - Sync 1 DAGs
[2025-11-05T13:15:49.836+0000] {logging_mixin.py:188} INFO - [2025-11-05T13:15:49.835+0000] {dag.py:3823} INFO - Setting next_dagrun for first_dag to None, run_after=None
[2025-11-05T13:15:49.878+0000] {processor.py:183} INFO - Processing /opt/airflow/dags/first_dag.py took 0.187 seconds
[2025-11-05T13:16:20.607+0000] {processor.py:161} INFO - Started process (PID=113) to work on /opt/airflow/dags/first_dag.py
[2025-11-05T13:16:20.610+0000] {processor.py:830} INFO - Processing file /opt/airflow/dags/first_dag.py for tasks to queue
[2025-11-05T13:16:20.616+0000] {logging_mixin.py:188} INFO - [2025-11-05T13:16:20.615+0000] {dagbag.py:538} INFO - Filling up the DagBag from /opt/airflow/dags/first_dag.py
[2025-11-05T13:16:20.680+0000] {processor.py:840} INFO - DAG(s) 'first_dag' retrieved from /opt/airflow/dags/first_dag.py
[2025-11-05T13:16:20.781+0000] {logging_mixin.py:188} INFO - [2025-11-05T13:16:20.780+0000] {dag.py:3036} INFO - Sync 1 DAGs
[2025-11-05T13:16:20.948+0000] {logging_mixin.py:188} INFO - [2025-11-05T13:16:20.947+0000] {dag.py:3823} INFO - Setting next_dagrun for first_dag to None, run_after=None
[2025-11-05T13:16:21.099+0000] {processor.py:183} INFO - Processing /opt/airflow/dags/first_dag.py took 0.503 seconds
[2025-11-05T13:16:51.551+0000] {processor.py:161} INFO - Started process (PID=120) to work on /opt/airflow/dags/first_dag.py
[2025-11-05T13:16:51.554+0000] {processor.py:830} INFO - Processing file /opt/airflow/dags/first_dag.py for tasks to queue
[2025-11-05T13:16:51.562+0000] {logging_mixin.py:188} INFO - [2025-11-05T13:16:51.561+0000] {dagbag.py:538} INFO - Filling up the DagBag from /opt/airflow/dags/first_dag.py
[2025-11-05T13:16:51.617+0000] {processor.py:840} INFO - DAG(s) 'first_dag' retrieved from /opt/airflow/dags/first_dag.py
[2025-11-05T13:16:51.686+0000] {logging_mixin.py:188} INFO - [2025-11-05T13:16:51.685+0000] {dag.py:3036} INFO - Sync 1 DAGs
[2025-11-05T13:16:51.752+0000] {logging_mixin.py:188} INFO - [2025-11-05T13:16:51.751+0000] {dag.py:3823} INFO - Setting next_dagrun for first_dag to None, run_after=None
[2025-11-05T13:16:51.826+0000] {processor.py:183} INFO - Processing /opt/airflow/dags/first_dag.py took 0.296 seconds
[2025-11-05T13:17:22.908+0000] {processor.py:161} INFO - Started process (PID=127) to work on /opt/airflow/dags/first_dag.py
[2025-11-05T13:17:22.914+0000] {processor.py:830} INFO - Processing file /opt/airflow/dags/first_dag.py for tasks to queue
[2025-11-05T13:17:22.925+0000] {logging_mixin.py:188} INFO - [2025-11-05T13:17:22.924+0000] {dagbag.py:538} INFO - Filling up the DagBag from /opt/airflow/dags/first_dag.py
[2025-11-05T13:17:23.017+0000] {processor.py:840} INFO - DAG(s) 'first_dag' retrieved from /opt/airflow/dags/first_dag.py
[2025-11-05T13:17:23.169+0000] {logging_mixin.py:188} INFO - [2025-11-05T13:17:23.166+0000] {dag.py:3036} INFO - Sync 1 DAGs
[2025-11-05T13:17:23.315+0000] {logging_mixin.py:188} INFO - [2025-11-05T13:17:23.313+0000] {dag.py:3823} INFO - Setting next_dagrun for first_dag to None, run_after=None
[2025-11-05T13:17:23.409+0000] {processor.py:183} INFO - Processing /opt/airflow/dags/first_dag.py took 0.518 seconds
[2025-11-05T13:17:56.084+0000] {processor.py:161} INFO - Started process (PID=133) to work on /opt/airflow/dags/first_dag.py
[2025-11-05T13:17:56.140+0000] {processor.py:830} INFO - Processing file /opt/airflow/dags/first_dag.py for tasks to queue
[2025-11-05T13:17:56.385+0000] {logging_mixin.py:188} INFO - [2025-11-05T13:17:56.383+0000] {dagbag.py:538} INFO - Filling up the DagBag from /opt/airflow/dags/first_dag.py
[2025-11-05T13:17:57.755+0000] {processor.py:840} INFO - DAG(s) 'first_dag' retrieved from /opt/airflow/dags/first_dag.py
[2025-11-05T13:18:05.556+0000] {logging_mixin.py:188} INFO - [2025-11-05T13:18:05.555+0000] {dag.py:3036} INFO - Sync 1 DAGs
[2025-11-05T13:18:06.298+0000] {logging_mixin.py:188} INFO - [2025-11-05T13:18:06.298+0000] {dag.py:3823} INFO - Setting next_dagrun for first_dag to None, run_after=None
[2025-11-05T13:18:06.757+0000] {processor.py:183} INFO - Processing /opt/airflow/dags/first_dag.py took 11.064 seconds
[2025-11-05T13:18:37.892+0000] {processor.py:161} INFO - Started process (PID=145) to work on /opt/airflow/dags/first_dag.py
[2025-11-05T13:18:37.917+0000] {processor.py:830} INFO - Processing file /opt/airflow/dags/first_dag.py for tasks to queue
[2025-11-05T13:18:37.951+0000] {logging_mixin.py:188} INFO - [2025-11-05T13:18:37.940+0000] {dagbag.py:538} INFO - Filling up the DagBag from /opt/airflow/dags/first_dag.py
[2025-11-05T13:18:38.397+0000] {processor.py:840} INFO - DAG(s) 'first_dag' retrieved from /opt/airflow/dags/first_dag.py
[2025-11-05T13:18:38.876+0000] {logging_mixin.py:188} INFO - [2025-11-05T13:18:38.875+0000] {dag.py:3036} INFO - Sync 1 DAGs
[2025-11-05T13:18:39.406+0000] {logging_mixin.py:188} INFO - [2025-11-05T13:18:39.391+0000] {dag.py:3823} INFO - Setting next_dagrun for first_dag to None, run_after=None
[2025-11-05T13:18:40.327+0000] {processor.py:183} INFO - Processing /opt/airflow/dags/first_dag.py took 2.856 seconds
[2025-11-05T13:19:22.444+0000] {processor.py:161} INFO - Started process (PID=152) to work on /opt/airflow/dags/first_dag.py
[2025-11-05T13:19:22.487+0000] {processor.py:830} INFO - Processing file /opt/airflow/dags/first_dag.py for tasks to queue
[2025-11-05T13:19:22.554+0000] {logging_mixin.py:188} INFO - [2025-11-05T13:19:22.553+0000] {dagbag.py:538} INFO - Filling up the DagBag from /opt/airflow/dags/first_dag.py
[2025-11-05T13:19:24.811+0000] {processor.py:840} INFO - DAG(s) 'first_dag' retrieved from /opt/airflow/dags/first_dag.py
[2025-11-05T13:19:25.043+0000] {logging_mixin.py:188} INFO - [2025-11-05T13:19:25.042+0000] {dag.py:3036} INFO - Sync 1 DAGs
[2025-11-05T13:19:25.443+0000] {logging_mixin.py:188} INFO - [2025-11-05T13:19:25.443+0000] {dag.py:3823} INFO - Setting next_dagrun for first_dag to None, run_after=None
[2025-11-05T13:19:26.460+0000] {processor.py:183} INFO - Processing /opt/airflow/dags/first_dag.py took 4.049 seconds
[2025-11-05T13:19:57.503+0000] {processor.py:161} INFO - Started process (PID=160) to work on /opt/airflow/dags/first_dag.py
[2025-11-05T13:19:57.517+0000] {processor.py:830} INFO - Processing file /opt/airflow/dags/first_dag.py for tasks to queue
[2025-11-05T13:19:57.548+0000] {logging_mixin.py:188} INFO - [2025-11-05T13:19:57.542+0000] {dagbag.py:538} INFO - Filling up the DagBag from /opt/airflow/dags/first_dag.py
[2025-11-05T13:19:58.480+0000] {processor.py:840} INFO - DAG(s) 'first_dag' retrieved from /opt/airflow/dags/first_dag.py
[2025-11-05T13:19:58.735+0000] {logging_mixin.py:188} INFO - [2025-11-05T13:19:58.723+0000] {dag.py:3036} INFO - Sync 1 DAGs
[2025-11-05T13:19:59.110+0000] {logging_mixin.py:188} INFO - [2025-11-05T13:19:59.109+0000] {dag.py:3823} INFO - Setting next_dagrun for first_dag to None, run_after=None
[2025-11-05T13:19:59.739+0000] {processor.py:183} INFO - Processing /opt/airflow/dags/first_dag.py took 2.270 seconds
[2025-11-05T13:20:33.653+0000] {processor.py:161} INFO - Started process (PID=166) to work on /opt/airflow/dags/first_dag.py
[2025-11-05T13:20:33.694+0000] {processor.py:830} INFO - Processing file /opt/airflow/dags/first_dag.py for tasks to queue
[2025-11-05T13:20:33.775+0000] {logging_mixin.py:188} INFO - [2025-11-05T13:20:33.774+0000] {dagbag.py:538} INFO - Filling up the DagBag from /opt/airflow/dags/first_dag.py
[2025-11-05T13:20:35.150+0000] {processor.py:840} INFO - DAG(s) 'first_dag' retrieved from /opt/airflow/dags/first_dag.py
[2025-11-05T13:20:35.376+0000] {logging_mixin.py:188} INFO - [2025-11-05T13:20:35.375+0000] {dag.py:3036} INFO - Sync 1 DAGs
[2025-11-05T13:20:35.663+0000] {logging_mixin.py:188} INFO - [2025-11-05T13:20:35.662+0000] {dag.py:3823} INFO - Setting next_dagrun for first_dag to None, run_after=None
[2025-11-05T13:20:35.902+0000] {processor.py:183} INFO - Processing /opt/airflow/dags/first_dag.py took 2.388 seconds
[2025-11-05T13:21:06.774+0000] {processor.py:161} INFO - Started process (PID=173) to work on /opt/airflow/dags/first_dag.py
[2025-11-05T13:21:06.780+0000] {processor.py:830} INFO - Processing file /opt/airflow/dags/first_dag.py for tasks to queue
[2025-11-05T13:21:06.791+0000] {logging_mixin.py:188} INFO - [2025-11-05T13:21:06.790+0000] {dagbag.py:538} INFO - Filling up the DagBag from /opt/airflow/dags/first_dag.py
[2025-11-05T13:21:07.010+0000] {processor.py:840} INFO - DAG(s) 'first_dag' retrieved from /opt/airflow/dags/first_dag.py
[2025-11-05T13:21:07.072+0000] {logging_mixin.py:188} INFO - [2025-11-05T13:21:07.072+0000] {dag.py:3036} INFO - Sync 1 DAGs
[2025-11-05T13:21:07.166+0000] {logging_mixin.py:188} INFO - [2025-11-05T13:21:07.165+0000] {dag.py:3823} INFO - Setting next_dagrun for first_dag to None, run_after=None
[2025-11-05T13:21:07.246+0000] {processor.py:183} INFO - Processing /opt/airflow/dags/first_dag.py took 0.493 seconds
[2025-11-05T13:21:37.831+0000] {processor.py:161} INFO - Started process (PID=180) to work on /opt/airflow/dags/first_dag.py
[2025-11-05T13:21:37.835+0000] {processor.py:830} INFO - Processing file /opt/airflow/dags/first_dag.py for tasks to queue
[2025-11-05T13:21:37.841+0000] {logging_mixin.py:188} INFO - [2025-11-05T13:21:37.840+0000] {dagbag.py:538} INFO - Filling up the DagBag from /opt/airflow/dags/first_dag.py
[2025-11-05T13:21:37.900+0000] {processor.py:840} INFO - DAG(s) 'first_dag' retrieved from /opt/airflow/dags/first_dag.py
[2025-11-05T13:21:37.952+0000] {logging_mixin.py:188} INFO - [2025-11-05T13:21:37.951+0000] {dag.py:3036} INFO - Sync 1 DAGs
[2025-11-05T13:21:38.019+0000] {logging_mixin.py:188} INFO - [2025-11-05T13:21:38.018+0000] {dag.py:3823} INFO - Setting next_dagrun for first_dag to None, run_after=None
[2025-11-05T13:21:38.156+0000] {processor.py:183} INFO - Processing /opt/airflow/dags/first_dag.py took 0.337 seconds
[2025-11-05T13:22:08.524+0000] {processor.py:161} INFO - Started process (PID=187) to work on /opt/airflow/dags/first_dag.py
[2025-11-05T13:22:08.530+0000] {processor.py:830} INFO - Processing file /opt/airflow/dags/first_dag.py for tasks to queue
[2025-11-05T13:22:08.536+0000] {logging_mixin.py:188} INFO - [2025-11-05T13:22:08.535+0000] {dagbag.py:538} INFO - Filling up the DagBag from /opt/airflow/dags/first_dag.py
[2025-11-05T13:22:08.615+0000] {processor.py:840} INFO - DAG(s) 'first_dag' retrieved from /opt/airflow/dags/first_dag.py
[2025-11-05T13:22:08.698+0000] {logging_mixin.py:188} INFO - [2025-11-05T13:22:08.697+0000] {dag.py:3036} INFO - Sync 1 DAGs
[2025-11-05T13:22:08.786+0000] {logging_mixin.py:188} INFO - [2025-11-05T13:22:08.786+0000] {dag.py:3823} INFO - Setting next_dagrun for first_dag to None, run_after=None
[2025-11-05T13:22:08.843+0000] {processor.py:183} INFO - Processing /opt/airflow/dags/first_dag.py took 0.330 seconds
[2025-11-05T13:22:40.607+0000] {processor.py:161} INFO - Started process (PID=194) to work on /opt/airflow/dags/first_dag.py
[2025-11-05T13:22:40.624+0000] {processor.py:830} INFO - Processing file /opt/airflow/dags/first_dag.py for tasks to queue
[2025-11-05T13:22:40.645+0000] {logging_mixin.py:188} INFO - [2025-11-05T13:22:40.644+0000] {dagbag.py:538} INFO - Filling up the DagBag from /opt/airflow/dags/first_dag.py
[2025-11-05T13:22:41.621+0000] {processor.py:840} INFO - DAG(s) 'first_dag' retrieved from /opt/airflow/dags/first_dag.py
[2025-11-05T13:22:41.851+0000] {logging_mixin.py:188} INFO - [2025-11-05T13:22:41.851+0000] {dag.py:3036} INFO - Sync 1 DAGs
[2025-11-05T13:22:42.074+0000] {logging_mixin.py:188} INFO - [2025-11-05T13:22:42.073+0000] {dag.py:3823} INFO - Setting next_dagrun for first_dag to None, run_after=None
[2025-11-05T13:22:42.432+0000] {processor.py:183} INFO - Processing /opt/airflow/dags/first_dag.py took 1.870 seconds
[2025-11-05T13:23:12.722+0000] {processor.py:161} INFO - Started process (PID=202) to work on /opt/airflow/dags/first_dag.py
[2025-11-05T13:23:12.725+0000] {processor.py:830} INFO - Processing file /opt/airflow/dags/first_dag.py for tasks to queue
[2025-11-05T13:23:12.732+0000] {logging_mixin.py:188} INFO - [2025-11-05T13:23:12.731+0000] {dagbag.py:538} INFO - Filling up the DagBag from /opt/airflow/dags/first_dag.py
[2025-11-05T13:23:12.796+0000] {processor.py:840} INFO - DAG(s) 'first_dag' retrieved from /opt/airflow/dags/first_dag.py
[2025-11-05T13:23:12.929+0000] {logging_mixin.py:188} INFO - [2025-11-05T13:23:12.929+0000] {dag.py:3036} INFO - Sync 1 DAGs
[2025-11-05T13:23:12.998+0000] {logging_mixin.py:188} INFO - [2025-11-05T13:23:12.998+0000] {dag.py:3823} INFO - Setting next_dagrun for first_dag to None, run_after=None
[2025-11-05T13:23:13.060+0000] {processor.py:183} INFO - Processing /opt/airflow/dags/first_dag.py took 0.348 seconds
[2025-11-05T13:23:43.666+0000] {processor.py:161} INFO - Started process (PID=208) to work on /opt/airflow/dags/first_dag.py
[2025-11-05T13:23:43.686+0000] {processor.py:830} INFO - Processing file /opt/airflow/dags/first_dag.py for tasks to queue
[2025-11-05T13:23:43.699+0000] {logging_mixin.py:188} INFO - [2025-11-05T13:23:43.698+0000] {dagbag.py:538} INFO - Filling up the DagBag from /opt/airflow/dags/first_dag.py
[2025-11-05T13:23:43.797+0000] {processor.py:840} INFO - DAG(s) 'first_dag' retrieved from /opt/airflow/dags/first_dag.py
[2025-11-05T13:23:43.883+0000] {logging_mixin.py:188} INFO - [2025-11-05T13:23:43.882+0000] {dag.py:3036} INFO - Sync 1 DAGs
[2025-11-05T13:23:43.989+0000] {logging_mixin.py:188} INFO - [2025-11-05T13:23:43.989+0000] {dag.py:3823} INFO - Setting next_dagrun for first_dag to None, run_after=None
[2025-11-05T13:23:44.094+0000] {processor.py:183} INFO - Processing /opt/airflow/dags/first_dag.py took 0.456 seconds
[2025-11-05T13:24:14.243+0000] {processor.py:161} INFO - Started process (PID=215) to work on /opt/airflow/dags/first_dag.py
[2025-11-05T13:24:14.246+0000] {processor.py:830} INFO - Processing file /opt/airflow/dags/first_dag.py for tasks to queue
[2025-11-05T13:24:14.251+0000] {logging_mixin.py:188} INFO - [2025-11-05T13:24:14.251+0000] {dagbag.py:538} INFO - Filling up the DagBag from /opt/airflow/dags/first_dag.py
[2025-11-05T13:24:14.298+0000] {processor.py:840} INFO - DAG(s) 'first_dag' retrieved from /opt/airflow/dags/first_dag.py
[2025-11-05T13:24:14.349+0000] {logging_mixin.py:188} INFO - [2025-11-05T13:24:14.348+0000] {dag.py:3036} INFO - Sync 1 DAGs
[2025-11-05T13:24:14.470+0000] {logging_mixin.py:188} INFO - [2025-11-05T13:24:14.470+0000] {dag.py:3823} INFO - Setting next_dagrun for first_dag to None, run_after=None
[2025-11-05T13:24:14.530+0000] {processor.py:183} INFO - Processing /opt/airflow/dags/first_dag.py took 0.271 seconds
[2025-11-05T13:24:45.167+0000] {processor.py:161} INFO - Started process (PID=222) to work on /opt/airflow/dags/first_dag.py
[2025-11-05T13:24:45.170+0000] {processor.py:830} INFO - Processing file /opt/airflow/dags/first_dag.py for tasks to queue
[2025-11-05T13:24:45.175+0000] {logging_mixin.py:188} INFO - [2025-11-05T13:24:45.174+0000] {dagbag.py:538} INFO - Filling up the DagBag from /opt/airflow/dags/first_dag.py
[2025-11-05T13:24:45.222+0000] {processor.py:840} INFO - DAG(s) 'first_dag' retrieved from /opt/airflow/dags/first_dag.py
[2025-11-05T13:24:45.318+0000] {logging_mixin.py:188} INFO - [2025-11-05T13:24:45.317+0000] {dag.py:3036} INFO - Sync 1 DAGs
[2025-11-05T13:24:45.406+0000] {logging_mixin.py:188} INFO - [2025-11-05T13:24:45.405+0000] {dag.py:3823} INFO - Setting next_dagrun for first_dag to None, run_after=None
[2025-11-05T13:24:45.465+0000] {processor.py:183} INFO - Processing /opt/airflow/dags/first_dag.py took 0.310 seconds
[2025-11-05T13:25:16.224+0000] {processor.py:161} INFO - Started process (PID=229) to work on /opt/airflow/dags/first_dag.py
[2025-11-05T13:25:16.239+0000] {processor.py:830} INFO - Processing file /opt/airflow/dags/first_dag.py for tasks to queue
[2025-11-05T13:25:16.269+0000] {logging_mixin.py:188} INFO - [2025-11-05T13:25:16.266+0000] {dagbag.py:538} INFO - Filling up the DagBag from /opt/airflow/dags/first_dag.py
[2025-11-05T13:25:16.457+0000] {processor.py:840} INFO - DAG(s) 'first_dag' retrieved from /opt/airflow/dags/first_dag.py
[2025-11-05T13:25:16.620+0000] {logging_mixin.py:188} INFO - [2025-11-05T13:25:16.615+0000] {dag.py:3036} INFO - Sync 1 DAGs
[2025-11-05T13:25:16.775+0000] {logging_mixin.py:188} INFO - [2025-11-05T13:25:16.775+0000] {dag.py:3823} INFO - Setting next_dagrun for first_dag to None, run_after=None
[2025-11-05T13:25:16.839+0000] {processor.py:183} INFO - Processing /opt/airflow/dags/first_dag.py took 0.642 seconds
[2025-11-05T13:25:47.744+0000] {processor.py:161} INFO - Started process (PID=241) to work on /opt/airflow/dags/first_dag.py
[2025-11-05T13:25:47.753+0000] {processor.py:830} INFO - Processing file /opt/airflow/dags/first_dag.py for tasks to queue
[2025-11-05T13:25:47.763+0000] {logging_mixin.py:188} INFO - [2025-11-05T13:25:47.762+0000] {dagbag.py:538} INFO - Filling up the DagBag from /opt/airflow/dags/first_dag.py
[2025-11-05T13:25:47.821+0000] {processor.py:840} INFO - DAG(s) 'first_dag' retrieved from /opt/airflow/dags/first_dag.py
[2025-11-05T13:25:47.943+0000] {logging_mixin.py:188} INFO - [2025-11-05T13:25:47.942+0000] {dag.py:3036} INFO - Sync 1 DAGs
[2025-11-05T13:25:48.078+0000] {logging_mixin.py:188} INFO - [2025-11-05T13:25:48.078+0000] {dag.py:3823} INFO - Setting next_dagrun for first_dag to None, run_after=None
[2025-11-05T13:25:48.148+0000] {processor.py:183} INFO - Processing /opt/airflow/dags/first_dag.py took 0.423 seconds
[2025-11-05T13:26:18.987+0000] {processor.py:161} INFO - Started process (PID=247) to work on /opt/airflow/dags/first_dag.py
[2025-11-05T13:26:19.065+0000] {processor.py:830} INFO - Processing file /opt/airflow/dags/first_dag.py for tasks to queue
[2025-11-05T13:26:19.123+0000] {logging_mixin.py:188} INFO - [2025-11-05T13:26:19.119+0000] {dagbag.py:538} INFO - Filling up the DagBag from /opt/airflow/dags/first_dag.py
[2025-11-05T13:26:19.380+0000] {processor.py:840} INFO - DAG(s) 'first_dag' retrieved from /opt/airflow/dags/first_dag.py
[2025-11-05T13:26:19.670+0000] {logging_mixin.py:188} INFO - [2025-11-05T13:26:19.669+0000] {dag.py:3036} INFO - Sync 1 DAGs
[2025-11-05T13:26:19.952+0000] {logging_mixin.py:188} INFO - [2025-11-05T13:26:19.951+0000] {dag.py:3823} INFO - Setting next_dagrun for first_dag to None, run_after=None
[2025-11-05T13:26:20.134+0000] {processor.py:183} INFO - Processing /opt/airflow/dags/first_dag.py took 1.307 seconds
[2025-11-05T13:26:50.612+0000] {processor.py:161} INFO - Started process (PID=254) to work on /opt/airflow/dags/first_dag.py
[2025-11-05T13:26:50.616+0000] {processor.py:830} INFO - Processing file /opt/airflow/dags/first_dag.py for tasks to queue
[2025-11-05T13:26:50.621+0000] {logging_mixin.py:188} INFO - [2025-11-05T13:26:50.620+0000] {dagbag.py:538} INFO - Filling up the DagBag from /opt/airflow/dags/first_dag.py
[2025-11-05T13:26:50.674+0000] {processor.py:840} INFO - DAG(s) 'first_dag' retrieved from /opt/airflow/dags/first_dag.py
[2025-11-05T13:26:50.728+0000] {logging_mixin.py:188} INFO - [2025-11-05T13:26:50.727+0000] {dag.py:3036} INFO - Sync 1 DAGs
[2025-11-05T13:26:50.790+0000] {logging_mixin.py:188} INFO - [2025-11-05T13:26:50.790+0000] {dag.py:3823} INFO - Setting next_dagrun for first_dag to None, run_after=None
[2025-11-05T13:26:50.849+0000] {processor.py:183} INFO - Processing /opt/airflow/dags/first_dag.py took 0.247 seconds
[2025-11-05T13:27:21.141+0000] {processor.py:161} INFO - Started process (PID=262) to work on /opt/airflow/dags/first_dag.py
[2025-11-05T13:27:21.143+0000] {processor.py:830} INFO - Processing file /opt/airflow/dags/first_dag.py for tasks to queue
[2025-11-05T13:27:21.149+0000] {logging_mixin.py:188} INFO - [2025-11-05T13:27:21.148+0000] {dagbag.py:538} INFO - Filling up the DagBag from /opt/airflow/dags/first_dag.py
[2025-11-05T13:27:21.201+0000] {processor.py:840} INFO - DAG(s) 'first_dag' retrieved from /opt/airflow/dags/first_dag.py
[2025-11-05T13:27:21.252+0000] {logging_mixin.py:188} INFO - [2025-11-05T13:27:21.252+0000] {dag.py:3036} INFO - Sync 1 DAGs
[2025-11-05T13:27:21.314+0000] {logging_mixin.py:188} INFO - [2025-11-05T13:27:21.313+0000] {dag.py:3823} INFO - Setting next_dagrun for first_dag to None, run_after=None
[2025-11-05T13:27:21.382+0000] {processor.py:183} INFO - Processing /opt/airflow/dags/first_dag.py took 0.253 seconds
[2025-11-05T13:27:53.242+0000] {processor.py:161} INFO - Started process (PID=269) to work on /opt/airflow/dags/first_dag.py
[2025-11-05T13:27:53.255+0000] {processor.py:830} INFO - Processing file /opt/airflow/dags/first_dag.py for tasks to queue
[2025-11-05T13:27:53.272+0000] {logging_mixin.py:188} INFO - [2025-11-05T13:27:53.271+0000] {dagbag.py:538} INFO - Filling up the DagBag from /opt/airflow/dags/first_dag.py
[2025-11-05T13:27:53.448+0000] {processor.py:840} INFO - DAG(s) 'first_dag' retrieved from /opt/airflow/dags/first_dag.py
[2025-11-05T13:27:53.625+0000] {logging_mixin.py:188} INFO - [2025-11-05T13:27:53.625+0000] {dag.py:3036} INFO - Sync 1 DAGs
[2025-11-05T13:27:53.740+0000] {logging_mixin.py:188} INFO - [2025-11-05T13:27:53.739+0000] {dag.py:3823} INFO - Setting next_dagrun for first_dag to None, run_after=None
[2025-11-05T13:27:53.953+0000] {processor.py:183} INFO - Processing /opt/airflow/dags/first_dag.py took 0.745 seconds
[2025-11-05T13:28:24.174+0000] {processor.py:161} INFO - Started process (PID=277) to work on /opt/airflow/dags/first_dag.py
[2025-11-05T13:28:24.185+0000] {processor.py:830} INFO - Processing file /opt/airflow/dags/first_dag.py for tasks to queue
[2025-11-05T13:28:24.194+0000] {logging_mixin.py:188} INFO - [2025-11-05T13:28:24.193+0000] {dagbag.py:538} INFO - Filling up the DagBag from /opt/airflow/dags/first_dag.py
[2025-11-05T13:28:24.254+0000] {processor.py:840} INFO - DAG(s) 'first_dag' retrieved from /opt/airflow/dags/first_dag.py
[2025-11-05T13:28:24.307+0000] {logging_mixin.py:188} INFO - [2025-11-05T13:28:24.306+0000] {dag.py:3036} INFO - Sync 1 DAGs
[2025-11-05T13:28:24.366+0000] {logging_mixin.py:188} INFO - [2025-11-05T13:28:24.366+0000] {dag.py:3823} INFO - Setting next_dagrun for first_dag to None, run_after=None
[2025-11-05T13:28:24.480+0000] {processor.py:183} INFO - Processing /opt/airflow/dags/first_dag.py took 0.328 seconds
[2025-11-05T13:28:55.025+0000] {processor.py:161} INFO - Started process (PID=284) to work on /opt/airflow/dags/first_dag.py
[2025-11-05T13:28:55.030+0000] {processor.py:830} INFO - Processing file /opt/airflow/dags/first_dag.py for tasks to queue
[2025-11-05T13:28:55.036+0000] {logging_mixin.py:188} INFO - [2025-11-05T13:28:55.035+0000] {dagbag.py:538} INFO - Filling up the DagBag from /opt/airflow/dags/first_dag.py
[2025-11-05T13:28:55.101+0000] {processor.py:840} INFO - DAG(s) 'first_dag' retrieved from /opt/airflow/dags/first_dag.py
[2025-11-05T13:28:55.168+0000] {logging_mixin.py:188} INFO - [2025-11-05T13:28:55.167+0000] {dag.py:3036} INFO - Sync 1 DAGs
[2025-11-05T13:28:55.237+0000] {logging_mixin.py:188} INFO - [2025-11-05T13:28:55.236+0000] {dag.py:3823} INFO - Setting next_dagrun for first_dag to None, run_after=None
[2025-11-05T13:28:55.324+0000] {processor.py:183} INFO - Processing /opt/airflow/dags/first_dag.py took 0.311 seconds
[2025-11-05T13:29:25.765+0000] {processor.py:161} INFO - Started process (PID=291) to work on /opt/airflow/dags/first_dag.py
[2025-11-05T13:29:25.768+0000] {processor.py:830} INFO - Processing file /opt/airflow/dags/first_dag.py for tasks to queue
[2025-11-05T13:29:25.773+0000] {logging_mixin.py:188} INFO - [2025-11-05T13:29:25.773+0000] {dagbag.py:538} INFO - Filling up the DagBag from /opt/airflow/dags/first_dag.py
[2025-11-05T13:29:25.821+0000] {processor.py:840} INFO - DAG(s) 'first_dag' retrieved from /opt/airflow/dags/first_dag.py
[2025-11-05T13:29:25.868+0000] {logging_mixin.py:188} INFO - [2025-11-05T13:29:25.868+0000] {dag.py:3036} INFO - Sync 1 DAGs
[2025-11-05T13:29:25.921+0000] {logging_mixin.py:188} INFO - [2025-11-05T13:29:25.921+0000] {dag.py:3823} INFO - Setting next_dagrun for first_dag to None, run_after=None
[2025-11-05T13:29:25.975+0000] {processor.py:183} INFO - Processing /opt/airflow/dags/first_dag.py took 0.221 seconds
[2025-11-05T13:29:56.512+0000] {processor.py:161} INFO - Started process (PID=298) to work on /opt/airflow/dags/first_dag.py
[2025-11-05T13:29:56.518+0000] {processor.py:830} INFO - Processing file /opt/airflow/dags/first_dag.py for tasks to queue
[2025-11-05T13:29:56.525+0000] {logging_mixin.py:188} INFO - [2025-11-05T13:29:56.524+0000] {dagbag.py:538} INFO - Filling up the DagBag from /opt/airflow/dags/first_dag.py
[2025-11-05T13:29:56.666+0000] {processor.py:840} INFO - DAG(s) 'first_dag' retrieved from /opt/airflow/dags/first_dag.py
[2025-11-05T13:29:56.769+0000] {logging_mixin.py:188} INFO - [2025-11-05T13:29:56.768+0000] {dag.py:3036} INFO - Sync 1 DAGs
[2025-11-05T13:29:56.873+0000] {logging_mixin.py:188} INFO - [2025-11-05T13:29:56.872+0000] {dag.py:3823} INFO - Setting next_dagrun for first_dag to None, run_after=None
[2025-11-05T13:29:57.006+0000] {processor.py:183} INFO - Processing /opt/airflow/dags/first_dag.py took 0.509 seconds
[2025-11-05T13:30:27.588+0000] {processor.py:161} INFO - Started process (PID=305) to work on /opt/airflow/dags/first_dag.py
[2025-11-05T13:30:27.593+0000] {processor.py:830} INFO - Processing file /opt/airflow/dags/first_dag.py for tasks to queue
[2025-11-05T13:30:27.599+0000] {logging_mixin.py:188} INFO - [2025-11-05T13:30:27.598+0000] {dagbag.py:538} INFO - Filling up the DagBag from /opt/airflow/dags/first_dag.py
[2025-11-05T13:30:27.652+0000] {processor.py:840} INFO - DAG(s) 'first_dag' retrieved from /opt/airflow/dags/first_dag.py
[2025-11-05T13:30:27.718+0000] {logging_mixin.py:188} INFO - [2025-11-05T13:30:27.717+0000] {dag.py:3036} INFO - Sync 1 DAGs
[2025-11-05T13:30:27.785+0000] {logging_mixin.py:188} INFO - [2025-11-05T13:30:27.784+0000] {dag.py:3823} INFO - Setting next_dagrun for first_dag to None, run_after=None
[2025-11-05T13:30:27.843+0000] {processor.py:183} INFO - Processing /opt/airflow/dags/first_dag.py took 0.267 seconds
[2025-11-05T13:30:59.004+0000] {processor.py:161} INFO - Started process (PID=311) to work on /opt/airflow/dags/first_dag.py
[2025-11-05T13:30:59.008+0000] {processor.py:830} INFO - Processing file /opt/airflow/dags/first_dag.py for tasks to queue
[2025-11-05T13:30:59.017+0000] {logging_mixin.py:188} INFO - [2025-11-05T13:30:59.016+0000] {dagbag.py:538} INFO - Filling up the DagBag from /opt/airflow/dags/first_dag.py
[2025-11-05T13:30:59.137+0000] {processor.py:840} INFO - DAG(s) 'first_dag' retrieved from /opt/airflow/dags/first_dag.py
[2025-11-05T13:30:59.320+0000] {logging_mixin.py:188} INFO - [2025-11-05T13:30:59.319+0000] {dag.py:3036} INFO - Sync 1 DAGs
[2025-11-05T13:30:59.511+0000] {logging_mixin.py:188} INFO - [2025-11-05T13:30:59.510+0000] {dag.py:3823} INFO - Setting next_dagrun for first_dag to None, run_after=None
[2025-11-05T13:30:59.587+0000] {processor.py:183} INFO - Processing /opt/airflow/dags/first_dag.py took 0.594 seconds
[2025-11-05T13:31:30.044+0000] {processor.py:161} INFO - Started process (PID=318) to work on /opt/airflow/dags/first_dag.py
[2025-11-05T13:31:30.068+0000] {processor.py:830} INFO - Processing file /opt/airflow/dags/first_dag.py for tasks to queue
[2025-11-05T13:31:30.089+0000] {logging_mixin.py:188} INFO - [2025-11-05T13:31:30.088+0000] {dagbag.py:538} INFO - Filling up the DagBag from /opt/airflow/dags/first_dag.py
[2025-11-05T13:31:30.283+0000] {processor.py:840} INFO - DAG(s) 'first_dag' retrieved from /opt/airflow/dags/first_dag.py
[2025-11-05T13:31:30.360+0000] {logging_mixin.py:188} INFO - [2025-11-05T13:31:30.359+0000] {dag.py:3036} INFO - Sync 1 DAGs
[2025-11-05T13:31:30.460+0000] {logging_mixin.py:188} INFO - [2025-11-05T13:31:30.460+0000] {dag.py:3823} INFO - Setting next_dagrun for first_dag to None, run_after=None
[2025-11-05T13:31:30.559+0000] {processor.py:183} INFO - Processing /opt/airflow/dags/first_dag.py took 0.540 seconds
[2025-11-05T13:32:00.765+0000] {processor.py:161} INFO - Started process (PID=325) to work on /opt/airflow/dags/first_dag.py
[2025-11-05T13:32:00.768+0000] {processor.py:830} INFO - Processing file /opt/airflow/dags/first_dag.py for tasks to queue
[2025-11-05T13:32:00.775+0000] {logging_mixin.py:188} INFO - [2025-11-05T13:32:00.774+0000] {dagbag.py:538} INFO - Filling up the DagBag from /opt/airflow/dags/first_dag.py
[2025-11-05T13:32:00.827+0000] {processor.py:840} INFO - DAG(s) 'first_dag' retrieved from /opt/airflow/dags/first_dag.py
[2025-11-05T13:32:00.890+0000] {logging_mixin.py:188} INFO - [2025-11-05T13:32:00.889+0000] {dag.py:3036} INFO - Sync 1 DAGs
[2025-11-05T13:32:00.969+0000] {logging_mixin.py:188} INFO - [2025-11-05T13:32:00.968+0000] {dag.py:3823} INFO - Setting next_dagrun for first_dag to None, run_after=None
[2025-11-05T13:32:01.031+0000] {processor.py:183} INFO - Processing /opt/airflow/dags/first_dag.py took 0.279 seconds
[2025-11-05T13:32:31.379+0000] {processor.py:161} INFO - Started process (PID=331) to work on /opt/airflow/dags/first_dag.py
[2025-11-05T13:32:31.381+0000] {processor.py:830} INFO - Processing file /opt/airflow/dags/first_dag.py for tasks to queue
[2025-11-05T13:32:31.388+0000] {logging_mixin.py:188} INFO - [2025-11-05T13:32:31.387+0000] {dagbag.py:538} INFO - Filling up the DagBag from /opt/airflow/dags/first_dag.py
[2025-11-05T13:32:31.441+0000] {processor.py:840} INFO - DAG(s) 'first_dag' retrieved from /opt/airflow/dags/first_dag.py
[2025-11-05T13:32:31.492+0000] {logging_mixin.py:188} INFO - [2025-11-05T13:32:31.491+0000] {dag.py:3036} INFO - Sync 1 DAGs
[2025-11-05T13:32:31.536+0000] {logging_mixin.py:188} INFO - [2025-11-05T13:32:31.536+0000] {dag.py:3823} INFO - Setting next_dagrun for first_dag to None, run_after=None
[2025-11-05T13:32:31.582+0000] {processor.py:183} INFO - Processing /opt/airflow/dags/first_dag.py took 0.213 seconds
[2025-11-05T13:33:02.527+0000] {processor.py:161} INFO - Started process (PID=338) to work on /opt/airflow/dags/first_dag.py
[2025-11-05T13:33:02.537+0000] {processor.py:830} INFO - Processing file /opt/airflow/dags/first_dag.py for tasks to queue
[2025-11-05T13:33:02.568+0000] {logging_mixin.py:188} INFO - [2025-11-05T13:33:02.566+0000] {dagbag.py:538} INFO - Filling up the DagBag from /opt/airflow/dags/first_dag.py
[2025-11-05T13:33:02.685+0000] {processor.py:840} INFO - DAG(s) 'first_dag' retrieved from /opt/airflow/dags/first_dag.py
[2025-11-05T13:33:02.867+0000] {logging_mixin.py:188} INFO - [2025-11-05T13:33:02.866+0000] {dag.py:3036} INFO - Sync 1 DAGs
[2025-11-05T13:33:03.030+0000] {logging_mixin.py:188} INFO - [2025-11-05T13:33:03.030+0000] {dag.py:3823} INFO - Setting next_dagrun for first_dag to None, run_after=None
[2025-11-05T13:33:03.112+0000] {processor.py:183} INFO - Processing /opt/airflow/dags/first_dag.py took 0.631 seconds
[2025-11-05T13:33:33.504+0000] {processor.py:161} INFO - Started process (PID=345) to work on /opt/airflow/dags/first_dag.py
[2025-11-05T13:33:33.506+0000] {processor.py:830} INFO - Processing file /opt/airflow/dags/first_dag.py for tasks to queue
[2025-11-05T13:33:33.510+0000] {logging_mixin.py:188} INFO - [2025-11-05T13:33:33.510+0000] {dagbag.py:538} INFO - Filling up the DagBag from /opt/airflow/dags/first_dag.py
[2025-11-05T13:33:33.553+0000] {processor.py:840} INFO - DAG(s) 'first_dag' retrieved from /opt/airflow/dags/first_dag.py
[2025-11-05T13:33:33.603+0000] {logging_mixin.py:188} INFO - [2025-11-05T13:33:33.603+0000] {dag.py:3036} INFO - Sync 1 DAGs
[2025-11-05T13:33:33.666+0000] {logging_mixin.py:188} INFO - [2025-11-05T13:33:33.665+0000] {dag.py:3823} INFO - Setting next_dagrun for first_dag to None, run_after=None
[2025-11-05T13:33:33.718+0000] {processor.py:183} INFO - Processing /opt/airflow/dags/first_dag.py took 0.224 seconds
[2025-11-05T13:34:04.049+0000] {processor.py:161} INFO - Started process (PID=353) to work on /opt/airflow/dags/first_dag.py
[2025-11-05T13:34:04.079+0000] {processor.py:830} INFO - Processing file /opt/airflow/dags/first_dag.py for tasks to queue
[2025-11-05T13:34:04.092+0000] {logging_mixin.py:188} INFO - [2025-11-05T13:34:04.091+0000] {dagbag.py:538} INFO - Filling up the DagBag from /opt/airflow/dags/first_dag.py
[2025-11-05T13:34:04.328+0000] {processor.py:840} INFO - DAG(s) 'first_dag' retrieved from /opt/airflow/dags/first_dag.py
[2025-11-05T13:34:04.467+0000] {logging_mixin.py:188} INFO - [2025-11-05T13:34:04.466+0000] {dag.py:3036} INFO - Sync 1 DAGs
[2025-11-05T13:34:04.630+0000] {logging_mixin.py:188} INFO - [2025-11-05T13:34:04.629+0000] {dag.py:3823} INFO - Setting next_dagrun for first_dag to None, run_after=None
[2025-11-05T13:34:04.733+0000] {processor.py:183} INFO - Processing /opt/airflow/dags/first_dag.py took 0.708 seconds
[2025-11-05T13:34:35.278+0000] {processor.py:161} INFO - Started process (PID=360) to work on /opt/airflow/dags/first_dag.py
[2025-11-05T13:34:35.281+0000] {processor.py:830} INFO - Processing file /opt/airflow/dags/first_dag.py for tasks to queue
[2025-11-05T13:34:35.287+0000] {logging_mixin.py:188} INFO - [2025-11-05T13:34:35.286+0000] {dagbag.py:538} INFO - Filling up the DagBag from /opt/airflow/dags/first_dag.py
[2025-11-05T13:34:35.329+0000] {processor.py:840} INFO - DAG(s) 'first_dag' retrieved from /opt/airflow/dags/first_dag.py
[2025-11-05T13:34:35.378+0000] {logging_mixin.py:188} INFO - [2025-11-05T13:34:35.377+0000] {dag.py:3036} INFO - Sync 1 DAGs
[2025-11-05T13:34:35.427+0000] {logging_mixin.py:188} INFO - [2025-11-05T13:34:35.427+0000] {dag.py:3823} INFO - Setting next_dagrun for first_dag to None, run_after=None
[2025-11-05T13:34:35.478+0000] {processor.py:183} INFO - Processing /opt/airflow/dags/first_dag.py took 0.210 seconds
[2025-11-05T13:35:05.755+0000] {processor.py:161} INFO - Started process (PID=369) to work on /opt/airflow/dags/first_dag.py
[2025-11-05T13:35:05.769+0000] {processor.py:830} INFO - Processing file /opt/airflow/dags/first_dag.py for tasks to queue
[2025-11-05T13:35:05.785+0000] {logging_mixin.py:188} INFO - [2025-11-05T13:35:05.774+0000] {dagbag.py:538} INFO - Filling up the DagBag from /opt/airflow/dags/first_dag.py
[2025-11-05T13:35:05.884+0000] {processor.py:840} INFO - DAG(s) 'first_dag' retrieved from /opt/airflow/dags/first_dag.py
[2025-11-05T13:35:06.011+0000] {logging_mixin.py:188} INFO - [2025-11-05T13:35:06.010+0000] {dag.py:3036} INFO - Sync 1 DAGs
[2025-11-05T13:35:06.138+0000] {logging_mixin.py:188} INFO - [2025-11-05T13:35:06.138+0000] {dag.py:3823} INFO - Setting next_dagrun for first_dag to None, run_after=None
[2025-11-05T13:35:06.240+0000] {processor.py:183} INFO - Processing /opt/airflow/dags/first_dag.py took 0.519 seconds
[2025-11-05T13:35:36.605+0000] {processor.py:161} INFO - Started process (PID=376) to work on /opt/airflow/dags/first_dag.py
[2025-11-05T13:35:36.608+0000] {processor.py:830} INFO - Processing file /opt/airflow/dags/first_dag.py for tasks to queue
[2025-11-05T13:35:36.614+0000] {logging_mixin.py:188} INFO - [2025-11-05T13:35:36.613+0000] {dagbag.py:538} INFO - Filling up the DagBag from /opt/airflow/dags/first_dag.py
[2025-11-05T13:35:36.660+0000] {processor.py:840} INFO - DAG(s) 'first_dag' retrieved from /opt/airflow/dags/first_dag.py
[2025-11-05T13:35:36.711+0000] {logging_mixin.py:188} INFO - [2025-11-05T13:35:36.710+0000] {dag.py:3036} INFO - Sync 1 DAGs
[2025-11-05T13:35:36.773+0000] {logging_mixin.py:188} INFO - [2025-11-05T13:35:36.772+0000] {dag.py:3823} INFO - Setting next_dagrun for first_dag to None, run_after=None
[2025-11-05T13:35:36.828+0000] {processor.py:183} INFO - Processing /opt/airflow/dags/first_dag.py took 0.232 seconds
[2025-11-05T13:36:07.002+0000] {processor.py:161} INFO - Started process (PID=382) to work on /opt/airflow/dags/first_dag.py
[2025-11-05T13:36:07.005+0000] {processor.py:830} INFO - Processing file /opt/airflow/dags/first_dag.py for tasks to queue
[2025-11-05T13:36:07.011+0000] {logging_mixin.py:188} INFO - [2025-11-05T13:36:07.010+0000] {dagbag.py:538} INFO - Filling up the DagBag from /opt/airflow/dags/first_dag.py
[2025-11-05T13:36:07.063+0000] {processor.py:840} INFO - DAG(s) 'first_dag' retrieved from /opt/airflow/dags/first_dag.py
[2025-11-05T13:36:07.115+0000] {logging_mixin.py:188} INFO - [2025-11-05T13:36:07.114+0000] {dag.py:3036} INFO - Sync 1 DAGs
[2025-11-05T13:36:07.183+0000] {logging_mixin.py:188} INFO - [2025-11-05T13:36:07.183+0000] {dag.py:3823} INFO - Setting next_dagrun for first_dag to None, run_after=None
[2025-11-05T13:36:07.241+0000] {processor.py:183} INFO - Processing /opt/airflow/dags/first_dag.py took 0.252 seconds
[2025-11-05T13:36:37.713+0000] {processor.py:161} INFO - Started process (PID=389) to work on /opt/airflow/dags/first_dag.py
[2025-11-05T13:36:37.716+0000] {processor.py:830} INFO - Processing file /opt/airflow/dags/first_dag.py for tasks to queue
[2025-11-05T13:36:37.720+0000] {logging_mixin.py:188} INFO - [2025-11-05T13:36:37.719+0000] {dagbag.py:538} INFO - Filling up the DagBag from /opt/airflow/dags/first_dag.py
[2025-11-05T13:36:37.779+0000] {processor.py:840} INFO - DAG(s) 'first_dag' retrieved from /opt/airflow/dags/first_dag.py
[2025-11-05T13:36:37.853+0000] {logging_mixin.py:188} INFO - [2025-11-05T13:36:37.853+0000] {dag.py:3036} INFO - Sync 1 DAGs
[2025-11-05T13:36:37.929+0000] {logging_mixin.py:188} INFO - [2025-11-05T13:36:37.928+0000] {dag.py:3823} INFO - Setting next_dagrun for first_dag to None, run_after=None
[2025-11-05T13:36:37.985+0000] {processor.py:183} INFO - Processing /opt/airflow/dags/first_dag.py took 0.280 seconds
[2025-11-05T13:37:08.207+0000] {processor.py:161} INFO - Started process (PID=396) to work on /opt/airflow/dags/first_dag.py
[2025-11-05T13:37:08.209+0000] {processor.py:830} INFO - Processing file /opt/airflow/dags/first_dag.py for tasks to queue
[2025-11-05T13:37:08.215+0000] {logging_mixin.py:188} INFO - [2025-11-05T13:37:08.215+0000] {dagbag.py:538} INFO - Filling up the DagBag from /opt/airflow/dags/first_dag.py
[2025-11-05T13:37:08.265+0000] {processor.py:840} INFO - DAG(s) 'first_dag' retrieved from /opt/airflow/dags/first_dag.py
[2025-11-05T13:37:08.313+0000] {logging_mixin.py:188} INFO - [2025-11-05T13:37:08.313+0000] {dag.py:3036} INFO - Sync 1 DAGs
[2025-11-05T13:37:08.374+0000] {logging_mixin.py:188} INFO - [2025-11-05T13:37:08.374+0000] {dag.py:3823} INFO - Setting next_dagrun for first_dag to None, run_after=None
[2025-11-05T13:37:08.425+0000] {processor.py:183} INFO - Processing /opt/airflow/dags/first_dag.py took 0.228 seconds
[2025-11-05T13:37:39.157+0000] {processor.py:161} INFO - Started process (PID=403) to work on /opt/airflow/dags/first_dag.py
[2025-11-05T13:37:39.160+0000] {processor.py:830} INFO - Processing file /opt/airflow/dags/first_dag.py for tasks to queue
[2025-11-05T13:37:39.165+0000] {logging_mixin.py:188} INFO - [2025-11-05T13:37:39.164+0000] {dagbag.py:538} INFO - Filling up the DagBag from /opt/airflow/dags/first_dag.py
[2025-11-05T13:37:39.233+0000] {processor.py:840} INFO - DAG(s) 'first_dag' retrieved from /opt/airflow/dags/first_dag.py
[2025-11-05T13:37:39.282+0000] {logging_mixin.py:188} INFO - [2025-11-05T13:37:39.281+0000] {dag.py:3036} INFO - Sync 1 DAGs
[2025-11-05T13:37:39.343+0000] {logging_mixin.py:188} INFO - [2025-11-05T13:37:39.342+0000] {dag.py:3823} INFO - Setting next_dagrun for first_dag to None, run_after=None
[2025-11-05T13:37:39.407+0000] {processor.py:183} INFO - Processing /opt/airflow/dags/first_dag.py took 0.261 seconds
[2025-11-05T13:38:09.637+0000] {processor.py:161} INFO - Started process (PID=410) to work on /opt/airflow/dags/first_dag.py
[2025-11-05T13:38:09.641+0000] {processor.py:830} INFO - Processing file /opt/airflow/dags/first_dag.py for tasks to queue
[2025-11-05T13:38:09.651+0000] {logging_mixin.py:188} INFO - [2025-11-05T13:38:09.649+0000] {dagbag.py:538} INFO - Filling up the DagBag from /opt/airflow/dags/first_dag.py
[2025-11-05T13:38:09.702+0000] {processor.py:840} INFO - DAG(s) 'first_dag' retrieved from /opt/airflow/dags/first_dag.py
[2025-11-05T13:38:09.763+0000] {logging_mixin.py:188} INFO - [2025-11-05T13:38:09.762+0000] {dag.py:3036} INFO - Sync 1 DAGs
[2025-11-05T13:38:09.832+0000] {logging_mixin.py:188} INFO - [2025-11-05T13:38:09.832+0000] {dag.py:3823} INFO - Setting next_dagrun for first_dag to None, run_after=None
[2025-11-05T13:38:09.990+0000] {processor.py:183} INFO - Processing /opt/airflow/dags/first_dag.py took 0.368 seconds
[2025-11-05T13:38:40.301+0000] {processor.py:161} INFO - Started process (PID=417) to work on /opt/airflow/dags/first_dag.py
[2025-11-05T13:38:40.304+0000] {processor.py:830} INFO - Processing file /opt/airflow/dags/first_dag.py for tasks to queue
[2025-11-05T13:38:40.310+0000] {logging_mixin.py:188} INFO - [2025-11-05T13:38:40.309+0000] {dagbag.py:538} INFO - Filling up the DagBag from /opt/airflow/dags/first_dag.py
[2025-11-05T13:38:40.359+0000] {processor.py:840} INFO - DAG(s) 'first_dag' retrieved from /opt/airflow/dags/first_dag.py
[2025-11-05T13:38:40.418+0000] {logging_mixin.py:188} INFO - [2025-11-05T13:38:40.417+0000] {dag.py:3036} INFO - Sync 1 DAGs
[2025-11-05T13:38:40.477+0000] {logging_mixin.py:188} INFO - [2025-11-05T13:38:40.477+0000] {dag.py:3823} INFO - Setting next_dagrun for first_dag to None, run_after=None
[2025-11-05T13:38:40.537+0000] {processor.py:183} INFO - Processing /opt/airflow/dags/first_dag.py took 0.249 seconds
[2025-11-05T13:39:10.822+0000] {processor.py:161} INFO - Started process (PID=424) to work on /opt/airflow/dags/first_dag.py
[2025-11-05T13:39:10.824+0000] {processor.py:830} INFO - Processing file /opt/airflow/dags/first_dag.py for tasks to queue
[2025-11-05T13:39:10.831+0000] {logging_mixin.py:188} INFO - [2025-11-05T13:39:10.830+0000] {dagbag.py:538} INFO - Filling up the DagBag from /opt/airflow/dags/first_dag.py
[2025-11-05T13:39:10.878+0000] {processor.py:840} INFO - DAG(s) 'first_dag' retrieved from /opt/airflow/dags/first_dag.py
[2025-11-05T13:39:10.929+0000] {logging_mixin.py:188} INFO - [2025-11-05T13:39:10.928+0000] {dag.py:3036} INFO - Sync 1 DAGs
[2025-11-05T13:39:10.980+0000] {logging_mixin.py:188} INFO - [2025-11-05T13:39:10.979+0000] {dag.py:3823} INFO - Setting next_dagrun for first_dag to None, run_after=None
[2025-11-05T13:39:11.027+0000] {processor.py:183} INFO - Processing /opt/airflow/dags/first_dag.py took 0.215 seconds
[2025-11-05T13:39:41.364+0000] {processor.py:161} INFO - Started process (PID=430) to work on /opt/airflow/dags/first_dag.py
[2025-11-05T13:39:41.367+0000] {processor.py:830} INFO - Processing file /opt/airflow/dags/first_dag.py for tasks to queue
[2025-11-05T13:39:41.374+0000] {logging_mixin.py:188} INFO - [2025-11-05T13:39:41.373+0000] {dagbag.py:538} INFO - Filling up the DagBag from /opt/airflow/dags/first_dag.py
[2025-11-05T13:39:41.419+0000] {processor.py:840} INFO - DAG(s) 'first_dag' retrieved from /opt/airflow/dags/first_dag.py
[2025-11-05T13:39:41.468+0000] {logging_mixin.py:188} INFO - [2025-11-05T13:39:41.468+0000] {dag.py:3036} INFO - Sync 1 DAGs
[2025-11-05T13:39:41.528+0000] {logging_mixin.py:188} INFO - [2025-11-05T13:39:41.527+0000] {dag.py:3823} INFO - Setting next_dagrun for first_dag to None, run_after=None
[2025-11-05T13:39:41.622+0000] {processor.py:183} INFO - Processing /opt/airflow/dags/first_dag.py took 0.266 seconds
[2025-11-05T13:40:12.491+0000] {processor.py:161} INFO - Started process (PID=436) to work on /opt/airflow/dags/first_dag.py
[2025-11-05T13:40:12.494+0000] {processor.py:830} INFO - Processing file /opt/airflow/dags/first_dag.py for tasks to queue
[2025-11-05T13:40:12.512+0000] {logging_mixin.py:188} INFO - [2025-11-05T13:40:12.511+0000] {dagbag.py:538} INFO - Filling up the DagBag from /opt/airflow/dags/first_dag.py
[2025-11-05T13:40:12.655+0000] {processor.py:840} INFO - DAG(s) 'first_dag' retrieved from /opt/airflow/dags/first_dag.py
[2025-11-05T13:40:12.783+0000] {logging_mixin.py:188} INFO - [2025-11-05T13:40:12.782+0000] {dag.py:3036} INFO - Sync 1 DAGs
[2025-11-05T13:40:12.945+0000] {logging_mixin.py:188} INFO - [2025-11-05T13:40:12.934+0000] {dag.py:3823} INFO - Setting next_dagrun for first_dag to None, run_after=None
[2025-11-05T13:40:13.277+0000] {processor.py:183} INFO - Processing /opt/airflow/dags/first_dag.py took 0.821 seconds
[2025-11-05T13:40:43.688+0000] {processor.py:161} INFO - Started process (PID=443) to work on /opt/airflow/dags/first_dag.py
[2025-11-05T13:40:43.692+0000] {processor.py:830} INFO - Processing file /opt/airflow/dags/first_dag.py for tasks to queue
[2025-11-05T13:40:43.697+0000] {logging_mixin.py:188} INFO - [2025-11-05T13:40:43.696+0000] {dagbag.py:538} INFO - Filling up the DagBag from /opt/airflow/dags/first_dag.py
[2025-11-05T13:40:43.769+0000] {processor.py:840} INFO - DAG(s) 'first_dag' retrieved from /opt/airflow/dags/first_dag.py
[2025-11-05T13:40:43.874+0000] {logging_mixin.py:188} INFO - [2025-11-05T13:40:43.873+0000] {dag.py:3036} INFO - Sync 1 DAGs
[2025-11-05T13:40:43.972+0000] {logging_mixin.py:188} INFO - [2025-11-05T13:40:43.971+0000] {dag.py:3823} INFO - Setting next_dagrun for first_dag to None, run_after=None
[2025-11-05T13:40:44.025+0000] {processor.py:183} INFO - Processing /opt/airflow/dags/first_dag.py took 0.347 seconds
[2025-11-05T13:41:14.203+0000] {processor.py:161} INFO - Started process (PID=450) to work on /opt/airflow/dags/first_dag.py
[2025-11-05T13:41:14.206+0000] {processor.py:830} INFO - Processing file /opt/airflow/dags/first_dag.py for tasks to queue
[2025-11-05T13:41:14.212+0000] {logging_mixin.py:188} INFO - [2025-11-05T13:41:14.212+0000] {dagbag.py:538} INFO - Filling up the DagBag from /opt/airflow/dags/first_dag.py
[2025-11-05T13:41:14.260+0000] {processor.py:840} INFO - DAG(s) 'first_dag' retrieved from /opt/airflow/dags/first_dag.py
[2025-11-05T13:41:14.315+0000] {logging_mixin.py:188} INFO - [2025-11-05T13:41:14.314+0000] {dag.py:3036} INFO - Sync 1 DAGs
[2025-11-05T13:41:14.391+0000] {logging_mixin.py:188} INFO - [2025-11-05T13:41:14.391+0000] {dag.py:3823} INFO - Setting next_dagrun for first_dag to None, run_after=None
[2025-11-05T13:41:14.501+0000] {processor.py:183} INFO - Processing /opt/airflow/dags/first_dag.py took 0.312 seconds
[2025-11-05T13:41:44.943+0000] {processor.py:161} INFO - Started process (PID=457) to work on /opt/airflow/dags/first_dag.py
[2025-11-05T13:41:44.946+0000] {processor.py:830} INFO - Processing file /opt/airflow/dags/first_dag.py for tasks to queue
[2025-11-05T13:41:44.951+0000] {logging_mixin.py:188} INFO - [2025-11-05T13:41:44.950+0000] {dagbag.py:538} INFO - Filling up the DagBag from /opt/airflow/dags/first_dag.py
[2025-11-05T13:41:44.994+0000] {processor.py:840} INFO - DAG(s) 'first_dag' retrieved from /opt/airflow/dags/first_dag.py
[2025-11-05T13:41:45.063+0000] {logging_mixin.py:188} INFO - [2025-11-05T13:41:45.063+0000] {dag.py:3036} INFO - Sync 1 DAGs
[2025-11-05T13:41:45.191+0000] {logging_mixin.py:188} INFO - [2025-11-05T13:41:45.191+0000] {dag.py:3823} INFO - Setting next_dagrun for first_dag to None, run_after=None
[2025-11-05T13:41:45.300+0000] {processor.py:183} INFO - Processing /opt/airflow/dags/first_dag.py took 0.369 seconds
[2025-11-05T13:42:15.453+0000] {processor.py:161} INFO - Started process (PID=464) to work on /opt/airflow/dags/first_dag.py
[2025-11-05T13:42:15.464+0000] {processor.py:830} INFO - Processing file /opt/airflow/dags/first_dag.py for tasks to queue
[2025-11-05T13:42:15.470+0000] {logging_mixin.py:188} INFO - [2025-11-05T13:42:15.469+0000] {dagbag.py:538} INFO - Filling up the DagBag from /opt/airflow/dags/first_dag.py
[2025-11-05T13:42:15.527+0000] {processor.py:840} INFO - DAG(s) 'first_dag' retrieved from /opt/airflow/dags/first_dag.py
[2025-11-05T13:42:15.612+0000] {logging_mixin.py:188} INFO - [2025-11-05T13:42:15.611+0000] {dag.py:3036} INFO - Sync 1 DAGs
[2025-11-05T13:42:15.659+0000] {logging_mixin.py:188} INFO - [2025-11-05T13:42:15.659+0000] {dag.py:3823} INFO - Setting next_dagrun for first_dag to None, run_after=None
[2025-11-05T13:42:15.720+0000] {processor.py:183} INFO - Processing /opt/airflow/dags/first_dag.py took 0.283 seconds
[2025-11-05T13:42:45.948+0000] {processor.py:161} INFO - Started process (PID=472) to work on /opt/airflow/dags/first_dag.py
[2025-11-05T13:42:45.952+0000] {processor.py:830} INFO - Processing file /opt/airflow/dags/first_dag.py for tasks to queue
[2025-11-05T13:42:45.959+0000] {logging_mixin.py:188} INFO - [2025-11-05T13:42:45.958+0000] {dagbag.py:538} INFO - Filling up the DagBag from /opt/airflow/dags/first_dag.py
[2025-11-05T13:42:46.014+0000] {processor.py:840} INFO - DAG(s) 'first_dag' retrieved from /opt/airflow/dags/first_dag.py
[2025-11-05T13:42:46.067+0000] {logging_mixin.py:188} INFO - [2025-11-05T13:42:46.066+0000] {dag.py:3036} INFO - Sync 1 DAGs
[2025-11-05T13:42:46.124+0000] {logging_mixin.py:188} INFO - [2025-11-05T13:42:46.124+0000] {dag.py:3823} INFO - Setting next_dagrun for first_dag to None, run_after=None
[2025-11-05T13:42:46.185+0000] {processor.py:183} INFO - Processing /opt/airflow/dags/first_dag.py took 0.249 seconds
[2025-11-05T13:43:16.460+0000] {processor.py:161} INFO - Started process (PID=479) to work on /opt/airflow/dags/first_dag.py
[2025-11-05T13:43:16.464+0000] {processor.py:830} INFO - Processing file /opt/airflow/dags/first_dag.py for tasks to queue
[2025-11-05T13:43:16.470+0000] {logging_mixin.py:188} INFO - [2025-11-05T13:43:16.470+0000] {dagbag.py:538} INFO - Filling up the DagBag from /opt/airflow/dags/first_dag.py
[2025-11-05T13:43:16.535+0000] {processor.py:840} INFO - DAG(s) 'first_dag' retrieved from /opt/airflow/dags/first_dag.py
[2025-11-05T13:43:16.689+0000] {logging_mixin.py:188} INFO - [2025-11-05T13:43:16.689+0000] {dag.py:3036} INFO - Sync 1 DAGs
[2025-11-05T13:43:16.800+0000] {logging_mixin.py:188} INFO - [2025-11-05T13:43:16.799+0000] {dag.py:3823} INFO - Setting next_dagrun for first_dag to None, run_after=None
[2025-11-05T13:43:16.924+0000] {processor.py:183} INFO - Processing /opt/airflow/dags/first_dag.py took 0.475 seconds
[2025-11-05T13:43:47.502+0000] {processor.py:161} INFO - Started process (PID=486) to work on /opt/airflow/dags/first_dag.py
[2025-11-05T13:43:47.506+0000] {processor.py:830} INFO - Processing file /opt/airflow/dags/first_dag.py for tasks to queue
[2025-11-05T13:43:47.512+0000] {logging_mixin.py:188} INFO - [2025-11-05T13:43:47.511+0000] {dagbag.py:538} INFO - Filling up the DagBag from /opt/airflow/dags/first_dag.py
[2025-11-05T13:43:47.565+0000] {processor.py:840} INFO - DAG(s) 'first_dag' retrieved from /opt/airflow/dags/first_dag.py
[2025-11-05T13:43:47.651+0000] {logging_mixin.py:188} INFO - [2025-11-05T13:43:47.650+0000] {dag.py:3036} INFO - Sync 1 DAGs
[2025-11-05T13:43:47.773+0000] {logging_mixin.py:188} INFO - [2025-11-05T13:43:47.772+0000] {dag.py:3823} INFO - Setting next_dagrun for first_dag to None, run_after=None
[2025-11-05T13:43:47.939+0000] {processor.py:183} INFO - Processing /opt/airflow/dags/first_dag.py took 0.448 seconds
[2025-11-05T13:44:18.144+0000] {processor.py:161} INFO - Started process (PID=492) to work on /opt/airflow/dags/first_dag.py
[2025-11-05T13:44:18.148+0000] {processor.py:830} INFO - Processing file /opt/airflow/dags/first_dag.py for tasks to queue
[2025-11-05T13:44:18.153+0000] {logging_mixin.py:188} INFO - [2025-11-05T13:44:18.152+0000] {dagbag.py:538} INFO - Filling up the DagBag from /opt/airflow/dags/first_dag.py
[2025-11-05T13:44:18.206+0000] {processor.py:840} INFO - DAG(s) 'first_dag' retrieved from /opt/airflow/dags/first_dag.py
[2025-11-05T13:44:18.258+0000] {logging_mixin.py:188} INFO - [2025-11-05T13:44:18.257+0000] {dag.py:3036} INFO - Sync 1 DAGs
[2025-11-05T13:44:18.306+0000] {logging_mixin.py:188} INFO - [2025-11-05T13:44:18.306+0000] {dag.py:3823} INFO - Setting next_dagrun for first_dag to None, run_after=None
[2025-11-05T13:44:18.359+0000] {processor.py:183} INFO - Processing /opt/airflow/dags/first_dag.py took 0.224 seconds
[2025-11-05T13:44:48.618+0000] {processor.py:161} INFO - Started process (PID=499) to work on /opt/airflow/dags/first_dag.py
[2025-11-05T13:44:48.621+0000] {processor.py:830} INFO - Processing file /opt/airflow/dags/first_dag.py for tasks to queue
[2025-11-05T13:44:48.626+0000] {logging_mixin.py:188} INFO - [2025-11-05T13:44:48.625+0000] {dagbag.py:538} INFO - Filling up the DagBag from /opt/airflow/dags/first_dag.py
[2025-11-05T13:44:48.668+0000] {processor.py:840} INFO - DAG(s) 'first_dag' retrieved from /opt/airflow/dags/first_dag.py
[2025-11-05T13:44:48.715+0000] {logging_mixin.py:188} INFO - [2025-11-05T13:44:48.715+0000] {dag.py:3036} INFO - Sync 1 DAGs
[2025-11-05T13:44:48.771+0000] {logging_mixin.py:188} INFO - [2025-11-05T13:44:48.771+0000] {dag.py:3823} INFO - Setting next_dagrun for first_dag to None, run_after=None
[2025-11-05T13:44:48.818+0000] {processor.py:183} INFO - Processing /opt/airflow/dags/first_dag.py took 0.210 seconds
[2025-11-05T13:45:19.265+0000] {processor.py:161} INFO - Started process (PID=506) to work on /opt/airflow/dags/first_dag.py
[2025-11-05T13:45:19.268+0000] {processor.py:830} INFO - Processing file /opt/airflow/dags/first_dag.py for tasks to queue
[2025-11-05T13:45:19.275+0000] {logging_mixin.py:188} INFO - [2025-11-05T13:45:19.274+0000] {dagbag.py:538} INFO - Filling up the DagBag from /opt/airflow/dags/first_dag.py
[2025-11-05T13:45:19.322+0000] {processor.py:840} INFO - DAG(s) 'first_dag' retrieved from /opt/airflow/dags/first_dag.py
[2025-11-05T13:45:19.391+0000] {logging_mixin.py:188} INFO - [2025-11-05T13:45:19.390+0000] {dag.py:3036} INFO - Sync 1 DAGs
[2025-11-05T13:45:19.458+0000] {logging_mixin.py:188} INFO - [2025-11-05T13:45:19.458+0000] {dag.py:3823} INFO - Setting next_dagrun for first_dag to None, run_after=None
[2025-11-05T13:45:19.507+0000] {processor.py:183} INFO - Processing /opt/airflow/dags/first_dag.py took 0.253 seconds
[2025-11-05T13:45:50.126+0000] {processor.py:161} INFO - Started process (PID=513) to work on /opt/airflow/dags/first_dag.py
[2025-11-05T13:45:50.129+0000] {processor.py:830} INFO - Processing file /opt/airflow/dags/first_dag.py for tasks to queue
[2025-11-05T13:45:50.135+0000] {logging_mixin.py:188} INFO - [2025-11-05T13:45:50.134+0000] {dagbag.py:538} INFO - Filling up the DagBag from /opt/airflow/dags/first_dag.py
[2025-11-05T13:45:50.233+0000] {processor.py:840} INFO - DAG(s) 'first_dag' retrieved from /opt/airflow/dags/first_dag.py
[2025-11-05T13:45:50.295+0000] {logging_mixin.py:188} INFO - [2025-11-05T13:45:50.294+0000] {dag.py:3036} INFO - Sync 1 DAGs
[2025-11-05T13:45:50.377+0000] {logging_mixin.py:188} INFO - [2025-11-05T13:45:50.376+0000] {dag.py:3823} INFO - Setting next_dagrun for first_dag to None, run_after=None
[2025-11-05T13:45:50.436+0000] {processor.py:183} INFO - Processing /opt/airflow/dags/first_dag.py took 0.320 seconds
[2025-11-05T13:46:20.829+0000] {processor.py:161} INFO - Started process (PID=520) to work on /opt/airflow/dags/first_dag.py
[2025-11-05T13:46:20.834+0000] {processor.py:830} INFO - Processing file /opt/airflow/dags/first_dag.py for tasks to queue
[2025-11-05T13:46:20.843+0000] {logging_mixin.py:188} INFO - [2025-11-05T13:46:20.842+0000] {dagbag.py:538} INFO - Filling up the DagBag from /opt/airflow/dags/first_dag.py
[2025-11-05T13:46:20.904+0000] {processor.py:840} INFO - DAG(s) 'first_dag' retrieved from /opt/airflow/dags/first_dag.py
[2025-11-05T13:46:20.961+0000] {logging_mixin.py:188} INFO - [2025-11-05T13:46:20.960+0000] {dag.py:3036} INFO - Sync 1 DAGs
[2025-11-05T13:46:21.046+0000] {logging_mixin.py:188} INFO - [2025-11-05T13:46:21.045+0000] {dag.py:3823} INFO - Setting next_dagrun for first_dag to None, run_after=None
[2025-11-05T13:46:21.102+0000] {processor.py:183} INFO - Processing /opt/airflow/dags/first_dag.py took 0.296 seconds
[2025-11-05T13:46:51.208+0000] {processor.py:161} INFO - Started process (PID=527) to work on /opt/airflow/dags/first_dag.py
[2025-11-05T13:46:51.212+0000] {processor.py:830} INFO - Processing file /opt/airflow/dags/first_dag.py for tasks to queue
[2025-11-05T13:46:51.218+0000] {logging_mixin.py:188} INFO - [2025-11-05T13:46:51.217+0000] {dagbag.py:538} INFO - Filling up the DagBag from /opt/airflow/dags/first_dag.py
[2025-11-05T13:46:51.303+0000] {processor.py:840} INFO - DAG(s) 'first_dag' retrieved from /opt/airflow/dags/first_dag.py
[2025-11-05T13:46:51.353+0000] {logging_mixin.py:188} INFO - [2025-11-05T13:46:51.353+0000] {dag.py:3036} INFO - Sync 1 DAGs
[2025-11-05T13:46:51.452+0000] {logging_mixin.py:188} INFO - [2025-11-05T13:46:51.452+0000] {dag.py:3823} INFO - Setting next_dagrun for first_dag to None, run_after=None
[2025-11-05T13:46:51.552+0000] {processor.py:183} INFO - Processing /opt/airflow/dags/first_dag.py took 0.358 seconds
[2025-11-05T13:47:22.054+0000] {processor.py:161} INFO - Started process (PID=533) to work on /opt/airflow/dags/first_dag.py
[2025-11-05T13:47:22.057+0000] {processor.py:830} INFO - Processing file /opt/airflow/dags/first_dag.py for tasks to queue
[2025-11-05T13:47:22.064+0000] {logging_mixin.py:188} INFO - [2025-11-05T13:47:22.063+0000] {dagbag.py:538} INFO - Filling up the DagBag from /opt/airflow/dags/first_dag.py
[2025-11-05T13:47:22.128+0000] {processor.py:840} INFO - DAG(s) 'first_dag' retrieved from /opt/airflow/dags/first_dag.py
[2025-11-05T13:47:22.187+0000] {logging_mixin.py:188} INFO - [2025-11-05T13:47:22.186+0000] {dag.py:3036} INFO - Sync 1 DAGs
[2025-11-05T13:47:22.283+0000] {logging_mixin.py:188} INFO - [2025-11-05T13:47:22.282+0000] {dag.py:3823} INFO - Setting next_dagrun for first_dag to None, run_after=None
[2025-11-05T13:47:22.359+0000] {processor.py:183} INFO - Processing /opt/airflow/dags/first_dag.py took 0.317 seconds
[2025-11-05T13:47:52.865+0000] {processor.py:161} INFO - Started process (PID=540) to work on /opt/airflow/dags/first_dag.py
[2025-11-05T13:47:52.879+0000] {processor.py:830} INFO - Processing file /opt/airflow/dags/first_dag.py for tasks to queue
[2025-11-05T13:47:52.887+0000] {logging_mixin.py:188} INFO - [2025-11-05T13:47:52.886+0000] {dagbag.py:538} INFO - Filling up the DagBag from /opt/airflow/dags/first_dag.py
[2025-11-05T13:47:53.081+0000] {processor.py:840} INFO - DAG(s) 'first_dag' retrieved from /opt/airflow/dags/first_dag.py
[2025-11-05T13:47:53.166+0000] {logging_mixin.py:188} INFO - [2025-11-05T13:47:53.165+0000] {dag.py:3036} INFO - Sync 1 DAGs
[2025-11-05T13:47:53.277+0000] {logging_mixin.py:188} INFO - [2025-11-05T13:47:53.276+0000] {dag.py:3823} INFO - Setting next_dagrun for first_dag to None, run_after=None
[2025-11-05T13:47:53.414+0000] {processor.py:183} INFO - Processing /opt/airflow/dags/first_dag.py took 0.568 seconds
[2025-11-05T13:48:23.556+0000] {processor.py:161} INFO - Started process (PID=547) to work on /opt/airflow/dags/first_dag.py
[2025-11-05T13:48:23.562+0000] {processor.py:830} INFO - Processing file /opt/airflow/dags/first_dag.py for tasks to queue
[2025-11-05T13:48:23.571+0000] {logging_mixin.py:188} INFO - [2025-11-05T13:48:23.570+0000] {dagbag.py:538} INFO - Filling up the DagBag from /opt/airflow/dags/first_dag.py
[2025-11-05T13:48:23.744+0000] {processor.py:840} INFO - DAG(s) 'first_dag' retrieved from /opt/airflow/dags/first_dag.py
[2025-11-05T13:48:23.820+0000] {logging_mixin.py:188} INFO - [2025-11-05T13:48:23.819+0000] {dag.py:3036} INFO - Sync 1 DAGs
[2025-11-05T13:48:23.888+0000] {logging_mixin.py:188} INFO - [2025-11-05T13:48:23.888+0000] {dag.py:3823} INFO - Setting next_dagrun for first_dag to None, run_after=None
[2025-11-05T13:48:23.950+0000] {processor.py:183} INFO - Processing /opt/airflow/dags/first_dag.py took 0.408 seconds
[2025-11-05T13:48:54.190+0000] {processor.py:161} INFO - Started process (PID=554) to work on /opt/airflow/dags/first_dag.py
[2025-11-05T13:48:54.193+0000] {processor.py:830} INFO - Processing file /opt/airflow/dags/first_dag.py for tasks to queue
[2025-11-05T13:48:54.199+0000] {logging_mixin.py:188} INFO - [2025-11-05T13:48:54.198+0000] {dagbag.py:538} INFO - Filling up the DagBag from /opt/airflow/dags/first_dag.py
[2025-11-05T13:48:54.285+0000] {processor.py:840} INFO - DAG(s) 'first_dag' retrieved from /opt/airflow/dags/first_dag.py
[2025-11-05T13:48:54.365+0000] {logging_mixin.py:188} INFO - [2025-11-05T13:48:54.364+0000] {dag.py:3036} INFO - Sync 1 DAGs
[2025-11-05T13:48:54.449+0000] {logging_mixin.py:188} INFO - [2025-11-05T13:48:54.448+0000] {dag.py:3823} INFO - Setting next_dagrun for first_dag to None, run_after=None
[2025-11-05T13:48:54.540+0000] {processor.py:183} INFO - Processing /opt/airflow/dags/first_dag.py took 0.363 seconds
[2025-11-05T13:49:24.840+0000] {processor.py:161} INFO - Started process (PID=561) to work on /opt/airflow/dags/first_dag.py
[2025-11-05T13:49:24.844+0000] {processor.py:830} INFO - Processing file /opt/airflow/dags/first_dag.py for tasks to queue
[2025-11-05T13:49:24.849+0000] {logging_mixin.py:188} INFO - [2025-11-05T13:49:24.848+0000] {dagbag.py:538} INFO - Filling up the DagBag from /opt/airflow/dags/first_dag.py
[2025-11-05T13:49:24.897+0000] {processor.py:840} INFO - DAG(s) 'first_dag' retrieved from /opt/airflow/dags/first_dag.py
[2025-11-05T13:49:24.948+0000] {logging_mixin.py:188} INFO - [2025-11-05T13:49:24.948+0000] {dag.py:3036} INFO - Sync 1 DAGs
[2025-11-05T13:49:25.001+0000] {logging_mixin.py:188} INFO - [2025-11-05T13:49:25.001+0000] {dag.py:3823} INFO - Setting next_dagrun for first_dag to None, run_after=None
[2025-11-05T13:49:25.052+0000] {processor.py:183} INFO - Processing /opt/airflow/dags/first_dag.py took 0.220 seconds
[2025-11-05T13:49:57.057+0000] {processor.py:161} INFO - Started process (PID=568) to work on /opt/airflow/dags/first_dag.py
[2025-11-05T13:49:57.091+0000] {processor.py:830} INFO - Processing file /opt/airflow/dags/first_dag.py for tasks to queue
[2025-11-05T13:49:57.134+0000] {logging_mixin.py:188} INFO - [2025-11-05T13:49:57.133+0000] {dagbag.py:538} INFO - Filling up the DagBag from /opt/airflow/dags/first_dag.py
[2025-11-05T13:49:58.115+0000] {processor.py:840} INFO - DAG(s) 'first_dag' retrieved from /opt/airflow/dags/first_dag.py
[2025-11-05T13:49:58.214+0000] {logging_mixin.py:188} INFO - [2025-11-05T13:49:58.213+0000] {dag.py:3036} INFO - Sync 1 DAGs
[2025-11-05T13:49:58.409+0000] {logging_mixin.py:188} INFO - [2025-11-05T13:49:58.397+0000] {dag.py:3823} INFO - Setting next_dagrun for first_dag to None, run_after=None
[2025-11-05T13:49:58.800+0000] {processor.py:183} INFO - Processing /opt/airflow/dags/first_dag.py took 1.763 seconds
[2025-11-05T13:50:29.477+0000] {processor.py:161} INFO - Started process (PID=575) to work on /opt/airflow/dags/first_dag.py
[2025-11-05T13:50:29.482+0000] {processor.py:830} INFO - Processing file /opt/airflow/dags/first_dag.py for tasks to queue
[2025-11-05T13:50:29.488+0000] {logging_mixin.py:188} INFO - [2025-11-05T13:50:29.487+0000] {dagbag.py:538} INFO - Filling up the DagBag from /opt/airflow/dags/first_dag.py
[2025-11-05T13:50:29.531+0000] {processor.py:840} INFO - DAG(s) 'first_dag' retrieved from /opt/airflow/dags/first_dag.py
[2025-11-05T13:50:29.580+0000] {logging_mixin.py:188} INFO - [2025-11-05T13:50:29.579+0000] {dag.py:3036} INFO - Sync 1 DAGs
[2025-11-05T13:50:29.635+0000] {logging_mixin.py:188} INFO - [2025-11-05T13:50:29.634+0000] {dag.py:3823} INFO - Setting next_dagrun for first_dag to None, run_after=None
[2025-11-05T13:50:29.680+0000] {processor.py:183} INFO - Processing /opt/airflow/dags/first_dag.py took 0.213 seconds
[2025-11-05T13:51:00.060+0000] {processor.py:161} INFO - Started process (PID=583) to work on /opt/airflow/dags/first_dag.py
[2025-11-05T13:51:00.063+0000] {processor.py:830} INFO - Processing file /opt/airflow/dags/first_dag.py for tasks to queue
[2025-11-05T13:51:00.070+0000] {logging_mixin.py:188} INFO - [2025-11-05T13:51:00.068+0000] {dagbag.py:538} INFO - Filling up the DagBag from /opt/airflow/dags/first_dag.py
[2025-11-05T13:51:00.115+0000] {processor.py:840} INFO - DAG(s) 'first_dag' retrieved from /opt/airflow/dags/first_dag.py
[2025-11-05T13:51:00.161+0000] {logging_mixin.py:188} INFO - [2025-11-05T13:51:00.160+0000] {dag.py:3036} INFO - Sync 1 DAGs
[2025-11-05T13:51:00.216+0000] {logging_mixin.py:188} INFO - [2025-11-05T13:51:00.216+0000] {dag.py:3823} INFO - Setting next_dagrun for first_dag to None, run_after=None
[2025-11-05T13:51:00.262+0000] {processor.py:183} INFO - Processing /opt/airflow/dags/first_dag.py took 0.211 seconds
[2025-11-05T13:51:30.755+0000] {processor.py:161} INFO - Started process (PID=590) to work on /opt/airflow/dags/first_dag.py
[2025-11-05T13:51:30.760+0000] {processor.py:830} INFO - Processing file /opt/airflow/dags/first_dag.py for tasks to queue
[2025-11-05T13:51:30.773+0000] {logging_mixin.py:188} INFO - [2025-11-05T13:51:30.772+0000] {dagbag.py:538} INFO - Filling up the DagBag from /opt/airflow/dags/first_dag.py
[2025-11-05T13:51:30.834+0000] {processor.py:840} INFO - DAG(s) 'first_dag' retrieved from /opt/airflow/dags/first_dag.py
[2025-11-05T13:51:30.899+0000] {logging_mixin.py:188} INFO - [2025-11-05T13:51:30.898+0000] {dag.py:3036} INFO - Sync 1 DAGs
[2025-11-05T13:51:30.974+0000] {logging_mixin.py:188} INFO - [2025-11-05T13:51:30.974+0000] {dag.py:3823} INFO - Setting next_dagrun for first_dag to None, run_after=None
[2025-11-05T13:51:31.131+0000] {processor.py:183} INFO - Processing /opt/airflow/dags/first_dag.py took 0.403 seconds
[2025-11-05T13:52:01.730+0000] {processor.py:161} INFO - Started process (PID=596) to work on /opt/airflow/dags/first_dag.py
[2025-11-05T13:52:01.733+0000] {processor.py:830} INFO - Processing file /opt/airflow/dags/first_dag.py for tasks to queue
[2025-11-05T13:52:01.739+0000] {logging_mixin.py:188} INFO - [2025-11-05T13:52:01.738+0000] {dagbag.py:538} INFO - Filling up the DagBag from /opt/airflow/dags/first_dag.py
[2025-11-05T13:52:01.786+0000] {processor.py:840} INFO - DAG(s) 'first_dag' retrieved from /opt/airflow/dags/first_dag.py
[2025-11-05T13:52:01.864+0000] {logging_mixin.py:188} INFO - [2025-11-05T13:52:01.863+0000] {dag.py:3036} INFO - Sync 1 DAGs
[2025-11-05T13:52:01.935+0000] {logging_mixin.py:188} INFO - [2025-11-05T13:52:01.935+0000] {dag.py:3823} INFO - Setting next_dagrun for first_dag to None, run_after=None
[2025-11-05T13:52:02.010+0000] {processor.py:183} INFO - Processing /opt/airflow/dags/first_dag.py took 0.289 seconds
[2025-11-05T13:52:32.118+0000] {processor.py:161} INFO - Started process (PID=609) to work on /opt/airflow/dags/first_dag.py
[2025-11-05T13:52:32.121+0000] {processor.py:830} INFO - Processing file /opt/airflow/dags/first_dag.py for tasks to queue
[2025-11-05T13:52:32.128+0000] {logging_mixin.py:188} INFO - [2025-11-05T13:52:32.127+0000] {dagbag.py:538} INFO - Filling up the DagBag from /opt/airflow/dags/first_dag.py
[2025-11-05T13:52:32.211+0000] {processor.py:840} INFO - DAG(s) 'first_dag' retrieved from /opt/airflow/dags/first_dag.py
[2025-11-05T13:52:32.266+0000] {logging_mixin.py:188} INFO - [2025-11-05T13:52:32.265+0000] {dag.py:3036} INFO - Sync 1 DAGs
[2025-11-05T13:52:32.369+0000] {logging_mixin.py:188} INFO - [2025-11-05T13:52:32.368+0000] {dag.py:3823} INFO - Setting next_dagrun for first_dag to None, run_after=None
[2025-11-05T13:52:32.447+0000] {processor.py:183} INFO - Processing /opt/airflow/dags/first_dag.py took 0.339 seconds
[2025-11-05T13:53:03.016+0000] {processor.py:161} INFO - Started process (PID=616) to work on /opt/airflow/dags/first_dag.py
[2025-11-05T13:53:03.020+0000] {processor.py:830} INFO - Processing file /opt/airflow/dags/first_dag.py for tasks to queue
[2025-11-05T13:53:03.028+0000] {logging_mixin.py:188} INFO - [2025-11-05T13:53:03.027+0000] {dagbag.py:538} INFO - Filling up the DagBag from /opt/airflow/dags/first_dag.py
[2025-11-05T13:53:03.096+0000] {processor.py:840} INFO - DAG(s) 'first_dag' retrieved from /opt/airflow/dags/first_dag.py
[2025-11-05T13:53:03.165+0000] {logging_mixin.py:188} INFO - [2025-11-05T13:53:03.164+0000] {dag.py:3036} INFO - Sync 1 DAGs
[2025-11-05T13:53:03.271+0000] {logging_mixin.py:188} INFO - [2025-11-05T13:53:03.270+0000] {dag.py:3823} INFO - Setting next_dagrun for first_dag to None, run_after=None
[2025-11-05T13:53:03.361+0000] {processor.py:183} INFO - Processing /opt/airflow/dags/first_dag.py took 0.357 seconds
[2025-11-05T13:53:33.598+0000] {processor.py:161} INFO - Started process (PID=622) to work on /opt/airflow/dags/first_dag.py
[2025-11-05T13:53:33.619+0000] {processor.py:830} INFO - Processing file /opt/airflow/dags/first_dag.py for tasks to queue
[2025-11-05T13:53:33.644+0000] {logging_mixin.py:188} INFO - [2025-11-05T13:53:33.637+0000] {dagbag.py:538} INFO - Filling up the DagBag from /opt/airflow/dags/first_dag.py
[2025-11-05T13:53:33.736+0000] {processor.py:840} INFO - DAG(s) 'first_dag' retrieved from /opt/airflow/dags/first_dag.py
[2025-11-05T13:53:33.852+0000] {logging_mixin.py:188} INFO - [2025-11-05T13:53:33.851+0000] {dag.py:3036} INFO - Sync 1 DAGs
[2025-11-05T13:53:33.958+0000] {logging_mixin.py:188} INFO - [2025-11-05T13:53:33.953+0000] {dag.py:3823} INFO - Setting next_dagrun for first_dag to None, run_after=None
[2025-11-05T13:53:34.055+0000] {processor.py:183} INFO - Processing /opt/airflow/dags/first_dag.py took 0.485 seconds
[2025-11-05T13:54:04.263+0000] {processor.py:161} INFO - Started process (PID=629) to work on /opt/airflow/dags/first_dag.py
[2025-11-05T13:54:04.275+0000] {processor.py:830} INFO - Processing file /opt/airflow/dags/first_dag.py for tasks to queue
[2025-11-05T13:54:04.284+0000] {logging_mixin.py:188} INFO - [2025-11-05T13:54:04.283+0000] {dagbag.py:538} INFO - Filling up the DagBag from /opt/airflow/dags/first_dag.py
[2025-11-05T13:54:04.363+0000] {processor.py:840} INFO - DAG(s) 'first_dag' retrieved from /opt/airflow/dags/first_dag.py
[2025-11-05T13:54:04.472+0000] {logging_mixin.py:188} INFO - [2025-11-05T13:54:04.472+0000] {dag.py:3036} INFO - Sync 1 DAGs
[2025-11-05T13:54:04.569+0000] {logging_mixin.py:188} INFO - [2025-11-05T13:54:04.568+0000] {dag.py:3823} INFO - Setting next_dagrun for first_dag to None, run_after=None
[2025-11-05T13:54:04.658+0000] {processor.py:183} INFO - Processing /opt/airflow/dags/first_dag.py took 0.411 seconds
[2025-11-05T13:54:34.813+0000] {processor.py:161} INFO - Started process (PID=636) to work on /opt/airflow/dags/first_dag.py
[2025-11-05T13:54:34.817+0000] {processor.py:830} INFO - Processing file /opt/airflow/dags/first_dag.py for tasks to queue
[2025-11-05T13:54:34.824+0000] {logging_mixin.py:188} INFO - [2025-11-05T13:54:34.823+0000] {dagbag.py:538} INFO - Filling up the DagBag from /opt/airflow/dags/first_dag.py
[2025-11-05T13:54:34.874+0000] {processor.py:840} INFO - DAG(s) 'first_dag' retrieved from /opt/airflow/dags/first_dag.py
[2025-11-05T13:54:34.971+0000] {logging_mixin.py:188} INFO - [2025-11-05T13:54:34.969+0000] {dag.py:3036} INFO - Sync 1 DAGs
[2025-11-05T13:54:35.082+0000] {logging_mixin.py:188} INFO - [2025-11-05T13:54:35.081+0000] {dag.py:3823} INFO - Setting next_dagrun for first_dag to None, run_after=None
[2025-11-05T13:54:35.175+0000] {processor.py:183} INFO - Processing /opt/airflow/dags/first_dag.py took 0.373 seconds
[2025-11-05T13:55:06.593+0000] {processor.py:161} INFO - Started process (PID=643) to work on /opt/airflow/dags/first_dag.py
[2025-11-05T13:55:06.608+0000] {processor.py:830} INFO - Processing file /opt/airflow/dags/first_dag.py for tasks to queue
[2025-11-05T13:55:06.637+0000] {logging_mixin.py:188} INFO - [2025-11-05T13:55:06.628+0000] {dagbag.py:538} INFO - Filling up the DagBag from /opt/airflow/dags/first_dag.py
[2025-11-05T13:55:06.765+0000] {processor.py:840} INFO - DAG(s) 'first_dag' retrieved from /opt/airflow/dags/first_dag.py
[2025-11-05T13:55:06.877+0000] {logging_mixin.py:188} INFO - [2025-11-05T13:55:06.876+0000] {dag.py:3036} INFO - Sync 1 DAGs
[2025-11-05T13:55:07.080+0000] {logging_mixin.py:188} INFO - [2025-11-05T13:55:07.079+0000] {dag.py:3823} INFO - Setting next_dagrun for first_dag to None, run_after=None
[2025-11-05T13:55:07.317+0000] {processor.py:183} INFO - Processing /opt/airflow/dags/first_dag.py took 0.746 seconds
[2025-11-05T13:55:37.852+0000] {processor.py:161} INFO - Started process (PID=649) to work on /opt/airflow/dags/first_dag.py
[2025-11-05T13:55:37.855+0000] {processor.py:830} INFO - Processing file /opt/airflow/dags/first_dag.py for tasks to queue
[2025-11-05T13:55:37.864+0000] {logging_mixin.py:188} INFO - [2025-11-05T13:55:37.863+0000] {dagbag.py:538} INFO - Filling up the DagBag from /opt/airflow/dags/first_dag.py
[2025-11-05T13:55:37.916+0000] {processor.py:840} INFO - DAG(s) 'first_dag' retrieved from /opt/airflow/dags/first_dag.py
[2025-11-05T13:55:37.969+0000] {logging_mixin.py:188} INFO - [2025-11-05T13:55:37.968+0000] {dag.py:3036} INFO - Sync 1 DAGs
[2025-11-05T13:55:38.034+0000] {logging_mixin.py:188} INFO - [2025-11-05T13:55:38.034+0000] {dag.py:3823} INFO - Setting next_dagrun for first_dag to None, run_after=None
[2025-11-05T13:55:38.096+0000] {processor.py:183} INFO - Processing /opt/airflow/dags/first_dag.py took 0.253 seconds
[2025-11-05T13:56:08.399+0000] {processor.py:161} INFO - Started process (PID=657) to work on /opt/airflow/dags/first_dag.py
[2025-11-05T13:56:08.404+0000] {processor.py:830} INFO - Processing file /opt/airflow/dags/first_dag.py for tasks to queue
[2025-11-05T13:56:08.425+0000] {logging_mixin.py:188} INFO - [2025-11-05T13:56:08.424+0000] {dagbag.py:538} INFO - Filling up the DagBag from /opt/airflow/dags/first_dag.py
[2025-11-05T13:56:08.641+0000] {processor.py:840} INFO - DAG(s) 'first_dag' retrieved from /opt/airflow/dags/first_dag.py
[2025-11-05T13:56:08.779+0000] {logging_mixin.py:188} INFO - [2025-11-05T13:56:08.767+0000] {dag.py:3036} INFO - Sync 1 DAGs
[2025-11-05T13:56:08.926+0000] {logging_mixin.py:188} INFO - [2025-11-05T13:56:08.926+0000] {dag.py:3823} INFO - Setting next_dagrun for first_dag to None, run_after=None
[2025-11-05T13:56:09.095+0000] {processor.py:183} INFO - Processing /opt/airflow/dags/first_dag.py took 0.721 seconds
[2025-11-05T13:56:39.642+0000] {processor.py:161} INFO - Started process (PID=664) to work on /opt/airflow/dags/first_dag.py
[2025-11-05T13:56:39.646+0000] {processor.py:830} INFO - Processing file /opt/airflow/dags/first_dag.py for tasks to queue
[2025-11-05T13:56:39.651+0000] {logging_mixin.py:188} INFO - [2025-11-05T13:56:39.650+0000] {dagbag.py:538} INFO - Filling up the DagBag from /opt/airflow/dags/first_dag.py
[2025-11-05T13:56:39.693+0000] {processor.py:840} INFO - DAG(s) 'first_dag' retrieved from /opt/airflow/dags/first_dag.py
[2025-11-05T13:56:39.752+0000] {logging_mixin.py:188} INFO - [2025-11-05T13:56:39.751+0000] {dag.py:3036} INFO - Sync 1 DAGs
[2025-11-05T13:56:39.812+0000] {logging_mixin.py:188} INFO - [2025-11-05T13:56:39.811+0000] {dag.py:3823} INFO - Setting next_dagrun for first_dag to None, run_after=None
[2025-11-05T13:56:39.861+0000] {processor.py:183} INFO - Processing /opt/airflow/dags/first_dag.py took 0.229 seconds
[2025-11-05T13:57:10.270+0000] {processor.py:161} INFO - Started process (PID=672) to work on /opt/airflow/dags/first_dag.py
[2025-11-05T13:57:10.273+0000] {processor.py:830} INFO - Processing file /opt/airflow/dags/first_dag.py for tasks to queue
[2025-11-05T13:57:10.279+0000] {logging_mixin.py:188} INFO - [2025-11-05T13:57:10.278+0000] {dagbag.py:538} INFO - Filling up the DagBag from /opt/airflow/dags/first_dag.py
[2025-11-05T13:57:10.326+0000] {processor.py:840} INFO - DAG(s) 'first_dag' retrieved from /opt/airflow/dags/first_dag.py
[2025-11-05T13:57:10.369+0000] {logging_mixin.py:188} INFO - [2025-11-05T13:57:10.368+0000] {dag.py:3036} INFO - Sync 1 DAGs
[2025-11-05T13:57:10.414+0000] {logging_mixin.py:188} INFO - [2025-11-05T13:57:10.413+0000] {dag.py:3823} INFO - Setting next_dagrun for first_dag to None, run_after=None
[2025-11-05T13:57:10.461+0000] {processor.py:183} INFO - Processing /opt/airflow/dags/first_dag.py took 0.198 seconds
[2025-11-05T13:57:40.692+0000] {processor.py:161} INFO - Started process (PID=679) to work on /opt/airflow/dags/first_dag.py
[2025-11-05T13:57:40.695+0000] {processor.py:830} INFO - Processing file /opt/airflow/dags/first_dag.py for tasks to queue
[2025-11-05T13:57:40.700+0000] {logging_mixin.py:188} INFO - [2025-11-05T13:57:40.699+0000] {dagbag.py:538} INFO - Filling up the DagBag from /opt/airflow/dags/first_dag.py
[2025-11-05T13:57:40.775+0000] {processor.py:840} INFO - DAG(s) 'first_dag' retrieved from /opt/airflow/dags/first_dag.py
[2025-11-05T13:57:40.893+0000] {logging_mixin.py:188} INFO - [2025-11-05T13:57:40.892+0000] {dag.py:3036} INFO - Sync 1 DAGs
[2025-11-05T13:57:41.083+0000] {logging_mixin.py:188} INFO - [2025-11-05T13:57:41.073+0000] {dag.py:3823} INFO - Setting next_dagrun for first_dag to None, run_after=None
[2025-11-05T13:57:41.217+0000] {processor.py:183} INFO - Processing /opt/airflow/dags/first_dag.py took 0.534 seconds
[2025-11-05T13:58:11.501+0000] {processor.py:161} INFO - Started process (PID=686) to work on /opt/airflow/dags/first_dag.py
[2025-11-05T13:58:11.504+0000] {processor.py:830} INFO - Processing file /opt/airflow/dags/first_dag.py for tasks to queue
[2025-11-05T13:58:11.510+0000] {logging_mixin.py:188} INFO - [2025-11-05T13:58:11.509+0000] {dagbag.py:538} INFO - Filling up the DagBag from /opt/airflow/dags/first_dag.py
[2025-11-05T13:58:11.584+0000] {processor.py:840} INFO - DAG(s) 'first_dag' retrieved from /opt/airflow/dags/first_dag.py
[2025-11-05T13:58:11.647+0000] {logging_mixin.py:188} INFO - [2025-11-05T13:58:11.646+0000] {dag.py:3036} INFO - Sync 1 DAGs
[2025-11-05T13:58:11.714+0000] {logging_mixin.py:188} INFO - [2025-11-05T13:58:11.714+0000] {dag.py:3823} INFO - Setting next_dagrun for first_dag to None, run_after=None
[2025-11-05T13:58:11.769+0000] {processor.py:183} INFO - Processing /opt/airflow/dags/first_dag.py took 0.279 seconds
[2025-11-05T13:58:42.022+0000] {processor.py:161} INFO - Started process (PID=693) to work on /opt/airflow/dags/first_dag.py
[2025-11-05T13:58:42.025+0000] {processor.py:830} INFO - Processing file /opt/airflow/dags/first_dag.py for tasks to queue
[2025-11-05T13:58:42.031+0000] {logging_mixin.py:188} INFO - [2025-11-05T13:58:42.030+0000] {dagbag.py:538} INFO - Filling up the DagBag from /opt/airflow/dags/first_dag.py
[2025-11-05T13:58:42.096+0000] {processor.py:840} INFO - DAG(s) 'first_dag' retrieved from /opt/airflow/dags/first_dag.py
[2025-11-05T13:58:42.149+0000] {logging_mixin.py:188} INFO - [2025-11-05T13:58:42.148+0000] {dag.py:3036} INFO - Sync 1 DAGs
[2025-11-05T13:58:42.209+0000] {logging_mixin.py:188} INFO - [2025-11-05T13:58:42.209+0000] {dag.py:3823} INFO - Setting next_dagrun for first_dag to None, run_after=None
[2025-11-05T13:58:42.264+0000] {processor.py:183} INFO - Processing /opt/airflow/dags/first_dag.py took 0.253 seconds
[2025-11-05T13:59:12.552+0000] {processor.py:161} INFO - Started process (PID=700) to work on /opt/airflow/dags/first_dag.py
[2025-11-05T13:59:12.555+0000] {processor.py:830} INFO - Processing file /opt/airflow/dags/first_dag.py for tasks to queue
[2025-11-05T13:59:12.560+0000] {logging_mixin.py:188} INFO - [2025-11-05T13:59:12.559+0000] {dagbag.py:538} INFO - Filling up the DagBag from /opt/airflow/dags/first_dag.py
[2025-11-05T13:59:12.618+0000] {processor.py:840} INFO - DAG(s) 'first_dag' retrieved from /opt/airflow/dags/first_dag.py
[2025-11-05T13:59:12.678+0000] {logging_mixin.py:188} INFO - [2025-11-05T13:59:12.677+0000] {dag.py:3036} INFO - Sync 1 DAGs
[2025-11-05T13:59:12.776+0000] {logging_mixin.py:188} INFO - [2025-11-05T13:59:12.776+0000] {dag.py:3823} INFO - Setting next_dagrun for first_dag to None, run_after=None
[2025-11-05T13:59:12.850+0000] {processor.py:183} INFO - Processing /opt/airflow/dags/first_dag.py took 0.307 seconds
[2025-11-05T13:59:43.088+0000] {processor.py:161} INFO - Started process (PID=707) to work on /opt/airflow/dags/first_dag.py
[2025-11-05T13:59:43.091+0000] {processor.py:830} INFO - Processing file /opt/airflow/dags/first_dag.py for tasks to queue
[2025-11-05T13:59:43.096+0000] {logging_mixin.py:188} INFO - [2025-11-05T13:59:43.095+0000] {dagbag.py:538} INFO - Filling up the DagBag from /opt/airflow/dags/first_dag.py
[2025-11-05T13:59:43.162+0000] {processor.py:840} INFO - DAG(s) 'first_dag' retrieved from /opt/airflow/dags/first_dag.py
[2025-11-05T13:59:43.211+0000] {logging_mixin.py:188} INFO - [2025-11-05T13:59:43.211+0000] {dag.py:3036} INFO - Sync 1 DAGs
[2025-11-05T13:59:43.283+0000] {logging_mixin.py:188} INFO - [2025-11-05T13:59:43.282+0000] {dag.py:3823} INFO - Setting next_dagrun for first_dag to None, run_after=None
[2025-11-05T13:59:43.351+0000] {processor.py:183} INFO - Processing /opt/airflow/dags/first_dag.py took 0.273 seconds
[2025-11-05T14:00:13.870+0000] {processor.py:161} INFO - Started process (PID=714) to work on /opt/airflow/dags/first_dag.py
[2025-11-05T14:00:13.876+0000] {processor.py:830} INFO - Processing file /opt/airflow/dags/first_dag.py for tasks to queue
[2025-11-05T14:00:13.886+0000] {logging_mixin.py:188} INFO - [2025-11-05T14:00:13.885+0000] {dagbag.py:538} INFO - Filling up the DagBag from /opt/airflow/dags/first_dag.py
[2025-11-05T14:00:13.970+0000] {processor.py:840} INFO - DAG(s) 'first_dag' retrieved from /opt/airflow/dags/first_dag.py
[2025-11-05T14:00:14.047+0000] {logging_mixin.py:188} INFO - [2025-11-05T14:00:14.046+0000] {dag.py:3036} INFO - Sync 1 DAGs
[2025-11-05T14:00:14.147+0000] {logging_mixin.py:188} INFO - [2025-11-05T14:00:14.146+0000] {dag.py:3823} INFO - Setting next_dagrun for first_dag to None, run_after=None
[2025-11-05T14:00:14.198+0000] {processor.py:183} INFO - Processing /opt/airflow/dags/first_dag.py took 0.348 seconds
[2025-11-05T14:00:44.722+0000] {processor.py:161} INFO - Started process (PID=721) to work on /opt/airflow/dags/first_dag.py
[2025-11-05T14:00:44.725+0000] {processor.py:830} INFO - Processing file /opt/airflow/dags/first_dag.py for tasks to queue
[2025-11-05T14:00:44.732+0000] {logging_mixin.py:188} INFO - [2025-11-05T14:00:44.731+0000] {dagbag.py:538} INFO - Filling up the DagBag from /opt/airflow/dags/first_dag.py
[2025-11-05T14:00:44.786+0000] {processor.py:840} INFO - DAG(s) 'first_dag' retrieved from /opt/airflow/dags/first_dag.py
[2025-11-05T14:00:44.841+0000] {logging_mixin.py:188} INFO - [2025-11-05T14:00:44.840+0000] {dag.py:3036} INFO - Sync 1 DAGs
[2025-11-05T14:00:44.920+0000] {logging_mixin.py:188} INFO - [2025-11-05T14:00:44.920+0000] {dag.py:3823} INFO - Setting next_dagrun for first_dag to None, run_after=None
[2025-11-05T14:00:44.973+0000] {processor.py:183} INFO - Processing /opt/airflow/dags/first_dag.py took 0.262 seconds
[2025-11-05T14:01:15.081+0000] {processor.py:161} INFO - Started process (PID=728) to work on /opt/airflow/dags/first_dag.py
[2025-11-05T14:01:15.084+0000] {processor.py:830} INFO - Processing file /opt/airflow/dags/first_dag.py for tasks to queue
[2025-11-05T14:01:15.090+0000] {logging_mixin.py:188} INFO - [2025-11-05T14:01:15.089+0000] {dagbag.py:538} INFO - Filling up the DagBag from /opt/airflow/dags/first_dag.py
[2025-11-05T14:01:15.143+0000] {processor.py:840} INFO - DAG(s) 'first_dag' retrieved from /opt/airflow/dags/first_dag.py
[2025-11-05T14:01:15.199+0000] {logging_mixin.py:188} INFO - [2025-11-05T14:01:15.199+0000] {dag.py:3036} INFO - Sync 1 DAGs
[2025-11-05T14:01:15.263+0000] {logging_mixin.py:188} INFO - [2025-11-05T14:01:15.262+0000] {dag.py:3823} INFO - Setting next_dagrun for first_dag to None, run_after=None
[2025-11-05T14:01:15.314+0000] {processor.py:183} INFO - Processing /opt/airflow/dags/first_dag.py took 0.243 seconds
[2025-11-05T14:01:45.799+0000] {processor.py:161} INFO - Started process (PID=735) to work on /opt/airflow/dags/first_dag.py
[2025-11-05T14:01:45.802+0000] {processor.py:830} INFO - Processing file /opt/airflow/dags/first_dag.py for tasks to queue
[2025-11-05T14:01:45.807+0000] {logging_mixin.py:188} INFO - [2025-11-05T14:01:45.807+0000] {dagbag.py:538} INFO - Filling up the DagBag from /opt/airflow/dags/first_dag.py
[2025-11-05T14:01:45.867+0000] {processor.py:840} INFO - DAG(s) 'first_dag' retrieved from /opt/airflow/dags/first_dag.py
[2025-11-05T14:01:45.920+0000] {logging_mixin.py:188} INFO - [2025-11-05T14:01:45.919+0000] {dag.py:3036} INFO - Sync 1 DAGs
[2025-11-05T14:01:45.987+0000] {logging_mixin.py:188} INFO - [2025-11-05T14:01:45.987+0000] {dag.py:3823} INFO - Setting next_dagrun for first_dag to None, run_after=None
[2025-11-05T14:01:46.042+0000] {processor.py:183} INFO - Processing /opt/airflow/dags/first_dag.py took 0.257 seconds
[2025-11-05T14:02:16.320+0000] {processor.py:161} INFO - Started process (PID=742) to work on /opt/airflow/dags/first_dag.py
[2025-11-05T14:02:16.330+0000] {processor.py:830} INFO - Processing file /opt/airflow/dags/first_dag.py for tasks to queue
[2025-11-05T14:02:16.351+0000] {logging_mixin.py:188} INFO - [2025-11-05T14:02:16.348+0000] {dagbag.py:538} INFO - Filling up the DagBag from /opt/airflow/dags/first_dag.py
[2025-11-05T14:02:16.491+0000] {processor.py:840} INFO - DAG(s) 'first_dag' retrieved from /opt/airflow/dags/first_dag.py
[2025-11-05T14:02:16.604+0000] {logging_mixin.py:188} INFO - [2025-11-05T14:02:16.603+0000] {dag.py:3036} INFO - Sync 1 DAGs
[2025-11-05T14:02:16.700+0000] {logging_mixin.py:188} INFO - [2025-11-05T14:02:16.700+0000] {dag.py:3823} INFO - Setting next_dagrun for first_dag to None, run_after=None
[2025-11-05T14:02:16.809+0000] {processor.py:183} INFO - Processing /opt/airflow/dags/first_dag.py took 0.499 seconds
[2025-11-05T14:02:47.313+0000] {processor.py:161} INFO - Started process (PID=749) to work on /opt/airflow/dags/first_dag.py
[2025-11-05T14:02:47.316+0000] {processor.py:830} INFO - Processing file /opt/airflow/dags/first_dag.py for tasks to queue
[2025-11-05T14:02:47.323+0000] {logging_mixin.py:188} INFO - [2025-11-05T14:02:47.322+0000] {dagbag.py:538} INFO - Filling up the DagBag from /opt/airflow/dags/first_dag.py
[2025-11-05T14:02:47.369+0000] {processor.py:840} INFO - DAG(s) 'first_dag' retrieved from /opt/airflow/dags/first_dag.py
[2025-11-05T14:02:47.414+0000] {logging_mixin.py:188} INFO - [2025-11-05T14:02:47.414+0000] {dag.py:3036} INFO - Sync 1 DAGs
[2025-11-05T14:02:47.464+0000] {logging_mixin.py:188} INFO - [2025-11-05T14:02:47.464+0000] {dag.py:3823} INFO - Setting next_dagrun for first_dag to None, run_after=None
[2025-11-05T14:02:47.518+0000] {processor.py:183} INFO - Processing /opt/airflow/dags/first_dag.py took 0.215 seconds
[2025-11-05T14:03:17.761+0000] {processor.py:161} INFO - Started process (PID=756) to work on /opt/airflow/dags/first_dag.py
[2025-11-05T14:03:17.764+0000] {processor.py:830} INFO - Processing file /opt/airflow/dags/first_dag.py for tasks to queue
[2025-11-05T14:03:17.771+0000] {logging_mixin.py:188} INFO - [2025-11-05T14:03:17.770+0000] {dagbag.py:538} INFO - Filling up the DagBag from /opt/airflow/dags/first_dag.py
[2025-11-05T14:03:17.835+0000] {processor.py:840} INFO - DAG(s) 'first_dag' retrieved from /opt/airflow/dags/first_dag.py
[2025-11-05T14:03:17.925+0000] {logging_mixin.py:188} INFO - [2025-11-05T14:03:17.924+0000] {dag.py:3036} INFO - Sync 1 DAGs
[2025-11-05T14:03:18.026+0000] {logging_mixin.py:188} INFO - [2025-11-05T14:03:18.026+0000] {dag.py:3823} INFO - Setting next_dagrun for first_dag to None, run_after=None
[2025-11-05T14:03:18.105+0000] {processor.py:183} INFO - Processing /opt/airflow/dags/first_dag.py took 0.359 seconds
[2025-11-05T14:03:48.284+0000] {processor.py:161} INFO - Started process (PID=764) to work on /opt/airflow/dags/first_dag.py
[2025-11-05T14:03:48.287+0000] {processor.py:830} INFO - Processing file /opt/airflow/dags/first_dag.py for tasks to queue
[2025-11-05T14:03:48.293+0000] {logging_mixin.py:188} INFO - [2025-11-05T14:03:48.292+0000] {dagbag.py:538} INFO - Filling up the DagBag from /opt/airflow/dags/first_dag.py
[2025-11-05T14:03:48.345+0000] {processor.py:840} INFO - DAG(s) 'first_dag' retrieved from /opt/airflow/dags/first_dag.py
[2025-11-05T14:03:48.394+0000] {logging_mixin.py:188} INFO - [2025-11-05T14:03:48.394+0000] {dag.py:3036} INFO - Sync 1 DAGs
[2025-11-05T14:03:48.461+0000] {logging_mixin.py:188} INFO - [2025-11-05T14:03:48.461+0000] {dag.py:3823} INFO - Setting next_dagrun for first_dag to None, run_after=None
[2025-11-05T14:03:48.508+0000] {processor.py:183} INFO - Processing /opt/airflow/dags/first_dag.py took 0.235 seconds
[2025-11-05T14:04:18.767+0000] {processor.py:161} INFO - Started process (PID=771) to work on /opt/airflow/dags/first_dag.py
[2025-11-05T14:04:18.769+0000] {processor.py:830} INFO - Processing file /opt/airflow/dags/first_dag.py for tasks to queue
[2025-11-05T14:04:18.775+0000] {logging_mixin.py:188} INFO - [2025-11-05T14:04:18.774+0000] {dagbag.py:538} INFO - Filling up the DagBag from /opt/airflow/dags/first_dag.py
[2025-11-05T14:04:18.817+0000] {processor.py:840} INFO - DAG(s) 'first_dag' retrieved from /opt/airflow/dags/first_dag.py
[2025-11-05T14:04:18.865+0000] {logging_mixin.py:188} INFO - [2025-11-05T14:04:18.864+0000] {dag.py:3036} INFO - Sync 1 DAGs
[2025-11-05T14:04:18.914+0000] {logging_mixin.py:188} INFO - [2025-11-05T14:04:18.914+0000] {dag.py:3823} INFO - Setting next_dagrun for first_dag to None, run_after=None
[2025-11-05T14:04:18.964+0000] {processor.py:183} INFO - Processing /opt/airflow/dags/first_dag.py took 0.208 seconds
[2025-11-05T14:04:49.240+0000] {processor.py:161} INFO - Started process (PID=778) to work on /opt/airflow/dags/first_dag.py
[2025-11-05T14:04:49.243+0000] {processor.py:830} INFO - Processing file /opt/airflow/dags/first_dag.py for tasks to queue
[2025-11-05T14:04:49.252+0000] {logging_mixin.py:188} INFO - [2025-11-05T14:04:49.251+0000] {dagbag.py:538} INFO - Filling up the DagBag from /opt/airflow/dags/first_dag.py
[2025-11-05T14:04:49.305+0000] {processor.py:840} INFO - DAG(s) 'first_dag' retrieved from /opt/airflow/dags/first_dag.py
[2025-11-05T14:04:49.350+0000] {logging_mixin.py:188} INFO - [2025-11-05T14:04:49.349+0000] {dag.py:3036} INFO - Sync 1 DAGs
[2025-11-05T14:04:49.411+0000] {logging_mixin.py:188} INFO - [2025-11-05T14:04:49.410+0000] {dag.py:3823} INFO - Setting next_dagrun for first_dag to None, run_after=None
[2025-11-05T14:04:49.459+0000] {processor.py:183} INFO - Processing /opt/airflow/dags/first_dag.py took 0.233 seconds
[2025-11-05T14:05:19.724+0000] {processor.py:161} INFO - Started process (PID=785) to work on /opt/airflow/dags/first_dag.py
[2025-11-05T14:05:19.727+0000] {processor.py:830} INFO - Processing file /opt/airflow/dags/first_dag.py for tasks to queue
[2025-11-05T14:05:19.733+0000] {logging_mixin.py:188} INFO - [2025-11-05T14:05:19.732+0000] {dagbag.py:538} INFO - Filling up the DagBag from /opt/airflow/dags/first_dag.py
[2025-11-05T14:05:19.776+0000] {processor.py:840} INFO - DAG(s) 'first_dag' retrieved from /opt/airflow/dags/first_dag.py
[2025-11-05T14:05:19.822+0000] {logging_mixin.py:188} INFO - [2025-11-05T14:05:19.822+0000] {dag.py:3036} INFO - Sync 1 DAGs
[2025-11-05T14:05:19.873+0000] {logging_mixin.py:188} INFO - [2025-11-05T14:05:19.873+0000] {dag.py:3823} INFO - Setting next_dagrun for first_dag to None, run_after=None
[2025-11-05T14:05:19.923+0000] {processor.py:183} INFO - Processing /opt/airflow/dags/first_dag.py took 0.207 seconds
[2025-11-05T14:05:50.228+0000] {processor.py:161} INFO - Started process (PID=792) to work on /opt/airflow/dags/first_dag.py
[2025-11-05T14:05:50.231+0000] {processor.py:830} INFO - Processing file /opt/airflow/dags/first_dag.py for tasks to queue
[2025-11-05T14:05:50.240+0000] {logging_mixin.py:188} INFO - [2025-11-05T14:05:50.239+0000] {dagbag.py:538} INFO - Filling up the DagBag from /opt/airflow/dags/first_dag.py
[2025-11-05T14:05:50.281+0000] {processor.py:840} INFO - DAG(s) 'first_dag' retrieved from /opt/airflow/dags/first_dag.py
[2025-11-05T14:05:50.324+0000] {logging_mixin.py:188} INFO - [2025-11-05T14:05:50.324+0000] {dag.py:3036} INFO - Sync 1 DAGs
[2025-11-05T14:05:50.372+0000] {logging_mixin.py:188} INFO - [2025-11-05T14:05:50.372+0000] {dag.py:3823} INFO - Setting next_dagrun for first_dag to None, run_after=None
[2025-11-05T14:05:50.416+0000] {processor.py:183} INFO - Processing /opt/airflow/dags/first_dag.py took 0.198 seconds
[2025-11-05T14:06:20.872+0000] {processor.py:161} INFO - Started process (PID=799) to work on /opt/airflow/dags/first_dag.py
[2025-11-05T14:06:20.916+0000] {processor.py:830} INFO - Processing file /opt/airflow/dags/first_dag.py for tasks to queue
[2025-11-05T14:06:20.934+0000] {logging_mixin.py:188} INFO - [2025-11-05T14:06:20.933+0000] {dagbag.py:538} INFO - Filling up the DagBag from /opt/airflow/dags/first_dag.py
[2025-11-05T14:06:21.078+0000] {processor.py:840} INFO - DAG(s) 'first_dag' retrieved from /opt/airflow/dags/first_dag.py
[2025-11-05T14:06:21.303+0000] {logging_mixin.py:188} INFO - [2025-11-05T14:06:21.303+0000] {dag.py:3036} INFO - Sync 1 DAGs
[2025-11-05T14:06:21.666+0000] {logging_mixin.py:188} INFO - [2025-11-05T14:06:21.665+0000] {dag.py:3823} INFO - Setting next_dagrun for first_dag to None, run_after=None
[2025-11-05T14:06:21.941+0000] {processor.py:183} INFO - Processing /opt/airflow/dags/first_dag.py took 1.102 seconds
[2025-11-05T14:06:52.601+0000] {processor.py:161} INFO - Started process (PID=806) to work on /opt/airflow/dags/first_dag.py
[2025-11-05T14:06:52.605+0000] {processor.py:830} INFO - Processing file /opt/airflow/dags/first_dag.py for tasks to queue
[2025-11-05T14:06:52.611+0000] {logging_mixin.py:188} INFO - [2025-11-05T14:06:52.610+0000] {dagbag.py:538} INFO - Filling up the DagBag from /opt/airflow/dags/first_dag.py
[2025-11-05T14:06:52.691+0000] {processor.py:840} INFO - DAG(s) 'first_dag' retrieved from /opt/airflow/dags/first_dag.py
[2025-11-05T14:06:52.739+0000] {logging_mixin.py:188} INFO - [2025-11-05T14:06:52.739+0000] {dag.py:3036} INFO - Sync 1 DAGs
[2025-11-05T14:06:52.804+0000] {logging_mixin.py:188} INFO - [2025-11-05T14:06:52.801+0000] {dag.py:3823} INFO - Setting next_dagrun for first_dag to None, run_after=None
[2025-11-05T14:06:52.875+0000] {processor.py:183} INFO - Processing /opt/airflow/dags/first_dag.py took 0.283 seconds
[2025-11-05T14:07:23.434+0000] {processor.py:161} INFO - Started process (PID=813) to work on /opt/airflow/dags/first_dag.py
[2025-11-05T14:07:23.448+0000] {processor.py:830} INFO - Processing file /opt/airflow/dags/first_dag.py for tasks to queue
[2025-11-05T14:07:23.465+0000] {logging_mixin.py:188} INFO - [2025-11-05T14:07:23.453+0000] {dagbag.py:538} INFO - Filling up the DagBag from /opt/airflow/dags/first_dag.py
[2025-11-05T14:07:23.585+0000] {processor.py:840} INFO - DAG(s) 'first_dag' retrieved from /opt/airflow/dags/first_dag.py
[2025-11-05T14:07:23.775+0000] {logging_mixin.py:188} INFO - [2025-11-05T14:07:23.774+0000] {dag.py:3036} INFO - Sync 1 DAGs
[2025-11-05T14:07:24.079+0000] {logging_mixin.py:188} INFO - [2025-11-05T14:07:24.078+0000] {dag.py:3823} INFO - Setting next_dagrun for first_dag to None, run_after=None
[2025-11-05T14:07:24.443+0000] {processor.py:183} INFO - Processing /opt/airflow/dags/first_dag.py took 1.051 seconds
[2025-11-05T14:07:54.822+0000] {processor.py:161} INFO - Started process (PID=821) to work on /opt/airflow/dags/first_dag.py
[2025-11-05T14:07:54.824+0000] {processor.py:830} INFO - Processing file /opt/airflow/dags/first_dag.py for tasks to queue
[2025-11-05T14:07:54.831+0000] {logging_mixin.py:188} INFO - [2025-11-05T14:07:54.830+0000] {dagbag.py:538} INFO - Filling up the DagBag from /opt/airflow/dags/first_dag.py
[2025-11-05T14:07:54.875+0000] {processor.py:840} INFO - DAG(s) 'first_dag' retrieved from /opt/airflow/dags/first_dag.py
[2025-11-05T14:07:54.924+0000] {logging_mixin.py:188} INFO - [2025-11-05T14:07:54.924+0000] {dag.py:3036} INFO - Sync 1 DAGs
[2025-11-05T14:07:54.977+0000] {logging_mixin.py:188} INFO - [2025-11-05T14:07:54.976+0000] {dag.py:3823} INFO - Setting next_dagrun for first_dag to None, run_after=None
[2025-11-05T14:07:55.023+0000] {processor.py:183} INFO - Processing /opt/airflow/dags/first_dag.py took 0.210 seconds
[2025-11-05T14:08:25.308+0000] {processor.py:161} INFO - Started process (PID=828) to work on /opt/airflow/dags/first_dag.py
[2025-11-05T14:08:25.312+0000] {processor.py:830} INFO - Processing file /opt/airflow/dags/first_dag.py for tasks to queue
[2025-11-05T14:08:25.318+0000] {logging_mixin.py:188} INFO - [2025-11-05T14:08:25.317+0000] {dagbag.py:538} INFO - Filling up the DagBag from /opt/airflow/dags/first_dag.py
[2025-11-05T14:08:25.362+0000] {processor.py:840} INFO - DAG(s) 'first_dag' retrieved from /opt/airflow/dags/first_dag.py
[2025-11-05T14:08:25.410+0000] {logging_mixin.py:188} INFO - [2025-11-05T14:08:25.409+0000] {dag.py:3036} INFO - Sync 1 DAGs
[2025-11-05T14:08:25.486+0000] {logging_mixin.py:188} INFO - [2025-11-05T14:08:25.486+0000] {dag.py:3823} INFO - Setting next_dagrun for first_dag to None, run_after=None
[2025-11-05T14:08:25.617+0000] {processor.py:183} INFO - Processing /opt/airflow/dags/first_dag.py took 0.318 seconds
[2025-11-05T14:08:55.988+0000] {processor.py:161} INFO - Started process (PID=835) to work on /opt/airflow/dags/first_dag.py
[2025-11-05T14:08:55.992+0000] {processor.py:830} INFO - Processing file /opt/airflow/dags/first_dag.py for tasks to queue
[2025-11-05T14:08:55.998+0000] {logging_mixin.py:188} INFO - [2025-11-05T14:08:55.998+0000] {dagbag.py:538} INFO - Filling up the DagBag from /opt/airflow/dags/first_dag.py
[2025-11-05T14:08:56.054+0000] {processor.py:840} INFO - DAG(s) 'first_dag' retrieved from /opt/airflow/dags/first_dag.py
[2025-11-05T14:08:56.149+0000] {logging_mixin.py:188} INFO - [2025-11-05T14:08:56.147+0000] {dag.py:3036} INFO - Sync 1 DAGs
[2025-11-05T14:08:56.227+0000] {logging_mixin.py:188} INFO - [2025-11-05T14:08:56.226+0000] {dag.py:3823} INFO - Setting next_dagrun for first_dag to None, run_after=None
[2025-11-05T14:08:56.281+0000] {processor.py:183} INFO - Processing /opt/airflow/dags/first_dag.py took 0.303 seconds
[2025-11-05T14:09:26.671+0000] {processor.py:161} INFO - Started process (PID=842) to work on /opt/airflow/dags/first_dag.py
[2025-11-05T14:09:26.682+0000] {processor.py:830} INFO - Processing file /opt/airflow/dags/first_dag.py for tasks to queue
[2025-11-05T14:09:26.701+0000] {logging_mixin.py:188} INFO - [2025-11-05T14:09:26.700+0000] {dagbag.py:538} INFO - Filling up the DagBag from /opt/airflow/dags/first_dag.py
[2025-11-05T14:09:26.771+0000] {processor.py:840} INFO - DAG(s) 'first_dag' retrieved from /opt/airflow/dags/first_dag.py
[2025-11-05T14:09:26.845+0000] {logging_mixin.py:188} INFO - [2025-11-05T14:09:26.844+0000] {dag.py:3036} INFO - Sync 1 DAGs
[2025-11-05T14:09:26.915+0000] {logging_mixin.py:188} INFO - [2025-11-05T14:09:26.914+0000] {dag.py:3823} INFO - Setting next_dagrun for first_dag to None, run_after=None
[2025-11-05T14:09:26.984+0000] {processor.py:183} INFO - Processing /opt/airflow/dags/first_dag.py took 0.344 seconds
[2025-11-05T14:09:57.094+0000] {processor.py:161} INFO - Started process (PID=849) to work on /opt/airflow/dags/first_dag.py
[2025-11-05T14:09:57.099+0000] {processor.py:830} INFO - Processing file /opt/airflow/dags/first_dag.py for tasks to queue
[2025-11-05T14:09:57.124+0000] {logging_mixin.py:188} INFO - [2025-11-05T14:09:57.122+0000] {dagbag.py:538} INFO - Filling up the DagBag from /opt/airflow/dags/first_dag.py
[2025-11-05T14:09:57.170+0000] {processor.py:840} INFO - DAG(s) 'first_dag' retrieved from /opt/airflow/dags/first_dag.py
[2025-11-05T14:09:57.217+0000] {logging_mixin.py:188} INFO - [2025-11-05T14:09:57.217+0000] {dag.py:3036} INFO - Sync 1 DAGs
[2025-11-05T14:09:57.282+0000] {logging_mixin.py:188} INFO - [2025-11-05T14:09:57.281+0000] {dag.py:3823} INFO - Setting next_dagrun for first_dag to None, run_after=None
[2025-11-05T14:09:57.336+0000] {processor.py:183} INFO - Processing /opt/airflow/dags/first_dag.py took 0.253 seconds
[2025-11-05T14:10:27.491+0000] {processor.py:161} INFO - Started process (PID=856) to work on /opt/airflow/dags/first_dag.py
[2025-11-05T14:10:27.494+0000] {processor.py:830} INFO - Processing file /opt/airflow/dags/first_dag.py for tasks to queue
[2025-11-05T14:10:27.500+0000] {logging_mixin.py:188} INFO - [2025-11-05T14:10:27.500+0000] {dagbag.py:538} INFO - Filling up the DagBag from /opt/airflow/dags/first_dag.py
[2025-11-05T14:10:27.546+0000] {processor.py:840} INFO - DAG(s) 'first_dag' retrieved from /opt/airflow/dags/first_dag.py
[2025-11-05T14:10:27.592+0000] {logging_mixin.py:188} INFO - [2025-11-05T14:10:27.591+0000] {dag.py:3036} INFO - Sync 1 DAGs
[2025-11-05T14:10:27.641+0000] {logging_mixin.py:188} INFO - [2025-11-05T14:10:27.641+0000] {dag.py:3823} INFO - Setting next_dagrun for first_dag to None, run_after=None
[2025-11-05T14:10:27.684+0000] {processor.py:183} INFO - Processing /opt/airflow/dags/first_dag.py took 0.203 seconds
[2025-11-05T14:10:57.866+0000] {processor.py:161} INFO - Started process (PID=863) to work on /opt/airflow/dags/first_dag.py
[2025-11-05T14:10:57.870+0000] {processor.py:830} INFO - Processing file /opt/airflow/dags/first_dag.py for tasks to queue
[2025-11-05T14:10:57.877+0000] {logging_mixin.py:188} INFO - [2025-11-05T14:10:57.877+0000] {dagbag.py:538} INFO - Filling up the DagBag from /opt/airflow/dags/first_dag.py
[2025-11-05T14:10:57.922+0000] {processor.py:840} INFO - DAG(s) 'first_dag' retrieved from /opt/airflow/dags/first_dag.py
[2025-11-05T14:10:57.969+0000] {logging_mixin.py:188} INFO - [2025-11-05T14:10:57.968+0000] {dag.py:3036} INFO - Sync 1 DAGs
[2025-11-05T14:10:58.015+0000] {logging_mixin.py:188} INFO - [2025-11-05T14:10:58.015+0000] {dag.py:3823} INFO - Setting next_dagrun for first_dag to None, run_after=None
[2025-11-05T14:10:58.064+0000] {processor.py:183} INFO - Processing /opt/airflow/dags/first_dag.py took 0.206 seconds
[2025-11-05T14:11:28.199+0000] {processor.py:161} INFO - Started process (PID=870) to work on /opt/airflow/dags/first_dag.py
[2025-11-05T14:11:28.203+0000] {processor.py:830} INFO - Processing file /opt/airflow/dags/first_dag.py for tasks to queue
[2025-11-05T14:11:28.213+0000] {logging_mixin.py:188} INFO - [2025-11-05T14:11:28.212+0000] {dagbag.py:538} INFO - Filling up the DagBag from /opt/airflow/dags/first_dag.py
[2025-11-05T14:11:28.262+0000] {processor.py:840} INFO - DAG(s) 'first_dag' retrieved from /opt/airflow/dags/first_dag.py
[2025-11-05T14:11:28.315+0000] {logging_mixin.py:188} INFO - [2025-11-05T14:11:28.315+0000] {dag.py:3036} INFO - Sync 1 DAGs
[2025-11-05T14:11:28.373+0000] {logging_mixin.py:188} INFO - [2025-11-05T14:11:28.372+0000] {dag.py:3823} INFO - Setting next_dagrun for first_dag to None, run_after=None
[2025-11-05T14:11:28.429+0000] {processor.py:183} INFO - Processing /opt/airflow/dags/first_dag.py took 0.242 seconds
[2025-11-05T14:11:58.941+0000] {processor.py:161} INFO - Started process (PID=877) to work on /opt/airflow/dags/first_dag.py
[2025-11-05T14:11:58.945+0000] {processor.py:830} INFO - Processing file /opt/airflow/dags/first_dag.py for tasks to queue
[2025-11-05T14:11:58.961+0000] {logging_mixin.py:188} INFO - [2025-11-05T14:11:58.960+0000] {dagbag.py:538} INFO - Filling up the DagBag from /opt/airflow/dags/first_dag.py
[2025-11-05T14:11:59.054+0000] {processor.py:840} INFO - DAG(s) 'first_dag' retrieved from /opt/airflow/dags/first_dag.py
[2025-11-05T14:11:59.171+0000] {logging_mixin.py:188} INFO - [2025-11-05T14:11:59.170+0000] {dag.py:3036} INFO - Sync 1 DAGs
[2025-11-05T14:11:59.332+0000] {logging_mixin.py:188} INFO - [2025-11-05T14:11:59.331+0000] {dag.py:3823} INFO - Setting next_dagrun for first_dag to None, run_after=None
[2025-11-05T14:11:59.479+0000] {processor.py:183} INFO - Processing /opt/airflow/dags/first_dag.py took 0.572 seconds
[2025-11-05T14:12:29.989+0000] {processor.py:161} INFO - Started process (PID=883) to work on /opt/airflow/dags/first_dag.py
[2025-11-05T14:12:29.992+0000] {processor.py:830} INFO - Processing file /opt/airflow/dags/first_dag.py for tasks to queue
[2025-11-05T14:12:29.998+0000] {logging_mixin.py:188} INFO - [2025-11-05T14:12:29.997+0000] {dagbag.py:538} INFO - Filling up the DagBag from /opt/airflow/dags/first_dag.py
[2025-11-05T14:12:30.044+0000] {processor.py:840} INFO - DAG(s) 'first_dag' retrieved from /opt/airflow/dags/first_dag.py
[2025-11-05T14:12:30.089+0000] {logging_mixin.py:188} INFO - [2025-11-05T14:12:30.088+0000] {dag.py:3036} INFO - Sync 1 DAGs
[2025-11-05T14:12:30.138+0000] {logging_mixin.py:188} INFO - [2025-11-05T14:12:30.137+0000] {dag.py:3823} INFO - Setting next_dagrun for first_dag to None, run_after=None
[2025-11-05T14:12:30.182+0000] {processor.py:183} INFO - Processing /opt/airflow/dags/first_dag.py took 0.203 seconds
[2025-11-05T14:13:00.433+0000] {processor.py:161} INFO - Started process (PID=890) to work on /opt/airflow/dags/first_dag.py
[2025-11-05T14:13:00.435+0000] {processor.py:830} INFO - Processing file /opt/airflow/dags/first_dag.py for tasks to queue
[2025-11-05T14:13:00.440+0000] {logging_mixin.py:188} INFO - [2025-11-05T14:13:00.439+0000] {dagbag.py:538} INFO - Filling up the DagBag from /opt/airflow/dags/first_dag.py
[2025-11-05T14:13:00.489+0000] {processor.py:840} INFO - DAG(s) 'first_dag' retrieved from /opt/airflow/dags/first_dag.py
[2025-11-05T14:13:00.548+0000] {logging_mixin.py:188} INFO - [2025-11-05T14:13:00.547+0000] {dag.py:3036} INFO - Sync 1 DAGs
[2025-11-05T14:13:00.613+0000] {logging_mixin.py:188} INFO - [2025-11-05T14:13:00.612+0000] {dag.py:3823} INFO - Setting next_dagrun for first_dag to None, run_after=None
[2025-11-05T14:13:00.666+0000] {processor.py:183} INFO - Processing /opt/airflow/dags/first_dag.py took 0.243 seconds
[2025-11-05T14:13:30.992+0000] {processor.py:161} INFO - Started process (PID=897) to work on /opt/airflow/dags/first_dag.py
[2025-11-05T14:13:30.996+0000] {processor.py:830} INFO - Processing file /opt/airflow/dags/first_dag.py for tasks to queue
[2025-11-05T14:13:31.002+0000] {logging_mixin.py:188} INFO - [2025-11-05T14:13:31.002+0000] {dagbag.py:538} INFO - Filling up the DagBag from /opt/airflow/dags/first_dag.py
[2025-11-05T14:13:31.054+0000] {processor.py:840} INFO - DAG(s) 'first_dag' retrieved from /opt/airflow/dags/first_dag.py
[2025-11-05T14:13:31.103+0000] {logging_mixin.py:188} INFO - [2025-11-05T14:13:31.102+0000] {dag.py:3036} INFO - Sync 1 DAGs
[2025-11-05T14:13:31.160+0000] {logging_mixin.py:188} INFO - [2025-11-05T14:13:31.159+0000] {dag.py:3823} INFO - Setting next_dagrun for first_dag to None, run_after=None
[2025-11-05T14:13:31.209+0000] {processor.py:183} INFO - Processing /opt/airflow/dags/first_dag.py took 0.227 seconds
[2025-11-05T14:14:01.412+0000] {processor.py:161} INFO - Started process (PID=904) to work on /opt/airflow/dags/first_dag.py
[2025-11-05T14:14:01.415+0000] {processor.py:830} INFO - Processing file /opt/airflow/dags/first_dag.py for tasks to queue
[2025-11-05T14:14:01.421+0000] {logging_mixin.py:188} INFO - [2025-11-05T14:14:01.420+0000] {dagbag.py:538} INFO - Filling up the DagBag from /opt/airflow/dags/first_dag.py
[2025-11-05T14:14:01.474+0000] {processor.py:840} INFO - DAG(s) 'first_dag' retrieved from /opt/airflow/dags/first_dag.py
[2025-11-05T14:14:01.531+0000] {logging_mixin.py:188} INFO - [2025-11-05T14:14:01.530+0000] {dag.py:3036} INFO - Sync 1 DAGs
[2025-11-05T14:14:01.598+0000] {logging_mixin.py:188} INFO - [2025-11-05T14:14:01.598+0000] {dag.py:3823} INFO - Setting next_dagrun for first_dag to None, run_after=None
[2025-11-05T14:14:01.662+0000] {processor.py:183} INFO - Processing /opt/airflow/dags/first_dag.py took 0.262 seconds
[2025-11-05T14:14:31.951+0000] {processor.py:161} INFO - Started process (PID=911) to work on /opt/airflow/dags/first_dag.py
[2025-11-05T14:14:31.955+0000] {processor.py:830} INFO - Processing file /opt/airflow/dags/first_dag.py for tasks to queue
[2025-11-05T14:14:31.962+0000] {logging_mixin.py:188} INFO - [2025-11-05T14:14:31.960+0000] {dagbag.py:538} INFO - Filling up the DagBag from /opt/airflow/dags/first_dag.py
[2025-11-05T14:14:32.017+0000] {processor.py:840} INFO - DAG(s) 'first_dag' retrieved from /opt/airflow/dags/first_dag.py
[2025-11-05T14:14:32.068+0000] {logging_mixin.py:188} INFO - [2025-11-05T14:14:32.067+0000] {dag.py:3036} INFO - Sync 1 DAGs
[2025-11-05T14:14:32.124+0000] {logging_mixin.py:188} INFO - [2025-11-05T14:14:32.124+0000] {dag.py:3823} INFO - Setting next_dagrun for first_dag to None, run_after=None
[2025-11-05T14:14:32.189+0000] {processor.py:183} INFO - Processing /opt/airflow/dags/first_dag.py took 0.251 seconds
[2025-11-05T14:15:02.667+0000] {processor.py:161} INFO - Started process (PID=918) to work on /opt/airflow/dags/first_dag.py
[2025-11-05T14:15:02.670+0000] {processor.py:830} INFO - Processing file /opt/airflow/dags/first_dag.py for tasks to queue
[2025-11-05T14:15:02.676+0000] {logging_mixin.py:188} INFO - [2025-11-05T14:15:02.675+0000] {dagbag.py:538} INFO - Filling up the DagBag from /opt/airflow/dags/first_dag.py
[2025-11-05T14:15:02.729+0000] {processor.py:840} INFO - DAG(s) 'first_dag' retrieved from /opt/airflow/dags/first_dag.py
[2025-11-05T14:15:02.788+0000] {logging_mixin.py:188} INFO - [2025-11-05T14:15:02.787+0000] {dag.py:3036} INFO - Sync 1 DAGs
[2025-11-05T14:15:02.858+0000] {logging_mixin.py:188} INFO - [2025-11-05T14:15:02.858+0000] {dag.py:3823} INFO - Setting next_dagrun for first_dag to None, run_after=None
[2025-11-05T14:15:02.920+0000] {processor.py:183} INFO - Processing /opt/airflow/dags/first_dag.py took 0.262 seconds
[2025-11-05T14:15:33.280+0000] {processor.py:161} INFO - Started process (PID=925) to work on /opt/airflow/dags/first_dag.py
[2025-11-05T14:15:33.289+0000] {processor.py:830} INFO - Processing file /opt/airflow/dags/first_dag.py for tasks to queue
[2025-11-05T14:15:33.296+0000] {logging_mixin.py:188} INFO - [2025-11-05T14:15:33.295+0000] {dagbag.py:538} INFO - Filling up the DagBag from /opt/airflow/dags/first_dag.py
[2025-11-05T14:15:33.366+0000] {processor.py:840} INFO - DAG(s) 'first_dag' retrieved from /opt/airflow/dags/first_dag.py
[2025-11-05T14:15:33.439+0000] {logging_mixin.py:188} INFO - [2025-11-05T14:15:33.438+0000] {dag.py:3036} INFO - Sync 1 DAGs
[2025-11-05T14:15:33.531+0000] {logging_mixin.py:188} INFO - [2025-11-05T14:15:33.530+0000] {dag.py:3823} INFO - Setting next_dagrun for first_dag to None, run_after=None
[2025-11-05T14:15:33.605+0000] {processor.py:183} INFO - Processing /opt/airflow/dags/first_dag.py took 0.339 seconds
[2025-11-05T14:16:04.097+0000] {processor.py:161} INFO - Started process (PID=933) to work on /opt/airflow/dags/first_dag.py
[2025-11-05T14:16:04.100+0000] {processor.py:830} INFO - Processing file /opt/airflow/dags/first_dag.py for tasks to queue
[2025-11-05T14:16:04.107+0000] {logging_mixin.py:188} INFO - [2025-11-05T14:16:04.107+0000] {dagbag.py:538} INFO - Filling up the DagBag from /opt/airflow/dags/first_dag.py
[2025-11-05T14:16:04.160+0000] {processor.py:840} INFO - DAG(s) 'first_dag' retrieved from /opt/airflow/dags/first_dag.py
[2025-11-05T14:16:04.230+0000] {logging_mixin.py:188} INFO - [2025-11-05T14:16:04.229+0000] {dag.py:3036} INFO - Sync 1 DAGs
[2025-11-05T14:16:04.318+0000] {logging_mixin.py:188} INFO - [2025-11-05T14:16:04.318+0000] {dag.py:3823} INFO - Setting next_dagrun for first_dag to None, run_after=None
[2025-11-05T14:16:04.388+0000] {processor.py:183} INFO - Processing /opt/airflow/dags/first_dag.py took 0.307 seconds
[2025-11-05T14:16:34.951+0000] {processor.py:161} INFO - Started process (PID=940) to work on /opt/airflow/dags/first_dag.py
[2025-11-05T14:16:34.954+0000] {processor.py:830} INFO - Processing file /opt/airflow/dags/first_dag.py for tasks to queue
[2025-11-05T14:16:34.958+0000] {logging_mixin.py:188} INFO - [2025-11-05T14:16:34.957+0000] {dagbag.py:538} INFO - Filling up the DagBag from /opt/airflow/dags/first_dag.py
[2025-11-05T14:16:35.008+0000] {processor.py:840} INFO - DAG(s) 'first_dag' retrieved from /opt/airflow/dags/first_dag.py
[2025-11-05T14:16:35.063+0000] {logging_mixin.py:188} INFO - [2025-11-05T14:16:35.062+0000] {dag.py:3036} INFO - Sync 1 DAGs
[2025-11-05T14:16:35.115+0000] {logging_mixin.py:188} INFO - [2025-11-05T14:16:35.114+0000] {dag.py:3823} INFO - Setting next_dagrun for first_dag to None, run_after=None
[2025-11-05T14:16:35.161+0000] {processor.py:183} INFO - Processing /opt/airflow/dags/first_dag.py took 0.219 seconds
[2025-11-05T14:17:05.330+0000] {processor.py:161} INFO - Started process (PID=948) to work on /opt/airflow/dags/first_dag.py
[2025-11-05T14:17:05.334+0000] {processor.py:830} INFO - Processing file /opt/airflow/dags/first_dag.py for tasks to queue
[2025-11-05T14:17:05.340+0000] {logging_mixin.py:188} INFO - [2025-11-05T14:17:05.339+0000] {dagbag.py:538} INFO - Filling up the DagBag from /opt/airflow/dags/first_dag.py
[2025-11-05T14:17:05.405+0000] {processor.py:840} INFO - DAG(s) 'first_dag' retrieved from /opt/airflow/dags/first_dag.py
[2025-11-05T14:17:05.463+0000] {logging_mixin.py:188} INFO - [2025-11-05T14:17:05.463+0000] {dag.py:3036} INFO - Sync 1 DAGs
[2025-11-05T14:17:05.556+0000] {logging_mixin.py:188} INFO - [2025-11-05T14:17:05.555+0000] {dag.py:3823} INFO - Setting next_dagrun for first_dag to None, run_after=None
[2025-11-05T14:17:05.636+0000] {processor.py:183} INFO - Processing /opt/airflow/dags/first_dag.py took 0.319 seconds
[2025-11-05T14:17:36.196+0000] {processor.py:161} INFO - Started process (PID=954) to work on /opt/airflow/dags/first_dag.py
[2025-11-05T14:17:36.199+0000] {processor.py:830} INFO - Processing file /opt/airflow/dags/first_dag.py for tasks to queue
[2025-11-05T14:17:36.204+0000] {logging_mixin.py:188} INFO - [2025-11-05T14:17:36.203+0000] {dagbag.py:538} INFO - Filling up the DagBag from /opt/airflow/dags/first_dag.py
[2025-11-05T14:17:36.247+0000] {processor.py:840} INFO - DAG(s) 'first_dag' retrieved from /opt/airflow/dags/first_dag.py
[2025-11-05T14:17:36.285+0000] {logging_mixin.py:188} INFO - [2025-11-05T14:17:36.285+0000] {dag.py:3036} INFO - Sync 1 DAGs
[2025-11-05T14:17:36.332+0000] {logging_mixin.py:188} INFO - [2025-11-05T14:17:36.332+0000] {dag.py:3823} INFO - Setting next_dagrun for first_dag to None, run_after=None
[2025-11-05T14:17:36.379+0000] {processor.py:183} INFO - Processing /opt/airflow/dags/first_dag.py took 0.192 seconds
[2025-11-05T14:18:06.762+0000] {processor.py:161} INFO - Started process (PID=961) to work on /opt/airflow/dags/first_dag.py
[2025-11-05T14:18:06.766+0000] {processor.py:830} INFO - Processing file /opt/airflow/dags/first_dag.py for tasks to queue
[2025-11-05T14:18:06.774+0000] {logging_mixin.py:188} INFO - [2025-11-05T14:18:06.773+0000] {dagbag.py:538} INFO - Filling up the DagBag from /opt/airflow/dags/first_dag.py
[2025-11-05T14:18:06.904+0000] {processor.py:840} INFO - DAG(s) 'first_dag' retrieved from /opt/airflow/dags/first_dag.py
[2025-11-05T14:18:06.990+0000] {logging_mixin.py:188} INFO - [2025-11-05T14:18:06.989+0000] {dag.py:3036} INFO - Sync 1 DAGs
[2025-11-05T14:18:07.101+0000] {logging_mixin.py:188} INFO - [2025-11-05T14:18:07.100+0000] {dag.py:3823} INFO - Setting next_dagrun for first_dag to None, run_after=None
[2025-11-05T14:18:07.214+0000] {processor.py:183} INFO - Processing /opt/airflow/dags/first_dag.py took 0.464 seconds
[2025-11-05T14:18:37.766+0000] {processor.py:161} INFO - Started process (PID=968) to work on /opt/airflow/dags/first_dag.py
[2025-11-05T14:18:37.770+0000] {processor.py:830} INFO - Processing file /opt/airflow/dags/first_dag.py for tasks to queue
[2025-11-05T14:18:37.778+0000] {logging_mixin.py:188} INFO - [2025-11-05T14:18:37.777+0000] {dagbag.py:538} INFO - Filling up the DagBag from /opt/airflow/dags/first_dag.py
[2025-11-05T14:18:37.830+0000] {processor.py:840} INFO - DAG(s) 'first_dag' retrieved from /opt/airflow/dags/first_dag.py
[2025-11-05T14:18:37.893+0000] {logging_mixin.py:188} INFO - [2025-11-05T14:18:37.892+0000] {dag.py:3036} INFO - Sync 1 DAGs
[2025-11-05T14:18:37.958+0000] {logging_mixin.py:188} INFO - [2025-11-05T14:18:37.957+0000] {dag.py:3823} INFO - Setting next_dagrun for first_dag to None, run_after=None
[2025-11-05T14:18:38.022+0000] {processor.py:183} INFO - Processing /opt/airflow/dags/first_dag.py took 0.272 seconds
[2025-11-05T14:19:08.222+0000] {processor.py:161} INFO - Started process (PID=975) to work on /opt/airflow/dags/first_dag.py
[2025-11-05T14:19:08.225+0000] {processor.py:830} INFO - Processing file /opt/airflow/dags/first_dag.py for tasks to queue
[2025-11-05T14:19:08.229+0000] {logging_mixin.py:188} INFO - [2025-11-05T14:19:08.228+0000] {dagbag.py:538} INFO - Filling up the DagBag from /opt/airflow/dags/first_dag.py
[2025-11-05T14:19:08.289+0000] {processor.py:840} INFO - DAG(s) 'first_dag' retrieved from /opt/airflow/dags/first_dag.py
[2025-11-05T14:19:08.350+0000] {logging_mixin.py:188} INFO - [2025-11-05T14:19:08.350+0000] {dag.py:3036} INFO - Sync 1 DAGs
[2025-11-05T14:19:08.404+0000] {logging_mixin.py:188} INFO - [2025-11-05T14:19:08.403+0000] {dag.py:3823} INFO - Setting next_dagrun for first_dag to None, run_after=None
[2025-11-05T14:19:08.456+0000] {processor.py:183} INFO - Processing /opt/airflow/dags/first_dag.py took 0.245 seconds
[2025-11-05T14:19:38.835+0000] {processor.py:161} INFO - Started process (PID=982) to work on /opt/airflow/dags/first_dag.py
[2025-11-05T14:19:38.839+0000] {processor.py:830} INFO - Processing file /opt/airflow/dags/first_dag.py for tasks to queue
[2025-11-05T14:19:38.844+0000] {logging_mixin.py:188} INFO - [2025-11-05T14:19:38.843+0000] {dagbag.py:538} INFO - Filling up the DagBag from /opt/airflow/dags/first_dag.py
[2025-11-05T14:19:38.909+0000] {processor.py:840} INFO - DAG(s) 'first_dag' retrieved from /opt/airflow/dags/first_dag.py
[2025-11-05T14:19:38.963+0000] {logging_mixin.py:188} INFO - [2025-11-05T14:19:38.962+0000] {dag.py:3036} INFO - Sync 1 DAGs
[2025-11-05T14:19:39.027+0000] {logging_mixin.py:188} INFO - [2025-11-05T14:19:39.026+0000] {dag.py:3823} INFO - Setting next_dagrun for first_dag to None, run_after=None
[2025-11-05T14:19:39.083+0000] {processor.py:183} INFO - Processing /opt/airflow/dags/first_dag.py took 0.257 seconds
[2025-11-05T14:20:09.334+0000] {processor.py:161} INFO - Started process (PID=990) to work on /opt/airflow/dags/first_dag.py
[2025-11-05T14:20:09.337+0000] {processor.py:830} INFO - Processing file /opt/airflow/dags/first_dag.py for tasks to queue
[2025-11-05T14:20:09.343+0000] {logging_mixin.py:188} INFO - [2025-11-05T14:20:09.342+0000] {dagbag.py:538} INFO - Filling up the DagBag from /opt/airflow/dags/first_dag.py
[2025-11-05T14:20:09.414+0000] {processor.py:840} INFO - DAG(s) 'first_dag' retrieved from /opt/airflow/dags/first_dag.py
[2025-11-05T14:20:09.478+0000] {logging_mixin.py:188} INFO - [2025-11-05T14:20:09.477+0000] {dag.py:3036} INFO - Sync 1 DAGs
[2025-11-05T14:20:09.553+0000] {logging_mixin.py:188} INFO - [2025-11-05T14:20:09.552+0000] {dag.py:3823} INFO - Setting next_dagrun for first_dag to None, run_after=None
[2025-11-05T14:20:09.598+0000] {processor.py:183} INFO - Processing /opt/airflow/dags/first_dag.py took 0.273 seconds
[2025-11-05T14:20:39.837+0000] {processor.py:161} INFO - Started process (PID=998) to work on /opt/airflow/dags/first_dag.py
[2025-11-05T14:20:39.840+0000] {processor.py:830} INFO - Processing file /opt/airflow/dags/first_dag.py for tasks to queue
[2025-11-05T14:20:39.845+0000] {logging_mixin.py:188} INFO - [2025-11-05T14:20:39.844+0000] {dagbag.py:538} INFO - Filling up the DagBag from /opt/airflow/dags/first_dag.py
[2025-11-05T14:20:39.893+0000] {processor.py:840} INFO - DAG(s) 'first_dag' retrieved from /opt/airflow/dags/first_dag.py
[2025-11-05T14:20:39.947+0000] {logging_mixin.py:188} INFO - [2025-11-05T14:20:39.947+0000] {dag.py:3036} INFO - Sync 1 DAGs
[2025-11-05T14:20:40.068+0000] {logging_mixin.py:188} INFO - [2025-11-05T14:20:40.067+0000] {dag.py:3823} INFO - Setting next_dagrun for first_dag to None, run_after=None
[2025-11-05T14:20:40.124+0000] {processor.py:183} INFO - Processing /opt/airflow/dags/first_dag.py took 0.296 seconds
[2025-11-05T14:21:10.431+0000] {processor.py:161} INFO - Started process (PID=1005) to work on /opt/airflow/dags/first_dag.py
[2025-11-05T14:21:10.435+0000] {processor.py:830} INFO - Processing file /opt/airflow/dags/first_dag.py for tasks to queue
[2025-11-05T14:21:10.442+0000] {logging_mixin.py:188} INFO - [2025-11-05T14:21:10.441+0000] {dagbag.py:538} INFO - Filling up the DagBag from /opt/airflow/dags/first_dag.py
[2025-11-05T14:21:10.488+0000] {processor.py:840} INFO - DAG(s) 'first_dag' retrieved from /opt/airflow/dags/first_dag.py
[2025-11-05T14:21:10.540+0000] {logging_mixin.py:188} INFO - [2025-11-05T14:21:10.540+0000] {dag.py:3036} INFO - Sync 1 DAGs
[2025-11-05T14:21:10.639+0000] {logging_mixin.py:188} INFO - [2025-11-05T14:21:10.638+0000] {dag.py:3823} INFO - Setting next_dagrun for first_dag to None, run_after=None
[2025-11-05T14:21:10.719+0000] {processor.py:183} INFO - Processing /opt/airflow/dags/first_dag.py took 0.298 seconds
[2025-11-05T14:21:41.103+0000] {processor.py:161} INFO - Started process (PID=1012) to work on /opt/airflow/dags/first_dag.py
[2025-11-05T14:21:41.106+0000] {processor.py:830} INFO - Processing file /opt/airflow/dags/first_dag.py for tasks to queue
[2025-11-05T14:21:41.113+0000] {logging_mixin.py:188} INFO - [2025-11-05T14:21:41.111+0000] {dagbag.py:538} INFO - Filling up the DagBag from /opt/airflow/dags/first_dag.py
[2025-11-05T14:21:41.157+0000] {processor.py:840} INFO - DAG(s) 'first_dag' retrieved from /opt/airflow/dags/first_dag.py
[2025-11-05T14:21:41.200+0000] {logging_mixin.py:188} INFO - [2025-11-05T14:21:41.199+0000] {dag.py:3036} INFO - Sync 1 DAGs
[2025-11-05T14:21:41.263+0000] {logging_mixin.py:188} INFO - [2025-11-05T14:21:41.262+0000] {dag.py:3823} INFO - Setting next_dagrun for first_dag to None, run_after=None
[2025-11-05T14:21:41.328+0000] {processor.py:183} INFO - Processing /opt/airflow/dags/first_dag.py took 0.234 seconds
[2025-11-05T14:22:11.485+0000] {processor.py:161} INFO - Started process (PID=1019) to work on /opt/airflow/dags/first_dag.py
[2025-11-05T14:22:11.489+0000] {processor.py:830} INFO - Processing file /opt/airflow/dags/first_dag.py for tasks to queue
[2025-11-05T14:22:11.495+0000] {logging_mixin.py:188} INFO - [2025-11-05T14:22:11.494+0000] {dagbag.py:538} INFO - Filling up the DagBag from /opt/airflow/dags/first_dag.py
[2025-11-05T14:22:11.549+0000] {processor.py:840} INFO - DAG(s) 'first_dag' retrieved from /opt/airflow/dags/first_dag.py
[2025-11-05T14:22:11.598+0000] {logging_mixin.py:188} INFO - [2025-11-05T14:22:11.597+0000] {dag.py:3036} INFO - Sync 1 DAGs
[2025-11-05T14:22:11.658+0000] {logging_mixin.py:188} INFO - [2025-11-05T14:22:11.657+0000] {dag.py:3823} INFO - Setting next_dagrun for first_dag to None, run_after=None
[2025-11-05T14:22:11.705+0000] {processor.py:183} INFO - Processing /opt/airflow/dags/first_dag.py took 0.234 seconds
[2025-11-05T14:22:42.151+0000] {processor.py:161} INFO - Started process (PID=1026) to work on /opt/airflow/dags/first_dag.py
[2025-11-05T14:22:42.154+0000] {processor.py:830} INFO - Processing file /opt/airflow/dags/first_dag.py for tasks to queue
[2025-11-05T14:22:42.159+0000] {logging_mixin.py:188} INFO - [2025-11-05T14:22:42.158+0000] {dagbag.py:538} INFO - Filling up the DagBag from /opt/airflow/dags/first_dag.py
[2025-11-05T14:22:42.212+0000] {processor.py:840} INFO - DAG(s) 'first_dag' retrieved from /opt/airflow/dags/first_dag.py
[2025-11-05T14:22:42.249+0000] {logging_mixin.py:188} INFO - [2025-11-05T14:22:42.248+0000] {dag.py:3036} INFO - Sync 1 DAGs
[2025-11-05T14:22:42.289+0000] {logging_mixin.py:188} INFO - [2025-11-05T14:22:42.289+0000] {dag.py:3823} INFO - Setting next_dagrun for first_dag to None, run_after=None
[2025-11-05T14:22:42.329+0000] {processor.py:183} INFO - Processing /opt/airflow/dags/first_dag.py took 0.185 seconds
[2025-11-05T14:23:12.628+0000] {processor.py:161} INFO - Started process (PID=1033) to work on /opt/airflow/dags/first_dag.py
[2025-11-05T14:23:12.631+0000] {processor.py:830} INFO - Processing file /opt/airflow/dags/first_dag.py for tasks to queue
[2025-11-05T14:23:12.636+0000] {logging_mixin.py:188} INFO - [2025-11-05T14:23:12.635+0000] {dagbag.py:538} INFO - Filling up the DagBag from /opt/airflow/dags/first_dag.py
[2025-11-05T14:23:12.684+0000] {processor.py:840} INFO - DAG(s) 'first_dag' retrieved from /opt/airflow/dags/first_dag.py
[2025-11-05T14:23:12.724+0000] {logging_mixin.py:188} INFO - [2025-11-05T14:23:12.724+0000] {dag.py:3036} INFO - Sync 1 DAGs
[2025-11-05T14:23:12.765+0000] {logging_mixin.py:188} INFO - [2025-11-05T14:23:12.765+0000] {dag.py:3823} INFO - Setting next_dagrun for first_dag to None, run_after=None
[2025-11-05T14:23:12.808+0000] {processor.py:183} INFO - Processing /opt/airflow/dags/first_dag.py took 0.190 seconds
[2025-11-05T14:23:43.341+0000] {processor.py:161} INFO - Started process (PID=1040) to work on /opt/airflow/dags/first_dag.py
[2025-11-05T14:23:43.344+0000] {processor.py:830} INFO - Processing file /opt/airflow/dags/first_dag.py for tasks to queue
[2025-11-05T14:23:43.349+0000] {logging_mixin.py:188} INFO - [2025-11-05T14:23:43.347+0000] {dagbag.py:538} INFO - Filling up the DagBag from /opt/airflow/dags/first_dag.py
[2025-11-05T14:23:43.396+0000] {processor.py:840} INFO - DAG(s) 'first_dag' retrieved from /opt/airflow/dags/first_dag.py
[2025-11-05T14:23:43.437+0000] {logging_mixin.py:188} INFO - [2025-11-05T14:23:43.437+0000] {dag.py:3036} INFO - Sync 1 DAGs
[2025-11-05T14:23:43.505+0000] {logging_mixin.py:188} INFO - [2025-11-05T14:23:43.504+0000] {dag.py:3823} INFO - Setting next_dagrun for first_dag to None, run_after=None
[2025-11-05T14:23:43.563+0000] {processor.py:183} INFO - Processing /opt/airflow/dags/first_dag.py took 0.229 seconds
[2025-11-05T14:24:13.927+0000] {processor.py:161} INFO - Started process (PID=1048) to work on /opt/airflow/dags/first_dag.py
[2025-11-05T14:24:13.931+0000] {processor.py:830} INFO - Processing file /opt/airflow/dags/first_dag.py for tasks to queue
[2025-11-05T14:24:13.940+0000] {logging_mixin.py:188} INFO - [2025-11-05T14:24:13.939+0000] {dagbag.py:538} INFO - Filling up the DagBag from /opt/airflow/dags/first_dag.py
[2025-11-05T14:24:14.010+0000] {processor.py:840} INFO - DAG(s) 'first_dag' retrieved from /opt/airflow/dags/first_dag.py
[2025-11-05T14:24:14.121+0000] {logging_mixin.py:188} INFO - [2025-11-05T14:24:14.120+0000] {dag.py:3036} INFO - Sync 1 DAGs
[2025-11-05T14:24:14.193+0000] {logging_mixin.py:188} INFO - [2025-11-05T14:24:14.192+0000] {dag.py:3823} INFO - Setting next_dagrun for first_dag to None, run_after=None
[2025-11-05T14:24:14.237+0000] {processor.py:183} INFO - Processing /opt/airflow/dags/first_dag.py took 0.326 seconds
[2025-11-05T14:24:44.501+0000] {processor.py:161} INFO - Started process (PID=1055) to work on /opt/airflow/dags/first_dag.py
[2025-11-05T14:24:44.505+0000] {processor.py:830} INFO - Processing file /opt/airflow/dags/first_dag.py for tasks to queue
[2025-11-05T14:24:44.514+0000] {logging_mixin.py:188} INFO - [2025-11-05T14:24:44.513+0000] {dagbag.py:538} INFO - Filling up the DagBag from /opt/airflow/dags/first_dag.py
[2025-11-05T14:24:44.576+0000] {processor.py:840} INFO - DAG(s) 'first_dag' retrieved from /opt/airflow/dags/first_dag.py
[2025-11-05T14:24:44.714+0000] {logging_mixin.py:188} INFO - [2025-11-05T14:24:44.713+0000] {dag.py:3036} INFO - Sync 1 DAGs
[2025-11-05T14:24:44.877+0000] {logging_mixin.py:188} INFO - [2025-11-05T14:24:44.875+0000] {dag.py:3823} INFO - Setting next_dagrun for first_dag to None, run_after=None
[2025-11-05T14:24:45.001+0000] {processor.py:183} INFO - Processing /opt/airflow/dags/first_dag.py took 0.510 seconds
[2025-11-05T14:25:15.356+0000] {processor.py:161} INFO - Started process (PID=1062) to work on /opt/airflow/dags/first_dag.py
[2025-11-05T14:25:15.361+0000] {processor.py:830} INFO - Processing file /opt/airflow/dags/first_dag.py for tasks to queue
[2025-11-05T14:25:15.373+0000] {logging_mixin.py:188} INFO - [2025-11-05T14:25:15.372+0000] {dagbag.py:538} INFO - Filling up the DagBag from /opt/airflow/dags/first_dag.py
[2025-11-05T14:25:15.447+0000] {processor.py:840} INFO - DAG(s) 'first_dag' retrieved from /opt/airflow/dags/first_dag.py
[2025-11-05T14:25:15.497+0000] {logging_mixin.py:188} INFO - [2025-11-05T14:25:15.496+0000] {dag.py:3036} INFO - Sync 1 DAGs
[2025-11-05T14:25:15.536+0000] {logging_mixin.py:188} INFO - [2025-11-05T14:25:15.536+0000] {dag.py:3823} INFO - Setting next_dagrun for first_dag to None, run_after=None
[2025-11-05T14:25:15.574+0000] {processor.py:183} INFO - Processing /opt/airflow/dags/first_dag.py took 0.267 seconds
[2025-11-05T14:25:46.080+0000] {processor.py:161} INFO - Started process (PID=1069) to work on /opt/airflow/dags/first_dag.py
[2025-11-05T14:25:46.085+0000] {processor.py:830} INFO - Processing file /opt/airflow/dags/first_dag.py for tasks to queue
[2025-11-05T14:25:46.092+0000] {logging_mixin.py:188} INFO - [2025-11-05T14:25:46.091+0000] {dagbag.py:538} INFO - Filling up the DagBag from /opt/airflow/dags/first_dag.py
[2025-11-05T14:25:46.139+0000] {processor.py:840} INFO - DAG(s) 'first_dag' retrieved from /opt/airflow/dags/first_dag.py
[2025-11-05T14:25:46.192+0000] {logging_mixin.py:188} INFO - [2025-11-05T14:25:46.192+0000] {dag.py:3036} INFO - Sync 1 DAGs
[2025-11-05T14:25:46.267+0000] {logging_mixin.py:188} INFO - [2025-11-05T14:25:46.267+0000] {dag.py:3823} INFO - Setting next_dagrun for first_dag to None, run_after=None
[2025-11-05T14:25:46.314+0000] {processor.py:183} INFO - Processing /opt/airflow/dags/first_dag.py took 0.242 seconds
[2025-11-05T14:26:16.531+0000] {processor.py:161} INFO - Started process (PID=1076) to work on /opt/airflow/dags/first_dag.py
[2025-11-05T14:26:16.534+0000] {processor.py:830} INFO - Processing file /opt/airflow/dags/first_dag.py for tasks to queue
[2025-11-05T14:26:16.544+0000] {logging_mixin.py:188} INFO - [2025-11-05T14:26:16.542+0000] {dagbag.py:538} INFO - Filling up the DagBag from /opt/airflow/dags/first_dag.py
[2025-11-05T14:26:16.621+0000] {processor.py:840} INFO - DAG(s) 'first_dag' retrieved from /opt/airflow/dags/first_dag.py
[2025-11-05T14:26:16.669+0000] {logging_mixin.py:188} INFO - [2025-11-05T14:26:16.668+0000] {dag.py:3036} INFO - Sync 1 DAGs
[2025-11-05T14:26:16.725+0000] {logging_mixin.py:188} INFO - [2025-11-05T14:26:16.724+0000] {dag.py:3823} INFO - Setting next_dagrun for first_dag to None, run_after=None
[2025-11-05T14:26:16.814+0000] {processor.py:183} INFO - Processing /opt/airflow/dags/first_dag.py took 0.297 seconds
[2025-11-05T14:26:47.273+0000] {processor.py:161} INFO - Started process (PID=1083) to work on /opt/airflow/dags/first_dag.py
[2025-11-05T14:26:47.280+0000] {processor.py:830} INFO - Processing file /opt/airflow/dags/first_dag.py for tasks to queue
[2025-11-05T14:26:47.286+0000] {logging_mixin.py:188} INFO - [2025-11-05T14:26:47.285+0000] {dagbag.py:538} INFO - Filling up the DagBag from /opt/airflow/dags/first_dag.py
[2025-11-05T14:26:47.331+0000] {processor.py:840} INFO - DAG(s) 'first_dag' retrieved from /opt/airflow/dags/first_dag.py
[2025-11-05T14:26:47.409+0000] {logging_mixin.py:188} INFO - [2025-11-05T14:26:47.408+0000] {dag.py:3036} INFO - Sync 1 DAGs
[2025-11-05T14:26:47.458+0000] {logging_mixin.py:188} INFO - [2025-11-05T14:26:47.457+0000] {dag.py:3823} INFO - Setting next_dagrun for first_dag to None, run_after=None
[2025-11-05T14:26:47.510+0000] {processor.py:183} INFO - Processing /opt/airflow/dags/first_dag.py took 0.251 seconds
[2025-11-05T14:27:17.709+0000] {processor.py:161} INFO - Started process (PID=1090) to work on /opt/airflow/dags/first_dag.py
[2025-11-05T14:27:17.712+0000] {processor.py:830} INFO - Processing file /opt/airflow/dags/first_dag.py for tasks to queue
[2025-11-05T14:27:17.716+0000] {logging_mixin.py:188} INFO - [2025-11-05T14:27:17.716+0000] {dagbag.py:538} INFO - Filling up the DagBag from /opt/airflow/dags/first_dag.py
[2025-11-05T14:27:17.765+0000] {processor.py:840} INFO - DAG(s) 'first_dag' retrieved from /opt/airflow/dags/first_dag.py
[2025-11-05T14:27:17.805+0000] {logging_mixin.py:188} INFO - [2025-11-05T14:27:17.805+0000] {dag.py:3036} INFO - Sync 1 DAGs
[2025-11-05T14:27:17.866+0000] {logging_mixin.py:188} INFO - [2025-11-05T14:27:17.865+0000] {dag.py:3823} INFO - Setting next_dagrun for first_dag to None, run_after=None
[2025-11-05T14:27:17.908+0000] {processor.py:183} INFO - Processing /opt/airflow/dags/first_dag.py took 0.207 seconds
[2025-11-05T14:27:48.418+0000] {processor.py:161} INFO - Started process (PID=1097) to work on /opt/airflow/dags/first_dag.py
[2025-11-05T14:27:48.421+0000] {processor.py:830} INFO - Processing file /opt/airflow/dags/first_dag.py for tasks to queue
[2025-11-05T14:27:48.426+0000] {logging_mixin.py:188} INFO - [2025-11-05T14:27:48.425+0000] {dagbag.py:538} INFO - Filling up the DagBag from /opt/airflow/dags/first_dag.py
[2025-11-05T14:27:48.472+0000] {processor.py:840} INFO - DAG(s) 'first_dag' retrieved from /opt/airflow/dags/first_dag.py
[2025-11-05T14:27:48.543+0000] {logging_mixin.py:188} INFO - [2025-11-05T14:27:48.543+0000] {dag.py:3036} INFO - Sync 1 DAGs
[2025-11-05T14:27:48.584+0000] {logging_mixin.py:188} INFO - [2025-11-05T14:27:48.584+0000] {dag.py:3823} INFO - Setting next_dagrun for first_dag to None, run_after=None
[2025-11-05T14:27:48.626+0000] {processor.py:183} INFO - Processing /opt/airflow/dags/first_dag.py took 0.186 seconds
[2025-11-05T14:28:19.064+0000] {processor.py:161} INFO - Started process (PID=1105) to work on /opt/airflow/dags/first_dag.py
[2025-11-05T14:28:19.067+0000] {processor.py:830} INFO - Processing file /opt/airflow/dags/first_dag.py for tasks to queue
[2025-11-05T14:28:19.072+0000] {logging_mixin.py:188} INFO - [2025-11-05T14:28:19.072+0000] {dagbag.py:538} INFO - Filling up the DagBag from /opt/airflow/dags/first_dag.py
[2025-11-05T14:28:19.120+0000] {processor.py:840} INFO - DAG(s) 'first_dag' retrieved from /opt/airflow/dags/first_dag.py
[2025-11-05T14:28:19.170+0000] {logging_mixin.py:188} INFO - [2025-11-05T14:28:19.169+0000] {dag.py:3036} INFO - Sync 1 DAGs
[2025-11-05T14:28:19.227+0000] {logging_mixin.py:188} INFO - [2025-11-05T14:28:19.227+0000] {dag.py:3823} INFO - Setting next_dagrun for first_dag to None, run_after=None
[2025-11-05T14:28:19.275+0000] {processor.py:183} INFO - Processing /opt/airflow/dags/first_dag.py took 0.220 seconds
[2025-11-05T14:28:49.675+0000] {processor.py:161} INFO - Started process (PID=1113) to work on /opt/airflow/dags/first_dag.py
[2025-11-05T14:28:49.677+0000] {processor.py:830} INFO - Processing file /opt/airflow/dags/first_dag.py for tasks to queue
[2025-11-05T14:28:49.682+0000] {logging_mixin.py:188} INFO - [2025-11-05T14:28:49.681+0000] {dagbag.py:538} INFO - Filling up the DagBag from /opt/airflow/dags/first_dag.py
[2025-11-05T14:28:49.733+0000] {processor.py:840} INFO - DAG(s) 'first_dag' retrieved from /opt/airflow/dags/first_dag.py
[2025-11-05T14:28:49.771+0000] {logging_mixin.py:188} INFO - [2025-11-05T14:28:49.771+0000] {dag.py:3036} INFO - Sync 1 DAGs
[2025-11-05T14:28:49.813+0000] {logging_mixin.py:188} INFO - [2025-11-05T14:28:49.813+0000] {dag.py:3823} INFO - Setting next_dagrun for first_dag to None, run_after=None
[2025-11-05T14:28:49.861+0000] {processor.py:183} INFO - Processing /opt/airflow/dags/first_dag.py took 0.195 seconds
[2025-11-05T14:29:20.260+0000] {processor.py:161} INFO - Started process (PID=1120) to work on /opt/airflow/dags/first_dag.py
[2025-11-05T14:29:20.264+0000] {processor.py:830} INFO - Processing file /opt/airflow/dags/first_dag.py for tasks to queue
[2025-11-05T14:29:20.269+0000] {logging_mixin.py:188} INFO - [2025-11-05T14:29:20.269+0000] {dagbag.py:538} INFO - Filling up the DagBag from /opt/airflow/dags/first_dag.py
[2025-11-05T14:29:20.316+0000] {processor.py:840} INFO - DAG(s) 'first_dag' retrieved from /opt/airflow/dags/first_dag.py
[2025-11-05T14:29:20.363+0000] {logging_mixin.py:188} INFO - [2025-11-05T14:29:20.363+0000] {dag.py:3036} INFO - Sync 1 DAGs
[2025-11-05T14:29:20.418+0000] {logging_mixin.py:188} INFO - [2025-11-05T14:29:20.418+0000] {dag.py:3823} INFO - Setting next_dagrun for first_dag to None, run_after=None
[2025-11-05T14:29:20.474+0000] {processor.py:183} INFO - Processing /opt/airflow/dags/first_dag.py took 0.225 seconds
[2025-11-05T14:29:50.918+0000] {processor.py:161} INFO - Started process (PID=1133) to work on /opt/airflow/dags/first_dag.py
[2025-11-05T14:29:50.920+0000] {processor.py:830} INFO - Processing file /opt/airflow/dags/first_dag.py for tasks to queue
[2025-11-05T14:29:50.925+0000] {logging_mixin.py:188} INFO - [2025-11-05T14:29:50.924+0000] {dagbag.py:538} INFO - Filling up the DagBag from /opt/airflow/dags/first_dag.py
[2025-11-05T14:29:50.965+0000] {processor.py:840} INFO - DAG(s) 'first_dag' retrieved from /opt/airflow/dags/first_dag.py
[2025-11-05T14:29:51.003+0000] {logging_mixin.py:188} INFO - [2025-11-05T14:29:51.003+0000] {dag.py:3036} INFO - Sync 1 DAGs
[2025-11-05T14:29:51.045+0000] {logging_mixin.py:188} INFO - [2025-11-05T14:29:51.045+0000] {dag.py:3823} INFO - Setting next_dagrun for first_dag to None, run_after=None
[2025-11-05T14:29:51.087+0000] {processor.py:183} INFO - Processing /opt/airflow/dags/first_dag.py took 0.180 seconds
[2025-11-05T14:30:21.480+0000] {processor.py:161} INFO - Started process (PID=1140) to work on /opt/airflow/dags/first_dag.py
[2025-11-05T14:30:21.484+0000] {processor.py:830} INFO - Processing file /opt/airflow/dags/first_dag.py for tasks to queue
[2025-11-05T14:30:21.489+0000] {logging_mixin.py:188} INFO - [2025-11-05T14:30:21.488+0000] {dagbag.py:538} INFO - Filling up the DagBag from /opt/airflow/dags/first_dag.py
[2025-11-05T14:30:21.540+0000] {processor.py:840} INFO - DAG(s) 'first_dag' retrieved from /opt/airflow/dags/first_dag.py
[2025-11-05T14:30:21.578+0000] {logging_mixin.py:188} INFO - [2025-11-05T14:30:21.577+0000] {dag.py:3036} INFO - Sync 1 DAGs
[2025-11-05T14:30:21.619+0000] {logging_mixin.py:188} INFO - [2025-11-05T14:30:21.619+0000] {dag.py:3823} INFO - Setting next_dagrun for first_dag to None, run_after=None
[2025-11-05T14:30:21.660+0000] {processor.py:183} INFO - Processing /opt/airflow/dags/first_dag.py took 0.189 seconds
[2025-11-05T14:30:52.110+0000] {processor.py:161} INFO - Started process (PID=1147) to work on /opt/airflow/dags/first_dag.py
[2025-11-05T14:30:52.112+0000] {processor.py:830} INFO - Processing file /opt/airflow/dags/first_dag.py for tasks to queue
[2025-11-05T14:30:52.117+0000] {logging_mixin.py:188} INFO - [2025-11-05T14:30:52.116+0000] {dagbag.py:538} INFO - Filling up the DagBag from /opt/airflow/dags/first_dag.py
[2025-11-05T14:30:52.164+0000] {processor.py:840} INFO - DAG(s) 'first_dag' retrieved from /opt/airflow/dags/first_dag.py
[2025-11-05T14:30:52.201+0000] {logging_mixin.py:188} INFO - [2025-11-05T14:30:52.201+0000] {dag.py:3036} INFO - Sync 1 DAGs
[2025-11-05T14:30:52.242+0000] {logging_mixin.py:188} INFO - [2025-11-05T14:30:52.242+0000] {dag.py:3823} INFO - Setting next_dagrun for first_dag to None, run_after=None
[2025-11-05T14:30:52.282+0000] {processor.py:183} INFO - Processing /opt/airflow/dags/first_dag.py took 0.180 seconds
[2025-11-05T14:31:22.632+0000] {processor.py:161} INFO - Started process (PID=1155) to work on /opt/airflow/dags/first_dag.py
[2025-11-05T14:31:22.635+0000] {processor.py:830} INFO - Processing file /opt/airflow/dags/first_dag.py for tasks to queue
[2025-11-05T14:31:22.640+0000] {logging_mixin.py:188} INFO - [2025-11-05T14:31:22.639+0000] {dagbag.py:538} INFO - Filling up the DagBag from /opt/airflow/dags/first_dag.py
[2025-11-05T14:31:22.688+0000] {processor.py:840} INFO - DAG(s) 'first_dag' retrieved from /opt/airflow/dags/first_dag.py
[2025-11-05T14:31:22.729+0000] {logging_mixin.py:188} INFO - [2025-11-05T14:31:22.728+0000] {dag.py:3036} INFO - Sync 1 DAGs
[2025-11-05T14:31:22.770+0000] {logging_mixin.py:188} INFO - [2025-11-05T14:31:22.769+0000] {dag.py:3823} INFO - Setting next_dagrun for first_dag to None, run_after=None
[2025-11-05T14:31:22.810+0000] {processor.py:183} INFO - Processing /opt/airflow/dags/first_dag.py took 0.187 seconds
[2025-11-05T14:31:53.265+0000] {processor.py:161} INFO - Started process (PID=1162) to work on /opt/airflow/dags/first_dag.py
[2025-11-05T14:31:53.267+0000] {processor.py:830} INFO - Processing file /opt/airflow/dags/first_dag.py for tasks to queue
[2025-11-05T14:31:53.272+0000] {logging_mixin.py:188} INFO - [2025-11-05T14:31:53.271+0000] {dagbag.py:538} INFO - Filling up the DagBag from /opt/airflow/dags/first_dag.py
[2025-11-05T14:31:53.318+0000] {processor.py:840} INFO - DAG(s) 'first_dag' retrieved from /opt/airflow/dags/first_dag.py
[2025-11-05T14:31:53.356+0000] {logging_mixin.py:188} INFO - [2025-11-05T14:31:53.356+0000] {dag.py:3036} INFO - Sync 1 DAGs
[2025-11-05T14:31:53.397+0000] {logging_mixin.py:188} INFO - [2025-11-05T14:31:53.397+0000] {dag.py:3823} INFO - Setting next_dagrun for first_dag to None, run_after=None
[2025-11-05T14:31:53.439+0000] {processor.py:183} INFO - Processing /opt/airflow/dags/first_dag.py took 0.182 seconds
[2025-11-05T14:32:23.801+0000] {processor.py:161} INFO - Started process (PID=1170) to work on /opt/airflow/dags/first_dag.py
[2025-11-05T14:32:23.804+0000] {processor.py:830} INFO - Processing file /opt/airflow/dags/first_dag.py for tasks to queue
[2025-11-05T14:32:23.809+0000] {logging_mixin.py:188} INFO - [2025-11-05T14:32:23.808+0000] {dagbag.py:538} INFO - Filling up the DagBag from /opt/airflow/dags/first_dag.py
[2025-11-05T14:32:23.855+0000] {processor.py:840} INFO - DAG(s) 'first_dag' retrieved from /opt/airflow/dags/first_dag.py
[2025-11-05T14:32:23.909+0000] {logging_mixin.py:188} INFO - [2025-11-05T14:32:23.909+0000] {dag.py:3036} INFO - Sync 1 DAGs
[2025-11-05T14:32:23.958+0000] {logging_mixin.py:188} INFO - [2025-11-05T14:32:23.958+0000] {dag.py:3823} INFO - Setting next_dagrun for first_dag to None, run_after=None
[2025-11-05T14:32:24.009+0000] {processor.py:183} INFO - Processing /opt/airflow/dags/first_dag.py took 0.216 seconds
[2025-11-05T14:32:54.647+0000] {processor.py:161} INFO - Started process (PID=1177) to work on /opt/airflow/dags/first_dag.py
[2025-11-05T14:32:54.650+0000] {processor.py:830} INFO - Processing file /opt/airflow/dags/first_dag.py for tasks to queue
[2025-11-05T14:32:54.654+0000] {logging_mixin.py:188} INFO - [2025-11-05T14:32:54.653+0000] {dagbag.py:538} INFO - Filling up the DagBag from /opt/airflow/dags/first_dag.py
[2025-11-05T14:32:54.690+0000] {processor.py:840} INFO - DAG(s) 'first_dag' retrieved from /opt/airflow/dags/first_dag.py
[2025-11-05T14:32:54.731+0000] {logging_mixin.py:188} INFO - [2025-11-05T14:32:54.730+0000] {dag.py:3036} INFO - Sync 1 DAGs
[2025-11-05T14:32:54.775+0000] {logging_mixin.py:188} INFO - [2025-11-05T14:32:54.775+0000] {dag.py:3823} INFO - Setting next_dagrun for first_dag to None, run_after=None
[2025-11-05T14:32:54.823+0000] {processor.py:183} INFO - Processing /opt/airflow/dags/first_dag.py took 0.186 seconds
[2025-11-05T14:33:25.166+0000] {processor.py:161} INFO - Started process (PID=1184) to work on /opt/airflow/dags/first_dag.py
[2025-11-05T14:33:25.169+0000] {processor.py:830} INFO - Processing file /opt/airflow/dags/first_dag.py for tasks to queue
[2025-11-05T14:33:25.177+0000] {logging_mixin.py:188} INFO - [2025-11-05T14:33:25.176+0000] {dagbag.py:538} INFO - Filling up the DagBag from /opt/airflow/dags/first_dag.py
[2025-11-05T14:33:25.249+0000] {processor.py:840} INFO - DAG(s) 'first_dag' retrieved from /opt/airflow/dags/first_dag.py
[2025-11-05T14:33:25.318+0000] {logging_mixin.py:188} INFO - [2025-11-05T14:33:25.318+0000] {dag.py:3036} INFO - Sync 1 DAGs
[2025-11-05T14:33:25.391+0000] {logging_mixin.py:188} INFO - [2025-11-05T14:33:25.390+0000] {dag.py:3823} INFO - Setting next_dagrun for first_dag to None, run_after=None
[2025-11-05T14:33:25.465+0000] {processor.py:183} INFO - Processing /opt/airflow/dags/first_dag.py took 0.314 seconds
[2025-11-05T14:33:55.828+0000] {processor.py:161} INFO - Started process (PID=1191) to work on /opt/airflow/dags/first_dag.py
[2025-11-05T14:33:55.834+0000] {processor.py:830} INFO - Processing file /opt/airflow/dags/first_dag.py for tasks to queue
[2025-11-05T14:33:55.840+0000] {logging_mixin.py:188} INFO - [2025-11-05T14:33:55.839+0000] {dagbag.py:538} INFO - Filling up the DagBag from /opt/airflow/dags/first_dag.py
[2025-11-05T14:33:55.893+0000] {processor.py:840} INFO - DAG(s) 'first_dag' retrieved from /opt/airflow/dags/first_dag.py
[2025-11-05T14:33:55.944+0000] {logging_mixin.py:188} INFO - [2025-11-05T14:33:55.943+0000] {dag.py:3036} INFO - Sync 1 DAGs
[2025-11-05T14:33:55.993+0000] {logging_mixin.py:188} INFO - [2025-11-05T14:33:55.993+0000] {dag.py:3823} INFO - Setting next_dagrun for first_dag to None, run_after=None
[2025-11-05T14:33:56.037+0000] {processor.py:183} INFO - Processing /opt/airflow/dags/first_dag.py took 0.225 seconds
[2025-11-05T14:34:26.587+0000] {processor.py:161} INFO - Started process (PID=1198) to work on /opt/airflow/dags/first_dag.py
[2025-11-05T14:34:26.591+0000] {processor.py:830} INFO - Processing file /opt/airflow/dags/first_dag.py for tasks to queue
[2025-11-05T14:34:26.608+0000] {logging_mixin.py:188} INFO - [2025-11-05T14:34:26.607+0000] {dagbag.py:538} INFO - Filling up the DagBag from /opt/airflow/dags/first_dag.py
[2025-11-05T14:34:26.696+0000] {processor.py:840} INFO - DAG(s) 'first_dag' retrieved from /opt/airflow/dags/first_dag.py
[2025-11-05T14:34:26.747+0000] {logging_mixin.py:188} INFO - [2025-11-05T14:34:26.746+0000] {dag.py:3036} INFO - Sync 1 DAGs
[2025-11-05T14:34:26.810+0000] {logging_mixin.py:188} INFO - [2025-11-05T14:34:26.810+0000] {dag.py:3823} INFO - Setting next_dagrun for first_dag to None, run_after=None
[2025-11-05T14:34:26.871+0000] {processor.py:183} INFO - Processing /opt/airflow/dags/first_dag.py took 0.295 seconds
[2025-11-05T14:34:57.088+0000] {processor.py:161} INFO - Started process (PID=1205) to work on /opt/airflow/dags/first_dag.py
[2025-11-05T14:34:57.092+0000] {processor.py:830} INFO - Processing file /opt/airflow/dags/first_dag.py for tasks to queue
[2025-11-05T14:34:57.097+0000] {logging_mixin.py:188} INFO - [2025-11-05T14:34:57.096+0000] {dagbag.py:538} INFO - Filling up the DagBag from /opt/airflow/dags/first_dag.py
[2025-11-05T14:34:57.145+0000] {processor.py:840} INFO - DAG(s) 'first_dag' retrieved from /opt/airflow/dags/first_dag.py
[2025-11-05T14:34:57.207+0000] {logging_mixin.py:188} INFO - [2025-11-05T14:34:57.207+0000] {dag.py:3036} INFO - Sync 1 DAGs
[2025-11-05T14:34:57.265+0000] {logging_mixin.py:188} INFO - [2025-11-05T14:34:57.264+0000] {dag.py:3823} INFO - Setting next_dagrun for first_dag to None, run_after=None
[2025-11-05T14:34:57.311+0000] {processor.py:183} INFO - Processing /opt/airflow/dags/first_dag.py took 0.234 seconds
[2025-11-05T14:35:27.550+0000] {processor.py:161} INFO - Started process (PID=1213) to work on /opt/airflow/dags/first_dag.py
[2025-11-05T14:35:27.553+0000] {processor.py:830} INFO - Processing file /opt/airflow/dags/first_dag.py for tasks to queue
[2025-11-05T14:35:27.561+0000] {logging_mixin.py:188} INFO - [2025-11-05T14:35:27.560+0000] {dagbag.py:538} INFO - Filling up the DagBag from /opt/airflow/dags/first_dag.py
[2025-11-05T14:35:27.622+0000] {processor.py:840} INFO - DAG(s) 'first_dag' retrieved from /opt/airflow/dags/first_dag.py
[2025-11-05T14:35:27.693+0000] {logging_mixin.py:188} INFO - [2025-11-05T14:35:27.693+0000] {dag.py:3036} INFO - Sync 1 DAGs
[2025-11-05T14:35:27.760+0000] {logging_mixin.py:188} INFO - [2025-11-05T14:35:27.759+0000] {dag.py:3823} INFO - Setting next_dagrun for first_dag to None, run_after=None
[2025-11-05T14:35:27.850+0000] {processor.py:183} INFO - Processing /opt/airflow/dags/first_dag.py took 0.316 seconds
[2025-11-05T14:35:58.361+0000] {processor.py:161} INFO - Started process (PID=1220) to work on /opt/airflow/dags/first_dag.py
[2025-11-05T14:35:58.365+0000] {processor.py:830} INFO - Processing file /opt/airflow/dags/first_dag.py for tasks to queue
[2025-11-05T14:35:58.370+0000] {logging_mixin.py:188} INFO - [2025-11-05T14:35:58.369+0000] {dagbag.py:538} INFO - Filling up the DagBag from /opt/airflow/dags/first_dag.py
[2025-11-05T14:35:58.421+0000] {processor.py:840} INFO - DAG(s) 'first_dag' retrieved from /opt/airflow/dags/first_dag.py
[2025-11-05T14:35:58.472+0000] {logging_mixin.py:188} INFO - [2025-11-05T14:35:58.471+0000] {dag.py:3036} INFO - Sync 1 DAGs
[2025-11-05T14:35:58.537+0000] {logging_mixin.py:188} INFO - [2025-11-05T14:35:58.536+0000] {dag.py:3823} INFO - Setting next_dagrun for first_dag to None, run_after=None
[2025-11-05T14:35:58.595+0000] {processor.py:183} INFO - Processing /opt/airflow/dags/first_dag.py took 0.245 seconds
[2025-11-05T14:36:28.842+0000] {processor.py:161} INFO - Started process (PID=1227) to work on /opt/airflow/dags/first_dag.py
[2025-11-05T14:36:28.845+0000] {processor.py:830} INFO - Processing file /opt/airflow/dags/first_dag.py for tasks to queue
[2025-11-05T14:36:28.850+0000] {logging_mixin.py:188} INFO - [2025-11-05T14:36:28.849+0000] {dagbag.py:538} INFO - Filling up the DagBag from /opt/airflow/dags/first_dag.py
[2025-11-05T14:36:28.898+0000] {processor.py:840} INFO - DAG(s) 'first_dag' retrieved from /opt/airflow/dags/first_dag.py
[2025-11-05T14:36:28.941+0000] {logging_mixin.py:188} INFO - [2025-11-05T14:36:28.940+0000] {dag.py:3036} INFO - Sync 1 DAGs
[2025-11-05T14:36:28.985+0000] {logging_mixin.py:188} INFO - [2025-11-05T14:36:28.985+0000] {dag.py:3823} INFO - Setting next_dagrun for first_dag to None, run_after=None
[2025-11-05T14:36:29.027+0000] {processor.py:183} INFO - Processing /opt/airflow/dags/first_dag.py took 0.194 seconds
[2025-11-05T14:36:59.274+0000] {processor.py:161} INFO - Started process (PID=1235) to work on /opt/airflow/dags/first_dag.py
[2025-11-05T14:36:59.277+0000] {processor.py:830} INFO - Processing file /opt/airflow/dags/first_dag.py for tasks to queue
[2025-11-05T14:36:59.283+0000] {logging_mixin.py:188} INFO - [2025-11-05T14:36:59.282+0000] {dagbag.py:538} INFO - Filling up the DagBag from /opt/airflow/dags/first_dag.py
[2025-11-05T14:36:59.329+0000] {processor.py:840} INFO - DAG(s) 'first_dag' retrieved from /opt/airflow/dags/first_dag.py
[2025-11-05T14:36:59.369+0000] {logging_mixin.py:188} INFO - [2025-11-05T14:36:59.369+0000] {dag.py:3036} INFO - Sync 1 DAGs
[2025-11-05T14:36:59.410+0000] {logging_mixin.py:188} INFO - [2025-11-05T14:36:59.410+0000] {dag.py:3823} INFO - Setting next_dagrun for first_dag to None, run_after=None
[2025-11-05T14:36:59.459+0000] {processor.py:183} INFO - Processing /opt/airflow/dags/first_dag.py took 0.193 seconds
[2025-11-05T14:37:29.800+0000] {processor.py:161} INFO - Started process (PID=1242) to work on /opt/airflow/dags/first_dag.py
[2025-11-05T14:37:29.803+0000] {processor.py:830} INFO - Processing file /opt/airflow/dags/first_dag.py for tasks to queue
[2025-11-05T14:37:29.808+0000] {logging_mixin.py:188} INFO - [2025-11-05T14:37:29.807+0000] {dagbag.py:538} INFO - Filling up the DagBag from /opt/airflow/dags/first_dag.py
[2025-11-05T14:37:29.856+0000] {processor.py:840} INFO - DAG(s) 'first_dag' retrieved from /opt/airflow/dags/first_dag.py
[2025-11-05T14:37:29.900+0000] {logging_mixin.py:188} INFO - [2025-11-05T14:37:29.899+0000] {dag.py:3036} INFO - Sync 1 DAGs
[2025-11-05T14:37:30.014+0000] {logging_mixin.py:188} INFO - [2025-11-05T14:37:30.013+0000] {dag.py:3823} INFO - Setting next_dagrun for first_dag to None, run_after=None
[2025-11-05T14:37:30.112+0000] {processor.py:183} INFO - Processing /opt/airflow/dags/first_dag.py took 0.320 seconds
[2025-11-05T14:38:00.512+0000] {processor.py:161} INFO - Started process (PID=1249) to work on /opt/airflow/dags/first_dag.py
[2025-11-05T14:38:00.514+0000] {processor.py:830} INFO - Processing file /opt/airflow/dags/first_dag.py for tasks to queue
[2025-11-05T14:38:00.518+0000] {logging_mixin.py:188} INFO - [2025-11-05T14:38:00.518+0000] {dagbag.py:538} INFO - Filling up the DagBag from /opt/airflow/dags/first_dag.py
[2025-11-05T14:38:00.554+0000] {processor.py:840} INFO - DAG(s) 'first_dag' retrieved from /opt/airflow/dags/first_dag.py
[2025-11-05T14:38:00.604+0000] {logging_mixin.py:188} INFO - [2025-11-05T14:38:00.603+0000] {dag.py:3036} INFO - Sync 1 DAGs
[2025-11-05T14:38:00.665+0000] {logging_mixin.py:188} INFO - [2025-11-05T14:38:00.664+0000] {dag.py:3823} INFO - Setting next_dagrun for first_dag to None, run_after=None
[2025-11-05T14:38:00.713+0000] {processor.py:183} INFO - Processing /opt/airflow/dags/first_dag.py took 0.210 seconds
[2025-11-05T14:38:31.162+0000] {processor.py:161} INFO - Started process (PID=1256) to work on /opt/airflow/dags/first_dag.py
[2025-11-05T14:38:31.165+0000] {processor.py:830} INFO - Processing file /opt/airflow/dags/first_dag.py for tasks to queue
[2025-11-05T14:38:31.174+0000] {logging_mixin.py:188} INFO - [2025-11-05T14:38:31.172+0000] {dagbag.py:538} INFO - Filling up the DagBag from /opt/airflow/dags/first_dag.py
[2025-11-05T14:38:31.281+0000] {processor.py:840} INFO - DAG(s) 'first_dag' retrieved from /opt/airflow/dags/first_dag.py
[2025-11-05T14:38:31.327+0000] {logging_mixin.py:188} INFO - [2025-11-05T14:38:31.327+0000] {dag.py:3036} INFO - Sync 1 DAGs
[2025-11-05T14:38:31.372+0000] {logging_mixin.py:188} INFO - [2025-11-05T14:38:31.371+0000] {dag.py:3823} INFO - Setting next_dagrun for first_dag to None, run_after=None
[2025-11-05T14:38:31.411+0000] {processor.py:183} INFO - Processing /opt/airflow/dags/first_dag.py took 0.278 seconds
[2025-11-05T14:39:01.735+0000] {processor.py:161} INFO - Started process (PID=1263) to work on /opt/airflow/dags/first_dag.py
[2025-11-05T14:39:01.739+0000] {processor.py:830} INFO - Processing file /opt/airflow/dags/first_dag.py for tasks to queue
[2025-11-05T14:39:01.746+0000] {logging_mixin.py:188} INFO - [2025-11-05T14:39:01.745+0000] {dagbag.py:538} INFO - Filling up the DagBag from /opt/airflow/dags/first_dag.py
[2025-11-05T14:39:01.902+0000] {processor.py:840} INFO - DAG(s) 'first_dag' retrieved from /opt/airflow/dags/first_dag.py
[2025-11-05T14:39:01.963+0000] {logging_mixin.py:188} INFO - [2025-11-05T14:39:01.963+0000] {dag.py:3036} INFO - Sync 1 DAGs
[2025-11-05T14:39:02.033+0000] {logging_mixin.py:188} INFO - [2025-11-05T14:39:02.033+0000] {dag.py:3823} INFO - Setting next_dagrun for first_dag to None, run_after=None
[2025-11-05T14:39:02.088+0000] {processor.py:183} INFO - Processing /opt/airflow/dags/first_dag.py took 0.371 seconds
[2025-11-05T14:39:32.504+0000] {processor.py:161} INFO - Started process (PID=1270) to work on /opt/airflow/dags/first_dag.py
[2025-11-05T14:39:32.507+0000] {processor.py:830} INFO - Processing file /opt/airflow/dags/first_dag.py for tasks to queue
[2025-11-05T14:39:32.511+0000] {logging_mixin.py:188} INFO - [2025-11-05T14:39:32.511+0000] {dagbag.py:538} INFO - Filling up the DagBag from /opt/airflow/dags/first_dag.py
[2025-11-05T14:39:32.564+0000] {processor.py:840} INFO - DAG(s) 'first_dag' retrieved from /opt/airflow/dags/first_dag.py
[2025-11-05T14:39:32.613+0000] {logging_mixin.py:188} INFO - [2025-11-05T14:39:32.613+0000] {dag.py:3036} INFO - Sync 1 DAGs
[2025-11-05T14:39:32.657+0000] {logging_mixin.py:188} INFO - [2025-11-05T14:39:32.657+0000] {dag.py:3823} INFO - Setting next_dagrun for first_dag to None, run_after=None
[2025-11-05T14:39:32.699+0000] {processor.py:183} INFO - Processing /opt/airflow/dags/first_dag.py took 0.203 seconds
[2025-11-05T14:40:03.125+0000] {processor.py:161} INFO - Started process (PID=1277) to work on /opt/airflow/dags/first_dag.py
[2025-11-05T14:40:03.129+0000] {processor.py:830} INFO - Processing file /opt/airflow/dags/first_dag.py for tasks to queue
[2025-11-05T14:40:03.136+0000] {logging_mixin.py:188} INFO - [2025-11-05T14:40:03.134+0000] {dagbag.py:538} INFO - Filling up the DagBag from /opt/airflow/dags/first_dag.py
[2025-11-05T14:40:03.185+0000] {processor.py:840} INFO - DAG(s) 'first_dag' retrieved from /opt/airflow/dags/first_dag.py
[2025-11-05T14:40:03.224+0000] {logging_mixin.py:188} INFO - [2025-11-05T14:40:03.223+0000] {dag.py:3036} INFO - Sync 1 DAGs
[2025-11-05T14:40:03.264+0000] {logging_mixin.py:188} INFO - [2025-11-05T14:40:03.264+0000] {dag.py:3823} INFO - Setting next_dagrun for first_dag to None, run_after=None
[2025-11-05T14:40:03.306+0000] {processor.py:183} INFO - Processing /opt/airflow/dags/first_dag.py took 0.191 seconds
[2025-11-05T14:40:33.733+0000] {processor.py:161} INFO - Started process (PID=1283) to work on /opt/airflow/dags/first_dag.py
[2025-11-05T14:40:33.735+0000] {processor.py:830} INFO - Processing file /opt/airflow/dags/first_dag.py for tasks to queue
[2025-11-05T14:40:33.742+0000] {logging_mixin.py:188} INFO - [2025-11-05T14:40:33.742+0000] {dagbag.py:538} INFO - Filling up the DagBag from /opt/airflow/dags/first_dag.py
[2025-11-05T14:40:33.778+0000] {processor.py:840} INFO - DAG(s) 'first_dag' retrieved from /opt/airflow/dags/first_dag.py
[2025-11-05T14:40:33.815+0000] {logging_mixin.py:188} INFO - [2025-11-05T14:40:33.814+0000] {dag.py:3036} INFO - Sync 1 DAGs
[2025-11-05T14:40:33.856+0000] {logging_mixin.py:188} INFO - [2025-11-05T14:40:33.855+0000] {dag.py:3823} INFO - Setting next_dagrun for first_dag to None, run_after=None
[2025-11-05T14:40:33.898+0000] {processor.py:183} INFO - Processing /opt/airflow/dags/first_dag.py took 0.174 seconds
[2025-11-05T14:41:04.243+0000] {processor.py:161} INFO - Started process (PID=1290) to work on /opt/airflow/dags/first_dag.py
[2025-11-05T14:41:04.246+0000] {processor.py:830} INFO - Processing file /opt/airflow/dags/first_dag.py for tasks to queue
[2025-11-05T14:41:04.255+0000] {logging_mixin.py:188} INFO - [2025-11-05T14:41:04.253+0000] {dagbag.py:538} INFO - Filling up the DagBag from /opt/airflow/dags/first_dag.py
[2025-11-05T14:41:04.311+0000] {processor.py:840} INFO - DAG(s) 'first_dag' retrieved from /opt/airflow/dags/first_dag.py
[2025-11-05T14:41:04.381+0000] {logging_mixin.py:188} INFO - [2025-11-05T14:41:04.380+0000] {dag.py:3036} INFO - Sync 1 DAGs
[2025-11-05T14:41:04.423+0000] {logging_mixin.py:188} INFO - [2025-11-05T14:41:04.422+0000] {dag.py:3823} INFO - Setting next_dagrun for first_dag to None, run_after=None
[2025-11-05T14:41:04.467+0000] {processor.py:183} INFO - Processing /opt/airflow/dags/first_dag.py took 0.239 seconds
[2025-11-05T14:41:35.024+0000] {processor.py:161} INFO - Started process (PID=1297) to work on /opt/airflow/dags/first_dag.py
[2025-11-05T14:41:35.030+0000] {processor.py:830} INFO - Processing file /opt/airflow/dags/first_dag.py for tasks to queue
[2025-11-05T14:41:35.039+0000] {logging_mixin.py:188} INFO - [2025-11-05T14:41:35.038+0000] {dagbag.py:538} INFO - Filling up the DagBag from /opt/airflow/dags/first_dag.py
[2025-11-05T14:41:35.079+0000] {processor.py:840} INFO - DAG(s) 'first_dag' retrieved from /opt/airflow/dags/first_dag.py
[2025-11-05T14:41:35.129+0000] {logging_mixin.py:188} INFO - [2025-11-05T14:41:35.128+0000] {dag.py:3036} INFO - Sync 1 DAGs
[2025-11-05T14:41:35.185+0000] {logging_mixin.py:188} INFO - [2025-11-05T14:41:35.183+0000] {dag.py:3823} INFO - Setting next_dagrun for first_dag to None, run_after=None
[2025-11-05T14:41:35.252+0000] {processor.py:183} INFO - Processing /opt/airflow/dags/first_dag.py took 0.238 seconds
[2025-11-05T14:42:05.792+0000] {processor.py:161} INFO - Started process (PID=1304) to work on /opt/airflow/dags/first_dag.py
[2025-11-05T14:42:05.797+0000] {processor.py:830} INFO - Processing file /opt/airflow/dags/first_dag.py for tasks to queue
[2025-11-05T14:42:05.819+0000] {logging_mixin.py:188} INFO - [2025-11-05T14:42:05.818+0000] {dagbag.py:538} INFO - Filling up the DagBag from /opt/airflow/dags/first_dag.py
[2025-11-05T14:42:05.918+0000] {processor.py:840} INFO - DAG(s) 'first_dag' retrieved from /opt/airflow/dags/first_dag.py
[2025-11-05T14:42:05.998+0000] {logging_mixin.py:188} INFO - [2025-11-05T14:42:05.997+0000] {dag.py:3036} INFO - Sync 1 DAGs
[2025-11-05T14:42:06.146+0000] {logging_mixin.py:188} INFO - [2025-11-05T14:42:06.143+0000] {dag.py:3823} INFO - Setting next_dagrun for first_dag to None, run_after=None
[2025-11-05T14:42:06.220+0000] {processor.py:183} INFO - Processing /opt/airflow/dags/first_dag.py took 0.508 seconds
[2025-11-05T14:42:36.465+0000] {processor.py:161} INFO - Started process (PID=1311) to work on /opt/airflow/dags/first_dag.py
[2025-11-05T14:42:36.467+0000] {processor.py:830} INFO - Processing file /opt/airflow/dags/first_dag.py for tasks to queue
[2025-11-05T14:42:36.473+0000] {logging_mixin.py:188} INFO - [2025-11-05T14:42:36.472+0000] {dagbag.py:538} INFO - Filling up the DagBag from /opt/airflow/dags/first_dag.py
[2025-11-05T14:42:36.513+0000] {processor.py:840} INFO - DAG(s) 'first_dag' retrieved from /opt/airflow/dags/first_dag.py
[2025-11-05T14:42:36.559+0000] {logging_mixin.py:188} INFO - [2025-11-05T14:42:36.558+0000] {dag.py:3036} INFO - Sync 1 DAGs
[2025-11-05T14:42:36.606+0000] {logging_mixin.py:188} INFO - [2025-11-05T14:42:36.606+0000] {dag.py:3823} INFO - Setting next_dagrun for first_dag to None, run_after=None
[2025-11-05T14:42:36.650+0000] {processor.py:183} INFO - Processing /opt/airflow/dags/first_dag.py took 0.193 seconds
[2025-11-05T14:43:07.412+0000] {processor.py:161} INFO - Started process (PID=1318) to work on /opt/airflow/dags/first_dag.py
[2025-11-05T14:43:07.414+0000] {processor.py:830} INFO - Processing file /opt/airflow/dags/first_dag.py for tasks to queue
[2025-11-05T14:43:07.419+0000] {logging_mixin.py:188} INFO - [2025-11-05T14:43:07.419+0000] {dagbag.py:538} INFO - Filling up the DagBag from /opt/airflow/dags/first_dag.py
[2025-11-05T14:43:07.473+0000] {processor.py:840} INFO - DAG(s) 'first_dag' retrieved from /opt/airflow/dags/first_dag.py
[2025-11-05T14:43:07.518+0000] {logging_mixin.py:188} INFO - [2025-11-05T14:43:07.517+0000] {dag.py:3036} INFO - Sync 1 DAGs
[2025-11-05T14:43:07.593+0000] {logging_mixin.py:188} INFO - [2025-11-05T14:43:07.593+0000] {dag.py:3823} INFO - Setting next_dagrun for first_dag to None, run_after=None
[2025-11-05T14:43:07.646+0000] {processor.py:183} INFO - Processing /opt/airflow/dags/first_dag.py took 0.241 seconds
[2025-11-05T14:43:37.957+0000] {processor.py:161} INFO - Started process (PID=1325) to work on /opt/airflow/dags/first_dag.py
[2025-11-05T14:43:37.960+0000] {processor.py:830} INFO - Processing file /opt/airflow/dags/first_dag.py for tasks to queue
[2025-11-05T14:43:37.967+0000] {logging_mixin.py:188} INFO - [2025-11-05T14:43:37.966+0000] {dagbag.py:538} INFO - Filling up the DagBag from /opt/airflow/dags/first_dag.py
[2025-11-05T14:43:38.033+0000] {processor.py:840} INFO - DAG(s) 'first_dag' retrieved from /opt/airflow/dags/first_dag.py
[2025-11-05T14:43:38.141+0000] {logging_mixin.py:188} INFO - [2025-11-05T14:43:38.140+0000] {dag.py:3036} INFO - Sync 1 DAGs
[2025-11-05T14:43:38.184+0000] {logging_mixin.py:188} INFO - [2025-11-05T14:43:38.183+0000] {dag.py:3823} INFO - Setting next_dagrun for first_dag to None, run_after=None
[2025-11-05T14:43:38.222+0000] {processor.py:183} INFO - Processing /opt/airflow/dags/first_dag.py took 0.278 seconds
[2025-11-05T14:44:08.644+0000] {processor.py:161} INFO - Started process (PID=1332) to work on /opt/airflow/dags/first_dag.py
[2025-11-05T14:44:08.649+0000] {processor.py:830} INFO - Processing file /opt/airflow/dags/first_dag.py for tasks to queue
[2025-11-05T14:44:08.655+0000] {logging_mixin.py:188} INFO - [2025-11-05T14:44:08.654+0000] {dagbag.py:538} INFO - Filling up the DagBag from /opt/airflow/dags/first_dag.py
[2025-11-05T14:44:08.694+0000] {processor.py:840} INFO - DAG(s) 'first_dag' retrieved from /opt/airflow/dags/first_dag.py
[2025-11-05T14:44:08.735+0000] {logging_mixin.py:188} INFO - [2025-11-05T14:44:08.734+0000] {dag.py:3036} INFO - Sync 1 DAGs
[2025-11-05T14:44:08.777+0000] {logging_mixin.py:188} INFO - [2025-11-05T14:44:08.776+0000] {dag.py:3823} INFO - Setting next_dagrun for first_dag to None, run_after=None
[2025-11-05T14:44:08.822+0000] {processor.py:183} INFO - Processing /opt/airflow/dags/first_dag.py took 0.195 seconds
[2025-11-05T14:44:39.221+0000] {processor.py:161} INFO - Started process (PID=1338) to work on /opt/airflow/dags/first_dag.py
[2025-11-05T14:44:39.224+0000] {processor.py:830} INFO - Processing file /opt/airflow/dags/first_dag.py for tasks to queue
[2025-11-05T14:44:39.228+0000] {logging_mixin.py:188} INFO - [2025-11-05T14:44:39.227+0000] {dagbag.py:538} INFO - Filling up the DagBag from /opt/airflow/dags/first_dag.py
[2025-11-05T14:44:39.278+0000] {processor.py:840} INFO - DAG(s) 'first_dag' retrieved from /opt/airflow/dags/first_dag.py
[2025-11-05T14:44:39.320+0000] {logging_mixin.py:188} INFO - [2025-11-05T14:44:39.319+0000] {dag.py:3036} INFO - Sync 1 DAGs
[2025-11-05T14:44:39.363+0000] {logging_mixin.py:188} INFO - [2025-11-05T14:44:39.363+0000] {dag.py:3823} INFO - Setting next_dagrun for first_dag to None, run_after=None
[2025-11-05T14:44:39.402+0000] {processor.py:183} INFO - Processing /opt/airflow/dags/first_dag.py took 0.190 seconds
[2025-11-05T14:45:09.807+0000] {processor.py:161} INFO - Started process (PID=1345) to work on /opt/airflow/dags/first_dag.py
[2025-11-05T14:45:09.811+0000] {processor.py:830} INFO - Processing file /opt/airflow/dags/first_dag.py for tasks to queue
[2025-11-05T14:45:09.817+0000] {logging_mixin.py:188} INFO - [2025-11-05T14:45:09.816+0000] {dagbag.py:538} INFO - Filling up the DagBag from /opt/airflow/dags/first_dag.py
[2025-11-05T14:45:09.870+0000] {processor.py:840} INFO - DAG(s) 'first_dag' retrieved from /opt/airflow/dags/first_dag.py
[2025-11-05T14:45:09.921+0000] {logging_mixin.py:188} INFO - [2025-11-05T14:45:09.920+0000] {dag.py:3036} INFO - Sync 1 DAGs
[2025-11-05T14:45:09.978+0000] {logging_mixin.py:188} INFO - [2025-11-05T14:45:09.978+0000] {dag.py:3823} INFO - Setting next_dagrun for first_dag to None, run_after=None
[2025-11-05T14:45:10.031+0000] {processor.py:183} INFO - Processing /opt/airflow/dags/first_dag.py took 0.237 seconds
[2025-11-05T14:45:40.439+0000] {processor.py:161} INFO - Started process (PID=1352) to work on /opt/airflow/dags/first_dag.py
[2025-11-05T14:45:40.442+0000] {processor.py:830} INFO - Processing file /opt/airflow/dags/first_dag.py for tasks to queue
[2025-11-05T14:45:40.447+0000] {logging_mixin.py:188} INFO - [2025-11-05T14:45:40.446+0000] {dagbag.py:538} INFO - Filling up the DagBag from /opt/airflow/dags/first_dag.py
[2025-11-05T14:45:40.494+0000] {processor.py:840} INFO - DAG(s) 'first_dag' retrieved from /opt/airflow/dags/first_dag.py
[2025-11-05T14:45:40.536+0000] {logging_mixin.py:188} INFO - [2025-11-05T14:45:40.536+0000] {dag.py:3036} INFO - Sync 1 DAGs
[2025-11-05T14:45:40.577+0000] {logging_mixin.py:188} INFO - [2025-11-05T14:45:40.577+0000] {dag.py:3823} INFO - Setting next_dagrun for first_dag to None, run_after=None
[2025-11-05T14:45:40.619+0000] {processor.py:183} INFO - Processing /opt/airflow/dags/first_dag.py took 0.188 seconds
[2025-11-05T14:46:11.071+0000] {processor.py:161} INFO - Started process (PID=1359) to work on /opt/airflow/dags/first_dag.py
[2025-11-05T14:46:11.074+0000] {processor.py:830} INFO - Processing file /opt/airflow/dags/first_dag.py for tasks to queue
[2025-11-05T14:46:11.078+0000] {logging_mixin.py:188} INFO - [2025-11-05T14:46:11.078+0000] {dagbag.py:538} INFO - Filling up the DagBag from /opt/airflow/dags/first_dag.py
[2025-11-05T14:46:11.130+0000] {processor.py:840} INFO - DAG(s) 'first_dag' retrieved from /opt/airflow/dags/first_dag.py
[2025-11-05T14:46:11.168+0000] {logging_mixin.py:188} INFO - [2025-11-05T14:46:11.167+0000] {dag.py:3036} INFO - Sync 1 DAGs
[2025-11-05T14:46:11.208+0000] {logging_mixin.py:188} INFO - [2025-11-05T14:46:11.208+0000] {dag.py:3823} INFO - Setting next_dagrun for first_dag to None, run_after=None
[2025-11-05T14:46:11.249+0000] {processor.py:183} INFO - Processing /opt/airflow/dags/first_dag.py took 0.185 seconds
[2025-11-05T14:46:41.606+0000] {processor.py:161} INFO - Started process (PID=1367) to work on /opt/airflow/dags/first_dag.py
[2025-11-05T14:46:41.609+0000] {processor.py:830} INFO - Processing file /opt/airflow/dags/first_dag.py for tasks to queue
[2025-11-05T14:46:41.614+0000] {logging_mixin.py:188} INFO - [2025-11-05T14:46:41.613+0000] {dagbag.py:538} INFO - Filling up the DagBag from /opt/airflow/dags/first_dag.py
[2025-11-05T14:46:41.660+0000] {processor.py:840} INFO - DAG(s) 'first_dag' retrieved from /opt/airflow/dags/first_dag.py
[2025-11-05T14:46:41.700+0000] {logging_mixin.py:188} INFO - [2025-11-05T14:46:41.699+0000] {dag.py:3036} INFO - Sync 1 DAGs
[2025-11-05T14:46:41.742+0000] {logging_mixin.py:188} INFO - [2025-11-05T14:46:41.741+0000] {dag.py:3823} INFO - Setting next_dagrun for first_dag to None, run_after=None
[2025-11-05T14:46:41.783+0000] {processor.py:183} INFO - Processing /opt/airflow/dags/first_dag.py took 0.185 seconds
[2025-11-05T14:47:12.273+0000] {processor.py:161} INFO - Started process (PID=1375) to work on /opt/airflow/dags/first_dag.py
[2025-11-05T14:47:12.276+0000] {processor.py:830} INFO - Processing file /opt/airflow/dags/first_dag.py for tasks to queue
[2025-11-05T14:47:12.280+0000] {logging_mixin.py:188} INFO - [2025-11-05T14:47:12.280+0000] {dagbag.py:538} INFO - Filling up the DagBag from /opt/airflow/dags/first_dag.py
[2025-11-05T14:47:12.329+0000] {processor.py:840} INFO - DAG(s) 'first_dag' retrieved from /opt/airflow/dags/first_dag.py
[2025-11-05T14:47:12.367+0000] {logging_mixin.py:188} INFO - [2025-11-05T14:47:12.366+0000] {dag.py:3036} INFO - Sync 1 DAGs
[2025-11-05T14:47:12.408+0000] {logging_mixin.py:188} INFO - [2025-11-05T14:47:12.408+0000] {dag.py:3823} INFO - Setting next_dagrun for first_dag to None, run_after=None
[2025-11-05T14:47:12.450+0000] {processor.py:183} INFO - Processing /opt/airflow/dags/first_dag.py took 0.183 seconds
[2025-11-05T14:47:42.798+0000] {processor.py:161} INFO - Started process (PID=1383) to work on /opt/airflow/dags/first_dag.py
[2025-11-05T14:47:42.801+0000] {processor.py:830} INFO - Processing file /opt/airflow/dags/first_dag.py for tasks to queue
[2025-11-05T14:47:42.805+0000] {logging_mixin.py:188} INFO - [2025-11-05T14:47:42.805+0000] {dagbag.py:538} INFO - Filling up the DagBag from /opt/airflow/dags/first_dag.py
[2025-11-05T14:47:42.854+0000] {processor.py:840} INFO - DAG(s) 'first_dag' retrieved from /opt/airflow/dags/first_dag.py
[2025-11-05T14:47:42.894+0000] {logging_mixin.py:188} INFO - [2025-11-05T14:47:42.894+0000] {dag.py:3036} INFO - Sync 1 DAGs
[2025-11-05T14:47:42.937+0000] {logging_mixin.py:188} INFO - [2025-11-05T14:47:42.936+0000] {dag.py:3823} INFO - Setting next_dagrun for first_dag to None, run_after=None
[2025-11-05T14:47:42.980+0000] {processor.py:183} INFO - Processing /opt/airflow/dags/first_dag.py took 0.190 seconds
[2025-11-05T14:48:13.525+0000] {processor.py:161} INFO - Started process (PID=1390) to work on /opt/airflow/dags/first_dag.py
[2025-11-05T14:48:13.527+0000] {processor.py:830} INFO - Processing file /opt/airflow/dags/first_dag.py for tasks to queue
[2025-11-05T14:48:13.533+0000] {logging_mixin.py:188} INFO - [2025-11-05T14:48:13.532+0000] {dagbag.py:538} INFO - Filling up the DagBag from /opt/airflow/dags/first_dag.py
[2025-11-05T14:48:13.583+0000] {processor.py:840} INFO - DAG(s) 'first_dag' retrieved from /opt/airflow/dags/first_dag.py
[2025-11-05T14:48:13.630+0000] {logging_mixin.py:188} INFO - [2025-11-05T14:48:13.629+0000] {dag.py:3036} INFO - Sync 1 DAGs
[2025-11-05T14:48:13.677+0000] {logging_mixin.py:188} INFO - [2025-11-05T14:48:13.676+0000] {dag.py:3823} INFO - Setting next_dagrun for first_dag to None, run_after=None
[2025-11-05T14:48:13.723+0000] {processor.py:183} INFO - Processing /opt/airflow/dags/first_dag.py took 0.207 seconds
[2025-11-05T14:48:44.077+0000] {processor.py:161} INFO - Started process (PID=1397) to work on /opt/airflow/dags/first_dag.py
[2025-11-05T14:48:44.079+0000] {processor.py:830} INFO - Processing file /opt/airflow/dags/first_dag.py for tasks to queue
[2025-11-05T14:48:44.085+0000] {logging_mixin.py:188} INFO - [2025-11-05T14:48:44.084+0000] {dagbag.py:538} INFO - Filling up the DagBag from /opt/airflow/dags/first_dag.py
[2025-11-05T14:48:44.132+0000] {processor.py:840} INFO - DAG(s) 'first_dag' retrieved from /opt/airflow/dags/first_dag.py
[2025-11-05T14:48:44.176+0000] {logging_mixin.py:188} INFO - [2025-11-05T14:48:44.175+0000] {dag.py:3036} INFO - Sync 1 DAGs
[2025-11-05T14:48:44.220+0000] {logging_mixin.py:188} INFO - [2025-11-05T14:48:44.220+0000] {dag.py:3823} INFO - Setting next_dagrun for first_dag to None, run_after=None
[2025-11-05T14:48:44.264+0000] {processor.py:183} INFO - Processing /opt/airflow/dags/first_dag.py took 0.195 seconds
[2025-11-05T14:49:15.496+0000] {processor.py:161} INFO - Started process (PID=1403) to work on /opt/airflow/dags/first_dag.py
[2025-11-05T14:49:15.575+0000] {processor.py:830} INFO - Processing file /opt/airflow/dags/first_dag.py for tasks to queue
[2025-11-05T14:49:15.656+0000] {logging_mixin.py:188} INFO - [2025-11-05T14:49:15.655+0000] {dagbag.py:538} INFO - Filling up the DagBag from /opt/airflow/dags/first_dag.py
[2025-11-05T14:49:18.198+0000] {processor.py:840} INFO - DAG(s) 'first_dag' retrieved from /opt/airflow/dags/first_dag.py
[2025-11-05T14:49:18.369+0000] {logging_mixin.py:188} INFO - [2025-11-05T14:49:18.369+0000] {dag.py:3036} INFO - Sync 1 DAGs
[2025-11-05T14:49:18.586+0000] {logging_mixin.py:188} INFO - [2025-11-05T14:49:18.577+0000] {dag.py:3823} INFO - Setting next_dagrun for first_dag to None, run_after=None
[2025-11-05T14:49:19.052+0000] {processor.py:183} INFO - Processing /opt/airflow/dags/first_dag.py took 3.586 seconds
[2025-11-05T14:49:50.009+0000] {processor.py:161} INFO - Started process (PID=1409) to work on /opt/airflow/dags/first_dag.py
[2025-11-05T14:49:50.013+0000] {processor.py:830} INFO - Processing file /opt/airflow/dags/first_dag.py for tasks to queue
[2025-11-05T14:49:50.023+0000] {logging_mixin.py:188} INFO - [2025-11-05T14:49:50.022+0000] {dagbag.py:538} INFO - Filling up the DagBag from /opt/airflow/dags/first_dag.py
[2025-11-05T14:49:50.090+0000] {processor.py:840} INFO - DAG(s) 'first_dag' retrieved from /opt/airflow/dags/first_dag.py
[2025-11-05T14:49:50.169+0000] {logging_mixin.py:188} INFO - [2025-11-05T14:49:50.168+0000] {dag.py:3036} INFO - Sync 1 DAGs
[2025-11-05T14:49:50.252+0000] {logging_mixin.py:188} INFO - [2025-11-05T14:49:50.251+0000] {dag.py:3823} INFO - Setting next_dagrun for first_dag to None, run_after=None
[2025-11-05T14:49:50.405+0000] {processor.py:183} INFO - Processing /opt/airflow/dags/first_dag.py took 0.384 seconds
[2025-11-05T14:50:21.123+0000] {processor.py:161} INFO - Started process (PID=1416) to work on /opt/airflow/dags/first_dag.py
[2025-11-05T14:50:21.128+0000] {processor.py:830} INFO - Processing file /opt/airflow/dags/first_dag.py for tasks to queue
[2025-11-05T14:50:21.140+0000] {logging_mixin.py:188} INFO - [2025-11-05T14:50:21.139+0000] {dagbag.py:538} INFO - Filling up the DagBag from /opt/airflow/dags/first_dag.py
[2025-11-05T14:50:21.177+0000] {processor.py:840} INFO - DAG(s) 'first_dag' retrieved from /opt/airflow/dags/first_dag.py
[2025-11-05T14:50:21.242+0000] {logging_mixin.py:188} INFO - [2025-11-05T14:50:21.241+0000] {dag.py:3036} INFO - Sync 1 DAGs
[2025-11-05T14:50:21.356+0000] {logging_mixin.py:188} INFO - [2025-11-05T14:50:21.355+0000] {dag.py:3823} INFO - Setting next_dagrun for first_dag to None, run_after=None
[2025-11-05T14:50:21.435+0000] {processor.py:183} INFO - Processing /opt/airflow/dags/first_dag.py took 0.326 seconds
[2025-11-05T14:50:51.581+0000] {processor.py:161} INFO - Started process (PID=1424) to work on /opt/airflow/dags/first_dag.py
[2025-11-05T14:50:51.584+0000] {processor.py:830} INFO - Processing file /opt/airflow/dags/first_dag.py for tasks to queue
[2025-11-05T14:50:51.589+0000] {logging_mixin.py:188} INFO - [2025-11-05T14:50:51.588+0000] {dagbag.py:538} INFO - Filling up the DagBag from /opt/airflow/dags/first_dag.py
[2025-11-05T14:50:51.627+0000] {processor.py:840} INFO - DAG(s) 'first_dag' retrieved from /opt/airflow/dags/first_dag.py
[2025-11-05T14:50:51.668+0000] {logging_mixin.py:188} INFO - [2025-11-05T14:50:51.668+0000] {dag.py:3036} INFO - Sync 1 DAGs
[2025-11-05T14:50:51.711+0000] {logging_mixin.py:188} INFO - [2025-11-05T14:50:51.710+0000] {dag.py:3823} INFO - Setting next_dagrun for first_dag to None, run_after=None
[2025-11-05T14:50:51.751+0000] {processor.py:183} INFO - Processing /opt/airflow/dags/first_dag.py took 0.188 seconds
[2025-11-05T14:51:22.053+0000] {processor.py:161} INFO - Started process (PID=1431) to work on /opt/airflow/dags/first_dag.py
[2025-11-05T14:51:22.056+0000] {processor.py:830} INFO - Processing file /opt/airflow/dags/first_dag.py for tasks to queue
[2025-11-05T14:51:22.060+0000] {logging_mixin.py:188} INFO - [2025-11-05T14:51:22.059+0000] {dagbag.py:538} INFO - Filling up the DagBag from /opt/airflow/dags/first_dag.py
[2025-11-05T14:51:22.103+0000] {processor.py:840} INFO - DAG(s) 'first_dag' retrieved from /opt/airflow/dags/first_dag.py
[2025-11-05T14:51:22.143+0000] {logging_mixin.py:188} INFO - [2025-11-05T14:51:22.143+0000] {dag.py:3036} INFO - Sync 1 DAGs
[2025-11-05T14:51:22.185+0000] {logging_mixin.py:188} INFO - [2025-11-05T14:51:22.185+0000] {dag.py:3823} INFO - Setting next_dagrun for first_dag to None, run_after=None
[2025-11-05T14:51:22.224+0000] {processor.py:183} INFO - Processing /opt/airflow/dags/first_dag.py took 0.179 seconds
[2025-11-05T14:51:52.574+0000] {processor.py:161} INFO - Started process (PID=1438) to work on /opt/airflow/dags/first_dag.py
[2025-11-05T14:51:52.578+0000] {processor.py:830} INFO - Processing file /opt/airflow/dags/first_dag.py for tasks to queue
[2025-11-05T14:51:52.586+0000] {logging_mixin.py:188} INFO - [2025-11-05T14:51:52.585+0000] {dagbag.py:538} INFO - Filling up the DagBag from /opt/airflow/dags/first_dag.py
[2025-11-05T14:51:52.629+0000] {processor.py:840} INFO - DAG(s) 'first_dag' retrieved from /opt/airflow/dags/first_dag.py
[2025-11-05T14:51:52.671+0000] {logging_mixin.py:188} INFO - [2025-11-05T14:51:52.671+0000] {dag.py:3036} INFO - Sync 1 DAGs
[2025-11-05T14:51:52.722+0000] {logging_mixin.py:188} INFO - [2025-11-05T14:51:52.721+0000] {dag.py:3823} INFO - Setting next_dagrun for first_dag to None, run_after=None
[2025-11-05T14:51:52.773+0000] {processor.py:183} INFO - Processing /opt/airflow/dags/first_dag.py took 0.212 seconds
[2025-11-05T14:52:23.224+0000] {processor.py:161} INFO - Started process (PID=1445) to work on /opt/airflow/dags/first_dag.py
[2025-11-05T14:52:23.227+0000] {processor.py:830} INFO - Processing file /opt/airflow/dags/first_dag.py for tasks to queue
[2025-11-05T14:52:23.233+0000] {logging_mixin.py:188} INFO - [2025-11-05T14:52:23.232+0000] {dagbag.py:538} INFO - Filling up the DagBag from /opt/airflow/dags/first_dag.py
[2025-11-05T14:52:23.279+0000] {processor.py:840} INFO - DAG(s) 'first_dag' retrieved from /opt/airflow/dags/first_dag.py
[2025-11-05T14:52:23.326+0000] {logging_mixin.py:188} INFO - [2025-11-05T14:52:23.325+0000] {dag.py:3036} INFO - Sync 1 DAGs
[2025-11-05T14:52:23.378+0000] {logging_mixin.py:188} INFO - [2025-11-05T14:52:23.377+0000] {dag.py:3823} INFO - Setting next_dagrun for first_dag to None, run_after=None
[2025-11-05T14:52:23.431+0000] {processor.py:183} INFO - Processing /opt/airflow/dags/first_dag.py took 0.219 seconds
[2025-11-05T14:52:53.797+0000] {processor.py:161} INFO - Started process (PID=1452) to work on /opt/airflow/dags/first_dag.py
[2025-11-05T14:52:53.800+0000] {processor.py:830} INFO - Processing file /opt/airflow/dags/first_dag.py for tasks to queue
[2025-11-05T14:52:53.807+0000] {logging_mixin.py:188} INFO - [2025-11-05T14:52:53.806+0000] {dagbag.py:538} INFO - Filling up the DagBag from /opt/airflow/dags/first_dag.py
[2025-11-05T14:52:53.851+0000] {processor.py:840} INFO - DAG(s) 'first_dag' retrieved from /opt/airflow/dags/first_dag.py
[2025-11-05T14:52:53.906+0000] {logging_mixin.py:188} INFO - [2025-11-05T14:52:53.906+0000] {dag.py:3036} INFO - Sync 1 DAGs
[2025-11-05T14:52:53.955+0000] {logging_mixin.py:188} INFO - [2025-11-05T14:52:53.955+0000] {dag.py:3823} INFO - Setting next_dagrun for first_dag to None, run_after=None
[2025-11-05T14:52:53.997+0000] {processor.py:183} INFO - Processing /opt/airflow/dags/first_dag.py took 0.215 seconds
[2025-11-05T14:53:24.494+0000] {processor.py:161} INFO - Started process (PID=1459) to work on /opt/airflow/dags/first_dag.py
[2025-11-05T14:53:24.497+0000] {processor.py:830} INFO - Processing file /opt/airflow/dags/first_dag.py for tasks to queue
[2025-11-05T14:53:24.503+0000] {logging_mixin.py:188} INFO - [2025-11-05T14:53:24.502+0000] {dagbag.py:538} INFO - Filling up the DagBag from /opt/airflow/dags/first_dag.py
[2025-11-05T14:53:24.552+0000] {processor.py:840} INFO - DAG(s) 'first_dag' retrieved from /opt/airflow/dags/first_dag.py
[2025-11-05T14:53:24.590+0000] {logging_mixin.py:188} INFO - [2025-11-05T14:53:24.589+0000] {dag.py:3036} INFO - Sync 1 DAGs
[2025-11-05T14:53:24.641+0000] {logging_mixin.py:188} INFO - [2025-11-05T14:53:24.640+0000] {dag.py:3823} INFO - Setting next_dagrun for first_dag to None, run_after=None
[2025-11-05T14:53:24.685+0000] {processor.py:183} INFO - Processing /opt/airflow/dags/first_dag.py took 0.198 seconds
[2025-11-05T14:53:55.036+0000] {processor.py:161} INFO - Started process (PID=1467) to work on /opt/airflow/dags/first_dag.py
[2025-11-05T14:53:55.042+0000] {processor.py:830} INFO - Processing file /opt/airflow/dags/first_dag.py for tasks to queue
[2025-11-05T14:53:55.047+0000] {logging_mixin.py:188} INFO - [2025-11-05T14:53:55.046+0000] {dagbag.py:538} INFO - Filling up the DagBag from /opt/airflow/dags/first_dag.py
[2025-11-05T14:53:55.091+0000] {processor.py:840} INFO - DAG(s) 'first_dag' retrieved from /opt/airflow/dags/first_dag.py
[2025-11-05T14:53:55.133+0000] {logging_mixin.py:188} INFO - [2025-11-05T14:53:55.132+0000] {dag.py:3036} INFO - Sync 1 DAGs
[2025-11-05T14:53:55.180+0000] {logging_mixin.py:188} INFO - [2025-11-05T14:53:55.180+0000] {dag.py:3823} INFO - Setting next_dagrun for first_dag to None, run_after=None
[2025-11-05T14:53:55.239+0000] {processor.py:183} INFO - Processing /opt/airflow/dags/first_dag.py took 0.214 seconds
[2025-11-05T18:03:33.767+0000] {processor.py:161} INFO - Started process (PID=92) to work on /opt/airflow/dags/first_dag.py
[2025-11-05T18:03:33.774+0000] {processor.py:830} INFO - Processing file /opt/airflow/dags/first_dag.py for tasks to queue
[2025-11-05T18:03:33.793+0000] {logging_mixin.py:188} INFO - [2025-11-05T18:03:33.791+0000] {dagbag.py:538} INFO - Filling up the DagBag from /opt/airflow/dags/first_dag.py
[2025-11-05T18:03:33.994+0000] {processor.py:840} INFO - DAG(s) 'first_dag' retrieved from /opt/airflow/dags/first_dag.py
[2025-11-05T18:03:35.450+0000] {logging_mixin.py:188} INFO - [2025-11-05T18:03:35.449+0000] {dag.py:3036} INFO - Sync 1 DAGs
[2025-11-05T18:03:35.691+0000] {logging_mixin.py:188} INFO - [2025-11-05T18:03:35.690+0000] {dag.py:3823} INFO - Setting next_dagrun for first_dag to None, run_after=None
[2025-11-05T18:03:35.899+0000] {processor.py:183} INFO - Processing /opt/airflow/dags/first_dag.py took 2.167 seconds
[2025-11-05T18:04:06.689+0000] {processor.py:161} INFO - Started process (PID=98) to work on /opt/airflow/dags/first_dag.py
[2025-11-05T18:04:06.708+0000] {processor.py:830} INFO - Processing file /opt/airflow/dags/first_dag.py for tasks to queue
[2025-11-05T18:04:06.734+0000] {logging_mixin.py:188} INFO - [2025-11-05T18:04:06.733+0000] {dagbag.py:538} INFO - Filling up the DagBag from /opt/airflow/dags/first_dag.py
[2025-11-05T18:04:06.923+0000] {processor.py:840} INFO - DAG(s) 'first_dag' retrieved from /opt/airflow/dags/first_dag.py
[2025-11-05T18:04:07.130+0000] {logging_mixin.py:188} INFO - [2025-11-05T18:04:07.129+0000] {dag.py:3036} INFO - Sync 1 DAGs
[2025-11-05T18:04:07.247+0000] {logging_mixin.py:188} INFO - [2025-11-05T18:04:07.247+0000] {dag.py:3823} INFO - Setting next_dagrun for first_dag to None, run_after=None
[2025-11-05T18:04:07.348+0000] {processor.py:183} INFO - Processing /opt/airflow/dags/first_dag.py took 0.713 seconds
[2025-11-05T18:04:38.201+0000] {processor.py:161} INFO - Started process (PID=111) to work on /opt/airflow/dags/first_dag.py
[2025-11-05T18:04:38.210+0000] {processor.py:830} INFO - Processing file /opt/airflow/dags/first_dag.py for tasks to queue
[2025-11-05T18:04:38.258+0000] {logging_mixin.py:188} INFO - [2025-11-05T18:04:38.255+0000] {dagbag.py:538} INFO - Filling up the DagBag from /opt/airflow/dags/first_dag.py
[2025-11-05T18:04:38.511+0000] {processor.py:840} INFO - DAG(s) 'first_dag' retrieved from /opt/airflow/dags/first_dag.py
[2025-11-05T18:04:38.613+0000] {logging_mixin.py:188} INFO - [2025-11-05T18:04:38.612+0000] {dag.py:3036} INFO - Sync 1 DAGs
[2025-11-05T18:04:38.740+0000] {logging_mixin.py:188} INFO - [2025-11-05T18:04:38.739+0000] {dag.py:3823} INFO - Setting next_dagrun for first_dag to None, run_after=None
[2025-11-05T18:04:38.826+0000] {processor.py:183} INFO - Processing /opt/airflow/dags/first_dag.py took 0.729 seconds
[2025-11-05T18:05:09.488+0000] {processor.py:161} INFO - Started process (PID=118) to work on /opt/airflow/dags/first_dag.py
[2025-11-05T18:05:09.491+0000] {processor.py:830} INFO - Processing file /opt/airflow/dags/first_dag.py for tasks to queue
[2025-11-05T18:05:09.496+0000] {logging_mixin.py:188} INFO - [2025-11-05T18:05:09.496+0000] {dagbag.py:538} INFO - Filling up the DagBag from /opt/airflow/dags/first_dag.py
[2025-11-05T18:05:09.550+0000] {processor.py:840} INFO - DAG(s) 'first_dag' retrieved from /opt/airflow/dags/first_dag.py
[2025-11-05T18:05:09.588+0000] {logging_mixin.py:188} INFO - [2025-11-05T18:05:09.587+0000] {dag.py:3036} INFO - Sync 1 DAGs
[2025-11-05T18:05:09.628+0000] {logging_mixin.py:188} INFO - [2025-11-05T18:05:09.628+0000] {dag.py:3823} INFO - Setting next_dagrun for first_dag to None, run_after=None
[2025-11-05T18:05:09.672+0000] {processor.py:183} INFO - Processing /opt/airflow/dags/first_dag.py took 0.194 seconds
[2025-11-05T18:05:40.207+0000] {processor.py:161} INFO - Started process (PID=125) to work on /opt/airflow/dags/first_dag.py
[2025-11-05T18:05:40.216+0000] {processor.py:830} INFO - Processing file /opt/airflow/dags/first_dag.py for tasks to queue
[2025-11-05T18:05:40.226+0000] {logging_mixin.py:188} INFO - [2025-11-05T18:05:40.225+0000] {dagbag.py:538} INFO - Filling up the DagBag from /opt/airflow/dags/first_dag.py
[2025-11-05T18:05:40.296+0000] {processor.py:840} INFO - DAG(s) 'first_dag' retrieved from /opt/airflow/dags/first_dag.py
[2025-11-05T18:05:40.345+0000] {logging_mixin.py:188} INFO - [2025-11-05T18:05:40.345+0000] {dag.py:3036} INFO - Sync 1 DAGs
[2025-11-05T18:05:40.411+0000] {logging_mixin.py:188} INFO - [2025-11-05T18:05:40.411+0000] {dag.py:3823} INFO - Setting next_dagrun for first_dag to None, run_after=None
[2025-11-05T18:05:40.468+0000] {processor.py:183} INFO - Processing /opt/airflow/dags/first_dag.py took 0.273 seconds
[2025-11-05T18:06:10.670+0000] {processor.py:161} INFO - Started process (PID=132) to work on /opt/airflow/dags/first_dag.py
[2025-11-05T18:06:10.673+0000] {processor.py:830} INFO - Processing file /opt/airflow/dags/first_dag.py for tasks to queue
[2025-11-05T18:06:10.678+0000] {logging_mixin.py:188} INFO - [2025-11-05T18:06:10.677+0000] {dagbag.py:538} INFO - Filling up the DagBag from /opt/airflow/dags/first_dag.py
[2025-11-05T18:06:10.758+0000] {processor.py:840} INFO - DAG(s) 'first_dag' retrieved from /opt/airflow/dags/first_dag.py
[2025-11-05T18:06:10.820+0000] {logging_mixin.py:188} INFO - [2025-11-05T18:06:10.819+0000] {dag.py:3036} INFO - Sync 1 DAGs
[2025-11-05T18:06:10.879+0000] {logging_mixin.py:188} INFO - [2025-11-05T18:06:10.878+0000] {dag.py:3823} INFO - Setting next_dagrun for first_dag to None, run_after=None
[2025-11-05T18:06:10.960+0000] {processor.py:183} INFO - Processing /opt/airflow/dags/first_dag.py took 0.301 seconds
[2025-11-05T18:06:41.456+0000] {processor.py:161} INFO - Started process (PID=139) to work on /opt/airflow/dags/first_dag.py
[2025-11-05T18:06:41.459+0000] {processor.py:830} INFO - Processing file /opt/airflow/dags/first_dag.py for tasks to queue
[2025-11-05T18:06:41.475+0000] {logging_mixin.py:188} INFO - [2025-11-05T18:06:41.474+0000] {dagbag.py:538} INFO - Filling up the DagBag from /opt/airflow/dags/first_dag.py
[2025-11-05T18:06:41.544+0000] {processor.py:840} INFO - DAG(s) 'first_dag' retrieved from /opt/airflow/dags/first_dag.py
[2025-11-05T18:06:41.609+0000] {logging_mixin.py:188} INFO - [2025-11-05T18:06:41.608+0000] {dag.py:3036} INFO - Sync 1 DAGs
[2025-11-05T18:06:41.676+0000] {logging_mixin.py:188} INFO - [2025-11-05T18:06:41.675+0000] {dag.py:3823} INFO - Setting next_dagrun for first_dag to None, run_after=None
[2025-11-05T18:06:41.711+0000] {processor.py:183} INFO - Processing /opt/airflow/dags/first_dag.py took 0.266 seconds
[2025-11-05T18:07:11.974+0000] {processor.py:161} INFO - Started process (PID=146) to work on /opt/airflow/dags/first_dag.py
[2025-11-05T18:07:11.980+0000] {processor.py:830} INFO - Processing file /opt/airflow/dags/first_dag.py for tasks to queue
[2025-11-05T18:07:11.996+0000] {logging_mixin.py:188} INFO - [2025-11-05T18:07:11.993+0000] {dagbag.py:538} INFO - Filling up the DagBag from /opt/airflow/dags/first_dag.py
[2025-11-05T18:07:12.042+0000] {processor.py:840} INFO - DAG(s) 'first_dag' retrieved from /opt/airflow/dags/first_dag.py
[2025-11-05T18:07:12.109+0000] {logging_mixin.py:188} INFO - [2025-11-05T18:07:12.108+0000] {dag.py:3036} INFO - Sync 1 DAGs
[2025-11-05T18:07:12.211+0000] {logging_mixin.py:188} INFO - [2025-11-05T18:07:12.210+0000] {dag.py:3823} INFO - Setting next_dagrun for first_dag to None, run_after=None
[2025-11-05T18:07:12.277+0000] {processor.py:183} INFO - Processing /opt/airflow/dags/first_dag.py took 0.315 seconds
[2025-11-05T18:07:42.664+0000] {processor.py:161} INFO - Started process (PID=153) to work on /opt/airflow/dags/first_dag.py
[2025-11-05T18:07:42.667+0000] {processor.py:830} INFO - Processing file /opt/airflow/dags/first_dag.py for tasks to queue
[2025-11-05T18:07:42.673+0000] {logging_mixin.py:188} INFO - [2025-11-05T18:07:42.672+0000] {dagbag.py:538} INFO - Filling up the DagBag from /opt/airflow/dags/first_dag.py
[2025-11-05T18:07:42.718+0000] {processor.py:840} INFO - DAG(s) 'first_dag' retrieved from /opt/airflow/dags/first_dag.py
[2025-11-05T18:07:42.780+0000] {logging_mixin.py:188} INFO - [2025-11-05T18:07:42.779+0000] {dag.py:3036} INFO - Sync 1 DAGs
[2025-11-05T18:07:42.893+0000] {logging_mixin.py:188} INFO - [2025-11-05T18:07:42.892+0000] {dag.py:3823} INFO - Setting next_dagrun for first_dag to None, run_after=None
[2025-11-05T18:07:42.945+0000] {processor.py:183} INFO - Processing /opt/airflow/dags/first_dag.py took 0.277 seconds
[2025-11-05T18:08:13.214+0000] {processor.py:161} INFO - Started process (PID=161) to work on /opt/airflow/dags/first_dag.py
[2025-11-05T18:08:13.217+0000] {processor.py:830} INFO - Processing file /opt/airflow/dags/first_dag.py for tasks to queue
[2025-11-05T18:08:13.224+0000] {logging_mixin.py:188} INFO - [2025-11-05T18:08:13.223+0000] {dagbag.py:538} INFO - Filling up the DagBag from /opt/airflow/dags/first_dag.py
[2025-11-05T18:08:13.275+0000] {processor.py:840} INFO - DAG(s) 'first_dag' retrieved from /opt/airflow/dags/first_dag.py
[2025-11-05T18:08:13.316+0000] {logging_mixin.py:188} INFO - [2025-11-05T18:08:13.315+0000] {dag.py:3036} INFO - Sync 1 DAGs
[2025-11-05T18:08:13.362+0000] {logging_mixin.py:188} INFO - [2025-11-05T18:08:13.362+0000] {dag.py:3823} INFO - Setting next_dagrun for first_dag to None, run_after=None
[2025-11-05T18:08:13.424+0000] {processor.py:183} INFO - Processing /opt/airflow/dags/first_dag.py took 0.219 seconds
[2025-11-05T18:08:43.902+0000] {processor.py:161} INFO - Started process (PID=168) to work on /opt/airflow/dags/first_dag.py
[2025-11-05T18:08:43.904+0000] {processor.py:830} INFO - Processing file /opt/airflow/dags/first_dag.py for tasks to queue
[2025-11-05T18:08:43.908+0000] {logging_mixin.py:188} INFO - [2025-11-05T18:08:43.908+0000] {dagbag.py:538} INFO - Filling up the DagBag from /opt/airflow/dags/first_dag.py
[2025-11-05T18:08:43.952+0000] {processor.py:840} INFO - DAG(s) 'first_dag' retrieved from /opt/airflow/dags/first_dag.py
[2025-11-05T18:08:44.001+0000] {logging_mixin.py:188} INFO - [2025-11-05T18:08:44.001+0000] {dag.py:3036} INFO - Sync 1 DAGs
[2025-11-05T18:08:44.084+0000] {logging_mixin.py:188} INFO - [2025-11-05T18:08:44.084+0000] {dag.py:3823} INFO - Setting next_dagrun for first_dag to None, run_after=None
[2025-11-05T18:08:44.138+0000] {processor.py:183} INFO - Processing /opt/airflow/dags/first_dag.py took 0.247 seconds
[2025-11-05T18:09:14.573+0000] {processor.py:161} INFO - Started process (PID=175) to work on /opt/airflow/dags/first_dag.py
[2025-11-05T18:09:14.576+0000] {processor.py:830} INFO - Processing file /opt/airflow/dags/first_dag.py for tasks to queue
[2025-11-05T18:09:14.583+0000] {logging_mixin.py:188} INFO - [2025-11-05T18:09:14.581+0000] {dagbag.py:538} INFO - Filling up the DagBag from /opt/airflow/dags/first_dag.py
[2025-11-05T18:09:14.638+0000] {processor.py:840} INFO - DAG(s) 'first_dag' retrieved from /opt/airflow/dags/first_dag.py
[2025-11-05T18:09:14.696+0000] {logging_mixin.py:188} INFO - [2025-11-05T18:09:14.696+0000] {dag.py:3036} INFO - Sync 1 DAGs
[2025-11-05T18:09:14.744+0000] {logging_mixin.py:188} INFO - [2025-11-05T18:09:14.744+0000] {dag.py:3823} INFO - Setting next_dagrun for first_dag to None, run_after=None
[2025-11-05T18:09:14.789+0000] {processor.py:183} INFO - Processing /opt/airflow/dags/first_dag.py took 0.225 seconds
[2025-11-05T18:09:45.144+0000] {processor.py:161} INFO - Started process (PID=182) to work on /opt/airflow/dags/first_dag.py
[2025-11-05T18:09:45.147+0000] {processor.py:830} INFO - Processing file /opt/airflow/dags/first_dag.py for tasks to queue
[2025-11-05T18:09:45.152+0000] {logging_mixin.py:188} INFO - [2025-11-05T18:09:45.151+0000] {dagbag.py:538} INFO - Filling up the DagBag from /opt/airflow/dags/first_dag.py
[2025-11-05T18:09:45.206+0000] {processor.py:840} INFO - DAG(s) 'first_dag' retrieved from /opt/airflow/dags/first_dag.py
[2025-11-05T18:09:45.257+0000] {logging_mixin.py:188} INFO - [2025-11-05T18:09:45.256+0000] {dag.py:3036} INFO - Sync 1 DAGs
[2025-11-05T18:09:45.298+0000] {logging_mixin.py:188} INFO - [2025-11-05T18:09:45.298+0000] {dag.py:3823} INFO - Setting next_dagrun for first_dag to None, run_after=None
[2025-11-05T18:09:45.334+0000] {processor.py:183} INFO - Processing /opt/airflow/dags/first_dag.py took 0.198 seconds
[2025-11-05T18:10:15.999+0000] {processor.py:161} INFO - Started process (PID=188) to work on /opt/airflow/dags/first_dag.py
[2025-11-05T18:10:16.002+0000] {processor.py:830} INFO - Processing file /opt/airflow/dags/first_dag.py for tasks to queue
[2025-11-05T18:10:16.008+0000] {logging_mixin.py:188} INFO - [2025-11-05T18:10:16.007+0000] {dagbag.py:538} INFO - Filling up the DagBag from /opt/airflow/dags/first_dag.py
[2025-11-05T18:10:16.052+0000] {processor.py:840} INFO - DAG(s) 'first_dag' retrieved from /opt/airflow/dags/first_dag.py
[2025-11-05T18:10:16.098+0000] {logging_mixin.py:188} INFO - [2025-11-05T18:10:16.098+0000] {dag.py:3036} INFO - Sync 1 DAGs
[2025-11-05T18:10:16.175+0000] {logging_mixin.py:188} INFO - [2025-11-05T18:10:16.175+0000] {dag.py:3823} INFO - Setting next_dagrun for first_dag to None, run_after=None
[2025-11-05T18:10:16.228+0000] {processor.py:183} INFO - Processing /opt/airflow/dags/first_dag.py took 0.240 seconds
[2025-11-05T18:10:46.482+0000] {processor.py:161} INFO - Started process (PID=195) to work on /opt/airflow/dags/first_dag.py
[2025-11-05T18:10:46.486+0000] {processor.py:830} INFO - Processing file /opt/airflow/dags/first_dag.py for tasks to queue
[2025-11-05T18:10:46.494+0000] {logging_mixin.py:188} INFO - [2025-11-05T18:10:46.492+0000] {dagbag.py:538} INFO - Filling up the DagBag from /opt/airflow/dags/first_dag.py
[2025-11-05T18:10:46.549+0000] {processor.py:840} INFO - DAG(s) 'first_dag' retrieved from /opt/airflow/dags/first_dag.py
[2025-11-05T18:10:46.599+0000] {logging_mixin.py:188} INFO - [2025-11-05T18:10:46.598+0000] {dag.py:3036} INFO - Sync 1 DAGs
[2025-11-05T18:10:46.657+0000] {logging_mixin.py:188} INFO - [2025-11-05T18:10:46.657+0000] {dag.py:3823} INFO - Setting next_dagrun for first_dag to None, run_after=None
[2025-11-05T18:10:46.693+0000] {processor.py:183} INFO - Processing /opt/airflow/dags/first_dag.py took 0.222 seconds
[2025-11-05T18:11:17.037+0000] {processor.py:161} INFO - Started process (PID=202) to work on /opt/airflow/dags/first_dag.py
[2025-11-05T18:11:17.040+0000] {processor.py:830} INFO - Processing file /opt/airflow/dags/first_dag.py for tasks to queue
[2025-11-05T18:11:17.046+0000] {logging_mixin.py:188} INFO - [2025-11-05T18:11:17.045+0000] {dagbag.py:538} INFO - Filling up the DagBag from /opt/airflow/dags/first_dag.py
[2025-11-05T18:11:17.103+0000] {processor.py:840} INFO - DAG(s) 'first_dag' retrieved from /opt/airflow/dags/first_dag.py
[2025-11-05T18:11:17.152+0000] {logging_mixin.py:188} INFO - [2025-11-05T18:11:17.152+0000] {dag.py:3036} INFO - Sync 1 DAGs
[2025-11-05T18:11:17.200+0000] {logging_mixin.py:188} INFO - [2025-11-05T18:11:17.199+0000] {dag.py:3823} INFO - Setting next_dagrun for first_dag to None, run_after=None
[2025-11-05T18:11:17.237+0000] {processor.py:183} INFO - Processing /opt/airflow/dags/first_dag.py took 0.210 seconds
[2025-11-05T18:11:47.498+0000] {processor.py:161} INFO - Started process (PID=209) to work on /opt/airflow/dags/first_dag.py
[2025-11-05T18:11:47.501+0000] {processor.py:830} INFO - Processing file /opt/airflow/dags/first_dag.py for tasks to queue
[2025-11-05T18:11:47.506+0000] {logging_mixin.py:188} INFO - [2025-11-05T18:11:47.506+0000] {dagbag.py:538} INFO - Filling up the DagBag from /opt/airflow/dags/first_dag.py
[2025-11-05T18:11:47.555+0000] {processor.py:840} INFO - DAG(s) 'first_dag' retrieved from /opt/airflow/dags/first_dag.py
[2025-11-05T18:11:47.596+0000] {logging_mixin.py:188} INFO - [2025-11-05T18:11:47.595+0000] {dag.py:3036} INFO - Sync 1 DAGs
[2025-11-05T18:11:47.639+0000] {logging_mixin.py:188} INFO - [2025-11-05T18:11:47.639+0000] {dag.py:3823} INFO - Setting next_dagrun for first_dag to None, run_after=None
[2025-11-05T18:11:47.682+0000] {processor.py:183} INFO - Processing /opt/airflow/dags/first_dag.py took 0.194 seconds
[2025-11-05T18:12:18.155+0000] {processor.py:161} INFO - Started process (PID=217) to work on /opt/airflow/dags/first_dag.py
[2025-11-05T18:12:18.158+0000] {processor.py:830} INFO - Processing file /opt/airflow/dags/first_dag.py for tasks to queue
[2025-11-05T18:12:18.169+0000] {logging_mixin.py:188} INFO - [2025-11-05T18:12:18.166+0000] {dagbag.py:538} INFO - Filling up the DagBag from /opt/airflow/dags/first_dag.py
[2025-11-05T18:12:18.257+0000] {processor.py:840} INFO - DAG(s) 'first_dag' retrieved from /opt/airflow/dags/first_dag.py
[2025-11-05T18:12:18.385+0000] {logging_mixin.py:188} INFO - [2025-11-05T18:12:18.384+0000] {dag.py:3036} INFO - Sync 1 DAGs
[2025-11-05T18:12:18.477+0000] {logging_mixin.py:188} INFO - [2025-11-05T18:12:18.476+0000] {dag.py:3823} INFO - Setting next_dagrun for first_dag to None, run_after=None
[2025-11-05T18:12:18.571+0000] {processor.py:183} INFO - Processing /opt/airflow/dags/first_dag.py took 0.426 seconds
[2025-11-05T18:12:49.053+0000] {processor.py:161} INFO - Started process (PID=224) to work on /opt/airflow/dags/first_dag.py
[2025-11-05T18:12:49.056+0000] {processor.py:830} INFO - Processing file /opt/airflow/dags/first_dag.py for tasks to queue
[2025-11-05T18:12:49.061+0000] {logging_mixin.py:188} INFO - [2025-11-05T18:12:49.060+0000] {dagbag.py:538} INFO - Filling up the DagBag from /opt/airflow/dags/first_dag.py
[2025-11-05T18:12:49.103+0000] {processor.py:840} INFO - DAG(s) 'first_dag' retrieved from /opt/airflow/dags/first_dag.py
[2025-11-05T18:12:49.140+0000] {logging_mixin.py:188} INFO - [2025-11-05T18:12:49.139+0000] {dag.py:3036} INFO - Sync 1 DAGs
[2025-11-05T18:12:49.182+0000] {logging_mixin.py:188} INFO - [2025-11-05T18:12:49.181+0000] {dag.py:3823} INFO - Setting next_dagrun for first_dag to None, run_after=None
[2025-11-05T18:12:49.227+0000] {processor.py:183} INFO - Processing /opt/airflow/dags/first_dag.py took 0.187 seconds
[2025-11-05T18:13:19.590+0000] {processor.py:161} INFO - Started process (PID=231) to work on /opt/airflow/dags/first_dag.py
[2025-11-05T18:13:19.606+0000] {processor.py:830} INFO - Processing file /opt/airflow/dags/first_dag.py for tasks to queue
[2025-11-05T18:13:19.612+0000] {logging_mixin.py:188} INFO - [2025-11-05T18:13:19.611+0000] {dagbag.py:538} INFO - Filling up the DagBag from /opt/airflow/dags/first_dag.py
[2025-11-05T18:13:19.712+0000] {processor.py:840} INFO - DAG(s) 'first_dag' retrieved from /opt/airflow/dags/first_dag.py
[2025-11-05T18:13:19.828+0000] {logging_mixin.py:188} INFO - [2025-11-05T18:13:19.828+0000] {dag.py:3036} INFO - Sync 1 DAGs
[2025-11-05T18:13:19.937+0000] {logging_mixin.py:188} INFO - [2025-11-05T18:13:19.935+0000] {dag.py:3823} INFO - Setting next_dagrun for first_dag to None, run_after=None
[2025-11-05T18:13:20.029+0000] {processor.py:183} INFO - Processing /opt/airflow/dags/first_dag.py took 0.449 seconds
[2025-11-05T18:13:50.209+0000] {processor.py:161} INFO - Started process (PID=238) to work on /opt/airflow/dags/first_dag.py
[2025-11-05T18:13:50.212+0000] {processor.py:830} INFO - Processing file /opt/airflow/dags/first_dag.py for tasks to queue
[2025-11-05T18:13:50.218+0000] {logging_mixin.py:188} INFO - [2025-11-05T18:13:50.217+0000] {dagbag.py:538} INFO - Filling up the DagBag from /opt/airflow/dags/first_dag.py
[2025-11-05T18:13:50.265+0000] {processor.py:840} INFO - DAG(s) 'first_dag' retrieved from /opt/airflow/dags/first_dag.py
[2025-11-05T18:13:50.304+0000] {logging_mixin.py:188} INFO - [2025-11-05T18:13:50.304+0000] {dag.py:3036} INFO - Sync 1 DAGs
[2025-11-05T18:13:50.346+0000] {logging_mixin.py:188} INFO - [2025-11-05T18:13:50.345+0000] {dag.py:3823} INFO - Setting next_dagrun for first_dag to None, run_after=None
[2025-11-05T18:13:50.389+0000] {processor.py:183} INFO - Processing /opt/airflow/dags/first_dag.py took 0.188 seconds
[2025-11-05T18:14:20.598+0000] {processor.py:161} INFO - Started process (PID=245) to work on /opt/airflow/dags/first_dag.py
[2025-11-05T18:14:20.601+0000] {processor.py:830} INFO - Processing file /opt/airflow/dags/first_dag.py for tasks to queue
[2025-11-05T18:14:20.607+0000] {logging_mixin.py:188} INFO - [2025-11-05T18:14:20.607+0000] {dagbag.py:538} INFO - Filling up the DagBag from /opt/airflow/dags/first_dag.py
[2025-11-05T18:14:20.644+0000] {processor.py:840} INFO - DAG(s) 'first_dag' retrieved from /opt/airflow/dags/first_dag.py
[2025-11-05T18:14:20.683+0000] {logging_mixin.py:188} INFO - [2025-11-05T18:14:20.683+0000] {dag.py:3036} INFO - Sync 1 DAGs
[2025-11-05T18:14:20.726+0000] {logging_mixin.py:188} INFO - [2025-11-05T18:14:20.726+0000] {dag.py:3823} INFO - Setting next_dagrun for first_dag to None, run_after=None
[2025-11-05T18:14:20.769+0000] {processor.py:183} INFO - Processing /opt/airflow/dags/first_dag.py took 0.182 seconds
[2025-11-05T18:14:50.976+0000] {processor.py:161} INFO - Started process (PID=252) to work on /opt/airflow/dags/first_dag.py
[2025-11-05T18:14:50.979+0000] {processor.py:830} INFO - Processing file /opt/airflow/dags/first_dag.py for tasks to queue
[2025-11-05T18:14:50.985+0000] {logging_mixin.py:188} INFO - [2025-11-05T18:14:50.984+0000] {dagbag.py:538} INFO - Filling up the DagBag from /opt/airflow/dags/first_dag.py
[2025-11-05T18:14:51.034+0000] {processor.py:840} INFO - DAG(s) 'first_dag' retrieved from /opt/airflow/dags/first_dag.py
[2025-11-05T18:14:51.079+0000] {logging_mixin.py:188} INFO - [2025-11-05T18:14:51.079+0000] {dag.py:3036} INFO - Sync 1 DAGs
[2025-11-05T18:14:51.126+0000] {logging_mixin.py:188} INFO - [2025-11-05T18:14:51.126+0000] {dag.py:3823} INFO - Setting next_dagrun for first_dag to None, run_after=None
[2025-11-05T18:14:51.166+0000] {processor.py:183} INFO - Processing /opt/airflow/dags/first_dag.py took 0.198 seconds
[2025-11-05T18:15:21.527+0000] {processor.py:161} INFO - Started process (PID=259) to work on /opt/airflow/dags/first_dag.py
[2025-11-05T18:15:21.531+0000] {processor.py:830} INFO - Processing file /opt/airflow/dags/first_dag.py for tasks to queue
[2025-11-05T18:15:21.541+0000] {logging_mixin.py:188} INFO - [2025-11-05T18:15:21.540+0000] {dagbag.py:538} INFO - Filling up the DagBag from /opt/airflow/dags/first_dag.py
[2025-11-05T18:15:21.589+0000] {processor.py:840} INFO - DAG(s) 'first_dag' retrieved from /opt/airflow/dags/first_dag.py
[2025-11-05T18:15:21.645+0000] {logging_mixin.py:188} INFO - [2025-11-05T18:15:21.644+0000] {dag.py:3036} INFO - Sync 1 DAGs
[2025-11-05T18:15:21.695+0000] {logging_mixin.py:188} INFO - [2025-11-05T18:15:21.695+0000] {dag.py:3823} INFO - Setting next_dagrun for first_dag to None, run_after=None
[2025-11-05T18:15:21.732+0000] {processor.py:183} INFO - Processing /opt/airflow/dags/first_dag.py took 0.225 seconds
[2025-11-05T18:15:52.053+0000] {processor.py:161} INFO - Started process (PID=267) to work on /opt/airflow/dags/first_dag.py
[2025-11-05T18:15:52.056+0000] {processor.py:830} INFO - Processing file /opt/airflow/dags/first_dag.py for tasks to queue
[2025-11-05T18:15:52.061+0000] {logging_mixin.py:188} INFO - [2025-11-05T18:15:52.061+0000] {dagbag.py:538} INFO - Filling up the DagBag from /opt/airflow/dags/first_dag.py
[2025-11-05T18:15:52.111+0000] {processor.py:840} INFO - DAG(s) 'first_dag' retrieved from /opt/airflow/dags/first_dag.py
[2025-11-05T18:15:52.151+0000] {logging_mixin.py:188} INFO - [2025-11-05T18:15:52.151+0000] {dag.py:3036} INFO - Sync 1 DAGs
[2025-11-05T18:15:52.195+0000] {logging_mixin.py:188} INFO - [2025-11-05T18:15:52.195+0000] {dag.py:3823} INFO - Setting next_dagrun for first_dag to None, run_after=None
[2025-11-05T18:15:52.237+0000] {processor.py:183} INFO - Processing /opt/airflow/dags/first_dag.py took 0.192 seconds
[2025-11-05T18:16:22.616+0000] {processor.py:161} INFO - Started process (PID=274) to work on /opt/airflow/dags/first_dag.py
[2025-11-05T18:16:22.619+0000] {processor.py:830} INFO - Processing file /opt/airflow/dags/first_dag.py for tasks to queue
[2025-11-05T18:16:22.625+0000] {logging_mixin.py:188} INFO - [2025-11-05T18:16:22.625+0000] {dagbag.py:538} INFO - Filling up the DagBag from /opt/airflow/dags/first_dag.py
[2025-11-05T18:16:22.674+0000] {processor.py:840} INFO - DAG(s) 'first_dag' retrieved from /opt/airflow/dags/first_dag.py
[2025-11-05T18:16:22.713+0000] {logging_mixin.py:188} INFO - [2025-11-05T18:16:22.713+0000] {dag.py:3036} INFO - Sync 1 DAGs
[2025-11-05T18:16:22.756+0000] {logging_mixin.py:188} INFO - [2025-11-05T18:16:22.756+0000] {dag.py:3823} INFO - Setting next_dagrun for first_dag to None, run_after=None
[2025-11-05T18:16:22.803+0000] {processor.py:183} INFO - Processing /opt/airflow/dags/first_dag.py took 0.193 seconds
[2025-11-05T18:16:53.326+0000] {processor.py:161} INFO - Started process (PID=281) to work on /opt/airflow/dags/first_dag.py
[2025-11-05T18:16:53.331+0000] {processor.py:830} INFO - Processing file /opt/airflow/dags/first_dag.py for tasks to queue
[2025-11-05T18:16:53.352+0000] {logging_mixin.py:188} INFO - [2025-11-05T18:16:53.351+0000] {dagbag.py:538} INFO - Filling up the DagBag from /opt/airflow/dags/first_dag.py
[2025-11-05T18:16:53.439+0000] {processor.py:840} INFO - DAG(s) 'first_dag' retrieved from /opt/airflow/dags/first_dag.py
[2025-11-05T18:16:53.582+0000] {logging_mixin.py:188} INFO - [2025-11-05T18:16:53.581+0000] {dag.py:3036} INFO - Sync 1 DAGs
[2025-11-05T18:16:53.656+0000] {logging_mixin.py:188} INFO - [2025-11-05T18:16:53.656+0000] {dag.py:3823} INFO - Setting next_dagrun for first_dag to None, run_after=None
[2025-11-05T18:16:53.707+0000] {processor.py:183} INFO - Processing /opt/airflow/dags/first_dag.py took 0.440 seconds
[2025-11-05T18:17:24.000+0000] {processor.py:161} INFO - Started process (PID=288) to work on /opt/airflow/dags/first_dag.py
[2025-11-05T18:17:24.003+0000] {processor.py:830} INFO - Processing file /opt/airflow/dags/first_dag.py for tasks to queue
[2025-11-05T18:17:24.007+0000] {logging_mixin.py:188} INFO - [2025-11-05T18:17:24.006+0000] {dagbag.py:538} INFO - Filling up the DagBag from /opt/airflow/dags/first_dag.py
[2025-11-05T18:17:24.057+0000] {processor.py:840} INFO - DAG(s) 'first_dag' retrieved from /opt/airflow/dags/first_dag.py
[2025-11-05T18:17:24.105+0000] {logging_mixin.py:188} INFO - [2025-11-05T18:17:24.105+0000] {dag.py:3036} INFO - Sync 1 DAGs
[2025-11-05T18:17:24.160+0000] {logging_mixin.py:188} INFO - [2025-11-05T18:17:24.159+0000] {dag.py:3823} INFO - Setting next_dagrun for first_dag to None, run_after=None
[2025-11-05T18:17:24.213+0000] {processor.py:183} INFO - Processing /opt/airflow/dags/first_dag.py took 0.223 seconds
[2025-11-05T18:17:41.724+0000] {processor.py:161} INFO - Started process (PID=289) to work on /opt/airflow/dags/first_dag.py
[2025-11-05T18:17:41.727+0000] {processor.py:830} INFO - Processing file /opt/airflow/dags/first_dag.py for tasks to queue
[2025-11-05T18:17:41.739+0000] {logging_mixin.py:188} INFO - [2025-11-05T18:17:41.738+0000] {dagbag.py:538} INFO - Filling up the DagBag from /opt/airflow/dags/first_dag.py
[2025-11-05T18:17:42.688+0000] {processor.py:840} INFO - DAG(s) 'first_dag' retrieved from /opt/airflow/dags/first_dag.py
[2025-11-05T18:17:42.776+0000] {logging_mixin.py:188} INFO - [2025-11-05T18:17:42.776+0000] {dag.py:3036} INFO - Sync 1 DAGs
[2025-11-05T18:17:42.850+0000] {logging_mixin.py:188} INFO - [2025-11-05T18:17:42.850+0000] {dag.py:3823} INFO - Setting next_dagrun for first_dag to None, run_after=None
[2025-11-05T18:17:42.976+0000] {processor.py:183} INFO - Processing /opt/airflow/dags/first_dag.py took 1.308 seconds
[2025-11-05T18:17:49.245+0000] {processor.py:161} INFO - Started process (PID=296) to work on /opt/airflow/dags/first_dag.py
[2025-11-05T18:17:49.248+0000] {processor.py:830} INFO - Processing file /opt/airflow/dags/first_dag.py for tasks to queue
[2025-11-05T18:17:49.254+0000] {logging_mixin.py:188} INFO - [2025-11-05T18:17:49.253+0000] {dagbag.py:538} INFO - Filling up the DagBag from /opt/airflow/dags/first_dag.py
[2025-11-05T18:17:49.331+0000] {processor.py:840} INFO - DAG(s) 'first_dag' retrieved from /opt/airflow/dags/first_dag.py
[2025-11-05T18:17:49.373+0000] {logging_mixin.py:188} INFO - [2025-11-05T18:17:49.373+0000] {dag.py:3036} INFO - Sync 1 DAGs
[2025-11-05T18:17:49.421+0000] {logging_mixin.py:188} INFO - [2025-11-05T18:17:49.420+0000] {dag.py:3823} INFO - Setting next_dagrun for first_dag to None, run_after=None
[2025-11-05T18:17:49.489+0000] {processor.py:183} INFO - Processing /opt/airflow/dags/first_dag.py took 0.254 seconds
[2025-11-05T18:17:52.426+0000] {processor.py:161} INFO - Started process (PID=297) to work on /opt/airflow/dags/first_dag.py
[2025-11-05T18:17:52.430+0000] {processor.py:830} INFO - Processing file /opt/airflow/dags/first_dag.py for tasks to queue
[2025-11-05T18:17:52.437+0000] {logging_mixin.py:188} INFO - [2025-11-05T18:17:52.436+0000] {dagbag.py:538} INFO - Filling up the DagBag from /opt/airflow/dags/first_dag.py
[2025-11-05T18:17:52.516+0000] {logging_mixin.py:188} INFO - [2025-11-05T18:17:52.504+0000] {dagbag.py:348} ERROR - Failed to import: /opt/airflow/dags/first_dag.py
Traceback (most recent call last):
  File "/home/airflow/.local/lib/python3.8/site-packages/airflow/models/dagbag.py", line 344, in parse
    loader.exec_module(new_module)
  File "<frozen importlib._bootstrap_external>", line 843, in exec_module
  File "<frozen importlib._bootstrap>", line 219, in _call_with_frames_removed
  File "/opt/airflow/dags/first_dag.py", line 1, in <module>
    fr
NameError: name 'fr' is not defined
[2025-11-05T18:17:52.520+0000] {processor.py:842} WARNING - No viable dags retrieved from /opt/airflow/dags/first_dag.py
[2025-11-05T18:17:52.594+0000] {processor.py:183} INFO - Processing /opt/airflow/dags/first_dag.py took 0.178 seconds
[2025-11-05T18:17:54.715+0000] {processor.py:161} INFO - Started process (PID=298) to work on /opt/airflow/dags/first_dag.py
[2025-11-05T18:17:54.754+0000] {processor.py:830} INFO - Processing file /opt/airflow/dags/first_dag.py for tasks to queue
[2025-11-05T18:17:54.791+0000] {logging_mixin.py:188} INFO - [2025-11-05T18:17:54.790+0000] {dagbag.py:538} INFO - Filling up the DagBag from /opt/airflow/dags/first_dag.py
[2025-11-05T18:17:56.418+0000] {logging_mixin.py:188} INFO - [2025-11-05T18:17:56.415+0000] {dagbag.py:348} ERROR - Failed to import: /opt/airflow/dags/first_dag.py
Traceback (most recent call last):
  File "/home/airflow/.local/lib/python3.8/site-packages/airflow/models/dagbag.py", line 344, in parse
    loader.exec_module(new_module)
  File "<frozen importlib._bootstrap_external>", line 839, in exec_module
  File "<frozen importlib._bootstrap_external>", line 976, in get_code
  File "<frozen importlib._bootstrap_external>", line 906, in source_to_code
  File "<frozen importlib._bootstrap>", line 219, in _call_with_frames_removed
  File "/opt/airflow/dags/first_dag.py", line 1
    from
       ^
SyntaxError: invalid syntax
[2025-11-05T18:17:56.420+0000] {processor.py:842} WARNING - No viable dags retrieved from /opt/airflow/dags/first_dag.py
[2025-11-05T18:17:56.614+0000] {processor.py:183} INFO - Processing /opt/airflow/dags/first_dag.py took 1.928 seconds
[2025-11-05T18:18:00.422+0000] {processor.py:161} INFO - Started process (PID=299) to work on /opt/airflow/dags/first_dag.py
[2025-11-05T18:18:00.440+0000] {processor.py:830} INFO - Processing file /opt/airflow/dags/first_dag.py for tasks to queue
[2025-11-05T18:18:00.449+0000] {logging_mixin.py:188} INFO - [2025-11-05T18:18:00.448+0000] {dagbag.py:538} INFO - Filling up the DagBag from /opt/airflow/dags/first_dag.py
[2025-11-05T18:18:00.693+0000] {logging_mixin.py:188} INFO - [2025-11-05T18:18:00.691+0000] {dagbag.py:348} ERROR - Failed to import: /opt/airflow/dags/first_dag.py
Traceback (most recent call last):
  File "/home/airflow/.local/lib/python3.8/site-packages/airflow/models/dagbag.py", line 344, in parse
    loader.exec_module(new_module)
  File "<frozen importlib._bootstrap_external>", line 839, in exec_module
  File "<frozen importlib._bootstrap_external>", line 976, in get_code
  File "<frozen importlib._bootstrap_external>", line 906, in source_to_code
  File "<frozen importlib._bootstrap>", line 219, in _call_with_frames_removed
  File "/opt/airflow/dags/first_dag.py", line 1
    from dat
           ^
SyntaxError: invalid syntax
[2025-11-05T18:18:00.721+0000] {processor.py:842} WARNING - No viable dags retrieved from /opt/airflow/dags/first_dag.py
[2025-11-05T18:18:00.897+0000] {processor.py:183} INFO - Processing /opt/airflow/dags/first_dag.py took 0.507 seconds
[2025-11-05T18:18:04.264+0000] {processor.py:161} INFO - Started process (PID=300) to work on /opt/airflow/dags/first_dag.py
[2025-11-05T18:18:04.278+0000] {processor.py:830} INFO - Processing file /opt/airflow/dags/first_dag.py for tasks to queue
[2025-11-05T18:18:04.295+0000] {logging_mixin.py:188} INFO - [2025-11-05T18:18:04.294+0000] {dagbag.py:538} INFO - Filling up the DagBag from /opt/airflow/dags/first_dag.py
[2025-11-05T18:18:04.381+0000] {logging_mixin.py:188} INFO - [2025-11-05T18:18:04.377+0000] {dagbag.py:348} ERROR - Failed to import: /opt/airflow/dags/first_dag.py
Traceback (most recent call last):
  File "/home/airflow/.local/lib/python3.8/site-packages/airflow/models/dagbag.py", line 344, in parse
    loader.exec_module(new_module)
  File "<frozen importlib._bootstrap_external>", line 839, in exec_module
  File "<frozen importlib._bootstrap_external>", line 976, in get_code
  File "<frozen importlib._bootstrap_external>", line 906, in source_to_code
  File "<frozen importlib._bootstrap>", line 219, in _call_with_frames_removed
  File "/opt/airflow/dags/first_dag.py", line 1
    from datetime import
                        ^
SyntaxError: invalid syntax
[2025-11-05T18:18:04.383+0000] {processor.py:842} WARNING - No viable dags retrieved from /opt/airflow/dags/first_dag.py
[2025-11-05T18:18:04.605+0000] {processor.py:183} INFO - Processing /opt/airflow/dags/first_dag.py took 0.390 seconds
[2025-11-05T18:18:06.711+0000] {processor.py:161} INFO - Started process (PID=301) to work on /opt/airflow/dags/first_dag.py
[2025-11-05T18:18:06.723+0000] {processor.py:830} INFO - Processing file /opt/airflow/dags/first_dag.py for tasks to queue
[2025-11-05T18:18:06.739+0000] {logging_mixin.py:188} INFO - [2025-11-05T18:18:06.738+0000] {dagbag.py:538} INFO - Filling up the DagBag from /opt/airflow/dags/first_dag.py
[2025-11-05T18:18:06.918+0000] {logging_mixin.py:188} INFO - [2025-11-05T18:18:06.903+0000] {dagbag.py:348} ERROR - Failed to import: /opt/airflow/dags/first_dag.py
Traceback (most recent call last):
  File "/home/airflow/.local/lib/python3.8/site-packages/airflow/models/dagbag.py", line 344, in parse
    loader.exec_module(new_module)
  File "<frozen importlib._bootstrap_external>", line 843, in exec_module
  File "<frozen importlib._bootstrap>", line 219, in _call_with_frames_removed
  File "/opt/airflow/dags/first_dag.py", line 1, in <module>
    from datetime import da
ImportError: cannot import name 'da' from 'datetime' (/usr/local/lib/python3.8/datetime.py)
[2025-11-05T18:18:06.924+0000] {processor.py:842} WARNING - No viable dags retrieved from /opt/airflow/dags/first_dag.py
[2025-11-05T18:18:06.997+0000] {processor.py:183} INFO - Processing /opt/airflow/dags/first_dag.py took 0.308 seconds
[2025-11-05T18:18:07.900+0000] {processor.py:161} INFO - Started process (PID=302) to work on /opt/airflow/dags/first_dag.py
[2025-11-05T18:18:07.904+0000] {processor.py:830} INFO - Processing file /opt/airflow/dags/first_dag.py for tasks to queue
[2025-11-05T18:18:07.909+0000] {logging_mixin.py:188} INFO - [2025-11-05T18:18:07.909+0000] {dagbag.py:538} INFO - Filling up the DagBag from /opt/airflow/dags/first_dag.py
[2025-11-05T18:18:08.102+0000] {processor.py:840} INFO - DAG(s) 'first_dag' retrieved from /opt/airflow/dags/first_dag.py
[2025-11-05T18:18:08.332+0000] {logging_mixin.py:188} INFO - [2025-11-05T18:18:08.331+0000] {dag.py:3036} INFO - Sync 1 DAGs
[2025-11-05T18:18:08.640+0000] {logging_mixin.py:188} INFO - [2025-11-05T18:18:08.639+0000] {dag.py:3823} INFO - Setting next_dagrun for first_dag to None, run_after=None
[2025-11-05T18:18:08.868+0000] {processor.py:183} INFO - Processing /opt/airflow/dags/first_dag.py took 0.983 seconds
[2025-11-05T18:18:22.117+0000] {processor.py:161} INFO - Started process (PID=309) to work on /opt/airflow/dags/first_dag.py
[2025-11-05T18:18:22.121+0000] {processor.py:830} INFO - Processing file /opt/airflow/dags/first_dag.py for tasks to queue
[2025-11-05T18:18:22.134+0000] {logging_mixin.py:188} INFO - [2025-11-05T18:18:22.133+0000] {dagbag.py:538} INFO - Filling up the DagBag from /opt/airflow/dags/first_dag.py
[2025-11-05T18:18:22.305+0000] {processor.py:840} INFO - DAG(s) 'first_dag' retrieved from /opt/airflow/dags/first_dag.py
[2025-11-05T18:18:22.382+0000] {logging_mixin.py:188} INFO - [2025-11-05T18:18:22.382+0000] {dag.py:3036} INFO - Sync 1 DAGs
[2025-11-05T18:18:22.425+0000] {logging_mixin.py:188} INFO - [2025-11-05T18:18:22.424+0000] {dag.py:3823} INFO - Setting next_dagrun for first_dag to None, run_after=None
[2025-11-05T18:18:22.471+0000] {processor.py:183} INFO - Processing /opt/airflow/dags/first_dag.py took 0.363 seconds
[2025-11-05T18:18:28.490+0000] {processor.py:161} INFO - Started process (PID=310) to work on /opt/airflow/dags/first_dag.py
[2025-11-05T18:18:28.495+0000] {processor.py:830} INFO - Processing file /opt/airflow/dags/first_dag.py for tasks to queue
[2025-11-05T18:18:28.505+0000] {logging_mixin.py:188} INFO - [2025-11-05T18:18:28.504+0000] {dagbag.py:538} INFO - Filling up the DagBag from /opt/airflow/dags/first_dag.py
[2025-11-05T18:18:28.644+0000] {processor.py:840} INFO - DAG(s) 'first_dag' retrieved from /opt/airflow/dags/first_dag.py
[2025-11-05T18:18:29.493+0000] {logging_mixin.py:188} INFO - [2025-11-05T18:18:29.493+0000] {dag.py:3036} INFO - Sync 1 DAGs
[2025-11-05T18:18:29.539+0000] {logging_mixin.py:188} INFO - [2025-11-05T18:18:29.539+0000] {dag.py:3823} INFO - Setting next_dagrun for first_dag to 2024-01-01 00:00:00+00:00, run_after=2024-01-02 00:00:00+00:00
[2025-11-05T18:18:29.590+0000] {processor.py:183} INFO - Processing /opt/airflow/dags/first_dag.py took 1.132 seconds
[2025-11-05T18:18:59.884+0000] {processor.py:161} INFO - Started process (PID=316) to work on /opt/airflow/dags/first_dag.py
[2025-11-05T18:18:59.888+0000] {processor.py:830} INFO - Processing file /opt/airflow/dags/first_dag.py for tasks to queue
[2025-11-05T18:18:59.898+0000] {logging_mixin.py:188} INFO - [2025-11-05T18:18:59.895+0000] {dagbag.py:538} INFO - Filling up the DagBag from /opt/airflow/dags/first_dag.py
[2025-11-05T18:18:59.977+0000] {processor.py:840} INFO - DAG(s) 'first_dag' retrieved from /opt/airflow/dags/first_dag.py
[2025-11-05T18:19:00.040+0000] {logging_mixin.py:188} INFO - [2025-11-05T18:19:00.039+0000] {dag.py:3036} INFO - Sync 1 DAGs
[2025-11-05T18:19:00.117+0000] {logging_mixin.py:188} INFO - [2025-11-05T18:19:00.116+0000] {dag.py:3823} INFO - Setting next_dagrun for first_dag to 2024-01-01 00:00:00+00:00, run_after=2024-01-02 00:00:00+00:00
[2025-11-05T18:19:00.163+0000] {processor.py:183} INFO - Processing /opt/airflow/dags/first_dag.py took 0.290 seconds
[2025-11-05T18:19:05.109+0000] {processor.py:161} INFO - Started process (PID=317) to work on /opt/airflow/dags/first_dag.py
[2025-11-05T18:19:05.117+0000] {processor.py:830} INFO - Processing file /opt/airflow/dags/first_dag.py for tasks to queue
[2025-11-05T18:19:05.123+0000] {logging_mixin.py:188} INFO - [2025-11-05T18:19:05.122+0000] {dagbag.py:538} INFO - Filling up the DagBag from /opt/airflow/dags/first_dag.py
[2025-11-05T18:19:05.256+0000] {processor.py:840} INFO - DAG(s) 'first_dag' retrieved from /opt/airflow/dags/first_dag.py
[2025-11-05T18:19:05.495+0000] {logging_mixin.py:188} INFO - [2025-11-05T18:19:05.495+0000] {dag.py:3036} INFO - Sync 1 DAGs
[2025-11-05T18:19:05.550+0000] {logging_mixin.py:188} INFO - [2025-11-05T18:19:05.550+0000] {dag.py:3823} INFO - Setting next_dagrun for first_dag to 2024-01-01 00:00:00+00:00, run_after=2024-01-02 00:00:00+00:00
[2025-11-05T18:19:05.606+0000] {processor.py:183} INFO - Processing /opt/airflow/dags/first_dag.py took 0.516 seconds
[2025-11-05T18:19:18.990+0000] {processor.py:161} INFO - Started process (PID=324) to work on /opt/airflow/dags/first_dag.py
[2025-11-05T18:19:19.006+0000] {processor.py:830} INFO - Processing file /opt/airflow/dags/first_dag.py for tasks to queue
[2025-11-05T18:19:19.039+0000] {logging_mixin.py:188} INFO - [2025-11-05T18:19:19.038+0000] {dagbag.py:538} INFO - Filling up the DagBag from /opt/airflow/dags/first_dag.py
[2025-11-05T18:19:19.242+0000] {processor.py:840} INFO - DAG(s) 'first_dag' retrieved from /opt/airflow/dags/first_dag.py
[2025-11-05T18:19:19.288+0000] {logging_mixin.py:188} INFO - [2025-11-05T18:19:19.287+0000] {dag.py:3036} INFO - Sync 1 DAGs
[2025-11-05T18:19:19.386+0000] {logging_mixin.py:188} INFO - [2025-11-05T18:19:19.386+0000] {dag.py:3823} INFO - Setting next_dagrun for first_dag to 2025-11-04 00:00:00+00:00, run_after=2025-11-05 00:00:00+00:00
[2025-11-05T18:19:19.442+0000] {processor.py:183} INFO - Processing /opt/airflow/dags/first_dag.py took 0.500 seconds
[2025-11-05T18:19:21.678+0000] {processor.py:161} INFO - Started process (PID=325) to work on /opt/airflow/dags/first_dag.py
[2025-11-05T18:19:21.682+0000] {processor.py:830} INFO - Processing file /opt/airflow/dags/first_dag.py for tasks to queue
[2025-11-05T18:19:21.689+0000] {logging_mixin.py:188} INFO - [2025-11-05T18:19:21.688+0000] {dagbag.py:538} INFO - Filling up the DagBag from /opt/airflow/dags/first_dag.py
[2025-11-05T18:19:21.752+0000] {logging_mixin.py:188} INFO - [2025-11-05T18:19:21.749+0000] {dagbag.py:348} ERROR - Failed to import: /opt/airflow/dags/first_dag.py
Traceback (most recent call last):
  File "/home/airflow/.local/lib/python3.8/site-packages/airflow/models/dagbag.py", line 344, in parse
    loader.exec_module(new_module)
  File "<frozen importlib._bootstrap_external>", line 839, in exec_module
  File "<frozen importlib._bootstrap_external>", line 976, in get_code
  File "<frozen importlib._bootstrap_external>", line 906, in source_to_code
  File "<frozen importlib._bootstrap>", line 219, in _call_with_frames_removed
  File "/opt/airflow/dags/first_dag.py", line 11
    catchup=False,
    ^
SyntaxError: keyword argument repeated
[2025-11-05T18:19:21.754+0000] {processor.py:842} WARNING - No viable dags retrieved from /opt/airflow/dags/first_dag.py
[2025-11-05T18:19:21.847+0000] {processor.py:183} INFO - Processing /opt/airflow/dags/first_dag.py took 0.200 seconds
[2025-11-05T18:19:48.014+0000] {processor.py:161} INFO - Started process (PID=332) to work on /opt/airflow/dags/first_dag.py
[2025-11-05T18:19:48.018+0000] {processor.py:830} INFO - Processing file /opt/airflow/dags/first_dag.py for tasks to queue
[2025-11-05T18:19:48.023+0000] {logging_mixin.py:188} INFO - [2025-11-05T18:19:48.022+0000] {dagbag.py:538} INFO - Filling up the DagBag from /opt/airflow/dags/first_dag.py
[2025-11-05T18:19:48.087+0000] {processor.py:840} INFO - DAG(s) 'first_dag' retrieved from /opt/airflow/dags/first_dag.py
[2025-11-05T18:19:48.127+0000] {logging_mixin.py:188} INFO - [2025-11-05T18:19:48.127+0000] {dag.py:3036} INFO - Sync 1 DAGs
[2025-11-05T18:19:48.173+0000] {logging_mixin.py:188} INFO - [2025-11-05T18:19:48.173+0000] {dag.py:3823} INFO - Setting next_dagrun for first_dag to 2024-01-01 00:00:00+00:00, run_after=2024-01-02 00:00:00+00:00
[2025-11-05T18:19:48.233+0000] {processor.py:183} INFO - Processing /opt/airflow/dags/first_dag.py took 0.230 seconds
[2025-11-05T18:19:59.114+0000] {processor.py:161} INFO - Started process (PID=333) to work on /opt/airflow/dags/first_dag.py
[2025-11-05T18:19:59.117+0000] {processor.py:830} INFO - Processing file /opt/airflow/dags/first_dag.py for tasks to queue
[2025-11-05T18:19:59.125+0000] {logging_mixin.py:188} INFO - [2025-11-05T18:19:59.123+0000] {dagbag.py:538} INFO - Filling up the DagBag from /opt/airflow/dags/first_dag.py
[2025-11-05T18:19:59.220+0000] {logging_mixin.py:188} INFO - [2025-11-05T18:19:59.216+0000] {dagbag.py:348} ERROR - Failed to import: /opt/airflow/dags/first_dag.py
Traceback (most recent call last):
  File "/home/airflow/.local/lib/python3.8/site-packages/airflow/models/dagbag.py", line 344, in parse
    loader.exec_module(new_module)
  File "<frozen importlib._bootstrap_external>", line 839, in exec_module
  File "<frozen importlib._bootstrap_external>", line 976, in get_code
  File "<frozen importlib._bootstrap_external>", line 906, in source_to_code
  File "<frozen importlib._bootstrap>", line 219, in _call_with_frames_removed
  File "/opt/airflow/dags/first_dag.py", line 9
    description='My first DAG',
    ^
SyntaxError: invalid syntax
[2025-11-05T18:19:59.223+0000] {processor.py:842} WARNING - No viable dags retrieved from /opt/airflow/dags/first_dag.py
[2025-11-05T18:19:59.343+0000] {processor.py:183} INFO - Processing /opt/airflow/dags/first_dag.py took 0.242 seconds
[2025-11-05T18:20:03.191+0000] {processor.py:161} INFO - Started process (PID=334) to work on /opt/airflow/dags/first_dag.py
[2025-11-05T18:20:03.195+0000] {processor.py:830} INFO - Processing file /opt/airflow/dags/first_dag.py for tasks to queue
[2025-11-05T18:20:03.200+0000] {logging_mixin.py:188} INFO - [2025-11-05T18:20:03.200+0000] {dagbag.py:538} INFO - Filling up the DagBag from /opt/airflow/dags/first_dag.py
[2025-11-05T18:20:03.246+0000] {logging_mixin.py:188} INFO - [2025-11-05T18:20:03.243+0000] {dagbag.py:348} ERROR - Failed to import: /opt/airflow/dags/first_dag.py
Traceback (most recent call last):
  File "/home/airflow/.local/lib/python3.8/site-packages/airflow/models/dagbag.py", line 344, in parse
    loader.exec_module(new_module)
  File "<frozen importlib._bootstrap_external>", line 839, in exec_module
  File "<frozen importlib._bootstrap_external>", line 976, in get_code
  File "<frozen importlib._bootstrap_external>", line 906, in source_to_code
  File "<frozen importlib._bootstrap>", line 219, in _call_with_frames_removed
  File "/opt/airflow/dags/first_dag.py", line 8
    def
    ^
SyntaxError: invalid syntax
[2025-11-05T18:20:03.248+0000] {processor.py:842} WARNING - No viable dags retrieved from /opt/airflow/dags/first_dag.py
[2025-11-05T18:20:03.339+0000] {processor.py:183} INFO - Processing /opt/airflow/dags/first_dag.py took 0.160 seconds
[2025-11-05T18:20:05.306+0000] {processor.py:161} INFO - Started process (PID=335) to work on /opt/airflow/dags/first_dag.py
[2025-11-05T18:20:05.309+0000] {processor.py:830} INFO - Processing file /opt/airflow/dags/first_dag.py for tasks to queue
[2025-11-05T18:20:05.315+0000] {logging_mixin.py:188} INFO - [2025-11-05T18:20:05.314+0000] {dagbag.py:538} INFO - Filling up the DagBag from /opt/airflow/dags/first_dag.py
[2025-11-05T18:20:05.399+0000] {processor.py:840} INFO - DAG(s) 'first_dag' retrieved from /opt/airflow/dags/first_dag.py
[2025-11-05T18:20:05.710+0000] {logging_mixin.py:188} INFO - [2025-11-05T18:20:05.710+0000] {dag.py:3036} INFO - Sync 1 DAGs
[2025-11-05T18:20:05.750+0000] {logging_mixin.py:188} INFO - [2025-11-05T18:20:05.750+0000] {dag.py:3823} INFO - Setting next_dagrun for first_dag to 2024-01-01 00:00:00+00:00, run_after=2024-01-02 00:00:00+00:00
[2025-11-05T18:20:05.803+0000] {processor.py:183} INFO - Processing /opt/airflow/dags/first_dag.py took 0.508 seconds
[2025-11-05T18:20:26.222+0000] {processor.py:161} INFO - Started process (PID=342) to work on /opt/airflow/dags/first_dag.py
[2025-11-05T18:20:26.224+0000] {processor.py:830} INFO - Processing file /opt/airflow/dags/first_dag.py for tasks to queue
[2025-11-05T18:20:26.232+0000] {logging_mixin.py:188} INFO - [2025-11-05T18:20:26.231+0000] {dagbag.py:538} INFO - Filling up the DagBag from /opt/airflow/dags/first_dag.py
[2025-11-05T18:20:26.301+0000] {processor.py:840} INFO - DAG(s) 'first_dag' retrieved from /opt/airflow/dags/first_dag.py
[2025-11-05T18:20:26.328+0000] {logging_mixin.py:188} INFO - [2025-11-05T18:20:26.327+0000] {dag.py:3036} INFO - Sync 1 DAGs
[2025-11-05T18:20:26.379+0000] {logging_mixin.py:188} INFO - [2025-11-05T18:20:26.379+0000] {dag.py:3823} INFO - Setting next_dagrun for first_dag to 2024-01-01 00:00:00+00:00, run_after=2024-01-02 00:00:00+00:00
[2025-11-05T18:20:26.434+0000] {processor.py:183} INFO - Processing /opt/airflow/dags/first_dag.py took 0.225 seconds
[2025-11-05T18:20:29.692+0000] {processor.py:161} INFO - Started process (PID=343) to work on /opt/airflow/dags/first_dag.py
[2025-11-05T18:20:29.696+0000] {processor.py:830} INFO - Processing file /opt/airflow/dags/first_dag.py for tasks to queue
[2025-11-05T18:20:29.715+0000] {logging_mixin.py:188} INFO - [2025-11-05T18:20:29.713+0000] {dagbag.py:538} INFO - Filling up the DagBag from /opt/airflow/dags/first_dag.py
[2025-11-05T18:20:29.826+0000] {logging_mixin.py:188} INFO - [2025-11-05T18:20:29.811+0000] {dagbag.py:348} ERROR - Failed to import: /opt/airflow/dags/first_dag.py
Traceback (most recent call last):
  File "/home/airflow/.local/lib/python3.8/site-packages/airflow/models/dagbag.py", line 344, in parse
    loader.exec_module(new_module)
  File "<frozen importlib._bootstrap_external>", line 843, in exec_module
  File "<frozen importlib._bootstrap>", line 219, in _call_with_frames_removed
  File "/opt/airflow/dags/first_dag.py", line 5, in <module>
    de
NameError: name 'de' is not defined
[2025-11-05T18:20:29.836+0000] {processor.py:842} WARNING - No viable dags retrieved from /opt/airflow/dags/first_dag.py
[2025-11-05T18:20:29.905+0000] {processor.py:183} INFO - Processing /opt/airflow/dags/first_dag.py took 0.223 seconds
[2025-11-05T18:20:30.697+0000] {processor.py:161} INFO - Started process (PID=344) to work on /opt/airflow/dags/first_dag.py
[2025-11-05T18:20:30.700+0000] {processor.py:830} INFO - Processing file /opt/airflow/dags/first_dag.py for tasks to queue
[2025-11-05T18:20:30.706+0000] {logging_mixin.py:188} INFO - [2025-11-05T18:20:30.705+0000] {dagbag.py:538} INFO - Filling up the DagBag from /opt/airflow/dags/first_dag.py
[2025-11-05T18:20:30.741+0000] {logging_mixin.py:188} INFO - [2025-11-05T18:20:30.739+0000] {dagbag.py:348} ERROR - Failed to import: /opt/airflow/dags/first_dag.py
Traceback (most recent call last):
  File "/home/airflow/.local/lib/python3.8/site-packages/airflow/models/dagbag.py", line 344, in parse
    loader.exec_module(new_module)
  File "<frozen importlib._bootstrap_external>", line 839, in exec_module
  File "<frozen importlib._bootstrap_external>", line 976, in get_code
  File "<frozen importlib._bootstrap_external>", line 906, in source_to_code
  File "<frozen importlib._bootstrap>", line 219, in _call_with_frames_removed
  File "/opt/airflow/dags/first_dag.py", line 5
    def
      ^
SyntaxError: invalid syntax
[2025-11-05T18:20:30.743+0000] {processor.py:842} WARNING - No viable dags retrieved from /opt/airflow/dags/first_dag.py
[2025-11-05T18:20:30.793+0000] {processor.py:183} INFO - Processing /opt/airflow/dags/first_dag.py took 0.105 seconds
[2025-11-05T18:20:32.800+0000] {processor.py:161} INFO - Started process (PID=345) to work on /opt/airflow/dags/first_dag.py
[2025-11-05T18:20:32.811+0000] {processor.py:830} INFO - Processing file /opt/airflow/dags/first_dag.py for tasks to queue
[2025-11-05T18:20:32.865+0000] {logging_mixin.py:188} INFO - [2025-11-05T18:20:32.864+0000] {dagbag.py:538} INFO - Filling up the DagBag from /opt/airflow/dags/first_dag.py
[2025-11-05T18:20:32.920+0000] {logging_mixin.py:188} INFO - [2025-11-05T18:20:32.918+0000] {dagbag.py:348} ERROR - Failed to import: /opt/airflow/dags/first_dag.py
Traceback (most recent call last):
  File "/home/airflow/.local/lib/python3.8/site-packages/airflow/models/dagbag.py", line 344, in parse
    loader.exec_module(new_module)
  File "<frozen importlib._bootstrap_external>", line 839, in exec_module
  File "<frozen importlib._bootstrap_external>", line 976, in get_code
  File "<frozen importlib._bootstrap_external>", line 906, in source_to_code
  File "<frozen importlib._bootstrap>", line 219, in _call_with_frames_removed
  File "/opt/airflow/dags/first_dag.py", line 7
    with DAG(
    ^
SyntaxError: invalid syntax
[2025-11-05T18:20:32.922+0000] {processor.py:842} WARNING - No viable dags retrieved from /opt/airflow/dags/first_dag.py
[2025-11-05T18:20:33.073+0000] {processor.py:183} INFO - Processing /opt/airflow/dags/first_dag.py took 0.297 seconds
[2025-11-05T18:20:33.975+0000] {processor.py:161} INFO - Started process (PID=346) to work on /opt/airflow/dags/first_dag.py
[2025-11-05T18:20:33.977+0000] {processor.py:830} INFO - Processing file /opt/airflow/dags/first_dag.py for tasks to queue
[2025-11-05T18:20:33.988+0000] {logging_mixin.py:188} INFO - [2025-11-05T18:20:33.987+0000] {dagbag.py:538} INFO - Filling up the DagBag from /opt/airflow/dags/first_dag.py
[2025-11-05T18:20:34.027+0000] {logging_mixin.py:188} INFO - [2025-11-05T18:20:34.025+0000] {dagbag.py:348} ERROR - Failed to import: /opt/airflow/dags/first_dag.py
Traceback (most recent call last):
  File "/home/airflow/.local/lib/python3.8/site-packages/airflow/models/dagbag.py", line 344, in parse
    loader.exec_module(new_module)
  File "<frozen importlib._bootstrap_external>", line 839, in exec_module
  File "<frozen importlib._bootstrap_external>", line 976, in get_code
  File "<frozen importlib._bootstrap_external>", line 906, in source_to_code
  File "<frozen importlib._bootstrap>", line 219, in _call_with_frames_removed
  File "/opt/airflow/dags/first_dag.py", line 8
    with DAG(
    ^
SyntaxError: invalid syntax
[2025-11-05T18:20:34.029+0000] {processor.py:842} WARNING - No viable dags retrieved from /opt/airflow/dags/first_dag.py
[2025-11-05T18:20:34.101+0000] {processor.py:183} INFO - Processing /opt/airflow/dags/first_dag.py took 0.136 seconds
[2025-11-05T18:20:36.090+0000] {processor.py:161} INFO - Started process (PID=347) to work on /opt/airflow/dags/first_dag.py
[2025-11-05T18:20:36.094+0000] {processor.py:830} INFO - Processing file /opt/airflow/dags/first_dag.py for tasks to queue
[2025-11-05T18:20:36.103+0000] {logging_mixin.py:188} INFO - [2025-11-05T18:20:36.102+0000] {dagbag.py:538} INFO - Filling up the DagBag from /opt/airflow/dags/first_dag.py
[2025-11-05T18:20:36.230+0000] {processor.py:840} INFO - DAG(s) 'first_dag' retrieved from /opt/airflow/dags/first_dag.py
[2025-11-05T18:20:36.321+0000] {logging_mixin.py:188} INFO - [2025-11-05T18:20:36.314+0000] {dag.py:3036} INFO - Sync 1 DAGs
[2025-11-05T18:20:36.432+0000] {logging_mixin.py:188} INFO - [2025-11-05T18:20:36.432+0000] {dag.py:3823} INFO - Setting next_dagrun for first_dag to 2024-01-01 00:00:00+00:00, run_after=2024-01-02 00:00:00+00:00
[2025-11-05T18:20:36.587+0000] {processor.py:183} INFO - Processing /opt/airflow/dags/first_dag.py took 0.511 seconds
[2025-11-05T18:21:06.750+0000] {processor.py:161} INFO - Started process (PID=354) to work on /opt/airflow/dags/first_dag.py
[2025-11-05T18:21:06.753+0000] {processor.py:830} INFO - Processing file /opt/airflow/dags/first_dag.py for tasks to queue
[2025-11-05T18:21:06.761+0000] {logging_mixin.py:188} INFO - [2025-11-05T18:21:06.760+0000] {dagbag.py:538} INFO - Filling up the DagBag from /opt/airflow/dags/first_dag.py
[2025-11-05T18:21:06.813+0000] {processor.py:840} INFO - DAG(s) 'first_dag' retrieved from /opt/airflow/dags/first_dag.py
[2025-11-05T18:21:06.864+0000] {logging_mixin.py:188} INFO - [2025-11-05T18:21:06.863+0000] {dag.py:3036} INFO - Sync 1 DAGs
[2025-11-05T18:21:06.949+0000] {logging_mixin.py:188} INFO - [2025-11-05T18:21:06.947+0000] {dag.py:3823} INFO - Setting next_dagrun for first_dag to 2024-01-01 00:00:00+00:00, run_after=2024-01-02 00:00:00+00:00
[2025-11-05T18:21:07.008+0000] {processor.py:183} INFO - Processing /opt/airflow/dags/first_dag.py took 0.271 seconds
[2025-11-05T18:21:08.689+0000] {processor.py:161} INFO - Started process (PID=355) to work on /opt/airflow/dags/first_dag.py
[2025-11-05T18:21:08.703+0000] {processor.py:830} INFO - Processing file /opt/airflow/dags/first_dag.py for tasks to queue
[2025-11-05T18:21:08.710+0000] {logging_mixin.py:188} INFO - [2025-11-05T18:21:08.709+0000] {dagbag.py:538} INFO - Filling up the DagBag from /opt/airflow/dags/first_dag.py
[2025-11-05T18:21:08.904+0000] {logging_mixin.py:188} INFO - [2025-11-05T18:21:08.901+0000] {dagbag.py:348} ERROR - Failed to import: /opt/airflow/dags/first_dag.py
Traceback (most recent call last):
  File "/home/airflow/.local/lib/python3.8/site-packages/airflow/models/dagbag.py", line 344, in parse
    loader.exec_module(new_module)
  File "<frozen importlib._bootstrap_external>", line 839, in exec_module
  File "<frozen importlib._bootstrap_external>", line 976, in get_code
  File "<frozen importlib._bootstrap_external>", line 906, in source_to_code
  File "<frozen importlib._bootstrap>", line 219, in _call_with_frames_removed
  File "/opt/airflow/dags/first_dag.py", line 9
    }
    ^
SyntaxError: invalid syntax
[2025-11-05T18:21:08.906+0000] {processor.py:842} WARNING - No viable dags retrieved from /opt/airflow/dags/first_dag.py
[2025-11-05T18:21:09.066+0000] {processor.py:183} INFO - Processing /opt/airflow/dags/first_dag.py took 0.398 seconds
[2025-11-05T18:21:13.451+0000] {processor.py:161} INFO - Started process (PID=356) to work on /opt/airflow/dags/first_dag.py
[2025-11-05T18:21:13.455+0000] {processor.py:830} INFO - Processing file /opt/airflow/dags/first_dag.py for tasks to queue
[2025-11-05T18:21:13.512+0000] {logging_mixin.py:188} INFO - [2025-11-05T18:21:13.510+0000] {dagbag.py:538} INFO - Filling up the DagBag from /opt/airflow/dags/first_dag.py
[2025-11-05T18:21:13.619+0000] {logging_mixin.py:188} INFO - [2025-11-05T18:21:13.613+0000] {dagbag.py:348} ERROR - Failed to import: /opt/airflow/dags/first_dag.py
Traceback (most recent call last):
  File "/home/airflow/.local/lib/python3.8/site-packages/airflow/models/dagbag.py", line 344, in parse
    loader.exec_module(new_module)
  File "<frozen importlib._bootstrap_external>", line 839, in exec_module
  File "<frozen importlib._bootstrap_external>", line 976, in get_code
  File "<frozen importlib._bootstrap_external>", line 906, in source_to_code
  File "<frozen importlib._bootstrap>", line 219, in _call_with_frames_removed
  File "/opt/airflow/dags/first_dag.py", line 9
    }
    ^
SyntaxError: invalid syntax
[2025-11-05T18:21:13.620+0000] {processor.py:842} WARNING - No viable dags retrieved from /opt/airflow/dags/first_dag.py
[2025-11-05T18:21:13.702+0000] {processor.py:183} INFO - Processing /opt/airflow/dags/first_dag.py took 0.270 seconds
[2025-11-05T18:21:15.147+0000] {processor.py:161} INFO - Started process (PID=362) to work on /opt/airflow/dags/first_dag.py
[2025-11-05T18:21:15.155+0000] {processor.py:830} INFO - Processing file /opt/airflow/dags/first_dag.py for tasks to queue
[2025-11-05T18:21:15.161+0000] {logging_mixin.py:188} INFO - [2025-11-05T18:21:15.160+0000] {dagbag.py:538} INFO - Filling up the DagBag from /opt/airflow/dags/first_dag.py
[2025-11-05T18:21:15.196+0000] {logging_mixin.py:188} INFO - [2025-11-05T18:21:15.194+0000] {dagbag.py:348} ERROR - Failed to import: /opt/airflow/dags/first_dag.py
Traceback (most recent call last):
  File "/home/airflow/.local/lib/python3.8/site-packages/airflow/models/dagbag.py", line 344, in parse
    loader.exec_module(new_module)
  File "<frozen importlib._bootstrap_external>", line 839, in exec_module
  File "<frozen importlib._bootstrap_external>", line 976, in get_code
  File "<frozen importlib._bootstrap_external>", line 906, in source_to_code
  File "<frozen importlib._bootstrap>", line 219, in _call_with_frames_removed
  File "/opt/airflow/dags/first_dag.py", line 9
    }
    ^
SyntaxError: invalid syntax
[2025-11-05T18:21:15.198+0000] {processor.py:842} WARNING - No viable dags retrieved from /opt/airflow/dags/first_dag.py
[2025-11-05T18:21:15.283+0000] {processor.py:183} INFO - Processing /opt/airflow/dags/first_dag.py took 0.155 seconds
[2025-11-05T18:21:16.272+0000] {processor.py:161} INFO - Started process (PID=363) to work on /opt/airflow/dags/first_dag.py
[2025-11-05T18:21:16.276+0000] {processor.py:830} INFO - Processing file /opt/airflow/dags/first_dag.py for tasks to queue
[2025-11-05T18:21:16.283+0000] {logging_mixin.py:188} INFO - [2025-11-05T18:21:16.282+0000] {dagbag.py:538} INFO - Filling up the DagBag from /opt/airflow/dags/first_dag.py
[2025-11-05T18:21:16.426+0000] {processor.py:840} INFO - DAG(s) 'first_dag' retrieved from /opt/airflow/dags/first_dag.py
[2025-11-05T18:21:16.482+0000] {logging_mixin.py:188} INFO - [2025-11-05T18:21:16.482+0000] {dag.py:3036} INFO - Sync 1 DAGs
[2025-11-05T18:21:16.574+0000] {logging_mixin.py:188} INFO - [2025-11-05T18:21:16.573+0000] {dag.py:3823} INFO - Setting next_dagrun for first_dag to 2024-01-01 00:00:00+00:00, run_after=2024-01-02 00:00:00+00:00
[2025-11-05T18:21:16.693+0000] {processor.py:183} INFO - Processing /opt/airflow/dags/first_dag.py took 0.449 seconds
[2025-11-05T18:21:18.873+0000] {processor.py:161} INFO - Started process (PID=364) to work on /opt/airflow/dags/first_dag.py
[2025-11-05T18:21:18.885+0000] {processor.py:830} INFO - Processing file /opt/airflow/dags/first_dag.py for tasks to queue
[2025-11-05T18:21:18.910+0000] {logging_mixin.py:188} INFO - [2025-11-05T18:21:18.909+0000] {dagbag.py:538} INFO - Filling up the DagBag from /opt/airflow/dags/first_dag.py
[2025-11-05T18:21:19.146+0000] {logging_mixin.py:188} INFO - [2025-11-05T18:21:19.136+0000] {dagbag.py:348} ERROR - Failed to import: /opt/airflow/dags/first_dag.py
Traceback (most recent call last):
  File "/home/airflow/.local/lib/python3.8/site-packages/airflow/models/dagbag.py", line 344, in parse
    loader.exec_module(new_module)
  File "<frozen importlib._bootstrap_external>", line 839, in exec_module
  File "<frozen importlib._bootstrap_external>", line 976, in get_code
  File "<frozen importlib._bootstrap_external>", line 906, in source_to_code
  File "<frozen importlib._bootstrap>", line 219, in _call_with_frames_removed
  File "/opt/airflow/dags/first_dag.py", line 14
    'owner': 'airflow',
           ^
SyntaxError: invalid syntax
[2025-11-05T18:21:19.156+0000] {processor.py:842} WARNING - No viable dags retrieved from /opt/airflow/dags/first_dag.py
[2025-11-05T18:21:19.278+0000] {processor.py:183} INFO - Processing /opt/airflow/dags/first_dag.py took 0.426 seconds
[2025-11-05T18:21:19.906+0000] {processor.py:161} INFO - Started process (PID=365) to work on /opt/airflow/dags/first_dag.py
[2025-11-05T18:21:19.908+0000] {processor.py:830} INFO - Processing file /opt/airflow/dags/first_dag.py for tasks to queue
[2025-11-05T18:21:19.912+0000] {logging_mixin.py:188} INFO - [2025-11-05T18:21:19.912+0000] {dagbag.py:538} INFO - Filling up the DagBag from /opt/airflow/dags/first_dag.py
[2025-11-05T18:21:20.008+0000] {processor.py:840} INFO - DAG(s) 'first_dag' retrieved from /opt/airflow/dags/first_dag.py
[2025-11-05T18:21:20.323+0000] {logging_mixin.py:188} INFO - [2025-11-05T18:21:20.323+0000] {dag.py:3036} INFO - Sync 1 DAGs
[2025-11-05T18:21:20.410+0000] {logging_mixin.py:188} INFO - [2025-11-05T18:21:20.410+0000] {dag.py:3823} INFO - Setting next_dagrun for first_dag to 2024-01-01 00:00:00+00:00, run_after=2024-01-02 00:00:00+00:00
[2025-11-05T18:21:20.483+0000] {processor.py:183} INFO - Processing /opt/airflow/dags/first_dag.py took 0.589 seconds
[2025-11-05T18:21:50.869+0000] {processor.py:161} INFO - Started process (PID=371) to work on /opt/airflow/dags/first_dag.py
[2025-11-05T18:21:50.872+0000] {processor.py:830} INFO - Processing file /opt/airflow/dags/first_dag.py for tasks to queue
[2025-11-05T18:21:50.878+0000] {logging_mixin.py:188} INFO - [2025-11-05T18:21:50.877+0000] {dagbag.py:538} INFO - Filling up the DagBag from /opt/airflow/dags/first_dag.py
[2025-11-05T18:21:50.944+0000] {processor.py:840} INFO - DAG(s) 'first_dag' retrieved from /opt/airflow/dags/first_dag.py
[2025-11-05T18:21:51.009+0000] {logging_mixin.py:188} INFO - [2025-11-05T18:21:51.008+0000] {dag.py:3036} INFO - Sync 1 DAGs
[2025-11-05T18:21:51.063+0000] {logging_mixin.py:188} INFO - [2025-11-05T18:21:51.062+0000] {dag.py:3823} INFO - Setting next_dagrun for first_dag to 2024-01-01 00:00:00+00:00, run_after=2024-01-02 00:00:00+00:00
[2025-11-05T18:21:51.105+0000] {processor.py:183} INFO - Processing /opt/airflow/dags/first_dag.py took 0.246 seconds
[2025-11-05T18:22:21.351+0000] {processor.py:161} INFO - Started process (PID=378) to work on /opt/airflow/dags/first_dag.py
[2025-11-05T18:22:21.354+0000] {processor.py:830} INFO - Processing file /opt/airflow/dags/first_dag.py for tasks to queue
[2025-11-05T18:22:21.359+0000] {logging_mixin.py:188} INFO - [2025-11-05T18:22:21.358+0000] {dagbag.py:538} INFO - Filling up the DagBag from /opt/airflow/dags/first_dag.py
[2025-11-05T18:22:21.410+0000] {processor.py:840} INFO - DAG(s) 'first_dag' retrieved from /opt/airflow/dags/first_dag.py
[2025-11-05T18:22:21.503+0000] {logging_mixin.py:188} INFO - [2025-11-05T18:22:21.502+0000] {dag.py:3036} INFO - Sync 1 DAGs
[2025-11-05T18:22:21.562+0000] {logging_mixin.py:188} INFO - [2025-11-05T18:22:21.561+0000] {dag.py:3823} INFO - Setting next_dagrun for first_dag to 2024-01-01 00:00:00+00:00, run_after=2024-01-02 00:00:00+00:00
[2025-11-05T18:22:21.609+0000] {processor.py:183} INFO - Processing /opt/airflow/dags/first_dag.py took 0.267 seconds
[2025-11-05T18:22:51.971+0000] {processor.py:161} INFO - Started process (PID=385) to work on /opt/airflow/dags/first_dag.py
[2025-11-05T18:22:51.973+0000] {processor.py:830} INFO - Processing file /opt/airflow/dags/first_dag.py for tasks to queue
[2025-11-05T18:22:51.978+0000] {logging_mixin.py:188} INFO - [2025-11-05T18:22:51.977+0000] {dagbag.py:538} INFO - Filling up the DagBag from /opt/airflow/dags/first_dag.py
[2025-11-05T18:22:52.027+0000] {processor.py:840} INFO - DAG(s) 'first_dag' retrieved from /opt/airflow/dags/first_dag.py
[2025-11-05T18:22:52.069+0000] {logging_mixin.py:188} INFO - [2025-11-05T18:22:52.069+0000] {dag.py:3036} INFO - Sync 1 DAGs
[2025-11-05T18:22:52.111+0000] {logging_mixin.py:188} INFO - [2025-11-05T18:22:52.111+0000] {dag.py:3823} INFO - Setting next_dagrun for first_dag to 2024-01-01 00:00:00+00:00, run_after=2024-01-02 00:00:00+00:00
[2025-11-05T18:22:52.151+0000] {processor.py:183} INFO - Processing /opt/airflow/dags/first_dag.py took 0.195 seconds
[2025-11-05T18:23:22.422+0000] {processor.py:161} INFO - Started process (PID=392) to work on /opt/airflow/dags/first_dag.py
[2025-11-05T18:23:22.425+0000] {processor.py:830} INFO - Processing file /opt/airflow/dags/first_dag.py for tasks to queue
[2025-11-05T18:23:22.430+0000] {logging_mixin.py:188} INFO - [2025-11-05T18:23:22.429+0000] {dagbag.py:538} INFO - Filling up the DagBag from /opt/airflow/dags/first_dag.py
[2025-11-05T18:23:22.485+0000] {processor.py:840} INFO - DAG(s) 'first_dag' retrieved from /opt/airflow/dags/first_dag.py
[2025-11-05T18:23:22.523+0000] {logging_mixin.py:188} INFO - [2025-11-05T18:23:22.522+0000] {dag.py:3036} INFO - Sync 1 DAGs
[2025-11-05T18:23:22.565+0000] {logging_mixin.py:188} INFO - [2025-11-05T18:23:22.564+0000] {dag.py:3823} INFO - Setting next_dagrun for first_dag to 2024-01-01 00:00:00+00:00, run_after=2024-01-02 00:00:00+00:00
[2025-11-05T18:23:22.605+0000] {processor.py:183} INFO - Processing /opt/airflow/dags/first_dag.py took 0.191 seconds
[2025-11-05T18:23:35.890+0000] {processor.py:161} INFO - Started process (PID=393) to work on /opt/airflow/dags/first_dag.py
[2025-11-05T18:23:35.895+0000] {processor.py:830} INFO - Processing file /opt/airflow/dags/first_dag.py for tasks to queue
[2025-11-05T18:23:35.901+0000] {logging_mixin.py:188} INFO - [2025-11-05T18:23:35.900+0000] {dagbag.py:538} INFO - Filling up the DagBag from /opt/airflow/dags/first_dag.py
[2025-11-05T18:23:35.976+0000] {processor.py:840} INFO - DAG(s) 'first_dag' retrieved from /opt/airflow/dags/first_dag.py
[2025-11-05T18:23:36.020+0000] {logging_mixin.py:188} INFO - [2025-11-05T18:23:36.019+0000] {dag.py:3036} INFO - Sync 1 DAGs
[2025-11-05T18:23:36.117+0000] {logging_mixin.py:188} INFO - [2025-11-05T18:23:36.117+0000] {dag.py:3823} INFO - Setting next_dagrun for first_dag to 2024-01-01 00:00:00+00:00, run_after=2024-01-02 00:00:00+00:00
[2025-11-05T18:23:36.266+0000] {processor.py:183} INFO - Processing /opt/airflow/dags/first_dag.py took 0.384 seconds
[2025-11-05T18:23:39.469+0000] {processor.py:161} INFO - Started process (PID=394) to work on /opt/airflow/dags/first_dag.py
[2025-11-05T18:23:39.472+0000] {processor.py:830} INFO - Processing file /opt/airflow/dags/first_dag.py for tasks to queue
[2025-11-05T18:23:39.478+0000] {logging_mixin.py:188} INFO - [2025-11-05T18:23:39.477+0000] {dagbag.py:538} INFO - Filling up the DagBag from /opt/airflow/dags/first_dag.py
[2025-11-05T18:23:39.507+0000] {logging_mixin.py:188} INFO - [2025-11-05T18:23:39.505+0000] {dagbag.py:348} ERROR - Failed to import: /opt/airflow/dags/first_dag.py
Traceback (most recent call last):
  File "/home/airflow/.local/lib/python3.8/site-packages/airflow/models/dagbag.py", line 344, in parse
    loader.exec_module(new_module)
  File "<frozen importlib._bootstrap_external>", line 839, in exec_module
  File "<frozen importlib._bootstrap_external>", line 976, in get_code
  File "<frozen importlib._bootstrap_external>", line 906, in source_to_code
  File "<frozen importlib._bootstrap>", line 219, in _call_with_frames_removed
  File "/opt/airflow/dags/first_dag.py", line 4
    from
        ^
SyntaxError: invalid syntax
[2025-11-05T18:23:39.508+0000] {processor.py:842} WARNING - No viable dags retrieved from /opt/airflow/dags/first_dag.py
[2025-11-05T18:23:39.552+0000] {processor.py:183} INFO - Processing /opt/airflow/dags/first_dag.py took 0.091 seconds
[2025-11-05T18:23:41.549+0000] {processor.py:161} INFO - Started process (PID=395) to work on /opt/airflow/dags/first_dag.py
[2025-11-05T18:23:41.551+0000] {processor.py:830} INFO - Processing file /opt/airflow/dags/first_dag.py for tasks to queue
[2025-11-05T18:23:41.556+0000] {logging_mixin.py:188} INFO - [2025-11-05T18:23:41.555+0000] {dagbag.py:538} INFO - Filling up the DagBag from /opt/airflow/dags/first_dag.py
[2025-11-05T18:23:41.644+0000] {processor.py:840} INFO - DAG(s) 'first_dag' retrieved from /opt/airflow/dags/first_dag.py
[2025-11-05T18:23:41.689+0000] {logging_mixin.py:188} INFO - [2025-11-05T18:23:41.688+0000] {dag.py:3036} INFO - Sync 1 DAGs
[2025-11-05T18:23:41.766+0000] {logging_mixin.py:188} INFO - [2025-11-05T18:23:41.765+0000] {dag.py:3823} INFO - Setting next_dagrun for first_dag to 2024-01-01 00:00:00+00:00, run_after=2024-01-02 00:00:00+00:00
[2025-11-05T18:23:41.893+0000] {processor.py:183} INFO - Processing /opt/airflow/dags/first_dag.py took 0.354 seconds
[2025-11-05T18:23:50.019+0000] {processor.py:161} INFO - Started process (PID=402) to work on /opt/airflow/dags/first_dag.py
[2025-11-05T18:23:50.023+0000] {processor.py:830} INFO - Processing file /opt/airflow/dags/first_dag.py for tasks to queue
[2025-11-05T18:23:50.030+0000] {logging_mixin.py:188} INFO - [2025-11-05T18:23:50.029+0000] {dagbag.py:538} INFO - Filling up the DagBag from /opt/airflow/dags/first_dag.py
[2025-11-05T18:23:50.082+0000] {logging_mixin.py:188} INFO - [2025-11-05T18:23:50.073+0000] {dagbag.py:348} ERROR - Failed to import: /opt/airflow/dags/first_dag.py
Traceback (most recent call last):
  File "/home/airflow/.local/lib/python3.8/site-packages/airflow/models/dagbag.py", line 344, in parse
    loader.exec_module(new_module)
  File "<frozen importlib._bootstrap_external>", line 843, in exec_module
  File "<frozen importlib._bootstrap>", line 219, in _call_with_frames_removed
  File "/opt/airflow/dags/first_dag.py", line 4, in <module>
    from airflow.operators.bash import DummyOperator
ImportError: cannot import name 'DummyOperator' from 'airflow.operators.bash' (/home/airflow/.local/lib/python3.8/site-packages/airflow/operators/bash.py)
[2025-11-05T18:23:50.086+0000] {processor.py:842} WARNING - No viable dags retrieved from /opt/airflow/dags/first_dag.py
[2025-11-05T18:23:50.162+0000] {processor.py:183} INFO - Processing /opt/airflow/dags/first_dag.py took 0.155 seconds
[2025-11-05T18:24:00.282+0000] {processor.py:161} INFO - Started process (PID=403) to work on /opt/airflow/dags/first_dag.py
[2025-11-05T18:24:00.285+0000] {processor.py:830} INFO - Processing file /opt/airflow/dags/first_dag.py for tasks to queue
[2025-11-05T18:24:00.291+0000] {logging_mixin.py:188} INFO - [2025-11-05T18:24:00.290+0000] {dagbag.py:538} INFO - Filling up the DagBag from /opt/airflow/dags/first_dag.py
[2025-11-05T18:24:00.346+0000] {logging_mixin.py:188} INFO - [2025-11-05T18:24:00.337+0000] {dagbag.py:348} ERROR - Failed to import: /opt/airflow/dags/first_dag.py
Traceback (most recent call last):
  File "/home/airflow/.local/lib/python3.8/site-packages/airflow/models/dagbag.py", line 344, in parse
    loader.exec_module(new_module)
  File "<frozen importlib._bootstrap_external>", line 843, in exec_module
  File "<frozen importlib._bootstrap>", line 219, in _call_with_frames_removed
  File "/opt/airflow/dags/first_dag.py", line 4, in <module>
    from airflow.operators.bash import Operator
ImportError: cannot import name 'Operator' from 'airflow.operators.bash' (/home/airflow/.local/lib/python3.8/site-packages/airflow/operators/bash.py)
[2025-11-05T18:24:00.349+0000] {processor.py:842} WARNING - No viable dags retrieved from /opt/airflow/dags/first_dag.py
[2025-11-05T18:24:00.399+0000] {processor.py:183} INFO - Processing /opt/airflow/dags/first_dag.py took 0.126 seconds
[2025-11-05T18:24:02.651+0000] {processor.py:161} INFO - Started process (PID=404) to work on /opt/airflow/dags/first_dag.py
[2025-11-05T18:24:02.654+0000] {processor.py:830} INFO - Processing file /opt/airflow/dags/first_dag.py for tasks to queue
[2025-11-05T18:24:02.661+0000] {logging_mixin.py:188} INFO - [2025-11-05T18:24:02.660+0000] {dagbag.py:538} INFO - Filling up the DagBag from /opt/airflow/dags/first_dag.py
[2025-11-05T18:24:02.719+0000] {logging_mixin.py:188} INFO - [2025-11-05T18:24:02.711+0000] {dagbag.py:348} ERROR - Failed to import: /opt/airflow/dags/first_dag.py
Traceback (most recent call last):
  File "/home/airflow/.local/lib/python3.8/site-packages/airflow/models/dagbag.py", line 344, in parse
    loader.exec_module(new_module)
  File "<frozen importlib._bootstrap_external>", line 843, in exec_module
  File "<frozen importlib._bootstrap>", line 219, in _call_with_frames_removed
  File "/opt/airflow/dags/first_dag.py", line 4, in <module>
    from airflow.operators.bash import BaOperator
ImportError: cannot import name 'BaOperator' from 'airflow.operators.bash' (/home/airflow/.local/lib/python3.8/site-packages/airflow/operators/bash.py)
[2025-11-05T18:24:02.723+0000] {processor.py:842} WARNING - No viable dags retrieved from /opt/airflow/dags/first_dag.py
[2025-11-05T18:24:02.785+0000] {processor.py:183} INFO - Processing /opt/airflow/dags/first_dag.py took 0.144 seconds
[2025-11-05T18:24:03.748+0000] {processor.py:161} INFO - Started process (PID=405) to work on /opt/airflow/dags/first_dag.py
[2025-11-05T18:24:03.751+0000] {processor.py:830} INFO - Processing file /opt/airflow/dags/first_dag.py for tasks to queue
[2025-11-05T18:24:03.756+0000] {logging_mixin.py:188} INFO - [2025-11-05T18:24:03.755+0000] {dagbag.py:538} INFO - Filling up the DagBag from /opt/airflow/dags/first_dag.py
[2025-11-05T18:24:03.845+0000] {processor.py:840} INFO - DAG(s) 'first_dag' retrieved from /opt/airflow/dags/first_dag.py
[2025-11-05T18:24:03.888+0000] {logging_mixin.py:188} INFO - [2025-11-05T18:24:03.887+0000] {dag.py:3036} INFO - Sync 1 DAGs
[2025-11-05T18:24:03.947+0000] {logging_mixin.py:188} INFO - [2025-11-05T18:24:03.946+0000] {dag.py:3823} INFO - Setting next_dagrun for first_dag to 2024-01-01 00:00:00+00:00, run_after=2024-01-02 00:00:00+00:00
[2025-11-05T18:24:04.027+0000] {processor.py:183} INFO - Processing /opt/airflow/dags/first_dag.py took 0.288 seconds
[2025-11-05T18:24:34.430+0000] {processor.py:161} INFO - Started process (PID=413) to work on /opt/airflow/dags/first_dag.py
[2025-11-05T18:24:34.435+0000] {processor.py:830} INFO - Processing file /opt/airflow/dags/first_dag.py for tasks to queue
[2025-11-05T18:24:34.442+0000] {logging_mixin.py:188} INFO - [2025-11-05T18:24:34.441+0000] {dagbag.py:538} INFO - Filling up the DagBag from /opt/airflow/dags/first_dag.py
[2025-11-05T18:24:34.494+0000] {processor.py:840} INFO - DAG(s) 'first_dag' retrieved from /opt/airflow/dags/first_dag.py
[2025-11-05T18:24:34.532+0000] {logging_mixin.py:188} INFO - [2025-11-05T18:24:34.532+0000] {dag.py:3036} INFO - Sync 1 DAGs
[2025-11-05T18:24:34.573+0000] {logging_mixin.py:188} INFO - [2025-11-05T18:24:34.573+0000] {dag.py:3823} INFO - Setting next_dagrun for first_dag to 2024-01-01 00:00:00+00:00, run_after=2024-01-02 00:00:00+00:00
[2025-11-05T18:24:34.615+0000] {processor.py:183} INFO - Processing /opt/airflow/dags/first_dag.py took 0.197 seconds
[2025-11-05T18:24:44.728+0000] {processor.py:161} INFO - Started process (PID=414) to work on /opt/airflow/dags/first_dag.py
[2025-11-05T18:24:44.732+0000] {processor.py:830} INFO - Processing file /opt/airflow/dags/first_dag.py for tasks to queue
[2025-11-05T18:24:44.747+0000] {logging_mixin.py:188} INFO - [2025-11-05T18:24:44.746+0000] {dagbag.py:538} INFO - Filling up the DagBag from /opt/airflow/dags/first_dag.py
[2025-11-05T18:24:44.949+0000] {processor.py:840} INFO - DAG(s) 'first_dag' retrieved from /opt/airflow/dags/first_dag.py
[2025-11-05T18:24:45.368+0000] {logging_mixin.py:188} INFO - [2025-11-05T18:24:45.367+0000] {dag.py:3036} INFO - Sync 1 DAGs
[2025-11-05T18:24:45.440+0000] {logging_mixin.py:188} INFO - [2025-11-05T18:24:45.438+0000] {dag.py:3823} INFO - Setting next_dagrun for first_dag to 2024-01-01 00:00:00+00:00, run_after=2024-01-02 00:00:00+00:00
[2025-11-05T18:24:45.511+0000] {processor.py:183} INFO - Processing /opt/airflow/dags/first_dag.py took 0.801 seconds
[2025-11-05T18:25:15.997+0000] {processor.py:161} INFO - Started process (PID=426) to work on /opt/airflow/dags/first_dag.py
[2025-11-05T18:25:16.000+0000] {processor.py:830} INFO - Processing file /opt/airflow/dags/first_dag.py for tasks to queue
[2025-11-05T18:25:16.004+0000] {logging_mixin.py:188} INFO - [2025-11-05T18:25:16.004+0000] {dagbag.py:538} INFO - Filling up the DagBag from /opt/airflow/dags/first_dag.py
[2025-11-05T18:25:16.056+0000] {processor.py:840} INFO - DAG(s) 'first_dag' retrieved from /opt/airflow/dags/first_dag.py
[2025-11-05T18:25:16.113+0000] {logging_mixin.py:188} INFO - [2025-11-05T18:25:16.113+0000] {dag.py:3036} INFO - Sync 1 DAGs
[2025-11-05T18:25:16.165+0000] {logging_mixin.py:188} INFO - [2025-11-05T18:25:16.164+0000] {dag.py:3823} INFO - Setting next_dagrun for first_dag to 2024-01-01 00:00:00+00:00, run_after=2024-01-02 00:00:00+00:00
[2025-11-05T18:25:16.204+0000] {processor.py:183} INFO - Processing /opt/airflow/dags/first_dag.py took 0.216 seconds
[2025-11-05T18:25:29.541+0000] {processor.py:161} INFO - Started process (PID=427) to work on /opt/airflow/dags/first_dag.py
[2025-11-05T18:25:29.544+0000] {processor.py:830} INFO - Processing file /opt/airflow/dags/first_dag.py for tasks to queue
[2025-11-05T18:25:29.551+0000] {logging_mixin.py:188} INFO - [2025-11-05T18:25:29.550+0000] {dagbag.py:538} INFO - Filling up the DagBag from /opt/airflow/dags/first_dag.py
[2025-11-05T18:25:29.645+0000] {logging_mixin.py:188} INFO - [2025-11-05T18:25:29.629+0000] {dagbag.py:348} ERROR - Failed to import: /opt/airflow/dags/first_dag.py
Traceback (most recent call last):
  File "/home/airflow/.local/lib/python3.8/site-packages/airflow/models/dagbag.py", line 344, in parse
    loader.exec_module(new_module)
  File "<frozen importlib._bootstrap_external>", line 843, in exec_module
  File "<frozen importlib._bootstrap>", line 219, in _call_with_frames_removed
  File "/opt/airflow/dags/first_dag.py", line 19, in <module>
    task1 = BashOperator(
  File "/home/airflow/.local/lib/python3.8/site-packages/airflow/models/baseoperator.py", line 437, in apply_defaults
    result = func(self, **kwargs, default_args=default_args)
  File "/home/airflow/.local/lib/python3.8/site-packages/airflow/operators/bash.py", line 152, in __init__
    super().__init__(**kwargs)
  File "/home/airflow/.local/lib/python3.8/site-packages/airflow/models/baseoperator.py", line 437, in apply_defaults
    result = func(self, **kwargs, default_args=default_args)
  File "/home/airflow/.local/lib/python3.8/site-packages/airflow/models/baseoperator.py", line 804, in __init__
    validate_key(task_id)
  File "/home/airflow/.local/lib/python3.8/site-packages/airflow/utils/helpers.py", line 57, in validate_key
    raise AirflowException(
airflow.exceptions.AirflowException: The key 'fis\\_date' has to be made of alphanumeric characters, dashes, dots and underscores exclusively
[2025-11-05T18:25:29.647+0000] {processor.py:842} WARNING - No viable dags retrieved from /opt/airflow/dags/first_dag.py
[2025-11-05T18:25:29.722+0000] {processor.py:183} INFO - Processing /opt/airflow/dags/first_dag.py took 0.189 seconds
[2025-11-05T18:25:31.677+0000] {processor.py:161} INFO - Started process (PID=428) to work on /opt/airflow/dags/first_dag.py
[2025-11-05T18:25:31.683+0000] {processor.py:830} INFO - Processing file /opt/airflow/dags/first_dag.py for tasks to queue
[2025-11-05T18:25:31.692+0000] {logging_mixin.py:188} INFO - [2025-11-05T18:25:31.691+0000] {dagbag.py:538} INFO - Filling up the DagBag from /opt/airflow/dags/first_dag.py
[2025-11-05T18:25:31.821+0000] {processor.py:840} INFO - DAG(s) 'first_dag' retrieved from /opt/airflow/dags/first_dag.py
[2025-11-05T18:25:32.288+0000] {logging_mixin.py:188} INFO - [2025-11-05T18:25:32.288+0000] {dag.py:3036} INFO - Sync 1 DAGs
[2025-11-05T18:25:32.415+0000] {logging_mixin.py:188} INFO - [2025-11-05T18:25:32.415+0000] {dag.py:3823} INFO - Setting next_dagrun for first_dag to 2024-01-01 00:00:00+00:00, run_after=2024-01-02 00:00:00+00:00
[2025-11-05T18:25:32.517+0000] {processor.py:183} INFO - Processing /opt/airflow/dags/first_dag.py took 0.851 seconds
[2025-11-05T18:25:34.662+0000] {processor.py:161} INFO - Started process (PID=429) to work on /opt/airflow/dags/first_dag.py
[2025-11-05T18:25:34.666+0000] {processor.py:830} INFO - Processing file /opt/airflow/dags/first_dag.py for tasks to queue
[2025-11-05T18:25:34.671+0000] {logging_mixin.py:188} INFO - [2025-11-05T18:25:34.670+0000] {dagbag.py:538} INFO - Filling up the DagBag from /opt/airflow/dags/first_dag.py
[2025-11-05T18:25:34.698+0000] {logging_mixin.py:188} INFO - [2025-11-05T18:25:34.696+0000] {dagbag.py:348} ERROR - Failed to import: /opt/airflow/dags/first_dag.py
Traceback (most recent call last):
  File "/home/airflow/.local/lib/python3.8/site-packages/airflow/models/dagbag.py", line 344, in parse
    loader.exec_module(new_module)
  File "<frozen importlib._bootstrap_external>", line 839, in exec_module
  File "<frozen importlib._bootstrap_external>", line 976, in get_code
  File "<frozen importlib._bootstrap_external>", line 906, in source_to_code
  File "<frozen importlib._bootstrap>", line 219, in _call_with_frames_removed
  File "/opt/airflow/dags/first_dag.py", line 20
    task_id='first_task,
                       ^
SyntaxError: EOL while scanning string literal
[2025-11-05T18:25:34.699+0000] {processor.py:842} WARNING - No viable dags retrieved from /opt/airflow/dags/first_dag.py
[2025-11-05T18:25:34.751+0000] {processor.py:183} INFO - Processing /opt/airflow/dags/first_dag.py took 0.097 seconds
[2025-11-05T18:25:39.868+0000] {processor.py:161} INFO - Started process (PID=430) to work on /opt/airflow/dags/first_dag.py
[2025-11-05T18:25:39.872+0000] {processor.py:830} INFO - Processing file /opt/airflow/dags/first_dag.py for tasks to queue
[2025-11-05T18:25:39.880+0000] {logging_mixin.py:188} INFO - [2025-11-05T18:25:39.879+0000] {dagbag.py:538} INFO - Filling up the DagBag from /opt/airflow/dags/first_dag.py
[2025-11-05T18:25:39.967+0000] {processor.py:840} INFO - DAG(s) 'first_dag' retrieved from /opt/airflow/dags/first_dag.py
[2025-11-05T18:25:39.992+0000] {logging_mixin.py:188} INFO - [2025-11-05T18:25:39.992+0000] {dag.py:3036} INFO - Sync 1 DAGs
[2025-11-05T18:25:40.042+0000] {logging_mixin.py:188} INFO - [2025-11-05T18:25:40.042+0000] {dag.py:3823} INFO - Setting next_dagrun for first_dag to 2024-01-01 00:00:00+00:00, run_after=2024-01-02 00:00:00+00:00
[2025-11-05T18:25:40.097+0000] {processor.py:183} INFO - Processing /opt/airflow/dags/first_dag.py took 0.243 seconds
[2025-11-05T18:25:46.088+0000] {processor.py:161} INFO - Started process (PID=437) to work on /opt/airflow/dags/first_dag.py
[2025-11-05T18:25:46.090+0000] {processor.py:830} INFO - Processing file /opt/airflow/dags/first_dag.py for tasks to queue
[2025-11-05T18:25:46.094+0000] {logging_mixin.py:188} INFO - [2025-11-05T18:25:46.094+0000] {dagbag.py:538} INFO - Filling up the DagBag from /opt/airflow/dags/first_dag.py
[2025-11-05T18:25:46.184+0000] {processor.py:840} INFO - DAG(s) 'first_dag' retrieved from /opt/airflow/dags/first_dag.py
[2025-11-05T18:25:46.214+0000] {logging_mixin.py:188} INFO - [2025-11-05T18:25:46.214+0000] {dag.py:3036} INFO - Sync 1 DAGs
[2025-11-05T18:25:46.264+0000] {logging_mixin.py:188} INFO - [2025-11-05T18:25:46.264+0000] {dag.py:3823} INFO - Setting next_dagrun for first_dag to 2024-01-01 00:00:00+00:00, run_after=2024-01-02 00:00:00+00:00
[2025-11-05T18:25:46.329+0000] {processor.py:183} INFO - Processing /opt/airflow/dags/first_dag.py took 0.251 seconds
[2025-11-05T18:25:49.751+0000] {processor.py:161} INFO - Started process (PID=438) to work on /opt/airflow/dags/first_dag.py
[2025-11-05T18:25:49.761+0000] {processor.py:830} INFO - Processing file /opt/airflow/dags/first_dag.py for tasks to queue
[2025-11-05T18:25:49.781+0000] {logging_mixin.py:188} INFO - [2025-11-05T18:25:49.779+0000] {dagbag.py:538} INFO - Filling up the DagBag from /opt/airflow/dags/first_dag.py
[2025-11-05T18:25:49.923+0000] {processor.py:840} INFO - DAG(s) 'first_dag' retrieved from /opt/airflow/dags/first_dag.py
[2025-11-05T18:25:49.956+0000] {logging_mixin.py:188} INFO - [2025-11-05T18:25:49.956+0000] {dag.py:3036} INFO - Sync 1 DAGs
[2025-11-05T18:25:50.041+0000] {logging_mixin.py:188} INFO - [2025-11-05T18:25:50.040+0000] {dag.py:3823} INFO - Setting next_dagrun for first_dag to 2024-01-01 00:00:00+00:00, run_after=2024-01-02 00:00:00+00:00
[2025-11-05T18:25:50.163+0000] {processor.py:183} INFO - Processing /opt/airflow/dags/first_dag.py took 0.449 seconds
[2025-11-05T18:25:55.547+0000] {processor.py:161} INFO - Started process (PID=439) to work on /opt/airflow/dags/first_dag.py
[2025-11-05T18:25:55.555+0000] {processor.py:830} INFO - Processing file /opt/airflow/dags/first_dag.py for tasks to queue
[2025-11-05T18:25:55.571+0000] {logging_mixin.py:188} INFO - [2025-11-05T18:25:55.570+0000] {dagbag.py:538} INFO - Filling up the DagBag from /opt/airflow/dags/first_dag.py
[2025-11-05T18:25:55.659+0000] {processor.py:840} INFO - DAG(s) 'first_dag' retrieved from /opt/airflow/dags/first_dag.py
[2025-11-05T18:25:55.696+0000] {logging_mixin.py:188} INFO - [2025-11-05T18:25:55.695+0000] {dag.py:3036} INFO - Sync 1 DAGs
[2025-11-05T18:25:55.764+0000] {logging_mixin.py:188} INFO - [2025-11-05T18:25:55.763+0000] {dag.py:3823} INFO - Setting next_dagrun for first_dag to 2024-01-01 00:00:00+00:00, run_after=2024-01-02 00:00:00+00:00
[2025-11-05T18:25:55.818+0000] {processor.py:183} INFO - Processing /opt/airflow/dags/first_dag.py took 0.288 seconds
[2025-11-05T18:26:02.944+0000] {processor.py:161} INFO - Started process (PID=440) to work on /opt/airflow/dags/first_dag.py
[2025-11-05T18:26:02.946+0000] {processor.py:830} INFO - Processing file /opt/airflow/dags/first_dag.py for tasks to queue
[2025-11-05T18:26:02.950+0000] {logging_mixin.py:188} INFO - [2025-11-05T18:26:02.950+0000] {dagbag.py:538} INFO - Filling up the DagBag from /opt/airflow/dags/first_dag.py
[2025-11-05T18:26:03.021+0000] {processor.py:840} INFO - DAG(s) 'first_dag' retrieved from /opt/airflow/dags/first_dag.py
[2025-11-05T18:26:03.234+0000] {logging_mixin.py:188} INFO - [2025-11-05T18:26:03.233+0000] {dag.py:3036} INFO - Sync 1 DAGs
[2025-11-05T18:26:03.279+0000] {logging_mixin.py:188} INFO - [2025-11-05T18:26:03.279+0000] {dag.py:3823} INFO - Setting next_dagrun for first_dag to 2024-01-01 00:00:00+00:00, run_after=2024-01-02 00:00:00+00:00
[2025-11-05T18:26:03.355+0000] {processor.py:183} INFO - Processing /opt/airflow/dags/first_dag.py took 0.421 seconds
[2025-11-05T18:26:04.481+0000] {processor.py:161} INFO - Started process (PID=441) to work on /opt/airflow/dags/first_dag.py
[2025-11-05T18:26:04.484+0000] {processor.py:830} INFO - Processing file /opt/airflow/dags/first_dag.py for tasks to queue
[2025-11-05T18:26:04.490+0000] {logging_mixin.py:188} INFO - [2025-11-05T18:26:04.489+0000] {dagbag.py:538} INFO - Filling up the DagBag from /opt/airflow/dags/first_dag.py
[2025-11-05T18:26:04.575+0000] {processor.py:840} INFO - DAG(s) 'first_dag' retrieved from /opt/airflow/dags/first_dag.py
[2025-11-05T18:26:04.603+0000] {logging_mixin.py:188} INFO - [2025-11-05T18:26:04.602+0000] {dag.py:3036} INFO - Sync 1 DAGs
[2025-11-05T18:26:04.653+0000] {logging_mixin.py:188} INFO - [2025-11-05T18:26:04.652+0000] {dag.py:3823} INFO - Setting next_dagrun for first_dag to 2024-01-01 00:00:00+00:00, run_after=2024-01-02 00:00:00+00:00
[2025-11-05T18:26:04.711+0000] {processor.py:183} INFO - Processing /opt/airflow/dags/first_dag.py took 0.241 seconds
[2025-11-05T18:26:09.021+0000] {processor.py:161} INFO - Started process (PID=442) to work on /opt/airflow/dags/first_dag.py
[2025-11-05T18:26:09.029+0000] {processor.py:830} INFO - Processing file /opt/airflow/dags/first_dag.py for tasks to queue
[2025-11-05T18:26:09.053+0000] {logging_mixin.py:188} INFO - [2025-11-05T18:26:09.052+0000] {dagbag.py:538} INFO - Filling up the DagBag from /opt/airflow/dags/first_dag.py
[2025-11-05T18:26:09.209+0000] {processor.py:840} INFO - DAG(s) 'first_dag' retrieved from /opt/airflow/dags/first_dag.py
[2025-11-05T18:26:09.259+0000] {logging_mixin.py:188} INFO - [2025-11-05T18:26:09.258+0000] {dag.py:3036} INFO - Sync 1 DAGs
[2025-11-05T18:26:09.360+0000] {logging_mixin.py:188} INFO - [2025-11-05T18:26:09.359+0000] {dag.py:3823} INFO - Setting next_dagrun for first_dag to 2024-01-01 00:00:00+00:00, run_after=2024-01-02 00:00:00+00:00
[2025-11-05T18:26:09.480+0000] {processor.py:183} INFO - Processing /opt/airflow/dags/first_dag.py took 0.474 seconds
[2025-11-05T18:26:19.029+0000] {processor.py:161} INFO - Started process (PID=449) to work on /opt/airflow/dags/first_dag.py
[2025-11-05T18:26:19.035+0000] {processor.py:830} INFO - Processing file /opt/airflow/dags/first_dag.py for tasks to queue
[2025-11-05T18:26:19.044+0000] {logging_mixin.py:188} INFO - [2025-11-05T18:26:19.043+0000] {dagbag.py:538} INFO - Filling up the DagBag from /opt/airflow/dags/first_dag.py
[2025-11-05T18:26:19.286+0000] {processor.py:840} INFO - DAG(s) 'first_dag' retrieved from /opt/airflow/dags/first_dag.py
[2025-11-05T18:26:19.566+0000] {logging_mixin.py:188} INFO - [2025-11-05T18:26:19.564+0000] {dag.py:3036} INFO - Sync 1 DAGs
[2025-11-05T18:26:19.777+0000] {logging_mixin.py:188} INFO - [2025-11-05T18:26:19.776+0000] {dag.py:3823} INFO - Setting next_dagrun for first_dag to 2024-01-01 00:00:00+00:00, run_after=2024-01-02 00:00:00+00:00
[2025-11-05T18:26:19.943+0000] {processor.py:183} INFO - Processing /opt/airflow/dags/first_dag.py took 0.931 seconds
[2025-11-05T18:26:21.991+0000] {processor.py:161} INFO - Started process (PID=450) to work on /opt/airflow/dags/first_dag.py
[2025-11-05T18:26:21.994+0000] {processor.py:830} INFO - Processing file /opt/airflow/dags/first_dag.py for tasks to queue
[2025-11-05T18:26:21.999+0000] {logging_mixin.py:188} INFO - [2025-11-05T18:26:21.999+0000] {dagbag.py:538} INFO - Filling up the DagBag from /opt/airflow/dags/first_dag.py
[2025-11-05T18:26:22.089+0000] {processor.py:840} INFO - DAG(s) 'first_dag' retrieved from /opt/airflow/dags/first_dag.py
[2025-11-05T18:26:22.130+0000] {logging_mixin.py:188} INFO - [2025-11-05T18:26:22.129+0000] {dag.py:3036} INFO - Sync 1 DAGs
[2025-11-05T18:26:22.201+0000] {logging_mixin.py:188} INFO - [2025-11-05T18:26:22.201+0000] {dag.py:3823} INFO - Setting next_dagrun for first_dag to 2024-01-01 00:00:00+00:00, run_after=2024-01-02 00:00:00+00:00
[2025-11-05T18:26:22.265+0000] {processor.py:183} INFO - Processing /opt/airflow/dags/first_dag.py took 0.281 seconds
[2025-11-05T18:26:42.713+0000] {processor.py:161} INFO - Started process (PID=451) to work on /opt/airflow/dags/first_dag.py
[2025-11-05T18:26:42.715+0000] {processor.py:830} INFO - Processing file /opt/airflow/dags/first_dag.py for tasks to queue
[2025-11-05T18:26:42.721+0000] {logging_mixin.py:188} INFO - [2025-11-05T18:26:42.720+0000] {dagbag.py:538} INFO - Filling up the DagBag from /opt/airflow/dags/first_dag.py
[2025-11-05T18:26:42.814+0000] {processor.py:840} INFO - DAG(s) 'first_dag' retrieved from /opt/airflow/dags/first_dag.py
[2025-11-05T18:26:43.048+0000] {logging_mixin.py:188} INFO - [2025-11-05T18:26:43.047+0000] {dag.py:3036} INFO - Sync 1 DAGs
[2025-11-05T18:26:43.088+0000] {logging_mixin.py:188} INFO - [2025-11-05T18:26:43.087+0000] {dag.py:3823} INFO - Setting next_dagrun for first_dag to 2024-01-01 00:00:00+00:00, run_after=2024-01-02 00:00:00+00:00
[2025-11-05T18:26:43.144+0000] {processor.py:183} INFO - Processing /opt/airflow/dags/first_dag.py took 0.446 seconds
[2025-11-05T18:26:44.810+0000] {processor.py:161} INFO - Started process (PID=452) to work on /opt/airflow/dags/first_dag.py
[2025-11-05T18:26:44.814+0000] {processor.py:830} INFO - Processing file /opt/airflow/dags/first_dag.py for tasks to queue
[2025-11-05T18:26:44.820+0000] {logging_mixin.py:188} INFO - [2025-11-05T18:26:44.819+0000] {dagbag.py:538} INFO - Filling up the DagBag from /opt/airflow/dags/first_dag.py
[2025-11-05T18:26:44.943+0000] {processor.py:840} INFO - DAG(s) 'first_dag' retrieved from /opt/airflow/dags/first_dag.py
[2025-11-05T18:26:44.978+0000] {logging_mixin.py:188} INFO - [2025-11-05T18:26:44.978+0000] {dag.py:3036} INFO - Sync 1 DAGs
[2025-11-05T18:26:45.058+0000] {logging_mixin.py:188} INFO - [2025-11-05T18:26:45.058+0000] {dag.py:3823} INFO - Setting next_dagrun for first_dag to 2024-01-01 00:00:00+00:00, run_after=2024-01-02 00:00:00+00:00
[2025-11-05T18:26:45.113+0000] {processor.py:183} INFO - Processing /opt/airflow/dags/first_dag.py took 0.317 seconds
[2025-11-05T18:26:46.231+0000] {processor.py:161} INFO - Started process (PID=459) to work on /opt/airflow/dags/first_dag.py
[2025-11-05T18:26:46.235+0000] {processor.py:830} INFO - Processing file /opt/airflow/dags/first_dag.py for tasks to queue
[2025-11-05T18:26:46.241+0000] {logging_mixin.py:188} INFO - [2025-11-05T18:26:46.240+0000] {dagbag.py:538} INFO - Filling up the DagBag from /opt/airflow/dags/first_dag.py
[2025-11-05T18:26:46.330+0000] {processor.py:840} INFO - DAG(s) 'first_dag' retrieved from /opt/airflow/dags/first_dag.py
[2025-11-05T18:26:46.365+0000] {logging_mixin.py:188} INFO - [2025-11-05T18:26:46.364+0000] {dag.py:3036} INFO - Sync 1 DAGs
[2025-11-05T18:26:46.432+0000] {logging_mixin.py:188} INFO - [2025-11-05T18:26:46.431+0000] {dag.py:3823} INFO - Setting next_dagrun for first_dag to 2024-01-01 00:00:00+00:00, run_after=2024-01-02 00:00:00+00:00
[2025-11-05T18:26:46.494+0000] {processor.py:183} INFO - Processing /opt/airflow/dags/first_dag.py took 0.276 seconds
[2025-11-05T18:27:16.876+0000] {processor.py:161} INFO - Started process (PID=466) to work on /opt/airflow/dags/first_dag.py
[2025-11-05T18:27:16.878+0000] {processor.py:830} INFO - Processing file /opt/airflow/dags/first_dag.py for tasks to queue
[2025-11-05T18:27:16.883+0000] {logging_mixin.py:188} INFO - [2025-11-05T18:27:16.882+0000] {dagbag.py:538} INFO - Filling up the DagBag from /opt/airflow/dags/first_dag.py
[2025-11-05T18:27:16.936+0000] {processor.py:840} INFO - DAG(s) 'first_dag' retrieved from /opt/airflow/dags/first_dag.py
[2025-11-05T18:27:16.993+0000] {logging_mixin.py:188} INFO - [2025-11-05T18:27:16.993+0000] {dag.py:3036} INFO - Sync 1 DAGs
[2025-11-05T18:27:17.040+0000] {logging_mixin.py:188} INFO - [2025-11-05T18:27:17.040+0000] {dag.py:3823} INFO - Setting next_dagrun for first_dag to 2024-01-01 00:00:00+00:00, run_after=2024-01-02 00:00:00+00:00
[2025-11-05T18:27:17.081+0000] {processor.py:183} INFO - Processing /opt/airflow/dags/first_dag.py took 0.214 seconds
[2025-11-05T18:27:47.271+0000] {processor.py:161} INFO - Started process (PID=474) to work on /opt/airflow/dags/first_dag.py
[2025-11-05T18:27:47.273+0000] {processor.py:830} INFO - Processing file /opt/airflow/dags/first_dag.py for tasks to queue
[2025-11-05T18:27:47.278+0000] {logging_mixin.py:188} INFO - [2025-11-05T18:27:47.277+0000] {dagbag.py:538} INFO - Filling up the DagBag from /opt/airflow/dags/first_dag.py
[2025-11-05T18:27:47.330+0000] {processor.py:840} INFO - DAG(s) 'first_dag' retrieved from /opt/airflow/dags/first_dag.py
[2025-11-05T18:27:47.397+0000] {logging_mixin.py:188} INFO - [2025-11-05T18:27:47.397+0000] {dag.py:3036} INFO - Sync 1 DAGs
[2025-11-05T18:27:47.458+0000] {logging_mixin.py:188} INFO - [2025-11-05T18:27:47.457+0000] {dag.py:3823} INFO - Setting next_dagrun for first_dag to 2024-01-01 00:00:00+00:00, run_after=2024-01-02 00:00:00+00:00
[2025-11-05T18:27:47.514+0000] {processor.py:183} INFO - Processing /opt/airflow/dags/first_dag.py took 0.251 seconds
[2025-11-05T18:28:17.678+0000] {processor.py:161} INFO - Started process (PID=481) to work on /opt/airflow/dags/first_dag.py
[2025-11-05T18:28:17.681+0000] {processor.py:830} INFO - Processing file /opt/airflow/dags/first_dag.py for tasks to queue
[2025-11-05T18:28:17.688+0000] {logging_mixin.py:188} INFO - [2025-11-05T18:28:17.687+0000] {dagbag.py:538} INFO - Filling up the DagBag from /opt/airflow/dags/first_dag.py
[2025-11-05T18:28:17.751+0000] {processor.py:840} INFO - DAG(s) 'first_dag' retrieved from /opt/airflow/dags/first_dag.py
[2025-11-05T18:28:17.837+0000] {logging_mixin.py:188} INFO - [2025-11-05T18:28:17.836+0000] {dag.py:3036} INFO - Sync 1 DAGs
[2025-11-05T18:28:17.908+0000] {logging_mixin.py:188} INFO - [2025-11-05T18:28:17.907+0000] {dag.py:3823} INFO - Setting next_dagrun for first_dag to 2024-01-01 00:00:00+00:00, run_after=2024-01-02 00:00:00+00:00
[2025-11-05T18:28:17.955+0000] {processor.py:183} INFO - Processing /opt/airflow/dags/first_dag.py took 0.289 seconds
[2025-11-05T18:28:48.493+0000] {processor.py:161} INFO - Started process (PID=488) to work on /opt/airflow/dags/first_dag.py
[2025-11-05T18:28:48.495+0000] {processor.py:830} INFO - Processing file /opt/airflow/dags/first_dag.py for tasks to queue
[2025-11-05T18:28:48.500+0000] {logging_mixin.py:188} INFO - [2025-11-05T18:28:48.499+0000] {dagbag.py:538} INFO - Filling up the DagBag from /opt/airflow/dags/first_dag.py
[2025-11-05T18:28:48.553+0000] {processor.py:840} INFO - DAG(s) 'first_dag' retrieved from /opt/airflow/dags/first_dag.py
[2025-11-05T18:28:48.605+0000] {logging_mixin.py:188} INFO - [2025-11-05T18:28:48.605+0000] {dag.py:3036} INFO - Sync 1 DAGs
[2025-11-05T18:28:48.648+0000] {logging_mixin.py:188} INFO - [2025-11-05T18:28:48.647+0000] {dag.py:3823} INFO - Setting next_dagrun for first_dag to 2024-01-01 00:00:00+00:00, run_after=2024-01-02 00:00:00+00:00
[2025-11-05T18:28:48.723+0000] {processor.py:183} INFO - Processing /opt/airflow/dags/first_dag.py took 0.238 seconds
[2025-11-05T18:29:19.580+0000] {processor.py:161} INFO - Started process (PID=495) to work on /opt/airflow/dags/first_dag.py
[2025-11-05T18:29:19.595+0000] {processor.py:830} INFO - Processing file /opt/airflow/dags/first_dag.py for tasks to queue
[2025-11-05T18:29:19.621+0000] {logging_mixin.py:188} INFO - [2025-11-05T18:29:19.620+0000] {dagbag.py:538} INFO - Filling up the DagBag from /opt/airflow/dags/first_dag.py
[2025-11-05T18:29:19.781+0000] {processor.py:840} INFO - DAG(s) 'first_dag' retrieved from /opt/airflow/dags/first_dag.py
[2025-11-05T18:29:19.966+0000] {logging_mixin.py:188} INFO - [2025-11-05T18:29:19.965+0000] {dag.py:3036} INFO - Sync 1 DAGs
[2025-11-05T18:29:20.216+0000] {logging_mixin.py:188} INFO - [2025-11-05T18:29:20.215+0000] {dag.py:3823} INFO - Setting next_dagrun for first_dag to 2024-01-01 00:00:00+00:00, run_after=2024-01-02 00:00:00+00:00
[2025-11-05T18:29:20.467+0000] {processor.py:183} INFO - Processing /opt/airflow/dags/first_dag.py took 0.913 seconds
[2025-11-05T18:29:51.221+0000] {processor.py:161} INFO - Started process (PID=502) to work on /opt/airflow/dags/first_dag.py
[2025-11-05T18:29:51.226+0000] {processor.py:830} INFO - Processing file /opt/airflow/dags/first_dag.py for tasks to queue
[2025-11-05T18:29:51.234+0000] {logging_mixin.py:188} INFO - [2025-11-05T18:29:51.233+0000] {dagbag.py:538} INFO - Filling up the DagBag from /opt/airflow/dags/first_dag.py
[2025-11-05T18:29:51.308+0000] {processor.py:840} INFO - DAG(s) 'first_dag' retrieved from /opt/airflow/dags/first_dag.py
[2025-11-05T18:29:51.400+0000] {logging_mixin.py:188} INFO - [2025-11-05T18:29:51.399+0000] {dag.py:3036} INFO - Sync 1 DAGs
[2025-11-05T18:29:51.510+0000] {logging_mixin.py:188} INFO - [2025-11-05T18:29:51.509+0000] {dag.py:3823} INFO - Setting next_dagrun for first_dag to 2024-01-01 00:00:00+00:00, run_after=2024-01-02 00:00:00+00:00
[2025-11-05T18:29:51.615+0000] {processor.py:183} INFO - Processing /opt/airflow/dags/first_dag.py took 0.404 seconds
[2025-11-05T18:30:21.770+0000] {processor.py:161} INFO - Started process (PID=508) to work on /opt/airflow/dags/first_dag.py
[2025-11-05T18:30:21.772+0000] {processor.py:830} INFO - Processing file /opt/airflow/dags/first_dag.py for tasks to queue
[2025-11-05T18:30:21.779+0000] {logging_mixin.py:188} INFO - [2025-11-05T18:30:21.778+0000] {dagbag.py:538} INFO - Filling up the DagBag from /opt/airflow/dags/first_dag.py
[2025-11-05T18:30:21.843+0000] {processor.py:840} INFO - DAG(s) 'first_dag' retrieved from /opt/airflow/dags/first_dag.py
[2025-11-05T18:30:21.940+0000] {logging_mixin.py:188} INFO - [2025-11-05T18:30:21.940+0000] {dag.py:3036} INFO - Sync 1 DAGs
[2025-11-05T18:30:22.056+0000] {logging_mixin.py:188} INFO - [2025-11-05T18:30:22.055+0000] {dag.py:3823} INFO - Setting next_dagrun for first_dag to 2024-01-02 00:00:00+00:00, run_after=2024-01-03 00:00:00+00:00
[2025-11-05T18:30:22.116+0000] {processor.py:183} INFO - Processing /opt/airflow/dags/first_dag.py took 0.356 seconds
[2025-11-05T18:30:53.389+0000] {processor.py:161} INFO - Started process (PID=520) to work on /opt/airflow/dags/first_dag.py
[2025-11-05T18:30:53.435+0000] {processor.py:830} INFO - Processing file /opt/airflow/dags/first_dag.py for tasks to queue
[2025-11-05T18:30:53.508+0000] {logging_mixin.py:188} INFO - [2025-11-05T18:30:53.506+0000] {dagbag.py:538} INFO - Filling up the DagBag from /opt/airflow/dags/first_dag.py
[2025-11-05T18:30:54.071+0000] {processor.py:840} INFO - DAG(s) 'first_dag' retrieved from /opt/airflow/dags/first_dag.py
[2025-11-05T18:30:54.516+0000] {logging_mixin.py:188} INFO - [2025-11-05T18:30:54.515+0000] {dag.py:3036} INFO - Sync 1 DAGs
[2025-11-05T18:30:54.918+0000] {logging_mixin.py:188} INFO - [2025-11-05T18:30:54.917+0000] {dag.py:3823} INFO - Setting next_dagrun for first_dag to 2024-01-10 00:00:00+00:00, run_after=2024-01-11 00:00:00+00:00
[2025-11-05T18:30:55.311+0000] {processor.py:183} INFO - Processing /opt/airflow/dags/first_dag.py took 2.036 seconds
[2025-11-05T18:31:26.233+0000] {processor.py:161} INFO - Started process (PID=532) to work on /opt/airflow/dags/first_dag.py
[2025-11-05T18:31:26.261+0000] {processor.py:830} INFO - Processing file /opt/airflow/dags/first_dag.py for tasks to queue
[2025-11-05T18:31:26.387+0000] {logging_mixin.py:188} INFO - [2025-11-05T18:31:26.339+0000] {dagbag.py:538} INFO - Filling up the DagBag from /opt/airflow/dags/first_dag.py
[2025-11-05T18:31:28.164+0000] {processor.py:840} INFO - DAG(s) 'first_dag' retrieved from /opt/airflow/dags/first_dag.py
[2025-11-05T18:31:28.809+0000] {logging_mixin.py:188} INFO - [2025-11-05T18:31:28.808+0000] {dag.py:3036} INFO - Sync 1 DAGs
[2025-11-05T18:31:29.496+0000] {logging_mixin.py:188} INFO - [2025-11-05T18:31:29.495+0000] {dag.py:3823} INFO - Setting next_dagrun for first_dag to 2024-01-16 00:00:00+00:00, run_after=2024-01-17 00:00:00+00:00
[2025-11-05T18:31:29.673+0000] {processor.py:183} INFO - Processing /opt/airflow/dags/first_dag.py took 3.580 seconds
[2025-11-05T18:32:00.295+0000] {processor.py:161} INFO - Started process (PID=538) to work on /opt/airflow/dags/first_dag.py
[2025-11-05T18:32:00.319+0000] {processor.py:830} INFO - Processing file /opt/airflow/dags/first_dag.py for tasks to queue
[2025-11-05T18:32:00.338+0000] {logging_mixin.py:188} INFO - [2025-11-05T18:32:00.337+0000] {dagbag.py:538} INFO - Filling up the DagBag from /opt/airflow/dags/first_dag.py
[2025-11-05T18:32:00.694+0000] {processor.py:840} INFO - DAG(s) 'first_dag' retrieved from /opt/airflow/dags/first_dag.py
[2025-11-05T18:32:00.995+0000] {logging_mixin.py:188} INFO - [2025-11-05T18:32:00.989+0000] {dag.py:3036} INFO - Sync 1 DAGs
[2025-11-05T18:32:01.153+0000] {logging_mixin.py:188} INFO - [2025-11-05T18:32:01.153+0000] {dag.py:3823} INFO - Setting next_dagrun for first_dag to 2024-01-19 00:00:00+00:00, run_after=2024-01-20 00:00:00+00:00
[2025-11-05T18:32:01.325+0000] {processor.py:183} INFO - Processing /opt/airflow/dags/first_dag.py took 1.113 seconds
[2025-11-05T18:32:31.879+0000] {processor.py:161} INFO - Started process (PID=545) to work on /opt/airflow/dags/first_dag.py
[2025-11-05T18:32:31.897+0000] {processor.py:830} INFO - Processing file /opt/airflow/dags/first_dag.py for tasks to queue
[2025-11-05T18:32:31.936+0000] {logging_mixin.py:188} INFO - [2025-11-05T18:32:31.935+0000] {dagbag.py:538} INFO - Filling up the DagBag from /opt/airflow/dags/first_dag.py
[2025-11-05T18:32:32.250+0000] {processor.py:840} INFO - DAG(s) 'first_dag' retrieved from /opt/airflow/dags/first_dag.py
[2025-11-05T18:32:32.602+0000] {logging_mixin.py:188} INFO - [2025-11-05T18:32:32.572+0000] {dag.py:3036} INFO - Sync 1 DAGs
[2025-11-05T18:32:33.072+0000] {logging_mixin.py:188} INFO - [2025-11-05T18:32:33.041+0000] {dag.py:3823} INFO - Setting next_dagrun for first_dag to 2024-01-31 00:00:00+00:00, run_after=2024-02-01 00:00:00+00:00
[2025-11-05T18:32:33.315+0000] {processor.py:183} INFO - Processing /opt/airflow/dags/first_dag.py took 1.482 seconds
[2025-11-05T18:33:03.533+0000] {processor.py:161} INFO - Started process (PID=552) to work on /opt/airflow/dags/first_dag.py
[2025-11-05T18:33:03.535+0000] {processor.py:830} INFO - Processing file /opt/airflow/dags/first_dag.py for tasks to queue
[2025-11-05T18:33:03.540+0000] {logging_mixin.py:188} INFO - [2025-11-05T18:33:03.539+0000] {dagbag.py:538} INFO - Filling up the DagBag from /opt/airflow/dags/first_dag.py
[2025-11-05T18:33:03.605+0000] {processor.py:840} INFO - DAG(s) 'first_dag' retrieved from /opt/airflow/dags/first_dag.py
[2025-11-05T18:33:03.679+0000] {logging_mixin.py:188} INFO - [2025-11-05T18:33:03.678+0000] {dag.py:3036} INFO - Sync 1 DAGs
[2025-11-05T18:33:03.741+0000] {logging_mixin.py:188} INFO - [2025-11-05T18:33:03.741+0000] {dag.py:3823} INFO - Setting next_dagrun for first_dag to 2024-02-01 00:00:00+00:00, run_after=2024-02-02 00:00:00+00:00
[2025-11-05T18:33:03.789+0000] {processor.py:183} INFO - Processing /opt/airflow/dags/first_dag.py took 0.265 seconds
[2025-11-05T18:33:23.237+0000] {processor.py:161} INFO - Started process (PID=560) to work on /opt/airflow/dags/first_dag.py
[2025-11-05T18:33:23.240+0000] {processor.py:830} INFO - Processing file /opt/airflow/dags/first_dag.py for tasks to queue
[2025-11-05T18:33:23.245+0000] {logging_mixin.py:188} INFO - [2025-11-05T18:33:23.244+0000] {dagbag.py:538} INFO - Filling up the DagBag from /opt/airflow/dags/first_dag.py
[2025-11-05T18:33:23.331+0000] {logging_mixin.py:188} INFO - [2025-11-05T18:33:23.316+0000] {dagbag.py:348} ERROR - Failed to import: /opt/airflow/dags/first_dag.py
Traceback (most recent call last):
  File "/home/airflow/.local/lib/python3.8/site-packages/airflow/models/dagbag.py", line 344, in parse
    loader.exec_module(new_module)
  File "<frozen importlib._bootstrap_external>", line 843, in exec_module
  File "<frozen importlib._bootstrap>", line 219, in _call_with_frames_removed
  File "/opt/airflow/dags/first_dag.py", line 24, in <module>
    tas
NameError: name 'tas' is not defined
[2025-11-05T18:33:23.334+0000] {processor.py:842} WARNING - No viable dags retrieved from /opt/airflow/dags/first_dag.py
[2025-11-05T18:33:23.381+0000] {processor.py:183} INFO - Processing /opt/airflow/dags/first_dag.py took 0.153 seconds
[2025-11-05T18:33:25.377+0000] {processor.py:161} INFO - Started process (PID=561) to work on /opt/airflow/dags/first_dag.py
[2025-11-05T18:33:25.380+0000] {processor.py:830} INFO - Processing file /opt/airflow/dags/first_dag.py for tasks to queue
[2025-11-05T18:33:25.386+0000] {logging_mixin.py:188} INFO - [2025-11-05T18:33:25.385+0000] {dagbag.py:538} INFO - Filling up the DagBag from /opt/airflow/dags/first_dag.py
[2025-11-05T18:33:25.515+0000] {processor.py:840} INFO - DAG(s) 'first_dag' retrieved from /opt/airflow/dags/first_dag.py
[2025-11-05T18:33:25.589+0000] {logging_mixin.py:188} INFO - [2025-11-05T18:33:25.589+0000] {dag.py:3036} INFO - Sync 1 DAGs
[2025-11-05T18:33:25.637+0000] {logging_mixin.py:188} INFO - [2025-11-05T18:33:25.636+0000] {dag.py:3823} INFO - Setting next_dagrun for first_dag to 2024-02-01 00:00:00+00:00, run_after=2024-02-02 00:00:00+00:00
[2025-11-05T18:33:25.685+0000] {processor.py:183} INFO - Processing /opt/airflow/dags/first_dag.py took 0.320 seconds
[2025-11-05T18:33:27.801+0000] {processor.py:161} INFO - Started process (PID=562) to work on /opt/airflow/dags/first_dag.py
[2025-11-05T18:33:27.804+0000] {processor.py:830} INFO - Processing file /opt/airflow/dags/first_dag.py for tasks to queue
[2025-11-05T18:33:27.822+0000] {logging_mixin.py:188} INFO - [2025-11-05T18:33:27.821+0000] {dagbag.py:538} INFO - Filling up the DagBag from /opt/airflow/dags/first_dag.py
[2025-11-05T18:33:28.014+0000] {logging_mixin.py:188} INFO - [2025-11-05T18:33:27.978+0000] {dagbag.py:348} ERROR - Failed to import: /opt/airflow/dags/first_dag.py
Traceback (most recent call last):
  File "/home/airflow/.local/lib/python3.8/site-packages/airflow/models/dagbag.py", line 344, in parse
    loader.exec_module(new_module)
  File "<frozen importlib._bootstrap_external>", line 843, in exec_module
  File "<frozen importlib._bootstrap>", line 219, in _call_with_frames_removed
  File "/opt/airflow/dags/first_dag.py", line 24, in <module>
    task2
NameError: name 'task2' is not defined
[2025-11-05T18:33:28.034+0000] {processor.py:842} WARNING - No viable dags retrieved from /opt/airflow/dags/first_dag.py
[2025-11-05T18:33:28.129+0000] {processor.py:183} INFO - Processing /opt/airflow/dags/first_dag.py took 0.347 seconds
[2025-11-05T18:33:29.911+0000] {processor.py:161} INFO - Started process (PID=563) to work on /opt/airflow/dags/first_dag.py
[2025-11-05T18:33:29.914+0000] {processor.py:830} INFO - Processing file /opt/airflow/dags/first_dag.py for tasks to queue
[2025-11-05T18:33:29.921+0000] {logging_mixin.py:188} INFO - [2025-11-05T18:33:29.919+0000] {dagbag.py:538} INFO - Filling up the DagBag from /opt/airflow/dags/first_dag.py
[2025-11-05T18:33:29.955+0000] {logging_mixin.py:188} INFO - [2025-11-05T18:33:29.954+0000] {dagbag.py:348} ERROR - Failed to import: /opt/airflow/dags/first_dag.py
Traceback (most recent call last):
  File "/home/airflow/.local/lib/python3.8/site-packages/airflow/models/dagbag.py", line 344, in parse
    loader.exec_module(new_module)
  File "<frozen importlib._bootstrap_external>", line 839, in exec_module
  File "<frozen importlib._bootstrap_external>", line 976, in get_code
  File "<frozen importlib._bootstrap_external>", line 906, in source_to_code
  File "<frozen importlib._bootstrap>", line 219, in _call_with_frames_removed
  File "/opt/airflow/dags/first_dag.py", line 26
    task1
        ^
SyntaxError: unexpected EOF while parsing
[2025-11-05T18:33:29.956+0000] {processor.py:842} WARNING - No viable dags retrieved from /opt/airflow/dags/first_dag.py
[2025-11-05T18:33:30.014+0000] {processor.py:183} INFO - Processing /opt/airflow/dags/first_dag.py took 0.117 seconds
[2025-11-05T18:33:34.346+0000] {processor.py:161} INFO - Started process (PID=564) to work on /opt/airflow/dags/first_dag.py
[2025-11-05T18:33:34.353+0000] {processor.py:830} INFO - Processing file /opt/airflow/dags/first_dag.py for tasks to queue
[2025-11-05T18:33:34.366+0000] {logging_mixin.py:188} INFO - [2025-11-05T18:33:34.365+0000] {dagbag.py:538} INFO - Filling up the DagBag from /opt/airflow/dags/first_dag.py
[2025-11-05T18:33:34.522+0000] {processor.py:840} INFO - DAG(s) 'first_dag' retrieved from /opt/airflow/dags/first_dag.py
[2025-11-05T18:33:35.165+0000] {logging_mixin.py:188} INFO - [2025-11-05T18:33:35.164+0000] {dag.py:3036} INFO - Sync 1 DAGs
[2025-11-05T18:33:35.240+0000] {logging_mixin.py:188} INFO - [2025-11-05T18:33:35.239+0000] {dag.py:3823} INFO - Setting next_dagrun for first_dag to 2024-02-01 00:00:00+00:00, run_after=2024-02-02 00:00:00+00:00
[2025-11-05T18:33:35.308+0000] {processor.py:183} INFO - Processing /opt/airflow/dags/first_dag.py took 0.983 seconds
[2025-11-05T18:33:39.312+0000] {processor.py:161} INFO - Started process (PID=565) to work on /opt/airflow/dags/first_dag.py
[2025-11-05T18:33:39.314+0000] {processor.py:830} INFO - Processing file /opt/airflow/dags/first_dag.py for tasks to queue
[2025-11-05T18:33:39.321+0000] {logging_mixin.py:188} INFO - [2025-11-05T18:33:39.321+0000] {dagbag.py:538} INFO - Filling up the DagBag from /opt/airflow/dags/first_dag.py
[2025-11-05T18:33:39.414+0000] {processor.py:840} INFO - DAG(s) 'first_dag' retrieved from /opt/airflow/dags/first_dag.py
[2025-11-05T18:33:39.442+0000] {logging_mixin.py:188} INFO - [2025-11-05T18:33:39.442+0000] {dag.py:3036} INFO - Sync 1 DAGs
[2025-11-05T18:33:39.493+0000] {logging_mixin.py:188} INFO - [2025-11-05T18:33:39.493+0000] {dag.py:3823} INFO - Setting next_dagrun for first_dag to 2024-02-01 00:00:00+00:00, run_after=2024-02-02 00:00:00+00:00
[2025-11-05T18:33:39.555+0000] {processor.py:183} INFO - Processing /opt/airflow/dags/first_dag.py took 0.255 seconds
[2025-11-05T18:34:09.877+0000] {processor.py:161} INFO - Started process (PID=573) to work on /opt/airflow/dags/first_dag.py
[2025-11-05T18:34:09.880+0000] {processor.py:830} INFO - Processing file /opt/airflow/dags/first_dag.py for tasks to queue
[2025-11-05T18:34:09.885+0000] {logging_mixin.py:188} INFO - [2025-11-05T18:34:09.884+0000] {dagbag.py:538} INFO - Filling up the DagBag from /opt/airflow/dags/first_dag.py
[2025-11-05T18:34:09.949+0000] {processor.py:840} INFO - DAG(s) 'first_dag' retrieved from /opt/airflow/dags/first_dag.py
[2025-11-05T18:34:10.216+0000] {logging_mixin.py:188} INFO - [2025-11-05T18:34:10.215+0000] {dag.py:3036} INFO - Sync 1 DAGs
[2025-11-05T18:34:10.255+0000] {logging_mixin.py:188} INFO - [2025-11-05T18:34:10.255+0000] {dag.py:3823} INFO - Setting next_dagrun for first_dag to 2024-02-01 00:00:00+00:00, run_after=2024-02-02 00:00:00+00:00
[2025-11-05T18:34:10.305+0000] {processor.py:183} INFO - Processing /opt/airflow/dags/first_dag.py took 0.437 seconds
[2025-11-05T18:34:34.481+0000] {processor.py:161} INFO - Started process (PID=581) to work on /opt/airflow/dags/first_dag.py
[2025-11-05T18:34:34.484+0000] {processor.py:830} INFO - Processing file /opt/airflow/dags/first_dag.py for tasks to queue
[2025-11-05T18:34:34.501+0000] {logging_mixin.py:188} INFO - [2025-11-05T18:34:34.499+0000] {dagbag.py:538} INFO - Filling up the DagBag from /opt/airflow/dags/first_dag.py
[2025-11-05T18:34:34.876+0000] {processor.py:840} INFO - DAG(s) 'first_dag' retrieved from /opt/airflow/dags/first_dag.py
[2025-11-05T18:34:34.968+0000] {logging_mixin.py:188} INFO - [2025-11-05T18:34:34.967+0000] {dag.py:3036} INFO - Sync 1 DAGs
[2025-11-05T18:34:35.176+0000] {logging_mixin.py:188} INFO - [2025-11-05T18:34:35.176+0000] {dag.py:3823} INFO - Setting next_dagrun for first_dag to 2024-02-01 00:00:00+00:00, run_after=2024-02-02 00:00:00+00:00
[2025-11-05T18:34:35.286+0000] {processor.py:183} INFO - Processing /opt/airflow/dags/first_dag.py took 0.833 seconds
[2025-11-05T18:35:06.051+0000] {processor.py:161} INFO - Started process (PID=588) to work on /opt/airflow/dags/first_dag.py
[2025-11-05T18:35:06.054+0000] {processor.py:830} INFO - Processing file /opt/airflow/dags/first_dag.py for tasks to queue
[2025-11-05T18:35:06.060+0000] {logging_mixin.py:188} INFO - [2025-11-05T18:35:06.059+0000] {dagbag.py:538} INFO - Filling up the DagBag from /opt/airflow/dags/first_dag.py
[2025-11-05T18:35:06.111+0000] {processor.py:840} INFO - DAG(s) 'first_dag' retrieved from /opt/airflow/dags/first_dag.py
[2025-11-05T18:35:06.170+0000] {logging_mixin.py:188} INFO - [2025-11-05T18:35:06.170+0000] {dag.py:3036} INFO - Sync 1 DAGs
[2025-11-05T18:35:06.221+0000] {logging_mixin.py:188} INFO - [2025-11-05T18:35:06.221+0000] {dag.py:3823} INFO - Setting next_dagrun for first_dag to 2024-02-01 00:00:00+00:00, run_after=2024-02-02 00:00:00+00:00
[2025-11-05T18:35:06.262+0000] {processor.py:183} INFO - Processing /opt/airflow/dags/first_dag.py took 0.222 seconds
[2025-11-05T18:35:22.840+0000] {processor.py:161} INFO - Started process (PID=595) to work on /opt/airflow/dags/first_dag.py
[2025-11-05T18:35:22.844+0000] {processor.py:830} INFO - Processing file /opt/airflow/dags/first_dag.py for tasks to queue
[2025-11-05T18:35:22.853+0000] {logging_mixin.py:188} INFO - [2025-11-05T18:35:22.852+0000] {dagbag.py:538} INFO - Filling up the DagBag from /opt/airflow/dags/first_dag.py
[2025-11-05T18:35:23.009+0000] {processor.py:840} INFO - DAG(s) 'first_dag_' retrieved from /opt/airflow/dags/first_dag.py
[2025-11-05T18:35:23.444+0000] {logging_mixin.py:188} INFO - [2025-11-05T18:35:23.442+0000] {override.py:1769} INFO - Created Permission View: can delete on DAG:first_dag_
[2025-11-05T18:35:23.471+0000] {logging_mixin.py:188} INFO - [2025-11-05T18:35:23.471+0000] {override.py:1769} INFO - Created Permission View: can read on DAG:first_dag_
[2025-11-05T18:35:23.705+0000] {logging_mixin.py:188} INFO - [2025-11-05T18:35:23.704+0000] {override.py:1769} INFO - Created Permission View: can edit on DAG:first_dag_
[2025-11-05T18:35:23.708+0000] {logging_mixin.py:188} INFO - [2025-11-05T18:35:23.708+0000] {dag.py:3036} INFO - Sync 1 DAGs
[2025-11-05T18:35:23.809+0000] {logging_mixin.py:188} INFO - [2025-11-05T18:35:23.809+0000] {dag.py:3058} INFO - Creating ORM DAG for first_dag_
[2025-11-05T18:35:23.865+0000] {logging_mixin.py:188} INFO - [2025-11-05T18:35:23.864+0000] {dag.py:3823} INFO - Setting next_dagrun for first_dag_ to 2024-01-01 00:00:00+00:00, run_after=2024-01-02 00:00:00+00:00
[2025-11-05T18:35:23.924+0000] {processor.py:183} INFO - Processing /opt/airflow/dags/first_dag.py took 1.105 seconds
[2025-11-05T18:35:25.162+0000] {processor.py:161} INFO - Started process (PID=596) to work on /opt/airflow/dags/first_dag.py
[2025-11-05T18:35:25.166+0000] {processor.py:830} INFO - Processing file /opt/airflow/dags/first_dag.py for tasks to queue
[2025-11-05T18:35:25.170+0000] {logging_mixin.py:188} INFO - [2025-11-05T18:35:25.169+0000] {dagbag.py:538} INFO - Filling up the DagBag from /opt/airflow/dags/first_dag.py
[2025-11-05T18:35:25.259+0000] {processor.py:840} INFO - DAG(s) 'first_dag_v2' retrieved from /opt/airflow/dags/first_dag.py
[2025-11-05T18:35:25.589+0000] {logging_mixin.py:188} INFO - [2025-11-05T18:35:25.588+0000] {override.py:1769} INFO - Created Permission View: can delete on DAG:first_dag_v2
[2025-11-05T18:35:25.616+0000] {logging_mixin.py:188} INFO - [2025-11-05T18:35:25.615+0000] {override.py:1769} INFO - Created Permission View: can read on DAG:first_dag_v2
[2025-11-05T18:35:25.636+0000] {logging_mixin.py:188} INFO - [2025-11-05T18:35:25.636+0000] {override.py:1769} INFO - Created Permission View: can edit on DAG:first_dag_v2
[2025-11-05T18:35:25.638+0000] {logging_mixin.py:188} INFO - [2025-11-05T18:35:25.637+0000] {dag.py:3036} INFO - Sync 1 DAGs
[2025-11-05T18:35:25.677+0000] {logging_mixin.py:188} INFO - [2025-11-05T18:35:25.677+0000] {dag.py:3058} INFO - Creating ORM DAG for first_dag_v2
[2025-11-05T18:35:25.705+0000] {logging_mixin.py:188} INFO - [2025-11-05T18:35:25.704+0000] {dag.py:3823} INFO - Setting next_dagrun for first_dag_v2 to 2024-01-01 00:00:00+00:00, run_after=2024-01-02 00:00:00+00:00
[2025-11-05T18:35:25.760+0000] {processor.py:183} INFO - Processing /opt/airflow/dags/first_dag.py took 0.613 seconds
[2025-11-05T18:35:28.872+0000] {processor.py:161} INFO - Started process (PID=597) to work on /opt/airflow/dags/first_dag.py
[2025-11-05T18:35:28.875+0000] {processor.py:830} INFO - Processing file /opt/airflow/dags/first_dag.py for tasks to queue
[2025-11-05T18:35:28.879+0000] {logging_mixin.py:188} INFO - [2025-11-05T18:35:28.879+0000] {dagbag.py:538} INFO - Filling up the DagBag from /opt/airflow/dags/first_dag.py
[2025-11-05T18:35:28.959+0000] {processor.py:840} INFO - DAG(s) 'first_dag_v2' retrieved from /opt/airflow/dags/first_dag.py
[2025-11-05T18:35:28.993+0000] {logging_mixin.py:188} INFO - [2025-11-05T18:35:28.992+0000] {dag.py:3036} INFO - Sync 1 DAGs
[2025-11-05T18:35:29.051+0000] {logging_mixin.py:188} INFO - [2025-11-05T18:35:29.050+0000] {dag.py:3823} INFO - Setting next_dagrun for first_dag_v2 to 2024-01-01 00:00:00+00:00, run_after=2024-01-02 00:00:00+00:00
[2025-11-05T18:35:29.109+0000] {processor.py:183} INFO - Processing /opt/airflow/dags/first_dag.py took 0.249 seconds
[2025-11-05T18:35:59.921+0000] {processor.py:161} INFO - Started process (PID=604) to work on /opt/airflow/dags/first_dag.py
[2025-11-05T18:35:59.928+0000] {processor.py:830} INFO - Processing file /opt/airflow/dags/first_dag.py for tasks to queue
[2025-11-05T18:35:59.950+0000] {logging_mixin.py:188} INFO - [2025-11-05T18:35:59.949+0000] {dagbag.py:538} INFO - Filling up the DagBag from /opt/airflow/dags/first_dag.py
[2025-11-05T18:36:00.088+0000] {processor.py:840} INFO - DAG(s) 'first_dag_v2' retrieved from /opt/airflow/dags/first_dag.py
[2025-11-05T18:36:00.196+0000] {logging_mixin.py:188} INFO - [2025-11-05T18:36:00.194+0000] {dag.py:3036} INFO - Sync 1 DAGs
[2025-11-05T18:36:00.295+0000] {logging_mixin.py:188} INFO - [2025-11-05T18:36:00.294+0000] {dag.py:3823} INFO - Setting next_dagrun for first_dag_v2 to 2024-01-01 00:00:00+00:00, run_after=2024-01-02 00:00:00+00:00
[2025-11-05T18:36:00.388+0000] {processor.py:183} INFO - Processing /opt/airflow/dags/first_dag.py took 0.498 seconds
[2025-11-05T18:36:31.249+0000] {processor.py:161} INFO - Started process (PID=611) to work on /opt/airflow/dags/first_dag.py
[2025-11-05T18:36:31.253+0000] {processor.py:830} INFO - Processing file /opt/airflow/dags/first_dag.py for tasks to queue
[2025-11-05T18:36:31.259+0000] {logging_mixin.py:188} INFO - [2025-11-05T18:36:31.258+0000] {dagbag.py:538} INFO - Filling up the DagBag from /opt/airflow/dags/first_dag.py
[2025-11-05T18:36:31.313+0000] {processor.py:840} INFO - DAG(s) 'first_dag_v2' retrieved from /opt/airflow/dags/first_dag.py
[2025-11-05T18:36:31.369+0000] {logging_mixin.py:188} INFO - [2025-11-05T18:36:31.369+0000] {dag.py:3036} INFO - Sync 1 DAGs
[2025-11-05T18:36:31.415+0000] {logging_mixin.py:188} INFO - [2025-11-05T18:36:31.415+0000] {dag.py:3823} INFO - Setting next_dagrun for first_dag_v2 to 2024-01-01 00:00:00+00:00, run_after=2024-01-02 00:00:00+00:00
[2025-11-05T18:36:31.463+0000] {processor.py:183} INFO - Processing /opt/airflow/dags/first_dag.py took 0.226 seconds
[2025-11-05T18:37:01.697+0000] {processor.py:161} INFO - Started process (PID=618) to work on /opt/airflow/dags/first_dag.py
[2025-11-05T18:37:01.700+0000] {processor.py:830} INFO - Processing file /opt/airflow/dags/first_dag.py for tasks to queue
[2025-11-05T18:37:01.704+0000] {logging_mixin.py:188} INFO - [2025-11-05T18:37:01.703+0000] {dagbag.py:538} INFO - Filling up the DagBag from /opt/airflow/dags/first_dag.py
[2025-11-05T18:37:01.758+0000] {processor.py:840} INFO - DAG(s) 'first_dag_v2' retrieved from /opt/airflow/dags/first_dag.py
[2025-11-05T18:37:01.834+0000] {logging_mixin.py:188} INFO - [2025-11-05T18:37:01.834+0000] {dag.py:3036} INFO - Sync 1 DAGs
[2025-11-05T18:37:01.883+0000] {logging_mixin.py:188} INFO - [2025-11-05T18:37:01.883+0000] {dag.py:3823} INFO - Setting next_dagrun for first_dag_v2 to 2024-01-01 00:00:00+00:00, run_after=2024-01-02 00:00:00+00:00
[2025-11-05T18:37:01.925+0000] {processor.py:183} INFO - Processing /opt/airflow/dags/first_dag.py took 0.239 seconds
[2025-11-05T18:37:32.580+0000] {processor.py:161} INFO - Started process (PID=625) to work on /opt/airflow/dags/first_dag.py
[2025-11-05T18:37:32.583+0000] {processor.py:830} INFO - Processing file /opt/airflow/dags/first_dag.py for tasks to queue
[2025-11-05T18:37:32.586+0000] {logging_mixin.py:188} INFO - [2025-11-05T18:37:32.585+0000] {dagbag.py:538} INFO - Filling up the DagBag from /opt/airflow/dags/first_dag.py
[2025-11-05T18:37:32.637+0000] {processor.py:840} INFO - DAG(s) 'first_dag_v2' retrieved from /opt/airflow/dags/first_dag.py
[2025-11-05T18:37:32.701+0000] {logging_mixin.py:188} INFO - [2025-11-05T18:37:32.700+0000] {dag.py:3036} INFO - Sync 1 DAGs
[2025-11-05T18:37:32.759+0000] {logging_mixin.py:188} INFO - [2025-11-05T18:37:32.759+0000] {dag.py:3823} INFO - Setting next_dagrun for first_dag_v2 to 2024-01-01 00:00:00+00:00, run_after=2024-01-02 00:00:00+00:00
[2025-11-05T18:37:32.812+0000] {processor.py:183} INFO - Processing /opt/airflow/dags/first_dag.py took 0.243 seconds
[2025-11-05T18:38:03.599+0000] {processor.py:161} INFO - Started process (PID=633) to work on /opt/airflow/dags/first_dag.py
[2025-11-05T18:38:03.622+0000] {processor.py:830} INFO - Processing file /opt/airflow/dags/first_dag.py for tasks to queue
[2025-11-05T18:38:03.646+0000] {logging_mixin.py:188} INFO - [2025-11-05T18:38:03.643+0000] {dagbag.py:538} INFO - Filling up the DagBag from /opt/airflow/dags/first_dag.py
[2025-11-05T18:38:03.914+0000] {processor.py:840} INFO - DAG(s) 'first_dag_v2' retrieved from /opt/airflow/dags/first_dag.py
[2025-11-05T18:38:04.235+0000] {logging_mixin.py:188} INFO - [2025-11-05T18:38:04.234+0000] {dag.py:3036} INFO - Sync 1 DAGs
[2025-11-05T18:38:04.534+0000] {logging_mixin.py:188} INFO - [2025-11-05T18:38:04.533+0000] {dag.py:3823} INFO - Setting next_dagrun for first_dag_v2 to 2024-01-01 00:00:00+00:00, run_after=2024-01-02 00:00:00+00:00
[2025-11-05T18:38:04.928+0000] {processor.py:183} INFO - Processing /opt/airflow/dags/first_dag.py took 1.363 seconds
[2025-11-05T18:38:35.366+0000] {processor.py:161} INFO - Started process (PID=640) to work on /opt/airflow/dags/first_dag.py
[2025-11-05T18:38:35.368+0000] {processor.py:830} INFO - Processing file /opt/airflow/dags/first_dag.py for tasks to queue
[2025-11-05T18:38:35.371+0000] {logging_mixin.py:188} INFO - [2025-11-05T18:38:35.370+0000] {dagbag.py:538} INFO - Filling up the DagBag from /opt/airflow/dags/first_dag.py
[2025-11-05T18:38:35.429+0000] {processor.py:840} INFO - DAG(s) 'first_dag_v2' retrieved from /opt/airflow/dags/first_dag.py
[2025-11-05T18:38:35.484+0000] {logging_mixin.py:188} INFO - [2025-11-05T18:38:35.483+0000] {dag.py:3036} INFO - Sync 1 DAGs
[2025-11-05T18:38:35.534+0000] {logging_mixin.py:188} INFO - [2025-11-05T18:38:35.534+0000] {dag.py:3823} INFO - Setting next_dagrun for first_dag_v2 to 2024-01-01 00:00:00+00:00, run_after=2024-01-02 00:00:00+00:00
[2025-11-05T18:38:35.575+0000] {processor.py:183} INFO - Processing /opt/airflow/dags/first_dag.py took 0.218 seconds
[2025-11-05T18:39:06.150+0000] {processor.py:161} INFO - Started process (PID=647) to work on /opt/airflow/dags/first_dag.py
[2025-11-05T18:39:06.154+0000] {processor.py:830} INFO - Processing file /opt/airflow/dags/first_dag.py for tasks to queue
[2025-11-05T18:39:06.157+0000] {logging_mixin.py:188} INFO - [2025-11-05T18:39:06.156+0000] {dagbag.py:538} INFO - Filling up the DagBag from /opt/airflow/dags/first_dag.py
[2025-11-05T18:39:06.222+0000] {processor.py:840} INFO - DAG(s) 'first_dag_v2' retrieved from /opt/airflow/dags/first_dag.py
[2025-11-05T18:39:06.303+0000] {logging_mixin.py:188} INFO - [2025-11-05T18:39:06.302+0000] {dag.py:3036} INFO - Sync 1 DAGs
[2025-11-05T18:39:06.359+0000] {logging_mixin.py:188} INFO - [2025-11-05T18:39:06.358+0000] {dag.py:3823} INFO - Setting next_dagrun for first_dag_v2 to 2024-01-01 00:00:00+00:00, run_after=2024-01-02 00:00:00+00:00
[2025-11-05T18:39:06.431+0000] {processor.py:183} INFO - Processing /opt/airflow/dags/first_dag.py took 0.292 seconds
[2025-11-05T18:39:36.943+0000] {processor.py:161} INFO - Started process (PID=654) to work on /opt/airflow/dags/first_dag.py
[2025-11-05T18:39:36.947+0000] {processor.py:830} INFO - Processing file /opt/airflow/dags/first_dag.py for tasks to queue
[2025-11-05T18:39:36.950+0000] {logging_mixin.py:188} INFO - [2025-11-05T18:39:36.949+0000] {dagbag.py:538} INFO - Filling up the DagBag from /opt/airflow/dags/first_dag.py
[2025-11-05T18:39:37.021+0000] {processor.py:840} INFO - DAG(s) 'first_dag_v2' retrieved from /opt/airflow/dags/first_dag.py
[2025-11-05T18:39:37.081+0000] {logging_mixin.py:188} INFO - [2025-11-05T18:39:37.080+0000] {dag.py:3036} INFO - Sync 1 DAGs
[2025-11-05T18:39:37.136+0000] {logging_mixin.py:188} INFO - [2025-11-05T18:39:37.136+0000] {dag.py:3823} INFO - Setting next_dagrun for first_dag_v2 to 2024-01-01 00:00:00+00:00, run_after=2024-01-02 00:00:00+00:00
[2025-11-05T18:39:37.185+0000] {processor.py:183} INFO - Processing /opt/airflow/dags/first_dag.py took 0.251 seconds
[2025-11-05T18:40:07.514+0000] {processor.py:161} INFO - Started process (PID=661) to work on /opt/airflow/dags/first_dag.py
[2025-11-05T18:40:07.517+0000] {processor.py:830} INFO - Processing file /opt/airflow/dags/first_dag.py for tasks to queue
[2025-11-05T18:40:07.519+0000] {logging_mixin.py:188} INFO - [2025-11-05T18:40:07.518+0000] {dagbag.py:538} INFO - Filling up the DagBag from /opt/airflow/dags/first_dag.py
[2025-11-05T18:40:07.591+0000] {processor.py:840} INFO - DAG(s) 'first_dag_v2' retrieved from /opt/airflow/dags/first_dag.py
[2025-11-05T18:40:07.690+0000] {logging_mixin.py:188} INFO - [2025-11-05T18:40:07.689+0000] {dag.py:3036} INFO - Sync 1 DAGs
[2025-11-05T18:40:07.746+0000] {logging_mixin.py:188} INFO - [2025-11-05T18:40:07.745+0000] {dag.py:3823} INFO - Setting next_dagrun for first_dag_v2 to 2024-01-01 00:00:00+00:00, run_after=2024-01-02 00:00:00+00:00
[2025-11-05T18:40:07.791+0000] {processor.py:183} INFO - Processing /opt/airflow/dags/first_dag.py took 0.286 seconds
[2025-11-05T18:40:31.222+0000] {processor.py:161} INFO - Started process (PID=668) to work on /opt/airflow/dags/first_dag.py
[2025-11-05T18:40:31.227+0000] {processor.py:830} INFO - Processing file /opt/airflow/dags/first_dag.py for tasks to queue
[2025-11-05T18:40:31.230+0000] {logging_mixin.py:188} INFO - [2025-11-05T18:40:31.229+0000] {dagbag.py:538} INFO - Filling up the DagBag from /opt/airflow/dags/first_dag.py
[2025-11-05T18:40:31.293+0000] {logging_mixin.py:188} INFO - [2025-11-05T18:40:31.285+0000] {dagbag.py:348} ERROR - Failed to import: /opt/airflow/dags/first_dag.py
Traceback (most recent call last):
  File "/home/airflow/.local/lib/python3.8/site-packages/airflow/models/dagbag.py", line 344, in parse
    loader.exec_module(new_module)
  File "<frozen importlib._bootstrap_external>", line 843, in exec_module
  File "<frozen importlib._bootstrap>", line 219, in _call_with_frames_removed
  File "/opt/airflow/dags/first_dag.py", line 29, in <module>
    tas
NameError: name 'tas' is not defined
[2025-11-05T18:40:31.296+0000] {processor.py:842} WARNING - No viable dags retrieved from /opt/airflow/dags/first_dag.py
[2025-11-05T18:40:31.335+0000] {processor.py:183} INFO - Processing /opt/airflow/dags/first_dag.py took 0.132 seconds
[2025-11-05T18:40:34.523+0000] {processor.py:161} INFO - Started process (PID=669) to work on /opt/airflow/dags/first_dag.py
[2025-11-05T18:40:34.526+0000] {processor.py:830} INFO - Processing file /opt/airflow/dags/first_dag.py for tasks to queue
[2025-11-05T18:40:34.530+0000] {logging_mixin.py:188} INFO - [2025-11-05T18:40:34.529+0000] {dagbag.py:538} INFO - Filling up the DagBag from /opt/airflow/dags/first_dag.py
[2025-11-05T18:40:34.676+0000] {logging_mixin.py:188} INFO - [2025-11-05T18:40:34.649+0000] {dagbag.py:348} ERROR - Failed to import: /opt/airflow/dags/first_dag.py
Traceback (most recent call last):
  File "/home/airflow/.local/lib/python3.8/site-packages/airflow/models/dagbag.py", line 344, in parse
    loader.exec_module(new_module)
  File "<frozen importlib._bootstrap_external>", line 843, in exec_module
  File "<frozen importlib._bootstrap>", line 219, in _call_with_frames_removed
  File "/opt/airflow/dags/first_dag.py", line 29, in <module>
    tassk
NameError: name 'tassk' is not defined
[2025-11-05T18:40:34.680+0000] {processor.py:842} WARNING - No viable dags retrieved from /opt/airflow/dags/first_dag.py
[2025-11-05T18:40:34.880+0000] {processor.py:183} INFO - Processing /opt/airflow/dags/first_dag.py took 0.368 seconds
[2025-11-05T18:40:35.609+0000] {processor.py:161} INFO - Started process (PID=670) to work on /opt/airflow/dags/first_dag.py
[2025-11-05T18:40:35.613+0000] {processor.py:830} INFO - Processing file /opt/airflow/dags/first_dag.py for tasks to queue
[2025-11-05T18:40:35.616+0000] {logging_mixin.py:188} INFO - [2025-11-05T18:40:35.615+0000] {dagbag.py:538} INFO - Filling up the DagBag from /opt/airflow/dags/first_dag.py
[2025-11-05T18:40:35.695+0000] {logging_mixin.py:188} INFO - [2025-11-05T18:40:35.684+0000] {dagbag.py:348} ERROR - Failed to import: /opt/airflow/dags/first_dag.py
Traceback (most recent call last):
  File "/home/airflow/.local/lib/python3.8/site-packages/airflow/models/dagbag.py", line 344, in parse
    loader.exec_module(new_module)
  File "<frozen importlib._bootstrap_external>", line 843, in exec_module
  File "<frozen importlib._bootstrap>", line 219, in _call_with_frames_removed
  File "/opt/airflow/dags/first_dag.py", line 29, in <module>
    tassk3
NameError: name 'tassk3' is not defined
[2025-11-05T18:40:35.698+0000] {processor.py:842} WARNING - No viable dags retrieved from /opt/airflow/dags/first_dag.py
[2025-11-05T18:40:35.744+0000] {processor.py:183} INFO - Processing /opt/airflow/dags/first_dag.py took 0.146 seconds
[2025-11-05T18:40:38.089+0000] {processor.py:161} INFO - Started process (PID=671) to work on /opt/airflow/dags/first_dag.py
[2025-11-05T18:40:38.093+0000] {processor.py:830} INFO - Processing file /opt/airflow/dags/first_dag.py for tasks to queue
[2025-11-05T18:40:38.096+0000] {logging_mixin.py:188} INFO - [2025-11-05T18:40:38.095+0000] {dagbag.py:538} INFO - Filling up the DagBag from /opt/airflow/dags/first_dag.py
[2025-11-05T18:40:38.172+0000] {logging_mixin.py:188} INFO - [2025-11-05T18:40:38.169+0000] {dagbag.py:348} ERROR - Failed to import: /opt/airflow/dags/first_dag.py
Traceback (most recent call last):
  File "/home/airflow/.local/lib/python3.8/site-packages/airflow/models/dagbag.py", line 344, in parse
    loader.exec_module(new_module)
  File "<frozen importlib._bootstrap_external>", line 839, in exec_module
  File "<frozen importlib._bootstrap_external>", line 976, in get_code
  File "<frozen importlib._bootstrap_external>", line 906, in source_to_code
  File "<frozen importlib._bootstrap>", line 219, in _call_with_frames_removed
  File "/opt/airflow/dags/first_dag.py", line 32
    task1 >> task2
                 ^
SyntaxError: unexpected EOF while parsing
[2025-11-05T18:40:38.173+0000] {processor.py:842} WARNING - No viable dags retrieved from /opt/airflow/dags/first_dag.py
[2025-11-05T18:40:38.231+0000] {processor.py:183} INFO - Processing /opt/airflow/dags/first_dag.py took 0.152 seconds
[2025-11-05T18:40:41.235+0000] {processor.py:161} INFO - Started process (PID=672) to work on /opt/airflow/dags/first_dag.py
[2025-11-05T18:40:41.240+0000] {processor.py:830} INFO - Processing file /opt/airflow/dags/first_dag.py for tasks to queue
[2025-11-05T18:40:41.242+0000] {logging_mixin.py:188} INFO - [2025-11-05T18:40:41.242+0000] {dagbag.py:538} INFO - Filling up the DagBag from /opt/airflow/dags/first_dag.py
[2025-11-05T18:40:41.370+0000] {processor.py:840} INFO - DAG(s) 'first_dag_v2' retrieved from /opt/airflow/dags/first_dag.py
[2025-11-05T18:40:41.672+0000] {logging_mixin.py:188} INFO - [2025-11-05T18:40:41.671+0000] {dag.py:3036} INFO - Sync 1 DAGs
[2025-11-05T18:40:41.827+0000] {logging_mixin.py:188} INFO - [2025-11-05T18:40:41.826+0000] {dag.py:3823} INFO - Setting next_dagrun for first_dag_v2 to 2024-01-01 00:00:00+00:00, run_after=2024-01-02 00:00:00+00:00
[2025-11-05T18:40:41.917+0000] {processor.py:183} INFO - Processing /opt/airflow/dags/first_dag.py took 0.696 seconds
[2025-11-05T18:40:43.268+0000] {processor.py:161} INFO - Started process (PID=673) to work on /opt/airflow/dags/first_dag.py
[2025-11-05T18:40:43.274+0000] {processor.py:830} INFO - Processing file /opt/airflow/dags/first_dag.py for tasks to queue
[2025-11-05T18:40:43.277+0000] {logging_mixin.py:188} INFO - [2025-11-05T18:40:43.276+0000] {dagbag.py:538} INFO - Filling up the DagBag from /opt/airflow/dags/first_dag.py
[2025-11-05T18:40:43.403+0000] {logging_mixin.py:188} INFO - [2025-11-05T18:40:43.391+0000] {dagbag.py:348} ERROR - Failed to import: /opt/airflow/dags/first_dag.py
Traceback (most recent call last):
  File "/home/airflow/.local/lib/python3.8/site-packages/airflow/models/dagbag.py", line 344, in parse
    loader.exec_module(new_module)
  File "<frozen importlib._bootstrap_external>", line 843, in exec_module
  File "<frozen importlib._bootstrap>", line 219, in _call_with_frames_removed
  File "/opt/airflow/dags/first_dag.py", line 34, in <module>
    task1 >> task2 >> task3
NameError: name 'task3' is not defined
[2025-11-05T18:40:43.408+0000] {processor.py:842} WARNING - No viable dags retrieved from /opt/airflow/dags/first_dag.py
[2025-11-05T18:40:43.475+0000] {processor.py:183} INFO - Processing /opt/airflow/dags/first_dag.py took 0.220 seconds
[2025-11-05T18:41:13.867+0000] {processor.py:161} INFO - Started process (PID=680) to work on /opt/airflow/dags/first_dag.py
[2025-11-05T18:41:13.870+0000] {processor.py:830} INFO - Processing file /opt/airflow/dags/first_dag.py for tasks to queue
[2025-11-05T18:41:13.874+0000] {logging_mixin.py:188} INFO - [2025-11-05T18:41:13.872+0000] {dagbag.py:538} INFO - Filling up the DagBag from /opt/airflow/dags/first_dag.py
[2025-11-05T18:41:13.926+0000] {logging_mixin.py:188} INFO - [2025-11-05T18:41:13.920+0000] {dagbag.py:348} ERROR - Failed to import: /opt/airflow/dags/first_dag.py
Traceback (most recent call last):
  File "/home/airflow/.local/lib/python3.8/site-packages/airflow/models/dagbag.py", line 344, in parse
    loader.exec_module(new_module)
  File "<frozen importlib._bootstrap_external>", line 843, in exec_module
  File "<frozen importlib._bootstrap>", line 219, in _call_with_frames_removed
  File "/opt/airflow/dags/first_dag.py", line 34, in <module>
    task1 >> task2 >> task3
NameError: name 'task3' is not defined
[2025-11-05T18:41:13.928+0000] {processor.py:842} WARNING - No viable dags retrieved from /opt/airflow/dags/first_dag.py
[2025-11-05T18:41:13.972+0000] {processor.py:183} INFO - Processing /opt/airflow/dags/first_dag.py took 0.118 seconds
[2025-11-05T18:41:35.256+0000] {processor.py:161} INFO - Started process (PID=687) to work on /opt/airflow/dags/first_dag.py
[2025-11-05T18:41:35.260+0000] {processor.py:830} INFO - Processing file /opt/airflow/dags/first_dag.py for tasks to queue
[2025-11-05T18:41:35.262+0000] {logging_mixin.py:188} INFO - [2025-11-05T18:41:35.262+0000] {dagbag.py:538} INFO - Filling up the DagBag from /opt/airflow/dags/first_dag.py
[2025-11-05T18:41:35.328+0000] {logging_mixin.py:188} INFO - [2025-11-05T18:41:35.322+0000] {dagbag.py:348} ERROR - Failed to import: /opt/airflow/dags/first_dag.py
Traceback (most recent call last):
  File "/home/airflow/.local/lib/python3.8/site-packages/airflow/models/dagbag.py", line 344, in parse
    loader.exec_module(new_module)
  File "<frozen importlib._bootstrap_external>", line 843, in exec_module
  File "<frozen importlib._bootstrap>", line 219, in _call_with_frames_removed
  File "/opt/airflow/dags/first_dag.py", line 34, in <module>
    task1 >> task2 >> task3
NameError: name 'task3' is not defined
[2025-11-05T18:41:35.330+0000] {processor.py:842} WARNING - No viable dags retrieved from /opt/airflow/dags/first_dag.py
[2025-11-05T18:41:35.372+0000] {processor.py:183} INFO - Processing /opt/airflow/dags/first_dag.py took 0.124 seconds
[2025-11-05T18:41:42.444+0000] {processor.py:161} INFO - Started process (PID=688) to work on /opt/airflow/dags/first_dag.py
[2025-11-05T18:41:42.446+0000] {processor.py:830} INFO - Processing file /opt/airflow/dags/first_dag.py for tasks to queue
[2025-11-05T18:41:42.449+0000] {logging_mixin.py:188} INFO - [2025-11-05T18:41:42.448+0000] {dagbag.py:538} INFO - Filling up the DagBag from /opt/airflow/dags/first_dag.py
[2025-11-05T18:41:42.529+0000] {processor.py:840} INFO - DAG(s) 'first_dag_v3' retrieved from /opt/airflow/dags/first_dag.py
[2025-11-05T18:41:42.794+0000] {logging_mixin.py:188} INFO - [2025-11-05T18:41:42.792+0000] {override.py:1769} INFO - Created Permission View: can delete on DAG:first_dag_v3
[2025-11-05T18:41:42.828+0000] {logging_mixin.py:188} INFO - [2025-11-05T18:41:42.827+0000] {override.py:1769} INFO - Created Permission View: can read on DAG:first_dag_v3
[2025-11-05T18:41:42.847+0000] {logging_mixin.py:188} INFO - [2025-11-05T18:41:42.846+0000] {override.py:1769} INFO - Created Permission View: can edit on DAG:first_dag_v3
[2025-11-05T18:41:42.849+0000] {logging_mixin.py:188} INFO - [2025-11-05T18:41:42.848+0000] {dag.py:3036} INFO - Sync 1 DAGs
[2025-11-05T18:41:42.904+0000] {logging_mixin.py:188} INFO - [2025-11-05T18:41:42.903+0000] {dag.py:3058} INFO - Creating ORM DAG for first_dag_v3
[2025-11-05T18:41:42.967+0000] {logging_mixin.py:188} INFO - [2025-11-05T18:41:42.966+0000] {dag.py:3823} INFO - Setting next_dagrun for first_dag_v3 to 2024-01-01 00:00:00+00:00, run_after=2024-01-02 00:00:00+00:00
[2025-11-05T18:41:43.084+0000] {processor.py:183} INFO - Processing /opt/airflow/dags/first_dag.py took 0.651 seconds
[2025-11-05T18:42:13.614+0000] {processor.py:161} INFO - Started process (PID=695) to work on /opt/airflow/dags/first_dag.py
[2025-11-05T18:42:13.617+0000] {processor.py:830} INFO - Processing file /opt/airflow/dags/first_dag.py for tasks to queue
[2025-11-05T18:42:13.623+0000] {logging_mixin.py:188} INFO - [2025-11-05T18:42:13.622+0000] {dagbag.py:538} INFO - Filling up the DagBag from /opt/airflow/dags/first_dag.py
[2025-11-05T18:42:13.733+0000] {processor.py:840} INFO - DAG(s) 'first_dag_v3' retrieved from /opt/airflow/dags/first_dag.py
[2025-11-05T18:42:13.932+0000] {logging_mixin.py:188} INFO - [2025-11-05T18:42:13.929+0000] {dag.py:3036} INFO - Sync 1 DAGs
[2025-11-05T18:42:14.090+0000] {logging_mixin.py:188} INFO - [2025-11-05T18:42:14.089+0000] {dag.py:3823} INFO - Setting next_dagrun for first_dag_v3 to 2024-01-01 00:00:00+00:00, run_after=2024-01-02 00:00:00+00:00
[2025-11-05T18:42:14.263+0000] {processor.py:183} INFO - Processing /opt/airflow/dags/first_dag.py took 0.667 seconds
[2025-11-05T18:42:44.839+0000] {processor.py:161} INFO - Started process (PID=703) to work on /opt/airflow/dags/first_dag.py
[2025-11-05T18:42:44.841+0000] {processor.py:830} INFO - Processing file /opt/airflow/dags/first_dag.py for tasks to queue
[2025-11-05T18:42:44.844+0000] {logging_mixin.py:188} INFO - [2025-11-05T18:42:44.843+0000] {dagbag.py:538} INFO - Filling up the DagBag from /opt/airflow/dags/first_dag.py
[2025-11-05T18:42:44.909+0000] {processor.py:840} INFO - DAG(s) 'first_dag_v3' retrieved from /opt/airflow/dags/first_dag.py
[2025-11-05T18:42:44.965+0000] {logging_mixin.py:188} INFO - [2025-11-05T18:42:44.964+0000] {dag.py:3036} INFO - Sync 1 DAGs
[2025-11-05T18:42:45.020+0000] {logging_mixin.py:188} INFO - [2025-11-05T18:42:45.019+0000] {dag.py:3823} INFO - Setting next_dagrun for first_dag_v3 to 2024-01-01 00:00:00+00:00, run_after=2024-01-02 00:00:00+00:00
[2025-11-05T18:42:45.066+0000] {processor.py:183} INFO - Processing /opt/airflow/dags/first_dag.py took 0.236 seconds
[2025-11-05T18:43:15.389+0000] {processor.py:161} INFO - Started process (PID=711) to work on /opt/airflow/dags/first_dag.py
[2025-11-05T18:43:15.392+0000] {processor.py:830} INFO - Processing file /opt/airflow/dags/first_dag.py for tasks to queue
[2025-11-05T18:43:15.394+0000] {logging_mixin.py:188} INFO - [2025-11-05T18:43:15.393+0000] {dagbag.py:538} INFO - Filling up the DagBag from /opt/airflow/dags/first_dag.py
[2025-11-05T18:43:15.452+0000] {processor.py:840} INFO - DAG(s) 'first_dag_v3' retrieved from /opt/airflow/dags/first_dag.py
[2025-11-05T18:43:15.511+0000] {logging_mixin.py:188} INFO - [2025-11-05T18:43:15.511+0000] {dag.py:3036} INFO - Sync 1 DAGs
[2025-11-05T18:43:15.557+0000] {logging_mixin.py:188} INFO - [2025-11-05T18:43:15.556+0000] {dag.py:3823} INFO - Setting next_dagrun for first_dag_v3 to 2024-01-01 00:00:00+00:00, run_after=2024-01-02 00:00:00+00:00
[2025-11-05T18:43:15.597+0000] {processor.py:183} INFO - Processing /opt/airflow/dags/first_dag.py took 0.217 seconds
[2025-11-05T18:43:46.227+0000] {processor.py:161} INFO - Started process (PID=718) to work on /opt/airflow/dags/first_dag.py
[2025-11-05T18:43:46.231+0000] {processor.py:830} INFO - Processing file /opt/airflow/dags/first_dag.py for tasks to queue
[2025-11-05T18:43:46.236+0000] {logging_mixin.py:188} INFO - [2025-11-05T18:43:46.235+0000] {dagbag.py:538} INFO - Filling up the DagBag from /opt/airflow/dags/first_dag.py
[2025-11-05T18:43:46.339+0000] {processor.py:840} INFO - DAG(s) 'first_dag_v3' retrieved from /opt/airflow/dags/first_dag.py
[2025-11-05T18:43:46.532+0000] {logging_mixin.py:188} INFO - [2025-11-05T18:43:46.531+0000] {dag.py:3036} INFO - Sync 1 DAGs
[2025-11-05T18:43:46.636+0000] {logging_mixin.py:188} INFO - [2025-11-05T18:43:46.636+0000] {dag.py:3823} INFO - Setting next_dagrun for first_dag_v3 to 2024-01-01 00:00:00+00:00, run_after=2024-01-02 00:00:00+00:00
[2025-11-05T18:43:46.679+0000] {processor.py:183} INFO - Processing /opt/airflow/dags/first_dag.py took 0.473 seconds
[2025-11-05T18:44:16.795+0000] {processor.py:161} INFO - Started process (PID=725) to work on /opt/airflow/dags/first_dag.py
[2025-11-05T18:44:16.801+0000] {processor.py:830} INFO - Processing file /opt/airflow/dags/first_dag.py for tasks to queue
[2025-11-05T18:44:16.804+0000] {logging_mixin.py:188} INFO - [2025-11-05T18:44:16.803+0000] {dagbag.py:538} INFO - Filling up the DagBag from /opt/airflow/dags/first_dag.py
[2025-11-05T18:44:16.874+0000] {processor.py:840} INFO - DAG(s) 'first_dag_v3' retrieved from /opt/airflow/dags/first_dag.py
[2025-11-05T18:44:16.942+0000] {logging_mixin.py:188} INFO - [2025-11-05T18:44:16.941+0000] {dag.py:3036} INFO - Sync 1 DAGs
[2025-11-05T18:44:17.005+0000] {logging_mixin.py:188} INFO - [2025-11-05T18:44:17.005+0000] {dag.py:3823} INFO - Setting next_dagrun for first_dag_v3 to 2024-01-01 00:00:00+00:00, run_after=2024-01-02 00:00:00+00:00
[2025-11-05T18:44:17.057+0000] {processor.py:183} INFO - Processing /opt/airflow/dags/first_dag.py took 0.273 seconds
[2025-11-05T18:44:47.192+0000] {processor.py:161} INFO - Started process (PID=732) to work on /opt/airflow/dags/first_dag.py
[2025-11-05T18:44:47.195+0000] {processor.py:830} INFO - Processing file /opt/airflow/dags/first_dag.py for tasks to queue
[2025-11-05T18:44:47.198+0000] {logging_mixin.py:188} INFO - [2025-11-05T18:44:47.197+0000] {dagbag.py:538} INFO - Filling up the DagBag from /opt/airflow/dags/first_dag.py
[2025-11-05T18:44:47.255+0000] {processor.py:840} INFO - DAG(s) 'first_dag_v3' retrieved from /opt/airflow/dags/first_dag.py
[2025-11-05T18:44:47.313+0000] {logging_mixin.py:188} INFO - [2025-11-05T18:44:47.313+0000] {dag.py:3036} INFO - Sync 1 DAGs
[2025-11-05T18:44:47.356+0000] {logging_mixin.py:188} INFO - [2025-11-05T18:44:47.355+0000] {dag.py:3823} INFO - Setting next_dagrun for first_dag_v3 to 2024-01-01 00:00:00+00:00, run_after=2024-01-02 00:00:00+00:00
[2025-11-05T18:44:47.395+0000] {processor.py:183} INFO - Processing /opt/airflow/dags/first_dag.py took 0.211 seconds
[2025-11-05T18:45:17.565+0000] {processor.py:161} INFO - Started process (PID=740) to work on /opt/airflow/dags/first_dag.py
[2025-11-05T18:45:17.568+0000] {processor.py:830} INFO - Processing file /opt/airflow/dags/first_dag.py for tasks to queue
[2025-11-05T18:45:17.571+0000] {logging_mixin.py:188} INFO - [2025-11-05T18:45:17.570+0000] {dagbag.py:538} INFO - Filling up the DagBag from /opt/airflow/dags/first_dag.py
[2025-11-05T18:45:17.627+0000] {processor.py:840} INFO - DAG(s) 'first_dag_v3' retrieved from /opt/airflow/dags/first_dag.py
[2025-11-05T18:45:17.682+0000] {logging_mixin.py:188} INFO - [2025-11-05T18:45:17.682+0000] {dag.py:3036} INFO - Sync 1 DAGs
[2025-11-05T18:45:17.726+0000] {logging_mixin.py:188} INFO - [2025-11-05T18:45:17.726+0000] {dag.py:3823} INFO - Setting next_dagrun for first_dag_v3 to 2024-01-01 00:00:00+00:00, run_after=2024-01-02 00:00:00+00:00
[2025-11-05T18:45:17.767+0000] {processor.py:183} INFO - Processing /opt/airflow/dags/first_dag.py took 0.210 seconds
[2025-11-05T18:45:48.033+0000] {processor.py:161} INFO - Started process (PID=748) to work on /opt/airflow/dags/first_dag.py
[2025-11-05T18:45:48.036+0000] {processor.py:830} INFO - Processing file /opt/airflow/dags/first_dag.py for tasks to queue
[2025-11-05T18:45:48.038+0000] {logging_mixin.py:188} INFO - [2025-11-05T18:45:48.038+0000] {dagbag.py:538} INFO - Filling up the DagBag from /opt/airflow/dags/first_dag.py
[2025-11-05T18:45:48.096+0000] {processor.py:840} INFO - DAG(s) 'first_dag_v3' retrieved from /opt/airflow/dags/first_dag.py
[2025-11-05T18:45:48.152+0000] {logging_mixin.py:188} INFO - [2025-11-05T18:45:48.152+0000] {dag.py:3036} INFO - Sync 1 DAGs
[2025-11-05T18:45:48.204+0000] {logging_mixin.py:188} INFO - [2025-11-05T18:45:48.204+0000] {dag.py:3823} INFO - Setting next_dagrun for first_dag_v3 to 2024-01-01 00:00:00+00:00, run_after=2024-01-02 00:00:00+00:00
[2025-11-05T18:45:48.250+0000] {processor.py:183} INFO - Processing /opt/airflow/dags/first_dag.py took 0.225 seconds
[2025-11-05T18:46:18.665+0000] {processor.py:161} INFO - Started process (PID=755) to work on /opt/airflow/dags/first_dag.py
[2025-11-05T18:46:18.669+0000] {processor.py:830} INFO - Processing file /opt/airflow/dags/first_dag.py for tasks to queue
[2025-11-05T18:46:18.671+0000] {logging_mixin.py:188} INFO - [2025-11-05T18:46:18.670+0000] {dagbag.py:538} INFO - Filling up the DagBag from /opt/airflow/dags/first_dag.py
[2025-11-05T18:46:18.722+0000] {processor.py:840} INFO - DAG(s) 'first_dag_v3' retrieved from /opt/airflow/dags/first_dag.py
[2025-11-05T18:46:18.774+0000] {logging_mixin.py:188} INFO - [2025-11-05T18:46:18.774+0000] {dag.py:3036} INFO - Sync 1 DAGs
[2025-11-05T18:46:18.836+0000] {logging_mixin.py:188} INFO - [2025-11-05T18:46:18.836+0000] {dag.py:3823} INFO - Setting next_dagrun for first_dag_v3 to 2024-01-01 00:00:00+00:00, run_after=2024-01-02 00:00:00+00:00
[2025-11-05T18:46:18.878+0000] {processor.py:183} INFO - Processing /opt/airflow/dags/first_dag.py took 0.221 seconds
[2025-11-05T18:46:49.145+0000] {processor.py:161} INFO - Started process (PID=762) to work on /opt/airflow/dags/first_dag.py
[2025-11-05T18:46:49.149+0000] {processor.py:830} INFO - Processing file /opt/airflow/dags/first_dag.py for tasks to queue
[2025-11-05T18:46:49.152+0000] {logging_mixin.py:188} INFO - [2025-11-05T18:46:49.151+0000] {dagbag.py:538} INFO - Filling up the DagBag from /opt/airflow/dags/first_dag.py
[2025-11-05T18:46:49.206+0000] {processor.py:840} INFO - DAG(s) 'first_dag_v3' retrieved from /opt/airflow/dags/first_dag.py
[2025-11-05T18:46:49.269+0000] {logging_mixin.py:188} INFO - [2025-11-05T18:46:49.269+0000] {dag.py:3036} INFO - Sync 1 DAGs
[2025-11-05T18:46:49.320+0000] {logging_mixin.py:188} INFO - [2025-11-05T18:46:49.319+0000] {dag.py:3823} INFO - Setting next_dagrun for first_dag_v3 to 2024-01-01 00:00:00+00:00, run_after=2024-01-02 00:00:00+00:00
[2025-11-05T18:46:49.373+0000] {processor.py:183} INFO - Processing /opt/airflow/dags/first_dag.py took 0.236 seconds
[2025-11-05T18:47:19.575+0000] {processor.py:161} INFO - Started process (PID=769) to work on /opt/airflow/dags/first_dag.py
[2025-11-05T18:47:19.578+0000] {processor.py:830} INFO - Processing file /opt/airflow/dags/first_dag.py for tasks to queue
[2025-11-05T18:47:19.581+0000] {logging_mixin.py:188} INFO - [2025-11-05T18:47:19.580+0000] {dagbag.py:538} INFO - Filling up the DagBag from /opt/airflow/dags/first_dag.py
[2025-11-05T18:47:19.636+0000] {processor.py:840} INFO - DAG(s) 'first_dag_v3' retrieved from /opt/airflow/dags/first_dag.py
[2025-11-05T18:47:19.713+0000] {logging_mixin.py:188} INFO - [2025-11-05T18:47:19.712+0000] {dag.py:3036} INFO - Sync 1 DAGs
[2025-11-05T18:47:19.805+0000] {logging_mixin.py:188} INFO - [2025-11-05T18:47:19.804+0000] {dag.py:3823} INFO - Setting next_dagrun for first_dag_v3 to 2024-01-01 00:00:00+00:00, run_after=2024-01-02 00:00:00+00:00
[2025-11-05T18:47:19.904+0000] {processor.py:183} INFO - Processing /opt/airflow/dags/first_dag.py took 0.339 seconds
[2025-11-05T18:47:50.349+0000] {processor.py:161} INFO - Started process (PID=776) to work on /opt/airflow/dags/first_dag.py
[2025-11-05T18:47:50.354+0000] {processor.py:830} INFO - Processing file /opt/airflow/dags/first_dag.py for tasks to queue
[2025-11-05T18:47:50.357+0000] {logging_mixin.py:188} INFO - [2025-11-05T18:47:50.356+0000] {dagbag.py:538} INFO - Filling up the DagBag from /opt/airflow/dags/first_dag.py
[2025-11-05T18:47:50.524+0000] {processor.py:840} INFO - DAG(s) 'first_dag_v3' retrieved from /opt/airflow/dags/first_dag.py
[2025-11-05T18:47:50.615+0000] {logging_mixin.py:188} INFO - [2025-11-05T18:47:50.615+0000] {dag.py:3036} INFO - Sync 1 DAGs
[2025-11-05T18:47:50.670+0000] {logging_mixin.py:188} INFO - [2025-11-05T18:47:50.670+0000] {dag.py:3823} INFO - Setting next_dagrun for first_dag_v3 to 2024-01-01 00:00:00+00:00, run_after=2024-01-02 00:00:00+00:00
[2025-11-05T18:47:50.712+0000] {processor.py:183} INFO - Processing /opt/airflow/dags/first_dag.py took 0.379 seconds
[2025-11-05T18:48:20.999+0000] {processor.py:161} INFO - Started process (PID=784) to work on /opt/airflow/dags/first_dag.py
[2025-11-05T18:48:21.002+0000] {processor.py:830} INFO - Processing file /opt/airflow/dags/first_dag.py for tasks to queue
[2025-11-05T18:48:21.004+0000] {logging_mixin.py:188} INFO - [2025-11-05T18:48:21.004+0000] {dagbag.py:538} INFO - Filling up the DagBag from /opt/airflow/dags/first_dag.py
[2025-11-05T18:48:21.061+0000] {processor.py:840} INFO - DAG(s) 'first_dag_v3' retrieved from /opt/airflow/dags/first_dag.py
[2025-11-05T18:48:21.120+0000] {logging_mixin.py:188} INFO - [2025-11-05T18:48:21.119+0000] {dag.py:3036} INFO - Sync 1 DAGs
[2025-11-05T18:48:21.164+0000] {logging_mixin.py:188} INFO - [2025-11-05T18:48:21.164+0000] {dag.py:3823} INFO - Setting next_dagrun for first_dag_v3 to 2024-01-01 00:00:00+00:00, run_after=2024-01-02 00:00:00+00:00
[2025-11-05T18:48:21.210+0000] {processor.py:183} INFO - Processing /opt/airflow/dags/first_dag.py took 0.219 seconds
[2025-11-05T18:48:51.697+0000] {processor.py:161} INFO - Started process (PID=791) to work on /opt/airflow/dags/first_dag.py
[2025-11-05T18:48:51.700+0000] {processor.py:830} INFO - Processing file /opt/airflow/dags/first_dag.py for tasks to queue
[2025-11-05T18:48:51.702+0000] {logging_mixin.py:188} INFO - [2025-11-05T18:48:51.702+0000] {dagbag.py:538} INFO - Filling up the DagBag from /opt/airflow/dags/first_dag.py
[2025-11-05T18:48:51.757+0000] {processor.py:840} INFO - DAG(s) 'first_dag_v3' retrieved from /opt/airflow/dags/first_dag.py
[2025-11-05T18:48:51.812+0000] {logging_mixin.py:188} INFO - [2025-11-05T18:48:51.811+0000] {dag.py:3036} INFO - Sync 1 DAGs
[2025-11-05T18:48:51.854+0000] {logging_mixin.py:188} INFO - [2025-11-05T18:48:51.854+0000] {dag.py:3823} INFO - Setting next_dagrun for first_dag_v3 to 2024-01-01 00:00:00+00:00, run_after=2024-01-02 00:00:00+00:00
[2025-11-05T18:48:51.893+0000] {processor.py:183} INFO - Processing /opt/airflow/dags/first_dag.py took 0.203 seconds
[2025-11-05T18:49:22.134+0000] {processor.py:161} INFO - Started process (PID=798) to work on /opt/airflow/dags/first_dag.py
[2025-11-05T18:49:22.136+0000] {processor.py:830} INFO - Processing file /opt/airflow/dags/first_dag.py for tasks to queue
[2025-11-05T18:49:22.139+0000] {logging_mixin.py:188} INFO - [2025-11-05T18:49:22.138+0000] {dagbag.py:538} INFO - Filling up the DagBag from /opt/airflow/dags/first_dag.py
[2025-11-05T18:49:22.205+0000] {processor.py:840} INFO - DAG(s) 'first_dag_v3' retrieved from /opt/airflow/dags/first_dag.py
[2025-11-05T18:49:22.263+0000] {logging_mixin.py:188} INFO - [2025-11-05T18:49:22.263+0000] {dag.py:3036} INFO - Sync 1 DAGs
[2025-11-05T18:49:22.310+0000] {logging_mixin.py:188} INFO - [2025-11-05T18:49:22.310+0000] {dag.py:3823} INFO - Setting next_dagrun for first_dag_v3 to 2024-01-01 00:00:00+00:00, run_after=2024-01-02 00:00:00+00:00
[2025-11-05T18:49:22.353+0000] {processor.py:183} INFO - Processing /opt/airflow/dags/first_dag.py took 0.228 seconds
[2025-11-05T18:49:52.508+0000] {processor.py:161} INFO - Started process (PID=805) to work on /opt/airflow/dags/first_dag.py
[2025-11-05T18:49:52.512+0000] {processor.py:830} INFO - Processing file /opt/airflow/dags/first_dag.py for tasks to queue
[2025-11-05T18:49:52.514+0000] {logging_mixin.py:188} INFO - [2025-11-05T18:49:52.513+0000] {dagbag.py:538} INFO - Filling up the DagBag from /opt/airflow/dags/first_dag.py
[2025-11-05T18:49:52.567+0000] {processor.py:840} INFO - DAG(s) 'first_dag_v3' retrieved from /opt/airflow/dags/first_dag.py
[2025-11-05T18:49:52.621+0000] {logging_mixin.py:188} INFO - [2025-11-05T18:49:52.621+0000] {dag.py:3036} INFO - Sync 1 DAGs
[2025-11-05T18:49:52.667+0000] {logging_mixin.py:188} INFO - [2025-11-05T18:49:52.667+0000] {dag.py:3823} INFO - Setting next_dagrun for first_dag_v3 to 2024-01-01 00:00:00+00:00, run_after=2024-01-02 00:00:00+00:00
[2025-11-05T18:49:52.708+0000] {processor.py:183} INFO - Processing /opt/airflow/dags/first_dag.py took 0.210 seconds
[2025-11-05T18:50:22.971+0000] {processor.py:161} INFO - Started process (PID=812) to work on /opt/airflow/dags/first_dag.py
[2025-11-05T18:50:22.974+0000] {processor.py:830} INFO - Processing file /opt/airflow/dags/first_dag.py for tasks to queue
[2025-11-05T18:50:22.978+0000] {logging_mixin.py:188} INFO - [2025-11-05T18:50:22.977+0000] {dagbag.py:538} INFO - Filling up the DagBag from /opt/airflow/dags/first_dag.py
[2025-11-05T18:50:23.042+0000] {processor.py:840} INFO - DAG(s) 'first_dag_v3' retrieved from /opt/airflow/dags/first_dag.py
[2025-11-05T18:50:23.163+0000] {logging_mixin.py:188} INFO - [2025-11-05T18:50:23.162+0000] {dag.py:3036} INFO - Sync 1 DAGs
[2025-11-05T18:50:23.237+0000] {logging_mixin.py:188} INFO - [2025-11-05T18:50:23.236+0000] {dag.py:3823} INFO - Setting next_dagrun for first_dag_v3 to 2024-01-01 00:00:00+00:00, run_after=2024-01-02 00:00:00+00:00
[2025-11-05T18:50:23.287+0000] {processor.py:183} INFO - Processing /opt/airflow/dags/first_dag.py took 0.329 seconds
[2025-11-05T18:50:53.770+0000] {processor.py:161} INFO - Started process (PID=819) to work on /opt/airflow/dags/first_dag.py
[2025-11-05T18:50:53.774+0000] {processor.py:830} INFO - Processing file /opt/airflow/dags/first_dag.py for tasks to queue
[2025-11-05T18:50:53.777+0000] {logging_mixin.py:188} INFO - [2025-11-05T18:50:53.776+0000] {dagbag.py:538} INFO - Filling up the DagBag from /opt/airflow/dags/first_dag.py
[2025-11-05T18:50:53.846+0000] {processor.py:840} INFO - DAG(s) 'first_dag_v3' retrieved from /opt/airflow/dags/first_dag.py
[2025-11-05T18:50:53.929+0000] {logging_mixin.py:188} INFO - [2025-11-05T18:50:53.929+0000] {dag.py:3036} INFO - Sync 1 DAGs
[2025-11-05T18:50:54.067+0000] {logging_mixin.py:188} INFO - [2025-11-05T18:50:54.066+0000] {dag.py:3823} INFO - Setting next_dagrun for first_dag_v3 to 2024-01-01 00:00:00+00:00, run_after=2024-01-02 00:00:00+00:00
[2025-11-05T18:50:54.123+0000] {processor.py:183} INFO - Processing /opt/airflow/dags/first_dag.py took 0.365 seconds
[2025-11-05T18:51:24.320+0000] {processor.py:161} INFO - Started process (PID=825) to work on /opt/airflow/dags/first_dag.py
[2025-11-05T18:51:24.322+0000] {processor.py:830} INFO - Processing file /opt/airflow/dags/first_dag.py for tasks to queue
[2025-11-05T18:51:24.325+0000] {logging_mixin.py:188} INFO - [2025-11-05T18:51:24.324+0000] {dagbag.py:538} INFO - Filling up the DagBag from /opt/airflow/dags/first_dag.py
[2025-11-05T18:51:24.378+0000] {processor.py:840} INFO - DAG(s) 'first_dag_v3' retrieved from /opt/airflow/dags/first_dag.py
[2025-11-05T18:51:24.436+0000] {logging_mixin.py:188} INFO - [2025-11-05T18:51:24.436+0000] {dag.py:3036} INFO - Sync 1 DAGs
[2025-11-05T18:51:24.480+0000] {logging_mixin.py:188} INFO - [2025-11-05T18:51:24.479+0000] {dag.py:3823} INFO - Setting next_dagrun for first_dag_v3 to 2024-01-01 00:00:00+00:00, run_after=2024-01-02 00:00:00+00:00
[2025-11-05T18:51:24.522+0000] {processor.py:183} INFO - Processing /opt/airflow/dags/first_dag.py took 0.211 seconds
[2025-11-05T18:51:54.752+0000] {processor.py:161} INFO - Started process (PID=832) to work on /opt/airflow/dags/first_dag.py
[2025-11-05T18:51:54.756+0000] {processor.py:830} INFO - Processing file /opt/airflow/dags/first_dag.py for tasks to queue
[2025-11-05T18:51:54.759+0000] {logging_mixin.py:188} INFO - [2025-11-05T18:51:54.758+0000] {dagbag.py:538} INFO - Filling up the DagBag from /opt/airflow/dags/first_dag.py
[2025-11-05T18:51:54.821+0000] {processor.py:840} INFO - DAG(s) 'first_dag_v3' retrieved from /opt/airflow/dags/first_dag.py
[2025-11-05T18:51:54.879+0000] {logging_mixin.py:188} INFO - [2025-11-05T18:51:54.878+0000] {dag.py:3036} INFO - Sync 1 DAGs
[2025-11-05T18:51:54.922+0000] {logging_mixin.py:188} INFO - [2025-11-05T18:51:54.921+0000] {dag.py:3823} INFO - Setting next_dagrun for first_dag_v3 to 2024-01-01 00:00:00+00:00, run_after=2024-01-02 00:00:00+00:00
[2025-11-05T18:51:54.965+0000] {processor.py:183} INFO - Processing /opt/airflow/dags/first_dag.py took 0.223 seconds
[2025-11-05T18:52:25.466+0000] {processor.py:161} INFO - Started process (PID=840) to work on /opt/airflow/dags/first_dag.py
[2025-11-05T18:52:25.468+0000] {processor.py:830} INFO - Processing file /opt/airflow/dags/first_dag.py for tasks to queue
[2025-11-05T18:52:25.471+0000] {logging_mixin.py:188} INFO - [2025-11-05T18:52:25.470+0000] {dagbag.py:538} INFO - Filling up the DagBag from /opt/airflow/dags/first_dag.py
[2025-11-05T18:52:25.526+0000] {processor.py:840} INFO - DAG(s) 'first_dag_v3' retrieved from /opt/airflow/dags/first_dag.py
[2025-11-05T18:52:25.579+0000] {logging_mixin.py:188} INFO - [2025-11-05T18:52:25.579+0000] {dag.py:3036} INFO - Sync 1 DAGs
[2025-11-05T18:52:25.622+0000] {logging_mixin.py:188} INFO - [2025-11-05T18:52:25.622+0000] {dag.py:3823} INFO - Setting next_dagrun for first_dag_v3 to 2024-01-01 00:00:00+00:00, run_after=2024-01-02 00:00:00+00:00
[2025-11-05T18:52:25.670+0000] {processor.py:183} INFO - Processing /opt/airflow/dags/first_dag.py took 0.211 seconds
[2025-11-05T18:52:56.022+0000] {processor.py:161} INFO - Started process (PID=847) to work on /opt/airflow/dags/first_dag.py
[2025-11-05T18:52:56.024+0000] {processor.py:830} INFO - Processing file /opt/airflow/dags/first_dag.py for tasks to queue
[2025-11-05T18:52:56.027+0000] {logging_mixin.py:188} INFO - [2025-11-05T18:52:56.026+0000] {dagbag.py:538} INFO - Filling up the DagBag from /opt/airflow/dags/first_dag.py
[2025-11-05T18:52:56.083+0000] {processor.py:840} INFO - DAG(s) 'first_dag_v3' retrieved from /opt/airflow/dags/first_dag.py
[2025-11-05T18:52:56.140+0000] {logging_mixin.py:188} INFO - [2025-11-05T18:52:56.139+0000] {dag.py:3036} INFO - Sync 1 DAGs
[2025-11-05T18:52:56.186+0000] {logging_mixin.py:188} INFO - [2025-11-05T18:52:56.185+0000] {dag.py:3823} INFO - Setting next_dagrun for first_dag_v3 to 2024-01-01 00:00:00+00:00, run_after=2024-01-02 00:00:00+00:00
[2025-11-05T18:52:56.232+0000] {processor.py:183} INFO - Processing /opt/airflow/dags/first_dag.py took 0.218 seconds
[2025-11-05T18:53:26.620+0000] {processor.py:161} INFO - Started process (PID=854) to work on /opt/airflow/dags/first_dag.py
[2025-11-05T18:53:26.623+0000] {processor.py:830} INFO - Processing file /opt/airflow/dags/first_dag.py for tasks to queue
[2025-11-05T18:53:26.625+0000] {logging_mixin.py:188} INFO - [2025-11-05T18:53:26.625+0000] {dagbag.py:538} INFO - Filling up the DagBag from /opt/airflow/dags/first_dag.py
[2025-11-05T18:53:26.682+0000] {processor.py:840} INFO - DAG(s) 'first_dag_v3' retrieved from /opt/airflow/dags/first_dag.py
[2025-11-05T18:53:26.737+0000] {logging_mixin.py:188} INFO - [2025-11-05T18:53:26.736+0000] {dag.py:3036} INFO - Sync 1 DAGs
[2025-11-05T18:53:26.796+0000] {logging_mixin.py:188} INFO - [2025-11-05T18:53:26.795+0000] {dag.py:3823} INFO - Setting next_dagrun for first_dag_v3 to 2024-01-01 00:00:00+00:00, run_after=2024-01-02 00:00:00+00:00
[2025-11-05T18:53:26.841+0000] {processor.py:183} INFO - Processing /opt/airflow/dags/first_dag.py took 0.229 seconds
[2025-11-05T18:53:57.247+0000] {processor.py:161} INFO - Started process (PID=861) to work on /opt/airflow/dags/first_dag.py
[2025-11-05T18:53:57.249+0000] {processor.py:830} INFO - Processing file /opt/airflow/dags/first_dag.py for tasks to queue
[2025-11-05T18:53:57.252+0000] {logging_mixin.py:188} INFO - [2025-11-05T18:53:57.251+0000] {dagbag.py:538} INFO - Filling up the DagBag from /opt/airflow/dags/first_dag.py
[2025-11-05T18:53:57.307+0000] {processor.py:840} INFO - DAG(s) 'first_dag_v3' retrieved from /opt/airflow/dags/first_dag.py
[2025-11-05T18:53:57.384+0000] {logging_mixin.py:188} INFO - [2025-11-05T18:53:57.384+0000] {dag.py:3036} INFO - Sync 1 DAGs
[2025-11-05T18:53:57.436+0000] {logging_mixin.py:188} INFO - [2025-11-05T18:53:57.436+0000] {dag.py:3823} INFO - Setting next_dagrun for first_dag_v3 to 2024-01-01 00:00:00+00:00, run_after=2024-01-02 00:00:00+00:00
[2025-11-05T18:53:57.484+0000] {processor.py:183} INFO - Processing /opt/airflow/dags/first_dag.py took 0.244 seconds
[2025-11-05T18:54:27.750+0000] {processor.py:161} INFO - Started process (PID=869) to work on /opt/airflow/dags/first_dag.py
[2025-11-05T18:54:27.754+0000] {processor.py:830} INFO - Processing file /opt/airflow/dags/first_dag.py for tasks to queue
[2025-11-05T18:54:27.758+0000] {logging_mixin.py:188} INFO - [2025-11-05T18:54:27.757+0000] {dagbag.py:538} INFO - Filling up the DagBag from /opt/airflow/dags/first_dag.py
[2025-11-05T18:54:27.828+0000] {processor.py:840} INFO - DAG(s) 'first_dag_v3' retrieved from /opt/airflow/dags/first_dag.py
[2025-11-05T18:54:27.908+0000] {logging_mixin.py:188} INFO - [2025-11-05T18:54:27.907+0000] {dag.py:3036} INFO - Sync 1 DAGs
[2025-11-05T18:54:27.995+0000] {logging_mixin.py:188} INFO - [2025-11-05T18:54:27.995+0000] {dag.py:3823} INFO - Setting next_dagrun for first_dag_v3 to 2024-01-01 00:00:00+00:00, run_after=2024-01-02 00:00:00+00:00
[2025-11-05T18:54:28.071+0000] {processor.py:183} INFO - Processing /opt/airflow/dags/first_dag.py took 0.335 seconds
[2025-11-05T18:54:58.449+0000] {processor.py:161} INFO - Started process (PID=876) to work on /opt/airflow/dags/first_dag.py
[2025-11-05T18:54:58.452+0000] {processor.py:830} INFO - Processing file /opt/airflow/dags/first_dag.py for tasks to queue
[2025-11-05T18:54:58.456+0000] {logging_mixin.py:188} INFO - [2025-11-05T18:54:58.455+0000] {dagbag.py:538} INFO - Filling up the DagBag from /opt/airflow/dags/first_dag.py
[2025-11-05T18:54:58.511+0000] {processor.py:840} INFO - DAG(s) 'first_dag_v3' retrieved from /opt/airflow/dags/first_dag.py
[2025-11-05T18:54:58.575+0000] {logging_mixin.py:188} INFO - [2025-11-05T18:54:58.574+0000] {dag.py:3036} INFO - Sync 1 DAGs
[2025-11-05T18:54:58.626+0000] {logging_mixin.py:188} INFO - [2025-11-05T18:54:58.625+0000] {dag.py:3823} INFO - Setting next_dagrun for first_dag_v3 to 2024-01-01 00:00:00+00:00, run_after=2024-01-02 00:00:00+00:00
[2025-11-05T18:54:58.667+0000] {processor.py:183} INFO - Processing /opt/airflow/dags/first_dag.py took 0.226 seconds
[2025-11-05T18:55:29.012+0000] {processor.py:161} INFO - Started process (PID=884) to work on /opt/airflow/dags/first_dag.py
[2025-11-05T18:55:29.014+0000] {processor.py:830} INFO - Processing file /opt/airflow/dags/first_dag.py for tasks to queue
[2025-11-05T18:55:29.019+0000] {logging_mixin.py:188} INFO - [2025-11-05T18:55:29.018+0000] {dagbag.py:538} INFO - Filling up the DagBag from /opt/airflow/dags/first_dag.py
[2025-11-05T18:55:29.076+0000] {processor.py:840} INFO - DAG(s) 'first_dag_v3' retrieved from /opt/airflow/dags/first_dag.py
[2025-11-05T18:55:29.145+0000] {logging_mixin.py:188} INFO - [2025-11-05T18:55:29.145+0000] {dag.py:3036} INFO - Sync 1 DAGs
[2025-11-05T18:55:29.193+0000] {logging_mixin.py:188} INFO - [2025-11-05T18:55:29.192+0000] {dag.py:3823} INFO - Setting next_dagrun for first_dag_v3 to 2024-01-01 00:00:00+00:00, run_after=2024-01-02 00:00:00+00:00
[2025-11-05T18:55:29.245+0000] {processor.py:183} INFO - Processing /opt/airflow/dags/first_dag.py took 0.243 seconds
[2025-11-05T18:55:59.548+0000] {processor.py:161} INFO - Started process (PID=891) to work on /opt/airflow/dags/first_dag.py
[2025-11-05T18:55:59.551+0000] {processor.py:830} INFO - Processing file /opt/airflow/dags/first_dag.py for tasks to queue
[2025-11-05T18:55:59.554+0000] {logging_mixin.py:188} INFO - [2025-11-05T18:55:59.553+0000] {dagbag.py:538} INFO - Filling up the DagBag from /opt/airflow/dags/first_dag.py
[2025-11-05T18:55:59.607+0000] {processor.py:840} INFO - DAG(s) 'first_dag_v3' retrieved from /opt/airflow/dags/first_dag.py
[2025-11-05T18:55:59.712+0000] {logging_mixin.py:188} INFO - [2025-11-05T18:55:59.712+0000] {dag.py:3036} INFO - Sync 1 DAGs
[2025-11-05T18:55:59.766+0000] {logging_mixin.py:188} INFO - [2025-11-05T18:55:59.765+0000] {dag.py:3823} INFO - Setting next_dagrun for first_dag_v3 to 2024-01-01 00:00:00+00:00, run_after=2024-01-02 00:00:00+00:00
[2025-11-05T18:55:59.807+0000] {processor.py:183} INFO - Processing /opt/airflow/dags/first_dag.py took 0.270 seconds
[2025-11-05T18:56:30.463+0000] {processor.py:161} INFO - Started process (PID=905) to work on /opt/airflow/dags/first_dag.py
[2025-11-05T18:56:30.474+0000] {processor.py:830} INFO - Processing file /opt/airflow/dags/first_dag.py for tasks to queue
[2025-11-05T18:56:30.479+0000] {logging_mixin.py:188} INFO - [2025-11-05T18:56:30.477+0000] {dagbag.py:538} INFO - Filling up the DagBag from /opt/airflow/dags/first_dag.py
[2025-11-05T18:56:30.610+0000] {processor.py:840} INFO - DAG(s) 'first_dag_v3' retrieved from /opt/airflow/dags/first_dag.py
[2025-11-05T18:56:30.747+0000] {logging_mixin.py:188} INFO - [2025-11-05T18:56:30.746+0000] {dag.py:3036} INFO - Sync 1 DAGs
[2025-11-05T18:56:30.824+0000] {logging_mixin.py:188} INFO - [2025-11-05T18:56:30.823+0000] {dag.py:3823} INFO - Setting next_dagrun for first_dag_v3 to 2024-01-01 00:00:00+00:00, run_after=2024-01-02 00:00:00+00:00
[2025-11-05T18:56:30.920+0000] {processor.py:183} INFO - Processing /opt/airflow/dags/first_dag.py took 0.479 seconds
[2025-11-05T18:57:01.640+0000] {processor.py:161} INFO - Started process (PID=911) to work on /opt/airflow/dags/first_dag.py
[2025-11-05T18:57:01.643+0000] {processor.py:830} INFO - Processing file /opt/airflow/dags/first_dag.py for tasks to queue
[2025-11-05T18:57:01.646+0000] {logging_mixin.py:188} INFO - [2025-11-05T18:57:01.646+0000] {dagbag.py:538} INFO - Filling up the DagBag from /opt/airflow/dags/first_dag.py
[2025-11-05T18:57:01.734+0000] {processor.py:840} INFO - DAG(s) 'first_dag_v3' retrieved from /opt/airflow/dags/first_dag.py
[2025-11-05T18:57:01.825+0000] {logging_mixin.py:188} INFO - [2025-11-05T18:57:01.825+0000] {dag.py:3036} INFO - Sync 1 DAGs
[2025-11-05T18:57:01.987+0000] {logging_mixin.py:188} INFO - [2025-11-05T18:57:01.986+0000] {dag.py:3823} INFO - Setting next_dagrun for first_dag_v3 to 2024-01-01 00:00:00+00:00, run_after=2024-01-02 00:00:00+00:00
[2025-11-05T18:57:02.044+0000] {processor.py:183} INFO - Processing /opt/airflow/dags/first_dag.py took 0.420 seconds
[2025-11-05T18:57:32.553+0000] {processor.py:161} INFO - Started process (PID=918) to work on /opt/airflow/dags/first_dag.py
[2025-11-05T18:57:32.557+0000] {processor.py:830} INFO - Processing file /opt/airflow/dags/first_dag.py for tasks to queue
[2025-11-05T18:57:32.560+0000] {logging_mixin.py:188} INFO - [2025-11-05T18:57:32.559+0000] {dagbag.py:538} INFO - Filling up the DagBag from /opt/airflow/dags/first_dag.py
[2025-11-05T18:57:32.621+0000] {processor.py:840} INFO - DAG(s) 'first_dag_v3' retrieved from /opt/airflow/dags/first_dag.py
[2025-11-05T18:57:32.686+0000] {logging_mixin.py:188} INFO - [2025-11-05T18:57:32.685+0000] {dag.py:3036} INFO - Sync 1 DAGs
[2025-11-05T18:57:32.738+0000] {logging_mixin.py:188} INFO - [2025-11-05T18:57:32.737+0000] {dag.py:3823} INFO - Setting next_dagrun for first_dag_v3 to 2024-01-01 00:00:00+00:00, run_after=2024-01-02 00:00:00+00:00
[2025-11-05T18:57:32.817+0000] {processor.py:183} INFO - Processing /opt/airflow/dags/first_dag.py took 0.276 seconds
[2025-11-05T18:58:03.107+0000] {processor.py:161} INFO - Started process (PID=926) to work on /opt/airflow/dags/first_dag.py
[2025-11-05T18:58:03.109+0000] {processor.py:830} INFO - Processing file /opt/airflow/dags/first_dag.py for tasks to queue
[2025-11-05T18:58:03.112+0000] {logging_mixin.py:188} INFO - [2025-11-05T18:58:03.111+0000] {dagbag.py:538} INFO - Filling up the DagBag from /opt/airflow/dags/first_dag.py
[2025-11-05T18:58:03.168+0000] {processor.py:840} INFO - DAG(s) 'first_dag_v3' retrieved from /opt/airflow/dags/first_dag.py
[2025-11-05T18:58:03.225+0000] {logging_mixin.py:188} INFO - [2025-11-05T18:58:03.225+0000] {dag.py:3036} INFO - Sync 1 DAGs
[2025-11-05T18:58:03.280+0000] {logging_mixin.py:188} INFO - [2025-11-05T18:58:03.280+0000] {dag.py:3823} INFO - Setting next_dagrun for first_dag_v3 to 2024-01-01 00:00:00+00:00, run_after=2024-01-02 00:00:00+00:00
[2025-11-05T18:58:03.325+0000] {processor.py:183} INFO - Processing /opt/airflow/dags/first_dag.py took 0.227 seconds
[2025-11-05T18:58:33.779+0000] {processor.py:161} INFO - Started process (PID=933) to work on /opt/airflow/dags/first_dag.py
[2025-11-05T18:58:33.782+0000] {processor.py:830} INFO - Processing file /opt/airflow/dags/first_dag.py for tasks to queue
[2025-11-05T18:58:33.785+0000] {logging_mixin.py:188} INFO - [2025-11-05T18:58:33.784+0000] {dagbag.py:538} INFO - Filling up the DagBag from /opt/airflow/dags/first_dag.py
[2025-11-05T18:58:33.848+0000] {processor.py:840} INFO - DAG(s) 'first_dag_v3' retrieved from /opt/airflow/dags/first_dag.py
[2025-11-05T18:58:33.917+0000] {logging_mixin.py:188} INFO - [2025-11-05T18:58:33.916+0000] {dag.py:3036} INFO - Sync 1 DAGs
[2025-11-05T18:58:33.971+0000] {logging_mixin.py:188} INFO - [2025-11-05T18:58:33.971+0000] {dag.py:3823} INFO - Setting next_dagrun for first_dag_v3 to 2024-01-01 00:00:00+00:00, run_after=2024-01-02 00:00:00+00:00
[2025-11-05T18:58:34.017+0000] {processor.py:183} INFO - Processing /opt/airflow/dags/first_dag.py took 0.247 seconds
[2025-11-05T18:59:04.269+0000] {processor.py:161} INFO - Started process (PID=940) to work on /opt/airflow/dags/first_dag.py
[2025-11-05T18:59:04.272+0000] {processor.py:830} INFO - Processing file /opt/airflow/dags/first_dag.py for tasks to queue
[2025-11-05T18:59:04.275+0000] {logging_mixin.py:188} INFO - [2025-11-05T18:59:04.274+0000] {dagbag.py:538} INFO - Filling up the DagBag from /opt/airflow/dags/first_dag.py
[2025-11-05T18:59:04.335+0000] {processor.py:840} INFO - DAG(s) 'first_dag_v3' retrieved from /opt/airflow/dags/first_dag.py
[2025-11-05T18:59:04.391+0000] {logging_mixin.py:188} INFO - [2025-11-05T18:59:04.391+0000] {dag.py:3036} INFO - Sync 1 DAGs
[2025-11-05T18:59:04.441+0000] {logging_mixin.py:188} INFO - [2025-11-05T18:59:04.440+0000] {dag.py:3823} INFO - Setting next_dagrun for first_dag_v3 to 2024-01-01 00:00:00+00:00, run_after=2024-01-02 00:00:00+00:00
[2025-11-05T18:59:04.488+0000] {processor.py:183} INFO - Processing /opt/airflow/dags/first_dag.py took 0.230 seconds
[2025-11-05T18:59:34.917+0000] {processor.py:161} INFO - Started process (PID=948) to work on /opt/airflow/dags/first_dag.py
[2025-11-05T18:59:34.921+0000] {processor.py:830} INFO - Processing file /opt/airflow/dags/first_dag.py for tasks to queue
[2025-11-05T18:59:34.923+0000] {logging_mixin.py:188} INFO - [2025-11-05T18:59:34.922+0000] {dagbag.py:538} INFO - Filling up the DagBag from /opt/airflow/dags/first_dag.py
[2025-11-05T18:59:34.979+0000] {processor.py:840} INFO - DAG(s) 'first_dag_v3' retrieved from /opt/airflow/dags/first_dag.py
[2025-11-05T18:59:35.039+0000] {logging_mixin.py:188} INFO - [2025-11-05T18:59:35.038+0000] {dag.py:3036} INFO - Sync 1 DAGs
[2025-11-05T18:59:35.082+0000] {logging_mixin.py:188} INFO - [2025-11-05T18:59:35.081+0000] {dag.py:3823} INFO - Setting next_dagrun for first_dag_v3 to 2024-01-01 00:00:00+00:00, run_after=2024-01-02 00:00:00+00:00
[2025-11-05T18:59:35.123+0000] {processor.py:183} INFO - Processing /opt/airflow/dags/first_dag.py took 0.214 seconds
[2025-11-05T19:00:05.485+0000] {processor.py:161} INFO - Started process (PID=954) to work on /opt/airflow/dags/first_dag.py
[2025-11-05T19:00:05.488+0000] {processor.py:830} INFO - Processing file /opt/airflow/dags/first_dag.py for tasks to queue
[2025-11-05T19:00:05.490+0000] {logging_mixin.py:188} INFO - [2025-11-05T19:00:05.489+0000] {dagbag.py:538} INFO - Filling up the DagBag from /opt/airflow/dags/first_dag.py
[2025-11-05T19:00:05.543+0000] {processor.py:840} INFO - DAG(s) 'first_dag_v3' retrieved from /opt/airflow/dags/first_dag.py
[2025-11-05T19:00:05.614+0000] {logging_mixin.py:188} INFO - [2025-11-05T19:00:05.614+0000] {dag.py:3036} INFO - Sync 1 DAGs
[2025-11-05T19:00:05.667+0000] {logging_mixin.py:188} INFO - [2025-11-05T19:00:05.667+0000] {dag.py:3823} INFO - Setting next_dagrun for first_dag_v3 to 2024-01-01 00:00:00+00:00, run_after=2024-01-02 00:00:00+00:00
[2025-11-05T19:00:05.712+0000] {processor.py:183} INFO - Processing /opt/airflow/dags/first_dag.py took 0.235 seconds
[2025-11-05T19:00:36.055+0000] {processor.py:161} INFO - Started process (PID=962) to work on /opt/airflow/dags/first_dag.py
[2025-11-05T19:00:36.058+0000] {processor.py:830} INFO - Processing file /opt/airflow/dags/first_dag.py for tasks to queue
[2025-11-05T19:00:36.061+0000] {logging_mixin.py:188} INFO - [2025-11-05T19:00:36.061+0000] {dagbag.py:538} INFO - Filling up the DagBag from /opt/airflow/dags/first_dag.py
[2025-11-05T19:00:36.139+0000] {processor.py:840} INFO - DAG(s) 'first_dag_v3' retrieved from /opt/airflow/dags/first_dag.py
[2025-11-05T19:00:36.214+0000] {logging_mixin.py:188} INFO - [2025-11-05T19:00:36.212+0000] {dag.py:3036} INFO - Sync 1 DAGs
[2025-11-05T19:00:36.274+0000] {logging_mixin.py:188} INFO - [2025-11-05T19:00:36.274+0000] {dag.py:3823} INFO - Setting next_dagrun for first_dag_v3 to 2024-01-01 00:00:00+00:00, run_after=2024-01-02 00:00:00+00:00
[2025-11-05T19:00:36.315+0000] {processor.py:183} INFO - Processing /opt/airflow/dags/first_dag.py took 0.272 seconds
[2025-11-05T19:01:06.605+0000] {processor.py:161} INFO - Started process (PID=970) to work on /opt/airflow/dags/first_dag.py
[2025-11-05T19:01:06.611+0000] {processor.py:830} INFO - Processing file /opt/airflow/dags/first_dag.py for tasks to queue
[2025-11-05T19:01:06.617+0000] {logging_mixin.py:188} INFO - [2025-11-05T19:01:06.613+0000] {dagbag.py:538} INFO - Filling up the DagBag from /opt/airflow/dags/first_dag.py
[2025-11-05T19:01:06.687+0000] {processor.py:840} INFO - DAG(s) 'first_dag_v3' retrieved from /opt/airflow/dags/first_dag.py
[2025-11-05T19:01:06.767+0000] {logging_mixin.py:188} INFO - [2025-11-05T19:01:06.767+0000] {dag.py:3036} INFO - Sync 1 DAGs
[2025-11-05T19:01:06.812+0000] {logging_mixin.py:188} INFO - [2025-11-05T19:01:06.812+0000] {dag.py:3823} INFO - Setting next_dagrun for first_dag_v3 to 2024-01-01 00:00:00+00:00, run_after=2024-01-02 00:00:00+00:00
[2025-11-05T19:01:06.853+0000] {processor.py:183} INFO - Processing /opt/airflow/dags/first_dag.py took 0.263 seconds
[2025-11-05T19:01:37.242+0000] {processor.py:161} INFO - Started process (PID=977) to work on /opt/airflow/dags/first_dag.py
[2025-11-05T19:01:37.246+0000] {processor.py:830} INFO - Processing file /opt/airflow/dags/first_dag.py for tasks to queue
[2025-11-05T19:01:37.248+0000] {logging_mixin.py:188} INFO - [2025-11-05T19:01:37.247+0000] {dagbag.py:538} INFO - Filling up the DagBag from /opt/airflow/dags/first_dag.py
[2025-11-05T19:01:37.317+0000] {processor.py:840} INFO - DAG(s) 'first_dag_v3' retrieved from /opt/airflow/dags/first_dag.py
[2025-11-05T19:01:37.394+0000] {logging_mixin.py:188} INFO - [2025-11-05T19:01:37.393+0000] {dag.py:3036} INFO - Sync 1 DAGs
[2025-11-05T19:01:37.451+0000] {logging_mixin.py:188} INFO - [2025-11-05T19:01:37.450+0000] {dag.py:3823} INFO - Setting next_dagrun for first_dag_v3 to 2024-01-01 00:00:00+00:00, run_after=2024-01-02 00:00:00+00:00
[2025-11-05T19:01:37.487+0000] {processor.py:183} INFO - Processing /opt/airflow/dags/first_dag.py took 0.253 seconds
[2025-11-05T19:02:07.744+0000] {processor.py:161} INFO - Started process (PID=984) to work on /opt/airflow/dags/first_dag.py
[2025-11-05T19:02:07.748+0000] {processor.py:830} INFO - Processing file /opt/airflow/dags/first_dag.py for tasks to queue
[2025-11-05T19:02:07.752+0000] {logging_mixin.py:188} INFO - [2025-11-05T19:02:07.751+0000] {dagbag.py:538} INFO - Filling up the DagBag from /opt/airflow/dags/first_dag.py
[2025-11-05T19:02:07.822+0000] {processor.py:840} INFO - DAG(s) 'first_dag_v3' retrieved from /opt/airflow/dags/first_dag.py
[2025-11-05T19:02:07.899+0000] {logging_mixin.py:188} INFO - [2025-11-05T19:02:07.898+0000] {dag.py:3036} INFO - Sync 1 DAGs
[2025-11-05T19:02:07.965+0000] {logging_mixin.py:188} INFO - [2025-11-05T19:02:07.965+0000] {dag.py:3823} INFO - Setting next_dagrun for first_dag_v3 to 2024-01-01 00:00:00+00:00, run_after=2024-01-02 00:00:00+00:00
[2025-11-05T19:02:08.039+0000] {processor.py:183} INFO - Processing /opt/airflow/dags/first_dag.py took 0.320 seconds
[2025-11-05T19:02:38.733+0000] {processor.py:161} INFO - Started process (PID=991) to work on /opt/airflow/dags/first_dag.py
[2025-11-05T19:02:38.860+0000] {processor.py:830} INFO - Processing file /opt/airflow/dags/first_dag.py for tasks to queue
[2025-11-05T19:02:38.866+0000] {logging_mixin.py:188} INFO - [2025-11-05T19:02:38.865+0000] {dagbag.py:538} INFO - Filling up the DagBag from /opt/airflow/dags/first_dag.py
[2025-11-05T19:02:39.183+0000] {processor.py:840} INFO - DAG(s) 'first_dag_v3' retrieved from /opt/airflow/dags/first_dag.py
[2025-11-05T19:02:39.483+0000] {logging_mixin.py:188} INFO - [2025-11-05T19:02:39.482+0000] {dag.py:3036} INFO - Sync 1 DAGs
[2025-11-05T19:02:39.808+0000] {logging_mixin.py:188} INFO - [2025-11-05T19:02:39.807+0000] {dag.py:3823} INFO - Setting next_dagrun for first_dag_v3 to 2024-01-01 00:00:00+00:00, run_after=2024-01-02 00:00:00+00:00
[2025-11-05T19:02:40.048+0000] {processor.py:183} INFO - Processing /opt/airflow/dags/first_dag.py took 1.335 seconds
[2025-11-05T19:03:10.768+0000] {processor.py:161} INFO - Started process (PID=999) to work on /opt/airflow/dags/first_dag.py
[2025-11-05T19:03:10.771+0000] {processor.py:830} INFO - Processing file /opt/airflow/dags/first_dag.py for tasks to queue
[2025-11-05T19:03:10.774+0000] {logging_mixin.py:188} INFO - [2025-11-05T19:03:10.774+0000] {dagbag.py:538} INFO - Filling up the DagBag from /opt/airflow/dags/first_dag.py
[2025-11-05T19:03:10.830+0000] {processor.py:840} INFO - DAG(s) 'first_dag_v3' retrieved from /opt/airflow/dags/first_dag.py
[2025-11-05T19:03:10.892+0000] {logging_mixin.py:188} INFO - [2025-11-05T19:03:10.891+0000] {dag.py:3036} INFO - Sync 1 DAGs
[2025-11-05T19:03:10.945+0000] {logging_mixin.py:188} INFO - [2025-11-05T19:03:10.944+0000] {dag.py:3823} INFO - Setting next_dagrun for first_dag_v3 to 2024-01-01 00:00:00+00:00, run_after=2024-01-02 00:00:00+00:00
[2025-11-05T19:03:10.996+0000] {processor.py:183} INFO - Processing /opt/airflow/dags/first_dag.py took 0.239 seconds
[2025-11-05T19:03:42.262+0000] {processor.py:161} INFO - Started process (PID=1006) to work on /opt/airflow/dags/first_dag.py
[2025-11-05T19:03:42.267+0000] {processor.py:830} INFO - Processing file /opt/airflow/dags/first_dag.py for tasks to queue
[2025-11-05T19:03:42.280+0000] {logging_mixin.py:188} INFO - [2025-11-05T19:03:42.279+0000] {dagbag.py:538} INFO - Filling up the DagBag from /opt/airflow/dags/first_dag.py
[2025-11-05T19:03:42.446+0000] {processor.py:840} INFO - DAG(s) 'first_dag_v3' retrieved from /opt/airflow/dags/first_dag.py
[2025-11-05T19:03:42.673+0000] {logging_mixin.py:188} INFO - [2025-11-05T19:03:42.661+0000] {dag.py:3036} INFO - Sync 1 DAGs
[2025-11-05T19:03:42.866+0000] {logging_mixin.py:188} INFO - [2025-11-05T19:03:42.865+0000] {dag.py:3823} INFO - Setting next_dagrun for first_dag_v3 to 2024-01-01 00:00:00+00:00, run_after=2024-01-02 00:00:00+00:00
[2025-11-05T19:03:42.950+0000] {processor.py:183} INFO - Processing /opt/airflow/dags/first_dag.py took 0.726 seconds
[2025-11-05T19:04:13.855+0000] {processor.py:161} INFO - Started process (PID=1013) to work on /opt/airflow/dags/first_dag.py
[2025-11-05T19:04:13.857+0000] {processor.py:830} INFO - Processing file /opt/airflow/dags/first_dag.py for tasks to queue
[2025-11-05T19:04:13.860+0000] {logging_mixin.py:188} INFO - [2025-11-05T19:04:13.859+0000] {dagbag.py:538} INFO - Filling up the DagBag from /opt/airflow/dags/first_dag.py
[2025-11-05T19:04:13.923+0000] {processor.py:840} INFO - DAG(s) 'first_dag_v3' retrieved from /opt/airflow/dags/first_dag.py
[2025-11-05T19:04:14.010+0000] {logging_mixin.py:188} INFO - [2025-11-05T19:04:14.009+0000] {dag.py:3036} INFO - Sync 1 DAGs
[2025-11-05T19:04:14.066+0000] {logging_mixin.py:188} INFO - [2025-11-05T19:04:14.065+0000] {dag.py:3823} INFO - Setting next_dagrun for first_dag_v3 to 2024-01-01 00:00:00+00:00, run_after=2024-01-02 00:00:00+00:00
[2025-11-05T19:04:14.115+0000] {processor.py:183} INFO - Processing /opt/airflow/dags/first_dag.py took 0.268 seconds
[2025-11-05T19:04:44.335+0000] {processor.py:161} INFO - Started process (PID=1020) to work on /opt/airflow/dags/first_dag.py
[2025-11-05T19:04:44.338+0000] {processor.py:830} INFO - Processing file /opt/airflow/dags/first_dag.py for tasks to queue
[2025-11-05T19:04:44.341+0000] {logging_mixin.py:188} INFO - [2025-11-05T19:04:44.340+0000] {dagbag.py:538} INFO - Filling up the DagBag from /opt/airflow/dags/first_dag.py
[2025-11-05T19:04:44.415+0000] {processor.py:840} INFO - DAG(s) 'first_dag_v3' retrieved from /opt/airflow/dags/first_dag.py
[2025-11-05T19:04:44.505+0000] {logging_mixin.py:188} INFO - [2025-11-05T19:04:44.505+0000] {dag.py:3036} INFO - Sync 1 DAGs
[2025-11-05T19:04:44.588+0000] {logging_mixin.py:188} INFO - [2025-11-05T19:04:44.587+0000] {dag.py:3823} INFO - Setting next_dagrun for first_dag_v3 to 2024-01-01 00:00:00+00:00, run_after=2024-01-02 00:00:00+00:00
[2025-11-05T19:04:44.630+0000] {processor.py:183} INFO - Processing /opt/airflow/dags/first_dag.py took 0.308 seconds
[2025-11-05T19:05:15.403+0000] {processor.py:161} INFO - Started process (PID=1027) to work on /opt/airflow/dags/first_dag.py
[2025-11-05T19:05:15.409+0000] {processor.py:830} INFO - Processing file /opt/airflow/dags/first_dag.py for tasks to queue
[2025-11-05T19:05:15.428+0000] {logging_mixin.py:188} INFO - [2025-11-05T19:05:15.427+0000] {dagbag.py:538} INFO - Filling up the DagBag from /opt/airflow/dags/first_dag.py
[2025-11-05T19:05:15.665+0000] {processor.py:840} INFO - DAG(s) 'first_dag_v3' retrieved from /opt/airflow/dags/first_dag.py
[2025-11-05T19:05:15.893+0000] {logging_mixin.py:188} INFO - [2025-11-05T19:05:15.892+0000] {dag.py:3036} INFO - Sync 1 DAGs
[2025-11-05T19:05:16.071+0000] {logging_mixin.py:188} INFO - [2025-11-05T19:05:16.071+0000] {dag.py:3823} INFO - Setting next_dagrun for first_dag_v3 to 2024-01-01 00:00:00+00:00, run_after=2024-01-02 00:00:00+00:00
[2025-11-05T19:05:16.170+0000] {processor.py:183} INFO - Processing /opt/airflow/dags/first_dag.py took 0.788 seconds
[2025-11-05T19:05:46.875+0000] {processor.py:161} INFO - Started process (PID=1034) to work on /opt/airflow/dags/first_dag.py
[2025-11-05T19:05:46.878+0000] {processor.py:830} INFO - Processing file /opt/airflow/dags/first_dag.py for tasks to queue
[2025-11-05T19:05:46.880+0000] {logging_mixin.py:188} INFO - [2025-11-05T19:05:46.880+0000] {dagbag.py:538} INFO - Filling up the DagBag from /opt/airflow/dags/first_dag.py
[2025-11-05T19:05:46.940+0000] {processor.py:840} INFO - DAG(s) 'first_dag_v3' retrieved from /opt/airflow/dags/first_dag.py
[2025-11-05T19:05:47.004+0000] {logging_mixin.py:188} INFO - [2025-11-05T19:05:47.004+0000] {dag.py:3036} INFO - Sync 1 DAGs
[2025-11-05T19:05:47.053+0000] {logging_mixin.py:188} INFO - [2025-11-05T19:05:47.053+0000] {dag.py:3823} INFO - Setting next_dagrun for first_dag_v3 to 2024-01-01 00:00:00+00:00, run_after=2024-01-02 00:00:00+00:00
[2025-11-05T19:05:47.109+0000] {processor.py:183} INFO - Processing /opt/airflow/dags/first_dag.py took 0.244 seconds
[2025-11-05T19:06:17.492+0000] {processor.py:161} INFO - Started process (PID=1041) to work on /opt/airflow/dags/first_dag.py
[2025-11-05T19:06:17.495+0000] {processor.py:830} INFO - Processing file /opt/airflow/dags/first_dag.py for tasks to queue
[2025-11-05T19:06:17.498+0000] {logging_mixin.py:188} INFO - [2025-11-05T19:06:17.497+0000] {dagbag.py:538} INFO - Filling up the DagBag from /opt/airflow/dags/first_dag.py
[2025-11-05T19:06:17.556+0000] {processor.py:840} INFO - DAG(s) 'first_dag_v3' retrieved from /opt/airflow/dags/first_dag.py
[2025-11-05T19:06:17.613+0000] {logging_mixin.py:188} INFO - [2025-11-05T19:06:17.613+0000] {dag.py:3036} INFO - Sync 1 DAGs
[2025-11-05T19:06:17.656+0000] {logging_mixin.py:188} INFO - [2025-11-05T19:06:17.655+0000] {dag.py:3823} INFO - Setting next_dagrun for first_dag_v3 to 2024-01-01 00:00:00+00:00, run_after=2024-01-02 00:00:00+00:00
[2025-11-05T19:06:17.697+0000] {processor.py:183} INFO - Processing /opt/airflow/dags/first_dag.py took 0.215 seconds
[2025-11-05T19:06:48.150+0000] {processor.py:161} INFO - Started process (PID=1048) to work on /opt/airflow/dags/first_dag.py
[2025-11-05T19:06:48.153+0000] {processor.py:830} INFO - Processing file /opt/airflow/dags/first_dag.py for tasks to queue
[2025-11-05T19:06:48.158+0000] {logging_mixin.py:188} INFO - [2025-11-05T19:06:48.157+0000] {dagbag.py:538} INFO - Filling up the DagBag from /opt/airflow/dags/first_dag.py
[2025-11-05T19:06:48.275+0000] {processor.py:840} INFO - DAG(s) 'first_dag_v3' retrieved from /opt/airflow/dags/first_dag.py
[2025-11-05T19:06:48.418+0000] {logging_mixin.py:188} INFO - [2025-11-05T19:06:48.417+0000] {dag.py:3036} INFO - Sync 1 DAGs
[2025-11-05T19:06:48.555+0000] {logging_mixin.py:188} INFO - [2025-11-05T19:06:48.550+0000] {dag.py:3823} INFO - Setting next_dagrun for first_dag_v3 to 2024-01-01 00:00:00+00:00, run_after=2024-01-02 00:00:00+00:00
[2025-11-05T19:06:48.645+0000] {processor.py:183} INFO - Processing /opt/airflow/dags/first_dag.py took 0.513 seconds
[2025-11-05T19:07:18.777+0000] {processor.py:161} INFO - Started process (PID=1055) to work on /opt/airflow/dags/first_dag.py
[2025-11-05T19:07:18.780+0000] {processor.py:830} INFO - Processing file /opt/airflow/dags/first_dag.py for tasks to queue
[2025-11-05T19:07:18.784+0000] {logging_mixin.py:188} INFO - [2025-11-05T19:07:18.783+0000] {dagbag.py:538} INFO - Filling up the DagBag from /opt/airflow/dags/first_dag.py
[2025-11-05T19:07:18.848+0000] {processor.py:840} INFO - DAG(s) 'first_dag_v3' retrieved from /opt/airflow/dags/first_dag.py
[2025-11-05T19:07:18.936+0000] {logging_mixin.py:188} INFO - [2025-11-05T19:07:18.936+0000] {dag.py:3036} INFO - Sync 1 DAGs
[2025-11-05T19:07:18.991+0000] {logging_mixin.py:188} INFO - [2025-11-05T19:07:18.991+0000] {dag.py:3823} INFO - Setting next_dagrun for first_dag_v3 to 2024-01-01 00:00:00+00:00, run_after=2024-01-02 00:00:00+00:00
[2025-11-05T19:07:19.050+0000] {processor.py:183} INFO - Processing /opt/airflow/dags/first_dag.py took 0.284 seconds
