[2025-11-09T06:39:56.681+0000] {processor.py:161} INFO - Started process (PID=79) to work on /opt/airflow/dags/simple_pipeline_dag.py
[2025-11-09T06:39:56.704+0000] {processor.py:830} INFO - Processing file /opt/airflow/dags/simple_pipeline_dag.py for tasks to queue
[2025-11-09T06:39:56.733+0000] {logging_mixin.py:188} INFO - [2025-11-09T06:39:56.732+0000] {dagbag.py:538} INFO - Filling up the DagBag from /opt/airflow/dags/simple_pipeline_dag.py
[2025-11-09T06:39:56.916+0000] {processor.py:840} INFO - DAG(s) 'simple_pipeline_dag' retrieved from /opt/airflow/dags/simple_pipeline_dag.py
[2025-11-09T06:39:58.385+0000] {logging_mixin.py:188} INFO - [2025-11-09T06:39:58.384+0000] {dag.py:3036} INFO - Sync 1 DAGs
[2025-11-09T06:39:58.645+0000] {logging_mixin.py:188} INFO - [2025-11-09T06:39:58.644+0000] {dag.py:3823} INFO - Setting next_dagrun for simple_pipeline_dag to 2025-11-09 05:00:00+00:00, run_after=2025-11-09 06:00:00+00:00
[2025-11-09T06:39:58.870+0000] {processor.py:183} INFO - Processing /opt/airflow/dags/simple_pipeline_dag.py took 2.241 seconds
[2025-11-09T06:40:29.661+0000] {processor.py:161} INFO - Started process (PID=88) to work on /opt/airflow/dags/simple_pipeline_dag.py
[2025-11-09T06:40:29.665+0000] {processor.py:830} INFO - Processing file /opt/airflow/dags/simple_pipeline_dag.py for tasks to queue
[2025-11-09T06:40:29.673+0000] {logging_mixin.py:188} INFO - [2025-11-09T06:40:29.671+0000] {dagbag.py:538} INFO - Filling up the DagBag from /opt/airflow/dags/simple_pipeline_dag.py
[2025-11-09T06:40:29.860+0000] {processor.py:840} INFO - DAG(s) 'simple_pipeline_dag' retrieved from /opt/airflow/dags/simple_pipeline_dag.py
[2025-11-09T06:40:30.083+0000] {logging_mixin.py:188} INFO - [2025-11-09T06:40:30.082+0000] {dag.py:3036} INFO - Sync 1 DAGs
[2025-11-09T06:40:30.305+0000] {logging_mixin.py:188} INFO - [2025-11-09T06:40:30.301+0000] {dag.py:3823} INFO - Setting next_dagrun for simple_pipeline_dag to 2025-11-09 06:00:00+00:00, run_after=2025-11-09 07:00:00+00:00
[2025-11-09T06:40:30.870+0000] {processor.py:183} INFO - Processing /opt/airflow/dags/simple_pipeline_dag.py took 1.236 seconds
[2025-11-09T06:41:03.741+0000] {processor.py:161} INFO - Started process (PID=97) to work on /opt/airflow/dags/simple_pipeline_dag.py
[2025-11-09T06:41:03.769+0000] {processor.py:830} INFO - Processing file /opt/airflow/dags/simple_pipeline_dag.py for tasks to queue
[2025-11-09T06:41:03.776+0000] {logging_mixin.py:188} INFO - [2025-11-09T06:41:03.775+0000] {dagbag.py:538} INFO - Filling up the DagBag from /opt/airflow/dags/simple_pipeline_dag.py
[2025-11-09T06:41:03.996+0000] {processor.py:840} INFO - DAG(s) 'simple_pipeline_dag' retrieved from /opt/airflow/dags/simple_pipeline_dag.py
[2025-11-09T06:41:04.232+0000] {logging_mixin.py:188} INFO - [2025-11-09T06:41:04.220+0000] {dag.py:3036} INFO - Sync 1 DAGs
[2025-11-09T06:41:04.468+0000] {logging_mixin.py:188} INFO - [2025-11-09T06:41:04.456+0000] {dag.py:3823} INFO - Setting next_dagrun for simple_pipeline_dag to 2025-11-09 06:00:00+00:00, run_after=2025-11-09 07:00:00+00:00
[2025-11-09T06:41:04.645+0000] {processor.py:183} INFO - Processing /opt/airflow/dags/simple_pipeline_dag.py took 0.984 seconds
[2025-11-09T06:41:39.546+0000] {processor.py:161} INFO - Started process (PID=112) to work on /opt/airflow/dags/simple_pipeline_dag.py
[2025-11-09T06:41:39.570+0000] {processor.py:830} INFO - Processing file /opt/airflow/dags/simple_pipeline_dag.py for tasks to queue
[2025-11-09T06:41:39.590+0000] {logging_mixin.py:188} INFO - [2025-11-09T06:41:39.588+0000] {dagbag.py:538} INFO - Filling up the DagBag from /opt/airflow/dags/simple_pipeline_dag.py
[2025-11-09T06:41:39.804+0000] {processor.py:840} INFO - DAG(s) 'simple_pipeline_dag' retrieved from /opt/airflow/dags/simple_pipeline_dag.py
[2025-11-09T06:41:40.013+0000] {logging_mixin.py:188} INFO - [2025-11-09T06:41:40.012+0000] {dag.py:3036} INFO - Sync 1 DAGs
[2025-11-09T06:41:40.203+0000] {logging_mixin.py:188} INFO - [2025-11-09T06:41:40.203+0000] {dag.py:3823} INFO - Setting next_dagrun for simple_pipeline_dag to 2025-11-09 06:00:00+00:00, run_after=2025-11-09 07:00:00+00:00
[2025-11-09T06:41:40.955+0000] {processor.py:183} INFO - Processing /opt/airflow/dags/simple_pipeline_dag.py took 1.453 seconds
[2025-11-09T06:42:41.799+0000] {processor.py:161} INFO - Started process (PID=121) to work on /opt/airflow/dags/simple_pipeline_dag.py
[2025-11-09T06:42:41.846+0000] {processor.py:830} INFO - Processing file /opt/airflow/dags/simple_pipeline_dag.py for tasks to queue
[2025-11-09T06:42:41.984+0000] {logging_mixin.py:188} INFO - [2025-11-09T06:42:41.940+0000] {dagbag.py:538} INFO - Filling up the DagBag from /opt/airflow/dags/simple_pipeline_dag.py
[2025-11-09T06:42:42.890+0000] {processor.py:840} INFO - DAG(s) 'simple_pipeline_dag' retrieved from /opt/airflow/dags/simple_pipeline_dag.py
[2025-11-09T06:42:43.478+0000] {logging_mixin.py:188} INFO - [2025-11-09T06:42:43.477+0000] {dag.py:3036} INFO - Sync 1 DAGs
[2025-11-09T06:42:44.342+0000] {logging_mixin.py:188} INFO - [2025-11-09T06:42:44.340+0000] {dag.py:3823} INFO - Setting next_dagrun for simple_pipeline_dag to 2025-11-09 06:00:00+00:00, run_after=2025-11-09 07:00:00+00:00
[2025-11-09T06:42:47.038+0000] {processor.py:183} INFO - Processing /opt/airflow/dags/simple_pipeline_dag.py took 6.468 seconds
[2025-11-09T06:43:25.643+0000] {processor.py:161} INFO - Started process (PID=136) to work on /opt/airflow/dags/simple_pipeline_dag.py
[2025-11-09T06:43:25.659+0000] {processor.py:830} INFO - Processing file /opt/airflow/dags/simple_pipeline_dag.py for tasks to queue
[2025-11-09T06:43:25.709+0000] {logging_mixin.py:188} INFO - [2025-11-09T06:43:25.692+0000] {dagbag.py:538} INFO - Filling up the DagBag from /opt/airflow/dags/simple_pipeline_dag.py
[2025-11-09T06:43:26.422+0000] {processor.py:840} INFO - DAG(s) 'simple_pipeline_dag' retrieved from /opt/airflow/dags/simple_pipeline_dag.py
[2025-11-09T06:43:28.816+0000] {logging_mixin.py:188} INFO - [2025-11-09T06:43:28.815+0000] {dag.py:3036} INFO - Sync 1 DAGs
[2025-11-09T06:43:30.417+0000] {logging_mixin.py:188} INFO - [2025-11-09T06:43:30.416+0000] {dag.py:3823} INFO - Setting next_dagrun for simple_pipeline_dag to 2025-11-09 06:00:00+00:00, run_after=2025-11-09 07:00:00+00:00
[2025-11-09T06:43:31.317+0000] {processor.py:183} INFO - Processing /opt/airflow/dags/simple_pipeline_dag.py took 5.776 seconds
[2025-11-09T06:44:02.905+0000] {processor.py:161} INFO - Started process (PID=146) to work on /opt/airflow/dags/simple_pipeline_dag.py
[2025-11-09T06:44:02.925+0000] {processor.py:830} INFO - Processing file /opt/airflow/dags/simple_pipeline_dag.py for tasks to queue
[2025-11-09T06:44:02.977+0000] {logging_mixin.py:188} INFO - [2025-11-09T06:44:02.976+0000] {dagbag.py:538} INFO - Filling up the DagBag from /opt/airflow/dags/simple_pipeline_dag.py
[2025-11-09T06:44:03.363+0000] {processor.py:840} INFO - DAG(s) 'simple_pipeline_dag' retrieved from /opt/airflow/dags/simple_pipeline_dag.py
[2025-11-09T06:44:03.908+0000] {logging_mixin.py:188} INFO - [2025-11-09T06:44:03.895+0000] {dag.py:3036} INFO - Sync 1 DAGs
[2025-11-09T06:44:04.382+0000] {logging_mixin.py:188} INFO - [2025-11-09T06:44:04.381+0000] {dag.py:3823} INFO - Setting next_dagrun for simple_pipeline_dag to 2025-11-09 06:00:00+00:00, run_after=2025-11-09 07:00:00+00:00
[2025-11-09T06:44:04.745+0000] {processor.py:183} INFO - Processing /opt/airflow/dags/simple_pipeline_dag.py took 1.912 seconds
[2025-11-09T06:44:35.627+0000] {processor.py:161} INFO - Started process (PID=155) to work on /opt/airflow/dags/simple_pipeline_dag.py
[2025-11-09T06:44:35.665+0000] {processor.py:830} INFO - Processing file /opt/airflow/dags/simple_pipeline_dag.py for tasks to queue
[2025-11-09T06:44:35.689+0000] {logging_mixin.py:188} INFO - [2025-11-09T06:44:35.687+0000] {dagbag.py:538} INFO - Filling up the DagBag from /opt/airflow/dags/simple_pipeline_dag.py
[2025-11-09T06:44:36.027+0000] {processor.py:840} INFO - DAG(s) 'simple_pipeline_dag' retrieved from /opt/airflow/dags/simple_pipeline_dag.py
[2025-11-09T06:44:36.339+0000] {logging_mixin.py:188} INFO - [2025-11-09T06:44:36.337+0000] {dag.py:3036} INFO - Sync 1 DAGs
[2025-11-09T06:44:36.484+0000] {logging_mixin.py:188} INFO - [2025-11-09T06:44:36.483+0000] {dag.py:3823} INFO - Setting next_dagrun for simple_pipeline_dag to 2025-11-09 06:00:00+00:00, run_after=2025-11-09 07:00:00+00:00
[2025-11-09T06:44:36.676+0000] {processor.py:183} INFO - Processing /opt/airflow/dags/simple_pipeline_dag.py took 1.109 seconds
[2025-11-09T06:45:07.046+0000] {processor.py:161} INFO - Started process (PID=165) to work on /opt/airflow/dags/simple_pipeline_dag.py
[2025-11-09T06:45:07.056+0000] {processor.py:830} INFO - Processing file /opt/airflow/dags/simple_pipeline_dag.py for tasks to queue
[2025-11-09T06:45:07.066+0000] {logging_mixin.py:188} INFO - [2025-11-09T06:45:07.064+0000] {dagbag.py:538} INFO - Filling up the DagBag from /opt/airflow/dags/simple_pipeline_dag.py
[2025-11-09T06:45:07.175+0000] {processor.py:840} INFO - DAG(s) 'simple_pipeline_dag' retrieved from /opt/airflow/dags/simple_pipeline_dag.py
[2025-11-09T06:45:07.303+0000] {logging_mixin.py:188} INFO - [2025-11-09T06:45:07.302+0000] {dag.py:3036} INFO - Sync 1 DAGs
[2025-11-09T06:45:07.397+0000] {logging_mixin.py:188} INFO - [2025-11-09T06:45:07.396+0000] {dag.py:3823} INFO - Setting next_dagrun for simple_pipeline_dag to 2025-11-09 06:00:00+00:00, run_after=2025-11-09 07:00:00+00:00
[2025-11-09T06:45:07.486+0000] {processor.py:183} INFO - Processing /opt/airflow/dags/simple_pipeline_dag.py took 0.460 seconds
[2025-11-09T06:45:38.190+0000] {processor.py:161} INFO - Started process (PID=174) to work on /opt/airflow/dags/simple_pipeline_dag.py
[2025-11-09T06:45:38.193+0000] {processor.py:830} INFO - Processing file /opt/airflow/dags/simple_pipeline_dag.py for tasks to queue
[2025-11-09T06:45:38.198+0000] {logging_mixin.py:188} INFO - [2025-11-09T06:45:38.197+0000] {dagbag.py:538} INFO - Filling up the DagBag from /opt/airflow/dags/simple_pipeline_dag.py
[2025-11-09T06:45:38.262+0000] {processor.py:840} INFO - DAG(s) 'simple_pipeline_dag' retrieved from /opt/airflow/dags/simple_pipeline_dag.py
[2025-11-09T06:45:38.353+0000] {logging_mixin.py:188} INFO - [2025-11-09T06:45:38.353+0000] {dag.py:3036} INFO - Sync 1 DAGs
[2025-11-09T06:45:38.415+0000] {logging_mixin.py:188} INFO - [2025-11-09T06:45:38.415+0000] {dag.py:3823} INFO - Setting next_dagrun for simple_pipeline_dag to 2025-11-09 06:00:00+00:00, run_after=2025-11-09 07:00:00+00:00
[2025-11-09T06:45:38.453+0000] {processor.py:183} INFO - Processing /opt/airflow/dags/simple_pipeline_dag.py took 0.272 seconds
[2025-11-09T06:46:08.990+0000] {processor.py:161} INFO - Started process (PID=183) to work on /opt/airflow/dags/simple_pipeline_dag.py
[2025-11-09T06:46:08.992+0000] {processor.py:830} INFO - Processing file /opt/airflow/dags/simple_pipeline_dag.py for tasks to queue
[2025-11-09T06:46:08.998+0000] {logging_mixin.py:188} INFO - [2025-11-09T06:46:08.997+0000] {dagbag.py:538} INFO - Filling up the DagBag from /opt/airflow/dags/simple_pipeline_dag.py
[2025-11-09T06:46:09.039+0000] {processor.py:840} INFO - DAG(s) 'simple_pipeline_dag' retrieved from /opt/airflow/dags/simple_pipeline_dag.py
[2025-11-09T06:46:09.106+0000] {logging_mixin.py:188} INFO - [2025-11-09T06:46:09.105+0000] {dag.py:3036} INFO - Sync 1 DAGs
[2025-11-09T06:46:09.198+0000] {logging_mixin.py:188} INFO - [2025-11-09T06:46:09.197+0000] {dag.py:3823} INFO - Setting next_dagrun for simple_pipeline_dag to 2025-11-09 06:00:00+00:00, run_after=2025-11-09 07:00:00+00:00
[2025-11-09T06:46:09.257+0000] {processor.py:183} INFO - Processing /opt/airflow/dags/simple_pipeline_dag.py took 0.279 seconds
[2025-11-09T06:46:39.517+0000] {processor.py:161} INFO - Started process (PID=192) to work on /opt/airflow/dags/simple_pipeline_dag.py
[2025-11-09T06:46:39.520+0000] {processor.py:830} INFO - Processing file /opt/airflow/dags/simple_pipeline_dag.py for tasks to queue
[2025-11-09T06:46:39.524+0000] {logging_mixin.py:188} INFO - [2025-11-09T06:46:39.524+0000] {dagbag.py:538} INFO - Filling up the DagBag from /opt/airflow/dags/simple_pipeline_dag.py
[2025-11-09T06:46:39.572+0000] {processor.py:840} INFO - DAG(s) 'simple_pipeline_dag' retrieved from /opt/airflow/dags/simple_pipeline_dag.py
[2025-11-09T06:46:39.647+0000] {logging_mixin.py:188} INFO - [2025-11-09T06:46:39.646+0000] {dag.py:3036} INFO - Sync 1 DAGs
[2025-11-09T06:46:39.720+0000] {logging_mixin.py:188} INFO - [2025-11-09T06:46:39.720+0000] {dag.py:3823} INFO - Setting next_dagrun for simple_pipeline_dag to 2025-11-09 06:00:00+00:00, run_after=2025-11-09 07:00:00+00:00
[2025-11-09T06:46:39.822+0000] {processor.py:183} INFO - Processing /opt/airflow/dags/simple_pipeline_dag.py took 0.314 seconds
[2025-11-09T06:47:09.944+0000] {processor.py:161} INFO - Started process (PID=201) to work on /opt/airflow/dags/simple_pipeline_dag.py
[2025-11-09T06:47:09.947+0000] {processor.py:830} INFO - Processing file /opt/airflow/dags/simple_pipeline_dag.py for tasks to queue
[2025-11-09T06:47:09.951+0000] {logging_mixin.py:188} INFO - [2025-11-09T06:47:09.950+0000] {dagbag.py:538} INFO - Filling up the DagBag from /opt/airflow/dags/simple_pipeline_dag.py
[2025-11-09T06:47:09.991+0000] {processor.py:840} INFO - DAG(s) 'simple_pipeline_dag' retrieved from /opt/airflow/dags/simple_pipeline_dag.py
[2025-11-09T06:47:10.057+0000] {logging_mixin.py:188} INFO - [2025-11-09T06:47:10.057+0000] {dag.py:3036} INFO - Sync 1 DAGs
[2025-11-09T06:47:10.113+0000] {logging_mixin.py:188} INFO - [2025-11-09T06:47:10.112+0000] {dag.py:3823} INFO - Setting next_dagrun for simple_pipeline_dag to 2025-11-09 06:00:00+00:00, run_after=2025-11-09 07:00:00+00:00
[2025-11-09T06:47:10.152+0000] {processor.py:183} INFO - Processing /opt/airflow/dags/simple_pipeline_dag.py took 0.216 seconds
[2025-11-09T06:47:40.606+0000] {processor.py:161} INFO - Started process (PID=210) to work on /opt/airflow/dags/simple_pipeline_dag.py
[2025-11-09T06:47:40.608+0000] {processor.py:830} INFO - Processing file /opt/airflow/dags/simple_pipeline_dag.py for tasks to queue
[2025-11-09T06:47:40.613+0000] {logging_mixin.py:188} INFO - [2025-11-09T06:47:40.612+0000] {dagbag.py:538} INFO - Filling up the DagBag from /opt/airflow/dags/simple_pipeline_dag.py
[2025-11-09T06:47:40.669+0000] {processor.py:840} INFO - DAG(s) 'simple_pipeline_dag' retrieved from /opt/airflow/dags/simple_pipeline_dag.py
[2025-11-09T06:47:40.788+0000] {logging_mixin.py:188} INFO - [2025-11-09T06:47:40.787+0000] {dag.py:3036} INFO - Sync 1 DAGs
[2025-11-09T06:47:40.857+0000] {logging_mixin.py:188} INFO - [2025-11-09T06:47:40.856+0000] {dag.py:3823} INFO - Setting next_dagrun for simple_pipeline_dag to 2025-11-09 06:00:00+00:00, run_after=2025-11-09 07:00:00+00:00
[2025-11-09T06:47:40.897+0000] {processor.py:183} INFO - Processing /opt/airflow/dags/simple_pipeline_dag.py took 0.301 seconds
[2025-11-09T06:48:11.307+0000] {processor.py:161} INFO - Started process (PID=219) to work on /opt/airflow/dags/simple_pipeline_dag.py
[2025-11-09T06:48:11.311+0000] {processor.py:830} INFO - Processing file /opt/airflow/dags/simple_pipeline_dag.py for tasks to queue
[2025-11-09T06:48:11.316+0000] {logging_mixin.py:188} INFO - [2025-11-09T06:48:11.316+0000] {dagbag.py:538} INFO - Filling up the DagBag from /opt/airflow/dags/simple_pipeline_dag.py
[2025-11-09T06:48:11.359+0000] {processor.py:840} INFO - DAG(s) 'simple_pipeline_dag' retrieved from /opt/airflow/dags/simple_pipeline_dag.py
[2025-11-09T06:48:11.419+0000] {logging_mixin.py:188} INFO - [2025-11-09T06:48:11.418+0000] {dag.py:3036} INFO - Sync 1 DAGs
[2025-11-09T06:48:11.472+0000] {logging_mixin.py:188} INFO - [2025-11-09T06:48:11.471+0000] {dag.py:3823} INFO - Setting next_dagrun for simple_pipeline_dag to 2025-11-09 06:00:00+00:00, run_after=2025-11-09 07:00:00+00:00
[2025-11-09T06:48:11.517+0000] {processor.py:183} INFO - Processing /opt/airflow/dags/simple_pipeline_dag.py took 0.218 seconds
[2025-11-09T06:48:45.073+0000] {processor.py:161} INFO - Started process (PID=228) to work on /opt/airflow/dags/simple_pipeline_dag.py
[2025-11-09T06:48:45.088+0000] {processor.py:830} INFO - Processing file /opt/airflow/dags/simple_pipeline_dag.py for tasks to queue
[2025-11-09T06:48:45.106+0000] {logging_mixin.py:188} INFO - [2025-11-09T06:48:45.105+0000] {dagbag.py:538} INFO - Filling up the DagBag from /opt/airflow/dags/simple_pipeline_dag.py
[2025-11-09T06:48:45.366+0000] {processor.py:840} INFO - DAG(s) 'simple_pipeline_dag' retrieved from /opt/airflow/dags/simple_pipeline_dag.py
[2025-11-09T06:48:45.723+0000] {logging_mixin.py:188} INFO - [2025-11-09T06:48:45.721+0000] {dag.py:3036} INFO - Sync 1 DAGs
[2025-11-09T06:48:46.045+0000] {logging_mixin.py:188} INFO - [2025-11-09T06:48:46.045+0000] {dag.py:3823} INFO - Setting next_dagrun for simple_pipeline_dag to 2025-11-09 06:00:00+00:00, run_after=2025-11-09 07:00:00+00:00
[2025-11-09T06:48:46.346+0000] {processor.py:183} INFO - Processing /opt/airflow/dags/simple_pipeline_dag.py took 1.308 seconds
[2025-11-09T06:49:17.948+0000] {processor.py:161} INFO - Started process (PID=237) to work on /opt/airflow/dags/simple_pipeline_dag.py
[2025-11-09T06:49:17.963+0000] {processor.py:830} INFO - Processing file /opt/airflow/dags/simple_pipeline_dag.py for tasks to queue
[2025-11-09T06:49:17.991+0000] {logging_mixin.py:188} INFO - [2025-11-09T06:49:17.982+0000] {dagbag.py:538} INFO - Filling up the DagBag from /opt/airflow/dags/simple_pipeline_dag.py
[2025-11-09T06:49:18.426+0000] {processor.py:840} INFO - DAG(s) 'simple_pipeline_dag' retrieved from /opt/airflow/dags/simple_pipeline_dag.py
[2025-11-09T06:49:18.748+0000] {logging_mixin.py:188} INFO - [2025-11-09T06:49:18.747+0000] {dag.py:3036} INFO - Sync 1 DAGs
[2025-11-09T06:49:19.048+0000] {logging_mixin.py:188} INFO - [2025-11-09T06:49:19.047+0000] {dag.py:3823} INFO - Setting next_dagrun for simple_pipeline_dag to 2025-11-09 06:00:00+00:00, run_after=2025-11-09 07:00:00+00:00
[2025-11-09T06:49:19.346+0000] {processor.py:183} INFO - Processing /opt/airflow/dags/simple_pipeline_dag.py took 1.431 seconds
[2025-11-09T06:49:50.747+0000] {processor.py:161} INFO - Started process (PID=245) to work on /opt/airflow/dags/simple_pipeline_dag.py
[2025-11-09T06:49:50.763+0000] {processor.py:830} INFO - Processing file /opt/airflow/dags/simple_pipeline_dag.py for tasks to queue
[2025-11-09T06:49:50.811+0000] {logging_mixin.py:188} INFO - [2025-11-09T06:49:50.799+0000] {dagbag.py:538} INFO - Filling up the DagBag from /opt/airflow/dags/simple_pipeline_dag.py
[2025-11-09T06:49:51.243+0000] {processor.py:840} INFO - DAG(s) 'simple_pipeline_dag' retrieved from /opt/airflow/dags/simple_pipeline_dag.py
[2025-11-09T06:49:51.900+0000] {logging_mixin.py:188} INFO - [2025-11-09T06:49:51.899+0000] {dag.py:3036} INFO - Sync 1 DAGs
[2025-11-09T06:49:52.573+0000] {logging_mixin.py:188} INFO - [2025-11-09T06:49:52.572+0000] {dag.py:3823} INFO - Setting next_dagrun for simple_pipeline_dag to 2025-11-09 06:00:00+00:00, run_after=2025-11-09 07:00:00+00:00
[2025-11-09T06:49:52.946+0000] {processor.py:183} INFO - Processing /opt/airflow/dags/simple_pipeline_dag.py took 2.343 seconds
[2025-11-09T06:50:23.263+0000] {processor.py:161} INFO - Started process (PID=255) to work on /opt/airflow/dags/simple_pipeline_dag.py
[2025-11-09T06:50:23.267+0000] {processor.py:830} INFO - Processing file /opt/airflow/dags/simple_pipeline_dag.py for tasks to queue
[2025-11-09T06:50:23.284+0000] {logging_mixin.py:188} INFO - [2025-11-09T06:50:23.272+0000] {dagbag.py:538} INFO - Filling up the DagBag from /opt/airflow/dags/simple_pipeline_dag.py
[2025-11-09T06:50:23.391+0000] {processor.py:840} INFO - DAG(s) 'simple_pipeline_dag' retrieved from /opt/airflow/dags/simple_pipeline_dag.py
[2025-11-09T06:50:23.581+0000] {logging_mixin.py:188} INFO - [2025-11-09T06:50:23.581+0000] {dag.py:3036} INFO - Sync 1 DAGs
[2025-11-09T06:50:23.741+0000] {logging_mixin.py:188} INFO - [2025-11-09T06:50:23.740+0000] {dag.py:3823} INFO - Setting next_dagrun for simple_pipeline_dag to 2025-11-09 06:00:00+00:00, run_after=2025-11-09 07:00:00+00:00
[2025-11-09T06:50:23.877+0000] {processor.py:183} INFO - Processing /opt/airflow/dags/simple_pipeline_dag.py took 0.642 seconds
[2025-11-09T06:50:54.470+0000] {processor.py:161} INFO - Started process (PID=265) to work on /opt/airflow/dags/simple_pipeline_dag.py
[2025-11-09T06:50:54.472+0000] {processor.py:830} INFO - Processing file /opt/airflow/dags/simple_pipeline_dag.py for tasks to queue
[2025-11-09T06:50:54.487+0000] {logging_mixin.py:188} INFO - [2025-11-09T06:50:54.486+0000] {dagbag.py:538} INFO - Filling up the DagBag from /opt/airflow/dags/simple_pipeline_dag.py
[2025-11-09T06:50:54.631+0000] {processor.py:840} INFO - DAG(s) 'simple_pipeline_dag' retrieved from /opt/airflow/dags/simple_pipeline_dag.py
[2025-11-09T06:50:54.920+0000] {logging_mixin.py:188} INFO - [2025-11-09T06:50:54.919+0000] {dag.py:3036} INFO - Sync 1 DAGs
[2025-11-09T06:50:55.143+0000] {logging_mixin.py:188} INFO - [2025-11-09T06:50:55.132+0000] {dag.py:3823} INFO - Setting next_dagrun for simple_pipeline_dag to 2025-11-09 06:00:00+00:00, run_after=2025-11-09 07:00:00+00:00
[2025-11-09T06:50:55.290+0000] {processor.py:183} INFO - Processing /opt/airflow/dags/simple_pipeline_dag.py took 0.847 seconds
[2025-11-09T06:51:26.004+0000] {processor.py:161} INFO - Started process (PID=273) to work on /opt/airflow/dags/simple_pipeline_dag.py
[2025-11-09T06:51:26.008+0000] {processor.py:830} INFO - Processing file /opt/airflow/dags/simple_pipeline_dag.py for tasks to queue
[2025-11-09T06:51:26.078+0000] {logging_mixin.py:188} INFO - [2025-11-09T06:51:26.038+0000] {dagbag.py:538} INFO - Filling up the DagBag from /opt/airflow/dags/simple_pipeline_dag.py
[2025-11-09T06:51:26.192+0000] {processor.py:840} INFO - DAG(s) 'simple_pipeline_dag' retrieved from /opt/airflow/dags/simple_pipeline_dag.py
[2025-11-09T06:51:26.421+0000] {logging_mixin.py:188} INFO - [2025-11-09T06:51:26.420+0000] {dag.py:3036} INFO - Sync 1 DAGs
[2025-11-09T06:51:26.636+0000] {logging_mixin.py:188} INFO - [2025-11-09T06:51:26.635+0000] {dag.py:3823} INFO - Setting next_dagrun for simple_pipeline_dag to 2025-11-09 06:00:00+00:00, run_after=2025-11-09 07:00:00+00:00
[2025-11-09T06:51:26.771+0000] {processor.py:183} INFO - Processing /opt/airflow/dags/simple_pipeline_dag.py took 0.783 seconds
[2025-11-09T06:51:57.337+0000] {processor.py:161} INFO - Started process (PID=282) to work on /opt/airflow/dags/simple_pipeline_dag.py
[2025-11-09T06:51:57.344+0000] {processor.py:830} INFO - Processing file /opt/airflow/dags/simple_pipeline_dag.py for tasks to queue
[2025-11-09T06:51:57.349+0000] {logging_mixin.py:188} INFO - [2025-11-09T06:51:57.349+0000] {dagbag.py:538} INFO - Filling up the DagBag from /opt/airflow/dags/simple_pipeline_dag.py
[2025-11-09T06:51:57.412+0000] {processor.py:840} INFO - DAG(s) 'simple_pipeline_dag' retrieved from /opt/airflow/dags/simple_pipeline_dag.py
[2025-11-09T06:51:57.493+0000] {logging_mixin.py:188} INFO - [2025-11-09T06:51:57.492+0000] {dag.py:3036} INFO - Sync 1 DAGs
[2025-11-09T06:51:57.553+0000] {logging_mixin.py:188} INFO - [2025-11-09T06:51:57.552+0000] {dag.py:3823} INFO - Setting next_dagrun for simple_pipeline_dag to 2025-11-09 06:00:00+00:00, run_after=2025-11-09 07:00:00+00:00
[2025-11-09T06:51:57.612+0000] {processor.py:183} INFO - Processing /opt/airflow/dags/simple_pipeline_dag.py took 0.285 seconds
[2025-11-09T06:52:28.008+0000] {processor.py:161} INFO - Started process (PID=291) to work on /opt/airflow/dags/simple_pipeline_dag.py
[2025-11-09T06:52:28.012+0000] {processor.py:830} INFO - Processing file /opt/airflow/dags/simple_pipeline_dag.py for tasks to queue
[2025-11-09T06:52:28.022+0000] {logging_mixin.py:188} INFO - [2025-11-09T06:52:28.021+0000] {dagbag.py:538} INFO - Filling up the DagBag from /opt/airflow/dags/simple_pipeline_dag.py
[2025-11-09T06:52:28.090+0000] {processor.py:840} INFO - DAG(s) 'simple_pipeline_dag' retrieved from /opt/airflow/dags/simple_pipeline_dag.py
[2025-11-09T06:52:28.152+0000] {logging_mixin.py:188} INFO - [2025-11-09T06:52:28.152+0000] {dag.py:3036} INFO - Sync 1 DAGs
[2025-11-09T06:52:28.208+0000] {logging_mixin.py:188} INFO - [2025-11-09T06:52:28.207+0000] {dag.py:3823} INFO - Setting next_dagrun for simple_pipeline_dag to 2025-11-09 06:00:00+00:00, run_after=2025-11-09 07:00:00+00:00
[2025-11-09T06:52:28.258+0000] {processor.py:183} INFO - Processing /opt/airflow/dags/simple_pipeline_dag.py took 0.263 seconds
[2025-11-09T06:52:58.533+0000] {processor.py:161} INFO - Started process (PID=300) to work on /opt/airflow/dags/simple_pipeline_dag.py
[2025-11-09T06:52:58.536+0000] {processor.py:830} INFO - Processing file /opt/airflow/dags/simple_pipeline_dag.py for tasks to queue
[2025-11-09T06:52:58.541+0000] {logging_mixin.py:188} INFO - [2025-11-09T06:52:58.540+0000] {dagbag.py:538} INFO - Filling up the DagBag from /opt/airflow/dags/simple_pipeline_dag.py
[2025-11-09T06:52:58.592+0000] {processor.py:840} INFO - DAG(s) 'simple_pipeline_dag' retrieved from /opt/airflow/dags/simple_pipeline_dag.py
[2025-11-09T06:52:58.658+0000] {logging_mixin.py:188} INFO - [2025-11-09T06:52:58.658+0000] {dag.py:3036} INFO - Sync 1 DAGs
[2025-11-09T06:52:58.706+0000] {logging_mixin.py:188} INFO - [2025-11-09T06:52:58.705+0000] {dag.py:3823} INFO - Setting next_dagrun for simple_pipeline_dag to 2025-11-09 06:00:00+00:00, run_after=2025-11-09 07:00:00+00:00
[2025-11-09T06:52:58.756+0000] {processor.py:183} INFO - Processing /opt/airflow/dags/simple_pipeline_dag.py took 0.234 seconds
[2025-11-09T06:53:28.899+0000] {processor.py:161} INFO - Started process (PID=309) to work on /opt/airflow/dags/simple_pipeline_dag.py
[2025-11-09T06:53:28.903+0000] {processor.py:830} INFO - Processing file /opt/airflow/dags/simple_pipeline_dag.py for tasks to queue
[2025-11-09T06:53:28.910+0000] {logging_mixin.py:188} INFO - [2025-11-09T06:53:28.909+0000] {dagbag.py:538} INFO - Filling up the DagBag from /opt/airflow/dags/simple_pipeline_dag.py
[2025-11-09T06:53:28.970+0000] {processor.py:840} INFO - DAG(s) 'simple_pipeline_dag' retrieved from /opt/airflow/dags/simple_pipeline_dag.py
[2025-11-09T06:53:29.067+0000] {logging_mixin.py:188} INFO - [2025-11-09T06:53:29.066+0000] {dag.py:3036} INFO - Sync 1 DAGs
[2025-11-09T06:53:29.227+0000] {logging_mixin.py:188} INFO - [2025-11-09T06:53:29.226+0000] {dag.py:3823} INFO - Setting next_dagrun for simple_pipeline_dag to 2025-11-09 06:00:00+00:00, run_after=2025-11-09 07:00:00+00:00
[2025-11-09T06:53:29.307+0000] {processor.py:183} INFO - Processing /opt/airflow/dags/simple_pipeline_dag.py took 0.423 seconds
[2025-11-09T06:53:59.685+0000] {processor.py:161} INFO - Started process (PID=318) to work on /opt/airflow/dags/simple_pipeline_dag.py
[2025-11-09T06:53:59.691+0000] {processor.py:830} INFO - Processing file /opt/airflow/dags/simple_pipeline_dag.py for tasks to queue
[2025-11-09T06:53:59.700+0000] {logging_mixin.py:188} INFO - [2025-11-09T06:53:59.698+0000] {dagbag.py:538} INFO - Filling up the DagBag from /opt/airflow/dags/simple_pipeline_dag.py
[2025-11-09T06:53:59.755+0000] {processor.py:840} INFO - DAG(s) 'simple_pipeline_dag' retrieved from /opt/airflow/dags/simple_pipeline_dag.py
[2025-11-09T06:53:59.833+0000] {logging_mixin.py:188} INFO - [2025-11-09T06:53:59.832+0000] {dag.py:3036} INFO - Sync 1 DAGs
[2025-11-09T06:53:59.904+0000] {logging_mixin.py:188} INFO - [2025-11-09T06:53:59.904+0000] {dag.py:3823} INFO - Setting next_dagrun for simple_pipeline_dag to 2025-11-09 06:00:00+00:00, run_after=2025-11-09 07:00:00+00:00
[2025-11-09T06:53:59.959+0000] {processor.py:183} INFO - Processing /opt/airflow/dags/simple_pipeline_dag.py took 0.288 seconds
[2025-11-09T06:54:30.913+0000] {processor.py:161} INFO - Started process (PID=327) to work on /opt/airflow/dags/simple_pipeline_dag.py
[2025-11-09T06:54:30.947+0000] {processor.py:830} INFO - Processing file /opt/airflow/dags/simple_pipeline_dag.py for tasks to queue
[2025-11-09T06:54:31.018+0000] {logging_mixin.py:188} INFO - [2025-11-09T06:54:31.013+0000] {dagbag.py:538} INFO - Filling up the DagBag from /opt/airflow/dags/simple_pipeline_dag.py
[2025-11-09T06:54:31.975+0000] {processor.py:840} INFO - DAG(s) 'simple_pipeline_dag' retrieved from /opt/airflow/dags/simple_pipeline_dag.py
[2025-11-09T06:54:32.807+0000] {logging_mixin.py:188} INFO - [2025-11-09T06:54:32.793+0000] {dag.py:3036} INFO - Sync 1 DAGs
[2025-11-09T06:54:33.405+0000] {logging_mixin.py:188} INFO - [2025-11-09T06:54:33.404+0000] {dag.py:3823} INFO - Setting next_dagrun for simple_pipeline_dag to 2025-11-09 06:00:00+00:00, run_after=2025-11-09 07:00:00+00:00
[2025-11-09T06:54:33.972+0000] {processor.py:183} INFO - Processing /opt/airflow/dags/simple_pipeline_dag.py took 3.136 seconds
[2025-11-09T06:55:04.411+0000] {processor.py:161} INFO - Started process (PID=336) to work on /opt/airflow/dags/simple_pipeline_dag.py
[2025-11-09T06:55:04.414+0000] {processor.py:830} INFO - Processing file /opt/airflow/dags/simple_pipeline_dag.py for tasks to queue
[2025-11-09T06:55:04.419+0000] {logging_mixin.py:188} INFO - [2025-11-09T06:55:04.418+0000] {dagbag.py:538} INFO - Filling up the DagBag from /opt/airflow/dags/simple_pipeline_dag.py
[2025-11-09T06:55:04.466+0000] {processor.py:840} INFO - DAG(s) 'simple_pipeline_dag' retrieved from /opt/airflow/dags/simple_pipeline_dag.py
[2025-11-09T06:55:04.544+0000] {logging_mixin.py:188} INFO - [2025-11-09T06:55:04.544+0000] {dag.py:3036} INFO - Sync 1 DAGs
[2025-11-09T06:55:04.592+0000] {logging_mixin.py:188} INFO - [2025-11-09T06:55:04.592+0000] {dag.py:3823} INFO - Setting next_dagrun for simple_pipeline_dag to 2025-11-09 06:00:00+00:00, run_after=2025-11-09 07:00:00+00:00
[2025-11-09T06:55:04.653+0000] {processor.py:183} INFO - Processing /opt/airflow/dags/simple_pipeline_dag.py took 0.252 seconds
[2025-11-09T06:55:35.543+0000] {processor.py:161} INFO - Started process (PID=345) to work on /opt/airflow/dags/simple_pipeline_dag.py
[2025-11-09T06:55:35.545+0000] {processor.py:830} INFO - Processing file /opt/airflow/dags/simple_pipeline_dag.py for tasks to queue
[2025-11-09T06:55:35.551+0000] {logging_mixin.py:188} INFO - [2025-11-09T06:55:35.550+0000] {dagbag.py:538} INFO - Filling up the DagBag from /opt/airflow/dags/simple_pipeline_dag.py
[2025-11-09T06:55:35.617+0000] {processor.py:840} INFO - DAG(s) 'simple_pipeline_dag' retrieved from /opt/airflow/dags/simple_pipeline_dag.py
[2025-11-09T06:55:35.690+0000] {logging_mixin.py:188} INFO - [2025-11-09T06:55:35.690+0000] {dag.py:3036} INFO - Sync 1 DAGs
[2025-11-09T06:55:35.775+0000] {logging_mixin.py:188} INFO - [2025-11-09T06:55:35.774+0000] {dag.py:3823} INFO - Setting next_dagrun for simple_pipeline_dag to 2025-11-09 06:00:00+00:00, run_after=2025-11-09 07:00:00+00:00
[2025-11-09T06:55:35.837+0000] {processor.py:183} INFO - Processing /opt/airflow/dags/simple_pipeline_dag.py took 0.305 seconds
[2025-11-09T06:56:06.581+0000] {processor.py:161} INFO - Started process (PID=360) to work on /opt/airflow/dags/simple_pipeline_dag.py
[2025-11-09T06:56:06.584+0000] {processor.py:830} INFO - Processing file /opt/airflow/dags/simple_pipeline_dag.py for tasks to queue
[2025-11-09T06:56:06.589+0000] {logging_mixin.py:188} INFO - [2025-11-09T06:56:06.588+0000] {dagbag.py:538} INFO - Filling up the DagBag from /opt/airflow/dags/simple_pipeline_dag.py
[2025-11-09T06:56:06.630+0000] {processor.py:840} INFO - DAG(s) 'simple_pipeline_dag' retrieved from /opt/airflow/dags/simple_pipeline_dag.py
[2025-11-09T06:56:06.686+0000] {logging_mixin.py:188} INFO - [2025-11-09T06:56:06.686+0000] {dag.py:3036} INFO - Sync 1 DAGs
[2025-11-09T06:56:06.733+0000] {logging_mixin.py:188} INFO - [2025-11-09T06:56:06.733+0000] {dag.py:3823} INFO - Setting next_dagrun for simple_pipeline_dag to 2025-11-09 06:00:00+00:00, run_after=2025-11-09 07:00:00+00:00
[2025-11-09T06:56:06.779+0000] {processor.py:183} INFO - Processing /opt/airflow/dags/simple_pipeline_dag.py took 0.206 seconds
[2025-11-09T06:56:36.869+0000] {processor.py:161} INFO - Started process (PID=369) to work on /opt/airflow/dags/simple_pipeline_dag.py
[2025-11-09T06:56:36.872+0000] {processor.py:830} INFO - Processing file /opt/airflow/dags/simple_pipeline_dag.py for tasks to queue
[2025-11-09T06:56:36.877+0000] {logging_mixin.py:188} INFO - [2025-11-09T06:56:36.876+0000] {dagbag.py:538} INFO - Filling up the DagBag from /opt/airflow/dags/simple_pipeline_dag.py
[2025-11-09T06:56:36.928+0000] {processor.py:840} INFO - DAG(s) 'simple_pipeline_dag' retrieved from /opt/airflow/dags/simple_pipeline_dag.py
[2025-11-09T06:56:36.998+0000] {logging_mixin.py:188} INFO - [2025-11-09T06:56:36.997+0000] {dag.py:3036} INFO - Sync 1 DAGs
[2025-11-09T06:56:37.055+0000] {logging_mixin.py:188} INFO - [2025-11-09T06:56:37.055+0000] {dag.py:3823} INFO - Setting next_dagrun for simple_pipeline_dag to 2025-11-09 06:00:00+00:00, run_after=2025-11-09 07:00:00+00:00
[2025-11-09T06:56:37.099+0000] {processor.py:183} INFO - Processing /opt/airflow/dags/simple_pipeline_dag.py took 0.239 seconds
[2025-11-09T06:57:08.080+0000] {processor.py:161} INFO - Started process (PID=378) to work on /opt/airflow/dags/simple_pipeline_dag.py
[2025-11-09T06:57:08.083+0000] {processor.py:830} INFO - Processing file /opt/airflow/dags/simple_pipeline_dag.py for tasks to queue
[2025-11-09T06:57:08.088+0000] {logging_mixin.py:188} INFO - [2025-11-09T06:57:08.087+0000] {dagbag.py:538} INFO - Filling up the DagBag from /opt/airflow/dags/simple_pipeline_dag.py
[2025-11-09T06:57:08.152+0000] {processor.py:840} INFO - DAG(s) 'simple_pipeline_dag' retrieved from /opt/airflow/dags/simple_pipeline_dag.py
[2025-11-09T06:57:08.219+0000] {logging_mixin.py:188} INFO - [2025-11-09T06:57:08.219+0000] {dag.py:3036} INFO - Sync 1 DAGs
[2025-11-09T06:57:08.280+0000] {logging_mixin.py:188} INFO - [2025-11-09T06:57:08.279+0000] {dag.py:3823} INFO - Setting next_dagrun for simple_pipeline_dag to 2025-11-09 06:00:00+00:00, run_after=2025-11-09 07:00:00+00:00
[2025-11-09T06:57:08.342+0000] {processor.py:183} INFO - Processing /opt/airflow/dags/simple_pipeline_dag.py took 0.270 seconds
[2025-11-09T06:57:38.586+0000] {processor.py:161} INFO - Started process (PID=387) to work on /opt/airflow/dags/simple_pipeline_dag.py
[2025-11-09T06:57:38.589+0000] {processor.py:830} INFO - Processing file /opt/airflow/dags/simple_pipeline_dag.py for tasks to queue
[2025-11-09T06:57:38.595+0000] {logging_mixin.py:188} INFO - [2025-11-09T06:57:38.595+0000] {dagbag.py:538} INFO - Filling up the DagBag from /opt/airflow/dags/simple_pipeline_dag.py
[2025-11-09T06:57:38.632+0000] {processor.py:840} INFO - DAG(s) 'simple_pipeline_dag' retrieved from /opt/airflow/dags/simple_pipeline_dag.py
[2025-11-09T06:57:38.686+0000] {logging_mixin.py:188} INFO - [2025-11-09T06:57:38.685+0000] {dag.py:3036} INFO - Sync 1 DAGs
[2025-11-09T06:57:38.733+0000] {logging_mixin.py:188} INFO - [2025-11-09T06:57:38.733+0000] {dag.py:3823} INFO - Setting next_dagrun for simple_pipeline_dag to 2025-11-09 06:00:00+00:00, run_after=2025-11-09 07:00:00+00:00
[2025-11-09T06:57:38.773+0000] {processor.py:183} INFO - Processing /opt/airflow/dags/simple_pipeline_dag.py took 0.198 seconds
[2025-11-09T06:58:09.446+0000] {processor.py:161} INFO - Started process (PID=396) to work on /opt/airflow/dags/simple_pipeline_dag.py
[2025-11-09T06:58:09.448+0000] {processor.py:830} INFO - Processing file /opt/airflow/dags/simple_pipeline_dag.py for tasks to queue
[2025-11-09T06:58:09.453+0000] {logging_mixin.py:188} INFO - [2025-11-09T06:58:09.452+0000] {dagbag.py:538} INFO - Filling up the DagBag from /opt/airflow/dags/simple_pipeline_dag.py
[2025-11-09T06:58:09.505+0000] {processor.py:840} INFO - DAG(s) 'simple_pipeline_dag' retrieved from /opt/airflow/dags/simple_pipeline_dag.py
[2025-11-09T06:58:09.573+0000] {logging_mixin.py:188} INFO - [2025-11-09T06:58:09.572+0000] {dag.py:3036} INFO - Sync 1 DAGs
[2025-11-09T06:58:09.635+0000] {logging_mixin.py:188} INFO - [2025-11-09T06:58:09.634+0000] {dag.py:3823} INFO - Setting next_dagrun for simple_pipeline_dag to 2025-11-09 06:00:00+00:00, run_after=2025-11-09 07:00:00+00:00
[2025-11-09T06:58:09.689+0000] {processor.py:183} INFO - Processing /opt/airflow/dags/simple_pipeline_dag.py took 0.254 seconds
[2025-11-09T06:58:39.819+0000] {processor.py:161} INFO - Started process (PID=405) to work on /opt/airflow/dags/simple_pipeline_dag.py
[2025-11-09T06:58:39.823+0000] {processor.py:830} INFO - Processing file /opt/airflow/dags/simple_pipeline_dag.py for tasks to queue
[2025-11-09T06:58:39.830+0000] {logging_mixin.py:188} INFO - [2025-11-09T06:58:39.829+0000] {dagbag.py:538} INFO - Filling up the DagBag from /opt/airflow/dags/simple_pipeline_dag.py
[2025-11-09T06:58:39.898+0000] {processor.py:840} INFO - DAG(s) 'simple_pipeline_dag' retrieved from /opt/airflow/dags/simple_pipeline_dag.py
[2025-11-09T06:58:39.975+0000] {logging_mixin.py:188} INFO - [2025-11-09T06:58:39.975+0000] {dag.py:3036} INFO - Sync 1 DAGs
[2025-11-09T06:58:40.038+0000] {logging_mixin.py:188} INFO - [2025-11-09T06:58:40.037+0000] {dag.py:3823} INFO - Setting next_dagrun for simple_pipeline_dag to 2025-11-09 06:00:00+00:00, run_after=2025-11-09 07:00:00+00:00
[2025-11-09T06:58:40.093+0000] {processor.py:183} INFO - Processing /opt/airflow/dags/simple_pipeline_dag.py took 0.284 seconds
[2025-11-09T06:59:10.470+0000] {processor.py:161} INFO - Started process (PID=414) to work on /opt/airflow/dags/simple_pipeline_dag.py
[2025-11-09T06:59:10.472+0000] {processor.py:830} INFO - Processing file /opt/airflow/dags/simple_pipeline_dag.py for tasks to queue
[2025-11-09T06:59:10.477+0000] {logging_mixin.py:188} INFO - [2025-11-09T06:59:10.476+0000] {dagbag.py:538} INFO - Filling up the DagBag from /opt/airflow/dags/simple_pipeline_dag.py
[2025-11-09T06:59:10.528+0000] {processor.py:840} INFO - DAG(s) 'simple_pipeline_dag' retrieved from /opt/airflow/dags/simple_pipeline_dag.py
[2025-11-09T06:59:10.585+0000] {logging_mixin.py:188} INFO - [2025-11-09T06:59:10.585+0000] {dag.py:3036} INFO - Sync 1 DAGs
[2025-11-09T06:59:10.631+0000] {logging_mixin.py:188} INFO - [2025-11-09T06:59:10.631+0000] {dag.py:3823} INFO - Setting next_dagrun for simple_pipeline_dag to 2025-11-09 06:00:00+00:00, run_after=2025-11-09 07:00:00+00:00
[2025-11-09T06:59:10.676+0000] {processor.py:183} INFO - Processing /opt/airflow/dags/simple_pipeline_dag.py took 0.215 seconds
[2025-11-09T06:59:40.810+0000] {processor.py:161} INFO - Started process (PID=423) to work on /opt/airflow/dags/simple_pipeline_dag.py
[2025-11-09T06:59:40.813+0000] {processor.py:830} INFO - Processing file /opt/airflow/dags/simple_pipeline_dag.py for tasks to queue
[2025-11-09T06:59:40.818+0000] {logging_mixin.py:188} INFO - [2025-11-09T06:59:40.817+0000] {dagbag.py:538} INFO - Filling up the DagBag from /opt/airflow/dags/simple_pipeline_dag.py
[2025-11-09T06:59:40.870+0000] {processor.py:840} INFO - DAG(s) 'simple_pipeline_dag' retrieved from /opt/airflow/dags/simple_pipeline_dag.py
[2025-11-09T06:59:40.928+0000] {logging_mixin.py:188} INFO - [2025-11-09T06:59:40.928+0000] {dag.py:3036} INFO - Sync 1 DAGs
[2025-11-09T06:59:40.975+0000] {logging_mixin.py:188} INFO - [2025-11-09T06:59:40.975+0000] {dag.py:3823} INFO - Setting next_dagrun for simple_pipeline_dag to 2025-11-09 06:00:00+00:00, run_after=2025-11-09 07:00:00+00:00
[2025-11-09T06:59:41.017+0000] {processor.py:183} INFO - Processing /opt/airflow/dags/simple_pipeline_dag.py took 0.215 seconds
[2025-11-09T07:00:11.302+0000] {processor.py:161} INFO - Started process (PID=432) to work on /opt/airflow/dags/simple_pipeline_dag.py
[2025-11-09T07:00:11.305+0000] {processor.py:830} INFO - Processing file /opt/airflow/dags/simple_pipeline_dag.py for tasks to queue
[2025-11-09T07:00:11.309+0000] {logging_mixin.py:188} INFO - [2025-11-09T07:00:11.309+0000] {dagbag.py:538} INFO - Filling up the DagBag from /opt/airflow/dags/simple_pipeline_dag.py
[2025-11-09T07:00:11.353+0000] {processor.py:840} INFO - DAG(s) 'simple_pipeline_dag' retrieved from /opt/airflow/dags/simple_pipeline_dag.py
[2025-11-09T07:00:11.409+0000] {logging_mixin.py:188} INFO - [2025-11-09T07:00:11.409+0000] {dag.py:3036} INFO - Sync 1 DAGs
[2025-11-09T07:00:11.456+0000] {logging_mixin.py:188} INFO - [2025-11-09T07:00:11.456+0000] {dag.py:3823} INFO - Setting next_dagrun for simple_pipeline_dag to 2025-11-09 07:00:00+00:00, run_after=2025-11-09 08:00:00+00:00
[2025-11-09T07:00:11.500+0000] {processor.py:183} INFO - Processing /opt/airflow/dags/simple_pipeline_dag.py took 0.206 seconds
[2025-11-09T07:00:42.199+0000] {processor.py:161} INFO - Started process (PID=441) to work on /opt/airflow/dags/simple_pipeline_dag.py
[2025-11-09T07:00:42.202+0000] {processor.py:830} INFO - Processing file /opt/airflow/dags/simple_pipeline_dag.py for tasks to queue
[2025-11-09T07:00:42.207+0000] {logging_mixin.py:188} INFO - [2025-11-09T07:00:42.206+0000] {dagbag.py:538} INFO - Filling up the DagBag from /opt/airflow/dags/simple_pipeline_dag.py
[2025-11-09T07:00:42.251+0000] {processor.py:840} INFO - DAG(s) 'simple_pipeline_dag' retrieved from /opt/airflow/dags/simple_pipeline_dag.py
[2025-11-09T07:00:42.318+0000] {logging_mixin.py:188} INFO - [2025-11-09T07:00:42.317+0000] {dag.py:3036} INFO - Sync 1 DAGs
[2025-11-09T07:00:42.394+0000] {logging_mixin.py:188} INFO - [2025-11-09T07:00:42.393+0000] {dag.py:3823} INFO - Setting next_dagrun for simple_pipeline_dag to 2025-11-09 07:00:00+00:00, run_after=2025-11-09 08:00:00+00:00
[2025-11-09T07:00:42.448+0000] {processor.py:183} INFO - Processing /opt/airflow/dags/simple_pipeline_dag.py took 0.258 seconds
[2025-11-09T07:01:13.173+0000] {processor.py:161} INFO - Started process (PID=450) to work on /opt/airflow/dags/simple_pipeline_dag.py
[2025-11-09T07:01:13.177+0000] {processor.py:830} INFO - Processing file /opt/airflow/dags/simple_pipeline_dag.py for tasks to queue
[2025-11-09T07:01:13.185+0000] {logging_mixin.py:188} INFO - [2025-11-09T07:01:13.184+0000] {dagbag.py:538} INFO - Filling up the DagBag from /opt/airflow/dags/simple_pipeline_dag.py
[2025-11-09T07:01:13.258+0000] {processor.py:840} INFO - DAG(s) 'simple_pipeline_dag' retrieved from /opt/airflow/dags/simple_pipeline_dag.py
[2025-11-09T07:01:13.316+0000] {logging_mixin.py:188} INFO - [2025-11-09T07:01:13.316+0000] {dag.py:3036} INFO - Sync 1 DAGs
[2025-11-09T07:01:13.360+0000] {logging_mixin.py:188} INFO - [2025-11-09T07:01:13.360+0000] {dag.py:3823} INFO - Setting next_dagrun for simple_pipeline_dag to 2025-11-09 07:00:00+00:00, run_after=2025-11-09 08:00:00+00:00
[2025-11-09T07:01:13.403+0000] {processor.py:183} INFO - Processing /opt/airflow/dags/simple_pipeline_dag.py took 0.245 seconds
[2025-11-09T07:01:43.716+0000] {processor.py:161} INFO - Started process (PID=459) to work on /opt/airflow/dags/simple_pipeline_dag.py
[2025-11-09T07:01:43.719+0000] {processor.py:830} INFO - Processing file /opt/airflow/dags/simple_pipeline_dag.py for tasks to queue
[2025-11-09T07:01:43.725+0000] {logging_mixin.py:188} INFO - [2025-11-09T07:01:43.724+0000] {dagbag.py:538} INFO - Filling up the DagBag from /opt/airflow/dags/simple_pipeline_dag.py
[2025-11-09T07:01:43.776+0000] {processor.py:840} INFO - DAG(s) 'simple_pipeline_dag' retrieved from /opt/airflow/dags/simple_pipeline_dag.py
[2025-11-09T07:01:43.848+0000] {logging_mixin.py:188} INFO - [2025-11-09T07:01:43.848+0000] {dag.py:3036} INFO - Sync 1 DAGs
[2025-11-09T07:01:43.927+0000] {logging_mixin.py:188} INFO - [2025-11-09T07:01:43.927+0000] {dag.py:3823} INFO - Setting next_dagrun for simple_pipeline_dag to 2025-11-09 07:00:00+00:00, run_after=2025-11-09 08:00:00+00:00
[2025-11-09T07:01:43.990+0000] {processor.py:183} INFO - Processing /opt/airflow/dags/simple_pipeline_dag.py took 0.285 seconds
[2025-11-09T07:02:14.736+0000] {processor.py:161} INFO - Started process (PID=468) to work on /opt/airflow/dags/simple_pipeline_dag.py
[2025-11-09T07:02:14.738+0000] {processor.py:830} INFO - Processing file /opt/airflow/dags/simple_pipeline_dag.py for tasks to queue
[2025-11-09T07:02:14.743+0000] {logging_mixin.py:188} INFO - [2025-11-09T07:02:14.742+0000] {dagbag.py:538} INFO - Filling up the DagBag from /opt/airflow/dags/simple_pipeline_dag.py
[2025-11-09T07:02:14.864+0000] {processor.py:840} INFO - DAG(s) 'simple_pipeline_dag' retrieved from /opt/airflow/dags/simple_pipeline_dag.py
[2025-11-09T07:02:14.960+0000] {logging_mixin.py:188} INFO - [2025-11-09T07:02:14.959+0000] {dag.py:3036} INFO - Sync 1 DAGs
[2025-11-09T07:02:15.053+0000] {logging_mixin.py:188} INFO - [2025-11-09T07:02:15.052+0000] {dag.py:3823} INFO - Setting next_dagrun for simple_pipeline_dag to 2025-11-09 07:00:00+00:00, run_after=2025-11-09 08:00:00+00:00
[2025-11-09T07:02:15.130+0000] {processor.py:183} INFO - Processing /opt/airflow/dags/simple_pipeline_dag.py took 0.402 seconds
[2025-11-09T07:02:45.282+0000] {processor.py:161} INFO - Started process (PID=478) to work on /opt/airflow/dags/simple_pipeline_dag.py
[2025-11-09T07:02:45.284+0000] {processor.py:830} INFO - Processing file /opt/airflow/dags/simple_pipeline_dag.py for tasks to queue
[2025-11-09T07:02:45.289+0000] {logging_mixin.py:188} INFO - [2025-11-09T07:02:45.288+0000] {dagbag.py:538} INFO - Filling up the DagBag from /opt/airflow/dags/simple_pipeline_dag.py
[2025-11-09T07:02:45.449+0000] {processor.py:840} INFO - DAG(s) 'simple_pipeline_dag' retrieved from /opt/airflow/dags/simple_pipeline_dag.py
[2025-11-09T07:02:45.615+0000] {logging_mixin.py:188} INFO - [2025-11-09T07:02:45.614+0000] {dag.py:3036} INFO - Sync 1 DAGs
[2025-11-09T07:02:45.700+0000] {logging_mixin.py:188} INFO - [2025-11-09T07:02:45.699+0000] {dag.py:3823} INFO - Setting next_dagrun for simple_pipeline_dag to 2025-11-09 07:00:00+00:00, run_after=2025-11-09 08:00:00+00:00
[2025-11-09T07:02:45.743+0000] {processor.py:183} INFO - Processing /opt/airflow/dags/simple_pipeline_dag.py took 0.471 seconds
[2025-11-09T07:03:16.500+0000] {processor.py:161} INFO - Started process (PID=487) to work on /opt/airflow/dags/simple_pipeline_dag.py
[2025-11-09T07:03:16.503+0000] {processor.py:830} INFO - Processing file /opt/airflow/dags/simple_pipeline_dag.py for tasks to queue
[2025-11-09T07:03:16.508+0000] {logging_mixin.py:188} INFO - [2025-11-09T07:03:16.508+0000] {dagbag.py:538} INFO - Filling up the DagBag from /opt/airflow/dags/simple_pipeline_dag.py
[2025-11-09T07:03:16.563+0000] {processor.py:840} INFO - DAG(s) 'simple_pipeline_dag' retrieved from /opt/airflow/dags/simple_pipeline_dag.py
[2025-11-09T07:03:16.621+0000] {logging_mixin.py:188} INFO - [2025-11-09T07:03:16.621+0000] {dag.py:3036} INFO - Sync 1 DAGs
[2025-11-09T07:03:16.668+0000] {logging_mixin.py:188} INFO - [2025-11-09T07:03:16.667+0000] {dag.py:3823} INFO - Setting next_dagrun for simple_pipeline_dag to 2025-11-09 07:00:00+00:00, run_after=2025-11-09 08:00:00+00:00
[2025-11-09T07:03:16.714+0000] {processor.py:183} INFO - Processing /opt/airflow/dags/simple_pipeline_dag.py took 0.223 seconds
[2025-11-09T07:03:46.833+0000] {processor.py:161} INFO - Started process (PID=496) to work on /opt/airflow/dags/simple_pipeline_dag.py
[2025-11-09T07:03:46.836+0000] {processor.py:830} INFO - Processing file /opt/airflow/dags/simple_pipeline_dag.py for tasks to queue
[2025-11-09T07:03:46.840+0000] {logging_mixin.py:188} INFO - [2025-11-09T07:03:46.839+0000] {dagbag.py:538} INFO - Filling up the DagBag from /opt/airflow/dags/simple_pipeline_dag.py
[2025-11-09T07:03:46.884+0000] {processor.py:840} INFO - DAG(s) 'simple_pipeline_dag' retrieved from /opt/airflow/dags/simple_pipeline_dag.py
[2025-11-09T07:03:46.939+0000] {logging_mixin.py:188} INFO - [2025-11-09T07:03:46.939+0000] {dag.py:3036} INFO - Sync 1 DAGs
[2025-11-09T07:03:46.986+0000] {logging_mixin.py:188} INFO - [2025-11-09T07:03:46.985+0000] {dag.py:3823} INFO - Setting next_dagrun for simple_pipeline_dag to 2025-11-09 07:00:00+00:00, run_after=2025-11-09 08:00:00+00:00
[2025-11-09T07:03:47.034+0000] {processor.py:183} INFO - Processing /opt/airflow/dags/simple_pipeline_dag.py took 0.210 seconds
[2025-11-09T07:04:18.007+0000] {processor.py:161} INFO - Started process (PID=505) to work on /opt/airflow/dags/simple_pipeline_dag.py
[2025-11-09T07:04:18.010+0000] {processor.py:830} INFO - Processing file /opt/airflow/dags/simple_pipeline_dag.py for tasks to queue
[2025-11-09T07:04:18.014+0000] {logging_mixin.py:188} INFO - [2025-11-09T07:04:18.013+0000] {dagbag.py:538} INFO - Filling up the DagBag from /opt/airflow/dags/simple_pipeline_dag.py
[2025-11-09T07:04:18.054+0000] {processor.py:840} INFO - DAG(s) 'simple_pipeline_dag' retrieved from /opt/airflow/dags/simple_pipeline_dag.py
[2025-11-09T07:04:18.110+0000] {logging_mixin.py:188} INFO - [2025-11-09T07:04:18.110+0000] {dag.py:3036} INFO - Sync 1 DAGs
[2025-11-09T07:04:18.192+0000] {logging_mixin.py:188} INFO - [2025-11-09T07:04:18.191+0000] {dag.py:3823} INFO - Setting next_dagrun for simple_pipeline_dag to 2025-11-09 07:00:00+00:00, run_after=2025-11-09 08:00:00+00:00
[2025-11-09T07:04:18.244+0000] {processor.py:183} INFO - Processing /opt/airflow/dags/simple_pipeline_dag.py took 0.245 seconds
[2025-11-09T07:04:49.440+0000] {processor.py:161} INFO - Started process (PID=514) to work on /opt/airflow/dags/simple_pipeline_dag.py
[2025-11-09T07:04:49.454+0000] {processor.py:830} INFO - Processing file /opt/airflow/dags/simple_pipeline_dag.py for tasks to queue
[2025-11-09T07:04:49.472+0000] {logging_mixin.py:188} INFO - [2025-11-09T07:04:49.471+0000] {dagbag.py:538} INFO - Filling up the DagBag from /opt/airflow/dags/simple_pipeline_dag.py
[2025-11-09T07:04:49.794+0000] {processor.py:840} INFO - DAG(s) 'simple_pipeline_dag' retrieved from /opt/airflow/dags/simple_pipeline_dag.py
[2025-11-09T07:04:49.949+0000] {logging_mixin.py:188} INFO - [2025-11-09T07:04:49.948+0000] {dag.py:3036} INFO - Sync 1 DAGs
[2025-11-09T07:04:50.078+0000] {logging_mixin.py:188} INFO - [2025-11-09T07:04:50.078+0000] {dag.py:3823} INFO - Setting next_dagrun for simple_pipeline_dag to 2025-11-09 07:00:00+00:00, run_after=2025-11-09 08:00:00+00:00
[2025-11-09T07:04:50.348+0000] {processor.py:183} INFO - Processing /opt/airflow/dags/simple_pipeline_dag.py took 0.950 seconds
[2025-11-09T07:05:20.573+0000] {processor.py:161} INFO - Started process (PID=523) to work on /opt/airflow/dags/simple_pipeline_dag.py
[2025-11-09T07:05:20.579+0000] {processor.py:830} INFO - Processing file /opt/airflow/dags/simple_pipeline_dag.py for tasks to queue
[2025-11-09T07:05:20.585+0000] {logging_mixin.py:188} INFO - [2025-11-09T07:05:20.583+0000] {dagbag.py:538} INFO - Filling up the DagBag from /opt/airflow/dags/simple_pipeline_dag.py
[2025-11-09T07:05:20.673+0000] {processor.py:840} INFO - DAG(s) 'simple_pipeline_dag' retrieved from /opt/airflow/dags/simple_pipeline_dag.py
[2025-11-09T07:05:20.936+0000] {logging_mixin.py:188} INFO - [2025-11-09T07:05:20.936+0000] {dag.py:3036} INFO - Sync 1 DAGs
[2025-11-09T07:05:21.064+0000] {logging_mixin.py:188} INFO - [2025-11-09T07:05:21.064+0000] {dag.py:3823} INFO - Setting next_dagrun for simple_pipeline_dag to 2025-11-09 07:00:00+00:00, run_after=2025-11-09 08:00:00+00:00
[2025-11-09T07:05:21.117+0000] {processor.py:183} INFO - Processing /opt/airflow/dags/simple_pipeline_dag.py took 0.557 seconds
[2025-11-09T07:05:51.661+0000] {processor.py:161} INFO - Started process (PID=533) to work on /opt/airflow/dags/simple_pipeline_dag.py
[2025-11-09T07:05:51.665+0000] {processor.py:830} INFO - Processing file /opt/airflow/dags/simple_pipeline_dag.py for tasks to queue
[2025-11-09T07:05:51.673+0000] {logging_mixin.py:188} INFO - [2025-11-09T07:05:51.672+0000] {dagbag.py:538} INFO - Filling up the DagBag from /opt/airflow/dags/simple_pipeline_dag.py
[2025-11-09T07:05:51.729+0000] {processor.py:840} INFO - DAG(s) 'simple_pipeline_dag' retrieved from /opt/airflow/dags/simple_pipeline_dag.py
[2025-11-09T07:05:51.803+0000] {logging_mixin.py:188} INFO - [2025-11-09T07:05:51.802+0000] {dag.py:3036} INFO - Sync 1 DAGs
[2025-11-09T07:05:51.876+0000] {logging_mixin.py:188} INFO - [2025-11-09T07:05:51.874+0000] {dag.py:3823} INFO - Setting next_dagrun for simple_pipeline_dag to 2025-11-09 07:00:00+00:00, run_after=2025-11-09 08:00:00+00:00
[2025-11-09T07:05:51.999+0000] {processor.py:183} INFO - Processing /opt/airflow/dags/simple_pipeline_dag.py took 0.348 seconds
[2025-11-09T07:06:22.241+0000] {processor.py:161} INFO - Started process (PID=542) to work on /opt/airflow/dags/simple_pipeline_dag.py
[2025-11-09T07:06:22.244+0000] {processor.py:830} INFO - Processing file /opt/airflow/dags/simple_pipeline_dag.py for tasks to queue
[2025-11-09T07:06:22.249+0000] {logging_mixin.py:188} INFO - [2025-11-09T07:06:22.248+0000] {dagbag.py:538} INFO - Filling up the DagBag from /opt/airflow/dags/simple_pipeline_dag.py
[2025-11-09T07:06:22.301+0000] {processor.py:840} INFO - DAG(s) 'simple_pipeline_dag' retrieved from /opt/airflow/dags/simple_pipeline_dag.py
[2025-11-09T07:06:22.367+0000] {logging_mixin.py:188} INFO - [2025-11-09T07:06:22.366+0000] {dag.py:3036} INFO - Sync 1 DAGs
[2025-11-09T07:06:22.423+0000] {logging_mixin.py:188} INFO - [2025-11-09T07:06:22.422+0000] {dag.py:3823} INFO - Setting next_dagrun for simple_pipeline_dag to 2025-11-09 07:00:00+00:00, run_after=2025-11-09 08:00:00+00:00
[2025-11-09T07:06:22.477+0000] {processor.py:183} INFO - Processing /opt/airflow/dags/simple_pipeline_dag.py took 0.245 seconds
[2025-11-09T07:06:52.700+0000] {processor.py:161} INFO - Started process (PID=551) to work on /opt/airflow/dags/simple_pipeline_dag.py
[2025-11-09T07:06:52.704+0000] {processor.py:830} INFO - Processing file /opt/airflow/dags/simple_pipeline_dag.py for tasks to queue
[2025-11-09T07:06:52.711+0000] {logging_mixin.py:188} INFO - [2025-11-09T07:06:52.709+0000] {dagbag.py:538} INFO - Filling up the DagBag from /opt/airflow/dags/simple_pipeline_dag.py
[2025-11-09T07:06:52.812+0000] {processor.py:840} INFO - DAG(s) 'simple_pipeline_dag' retrieved from /opt/airflow/dags/simple_pipeline_dag.py
[2025-11-09T07:06:52.958+0000] {logging_mixin.py:188} INFO - [2025-11-09T07:06:52.956+0000] {dag.py:3036} INFO - Sync 1 DAGs
[2025-11-09T07:06:53.058+0000] {logging_mixin.py:188} INFO - [2025-11-09T07:06:53.057+0000] {dag.py:3823} INFO - Setting next_dagrun for simple_pipeline_dag to 2025-11-09 07:00:00+00:00, run_after=2025-11-09 08:00:00+00:00
[2025-11-09T07:06:53.131+0000] {processor.py:183} INFO - Processing /opt/airflow/dags/simple_pipeline_dag.py took 0.448 seconds
[2025-11-09T07:07:23.535+0000] {processor.py:161} INFO - Started process (PID=560) to work on /opt/airflow/dags/simple_pipeline_dag.py
[2025-11-09T07:07:23.539+0000] {processor.py:830} INFO - Processing file /opt/airflow/dags/simple_pipeline_dag.py for tasks to queue
[2025-11-09T07:07:23.546+0000] {logging_mixin.py:188} INFO - [2025-11-09T07:07:23.545+0000] {dagbag.py:538} INFO - Filling up the DagBag from /opt/airflow/dags/simple_pipeline_dag.py
[2025-11-09T07:07:23.614+0000] {processor.py:840} INFO - DAG(s) 'simple_pipeline_dag' retrieved from /opt/airflow/dags/simple_pipeline_dag.py
[2025-11-09T07:07:23.691+0000] {logging_mixin.py:188} INFO - [2025-11-09T07:07:23.690+0000] {dag.py:3036} INFO - Sync 1 DAGs
[2025-11-09T07:07:23.756+0000] {logging_mixin.py:188} INFO - [2025-11-09T07:07:23.755+0000] {dag.py:3823} INFO - Setting next_dagrun for simple_pipeline_dag to 2025-11-09 07:00:00+00:00, run_after=2025-11-09 08:00:00+00:00
[2025-11-09T07:07:23.808+0000] {processor.py:183} INFO - Processing /opt/airflow/dags/simple_pipeline_dag.py took 0.286 seconds
[2025-11-09T07:07:54.467+0000] {processor.py:161} INFO - Started process (PID=569) to work on /opt/airflow/dags/simple_pipeline_dag.py
[2025-11-09T07:07:54.470+0000] {processor.py:830} INFO - Processing file /opt/airflow/dags/simple_pipeline_dag.py for tasks to queue
[2025-11-09T07:07:54.478+0000] {logging_mixin.py:188} INFO - [2025-11-09T07:07:54.477+0000] {dagbag.py:538} INFO - Filling up the DagBag from /opt/airflow/dags/simple_pipeline_dag.py
[2025-11-09T07:07:54.536+0000] {processor.py:840} INFO - DAG(s) 'simple_pipeline_dag' retrieved from /opt/airflow/dags/simple_pipeline_dag.py
[2025-11-09T07:07:54.617+0000] {logging_mixin.py:188} INFO - [2025-11-09T07:07:54.616+0000] {dag.py:3036} INFO - Sync 1 DAGs
[2025-11-09T07:07:54.672+0000] {logging_mixin.py:188} INFO - [2025-11-09T07:07:54.671+0000] {dag.py:3823} INFO - Setting next_dagrun for simple_pipeline_dag to 2025-11-09 07:00:00+00:00, run_after=2025-11-09 08:00:00+00:00
[2025-11-09T07:07:54.719+0000] {processor.py:183} INFO - Processing /opt/airflow/dags/simple_pipeline_dag.py took 0.264 seconds
[2025-11-09T07:08:25.653+0000] {processor.py:161} INFO - Started process (PID=578) to work on /opt/airflow/dags/simple_pipeline_dag.py
[2025-11-09T07:08:25.656+0000] {processor.py:830} INFO - Processing file /opt/airflow/dags/simple_pipeline_dag.py for tasks to queue
[2025-11-09T07:08:25.663+0000] {logging_mixin.py:188} INFO - [2025-11-09T07:08:25.662+0000] {dagbag.py:538} INFO - Filling up the DagBag from /opt/airflow/dags/simple_pipeline_dag.py
[2025-11-09T07:08:25.707+0000] {processor.py:840} INFO - DAG(s) 'simple_pipeline_dag' retrieved from /opt/airflow/dags/simple_pipeline_dag.py
[2025-11-09T07:08:25.782+0000] {logging_mixin.py:188} INFO - [2025-11-09T07:08:25.781+0000] {dag.py:3036} INFO - Sync 1 DAGs
[2025-11-09T07:08:25.829+0000] {logging_mixin.py:188} INFO - [2025-11-09T07:08:25.829+0000] {dag.py:3823} INFO - Setting next_dagrun for simple_pipeline_dag to 2025-11-09 07:00:00+00:00, run_after=2025-11-09 08:00:00+00:00
[2025-11-09T07:08:25.878+0000] {processor.py:183} INFO - Processing /opt/airflow/dags/simple_pipeline_dag.py took 0.237 seconds
[2025-11-09T07:08:56.668+0000] {processor.py:161} INFO - Started process (PID=587) to work on /opt/airflow/dags/simple_pipeline_dag.py
[2025-11-09T07:08:56.671+0000] {processor.py:830} INFO - Processing file /opt/airflow/dags/simple_pipeline_dag.py for tasks to queue
[2025-11-09T07:08:56.676+0000] {logging_mixin.py:188} INFO - [2025-11-09T07:08:56.675+0000] {dagbag.py:538} INFO - Filling up the DagBag from /opt/airflow/dags/simple_pipeline_dag.py
[2025-11-09T07:08:56.730+0000] {processor.py:840} INFO - DAG(s) 'simple_pipeline_dag' retrieved from /opt/airflow/dags/simple_pipeline_dag.py
[2025-11-09T07:08:56.788+0000] {logging_mixin.py:188} INFO - [2025-11-09T07:08:56.787+0000] {dag.py:3036} INFO - Sync 1 DAGs
[2025-11-09T07:08:56.842+0000] {logging_mixin.py:188} INFO - [2025-11-09T07:08:56.842+0000] {dag.py:3823} INFO - Setting next_dagrun for simple_pipeline_dag to 2025-11-09 07:00:00+00:00, run_after=2025-11-09 08:00:00+00:00
[2025-11-09T07:08:56.883+0000] {processor.py:183} INFO - Processing /opt/airflow/dags/simple_pipeline_dag.py took 0.226 seconds
[2025-11-09T07:09:27.104+0000] {processor.py:161} INFO - Started process (PID=596) to work on /opt/airflow/dags/simple_pipeline_dag.py
[2025-11-09T07:09:27.117+0000] {processor.py:830} INFO - Processing file /opt/airflow/dags/simple_pipeline_dag.py for tasks to queue
[2025-11-09T07:09:27.125+0000] {logging_mixin.py:188} INFO - [2025-11-09T07:09:27.123+0000] {dagbag.py:538} INFO - Filling up the DagBag from /opt/airflow/dags/simple_pipeline_dag.py
[2025-11-09T07:09:27.189+0000] {processor.py:840} INFO - DAG(s) 'simple_pipeline_dag' retrieved from /opt/airflow/dags/simple_pipeline_dag.py
[2025-11-09T07:09:27.285+0000] {logging_mixin.py:188} INFO - [2025-11-09T07:09:27.285+0000] {dag.py:3036} INFO - Sync 1 DAGs
[2025-11-09T07:09:27.357+0000] {logging_mixin.py:188} INFO - [2025-11-09T07:09:27.356+0000] {dag.py:3823} INFO - Setting next_dagrun for simple_pipeline_dag to 2025-11-09 07:00:00+00:00, run_after=2025-11-09 08:00:00+00:00
[2025-11-09T07:09:27.412+0000] {processor.py:183} INFO - Processing /opt/airflow/dags/simple_pipeline_dag.py took 0.339 seconds
[2025-11-09T07:09:57.705+0000] {processor.py:161} INFO - Started process (PID=605) to work on /opt/airflow/dags/simple_pipeline_dag.py
[2025-11-09T07:09:57.708+0000] {processor.py:830} INFO - Processing file /opt/airflow/dags/simple_pipeline_dag.py for tasks to queue
[2025-11-09T07:09:57.714+0000] {logging_mixin.py:188} INFO - [2025-11-09T07:09:57.713+0000] {dagbag.py:538} INFO - Filling up the DagBag from /opt/airflow/dags/simple_pipeline_dag.py
[2025-11-09T07:09:57.759+0000] {processor.py:840} INFO - DAG(s) 'simple_pipeline_dag' retrieved from /opt/airflow/dags/simple_pipeline_dag.py
[2025-11-09T07:09:57.821+0000] {logging_mixin.py:188} INFO - [2025-11-09T07:09:57.821+0000] {dag.py:3036} INFO - Sync 1 DAGs
[2025-11-09T07:09:57.873+0000] {logging_mixin.py:188} INFO - [2025-11-09T07:09:57.873+0000] {dag.py:3823} INFO - Setting next_dagrun for simple_pipeline_dag to 2025-11-09 07:00:00+00:00, run_after=2025-11-09 08:00:00+00:00
[2025-11-09T07:09:57.919+0000] {processor.py:183} INFO - Processing /opt/airflow/dags/simple_pipeline_dag.py took 0.225 seconds
[2025-11-09T07:10:29.065+0000] {processor.py:161} INFO - Started process (PID=614) to work on /opt/airflow/dags/simple_pipeline_dag.py
[2025-11-09T07:10:29.068+0000] {processor.py:830} INFO - Processing file /opt/airflow/dags/simple_pipeline_dag.py for tasks to queue
[2025-11-09T07:10:29.074+0000] {logging_mixin.py:188} INFO - [2025-11-09T07:10:29.073+0000] {dagbag.py:538} INFO - Filling up the DagBag from /opt/airflow/dags/simple_pipeline_dag.py
[2025-11-09T07:10:29.137+0000] {processor.py:840} INFO - DAG(s) 'simple_pipeline_dag' retrieved from /opt/airflow/dags/simple_pipeline_dag.py
[2025-11-09T07:10:29.204+0000] {logging_mixin.py:188} INFO - [2025-11-09T07:10:29.204+0000] {dag.py:3036} INFO - Sync 1 DAGs
[2025-11-09T07:10:29.254+0000] {logging_mixin.py:188} INFO - [2025-11-09T07:10:29.254+0000] {dag.py:3823} INFO - Setting next_dagrun for simple_pipeline_dag to 2025-11-09 07:00:00+00:00, run_after=2025-11-09 08:00:00+00:00
[2025-11-09T07:10:29.295+0000] {processor.py:183} INFO - Processing /opt/airflow/dags/simple_pipeline_dag.py took 0.242 seconds
[2025-11-09T07:11:00.430+0000] {processor.py:161} INFO - Started process (PID=622) to work on /opt/airflow/dags/simple_pipeline_dag.py
[2025-11-09T07:11:00.433+0000] {processor.py:830} INFO - Processing file /opt/airflow/dags/simple_pipeline_dag.py for tasks to queue
[2025-11-09T07:11:00.438+0000] {logging_mixin.py:188} INFO - [2025-11-09T07:11:00.437+0000] {dagbag.py:538} INFO - Filling up the DagBag from /opt/airflow/dags/simple_pipeline_dag.py
[2025-11-09T07:11:00.480+0000] {processor.py:840} INFO - DAG(s) 'simple_pipeline_dag' retrieved from /opt/airflow/dags/simple_pipeline_dag.py
[2025-11-09T07:11:00.547+0000] {logging_mixin.py:188} INFO - [2025-11-09T07:11:00.547+0000] {dag.py:3036} INFO - Sync 1 DAGs
[2025-11-09T07:11:00.596+0000] {logging_mixin.py:188} INFO - [2025-11-09T07:11:00.595+0000] {dag.py:3823} INFO - Setting next_dagrun for simple_pipeline_dag to 2025-11-09 07:00:00+00:00, run_after=2025-11-09 08:00:00+00:00
[2025-11-09T07:11:00.651+0000] {processor.py:183} INFO - Processing /opt/airflow/dags/simple_pipeline_dag.py took 0.229 seconds
[2025-11-09T07:11:31.131+0000] {processor.py:161} INFO - Started process (PID=631) to work on /opt/airflow/dags/simple_pipeline_dag.py
[2025-11-09T07:11:31.135+0000] {processor.py:830} INFO - Processing file /opt/airflow/dags/simple_pipeline_dag.py for tasks to queue
[2025-11-09T07:11:31.142+0000] {logging_mixin.py:188} INFO - [2025-11-09T07:11:31.140+0000] {dagbag.py:538} INFO - Filling up the DagBag from /opt/airflow/dags/simple_pipeline_dag.py
[2025-11-09T07:11:31.205+0000] {processor.py:840} INFO - DAG(s) 'simple_pipeline_dag' retrieved from /opt/airflow/dags/simple_pipeline_dag.py
[2025-11-09T07:11:31.305+0000] {logging_mixin.py:188} INFO - [2025-11-09T07:11:31.304+0000] {dag.py:3036} INFO - Sync 1 DAGs
[2025-11-09T07:11:31.386+0000] {logging_mixin.py:188} INFO - [2025-11-09T07:11:31.386+0000] {dag.py:3823} INFO - Setting next_dagrun for simple_pipeline_dag to 2025-11-09 07:00:00+00:00, run_after=2025-11-09 08:00:00+00:00
[2025-11-09T07:11:31.463+0000] {processor.py:183} INFO - Processing /opt/airflow/dags/simple_pipeline_dag.py took 0.352 seconds
[2025-11-09T07:12:02.205+0000] {processor.py:161} INFO - Started process (PID=640) to work on /opt/airflow/dags/simple_pipeline_dag.py
[2025-11-09T07:12:02.208+0000] {processor.py:830} INFO - Processing file /opt/airflow/dags/simple_pipeline_dag.py for tasks to queue
[2025-11-09T07:12:02.214+0000] {logging_mixin.py:188} INFO - [2025-11-09T07:12:02.213+0000] {dagbag.py:538} INFO - Filling up the DagBag from /opt/airflow/dags/simple_pipeline_dag.py
[2025-11-09T07:12:02.275+0000] {processor.py:840} INFO - DAG(s) 'simple_pipeline_dag' retrieved from /opt/airflow/dags/simple_pipeline_dag.py
[2025-11-09T07:12:02.354+0000] {logging_mixin.py:188} INFO - [2025-11-09T07:12:02.354+0000] {dag.py:3036} INFO - Sync 1 DAGs
[2025-11-09T07:12:02.432+0000] {logging_mixin.py:188} INFO - [2025-11-09T07:12:02.432+0000] {dag.py:3823} INFO - Setting next_dagrun for simple_pipeline_dag to 2025-11-09 07:00:00+00:00, run_after=2025-11-09 08:00:00+00:00
[2025-11-09T07:12:02.482+0000] {processor.py:183} INFO - Processing /opt/airflow/dags/simple_pipeline_dag.py took 0.288 seconds
[2025-11-09T07:12:33.293+0000] {processor.py:161} INFO - Started process (PID=650) to work on /opt/airflow/dags/simple_pipeline_dag.py
[2025-11-09T07:12:33.299+0000] {processor.py:830} INFO - Processing file /opt/airflow/dags/simple_pipeline_dag.py for tasks to queue
[2025-11-09T07:12:33.307+0000] {logging_mixin.py:188} INFO - [2025-11-09T07:12:33.306+0000] {dagbag.py:538} INFO - Filling up the DagBag from /opt/airflow/dags/simple_pipeline_dag.py
[2025-11-09T07:12:33.394+0000] {processor.py:840} INFO - DAG(s) 'simple_pipeline_dag' retrieved from /opt/airflow/dags/simple_pipeline_dag.py
[2025-11-09T07:12:33.461+0000] {logging_mixin.py:188} INFO - [2025-11-09T07:12:33.460+0000] {dag.py:3036} INFO - Sync 1 DAGs
[2025-11-09T07:12:33.515+0000] {logging_mixin.py:188} INFO - [2025-11-09T07:12:33.515+0000] {dag.py:3823} INFO - Setting next_dagrun for simple_pipeline_dag to 2025-11-09 07:00:00+00:00, run_after=2025-11-09 08:00:00+00:00
[2025-11-09T07:12:33.566+0000] {processor.py:183} INFO - Processing /opt/airflow/dags/simple_pipeline_dag.py took 0.288 seconds
[2025-11-09T07:13:03.820+0000] {processor.py:161} INFO - Started process (PID=659) to work on /opt/airflow/dags/simple_pipeline_dag.py
[2025-11-09T07:13:03.823+0000] {processor.py:830} INFO - Processing file /opt/airflow/dags/simple_pipeline_dag.py for tasks to queue
[2025-11-09T07:13:03.830+0000] {logging_mixin.py:188} INFO - [2025-11-09T07:13:03.829+0000] {dagbag.py:538} INFO - Filling up the DagBag from /opt/airflow/dags/simple_pipeline_dag.py
[2025-11-09T07:13:03.897+0000] {processor.py:840} INFO - DAG(s) 'simple_pipeline_dag' retrieved from /opt/airflow/dags/simple_pipeline_dag.py
[2025-11-09T07:13:03.984+0000] {logging_mixin.py:188} INFO - [2025-11-09T07:13:03.984+0000] {dag.py:3036} INFO - Sync 1 DAGs
[2025-11-09T07:13:04.058+0000] {logging_mixin.py:188} INFO - [2025-11-09T07:13:04.057+0000] {dag.py:3823} INFO - Setting next_dagrun for simple_pipeline_dag to 2025-11-09 07:00:00+00:00, run_after=2025-11-09 08:00:00+00:00
[2025-11-09T07:13:04.121+0000] {processor.py:183} INFO - Processing /opt/airflow/dags/simple_pipeline_dag.py took 0.313 seconds
[2025-11-09T07:13:34.891+0000] {processor.py:161} INFO - Started process (PID=669) to work on /opt/airflow/dags/simple_pipeline_dag.py
[2025-11-09T07:13:34.894+0000] {processor.py:830} INFO - Processing file /opt/airflow/dags/simple_pipeline_dag.py for tasks to queue
[2025-11-09T07:13:34.900+0000] {logging_mixin.py:188} INFO - [2025-11-09T07:13:34.899+0000] {dagbag.py:538} INFO - Filling up the DagBag from /opt/airflow/dags/simple_pipeline_dag.py
[2025-11-09T07:13:34.967+0000] {processor.py:840} INFO - DAG(s) 'simple_pipeline_dag' retrieved from /opt/airflow/dags/simple_pipeline_dag.py
[2025-11-09T07:13:35.083+0000] {logging_mixin.py:188} INFO - [2025-11-09T07:13:35.083+0000] {dag.py:3036} INFO - Sync 1 DAGs
[2025-11-09T07:13:35.189+0000] {logging_mixin.py:188} INFO - [2025-11-09T07:13:35.187+0000] {dag.py:3823} INFO - Setting next_dagrun for simple_pipeline_dag to 2025-11-09 07:00:00+00:00, run_after=2025-11-09 08:00:00+00:00
[2025-11-09T07:13:35.278+0000] {processor.py:183} INFO - Processing /opt/airflow/dags/simple_pipeline_dag.py took 0.398 seconds
[2025-11-09T07:14:05.831+0000] {processor.py:161} INFO - Started process (PID=679) to work on /opt/airflow/dags/simple_pipeline_dag.py
[2025-11-09T07:14:05.834+0000] {processor.py:830} INFO - Processing file /opt/airflow/dags/simple_pipeline_dag.py for tasks to queue
[2025-11-09T07:14:05.841+0000] {logging_mixin.py:188} INFO - [2025-11-09T07:14:05.840+0000] {dagbag.py:538} INFO - Filling up the DagBag from /opt/airflow/dags/simple_pipeline_dag.py
[2025-11-09T07:14:05.904+0000] {processor.py:840} INFO - DAG(s) 'simple_pipeline_dag' retrieved from /opt/airflow/dags/simple_pipeline_dag.py
[2025-11-09T07:14:05.982+0000] {logging_mixin.py:188} INFO - [2025-11-09T07:14:05.981+0000] {dag.py:3036} INFO - Sync 1 DAGs
[2025-11-09T07:14:06.079+0000] {logging_mixin.py:188} INFO - [2025-11-09T07:14:06.078+0000] {dag.py:3823} INFO - Setting next_dagrun for simple_pipeline_dag to 2025-11-09 07:00:00+00:00, run_after=2025-11-09 08:00:00+00:00
[2025-11-09T07:14:06.122+0000] {processor.py:183} INFO - Processing /opt/airflow/dags/simple_pipeline_dag.py took 0.308 seconds
[2025-11-09T07:14:36.955+0000] {processor.py:161} INFO - Started process (PID=688) to work on /opt/airflow/dags/simple_pipeline_dag.py
[2025-11-09T07:14:36.959+0000] {processor.py:830} INFO - Processing file /opt/airflow/dags/simple_pipeline_dag.py for tasks to queue
[2025-11-09T07:14:36.966+0000] {logging_mixin.py:188} INFO - [2025-11-09T07:14:36.965+0000] {dagbag.py:538} INFO - Filling up the DagBag from /opt/airflow/dags/simple_pipeline_dag.py
[2025-11-09T07:14:37.021+0000] {processor.py:840} INFO - DAG(s) 'simple_pipeline_dag' retrieved from /opt/airflow/dags/simple_pipeline_dag.py
[2025-11-09T07:14:37.096+0000] {logging_mixin.py:188} INFO - [2025-11-09T07:14:37.095+0000] {dag.py:3036} INFO - Sync 1 DAGs
[2025-11-09T07:14:37.189+0000] {logging_mixin.py:188} INFO - [2025-11-09T07:14:37.188+0000] {dag.py:3823} INFO - Setting next_dagrun for simple_pipeline_dag to 2025-11-09 07:00:00+00:00, run_after=2025-11-09 08:00:00+00:00
[2025-11-09T07:14:37.281+0000] {processor.py:183} INFO - Processing /opt/airflow/dags/simple_pipeline_dag.py took 0.341 seconds
[2025-11-09T07:15:07.472+0000] {processor.py:161} INFO - Started process (PID=696) to work on /opt/airflow/dags/simple_pipeline_dag.py
[2025-11-09T07:15:07.475+0000] {processor.py:830} INFO - Processing file /opt/airflow/dags/simple_pipeline_dag.py for tasks to queue
[2025-11-09T07:15:07.481+0000] {logging_mixin.py:188} INFO - [2025-11-09T07:15:07.480+0000] {dagbag.py:538} INFO - Filling up the DagBag from /opt/airflow/dags/simple_pipeline_dag.py
[2025-11-09T07:15:07.542+0000] {processor.py:840} INFO - DAG(s) 'simple_pipeline_dag' retrieved from /opt/airflow/dags/simple_pipeline_dag.py
[2025-11-09T07:15:07.624+0000] {logging_mixin.py:188} INFO - [2025-11-09T07:15:07.624+0000] {dag.py:3036} INFO - Sync 1 DAGs
[2025-11-09T07:15:07.698+0000] {logging_mixin.py:188} INFO - [2025-11-09T07:15:07.698+0000] {dag.py:3823} INFO - Setting next_dagrun for simple_pipeline_dag to 2025-11-09 07:00:00+00:00, run_after=2025-11-09 08:00:00+00:00
[2025-11-09T07:15:07.763+0000] {processor.py:183} INFO - Processing /opt/airflow/dags/simple_pipeline_dag.py took 0.302 seconds
[2025-11-09T07:15:38.550+0000] {processor.py:161} INFO - Started process (PID=705) to work on /opt/airflow/dags/simple_pipeline_dag.py
[2025-11-09T07:15:38.553+0000] {processor.py:830} INFO - Processing file /opt/airflow/dags/simple_pipeline_dag.py for tasks to queue
[2025-11-09T07:15:38.564+0000] {logging_mixin.py:188} INFO - [2025-11-09T07:15:38.561+0000] {dagbag.py:538} INFO - Filling up the DagBag from /opt/airflow/dags/simple_pipeline_dag.py
[2025-11-09T07:15:38.619+0000] {processor.py:840} INFO - DAG(s) 'simple_pipeline_dag' retrieved from /opt/airflow/dags/simple_pipeline_dag.py
[2025-11-09T07:15:38.712+0000] {logging_mixin.py:188} INFO - [2025-11-09T07:15:38.711+0000] {dag.py:3036} INFO - Sync 1 DAGs
[2025-11-09T07:15:38.811+0000] {logging_mixin.py:188} INFO - [2025-11-09T07:15:38.810+0000] {dag.py:3823} INFO - Setting next_dagrun for simple_pipeline_dag to 2025-11-09 07:00:00+00:00, run_after=2025-11-09 08:00:00+00:00
[2025-11-09T07:15:38.876+0000] {processor.py:183} INFO - Processing /opt/airflow/dags/simple_pipeline_dag.py took 0.339 seconds
[2025-11-09T07:16:09.648+0000] {processor.py:161} INFO - Started process (PID=715) to work on /opt/airflow/dags/simple_pipeline_dag.py
[2025-11-09T07:16:09.650+0000] {processor.py:830} INFO - Processing file /opt/airflow/dags/simple_pipeline_dag.py for tasks to queue
[2025-11-09T07:16:09.657+0000] {logging_mixin.py:188} INFO - [2025-11-09T07:16:09.655+0000] {dagbag.py:538} INFO - Filling up the DagBag from /opt/airflow/dags/simple_pipeline_dag.py
[2025-11-09T07:16:09.714+0000] {processor.py:840} INFO - DAG(s) 'simple_pipeline_dag' retrieved from /opt/airflow/dags/simple_pipeline_dag.py
[2025-11-09T07:16:09.778+0000] {logging_mixin.py:188} INFO - [2025-11-09T07:16:09.778+0000] {dag.py:3036} INFO - Sync 1 DAGs
[2025-11-09T07:16:09.856+0000] {logging_mixin.py:188} INFO - [2025-11-09T07:16:09.856+0000] {dag.py:3823} INFO - Setting next_dagrun for simple_pipeline_dag to 2025-11-09 07:00:00+00:00, run_after=2025-11-09 08:00:00+00:00
[2025-11-09T07:16:09.901+0000] {processor.py:183} INFO - Processing /opt/airflow/dags/simple_pipeline_dag.py took 0.263 seconds
[2025-11-09T07:16:40.730+0000] {processor.py:161} INFO - Started process (PID=724) to work on /opt/airflow/dags/simple_pipeline_dag.py
[2025-11-09T07:16:40.739+0000] {processor.py:830} INFO - Processing file /opt/airflow/dags/simple_pipeline_dag.py for tasks to queue
[2025-11-09T07:16:40.746+0000] {logging_mixin.py:188} INFO - [2025-11-09T07:16:40.745+0000] {dagbag.py:538} INFO - Filling up the DagBag from /opt/airflow/dags/simple_pipeline_dag.py
[2025-11-09T07:16:40.821+0000] {processor.py:840} INFO - DAG(s) 'simple_pipeline_dag' retrieved from /opt/airflow/dags/simple_pipeline_dag.py
[2025-11-09T07:16:40.911+0000] {logging_mixin.py:188} INFO - [2025-11-09T07:16:40.911+0000] {dag.py:3036} INFO - Sync 1 DAGs
[2025-11-09T07:16:40.987+0000] {logging_mixin.py:188} INFO - [2025-11-09T07:16:40.986+0000] {dag.py:3823} INFO - Setting next_dagrun for simple_pipeline_dag to 2025-11-09 07:00:00+00:00, run_after=2025-11-09 08:00:00+00:00
[2025-11-09T07:16:41.042+0000] {processor.py:183} INFO - Processing /opt/airflow/dags/simple_pipeline_dag.py took 0.335 seconds
[2025-11-09T07:17:11.858+0000] {processor.py:161} INFO - Started process (PID=734) to work on /opt/airflow/dags/simple_pipeline_dag.py
[2025-11-09T07:17:11.862+0000] {processor.py:830} INFO - Processing file /opt/airflow/dags/simple_pipeline_dag.py for tasks to queue
[2025-11-09T07:17:11.869+0000] {logging_mixin.py:188} INFO - [2025-11-09T07:17:11.867+0000] {dagbag.py:538} INFO - Filling up the DagBag from /opt/airflow/dags/simple_pipeline_dag.py
[2025-11-09T07:17:11.930+0000] {processor.py:840} INFO - DAG(s) 'simple_pipeline_dag' retrieved from /opt/airflow/dags/simple_pipeline_dag.py
[2025-11-09T07:17:12.005+0000] {logging_mixin.py:188} INFO - [2025-11-09T07:17:12.004+0000] {dag.py:3036} INFO - Sync 1 DAGs
[2025-11-09T07:17:12.091+0000] {logging_mixin.py:188} INFO - [2025-11-09T07:17:12.091+0000] {dag.py:3823} INFO - Setting next_dagrun for simple_pipeline_dag to 2025-11-09 07:00:00+00:00, run_after=2025-11-09 08:00:00+00:00
[2025-11-09T07:17:12.141+0000] {processor.py:183} INFO - Processing /opt/airflow/dags/simple_pipeline_dag.py took 0.297 seconds
[2025-11-09T07:17:42.891+0000] {processor.py:161} INFO - Started process (PID=743) to work on /opt/airflow/dags/simple_pipeline_dag.py
[2025-11-09T07:17:42.895+0000] {processor.py:830} INFO - Processing file /opt/airflow/dags/simple_pipeline_dag.py for tasks to queue
[2025-11-09T07:17:42.906+0000] {logging_mixin.py:188} INFO - [2025-11-09T07:17:42.905+0000] {dagbag.py:538} INFO - Filling up the DagBag from /opt/airflow/dags/simple_pipeline_dag.py
[2025-11-09T07:17:42.987+0000] {processor.py:840} INFO - DAG(s) 'simple_pipeline_dag' retrieved from /opt/airflow/dags/simple_pipeline_dag.py
[2025-11-09T07:17:43.088+0000] {logging_mixin.py:188} INFO - [2025-11-09T07:17:43.088+0000] {dag.py:3036} INFO - Sync 1 DAGs
[2025-11-09T07:17:43.167+0000] {logging_mixin.py:188} INFO - [2025-11-09T07:17:43.166+0000] {dag.py:3823} INFO - Setting next_dagrun for simple_pipeline_dag to 2025-11-09 07:00:00+00:00, run_after=2025-11-09 08:00:00+00:00
[2025-11-09T07:17:43.240+0000] {processor.py:183} INFO - Processing /opt/airflow/dags/simple_pipeline_dag.py took 0.362 seconds
[2025-11-09T07:18:13.925+0000] {processor.py:161} INFO - Started process (PID=751) to work on /opt/airflow/dags/simple_pipeline_dag.py
[2025-11-09T07:18:13.936+0000] {processor.py:830} INFO - Processing file /opt/airflow/dags/simple_pipeline_dag.py for tasks to queue
[2025-11-09T07:18:13.963+0000] {logging_mixin.py:188} INFO - [2025-11-09T07:18:13.962+0000] {dagbag.py:538} INFO - Filling up the DagBag from /opt/airflow/dags/simple_pipeline_dag.py
[2025-11-09T07:18:14.079+0000] {processor.py:840} INFO - DAG(s) 'simple_pipeline_dag' retrieved from /opt/airflow/dags/simple_pipeline_dag.py
[2025-11-09T07:18:14.154+0000] {logging_mixin.py:188} INFO - [2025-11-09T07:18:14.153+0000] {dag.py:3036} INFO - Sync 1 DAGs
[2025-11-09T07:18:14.218+0000] {logging_mixin.py:188} INFO - [2025-11-09T07:18:14.217+0000] {dag.py:3823} INFO - Setting next_dagrun for simple_pipeline_dag to 2025-11-09 07:00:00+00:00, run_after=2025-11-09 08:00:00+00:00
[2025-11-09T07:18:14.271+0000] {processor.py:183} INFO - Processing /opt/airflow/dags/simple_pipeline_dag.py took 0.401 seconds
[2025-11-09T07:18:44.423+0000] {processor.py:161} INFO - Started process (PID=760) to work on /opt/airflow/dags/simple_pipeline_dag.py
[2025-11-09T07:18:44.427+0000] {processor.py:830} INFO - Processing file /opt/airflow/dags/simple_pipeline_dag.py for tasks to queue
[2025-11-09T07:18:44.434+0000] {logging_mixin.py:188} INFO - [2025-11-09T07:18:44.433+0000] {dagbag.py:538} INFO - Filling up the DagBag from /opt/airflow/dags/simple_pipeline_dag.py
[2025-11-09T07:18:44.499+0000] {processor.py:840} INFO - DAG(s) 'simple_pipeline_dag' retrieved from /opt/airflow/dags/simple_pipeline_dag.py
[2025-11-09T07:18:44.589+0000] {logging_mixin.py:188} INFO - [2025-11-09T07:18:44.589+0000] {dag.py:3036} INFO - Sync 1 DAGs
[2025-11-09T07:18:44.672+0000] {logging_mixin.py:188} INFO - [2025-11-09T07:18:44.671+0000] {dag.py:3823} INFO - Setting next_dagrun for simple_pipeline_dag to 2025-11-09 07:00:00+00:00, run_after=2025-11-09 08:00:00+00:00
[2025-11-09T07:18:44.722+0000] {processor.py:183} INFO - Processing /opt/airflow/dags/simple_pipeline_dag.py took 0.311 seconds
[2025-11-09T07:19:15.501+0000] {processor.py:161} INFO - Started process (PID=769) to work on /opt/airflow/dags/simple_pipeline_dag.py
[2025-11-09T07:19:15.504+0000] {processor.py:830} INFO - Processing file /opt/airflow/dags/simple_pipeline_dag.py for tasks to queue
[2025-11-09T07:19:15.510+0000] {logging_mixin.py:188} INFO - [2025-11-09T07:19:15.509+0000] {dagbag.py:538} INFO - Filling up the DagBag from /opt/airflow/dags/simple_pipeline_dag.py
[2025-11-09T07:19:15.568+0000] {processor.py:840} INFO - DAG(s) 'simple_pipeline_dag' retrieved from /opt/airflow/dags/simple_pipeline_dag.py
[2025-11-09T07:19:15.642+0000] {logging_mixin.py:188} INFO - [2025-11-09T07:19:15.641+0000] {dag.py:3036} INFO - Sync 1 DAGs
[2025-11-09T07:19:15.752+0000] {logging_mixin.py:188} INFO - [2025-11-09T07:19:15.751+0000] {dag.py:3823} INFO - Setting next_dagrun for simple_pipeline_dag to 2025-11-09 07:00:00+00:00, run_after=2025-11-09 08:00:00+00:00
[2025-11-09T07:19:15.835+0000] {processor.py:183} INFO - Processing /opt/airflow/dags/simple_pipeline_dag.py took 0.346 seconds
[2025-11-09T07:19:46.612+0000] {processor.py:161} INFO - Started process (PID=778) to work on /opt/airflow/dags/simple_pipeline_dag.py
[2025-11-09T07:19:46.616+0000] {processor.py:830} INFO - Processing file /opt/airflow/dags/simple_pipeline_dag.py for tasks to queue
[2025-11-09T07:19:46.622+0000] {logging_mixin.py:188} INFO - [2025-11-09T07:19:46.621+0000] {dagbag.py:538} INFO - Filling up the DagBag from /opt/airflow/dags/simple_pipeline_dag.py
[2025-11-09T07:19:46.673+0000] {processor.py:840} INFO - DAG(s) 'simple_pipeline_dag' retrieved from /opt/airflow/dags/simple_pipeline_dag.py
[2025-11-09T07:19:46.738+0000] {logging_mixin.py:188} INFO - [2025-11-09T07:19:46.738+0000] {dag.py:3036} INFO - Sync 1 DAGs
[2025-11-09T07:19:46.802+0000] {logging_mixin.py:188} INFO - [2025-11-09T07:19:46.801+0000] {dag.py:3823} INFO - Setting next_dagrun for simple_pipeline_dag to 2025-11-09 07:00:00+00:00, run_after=2025-11-09 08:00:00+00:00
[2025-11-09T07:19:46.854+0000] {processor.py:183} INFO - Processing /opt/airflow/dags/simple_pipeline_dag.py took 0.254 seconds
[2025-11-09T07:20:16.987+0000] {processor.py:161} INFO - Started process (PID=787) to work on /opt/airflow/dags/simple_pipeline_dag.py
[2025-11-09T07:20:16.991+0000] {processor.py:830} INFO - Processing file /opt/airflow/dags/simple_pipeline_dag.py for tasks to queue
[2025-11-09T07:20:16.999+0000] {logging_mixin.py:188} INFO - [2025-11-09T07:20:16.998+0000] {dagbag.py:538} INFO - Filling up the DagBag from /opt/airflow/dags/simple_pipeline_dag.py
[2025-11-09T07:20:17.052+0000] {processor.py:840} INFO - DAG(s) 'simple_pipeline_dag' retrieved from /opt/airflow/dags/simple_pipeline_dag.py
[2025-11-09T07:20:17.118+0000] {logging_mixin.py:188} INFO - [2025-11-09T07:20:17.118+0000] {dag.py:3036} INFO - Sync 1 DAGs
[2025-11-09T07:20:17.186+0000] {logging_mixin.py:188} INFO - [2025-11-09T07:20:17.186+0000] {dag.py:3823} INFO - Setting next_dagrun for simple_pipeline_dag to 2025-11-09 07:00:00+00:00, run_after=2025-11-09 08:00:00+00:00
[2025-11-09T07:20:17.233+0000] {processor.py:183} INFO - Processing /opt/airflow/dags/simple_pipeline_dag.py took 0.260 seconds
[2025-11-09T07:20:48.332+0000] {processor.py:161} INFO - Started process (PID=802) to work on /opt/airflow/dags/simple_pipeline_dag.py
[2025-11-09T07:20:48.337+0000] {processor.py:830} INFO - Processing file /opt/airflow/dags/simple_pipeline_dag.py for tasks to queue
[2025-11-09T07:20:48.343+0000] {logging_mixin.py:188} INFO - [2025-11-09T07:20:48.342+0000] {dagbag.py:538} INFO - Filling up the DagBag from /opt/airflow/dags/simple_pipeline_dag.py
[2025-11-09T07:20:48.410+0000] {processor.py:840} INFO - DAG(s) 'simple_pipeline_dag' retrieved from /opt/airflow/dags/simple_pipeline_dag.py
[2025-11-09T07:20:48.525+0000] {logging_mixin.py:188} INFO - [2025-11-09T07:20:48.524+0000] {dag.py:3036} INFO - Sync 1 DAGs
[2025-11-09T07:20:48.601+0000] {logging_mixin.py:188} INFO - [2025-11-09T07:20:48.600+0000] {dag.py:3823} INFO - Setting next_dagrun for simple_pipeline_dag to 2025-11-09 07:00:00+00:00, run_after=2025-11-09 08:00:00+00:00
[2025-11-09T07:20:48.670+0000] {processor.py:183} INFO - Processing /opt/airflow/dags/simple_pipeline_dag.py took 0.362 seconds
[2025-11-09T07:21:19.028+0000] {processor.py:161} INFO - Started process (PID=811) to work on /opt/airflow/dags/simple_pipeline_dag.py
[2025-11-09T07:21:19.031+0000] {processor.py:830} INFO - Processing file /opt/airflow/dags/simple_pipeline_dag.py for tasks to queue
[2025-11-09T07:21:19.037+0000] {logging_mixin.py:188} INFO - [2025-11-09T07:21:19.036+0000] {dagbag.py:538} INFO - Filling up the DagBag from /opt/airflow/dags/simple_pipeline_dag.py
[2025-11-09T07:21:19.102+0000] {processor.py:840} INFO - DAG(s) 'simple_pipeline_dag' retrieved from /opt/airflow/dags/simple_pipeline_dag.py
[2025-11-09T07:21:19.175+0000] {logging_mixin.py:188} INFO - [2025-11-09T07:21:19.175+0000] {dag.py:3036} INFO - Sync 1 DAGs
[2025-11-09T07:21:19.235+0000] {logging_mixin.py:188} INFO - [2025-11-09T07:21:19.235+0000] {dag.py:3823} INFO - Setting next_dagrun for simple_pipeline_dag to 2025-11-09 07:00:00+00:00, run_after=2025-11-09 08:00:00+00:00
[2025-11-09T07:21:19.279+0000] {processor.py:183} INFO - Processing /opt/airflow/dags/simple_pipeline_dag.py took 0.265 seconds
[2025-11-09T07:21:49.409+0000] {processor.py:161} INFO - Started process (PID=820) to work on /opt/airflow/dags/simple_pipeline_dag.py
[2025-11-09T07:21:49.415+0000] {processor.py:830} INFO - Processing file /opt/airflow/dags/simple_pipeline_dag.py for tasks to queue
[2025-11-09T07:21:49.424+0000] {logging_mixin.py:188} INFO - [2025-11-09T07:21:49.423+0000] {dagbag.py:538} INFO - Filling up the DagBag from /opt/airflow/dags/simple_pipeline_dag.py
[2025-11-09T07:21:49.491+0000] {processor.py:840} INFO - DAG(s) 'simple_pipeline_dag' retrieved from /opt/airflow/dags/simple_pipeline_dag.py
[2025-11-09T07:21:49.593+0000] {logging_mixin.py:188} INFO - [2025-11-09T07:21:49.593+0000] {dag.py:3036} INFO - Sync 1 DAGs
[2025-11-09T07:21:49.666+0000] {logging_mixin.py:188} INFO - [2025-11-09T07:21:49.665+0000] {dag.py:3823} INFO - Setting next_dagrun for simple_pipeline_dag to 2025-11-09 07:00:00+00:00, run_after=2025-11-09 08:00:00+00:00
[2025-11-09T07:21:49.751+0000] {processor.py:183} INFO - Processing /opt/airflow/dags/simple_pipeline_dag.py took 0.357 seconds
[2025-11-09T07:22:20.105+0000] {processor.py:161} INFO - Started process (PID=830) to work on /opt/airflow/dags/simple_pipeline_dag.py
[2025-11-09T07:22:20.108+0000] {processor.py:830} INFO - Processing file /opt/airflow/dags/simple_pipeline_dag.py for tasks to queue
[2025-11-09T07:22:20.115+0000] {logging_mixin.py:188} INFO - [2025-11-09T07:22:20.114+0000] {dagbag.py:538} INFO - Filling up the DagBag from /opt/airflow/dags/simple_pipeline_dag.py
[2025-11-09T07:22:20.163+0000] {processor.py:840} INFO - DAG(s) 'simple_pipeline_dag' retrieved from /opt/airflow/dags/simple_pipeline_dag.py
[2025-11-09T07:22:20.243+0000] {logging_mixin.py:188} INFO - [2025-11-09T07:22:20.243+0000] {dag.py:3036} INFO - Sync 1 DAGs
[2025-11-09T07:22:20.316+0000] {logging_mixin.py:188} INFO - [2025-11-09T07:22:20.316+0000] {dag.py:3823} INFO - Setting next_dagrun for simple_pipeline_dag to 2025-11-09 07:00:00+00:00, run_after=2025-11-09 08:00:00+00:00
[2025-11-09T07:22:20.371+0000] {processor.py:183} INFO - Processing /opt/airflow/dags/simple_pipeline_dag.py took 0.277 seconds
[2025-11-09T07:22:50.638+0000] {processor.py:161} INFO - Started process (PID=839) to work on /opt/airflow/dags/simple_pipeline_dag.py
[2025-11-09T07:22:50.641+0000] {processor.py:830} INFO - Processing file /opt/airflow/dags/simple_pipeline_dag.py for tasks to queue
[2025-11-09T07:22:50.647+0000] {logging_mixin.py:188} INFO - [2025-11-09T07:22:50.645+0000] {dagbag.py:538} INFO - Filling up the DagBag from /opt/airflow/dags/simple_pipeline_dag.py
[2025-11-09T07:22:50.694+0000] {processor.py:840} INFO - DAG(s) 'simple_pipeline_dag' retrieved from /opt/airflow/dags/simple_pipeline_dag.py
[2025-11-09T07:22:50.804+0000] {logging_mixin.py:188} INFO - [2025-11-09T07:22:50.803+0000] {dag.py:3036} INFO - Sync 1 DAGs
[2025-11-09T07:22:50.896+0000] {logging_mixin.py:188} INFO - [2025-11-09T07:22:50.895+0000] {dag.py:3823} INFO - Setting next_dagrun for simple_pipeline_dag to 2025-11-09 07:00:00+00:00, run_after=2025-11-09 08:00:00+00:00
[2025-11-09T07:22:50.955+0000] {processor.py:183} INFO - Processing /opt/airflow/dags/simple_pipeline_dag.py took 0.327 seconds
[2025-11-09T07:23:21.901+0000] {processor.py:161} INFO - Started process (PID=848) to work on /opt/airflow/dags/simple_pipeline_dag.py
[2025-11-09T07:23:21.904+0000] {processor.py:830} INFO - Processing file /opt/airflow/dags/simple_pipeline_dag.py for tasks to queue
[2025-11-09T07:23:21.909+0000] {logging_mixin.py:188} INFO - [2025-11-09T07:23:21.908+0000] {dagbag.py:538} INFO - Filling up the DagBag from /opt/airflow/dags/simple_pipeline_dag.py
[2025-11-09T07:23:21.977+0000] {processor.py:840} INFO - DAG(s) 'simple_pipeline_dag' retrieved from /opt/airflow/dags/simple_pipeline_dag.py
[2025-11-09T07:23:22.056+0000] {logging_mixin.py:188} INFO - [2025-11-09T07:23:22.055+0000] {dag.py:3036} INFO - Sync 1 DAGs
[2025-11-09T07:23:22.124+0000] {logging_mixin.py:188} INFO - [2025-11-09T07:23:22.124+0000] {dag.py:3823} INFO - Setting next_dagrun for simple_pipeline_dag to 2025-11-09 07:00:00+00:00, run_after=2025-11-09 08:00:00+00:00
[2025-11-09T07:23:22.172+0000] {processor.py:183} INFO - Processing /opt/airflow/dags/simple_pipeline_dag.py took 0.283 seconds
[2025-11-09T07:23:52.362+0000] {processor.py:161} INFO - Started process (PID=857) to work on /opt/airflow/dags/simple_pipeline_dag.py
[2025-11-09T07:23:52.365+0000] {processor.py:830} INFO - Processing file /opt/airflow/dags/simple_pipeline_dag.py for tasks to queue
[2025-11-09T07:23:52.371+0000] {logging_mixin.py:188} INFO - [2025-11-09T07:23:52.370+0000] {dagbag.py:538} INFO - Filling up the DagBag from /opt/airflow/dags/simple_pipeline_dag.py
[2025-11-09T07:23:52.419+0000] {processor.py:840} INFO - DAG(s) 'simple_pipeline_dag' retrieved from /opt/airflow/dags/simple_pipeline_dag.py
[2025-11-09T07:23:52.479+0000] {logging_mixin.py:188} INFO - [2025-11-09T07:23:52.479+0000] {dag.py:3036} INFO - Sync 1 DAGs
[2025-11-09T07:23:52.568+0000] {logging_mixin.py:188} INFO - [2025-11-09T07:23:52.567+0000] {dag.py:3823} INFO - Setting next_dagrun for simple_pipeline_dag to 2025-11-09 07:00:00+00:00, run_after=2025-11-09 08:00:00+00:00
[2025-11-09T07:23:52.641+0000] {processor.py:183} INFO - Processing /opt/airflow/dags/simple_pipeline_dag.py took 0.289 seconds
[2025-11-09T07:24:24.879+0000] {processor.py:161} INFO - Started process (PID=866) to work on /opt/airflow/dags/simple_pipeline_dag.py
[2025-11-09T07:24:24.890+0000] {processor.py:830} INFO - Processing file /opt/airflow/dags/simple_pipeline_dag.py for tasks to queue
[2025-11-09T07:24:24.901+0000] {logging_mixin.py:188} INFO - [2025-11-09T07:24:24.900+0000] {dagbag.py:538} INFO - Filling up the DagBag from /opt/airflow/dags/simple_pipeline_dag.py
[2025-11-09T07:24:25.067+0000] {processor.py:840} INFO - DAG(s) 'simple_pipeline_dag' retrieved from /opt/airflow/dags/simple_pipeline_dag.py
[2025-11-09T07:24:25.291+0000] {logging_mixin.py:188} INFO - [2025-11-09T07:24:25.291+0000] {dag.py:3036} INFO - Sync 1 DAGs
[2025-11-09T07:24:25.425+0000] {logging_mixin.py:188} INFO - [2025-11-09T07:24:25.424+0000] {dag.py:3823} INFO - Setting next_dagrun for simple_pipeline_dag to 2025-11-09 07:00:00+00:00, run_after=2025-11-09 08:00:00+00:00
[2025-11-09T07:24:25.498+0000] {processor.py:183} INFO - Processing /opt/airflow/dags/simple_pipeline_dag.py took 0.644 seconds
[2025-11-09T07:24:55.939+0000] {processor.py:161} INFO - Started process (PID=875) to work on /opt/airflow/dags/simple_pipeline_dag.py
[2025-11-09T07:24:55.947+0000] {processor.py:830} INFO - Processing file /opt/airflow/dags/simple_pipeline_dag.py for tasks to queue
[2025-11-09T07:24:55.954+0000] {logging_mixin.py:188} INFO - [2025-11-09T07:24:55.953+0000] {dagbag.py:538} INFO - Filling up the DagBag from /opt/airflow/dags/simple_pipeline_dag.py
[2025-11-09T07:24:56.086+0000] {processor.py:840} INFO - DAG(s) 'simple_pipeline_dag' retrieved from /opt/airflow/dags/simple_pipeline_dag.py
[2025-11-09T07:24:56.163+0000] {logging_mixin.py:188} INFO - [2025-11-09T07:24:56.162+0000] {dag.py:3036} INFO - Sync 1 DAGs
[2025-11-09T07:24:56.245+0000] {logging_mixin.py:188} INFO - [2025-11-09T07:24:56.244+0000] {dag.py:3823} INFO - Setting next_dagrun for simple_pipeline_dag to 2025-11-09 07:00:00+00:00, run_after=2025-11-09 08:00:00+00:00
[2025-11-09T07:24:56.295+0000] {processor.py:183} INFO - Processing /opt/airflow/dags/simple_pipeline_dag.py took 0.369 seconds
[2025-11-09T07:25:26.440+0000] {processor.py:161} INFO - Started process (PID=884) to work on /opt/airflow/dags/simple_pipeline_dag.py
[2025-11-09T07:25:26.442+0000] {processor.py:830} INFO - Processing file /opt/airflow/dags/simple_pipeline_dag.py for tasks to queue
[2025-11-09T07:25:26.447+0000] {logging_mixin.py:188} INFO - [2025-11-09T07:25:26.446+0000] {dagbag.py:538} INFO - Filling up the DagBag from /opt/airflow/dags/simple_pipeline_dag.py
[2025-11-09T07:25:26.502+0000] {processor.py:840} INFO - DAG(s) 'simple_pipeline_dag' retrieved from /opt/airflow/dags/simple_pipeline_dag.py
[2025-11-09T07:25:26.561+0000] {logging_mixin.py:188} INFO - [2025-11-09T07:25:26.560+0000] {dag.py:3036} INFO - Sync 1 DAGs
[2025-11-09T07:25:26.621+0000] {logging_mixin.py:188} INFO - [2025-11-09T07:25:26.621+0000] {dag.py:3823} INFO - Setting next_dagrun for simple_pipeline_dag to 2025-11-09 07:00:00+00:00, run_after=2025-11-09 08:00:00+00:00
[2025-11-09T07:25:26.661+0000] {processor.py:183} INFO - Processing /opt/airflow/dags/simple_pipeline_dag.py took 0.230 seconds
[2025-11-09T07:25:57.016+0000] {processor.py:161} INFO - Started process (PID=893) to work on /opt/airflow/dags/simple_pipeline_dag.py
[2025-11-09T07:25:57.019+0000] {processor.py:830} INFO - Processing file /opt/airflow/dags/simple_pipeline_dag.py for tasks to queue
[2025-11-09T07:25:57.025+0000] {logging_mixin.py:188} INFO - [2025-11-09T07:25:57.024+0000] {dagbag.py:538} INFO - Filling up the DagBag from /opt/airflow/dags/simple_pipeline_dag.py
[2025-11-09T07:25:57.076+0000] {processor.py:840} INFO - DAG(s) 'simple_pipeline_dag' retrieved from /opt/airflow/dags/simple_pipeline_dag.py
[2025-11-09T07:25:57.135+0000] {logging_mixin.py:188} INFO - [2025-11-09T07:25:57.135+0000] {dag.py:3036} INFO - Sync 1 DAGs
[2025-11-09T07:25:57.181+0000] {logging_mixin.py:188} INFO - [2025-11-09T07:25:57.180+0000] {dag.py:3823} INFO - Setting next_dagrun for simple_pipeline_dag to 2025-11-09 07:00:00+00:00, run_after=2025-11-09 08:00:00+00:00
[2025-11-09T07:25:57.222+0000] {processor.py:183} INFO - Processing /opt/airflow/dags/simple_pipeline_dag.py took 0.218 seconds
[2025-11-09T07:26:27.507+0000] {processor.py:161} INFO - Started process (PID=902) to work on /opt/airflow/dags/simple_pipeline_dag.py
[2025-11-09T07:26:27.510+0000] {processor.py:830} INFO - Processing file /opt/airflow/dags/simple_pipeline_dag.py for tasks to queue
[2025-11-09T07:26:27.516+0000] {logging_mixin.py:188} INFO - [2025-11-09T07:26:27.515+0000] {dagbag.py:538} INFO - Filling up the DagBag from /opt/airflow/dags/simple_pipeline_dag.py
[2025-11-09T07:26:27.572+0000] {processor.py:840} INFO - DAG(s) 'simple_pipeline_dag' retrieved from /opt/airflow/dags/simple_pipeline_dag.py
[2025-11-09T07:26:27.649+0000] {logging_mixin.py:188} INFO - [2025-11-09T07:26:27.649+0000] {dag.py:3036} INFO - Sync 1 DAGs
[2025-11-09T07:26:27.710+0000] {logging_mixin.py:188} INFO - [2025-11-09T07:26:27.709+0000] {dag.py:3823} INFO - Setting next_dagrun for simple_pipeline_dag to 2025-11-09 07:00:00+00:00, run_after=2025-11-09 08:00:00+00:00
[2025-11-09T07:26:27.752+0000] {processor.py:183} INFO - Processing /opt/airflow/dags/simple_pipeline_dag.py took 0.257 seconds
[2025-11-09T07:26:57.962+0000] {processor.py:161} INFO - Started process (PID=911) to work on /opt/airflow/dags/simple_pipeline_dag.py
[2025-11-09T07:26:57.965+0000] {processor.py:830} INFO - Processing file /opt/airflow/dags/simple_pipeline_dag.py for tasks to queue
[2025-11-09T07:26:57.970+0000] {logging_mixin.py:188} INFO - [2025-11-09T07:26:57.969+0000] {dagbag.py:538} INFO - Filling up the DagBag from /opt/airflow/dags/simple_pipeline_dag.py
[2025-11-09T07:26:58.017+0000] {processor.py:840} INFO - DAG(s) 'simple_pipeline_dag' retrieved from /opt/airflow/dags/simple_pipeline_dag.py
[2025-11-09T07:26:58.075+0000] {logging_mixin.py:188} INFO - [2025-11-09T07:26:58.075+0000] {dag.py:3036} INFO - Sync 1 DAGs
[2025-11-09T07:26:58.121+0000] {logging_mixin.py:188} INFO - [2025-11-09T07:26:58.121+0000] {dag.py:3823} INFO - Setting next_dagrun for simple_pipeline_dag to 2025-11-09 07:00:00+00:00, run_after=2025-11-09 08:00:00+00:00
[2025-11-09T07:26:58.162+0000] {processor.py:183} INFO - Processing /opt/airflow/dags/simple_pipeline_dag.py took 0.208 seconds
[2025-11-09T07:27:28.423+0000] {processor.py:161} INFO - Started process (PID=920) to work on /opt/airflow/dags/simple_pipeline_dag.py
[2025-11-09T07:27:28.426+0000] {processor.py:830} INFO - Processing file /opt/airflow/dags/simple_pipeline_dag.py for tasks to queue
[2025-11-09T07:27:28.431+0000] {logging_mixin.py:188} INFO - [2025-11-09T07:27:28.430+0000] {dagbag.py:538} INFO - Filling up the DagBag from /opt/airflow/dags/simple_pipeline_dag.py
[2025-11-09T07:27:28.475+0000] {processor.py:840} INFO - DAG(s) 'simple_pipeline_dag' retrieved from /opt/airflow/dags/simple_pipeline_dag.py
[2025-11-09T07:27:28.533+0000] {logging_mixin.py:188} INFO - [2025-11-09T07:27:28.532+0000] {dag.py:3036} INFO - Sync 1 DAGs
[2025-11-09T07:27:28.580+0000] {logging_mixin.py:188} INFO - [2025-11-09T07:27:28.580+0000] {dag.py:3823} INFO - Setting next_dagrun for simple_pipeline_dag to 2025-11-09 07:00:00+00:00, run_after=2025-11-09 08:00:00+00:00
[2025-11-09T07:27:28.626+0000] {processor.py:183} INFO - Processing /opt/airflow/dags/simple_pipeline_dag.py took 0.217 seconds
[2025-11-09T07:27:59.452+0000] {processor.py:161} INFO - Started process (PID=930) to work on /opt/airflow/dags/simple_pipeline_dag.py
[2025-11-09T07:27:59.455+0000] {processor.py:830} INFO - Processing file /opt/airflow/dags/simple_pipeline_dag.py for tasks to queue
[2025-11-09T07:27:59.460+0000] {logging_mixin.py:188} INFO - [2025-11-09T07:27:59.459+0000] {dagbag.py:538} INFO - Filling up the DagBag from /opt/airflow/dags/simple_pipeline_dag.py
[2025-11-09T07:27:59.509+0000] {processor.py:840} INFO - DAG(s) 'simple_pipeline_dag' retrieved from /opt/airflow/dags/simple_pipeline_dag.py
[2025-11-09T07:27:59.587+0000] {logging_mixin.py:188} INFO - [2025-11-09T07:27:59.586+0000] {dag.py:3036} INFO - Sync 1 DAGs
[2025-11-09T07:27:59.644+0000] {logging_mixin.py:188} INFO - [2025-11-09T07:27:59.643+0000] {dag.py:3823} INFO - Setting next_dagrun for simple_pipeline_dag to 2025-11-09 07:00:00+00:00, run_after=2025-11-09 08:00:00+00:00
[2025-11-09T07:27:59.691+0000] {processor.py:183} INFO - Processing /opt/airflow/dags/simple_pipeline_dag.py took 0.247 seconds
[2025-11-09T07:28:29.854+0000] {processor.py:161} INFO - Started process (PID=939) to work on /opt/airflow/dags/simple_pipeline_dag.py
[2025-11-09T07:28:29.856+0000] {processor.py:830} INFO - Processing file /opt/airflow/dags/simple_pipeline_dag.py for tasks to queue
[2025-11-09T07:28:29.867+0000] {logging_mixin.py:188} INFO - [2025-11-09T07:28:29.866+0000] {dagbag.py:538} INFO - Filling up the DagBag from /opt/airflow/dags/simple_pipeline_dag.py
[2025-11-09T07:28:29.930+0000] {processor.py:840} INFO - DAG(s) 'simple_pipeline_dag' retrieved from /opt/airflow/dags/simple_pipeline_dag.py
[2025-11-09T07:28:30.013+0000] {logging_mixin.py:188} INFO - [2025-11-09T07:28:30.012+0000] {dag.py:3036} INFO - Sync 1 DAGs
[2025-11-09T07:28:30.085+0000] {logging_mixin.py:188} INFO - [2025-11-09T07:28:30.085+0000] {dag.py:3823} INFO - Setting next_dagrun for simple_pipeline_dag to 2025-11-09 07:00:00+00:00, run_after=2025-11-09 08:00:00+00:00
[2025-11-09T07:28:30.262+0000] {processor.py:183} INFO - Processing /opt/airflow/dags/simple_pipeline_dag.py took 0.421 seconds
[2025-11-09T07:29:01.205+0000] {processor.py:161} INFO - Started process (PID=948) to work on /opt/airflow/dags/simple_pipeline_dag.py
[2025-11-09T07:29:01.208+0000] {processor.py:830} INFO - Processing file /opt/airflow/dags/simple_pipeline_dag.py for tasks to queue
[2025-11-09T07:29:01.213+0000] {logging_mixin.py:188} INFO - [2025-11-09T07:29:01.212+0000] {dagbag.py:538} INFO - Filling up the DagBag from /opt/airflow/dags/simple_pipeline_dag.py
[2025-11-09T07:29:01.264+0000] {processor.py:840} INFO - DAG(s) 'simple_pipeline_dag' retrieved from /opt/airflow/dags/simple_pipeline_dag.py
[2025-11-09T07:29:01.327+0000] {logging_mixin.py:188} INFO - [2025-11-09T07:29:01.327+0000] {dag.py:3036} INFO - Sync 1 DAGs
[2025-11-09T07:29:01.377+0000] {logging_mixin.py:188} INFO - [2025-11-09T07:29:01.377+0000] {dag.py:3823} INFO - Setting next_dagrun for simple_pipeline_dag to 2025-11-09 07:00:00+00:00, run_after=2025-11-09 08:00:00+00:00
[2025-11-09T07:29:01.419+0000] {processor.py:183} INFO - Processing /opt/airflow/dags/simple_pipeline_dag.py took 0.224 seconds
[2025-11-09T07:29:32.361+0000] {processor.py:161} INFO - Started process (PID=957) to work on /opt/airflow/dags/simple_pipeline_dag.py
[2025-11-09T07:29:32.363+0000] {processor.py:830} INFO - Processing file /opt/airflow/dags/simple_pipeline_dag.py for tasks to queue
[2025-11-09T07:29:32.369+0000] {logging_mixin.py:188} INFO - [2025-11-09T07:29:32.368+0000] {dagbag.py:538} INFO - Filling up the DagBag from /opt/airflow/dags/simple_pipeline_dag.py
[2025-11-09T07:29:32.424+0000] {processor.py:840} INFO - DAG(s) 'simple_pipeline_dag' retrieved from /opt/airflow/dags/simple_pipeline_dag.py
[2025-11-09T07:29:32.488+0000] {logging_mixin.py:188} INFO - [2025-11-09T07:29:32.488+0000] {dag.py:3036} INFO - Sync 1 DAGs
[2025-11-09T07:29:32.546+0000] {logging_mixin.py:188} INFO - [2025-11-09T07:29:32.546+0000] {dag.py:3823} INFO - Setting next_dagrun for simple_pipeline_dag to 2025-11-09 07:00:00+00:00, run_after=2025-11-09 08:00:00+00:00
[2025-11-09T07:29:32.612+0000] {processor.py:183} INFO - Processing /opt/airflow/dags/simple_pipeline_dag.py took 0.258 seconds
[2025-11-09T07:30:02.724+0000] {processor.py:161} INFO - Started process (PID=966) to work on /opt/airflow/dags/simple_pipeline_dag.py
[2025-11-09T07:30:02.727+0000] {processor.py:830} INFO - Processing file /opt/airflow/dags/simple_pipeline_dag.py for tasks to queue
[2025-11-09T07:30:02.733+0000] {logging_mixin.py:188} INFO - [2025-11-09T07:30:02.732+0000] {dagbag.py:538} INFO - Filling up the DagBag from /opt/airflow/dags/simple_pipeline_dag.py
[2025-11-09T07:30:02.809+0000] {processor.py:840} INFO - DAG(s) 'simple_pipeline_dag' retrieved from /opt/airflow/dags/simple_pipeline_dag.py
[2025-11-09T07:30:02.877+0000] {logging_mixin.py:188} INFO - [2025-11-09T07:30:02.876+0000] {dag.py:3036} INFO - Sync 1 DAGs
[2025-11-09T07:30:02.925+0000] {logging_mixin.py:188} INFO - [2025-11-09T07:30:02.924+0000] {dag.py:3823} INFO - Setting next_dagrun for simple_pipeline_dag to 2025-11-09 07:00:00+00:00, run_after=2025-11-09 08:00:00+00:00
[2025-11-09T07:30:02.978+0000] {processor.py:183} INFO - Processing /opt/airflow/dags/simple_pipeline_dag.py took 0.264 seconds
[2025-11-09T07:30:33.505+0000] {processor.py:161} INFO - Started process (PID=975) to work on /opt/airflow/dags/simple_pipeline_dag.py
[2025-11-09T07:30:33.508+0000] {processor.py:830} INFO - Processing file /opt/airflow/dags/simple_pipeline_dag.py for tasks to queue
[2025-11-09T07:30:33.515+0000] {logging_mixin.py:188} INFO - [2025-11-09T07:30:33.514+0000] {dagbag.py:538} INFO - Filling up the DagBag from /opt/airflow/dags/simple_pipeline_dag.py
[2025-11-09T07:30:33.560+0000] {processor.py:840} INFO - DAG(s) 'simple_pipeline_dag' retrieved from /opt/airflow/dags/simple_pipeline_dag.py
[2025-11-09T07:30:33.633+0000] {logging_mixin.py:188} INFO - [2025-11-09T07:30:33.632+0000] {dag.py:3036} INFO - Sync 1 DAGs
[2025-11-09T07:30:33.693+0000] {logging_mixin.py:188} INFO - [2025-11-09T07:30:33.692+0000] {dag.py:3823} INFO - Setting next_dagrun for simple_pipeline_dag to 2025-11-09 07:00:00+00:00, run_after=2025-11-09 08:00:00+00:00
[2025-11-09T07:30:33.736+0000] {processor.py:183} INFO - Processing /opt/airflow/dags/simple_pipeline_dag.py took 0.247 seconds
[2025-11-09T07:31:04.494+0000] {processor.py:161} INFO - Started process (PID=984) to work on /opt/airflow/dags/simple_pipeline_dag.py
[2025-11-09T07:31:04.502+0000] {processor.py:830} INFO - Processing file /opt/airflow/dags/simple_pipeline_dag.py for tasks to queue
[2025-11-09T07:31:04.511+0000] {logging_mixin.py:188} INFO - [2025-11-09T07:31:04.510+0000] {dagbag.py:538} INFO - Filling up the DagBag from /opt/airflow/dags/simple_pipeline_dag.py
[2025-11-09T07:31:04.758+0000] {processor.py:840} INFO - DAG(s) 'simple_pipeline_dag' retrieved from /opt/airflow/dags/simple_pipeline_dag.py
[2025-11-09T07:31:04.919+0000] {logging_mixin.py:188} INFO - [2025-11-09T07:31:04.918+0000] {dag.py:3036} INFO - Sync 1 DAGs
[2025-11-09T07:31:05.010+0000] {logging_mixin.py:188} INFO - [2025-11-09T07:31:05.010+0000] {dag.py:3823} INFO - Setting next_dagrun for simple_pipeline_dag to 2025-11-09 07:00:00+00:00, run_after=2025-11-09 08:00:00+00:00
[2025-11-09T07:31:05.053+0000] {processor.py:183} INFO - Processing /opt/airflow/dags/simple_pipeline_dag.py took 0.576 seconds
[2025-11-09T07:31:35.400+0000] {processor.py:161} INFO - Started process (PID=993) to work on /opt/airflow/dags/simple_pipeline_dag.py
[2025-11-09T07:31:35.406+0000] {processor.py:830} INFO - Processing file /opt/airflow/dags/simple_pipeline_dag.py for tasks to queue
[2025-11-09T07:31:35.424+0000] {logging_mixin.py:188} INFO - [2025-11-09T07:31:35.423+0000] {dagbag.py:538} INFO - Filling up the DagBag from /opt/airflow/dags/simple_pipeline_dag.py
[2025-11-09T07:31:35.932+0000] {processor.py:840} INFO - DAG(s) 'simple_pipeline_dag' retrieved from /opt/airflow/dags/simple_pipeline_dag.py
[2025-11-09T07:31:36.500+0000] {logging_mixin.py:188} INFO - [2025-11-09T07:31:36.500+0000] {dag.py:3036} INFO - Sync 1 DAGs
[2025-11-09T07:31:36.686+0000] {logging_mixin.py:188} INFO - [2025-11-09T07:31:36.685+0000] {dag.py:3823} INFO - Setting next_dagrun for simple_pipeline_dag to 2025-11-09 07:00:00+00:00, run_after=2025-11-09 08:00:00+00:00
[2025-11-09T07:31:36.856+0000] {processor.py:183} INFO - Processing /opt/airflow/dags/simple_pipeline_dag.py took 1.490 seconds
[2025-11-09T07:32:07.473+0000] {processor.py:161} INFO - Started process (PID=1002) to work on /opt/airflow/dags/simple_pipeline_dag.py
[2025-11-09T07:32:07.477+0000] {processor.py:830} INFO - Processing file /opt/airflow/dags/simple_pipeline_dag.py for tasks to queue
[2025-11-09T07:32:07.483+0000] {logging_mixin.py:188} INFO - [2025-11-09T07:32:07.483+0000] {dagbag.py:538} INFO - Filling up the DagBag from /opt/airflow/dags/simple_pipeline_dag.py
[2025-11-09T07:32:07.545+0000] {processor.py:840} INFO - DAG(s) 'simple_pipeline_dag' retrieved from /opt/airflow/dags/simple_pipeline_dag.py
[2025-11-09T07:32:07.610+0000] {logging_mixin.py:188} INFO - [2025-11-09T07:32:07.609+0000] {dag.py:3036} INFO - Sync 1 DAGs
[2025-11-09T07:32:07.674+0000] {logging_mixin.py:188} INFO - [2025-11-09T07:32:07.673+0000] {dag.py:3823} INFO - Setting next_dagrun for simple_pipeline_dag to 2025-11-09 07:00:00+00:00, run_after=2025-11-09 08:00:00+00:00
[2025-11-09T07:32:07.728+0000] {processor.py:183} INFO - Processing /opt/airflow/dags/simple_pipeline_dag.py took 0.268 seconds
[2025-11-09T07:32:38.113+0000] {processor.py:161} INFO - Started process (PID=1011) to work on /opt/airflow/dags/simple_pipeline_dag.py
[2025-11-09T07:32:38.120+0000] {processor.py:830} INFO - Processing file /opt/airflow/dags/simple_pipeline_dag.py for tasks to queue
[2025-11-09T07:32:38.132+0000] {logging_mixin.py:188} INFO - [2025-11-09T07:32:38.131+0000] {dagbag.py:538} INFO - Filling up the DagBag from /opt/airflow/dags/simple_pipeline_dag.py
[2025-11-09T07:32:38.238+0000] {processor.py:840} INFO - DAG(s) 'simple_pipeline_dag' retrieved from /opt/airflow/dags/simple_pipeline_dag.py
[2025-11-09T07:32:38.341+0000] {logging_mixin.py:188} INFO - [2025-11-09T07:32:38.338+0000] {dag.py:3036} INFO - Sync 1 DAGs
[2025-11-09T07:32:38.520+0000] {logging_mixin.py:188} INFO - [2025-11-09T07:32:38.520+0000] {dag.py:3823} INFO - Setting next_dagrun for simple_pipeline_dag to 2025-11-09 07:00:00+00:00, run_after=2025-11-09 08:00:00+00:00
[2025-11-09T07:32:38.574+0000] {processor.py:183} INFO - Processing /opt/airflow/dags/simple_pipeline_dag.py took 0.485 seconds
[2025-11-09T07:33:09.122+0000] {processor.py:161} INFO - Started process (PID=1020) to work on /opt/airflow/dags/simple_pipeline_dag.py
[2025-11-09T07:33:09.124+0000] {processor.py:830} INFO - Processing file /opt/airflow/dags/simple_pipeline_dag.py for tasks to queue
[2025-11-09T07:33:09.129+0000] {logging_mixin.py:188} INFO - [2025-11-09T07:33:09.128+0000] {dagbag.py:538} INFO - Filling up the DagBag from /opt/airflow/dags/simple_pipeline_dag.py
[2025-11-09T07:33:09.186+0000] {processor.py:840} INFO - DAG(s) 'simple_pipeline_dag' retrieved from /opt/airflow/dags/simple_pipeline_dag.py
[2025-11-09T07:33:09.254+0000] {logging_mixin.py:188} INFO - [2025-11-09T07:33:09.254+0000] {dag.py:3036} INFO - Sync 1 DAGs
[2025-11-09T07:33:09.304+0000] {logging_mixin.py:188} INFO - [2025-11-09T07:33:09.303+0000] {dag.py:3823} INFO - Setting next_dagrun for simple_pipeline_dag to 2025-11-09 07:00:00+00:00, run_after=2025-11-09 08:00:00+00:00
[2025-11-09T07:33:09.347+0000] {processor.py:183} INFO - Processing /opt/airflow/dags/simple_pipeline_dag.py took 0.233 seconds
[2025-11-09T07:33:39.603+0000] {processor.py:161} INFO - Started process (PID=1029) to work on /opt/airflow/dags/simple_pipeline_dag.py
[2025-11-09T07:33:39.606+0000] {processor.py:830} INFO - Processing file /opt/airflow/dags/simple_pipeline_dag.py for tasks to queue
[2025-11-09T07:33:39.612+0000] {logging_mixin.py:188} INFO - [2025-11-09T07:33:39.611+0000] {dagbag.py:538} INFO - Filling up the DagBag from /opt/airflow/dags/simple_pipeline_dag.py
[2025-11-09T07:33:39.659+0000] {processor.py:840} INFO - DAG(s) 'simple_pipeline_dag' retrieved from /opt/airflow/dags/simple_pipeline_dag.py
[2025-11-09T07:33:39.731+0000] {logging_mixin.py:188} INFO - [2025-11-09T07:33:39.730+0000] {dag.py:3036} INFO - Sync 1 DAGs
[2025-11-09T07:33:39.804+0000] {logging_mixin.py:188} INFO - [2025-11-09T07:33:39.804+0000] {dag.py:3823} INFO - Setting next_dagrun for simple_pipeline_dag to 2025-11-09 07:00:00+00:00, run_after=2025-11-09 08:00:00+00:00
[2025-11-09T07:33:39.876+0000] {processor.py:183} INFO - Processing /opt/airflow/dags/simple_pipeline_dag.py took 0.282 seconds
[2025-11-09T07:34:10.662+0000] {processor.py:161} INFO - Started process (PID=1038) to work on /opt/airflow/dags/simple_pipeline_dag.py
[2025-11-09T07:34:10.664+0000] {processor.py:830} INFO - Processing file /opt/airflow/dags/simple_pipeline_dag.py for tasks to queue
[2025-11-09T07:34:10.669+0000] {logging_mixin.py:188} INFO - [2025-11-09T07:34:10.668+0000] {dagbag.py:538} INFO - Filling up the DagBag from /opt/airflow/dags/simple_pipeline_dag.py
[2025-11-09T07:34:10.721+0000] {processor.py:840} INFO - DAG(s) 'simple_pipeline_dag' retrieved from /opt/airflow/dags/simple_pipeline_dag.py
[2025-11-09T07:34:10.781+0000] {logging_mixin.py:188} INFO - [2025-11-09T07:34:10.780+0000] {dag.py:3036} INFO - Sync 1 DAGs
[2025-11-09T07:34:10.828+0000] {logging_mixin.py:188} INFO - [2025-11-09T07:34:10.828+0000] {dag.py:3823} INFO - Setting next_dagrun for simple_pipeline_dag to 2025-11-09 07:00:00+00:00, run_after=2025-11-09 08:00:00+00:00
[2025-11-09T07:34:10.873+0000] {processor.py:183} INFO - Processing /opt/airflow/dags/simple_pipeline_dag.py took 0.220 seconds
[2025-11-09T07:34:41.332+0000] {processor.py:161} INFO - Started process (PID=1048) to work on /opt/airflow/dags/simple_pipeline_dag.py
[2025-11-09T07:34:41.345+0000] {processor.py:830} INFO - Processing file /opt/airflow/dags/simple_pipeline_dag.py for tasks to queue
[2025-11-09T07:34:41.358+0000] {logging_mixin.py:188} INFO - [2025-11-09T07:34:41.356+0000] {dagbag.py:538} INFO - Filling up the DagBag from /opt/airflow/dags/simple_pipeline_dag.py
[2025-11-09T07:34:41.441+0000] {processor.py:840} INFO - DAG(s) 'simple_pipeline_dag' retrieved from /opt/airflow/dags/simple_pipeline_dag.py
[2025-11-09T07:34:41.554+0000] {logging_mixin.py:188} INFO - [2025-11-09T07:34:41.554+0000] {dag.py:3036} INFO - Sync 1 DAGs
[2025-11-09T07:34:41.657+0000] {logging_mixin.py:188} INFO - [2025-11-09T07:34:41.657+0000] {dag.py:3823} INFO - Setting next_dagrun for simple_pipeline_dag to 2025-11-09 07:00:00+00:00, run_after=2025-11-09 08:00:00+00:00
[2025-11-09T07:34:41.722+0000] {processor.py:183} INFO - Processing /opt/airflow/dags/simple_pipeline_dag.py took 0.410 seconds
[2025-11-09T07:35:11.866+0000] {processor.py:161} INFO - Started process (PID=1057) to work on /opt/airflow/dags/simple_pipeline_dag.py
[2025-11-09T07:35:11.868+0000] {processor.py:830} INFO - Processing file /opt/airflow/dags/simple_pipeline_dag.py for tasks to queue
[2025-11-09T07:35:11.874+0000] {logging_mixin.py:188} INFO - [2025-11-09T07:35:11.873+0000] {dagbag.py:538} INFO - Filling up the DagBag from /opt/airflow/dags/simple_pipeline_dag.py
[2025-11-09T07:35:11.941+0000] {processor.py:840} INFO - DAG(s) 'simple_pipeline_dag' retrieved from /opt/airflow/dags/simple_pipeline_dag.py
[2025-11-09T07:35:12.047+0000] {logging_mixin.py:188} INFO - [2025-11-09T07:35:12.046+0000] {dag.py:3036} INFO - Sync 1 DAGs
[2025-11-09T07:35:12.124+0000] {logging_mixin.py:188} INFO - [2025-11-09T07:35:12.123+0000] {dag.py:3823} INFO - Setting next_dagrun for simple_pipeline_dag to 2025-11-09 07:00:00+00:00, run_after=2025-11-09 08:00:00+00:00
[2025-11-09T07:35:12.171+0000] {processor.py:183} INFO - Processing /opt/airflow/dags/simple_pipeline_dag.py took 0.315 seconds
[2025-11-09T07:35:43.019+0000] {processor.py:161} INFO - Started process (PID=1066) to work on /opt/airflow/dags/simple_pipeline_dag.py
[2025-11-09T07:35:43.022+0000] {processor.py:830} INFO - Processing file /opt/airflow/dags/simple_pipeline_dag.py for tasks to queue
[2025-11-09T07:35:43.028+0000] {logging_mixin.py:188} INFO - [2025-11-09T07:35:43.027+0000] {dagbag.py:538} INFO - Filling up the DagBag from /opt/airflow/dags/simple_pipeline_dag.py
[2025-11-09T07:35:43.125+0000] {processor.py:840} INFO - DAG(s) 'simple_pipeline_dag' retrieved from /opt/airflow/dags/simple_pipeline_dag.py
[2025-11-09T07:35:43.350+0000] {logging_mixin.py:188} INFO - [2025-11-09T07:35:43.338+0000] {dag.py:3036} INFO - Sync 1 DAGs
[2025-11-09T07:35:43.549+0000] {logging_mixin.py:188} INFO - [2025-11-09T07:35:43.548+0000] {dag.py:3823} INFO - Setting next_dagrun for simple_pipeline_dag to 2025-11-09 07:00:00+00:00, run_after=2025-11-09 08:00:00+00:00
[2025-11-09T07:35:43.609+0000] {processor.py:183} INFO - Processing /opt/airflow/dags/simple_pipeline_dag.py took 0.608 seconds
[2025-11-09T07:36:13.973+0000] {processor.py:161} INFO - Started process (PID=1077) to work on /opt/airflow/dags/simple_pipeline_dag.py
[2025-11-09T07:36:13.976+0000] {processor.py:830} INFO - Processing file /opt/airflow/dags/simple_pipeline_dag.py for tasks to queue
[2025-11-09T07:36:13.986+0000] {logging_mixin.py:188} INFO - [2025-11-09T07:36:13.985+0000] {dagbag.py:538} INFO - Filling up the DagBag from /opt/airflow/dags/simple_pipeline_dag.py
[2025-11-09T07:36:14.038+0000] {processor.py:840} INFO - DAG(s) 'simple_pipeline_dag' retrieved from /opt/airflow/dags/simple_pipeline_dag.py
[2025-11-09T07:36:14.100+0000] {logging_mixin.py:188} INFO - [2025-11-09T07:36:14.099+0000] {dag.py:3036} INFO - Sync 1 DAGs
[2025-11-09T07:36:14.150+0000] {logging_mixin.py:188} INFO - [2025-11-09T07:36:14.149+0000] {dag.py:3823} INFO - Setting next_dagrun for simple_pipeline_dag to 2025-11-09 07:00:00+00:00, run_after=2025-11-09 08:00:00+00:00
[2025-11-09T07:36:14.189+0000] {processor.py:183} INFO - Processing /opt/airflow/dags/simple_pipeline_dag.py took 0.230 seconds
[2025-11-09T07:36:45.001+0000] {processor.py:161} INFO - Started process (PID=1086) to work on /opt/airflow/dags/simple_pipeline_dag.py
[2025-11-09T07:36:45.003+0000] {processor.py:830} INFO - Processing file /opt/airflow/dags/simple_pipeline_dag.py for tasks to queue
[2025-11-09T07:36:45.016+0000] {logging_mixin.py:188} INFO - [2025-11-09T07:36:45.015+0000] {dagbag.py:538} INFO - Filling up the DagBag from /opt/airflow/dags/simple_pipeline_dag.py
[2025-11-09T07:36:45.071+0000] {processor.py:840} INFO - DAG(s) 'simple_pipeline_dag' retrieved from /opt/airflow/dags/simple_pipeline_dag.py
[2025-11-09T07:36:45.127+0000] {logging_mixin.py:188} INFO - [2025-11-09T07:36:45.126+0000] {dag.py:3036} INFO - Sync 1 DAGs
[2025-11-09T07:36:45.180+0000] {logging_mixin.py:188} INFO - [2025-11-09T07:36:45.180+0000] {dag.py:3823} INFO - Setting next_dagrun for simple_pipeline_dag to 2025-11-09 07:00:00+00:00, run_after=2025-11-09 08:00:00+00:00
[2025-11-09T07:36:45.234+0000] {processor.py:183} INFO - Processing /opt/airflow/dags/simple_pipeline_dag.py took 0.242 seconds
[2025-11-09T07:37:16.024+0000] {processor.py:161} INFO - Started process (PID=1095) to work on /opt/airflow/dags/simple_pipeline_dag.py
[2025-11-09T07:37:16.026+0000] {processor.py:830} INFO - Processing file /opt/airflow/dags/simple_pipeline_dag.py for tasks to queue
[2025-11-09T07:37:16.031+0000] {logging_mixin.py:188} INFO - [2025-11-09T07:37:16.030+0000] {dagbag.py:538} INFO - Filling up the DagBag from /opt/airflow/dags/simple_pipeline_dag.py
[2025-11-09T07:37:16.072+0000] {processor.py:840} INFO - DAG(s) 'simple_pipeline_dag' retrieved from /opt/airflow/dags/simple_pipeline_dag.py
[2025-11-09T07:37:16.128+0000] {logging_mixin.py:188} INFO - [2025-11-09T07:37:16.128+0000] {dag.py:3036} INFO - Sync 1 DAGs
[2025-11-09T07:37:16.182+0000] {logging_mixin.py:188} INFO - [2025-11-09T07:37:16.182+0000] {dag.py:3823} INFO - Setting next_dagrun for simple_pipeline_dag to 2025-11-09 07:00:00+00:00, run_after=2025-11-09 08:00:00+00:00
[2025-11-09T07:37:16.223+0000] {processor.py:183} INFO - Processing /opt/airflow/dags/simple_pipeline_dag.py took 0.208 seconds
[2025-11-09T07:37:46.415+0000] {processor.py:161} INFO - Started process (PID=1104) to work on /opt/airflow/dags/simple_pipeline_dag.py
[2025-11-09T07:37:46.418+0000] {processor.py:830} INFO - Processing file /opt/airflow/dags/simple_pipeline_dag.py for tasks to queue
[2025-11-09T07:37:46.428+0000] {logging_mixin.py:188} INFO - [2025-11-09T07:37:46.427+0000] {dagbag.py:538} INFO - Filling up the DagBag from /opt/airflow/dags/simple_pipeline_dag.py
[2025-11-09T07:37:46.482+0000] {processor.py:840} INFO - DAG(s) 'simple_pipeline_dag' retrieved from /opt/airflow/dags/simple_pipeline_dag.py
[2025-11-09T07:37:46.567+0000] {logging_mixin.py:188} INFO - [2025-11-09T07:37:46.566+0000] {dag.py:3036} INFO - Sync 1 DAGs
[2025-11-09T07:37:46.643+0000] {logging_mixin.py:188} INFO - [2025-11-09T07:37:46.642+0000] {dag.py:3823} INFO - Setting next_dagrun for simple_pipeline_dag to 2025-11-09 07:00:00+00:00, run_after=2025-11-09 08:00:00+00:00
[2025-11-09T07:37:46.708+0000] {processor.py:183} INFO - Processing /opt/airflow/dags/simple_pipeline_dag.py took 0.306 seconds
[2025-11-09T07:38:17.191+0000] {processor.py:161} INFO - Started process (PID=1113) to work on /opt/airflow/dags/simple_pipeline_dag.py
[2025-11-09T07:38:17.194+0000] {processor.py:830} INFO - Processing file /opt/airflow/dags/simple_pipeline_dag.py for tasks to queue
[2025-11-09T07:38:17.201+0000] {logging_mixin.py:188} INFO - [2025-11-09T07:38:17.199+0000] {dagbag.py:538} INFO - Filling up the DagBag from /opt/airflow/dags/simple_pipeline_dag.py
[2025-11-09T07:38:17.274+0000] {processor.py:840} INFO - DAG(s) 'simple_pipeline_dag' retrieved from /opt/airflow/dags/simple_pipeline_dag.py
[2025-11-09T07:38:17.354+0000] {logging_mixin.py:188} INFO - [2025-11-09T07:38:17.354+0000] {dag.py:3036} INFO - Sync 1 DAGs
[2025-11-09T07:38:17.478+0000] {logging_mixin.py:188} INFO - [2025-11-09T07:38:17.477+0000] {dag.py:3823} INFO - Setting next_dagrun for simple_pipeline_dag to 2025-11-09 07:00:00+00:00, run_after=2025-11-09 08:00:00+00:00
[2025-11-09T07:38:17.531+0000] {processor.py:183} INFO - Processing /opt/airflow/dags/simple_pipeline_dag.py took 0.353 seconds
[2025-11-09T07:38:48.397+0000] {processor.py:161} INFO - Started process (PID=1123) to work on /opt/airflow/dags/simple_pipeline_dag.py
[2025-11-09T07:38:48.400+0000] {processor.py:830} INFO - Processing file /opt/airflow/dags/simple_pipeline_dag.py for tasks to queue
[2025-11-09T07:38:48.404+0000] {logging_mixin.py:188} INFO - [2025-11-09T07:38:48.404+0000] {dagbag.py:538} INFO - Filling up the DagBag from /opt/airflow/dags/simple_pipeline_dag.py
[2025-11-09T07:38:48.453+0000] {processor.py:840} INFO - DAG(s) 'simple_pipeline_dag' retrieved from /opt/airflow/dags/simple_pipeline_dag.py
[2025-11-09T07:38:48.518+0000] {logging_mixin.py:188} INFO - [2025-11-09T07:38:48.517+0000] {dag.py:3036} INFO - Sync 1 DAGs
[2025-11-09T07:38:48.571+0000] {logging_mixin.py:188} INFO - [2025-11-09T07:38:48.571+0000] {dag.py:3823} INFO - Setting next_dagrun for simple_pipeline_dag to 2025-11-09 07:00:00+00:00, run_after=2025-11-09 08:00:00+00:00
[2025-11-09T07:38:48.613+0000] {processor.py:183} INFO - Processing /opt/airflow/dags/simple_pipeline_dag.py took 0.225 seconds
[2025-11-09T07:39:18.745+0000] {processor.py:161} INFO - Started process (PID=1131) to work on /opt/airflow/dags/simple_pipeline_dag.py
[2025-11-09T07:39:18.751+0000] {processor.py:830} INFO - Processing file /opt/airflow/dags/simple_pipeline_dag.py for tasks to queue
[2025-11-09T07:39:18.756+0000] {logging_mixin.py:188} INFO - [2025-11-09T07:39:18.756+0000] {dagbag.py:538} INFO - Filling up the DagBag from /opt/airflow/dags/simple_pipeline_dag.py
[2025-11-09T07:39:18.799+0000] {processor.py:840} INFO - DAG(s) 'simple_pipeline_dag' retrieved from /opt/airflow/dags/simple_pipeline_dag.py
[2025-11-09T07:39:18.856+0000] {logging_mixin.py:188} INFO - [2025-11-09T07:39:18.855+0000] {dag.py:3036} INFO - Sync 1 DAGs
[2025-11-09T07:39:18.902+0000] {logging_mixin.py:188} INFO - [2025-11-09T07:39:18.902+0000] {dag.py:3823} INFO - Setting next_dagrun for simple_pipeline_dag to 2025-11-09 07:00:00+00:00, run_after=2025-11-09 08:00:00+00:00
[2025-11-09T07:39:18.941+0000] {processor.py:183} INFO - Processing /opt/airflow/dags/simple_pipeline_dag.py took 0.215 seconds
[2025-11-09T07:39:49.760+0000] {processor.py:161} INFO - Started process (PID=1140) to work on /opt/airflow/dags/simple_pipeline_dag.py
[2025-11-09T07:39:49.762+0000] {processor.py:830} INFO - Processing file /opt/airflow/dags/simple_pipeline_dag.py for tasks to queue
[2025-11-09T07:39:49.767+0000] {logging_mixin.py:188} INFO - [2025-11-09T07:39:49.766+0000] {dagbag.py:538} INFO - Filling up the DagBag from /opt/airflow/dags/simple_pipeline_dag.py
[2025-11-09T07:39:49.806+0000] {processor.py:840} INFO - DAG(s) 'simple_pipeline_dag' retrieved from /opt/airflow/dags/simple_pipeline_dag.py
[2025-11-09T07:39:49.863+0000] {logging_mixin.py:188} INFO - [2025-11-09T07:39:49.863+0000] {dag.py:3036} INFO - Sync 1 DAGs
[2025-11-09T07:39:49.909+0000] {logging_mixin.py:188} INFO - [2025-11-09T07:39:49.909+0000] {dag.py:3823} INFO - Setting next_dagrun for simple_pipeline_dag to 2025-11-09 07:00:00+00:00, run_after=2025-11-09 08:00:00+00:00
[2025-11-09T07:39:49.953+0000] {processor.py:183} INFO - Processing /opt/airflow/dags/simple_pipeline_dag.py took 0.202 seconds
[2025-11-09T07:40:20.135+0000] {processor.py:161} INFO - Started process (PID=1149) to work on /opt/airflow/dags/simple_pipeline_dag.py
[2025-11-09T07:40:20.138+0000] {processor.py:830} INFO - Processing file /opt/airflow/dags/simple_pipeline_dag.py for tasks to queue
[2025-11-09T07:40:20.144+0000] {logging_mixin.py:188} INFO - [2025-11-09T07:40:20.143+0000] {dagbag.py:538} INFO - Filling up the DagBag from /opt/airflow/dags/simple_pipeline_dag.py
[2025-11-09T07:40:20.204+0000] {processor.py:840} INFO - DAG(s) 'simple_pipeline_dag' retrieved from /opt/airflow/dags/simple_pipeline_dag.py
[2025-11-09T07:40:20.284+0000] {logging_mixin.py:188} INFO - [2025-11-09T07:40:20.284+0000] {dag.py:3036} INFO - Sync 1 DAGs
[2025-11-09T07:40:20.346+0000] {logging_mixin.py:188} INFO - [2025-11-09T07:40:20.345+0000] {dag.py:3823} INFO - Setting next_dagrun for simple_pipeline_dag to 2025-11-09 07:00:00+00:00, run_after=2025-11-09 08:00:00+00:00
[2025-11-09T07:40:20.396+0000] {processor.py:183} INFO - Processing /opt/airflow/dags/simple_pipeline_dag.py took 0.272 seconds
[2025-11-09T07:40:50.506+0000] {processor.py:161} INFO - Started process (PID=1158) to work on /opt/airflow/dags/simple_pipeline_dag.py
[2025-11-09T07:40:50.510+0000] {processor.py:830} INFO - Processing file /opt/airflow/dags/simple_pipeline_dag.py for tasks to queue
[2025-11-09T07:40:50.515+0000] {logging_mixin.py:188} INFO - [2025-11-09T07:40:50.514+0000] {dagbag.py:538} INFO - Filling up the DagBag from /opt/airflow/dags/simple_pipeline_dag.py
[2025-11-09T07:40:50.566+0000] {processor.py:840} INFO - DAG(s) 'simple_pipeline_dag' retrieved from /opt/airflow/dags/simple_pipeline_dag.py
[2025-11-09T07:40:50.641+0000] {logging_mixin.py:188} INFO - [2025-11-09T07:40:50.640+0000] {dag.py:3036} INFO - Sync 1 DAGs
[2025-11-09T07:40:50.706+0000] {logging_mixin.py:188} INFO - [2025-11-09T07:40:50.706+0000] {dag.py:3823} INFO - Setting next_dagrun for simple_pipeline_dag to 2025-11-09 07:00:00+00:00, run_after=2025-11-09 08:00:00+00:00
[2025-11-09T07:40:50.756+0000] {processor.py:183} INFO - Processing /opt/airflow/dags/simple_pipeline_dag.py took 0.260 seconds
[2025-11-09T07:41:21.181+0000] {processor.py:161} INFO - Started process (PID=1167) to work on /opt/airflow/dags/simple_pipeline_dag.py
[2025-11-09T07:41:21.192+0000] {processor.py:830} INFO - Processing file /opt/airflow/dags/simple_pipeline_dag.py for tasks to queue
[2025-11-09T07:41:21.212+0000] {logging_mixin.py:188} INFO - [2025-11-09T07:41:21.211+0000] {dagbag.py:538} INFO - Filling up the DagBag from /opt/airflow/dags/simple_pipeline_dag.py
[2025-11-09T07:41:21.279+0000] {processor.py:840} INFO - DAG(s) 'simple_pipeline_dag' retrieved from /opt/airflow/dags/simple_pipeline_dag.py
[2025-11-09T07:41:21.368+0000] {logging_mixin.py:188} INFO - [2025-11-09T07:41:21.368+0000] {dag.py:3036} INFO - Sync 1 DAGs
[2025-11-09T07:41:21.463+0000] {logging_mixin.py:188} INFO - [2025-11-09T07:41:21.463+0000] {dag.py:3823} INFO - Setting next_dagrun for simple_pipeline_dag to 2025-11-09 07:00:00+00:00, run_after=2025-11-09 08:00:00+00:00
[2025-11-09T07:41:21.514+0000] {processor.py:183} INFO - Processing /opt/airflow/dags/simple_pipeline_dag.py took 0.368 seconds
[2025-11-09T07:41:51.688+0000] {processor.py:161} INFO - Started process (PID=1176) to work on /opt/airflow/dags/simple_pipeline_dag.py
[2025-11-09T07:41:51.691+0000] {processor.py:830} INFO - Processing file /opt/airflow/dags/simple_pipeline_dag.py for tasks to queue
[2025-11-09T07:41:51.697+0000] {logging_mixin.py:188} INFO - [2025-11-09T07:41:51.696+0000] {dagbag.py:538} INFO - Filling up the DagBag from /opt/airflow/dags/simple_pipeline_dag.py
[2025-11-09T07:41:51.756+0000] {processor.py:840} INFO - DAG(s) 'simple_pipeline_dag' retrieved from /opt/airflow/dags/simple_pipeline_dag.py
[2025-11-09T07:41:51.822+0000] {logging_mixin.py:188} INFO - [2025-11-09T07:41:51.822+0000] {dag.py:3036} INFO - Sync 1 DAGs
[2025-11-09T07:41:51.874+0000] {logging_mixin.py:188} INFO - [2025-11-09T07:41:51.873+0000] {dag.py:3823} INFO - Setting next_dagrun for simple_pipeline_dag to 2025-11-09 07:00:00+00:00, run_after=2025-11-09 08:00:00+00:00
[2025-11-09T07:41:51.930+0000] {processor.py:183} INFO - Processing /opt/airflow/dags/simple_pipeline_dag.py took 0.256 seconds
[2025-11-09T07:42:22.933+0000] {processor.py:161} INFO - Started process (PID=1186) to work on /opt/airflow/dags/simple_pipeline_dag.py
[2025-11-09T07:42:22.936+0000] {processor.py:830} INFO - Processing file /opt/airflow/dags/simple_pipeline_dag.py for tasks to queue
[2025-11-09T07:42:22.940+0000] {logging_mixin.py:188} INFO - [2025-11-09T07:42:22.939+0000] {dagbag.py:538} INFO - Filling up the DagBag from /opt/airflow/dags/simple_pipeline_dag.py
[2025-11-09T07:42:22.980+0000] {processor.py:840} INFO - DAG(s) 'simple_pipeline_dag' retrieved from /opt/airflow/dags/simple_pipeline_dag.py
[2025-11-09T07:42:23.036+0000] {logging_mixin.py:188} INFO - [2025-11-09T07:42:23.036+0000] {dag.py:3036} INFO - Sync 1 DAGs
[2025-11-09T07:42:23.083+0000] {logging_mixin.py:188} INFO - [2025-11-09T07:42:23.083+0000] {dag.py:3823} INFO - Setting next_dagrun for simple_pipeline_dag to 2025-11-09 07:00:00+00:00, run_after=2025-11-09 08:00:00+00:00
[2025-11-09T07:42:23.124+0000] {processor.py:183} INFO - Processing /opt/airflow/dags/simple_pipeline_dag.py took 0.199 seconds
[2025-11-09T07:42:54.006+0000] {processor.py:161} INFO - Started process (PID=1195) to work on /opt/airflow/dags/simple_pipeline_dag.py
[2025-11-09T07:42:54.010+0000] {processor.py:830} INFO - Processing file /opt/airflow/dags/simple_pipeline_dag.py for tasks to queue
[2025-11-09T07:42:54.017+0000] {logging_mixin.py:188} INFO - [2025-11-09T07:42:54.016+0000] {dagbag.py:538} INFO - Filling up the DagBag from /opt/airflow/dags/simple_pipeline_dag.py
[2025-11-09T07:42:54.097+0000] {processor.py:840} INFO - DAG(s) 'simple_pipeline_dag' retrieved from /opt/airflow/dags/simple_pipeline_dag.py
[2025-11-09T07:42:54.159+0000] {logging_mixin.py:188} INFO - [2025-11-09T07:42:54.159+0000] {dag.py:3036} INFO - Sync 1 DAGs
[2025-11-09T07:42:54.212+0000] {logging_mixin.py:188} INFO - [2025-11-09T07:42:54.211+0000] {dag.py:3823} INFO - Setting next_dagrun for simple_pipeline_dag to 2025-11-09 07:00:00+00:00, run_after=2025-11-09 08:00:00+00:00
[2025-11-09T07:42:54.255+0000] {processor.py:183} INFO - Processing /opt/airflow/dags/simple_pipeline_dag.py took 0.262 seconds
[2025-11-09T07:43:24.803+0000] {processor.py:161} INFO - Started process (PID=1204) to work on /opt/airflow/dags/simple_pipeline_dag.py
[2025-11-09T07:43:24.808+0000] {processor.py:830} INFO - Processing file /opt/airflow/dags/simple_pipeline_dag.py for tasks to queue
[2025-11-09T07:43:24.817+0000] {logging_mixin.py:188} INFO - [2025-11-09T07:43:24.815+0000] {dagbag.py:538} INFO - Filling up the DagBag from /opt/airflow/dags/simple_pipeline_dag.py
[2025-11-09T07:43:24.888+0000] {processor.py:840} INFO - DAG(s) 'simple_pipeline_dag' retrieved from /opt/airflow/dags/simple_pipeline_dag.py
[2025-11-09T07:43:25.036+0000] {logging_mixin.py:188} INFO - [2025-11-09T07:43:25.035+0000] {dag.py:3036} INFO - Sync 1 DAGs
[2025-11-09T07:43:25.273+0000] {logging_mixin.py:188} INFO - [2025-11-09T07:43:25.272+0000] {dag.py:3823} INFO - Setting next_dagrun for simple_pipeline_dag to 2025-11-09 07:00:00+00:00, run_after=2025-11-09 08:00:00+00:00
[2025-11-09T07:43:25.360+0000] {processor.py:183} INFO - Processing /opt/airflow/dags/simple_pipeline_dag.py took 0.572 seconds
[2025-11-09T07:43:55.700+0000] {processor.py:161} INFO - Started process (PID=1213) to work on /opt/airflow/dags/simple_pipeline_dag.py
[2025-11-09T07:43:55.704+0000] {processor.py:830} INFO - Processing file /opt/airflow/dags/simple_pipeline_dag.py for tasks to queue
[2025-11-09T07:43:55.710+0000] {logging_mixin.py:188} INFO - [2025-11-09T07:43:55.709+0000] {dagbag.py:538} INFO - Filling up the DagBag from /opt/airflow/dags/simple_pipeline_dag.py
[2025-11-09T07:43:55.754+0000] {processor.py:840} INFO - DAG(s) 'simple_pipeline_dag' retrieved from /opt/airflow/dags/simple_pipeline_dag.py
[2025-11-09T07:43:55.826+0000] {logging_mixin.py:188} INFO - [2025-11-09T07:43:55.825+0000] {dag.py:3036} INFO - Sync 1 DAGs
[2025-11-09T07:43:55.922+0000] {logging_mixin.py:188} INFO - [2025-11-09T07:43:55.922+0000] {dag.py:3823} INFO - Setting next_dagrun for simple_pipeline_dag to 2025-11-09 07:00:00+00:00, run_after=2025-11-09 08:00:00+00:00
[2025-11-09T07:43:55.994+0000] {processor.py:183} INFO - Processing /opt/airflow/dags/simple_pipeline_dag.py took 0.306 seconds
[2025-11-09T07:44:26.585+0000] {processor.py:161} INFO - Started process (PID=1222) to work on /opt/airflow/dags/simple_pipeline_dag.py
[2025-11-09T07:44:26.588+0000] {processor.py:830} INFO - Processing file /opt/airflow/dags/simple_pipeline_dag.py for tasks to queue
[2025-11-09T07:44:26.594+0000] {logging_mixin.py:188} INFO - [2025-11-09T07:44:26.592+0000] {dagbag.py:538} INFO - Filling up the DagBag from /opt/airflow/dags/simple_pipeline_dag.py
[2025-11-09T07:44:26.642+0000] {processor.py:840} INFO - DAG(s) 'simple_pipeline_dag' retrieved from /opt/airflow/dags/simple_pipeline_dag.py
[2025-11-09T07:44:26.714+0000] {logging_mixin.py:188} INFO - [2025-11-09T07:44:26.714+0000] {dag.py:3036} INFO - Sync 1 DAGs
[2025-11-09T07:44:26.774+0000] {logging_mixin.py:188} INFO - [2025-11-09T07:44:26.773+0000] {dag.py:3823} INFO - Setting next_dagrun for simple_pipeline_dag to 2025-11-09 07:00:00+00:00, run_after=2025-11-09 08:00:00+00:00
[2025-11-09T07:44:26.819+0000] {processor.py:183} INFO - Processing /opt/airflow/dags/simple_pipeline_dag.py took 0.242 seconds
[2025-11-09T07:44:58.727+0000] {processor.py:161} INFO - Started process (PID=1231) to work on /opt/airflow/dags/simple_pipeline_dag.py
[2025-11-09T07:44:58.741+0000] {processor.py:830} INFO - Processing file /opt/airflow/dags/simple_pipeline_dag.py for tasks to queue
[2025-11-09T07:44:58.758+0000] {logging_mixin.py:188} INFO - [2025-11-09T07:44:58.757+0000] {dagbag.py:538} INFO - Filling up the DagBag from /opt/airflow/dags/simple_pipeline_dag.py
[2025-11-09T07:44:58.932+0000] {processor.py:840} INFO - DAG(s) 'simple_pipeline_dag' retrieved from /opt/airflow/dags/simple_pipeline_dag.py
[2025-11-09T07:44:59.193+0000] {logging_mixin.py:188} INFO - [2025-11-09T07:44:59.193+0000] {dag.py:3036} INFO - Sync 1 DAGs
[2025-11-09T07:44:59.430+0000] {logging_mixin.py:188} INFO - [2025-11-09T07:44:59.429+0000] {dag.py:3823} INFO - Setting next_dagrun for simple_pipeline_dag to 2025-11-09 07:00:00+00:00, run_after=2025-11-09 08:00:00+00:00
[2025-11-09T07:44:59.607+0000] {processor.py:183} INFO - Processing /opt/airflow/dags/simple_pipeline_dag.py took 0.904 seconds
[2025-11-09T07:45:32.257+0000] {processor.py:161} INFO - Started process (PID=1248) to work on /opt/airflow/dags/simple_pipeline_dag.py
[2025-11-09T07:45:32.261+0000] {processor.py:830} INFO - Processing file /opt/airflow/dags/simple_pipeline_dag.py for tasks to queue
[2025-11-09T07:45:32.292+0000] {logging_mixin.py:188} INFO - [2025-11-09T07:45:32.291+0000] {dagbag.py:538} INFO - Filling up the DagBag from /opt/airflow/dags/simple_pipeline_dag.py
[2025-11-09T07:45:32.404+0000] {processor.py:840} INFO - DAG(s) 'simple_pipeline_dag' retrieved from /opt/airflow/dags/simple_pipeline_dag.py
[2025-11-09T07:45:32.541+0000] {logging_mixin.py:188} INFO - [2025-11-09T07:45:32.540+0000] {dag.py:3036} INFO - Sync 1 DAGs
[2025-11-09T07:45:32.634+0000] {logging_mixin.py:188} INFO - [2025-11-09T07:45:32.634+0000] {dag.py:3823} INFO - Setting next_dagrun for simple_pipeline_dag to 2025-11-09 07:00:00+00:00, run_after=2025-11-09 08:00:00+00:00
[2025-11-09T07:45:32.704+0000] {processor.py:183} INFO - Processing /opt/airflow/dags/simple_pipeline_dag.py took 0.476 seconds
[2025-11-09T07:46:03.737+0000] {processor.py:161} INFO - Started process (PID=1257) to work on /opt/airflow/dags/simple_pipeline_dag.py
[2025-11-09T07:46:03.740+0000] {processor.py:830} INFO - Processing file /opt/airflow/dags/simple_pipeline_dag.py for tasks to queue
[2025-11-09T07:46:03.745+0000] {logging_mixin.py:188} INFO - [2025-11-09T07:46:03.744+0000] {dagbag.py:538} INFO - Filling up the DagBag from /opt/airflow/dags/simple_pipeline_dag.py
[2025-11-09T07:46:03.791+0000] {processor.py:840} INFO - DAG(s) 'simple_pipeline_dag' retrieved from /opt/airflow/dags/simple_pipeline_dag.py
[2025-11-09T07:46:03.851+0000] {logging_mixin.py:188} INFO - [2025-11-09T07:46:03.851+0000] {dag.py:3036} INFO - Sync 1 DAGs
[2025-11-09T07:46:03.899+0000] {logging_mixin.py:188} INFO - [2025-11-09T07:46:03.898+0000] {dag.py:3823} INFO - Setting next_dagrun for simple_pipeline_dag to 2025-11-09 07:00:00+00:00, run_after=2025-11-09 08:00:00+00:00
[2025-11-09T07:46:03.941+0000] {processor.py:183} INFO - Processing /opt/airflow/dags/simple_pipeline_dag.py took 0.213 seconds
