[2025-11-02T18:24:44.565+0000] {processor.py:161} INFO - Started process (PID=111) to work on /home/airflow/.local/lib/python3.8/site-packages/airflow/example_dags/example_time_delta_sensor_async.py
[2025-11-02T18:24:44.579+0000] {processor.py:830} INFO - Processing file /home/airflow/.local/lib/python3.8/site-packages/airflow/example_dags/example_time_delta_sensor_async.py for tasks to queue
[2025-11-02T18:24:44.590+0000] {logging_mixin.py:188} INFO - [2025-11-02T18:24:44.589+0000] {dagbag.py:538} INFO - Filling up the DagBag from /home/airflow/.local/lib/python3.8/site-packages/airflow/example_dags/example_time_delta_sensor_async.py
[2025-11-02T18:24:44.652+0000] {processor.py:840} INFO - DAG(s) 'example_time_delta_sensor_async' retrieved from /home/airflow/.local/lib/python3.8/site-packages/airflow/example_dags/example_time_delta_sensor_async.py
[2025-11-02T18:24:46.557+0000] {logging_mixin.py:188} INFO - [2025-11-02T18:24:46.556+0000] {dag.py:3036} INFO - Sync 1 DAGs
[2025-11-02T18:24:46.698+0000] {logging_mixin.py:188} INFO - [2025-11-02T18:24:46.689+0000] {dag.py:3823} INFO - Setting next_dagrun for example_time_delta_sensor_async to None, run_after=None
[2025-11-02T18:24:46.890+0000] {processor.py:183} INFO - Processing /home/airflow/.local/lib/python3.8/site-packages/airflow/example_dags/example_time_delta_sensor_async.py took 2.385 seconds
[2025-11-02T18:25:17.812+0000] {processor.py:161} INFO - Started process (PID=166) to work on /home/airflow/.local/lib/python3.8/site-packages/airflow/example_dags/example_time_delta_sensor_async.py
[2025-11-02T18:25:17.817+0000] {processor.py:830} INFO - Processing file /home/airflow/.local/lib/python3.8/site-packages/airflow/example_dags/example_time_delta_sensor_async.py for tasks to queue
[2025-11-02T18:25:17.822+0000] {logging_mixin.py:188} INFO - [2025-11-02T18:25:17.822+0000] {dagbag.py:538} INFO - Filling up the DagBag from /home/airflow/.local/lib/python3.8/site-packages/airflow/example_dags/example_time_delta_sensor_async.py
[2025-11-02T18:25:17.836+0000] {processor.py:840} INFO - DAG(s) 'example_time_delta_sensor_async' retrieved from /home/airflow/.local/lib/python3.8/site-packages/airflow/example_dags/example_time_delta_sensor_async.py
[2025-11-02T18:25:17.880+0000] {logging_mixin.py:188} INFO - [2025-11-02T18:25:17.879+0000] {dag.py:3036} INFO - Sync 1 DAGs
[2025-11-02T18:25:17.904+0000] {logging_mixin.py:188} INFO - [2025-11-02T18:25:17.904+0000] {dag.py:3823} INFO - Setting next_dagrun for example_time_delta_sensor_async to None, run_after=None
[2025-11-02T18:25:17.945+0000] {processor.py:183} INFO - Processing /home/airflow/.local/lib/python3.8/site-packages/airflow/example_dags/example_time_delta_sensor_async.py took 0.143 seconds
[2025-11-02T18:25:48.302+0000] {processor.py:161} INFO - Started process (PID=221) to work on /home/airflow/.local/lib/python3.8/site-packages/airflow/example_dags/example_time_delta_sensor_async.py
[2025-11-02T18:25:48.304+0000] {processor.py:830} INFO - Processing file /home/airflow/.local/lib/python3.8/site-packages/airflow/example_dags/example_time_delta_sensor_async.py for tasks to queue
[2025-11-02T18:25:48.309+0000] {logging_mixin.py:188} INFO - [2025-11-02T18:25:48.309+0000] {dagbag.py:538} INFO - Filling up the DagBag from /home/airflow/.local/lib/python3.8/site-packages/airflow/example_dags/example_time_delta_sensor_async.py
[2025-11-02T18:25:48.321+0000] {processor.py:840} INFO - DAG(s) 'example_time_delta_sensor_async' retrieved from /home/airflow/.local/lib/python3.8/site-packages/airflow/example_dags/example_time_delta_sensor_async.py
[2025-11-02T18:25:48.367+0000] {logging_mixin.py:188} INFO - [2025-11-02T18:25:48.367+0000] {dag.py:3036} INFO - Sync 1 DAGs
[2025-11-02T18:25:48.392+0000] {logging_mixin.py:188} INFO - [2025-11-02T18:25:48.392+0000] {dag.py:3823} INFO - Setting next_dagrun for example_time_delta_sensor_async to None, run_after=None
[2025-11-02T18:25:48.434+0000] {processor.py:183} INFO - Processing /home/airflow/.local/lib/python3.8/site-packages/airflow/example_dags/example_time_delta_sensor_async.py took 0.140 seconds
[2025-11-02T18:26:19.374+0000] {processor.py:161} INFO - Started process (PID=276) to work on /home/airflow/.local/lib/python3.8/site-packages/airflow/example_dags/example_time_delta_sensor_async.py
[2025-11-02T18:26:19.376+0000] {processor.py:830} INFO - Processing file /home/airflow/.local/lib/python3.8/site-packages/airflow/example_dags/example_time_delta_sensor_async.py for tasks to queue
[2025-11-02T18:26:19.381+0000] {logging_mixin.py:188} INFO - [2025-11-02T18:26:19.380+0000] {dagbag.py:538} INFO - Filling up the DagBag from /home/airflow/.local/lib/python3.8/site-packages/airflow/example_dags/example_time_delta_sensor_async.py
[2025-11-02T18:26:19.392+0000] {processor.py:840} INFO - DAG(s) 'example_time_delta_sensor_async' retrieved from /home/airflow/.local/lib/python3.8/site-packages/airflow/example_dags/example_time_delta_sensor_async.py
[2025-11-02T18:26:19.441+0000] {logging_mixin.py:188} INFO - [2025-11-02T18:26:19.440+0000] {dag.py:3036} INFO - Sync 1 DAGs
[2025-11-02T18:26:19.471+0000] {logging_mixin.py:188} INFO - [2025-11-02T18:26:19.470+0000] {dag.py:3823} INFO - Setting next_dagrun for example_time_delta_sensor_async to None, run_after=None
[2025-11-02T18:26:19.535+0000] {processor.py:183} INFO - Processing /home/airflow/.local/lib/python3.8/site-packages/airflow/example_dags/example_time_delta_sensor_async.py took 0.168 seconds
[2025-11-02T18:26:52.569+0000] {processor.py:161} INFO - Started process (PID=331) to work on /home/airflow/.local/lib/python3.8/site-packages/airflow/example_dags/example_time_delta_sensor_async.py
[2025-11-02T18:26:52.573+0000] {processor.py:830} INFO - Processing file /home/airflow/.local/lib/python3.8/site-packages/airflow/example_dags/example_time_delta_sensor_async.py for tasks to queue
[2025-11-02T18:26:52.582+0000] {logging_mixin.py:188} INFO - [2025-11-02T18:26:52.581+0000] {dagbag.py:538} INFO - Filling up the DagBag from /home/airflow/.local/lib/python3.8/site-packages/airflow/example_dags/example_time_delta_sensor_async.py
[2025-11-02T18:26:52.606+0000] {processor.py:840} INFO - DAG(s) 'example_time_delta_sensor_async' retrieved from /home/airflow/.local/lib/python3.8/site-packages/airflow/example_dags/example_time_delta_sensor_async.py
[2025-11-02T18:26:52.716+0000] {logging_mixin.py:188} INFO - [2025-11-02T18:26:52.715+0000] {dag.py:3036} INFO - Sync 1 DAGs
[2025-11-02T18:26:52.763+0000] {logging_mixin.py:188} INFO - [2025-11-02T18:26:52.762+0000] {dag.py:3823} INFO - Setting next_dagrun for example_time_delta_sensor_async to None, run_after=None
[2025-11-02T18:26:52.844+0000] {processor.py:183} INFO - Processing /home/airflow/.local/lib/python3.8/site-packages/airflow/example_dags/example_time_delta_sensor_async.py took 0.287 seconds
[2025-11-02T18:27:23.510+0000] {processor.py:161} INFO - Started process (PID=386) to work on /home/airflow/.local/lib/python3.8/site-packages/airflow/example_dags/example_time_delta_sensor_async.py
[2025-11-02T18:27:23.512+0000] {processor.py:830} INFO - Processing file /home/airflow/.local/lib/python3.8/site-packages/airflow/example_dags/example_time_delta_sensor_async.py for tasks to queue
[2025-11-02T18:27:23.517+0000] {logging_mixin.py:188} INFO - [2025-11-02T18:27:23.516+0000] {dagbag.py:538} INFO - Filling up the DagBag from /home/airflow/.local/lib/python3.8/site-packages/airflow/example_dags/example_time_delta_sensor_async.py
[2025-11-02T18:27:23.532+0000] {processor.py:840} INFO - DAG(s) 'example_time_delta_sensor_async' retrieved from /home/airflow/.local/lib/python3.8/site-packages/airflow/example_dags/example_time_delta_sensor_async.py
[2025-11-02T18:27:23.580+0000] {logging_mixin.py:188} INFO - [2025-11-02T18:27:23.579+0000] {dag.py:3036} INFO - Sync 1 DAGs
[2025-11-02T18:27:23.604+0000] {logging_mixin.py:188} INFO - [2025-11-02T18:27:23.604+0000] {dag.py:3823} INFO - Setting next_dagrun for example_time_delta_sensor_async to None, run_after=None
[2025-11-02T18:27:23.651+0000] {processor.py:183} INFO - Processing /home/airflow/.local/lib/python3.8/site-packages/airflow/example_dags/example_time_delta_sensor_async.py took 0.150 seconds
[2025-11-02T18:27:54.321+0000] {processor.py:161} INFO - Started process (PID=441) to work on /home/airflow/.local/lib/python3.8/site-packages/airflow/example_dags/example_time_delta_sensor_async.py
[2025-11-02T18:27:54.324+0000] {processor.py:830} INFO - Processing file /home/airflow/.local/lib/python3.8/site-packages/airflow/example_dags/example_time_delta_sensor_async.py for tasks to queue
[2025-11-02T18:27:54.329+0000] {logging_mixin.py:188} INFO - [2025-11-02T18:27:54.328+0000] {dagbag.py:538} INFO - Filling up the DagBag from /home/airflow/.local/lib/python3.8/site-packages/airflow/example_dags/example_time_delta_sensor_async.py
[2025-11-02T18:27:54.341+0000] {processor.py:840} INFO - DAG(s) 'example_time_delta_sensor_async' retrieved from /home/airflow/.local/lib/python3.8/site-packages/airflow/example_dags/example_time_delta_sensor_async.py
[2025-11-02T18:27:54.385+0000] {logging_mixin.py:188} INFO - [2025-11-02T18:27:54.384+0000] {dag.py:3036} INFO - Sync 1 DAGs
[2025-11-02T18:27:54.410+0000] {logging_mixin.py:188} INFO - [2025-11-02T18:27:54.410+0000] {dag.py:3823} INFO - Setting next_dagrun for example_time_delta_sensor_async to None, run_after=None
[2025-11-02T18:27:54.451+0000] {processor.py:183} INFO - Processing /home/airflow/.local/lib/python3.8/site-packages/airflow/example_dags/example_time_delta_sensor_async.py took 0.139 seconds
[2025-11-02T18:28:24.782+0000] {processor.py:161} INFO - Started process (PID=496) to work on /home/airflow/.local/lib/python3.8/site-packages/airflow/example_dags/example_time_delta_sensor_async.py
[2025-11-02T18:28:24.785+0000] {processor.py:830} INFO - Processing file /home/airflow/.local/lib/python3.8/site-packages/airflow/example_dags/example_time_delta_sensor_async.py for tasks to queue
[2025-11-02T18:28:24.789+0000] {logging_mixin.py:188} INFO - [2025-11-02T18:28:24.789+0000] {dagbag.py:538} INFO - Filling up the DagBag from /home/airflow/.local/lib/python3.8/site-packages/airflow/example_dags/example_time_delta_sensor_async.py
[2025-11-02T18:28:24.801+0000] {processor.py:840} INFO - DAG(s) 'example_time_delta_sensor_async' retrieved from /home/airflow/.local/lib/python3.8/site-packages/airflow/example_dags/example_time_delta_sensor_async.py
[2025-11-02T18:28:24.846+0000] {logging_mixin.py:188} INFO - [2025-11-02T18:28:24.845+0000] {dag.py:3036} INFO - Sync 1 DAGs
[2025-11-02T18:28:24.873+0000] {logging_mixin.py:188} INFO - [2025-11-02T18:28:24.873+0000] {dag.py:3823} INFO - Setting next_dagrun for example_time_delta_sensor_async to None, run_after=None
[2025-11-02T18:28:24.918+0000] {processor.py:183} INFO - Processing /home/airflow/.local/lib/python3.8/site-packages/airflow/example_dags/example_time_delta_sensor_async.py took 0.144 seconds
[2025-11-02T18:28:55.905+0000] {processor.py:161} INFO - Started process (PID=552) to work on /home/airflow/.local/lib/python3.8/site-packages/airflow/example_dags/example_time_delta_sensor_async.py
[2025-11-02T18:28:55.910+0000] {processor.py:830} INFO - Processing file /home/airflow/.local/lib/python3.8/site-packages/airflow/example_dags/example_time_delta_sensor_async.py for tasks to queue
[2025-11-02T18:28:55.922+0000] {logging_mixin.py:188} INFO - [2025-11-02T18:28:55.921+0000] {dagbag.py:538} INFO - Filling up the DagBag from /home/airflow/.local/lib/python3.8/site-packages/airflow/example_dags/example_time_delta_sensor_async.py
[2025-11-02T18:28:55.956+0000] {processor.py:840} INFO - DAG(s) 'example_time_delta_sensor_async' retrieved from /home/airflow/.local/lib/python3.8/site-packages/airflow/example_dags/example_time_delta_sensor_async.py
[2025-11-02T18:28:56.054+0000] {logging_mixin.py:188} INFO - [2025-11-02T18:28:56.054+0000] {dag.py:3036} INFO - Sync 1 DAGs
[2025-11-02T18:28:56.113+0000] {logging_mixin.py:188} INFO - [2025-11-02T18:28:56.112+0000] {dag.py:3823} INFO - Setting next_dagrun for example_time_delta_sensor_async to None, run_after=None
[2025-11-02T18:28:56.190+0000] {processor.py:183} INFO - Processing /home/airflow/.local/lib/python3.8/site-packages/airflow/example_dags/example_time_delta_sensor_async.py took 0.299 seconds
[2025-11-02T18:29:27.077+0000] {processor.py:161} INFO - Started process (PID=607) to work on /home/airflow/.local/lib/python3.8/site-packages/airflow/example_dags/example_time_delta_sensor_async.py
[2025-11-02T18:29:27.079+0000] {processor.py:830} INFO - Processing file /home/airflow/.local/lib/python3.8/site-packages/airflow/example_dags/example_time_delta_sensor_async.py for tasks to queue
[2025-11-02T18:29:27.086+0000] {logging_mixin.py:188} INFO - [2025-11-02T18:29:27.085+0000] {dagbag.py:538} INFO - Filling up the DagBag from /home/airflow/.local/lib/python3.8/site-packages/airflow/example_dags/example_time_delta_sensor_async.py
[2025-11-02T18:29:27.100+0000] {processor.py:840} INFO - DAG(s) 'example_time_delta_sensor_async' retrieved from /home/airflow/.local/lib/python3.8/site-packages/airflow/example_dags/example_time_delta_sensor_async.py
[2025-11-02T18:29:27.156+0000] {logging_mixin.py:188} INFO - [2025-11-02T18:29:27.155+0000] {dag.py:3036} INFO - Sync 1 DAGs
[2025-11-02T18:29:27.190+0000] {logging_mixin.py:188} INFO - [2025-11-02T18:29:27.189+0000] {dag.py:3823} INFO - Setting next_dagrun for example_time_delta_sensor_async to None, run_after=None
[2025-11-02T18:29:27.249+0000] {processor.py:183} INFO - Processing /home/airflow/.local/lib/python3.8/site-packages/airflow/example_dags/example_time_delta_sensor_async.py took 0.182 seconds
[2025-11-02T18:29:57.774+0000] {processor.py:161} INFO - Started process (PID=662) to work on /home/airflow/.local/lib/python3.8/site-packages/airflow/example_dags/example_time_delta_sensor_async.py
[2025-11-02T18:29:57.777+0000] {processor.py:830} INFO - Processing file /home/airflow/.local/lib/python3.8/site-packages/airflow/example_dags/example_time_delta_sensor_async.py for tasks to queue
[2025-11-02T18:29:57.785+0000] {logging_mixin.py:188} INFO - [2025-11-02T18:29:57.784+0000] {dagbag.py:538} INFO - Filling up the DagBag from /home/airflow/.local/lib/python3.8/site-packages/airflow/example_dags/example_time_delta_sensor_async.py
[2025-11-02T18:29:57.803+0000] {processor.py:840} INFO - DAG(s) 'example_time_delta_sensor_async' retrieved from /home/airflow/.local/lib/python3.8/site-packages/airflow/example_dags/example_time_delta_sensor_async.py
[2025-11-02T18:29:57.877+0000] {logging_mixin.py:188} INFO - [2025-11-02T18:29:57.876+0000] {dag.py:3036} INFO - Sync 1 DAGs
[2025-11-02T18:29:57.920+0000] {logging_mixin.py:188} INFO - [2025-11-02T18:29:57.919+0000] {dag.py:3823} INFO - Setting next_dagrun for example_time_delta_sensor_async to None, run_after=None
[2025-11-02T18:29:57.985+0000] {processor.py:183} INFO - Processing /home/airflow/.local/lib/python3.8/site-packages/airflow/example_dags/example_time_delta_sensor_async.py took 0.226 seconds
[2025-11-02T18:30:28.958+0000] {processor.py:161} INFO - Started process (PID=717) to work on /home/airflow/.local/lib/python3.8/site-packages/airflow/example_dags/example_time_delta_sensor_async.py
[2025-11-02T18:30:28.961+0000] {processor.py:830} INFO - Processing file /home/airflow/.local/lib/python3.8/site-packages/airflow/example_dags/example_time_delta_sensor_async.py for tasks to queue
[2025-11-02T18:30:28.974+0000] {logging_mixin.py:188} INFO - [2025-11-02T18:30:28.971+0000] {dagbag.py:538} INFO - Filling up the DagBag from /home/airflow/.local/lib/python3.8/site-packages/airflow/example_dags/example_time_delta_sensor_async.py
[2025-11-02T18:30:29.001+0000] {processor.py:840} INFO - DAG(s) 'example_time_delta_sensor_async' retrieved from /home/airflow/.local/lib/python3.8/site-packages/airflow/example_dags/example_time_delta_sensor_async.py
[2025-11-02T18:30:29.166+0000] {logging_mixin.py:188} INFO - [2025-11-02T18:30:29.165+0000] {dag.py:3036} INFO - Sync 1 DAGs
[2025-11-02T18:30:29.224+0000] {logging_mixin.py:188} INFO - [2025-11-02T18:30:29.223+0000] {dag.py:3823} INFO - Setting next_dagrun for example_time_delta_sensor_async to None, run_after=None
[2025-11-02T18:30:29.329+0000] {processor.py:183} INFO - Processing /home/airflow/.local/lib/python3.8/site-packages/airflow/example_dags/example_time_delta_sensor_async.py took 0.393 seconds
[2025-11-02T18:30:59.557+0000] {processor.py:161} INFO - Started process (PID=772) to work on /home/airflow/.local/lib/python3.8/site-packages/airflow/example_dags/example_time_delta_sensor_async.py
[2025-11-02T18:30:59.571+0000] {processor.py:830} INFO - Processing file /home/airflow/.local/lib/python3.8/site-packages/airflow/example_dags/example_time_delta_sensor_async.py for tasks to queue
[2025-11-02T18:30:59.583+0000] {logging_mixin.py:188} INFO - [2025-11-02T18:30:59.578+0000] {dagbag.py:538} INFO - Filling up the DagBag from /home/airflow/.local/lib/python3.8/site-packages/airflow/example_dags/example_time_delta_sensor_async.py
[2025-11-02T18:30:59.612+0000] {processor.py:840} INFO - DAG(s) 'example_time_delta_sensor_async' retrieved from /home/airflow/.local/lib/python3.8/site-packages/airflow/example_dags/example_time_delta_sensor_async.py
[2025-11-02T18:30:59.719+0000] {logging_mixin.py:188} INFO - [2025-11-02T18:30:59.718+0000] {dag.py:3036} INFO - Sync 1 DAGs
[2025-11-02T18:30:59.794+0000] {logging_mixin.py:188} INFO - [2025-11-02T18:30:59.794+0000] {dag.py:3823} INFO - Setting next_dagrun for example_time_delta_sensor_async to None, run_after=None
[2025-11-02T18:30:59.894+0000] {processor.py:183} INFO - Processing /home/airflow/.local/lib/python3.8/site-packages/airflow/example_dags/example_time_delta_sensor_async.py took 0.354 seconds
[2025-11-02T18:31:30.939+0000] {processor.py:161} INFO - Started process (PID=827) to work on /home/airflow/.local/lib/python3.8/site-packages/airflow/example_dags/example_time_delta_sensor_async.py
[2025-11-02T18:31:30.943+0000] {processor.py:830} INFO - Processing file /home/airflow/.local/lib/python3.8/site-packages/airflow/example_dags/example_time_delta_sensor_async.py for tasks to queue
[2025-11-02T18:31:30.949+0000] {logging_mixin.py:188} INFO - [2025-11-02T18:31:30.948+0000] {dagbag.py:538} INFO - Filling up the DagBag from /home/airflow/.local/lib/python3.8/site-packages/airflow/example_dags/example_time_delta_sensor_async.py
[2025-11-02T18:31:30.964+0000] {processor.py:840} INFO - DAG(s) 'example_time_delta_sensor_async' retrieved from /home/airflow/.local/lib/python3.8/site-packages/airflow/example_dags/example_time_delta_sensor_async.py
[2025-11-02T18:31:31.024+0000] {logging_mixin.py:188} INFO - [2025-11-02T18:31:31.023+0000] {dag.py:3036} INFO - Sync 1 DAGs
[2025-11-02T18:31:31.068+0000] {logging_mixin.py:188} INFO - [2025-11-02T18:31:31.067+0000] {dag.py:3823} INFO - Setting next_dagrun for example_time_delta_sensor_async to None, run_after=None
[2025-11-02T18:31:31.115+0000] {processor.py:183} INFO - Processing /home/airflow/.local/lib/python3.8/site-packages/airflow/example_dags/example_time_delta_sensor_async.py took 0.187 seconds
[2025-11-02T18:32:01.689+0000] {processor.py:161} INFO - Started process (PID=880) to work on /home/airflow/.local/lib/python3.8/site-packages/airflow/example_dags/example_time_delta_sensor_async.py
[2025-11-02T18:32:01.692+0000] {processor.py:830} INFO - Processing file /home/airflow/.local/lib/python3.8/site-packages/airflow/example_dags/example_time_delta_sensor_async.py for tasks to queue
[2025-11-02T18:32:01.699+0000] {logging_mixin.py:188} INFO - [2025-11-02T18:32:01.698+0000] {dagbag.py:538} INFO - Filling up the DagBag from /home/airflow/.local/lib/python3.8/site-packages/airflow/example_dags/example_time_delta_sensor_async.py
[2025-11-02T18:32:01.715+0000] {processor.py:840} INFO - DAG(s) 'example_time_delta_sensor_async' retrieved from /home/airflow/.local/lib/python3.8/site-packages/airflow/example_dags/example_time_delta_sensor_async.py
[2025-11-02T18:32:01.774+0000] {logging_mixin.py:188} INFO - [2025-11-02T18:32:01.773+0000] {dag.py:3036} INFO - Sync 1 DAGs
[2025-11-02T18:32:01.803+0000] {logging_mixin.py:188} INFO - [2025-11-02T18:32:01.803+0000] {dag.py:3823} INFO - Setting next_dagrun for example_time_delta_sensor_async to None, run_after=None
[2025-11-02T18:32:01.849+0000] {processor.py:183} INFO - Processing /home/airflow/.local/lib/python3.8/site-packages/airflow/example_dags/example_time_delta_sensor_async.py took 0.171 seconds
[2025-11-02T18:32:32.266+0000] {processor.py:161} INFO - Started process (PID=934) to work on /home/airflow/.local/lib/python3.8/site-packages/airflow/example_dags/example_time_delta_sensor_async.py
[2025-11-02T18:32:32.270+0000] {processor.py:830} INFO - Processing file /home/airflow/.local/lib/python3.8/site-packages/airflow/example_dags/example_time_delta_sensor_async.py for tasks to queue
[2025-11-02T18:32:32.275+0000] {logging_mixin.py:188} INFO - [2025-11-02T18:32:32.274+0000] {dagbag.py:538} INFO - Filling up the DagBag from /home/airflow/.local/lib/python3.8/site-packages/airflow/example_dags/example_time_delta_sensor_async.py
[2025-11-02T18:32:32.289+0000] {processor.py:840} INFO - DAG(s) 'example_time_delta_sensor_async' retrieved from /home/airflow/.local/lib/python3.8/site-packages/airflow/example_dags/example_time_delta_sensor_async.py
[2025-11-02T18:32:32.349+0000] {logging_mixin.py:188} INFO - [2025-11-02T18:32:32.349+0000] {dag.py:3036} INFO - Sync 1 DAGs
[2025-11-02T18:32:32.382+0000] {logging_mixin.py:188} INFO - [2025-11-02T18:32:32.381+0000] {dag.py:3823} INFO - Setting next_dagrun for example_time_delta_sensor_async to None, run_after=None
[2025-11-02T18:32:32.424+0000] {processor.py:183} INFO - Processing /home/airflow/.local/lib/python3.8/site-packages/airflow/example_dags/example_time_delta_sensor_async.py took 0.167 seconds
[2025-11-02T18:33:02.585+0000] {processor.py:161} INFO - Started process (PID=988) to work on /home/airflow/.local/lib/python3.8/site-packages/airflow/example_dags/example_time_delta_sensor_async.py
[2025-11-02T18:33:02.588+0000] {processor.py:830} INFO - Processing file /home/airflow/.local/lib/python3.8/site-packages/airflow/example_dags/example_time_delta_sensor_async.py for tasks to queue
[2025-11-02T18:33:02.592+0000] {logging_mixin.py:188} INFO - [2025-11-02T18:33:02.592+0000] {dagbag.py:538} INFO - Filling up the DagBag from /home/airflow/.local/lib/python3.8/site-packages/airflow/example_dags/example_time_delta_sensor_async.py
[2025-11-02T18:33:02.606+0000] {processor.py:840} INFO - DAG(s) 'example_time_delta_sensor_async' retrieved from /home/airflow/.local/lib/python3.8/site-packages/airflow/example_dags/example_time_delta_sensor_async.py
[2025-11-02T18:33:02.674+0000] {logging_mixin.py:188} INFO - [2025-11-02T18:33:02.673+0000] {dag.py:3036} INFO - Sync 1 DAGs
[2025-11-02T18:33:02.701+0000] {logging_mixin.py:188} INFO - [2025-11-02T18:33:02.700+0000] {dag.py:3823} INFO - Setting next_dagrun for example_time_delta_sensor_async to None, run_after=None
[2025-11-02T18:33:02.748+0000] {processor.py:183} INFO - Processing /home/airflow/.local/lib/python3.8/site-packages/airflow/example_dags/example_time_delta_sensor_async.py took 0.174 seconds
[2025-11-02T18:33:33.113+0000] {processor.py:161} INFO - Started process (PID=1043) to work on /home/airflow/.local/lib/python3.8/site-packages/airflow/example_dags/example_time_delta_sensor_async.py
[2025-11-02T18:33:33.116+0000] {processor.py:830} INFO - Processing file /home/airflow/.local/lib/python3.8/site-packages/airflow/example_dags/example_time_delta_sensor_async.py for tasks to queue
[2025-11-02T18:33:33.124+0000] {logging_mixin.py:188} INFO - [2025-11-02T18:33:33.123+0000] {dagbag.py:538} INFO - Filling up the DagBag from /home/airflow/.local/lib/python3.8/site-packages/airflow/example_dags/example_time_delta_sensor_async.py
[2025-11-02T18:33:33.145+0000] {processor.py:840} INFO - DAG(s) 'example_time_delta_sensor_async' retrieved from /home/airflow/.local/lib/python3.8/site-packages/airflow/example_dags/example_time_delta_sensor_async.py
[2025-11-02T18:33:33.199+0000] {logging_mixin.py:188} INFO - [2025-11-02T18:33:33.198+0000] {dag.py:3036} INFO - Sync 1 DAGs
[2025-11-02T18:33:33.253+0000] {logging_mixin.py:188} INFO - [2025-11-02T18:33:33.252+0000] {dag.py:3823} INFO - Setting next_dagrun for example_time_delta_sensor_async to None, run_after=None
[2025-11-02T18:33:33.302+0000] {processor.py:183} INFO - Processing /home/airflow/.local/lib/python3.8/site-packages/airflow/example_dags/example_time_delta_sensor_async.py took 0.200 seconds
[2025-11-02T18:34:03.942+0000] {processor.py:161} INFO - Started process (PID=1098) to work on /home/airflow/.local/lib/python3.8/site-packages/airflow/example_dags/example_time_delta_sensor_async.py
[2025-11-02T18:34:03.945+0000] {processor.py:830} INFO - Processing file /home/airflow/.local/lib/python3.8/site-packages/airflow/example_dags/example_time_delta_sensor_async.py for tasks to queue
[2025-11-02T18:34:03.950+0000] {logging_mixin.py:188} INFO - [2025-11-02T18:34:03.949+0000] {dagbag.py:538} INFO - Filling up the DagBag from /home/airflow/.local/lib/python3.8/site-packages/airflow/example_dags/example_time_delta_sensor_async.py
[2025-11-02T18:34:03.960+0000] {processor.py:840} INFO - DAG(s) 'example_time_delta_sensor_async' retrieved from /home/airflow/.local/lib/python3.8/site-packages/airflow/example_dags/example_time_delta_sensor_async.py
[2025-11-02T18:34:04.004+0000] {logging_mixin.py:188} INFO - [2025-11-02T18:34:04.004+0000] {dag.py:3036} INFO - Sync 1 DAGs
[2025-11-02T18:34:04.029+0000] {logging_mixin.py:188} INFO - [2025-11-02T18:34:04.029+0000] {dag.py:3823} INFO - Setting next_dagrun for example_time_delta_sensor_async to None, run_after=None
[2025-11-02T18:34:04.070+0000] {processor.py:183} INFO - Processing /home/airflow/.local/lib/python3.8/site-packages/airflow/example_dags/example_time_delta_sensor_async.py took 0.139 seconds
[2025-11-02T18:34:34.454+0000] {processor.py:161} INFO - Started process (PID=1153) to work on /home/airflow/.local/lib/python3.8/site-packages/airflow/example_dags/example_time_delta_sensor_async.py
[2025-11-02T18:34:34.457+0000] {processor.py:830} INFO - Processing file /home/airflow/.local/lib/python3.8/site-packages/airflow/example_dags/example_time_delta_sensor_async.py for tasks to queue
[2025-11-02T18:34:34.465+0000] {logging_mixin.py:188} INFO - [2025-11-02T18:34:34.464+0000] {dagbag.py:538} INFO - Filling up the DagBag from /home/airflow/.local/lib/python3.8/site-packages/airflow/example_dags/example_time_delta_sensor_async.py
[2025-11-02T18:34:34.483+0000] {processor.py:840} INFO - DAG(s) 'example_time_delta_sensor_async' retrieved from /home/airflow/.local/lib/python3.8/site-packages/airflow/example_dags/example_time_delta_sensor_async.py
[2025-11-02T18:34:34.547+0000] {logging_mixin.py:188} INFO - [2025-11-02T18:34:34.546+0000] {dag.py:3036} INFO - Sync 1 DAGs
[2025-11-02T18:34:34.586+0000] {logging_mixin.py:188} INFO - [2025-11-02T18:34:34.585+0000] {dag.py:3823} INFO - Setting next_dagrun for example_time_delta_sensor_async to None, run_after=None
[2025-11-02T18:34:34.711+0000] {processor.py:183} INFO - Processing /home/airflow/.local/lib/python3.8/site-packages/airflow/example_dags/example_time_delta_sensor_async.py took 0.269 seconds
[2025-11-02T18:35:05.241+0000] {processor.py:161} INFO - Started process (PID=1209) to work on /home/airflow/.local/lib/python3.8/site-packages/airflow/example_dags/example_time_delta_sensor_async.py
[2025-11-02T18:35:05.243+0000] {processor.py:830} INFO - Processing file /home/airflow/.local/lib/python3.8/site-packages/airflow/example_dags/example_time_delta_sensor_async.py for tasks to queue
[2025-11-02T18:35:05.249+0000] {logging_mixin.py:188} INFO - [2025-11-02T18:35:05.249+0000] {dagbag.py:538} INFO - Filling up the DagBag from /home/airflow/.local/lib/python3.8/site-packages/airflow/example_dags/example_time_delta_sensor_async.py
[2025-11-02T18:35:05.271+0000] {processor.py:840} INFO - DAG(s) 'example_time_delta_sensor_async' retrieved from /home/airflow/.local/lib/python3.8/site-packages/airflow/example_dags/example_time_delta_sensor_async.py
[2025-11-02T18:35:05.318+0000] {logging_mixin.py:188} INFO - [2025-11-02T18:35:05.318+0000] {dag.py:3036} INFO - Sync 1 DAGs
[2025-11-02T18:35:05.342+0000] {logging_mixin.py:188} INFO - [2025-11-02T18:35:05.341+0000] {dag.py:3823} INFO - Setting next_dagrun for example_time_delta_sensor_async to None, run_after=None
[2025-11-02T18:35:05.381+0000] {processor.py:183} INFO - Processing /home/airflow/.local/lib/python3.8/site-packages/airflow/example_dags/example_time_delta_sensor_async.py took 0.150 seconds
[2025-11-02T18:35:35.944+0000] {processor.py:161} INFO - Started process (PID=1264) to work on /home/airflow/.local/lib/python3.8/site-packages/airflow/example_dags/example_time_delta_sensor_async.py
[2025-11-02T18:35:35.947+0000] {processor.py:830} INFO - Processing file /home/airflow/.local/lib/python3.8/site-packages/airflow/example_dags/example_time_delta_sensor_async.py for tasks to queue
[2025-11-02T18:35:35.952+0000] {logging_mixin.py:188} INFO - [2025-11-02T18:35:35.951+0000] {dagbag.py:538} INFO - Filling up the DagBag from /home/airflow/.local/lib/python3.8/site-packages/airflow/example_dags/example_time_delta_sensor_async.py
[2025-11-02T18:35:35.965+0000] {processor.py:840} INFO - DAG(s) 'example_time_delta_sensor_async' retrieved from /home/airflow/.local/lib/python3.8/site-packages/airflow/example_dags/example_time_delta_sensor_async.py
[2025-11-02T18:35:36.035+0000] {logging_mixin.py:188} INFO - [2025-11-02T18:35:36.034+0000] {dag.py:3036} INFO - Sync 1 DAGs
[2025-11-02T18:35:36.085+0000] {logging_mixin.py:188} INFO - [2025-11-02T18:35:36.084+0000] {dag.py:3823} INFO - Setting next_dagrun for example_time_delta_sensor_async to None, run_after=None
[2025-11-02T18:35:36.161+0000] {processor.py:183} INFO - Processing /home/airflow/.local/lib/python3.8/site-packages/airflow/example_dags/example_time_delta_sensor_async.py took 0.226 seconds
[2025-11-02T18:36:06.538+0000] {processor.py:161} INFO - Started process (PID=1320) to work on /home/airflow/.local/lib/python3.8/site-packages/airflow/example_dags/example_time_delta_sensor_async.py
[2025-11-02T18:36:06.553+0000] {processor.py:830} INFO - Processing file /home/airflow/.local/lib/python3.8/site-packages/airflow/example_dags/example_time_delta_sensor_async.py for tasks to queue
[2025-11-02T18:36:06.561+0000] {logging_mixin.py:188} INFO - [2025-11-02T18:36:06.560+0000] {dagbag.py:538} INFO - Filling up the DagBag from /home/airflow/.local/lib/python3.8/site-packages/airflow/example_dags/example_time_delta_sensor_async.py
[2025-11-02T18:36:06.578+0000] {processor.py:840} INFO - DAG(s) 'example_time_delta_sensor_async' retrieved from /home/airflow/.local/lib/python3.8/site-packages/airflow/example_dags/example_time_delta_sensor_async.py
[2025-11-02T18:36:06.643+0000] {logging_mixin.py:188} INFO - [2025-11-02T18:36:06.642+0000] {dag.py:3036} INFO - Sync 1 DAGs
[2025-11-02T18:36:06.676+0000] {logging_mixin.py:188} INFO - [2025-11-02T18:36:06.675+0000] {dag.py:3823} INFO - Setting next_dagrun for example_time_delta_sensor_async to None, run_after=None
[2025-11-02T18:36:06.721+0000] {processor.py:183} INFO - Processing /home/airflow/.local/lib/python3.8/site-packages/airflow/example_dags/example_time_delta_sensor_async.py took 0.193 seconds
[2025-11-02T18:36:37.065+0000] {processor.py:161} INFO - Started process (PID=1375) to work on /home/airflow/.local/lib/python3.8/site-packages/airflow/example_dags/example_time_delta_sensor_async.py
[2025-11-02T18:36:37.068+0000] {processor.py:830} INFO - Processing file /home/airflow/.local/lib/python3.8/site-packages/airflow/example_dags/example_time_delta_sensor_async.py for tasks to queue
[2025-11-02T18:36:37.073+0000] {logging_mixin.py:188} INFO - [2025-11-02T18:36:37.073+0000] {dagbag.py:538} INFO - Filling up the DagBag from /home/airflow/.local/lib/python3.8/site-packages/airflow/example_dags/example_time_delta_sensor_async.py
[2025-11-02T18:36:37.090+0000] {processor.py:840} INFO - DAG(s) 'example_time_delta_sensor_async' retrieved from /home/airflow/.local/lib/python3.8/site-packages/airflow/example_dags/example_time_delta_sensor_async.py
[2025-11-02T18:36:37.169+0000] {logging_mixin.py:188} INFO - [2025-11-02T18:36:37.168+0000] {dag.py:3036} INFO - Sync 1 DAGs
[2025-11-02T18:36:37.203+0000] {logging_mixin.py:188} INFO - [2025-11-02T18:36:37.203+0000] {dag.py:3823} INFO - Setting next_dagrun for example_time_delta_sensor_async to None, run_after=None
[2025-11-02T18:36:37.269+0000] {processor.py:183} INFO - Processing /home/airflow/.local/lib/python3.8/site-packages/airflow/example_dags/example_time_delta_sensor_async.py took 0.214 seconds
[2025-11-02T18:37:08.425+0000] {processor.py:161} INFO - Started process (PID=1430) to work on /home/airflow/.local/lib/python3.8/site-packages/airflow/example_dags/example_time_delta_sensor_async.py
[2025-11-02T18:37:08.445+0000] {processor.py:830} INFO - Processing file /home/airflow/.local/lib/python3.8/site-packages/airflow/example_dags/example_time_delta_sensor_async.py for tasks to queue
[2025-11-02T18:37:08.508+0000] {logging_mixin.py:188} INFO - [2025-11-02T18:37:08.507+0000] {dagbag.py:538} INFO - Filling up the DagBag from /home/airflow/.local/lib/python3.8/site-packages/airflow/example_dags/example_time_delta_sensor_async.py
[2025-11-02T18:37:08.576+0000] {processor.py:840} INFO - DAG(s) 'example_time_delta_sensor_async' retrieved from /home/airflow/.local/lib/python3.8/site-packages/airflow/example_dags/example_time_delta_sensor_async.py
[2025-11-02T18:37:08.655+0000] {logging_mixin.py:188} INFO - [2025-11-02T18:37:08.654+0000] {dag.py:3036} INFO - Sync 1 DAGs
[2025-11-02T18:37:08.716+0000] {logging_mixin.py:188} INFO - [2025-11-02T18:37:08.716+0000] {dag.py:3823} INFO - Setting next_dagrun for example_time_delta_sensor_async to None, run_after=None
[2025-11-02T18:37:08.796+0000] {processor.py:183} INFO - Processing /home/airflow/.local/lib/python3.8/site-packages/airflow/example_dags/example_time_delta_sensor_async.py took 0.411 seconds
[2025-11-02T18:37:40.172+0000] {processor.py:161} INFO - Started process (PID=1486) to work on /home/airflow/.local/lib/python3.8/site-packages/airflow/example_dags/example_time_delta_sensor_async.py
[2025-11-02T18:37:40.187+0000] {processor.py:830} INFO - Processing file /home/airflow/.local/lib/python3.8/site-packages/airflow/example_dags/example_time_delta_sensor_async.py for tasks to queue
[2025-11-02T18:37:40.218+0000] {logging_mixin.py:188} INFO - [2025-11-02T18:37:40.217+0000] {dagbag.py:538} INFO - Filling up the DagBag from /home/airflow/.local/lib/python3.8/site-packages/airflow/example_dags/example_time_delta_sensor_async.py
[2025-11-02T18:37:40.267+0000] {processor.py:840} INFO - DAG(s) 'example_time_delta_sensor_async' retrieved from /home/airflow/.local/lib/python3.8/site-packages/airflow/example_dags/example_time_delta_sensor_async.py
[2025-11-02T18:37:40.381+0000] {logging_mixin.py:188} INFO - [2025-11-02T18:37:40.380+0000] {dag.py:3036} INFO - Sync 1 DAGs
[2025-11-02T18:37:40.459+0000] {logging_mixin.py:188} INFO - [2025-11-02T18:37:40.459+0000] {dag.py:3823} INFO - Setting next_dagrun for example_time_delta_sensor_async to None, run_after=None
[2025-11-02T18:37:40.560+0000] {processor.py:183} INFO - Processing /home/airflow/.local/lib/python3.8/site-packages/airflow/example_dags/example_time_delta_sensor_async.py took 0.417 seconds
[2025-11-02T18:38:11.449+0000] {processor.py:161} INFO - Started process (PID=1541) to work on /home/airflow/.local/lib/python3.8/site-packages/airflow/example_dags/example_time_delta_sensor_async.py
[2025-11-02T18:38:11.452+0000] {processor.py:830} INFO - Processing file /home/airflow/.local/lib/python3.8/site-packages/airflow/example_dags/example_time_delta_sensor_async.py for tasks to queue
[2025-11-02T18:38:11.466+0000] {logging_mixin.py:188} INFO - [2025-11-02T18:38:11.464+0000] {dagbag.py:538} INFO - Filling up the DagBag from /home/airflow/.local/lib/python3.8/site-packages/airflow/example_dags/example_time_delta_sensor_async.py
[2025-11-02T18:38:11.490+0000] {processor.py:840} INFO - DAG(s) 'example_time_delta_sensor_async' retrieved from /home/airflow/.local/lib/python3.8/site-packages/airflow/example_dags/example_time_delta_sensor_async.py
[2025-11-02T18:38:11.630+0000] {logging_mixin.py:188} INFO - [2025-11-02T18:38:11.629+0000] {dag.py:3036} INFO - Sync 1 DAGs
[2025-11-02T18:38:11.674+0000] {logging_mixin.py:188} INFO - [2025-11-02T18:38:11.673+0000] {dag.py:3823} INFO - Setting next_dagrun for example_time_delta_sensor_async to None, run_after=None
[2025-11-02T18:38:11.775+0000] {processor.py:183} INFO - Processing /home/airflow/.local/lib/python3.8/site-packages/airflow/example_dags/example_time_delta_sensor_async.py took 0.343 seconds
[2025-11-02T18:38:43.636+0000] {processor.py:161} INFO - Started process (PID=1596) to work on /home/airflow/.local/lib/python3.8/site-packages/airflow/example_dags/example_time_delta_sensor_async.py
[2025-11-02T18:38:43.653+0000] {processor.py:830} INFO - Processing file /home/airflow/.local/lib/python3.8/site-packages/airflow/example_dags/example_time_delta_sensor_async.py for tasks to queue
[2025-11-02T18:38:43.677+0000] {logging_mixin.py:188} INFO - [2025-11-02T18:38:43.676+0000] {dagbag.py:538} INFO - Filling up the DagBag from /home/airflow/.local/lib/python3.8/site-packages/airflow/example_dags/example_time_delta_sensor_async.py
[2025-11-02T18:38:43.709+0000] {processor.py:840} INFO - DAG(s) 'example_time_delta_sensor_async' retrieved from /home/airflow/.local/lib/python3.8/site-packages/airflow/example_dags/example_time_delta_sensor_async.py
[2025-11-02T18:38:43.868+0000] {logging_mixin.py:188} INFO - [2025-11-02T18:38:43.867+0000] {dag.py:3036} INFO - Sync 1 DAGs
[2025-11-02T18:38:43.921+0000] {logging_mixin.py:188} INFO - [2025-11-02T18:38:43.920+0000] {dag.py:3823} INFO - Setting next_dagrun for example_time_delta_sensor_async to None, run_after=None
[2025-11-02T18:38:44.010+0000] {processor.py:183} INFO - Processing /home/airflow/.local/lib/python3.8/site-packages/airflow/example_dags/example_time_delta_sensor_async.py took 0.393 seconds
[2025-11-02T18:39:15.631+0000] {processor.py:161} INFO - Started process (PID=1651) to work on /home/airflow/.local/lib/python3.8/site-packages/airflow/example_dags/example_time_delta_sensor_async.py
[2025-11-02T18:39:15.664+0000] {processor.py:830} INFO - Processing file /home/airflow/.local/lib/python3.8/site-packages/airflow/example_dags/example_time_delta_sensor_async.py for tasks to queue
[2025-11-02T18:39:15.672+0000] {logging_mixin.py:188} INFO - [2025-11-02T18:39:15.671+0000] {dagbag.py:538} INFO - Filling up the DagBag from /home/airflow/.local/lib/python3.8/site-packages/airflow/example_dags/example_time_delta_sensor_async.py
[2025-11-02T18:39:15.720+0000] {processor.py:840} INFO - DAG(s) 'example_time_delta_sensor_async' retrieved from /home/airflow/.local/lib/python3.8/site-packages/airflow/example_dags/example_time_delta_sensor_async.py
[2025-11-02T18:39:15.833+0000] {logging_mixin.py:188} INFO - [2025-11-02T18:39:15.833+0000] {dag.py:3036} INFO - Sync 1 DAGs
[2025-11-02T18:39:15.940+0000] {logging_mixin.py:188} INFO - [2025-11-02T18:39:15.940+0000] {dag.py:3823} INFO - Setting next_dagrun for example_time_delta_sensor_async to None, run_after=None
[2025-11-02T18:39:16.119+0000] {processor.py:183} INFO - Processing /home/airflow/.local/lib/python3.8/site-packages/airflow/example_dags/example_time_delta_sensor_async.py took 0.519 seconds
[2025-11-02T18:39:52.857+0000] {processor.py:161} INFO - Started process (PID=1711) to work on /home/airflow/.local/lib/python3.8/site-packages/airflow/example_dags/example_time_delta_sensor_async.py
[2025-11-02T18:39:52.865+0000] {processor.py:830} INFO - Processing file /home/airflow/.local/lib/python3.8/site-packages/airflow/example_dags/example_time_delta_sensor_async.py for tasks to queue
[2025-11-02T18:39:52.872+0000] {logging_mixin.py:188} INFO - [2025-11-02T18:39:52.871+0000] {dagbag.py:538} INFO - Filling up the DagBag from /home/airflow/.local/lib/python3.8/site-packages/airflow/example_dags/example_time_delta_sensor_async.py
[2025-11-02T18:39:52.924+0000] {processor.py:840} INFO - DAG(s) 'example_time_delta_sensor_async' retrieved from /home/airflow/.local/lib/python3.8/site-packages/airflow/example_dags/example_time_delta_sensor_async.py
[2025-11-02T18:39:53.054+0000] {logging_mixin.py:188} INFO - [2025-11-02T18:39:53.053+0000] {dag.py:3036} INFO - Sync 1 DAGs
[2025-11-02T18:39:53.102+0000] {logging_mixin.py:188} INFO - [2025-11-02T18:39:53.101+0000] {dag.py:3823} INFO - Setting next_dagrun for example_time_delta_sensor_async to None, run_after=None
[2025-11-02T18:39:53.198+0000] {processor.py:183} INFO - Processing /home/airflow/.local/lib/python3.8/site-packages/airflow/example_dags/example_time_delta_sensor_async.py took 0.372 seconds
[2025-11-02T18:40:23.370+0000] {processor.py:161} INFO - Started process (PID=1767) to work on /home/airflow/.local/lib/python3.8/site-packages/airflow/example_dags/example_time_delta_sensor_async.py
[2025-11-02T18:40:23.374+0000] {processor.py:830} INFO - Processing file /home/airflow/.local/lib/python3.8/site-packages/airflow/example_dags/example_time_delta_sensor_async.py for tasks to queue
[2025-11-02T18:40:23.388+0000] {logging_mixin.py:188} INFO - [2025-11-02T18:40:23.387+0000] {dagbag.py:538} INFO - Filling up the DagBag from /home/airflow/.local/lib/python3.8/site-packages/airflow/example_dags/example_time_delta_sensor_async.py
[2025-11-02T18:40:23.423+0000] {processor.py:840} INFO - DAG(s) 'example_time_delta_sensor_async' retrieved from /home/airflow/.local/lib/python3.8/site-packages/airflow/example_dags/example_time_delta_sensor_async.py
[2025-11-02T18:40:23.572+0000] {logging_mixin.py:188} INFO - [2025-11-02T18:40:23.572+0000] {dag.py:3036} INFO - Sync 1 DAGs
[2025-11-02T18:40:23.745+0000] {logging_mixin.py:188} INFO - [2025-11-02T18:40:23.744+0000] {dag.py:3823} INFO - Setting next_dagrun for example_time_delta_sensor_async to None, run_after=None
[2025-11-02T18:40:23.888+0000] {processor.py:183} INFO - Processing /home/airflow/.local/lib/python3.8/site-packages/airflow/example_dags/example_time_delta_sensor_async.py took 0.531 seconds
[2025-11-02T18:40:54.963+0000] {processor.py:161} INFO - Started process (PID=1821) to work on /home/airflow/.local/lib/python3.8/site-packages/airflow/example_dags/example_time_delta_sensor_async.py
[2025-11-02T18:40:54.966+0000] {processor.py:830} INFO - Processing file /home/airflow/.local/lib/python3.8/site-packages/airflow/example_dags/example_time_delta_sensor_async.py for tasks to queue
[2025-11-02T18:40:54.980+0000] {logging_mixin.py:188} INFO - [2025-11-02T18:40:54.979+0000] {dagbag.py:538} INFO - Filling up the DagBag from /home/airflow/.local/lib/python3.8/site-packages/airflow/example_dags/example_time_delta_sensor_async.py
[2025-11-02T18:40:55.003+0000] {processor.py:840} INFO - DAG(s) 'example_time_delta_sensor_async' retrieved from /home/airflow/.local/lib/python3.8/site-packages/airflow/example_dags/example_time_delta_sensor_async.py
[2025-11-02T18:40:55.124+0000] {logging_mixin.py:188} INFO - [2025-11-02T18:40:55.124+0000] {dag.py:3036} INFO - Sync 1 DAGs
[2025-11-02T18:40:55.196+0000] {logging_mixin.py:188} INFO - [2025-11-02T18:40:55.195+0000] {dag.py:3823} INFO - Setting next_dagrun for example_time_delta_sensor_async to None, run_after=None
[2025-11-02T18:40:55.313+0000] {processor.py:183} INFO - Processing /home/airflow/.local/lib/python3.8/site-packages/airflow/example_dags/example_time_delta_sensor_async.py took 0.381 seconds
[2025-11-02T18:41:26.211+0000] {processor.py:161} INFO - Started process (PID=1876) to work on /home/airflow/.local/lib/python3.8/site-packages/airflow/example_dags/example_time_delta_sensor_async.py
[2025-11-02T18:41:26.217+0000] {processor.py:830} INFO - Processing file /home/airflow/.local/lib/python3.8/site-packages/airflow/example_dags/example_time_delta_sensor_async.py for tasks to queue
[2025-11-02T18:41:26.229+0000] {logging_mixin.py:188} INFO - [2025-11-02T18:41:26.228+0000] {dagbag.py:538} INFO - Filling up the DagBag from /home/airflow/.local/lib/python3.8/site-packages/airflow/example_dags/example_time_delta_sensor_async.py
[2025-11-02T18:41:26.244+0000] {processor.py:840} INFO - DAG(s) 'example_time_delta_sensor_async' retrieved from /home/airflow/.local/lib/python3.8/site-packages/airflow/example_dags/example_time_delta_sensor_async.py
[2025-11-02T18:41:26.317+0000] {logging_mixin.py:188} INFO - [2025-11-02T18:41:26.316+0000] {dag.py:3036} INFO - Sync 1 DAGs
[2025-11-02T18:41:26.370+0000] {logging_mixin.py:188} INFO - [2025-11-02T18:41:26.370+0000] {dag.py:3823} INFO - Setting next_dagrun for example_time_delta_sensor_async to None, run_after=None
[2025-11-02T18:41:26.442+0000] {processor.py:183} INFO - Processing /home/airflow/.local/lib/python3.8/site-packages/airflow/example_dags/example_time_delta_sensor_async.py took 0.254 seconds
[2025-11-02T18:42:00.671+0000] {processor.py:161} INFO - Started process (PID=1930) to work on /home/airflow/.local/lib/python3.8/site-packages/airflow/example_dags/example_time_delta_sensor_async.py
[2025-11-02T18:42:00.683+0000] {processor.py:830} INFO - Processing file /home/airflow/.local/lib/python3.8/site-packages/airflow/example_dags/example_time_delta_sensor_async.py for tasks to queue
[2025-11-02T18:42:00.700+0000] {logging_mixin.py:188} INFO - [2025-11-02T18:42:00.699+0000] {dagbag.py:538} INFO - Filling up the DagBag from /home/airflow/.local/lib/python3.8/site-packages/airflow/example_dags/example_time_delta_sensor_async.py
[2025-11-02T18:42:00.746+0000] {processor.py:840} INFO - DAG(s) 'example_time_delta_sensor_async' retrieved from /home/airflow/.local/lib/python3.8/site-packages/airflow/example_dags/example_time_delta_sensor_async.py
[2025-11-02T18:42:00.968+0000] {logging_mixin.py:188} INFO - [2025-11-02T18:42:00.967+0000] {dag.py:3036} INFO - Sync 1 DAGs
[2025-11-02T18:42:01.120+0000] {logging_mixin.py:188} INFO - [2025-11-02T18:42:01.118+0000] {dag.py:3823} INFO - Setting next_dagrun for example_time_delta_sensor_async to None, run_after=None
[2025-11-02T18:42:01.217+0000] {processor.py:183} INFO - Processing /home/airflow/.local/lib/python3.8/site-packages/airflow/example_dags/example_time_delta_sensor_async.py took 0.588 seconds
[2025-11-02T18:42:31.352+0000] {processor.py:161} INFO - Started process (PID=1985) to work on /home/airflow/.local/lib/python3.8/site-packages/airflow/example_dags/example_time_delta_sensor_async.py
[2025-11-02T18:42:31.355+0000] {processor.py:830} INFO - Processing file /home/airflow/.local/lib/python3.8/site-packages/airflow/example_dags/example_time_delta_sensor_async.py for tasks to queue
[2025-11-02T18:42:31.362+0000] {logging_mixin.py:188} INFO - [2025-11-02T18:42:31.361+0000] {dagbag.py:538} INFO - Filling up the DagBag from /home/airflow/.local/lib/python3.8/site-packages/airflow/example_dags/example_time_delta_sensor_async.py
[2025-11-02T18:42:31.377+0000] {processor.py:840} INFO - DAG(s) 'example_time_delta_sensor_async' retrieved from /home/airflow/.local/lib/python3.8/site-packages/airflow/example_dags/example_time_delta_sensor_async.py
[2025-11-02T18:42:31.451+0000] {logging_mixin.py:188} INFO - [2025-11-02T18:42:31.450+0000] {dag.py:3036} INFO - Sync 1 DAGs
[2025-11-02T18:42:31.499+0000] {logging_mixin.py:188} INFO - [2025-11-02T18:42:31.499+0000] {dag.py:3823} INFO - Setting next_dagrun for example_time_delta_sensor_async to None, run_after=None
[2025-11-02T18:42:31.559+0000] {processor.py:183} INFO - Processing /home/airflow/.local/lib/python3.8/site-packages/airflow/example_dags/example_time_delta_sensor_async.py took 0.219 seconds
[2025-11-02T18:43:02.105+0000] {processor.py:161} INFO - Started process (PID=2038) to work on /home/airflow/.local/lib/python3.8/site-packages/airflow/example_dags/example_time_delta_sensor_async.py
[2025-11-02T18:43:02.109+0000] {processor.py:830} INFO - Processing file /home/airflow/.local/lib/python3.8/site-packages/airflow/example_dags/example_time_delta_sensor_async.py for tasks to queue
[2025-11-02T18:43:02.145+0000] {logging_mixin.py:188} INFO - [2025-11-02T18:43:02.144+0000] {dagbag.py:538} INFO - Filling up the DagBag from /home/airflow/.local/lib/python3.8/site-packages/airflow/example_dags/example_time_delta_sensor_async.py
[2025-11-02T18:43:02.232+0000] {processor.py:840} INFO - DAG(s) 'example_time_delta_sensor_async' retrieved from /home/airflow/.local/lib/python3.8/site-packages/airflow/example_dags/example_time_delta_sensor_async.py
[2025-11-02T18:43:02.431+0000] {logging_mixin.py:188} INFO - [2025-11-02T18:43:02.431+0000] {dag.py:3036} INFO - Sync 1 DAGs
[2025-11-02T18:43:02.497+0000] {logging_mixin.py:188} INFO - [2025-11-02T18:43:02.497+0000] {dag.py:3823} INFO - Setting next_dagrun for example_time_delta_sensor_async to None, run_after=None
[2025-11-02T18:43:02.597+0000] {processor.py:183} INFO - Processing /home/airflow/.local/lib/python3.8/site-packages/airflow/example_dags/example_time_delta_sensor_async.py took 0.514 seconds
[2025-11-02T18:43:32.885+0000] {processor.py:161} INFO - Started process (PID=2093) to work on /home/airflow/.local/lib/python3.8/site-packages/airflow/example_dags/example_time_delta_sensor_async.py
[2025-11-02T18:43:32.889+0000] {processor.py:830} INFO - Processing file /home/airflow/.local/lib/python3.8/site-packages/airflow/example_dags/example_time_delta_sensor_async.py for tasks to queue
[2025-11-02T18:43:32.896+0000] {logging_mixin.py:188} INFO - [2025-11-02T18:43:32.895+0000] {dagbag.py:538} INFO - Filling up the DagBag from /home/airflow/.local/lib/python3.8/site-packages/airflow/example_dags/example_time_delta_sensor_async.py
[2025-11-02T18:43:32.911+0000] {processor.py:840} INFO - DAG(s) 'example_time_delta_sensor_async' retrieved from /home/airflow/.local/lib/python3.8/site-packages/airflow/example_dags/example_time_delta_sensor_async.py
[2025-11-02T18:43:33.037+0000] {logging_mixin.py:188} INFO - [2025-11-02T18:43:33.037+0000] {dag.py:3036} INFO - Sync 1 DAGs
[2025-11-02T18:43:33.070+0000] {logging_mixin.py:188} INFO - [2025-11-02T18:43:33.069+0000] {dag.py:3823} INFO - Setting next_dagrun for example_time_delta_sensor_async to None, run_after=None
[2025-11-02T18:43:33.132+0000] {processor.py:183} INFO - Processing /home/airflow/.local/lib/python3.8/site-packages/airflow/example_dags/example_time_delta_sensor_async.py took 0.263 seconds
[2025-11-02T18:44:03.670+0000] {processor.py:161} INFO - Started process (PID=2148) to work on /home/airflow/.local/lib/python3.8/site-packages/airflow/example_dags/example_time_delta_sensor_async.py
[2025-11-02T18:44:03.674+0000] {processor.py:830} INFO - Processing file /home/airflow/.local/lib/python3.8/site-packages/airflow/example_dags/example_time_delta_sensor_async.py for tasks to queue
[2025-11-02T18:44:03.679+0000] {logging_mixin.py:188} INFO - [2025-11-02T18:44:03.679+0000] {dagbag.py:538} INFO - Filling up the DagBag from /home/airflow/.local/lib/python3.8/site-packages/airflow/example_dags/example_time_delta_sensor_async.py
[2025-11-02T18:44:03.697+0000] {processor.py:840} INFO - DAG(s) 'example_time_delta_sensor_async' retrieved from /home/airflow/.local/lib/python3.8/site-packages/airflow/example_dags/example_time_delta_sensor_async.py
[2025-11-02T18:44:03.760+0000] {logging_mixin.py:188} INFO - [2025-11-02T18:44:03.760+0000] {dag.py:3036} INFO - Sync 1 DAGs
[2025-11-02T18:44:03.805+0000] {logging_mixin.py:188} INFO - [2025-11-02T18:44:03.804+0000] {dag.py:3823} INFO - Setting next_dagrun for example_time_delta_sensor_async to None, run_after=None
[2025-11-02T18:44:03.924+0000] {processor.py:183} INFO - Processing /home/airflow/.local/lib/python3.8/site-packages/airflow/example_dags/example_time_delta_sensor_async.py took 0.268 seconds
[2025-11-02T18:44:35.091+0000] {processor.py:161} INFO - Started process (PID=2203) to work on /home/airflow/.local/lib/python3.8/site-packages/airflow/example_dags/example_time_delta_sensor_async.py
[2025-11-02T18:44:35.104+0000] {processor.py:830} INFO - Processing file /home/airflow/.local/lib/python3.8/site-packages/airflow/example_dags/example_time_delta_sensor_async.py for tasks to queue
[2025-11-02T18:44:35.120+0000] {logging_mixin.py:188} INFO - [2025-11-02T18:44:35.118+0000] {dagbag.py:538} INFO - Filling up the DagBag from /home/airflow/.local/lib/python3.8/site-packages/airflow/example_dags/example_time_delta_sensor_async.py
[2025-11-02T18:44:35.170+0000] {processor.py:840} INFO - DAG(s) 'example_time_delta_sensor_async' retrieved from /home/airflow/.local/lib/python3.8/site-packages/airflow/example_dags/example_time_delta_sensor_async.py
[2025-11-02T18:44:35.433+0000] {logging_mixin.py:188} INFO - [2025-11-02T18:44:35.432+0000] {dag.py:3036} INFO - Sync 1 DAGs
[2025-11-02T18:44:35.530+0000] {logging_mixin.py:188} INFO - [2025-11-02T18:44:35.529+0000] {dag.py:3823} INFO - Setting next_dagrun for example_time_delta_sensor_async to None, run_after=None
[2025-11-02T18:44:35.624+0000] {processor.py:183} INFO - Processing /home/airflow/.local/lib/python3.8/site-packages/airflow/example_dags/example_time_delta_sensor_async.py took 0.556 seconds
[2025-11-02T18:45:06.414+0000] {processor.py:161} INFO - Started process (PID=2258) to work on /home/airflow/.local/lib/python3.8/site-packages/airflow/example_dags/example_time_delta_sensor_async.py
[2025-11-02T18:45:06.416+0000] {processor.py:830} INFO - Processing file /home/airflow/.local/lib/python3.8/site-packages/airflow/example_dags/example_time_delta_sensor_async.py for tasks to queue
[2025-11-02T18:45:06.422+0000] {logging_mixin.py:188} INFO - [2025-11-02T18:45:06.421+0000] {dagbag.py:538} INFO - Filling up the DagBag from /home/airflow/.local/lib/python3.8/site-packages/airflow/example_dags/example_time_delta_sensor_async.py
[2025-11-02T18:45:06.435+0000] {processor.py:840} INFO - DAG(s) 'example_time_delta_sensor_async' retrieved from /home/airflow/.local/lib/python3.8/site-packages/airflow/example_dags/example_time_delta_sensor_async.py
[2025-11-02T18:45:06.495+0000] {logging_mixin.py:188} INFO - [2025-11-02T18:45:06.494+0000] {dag.py:3036} INFO - Sync 1 DAGs
[2025-11-02T18:45:06.530+0000] {logging_mixin.py:188} INFO - [2025-11-02T18:45:06.530+0000] {dag.py:3823} INFO - Setting next_dagrun for example_time_delta_sensor_async to None, run_after=None
[2025-11-02T18:45:06.615+0000] {processor.py:183} INFO - Processing /home/airflow/.local/lib/python3.8/site-packages/airflow/example_dags/example_time_delta_sensor_async.py took 0.210 seconds
[2025-11-02T18:45:37.270+0000] {processor.py:161} INFO - Started process (PID=2313) to work on /home/airflow/.local/lib/python3.8/site-packages/airflow/example_dags/example_time_delta_sensor_async.py
[2025-11-02T18:45:37.281+0000] {processor.py:830} INFO - Processing file /home/airflow/.local/lib/python3.8/site-packages/airflow/example_dags/example_time_delta_sensor_async.py for tasks to queue
[2025-11-02T18:45:37.288+0000] {logging_mixin.py:188} INFO - [2025-11-02T18:45:37.287+0000] {dagbag.py:538} INFO - Filling up the DagBag from /home/airflow/.local/lib/python3.8/site-packages/airflow/example_dags/example_time_delta_sensor_async.py
[2025-11-02T18:45:37.318+0000] {processor.py:840} INFO - DAG(s) 'example_time_delta_sensor_async' retrieved from /home/airflow/.local/lib/python3.8/site-packages/airflow/example_dags/example_time_delta_sensor_async.py
[2025-11-02T18:45:37.419+0000] {logging_mixin.py:188} INFO - [2025-11-02T18:45:37.418+0000] {dag.py:3036} INFO - Sync 1 DAGs
[2025-11-02T18:45:37.469+0000] {logging_mixin.py:188} INFO - [2025-11-02T18:45:37.468+0000] {dag.py:3823} INFO - Setting next_dagrun for example_time_delta_sensor_async to None, run_after=None
[2025-11-02T18:45:37.533+0000] {processor.py:183} INFO - Processing /home/airflow/.local/lib/python3.8/site-packages/airflow/example_dags/example_time_delta_sensor_async.py took 0.280 seconds
[2025-11-02T18:46:08.115+0000] {processor.py:161} INFO - Started process (PID=2368) to work on /home/airflow/.local/lib/python3.8/site-packages/airflow/example_dags/example_time_delta_sensor_async.py
[2025-11-02T18:46:08.118+0000] {processor.py:830} INFO - Processing file /home/airflow/.local/lib/python3.8/site-packages/airflow/example_dags/example_time_delta_sensor_async.py for tasks to queue
[2025-11-02T18:46:08.125+0000] {logging_mixin.py:188} INFO - [2025-11-02T18:46:08.124+0000] {dagbag.py:538} INFO - Filling up the DagBag from /home/airflow/.local/lib/python3.8/site-packages/airflow/example_dags/example_time_delta_sensor_async.py
[2025-11-02T18:46:08.141+0000] {processor.py:840} INFO - DAG(s) 'example_time_delta_sensor_async' retrieved from /home/airflow/.local/lib/python3.8/site-packages/airflow/example_dags/example_time_delta_sensor_async.py
[2025-11-02T18:46:08.205+0000] {logging_mixin.py:188} INFO - [2025-11-02T18:46:08.204+0000] {dag.py:3036} INFO - Sync 1 DAGs
[2025-11-02T18:46:08.243+0000] {logging_mixin.py:188} INFO - [2025-11-02T18:46:08.243+0000] {dag.py:3823} INFO - Setting next_dagrun for example_time_delta_sensor_async to None, run_after=None
[2025-11-02T18:46:08.299+0000] {processor.py:183} INFO - Processing /home/airflow/.local/lib/python3.8/site-packages/airflow/example_dags/example_time_delta_sensor_async.py took 0.197 seconds
[2025-11-02T18:46:38.621+0000] {processor.py:161} INFO - Started process (PID=2423) to work on /home/airflow/.local/lib/python3.8/site-packages/airflow/example_dags/example_time_delta_sensor_async.py
[2025-11-02T18:46:38.624+0000] {processor.py:830} INFO - Processing file /home/airflow/.local/lib/python3.8/site-packages/airflow/example_dags/example_time_delta_sensor_async.py for tasks to queue
[2025-11-02T18:46:38.629+0000] {logging_mixin.py:188} INFO - [2025-11-02T18:46:38.628+0000] {dagbag.py:538} INFO - Filling up the DagBag from /home/airflow/.local/lib/python3.8/site-packages/airflow/example_dags/example_time_delta_sensor_async.py
[2025-11-02T18:46:38.641+0000] {processor.py:840} INFO - DAG(s) 'example_time_delta_sensor_async' retrieved from /home/airflow/.local/lib/python3.8/site-packages/airflow/example_dags/example_time_delta_sensor_async.py
[2025-11-02T18:46:38.684+0000] {logging_mixin.py:188} INFO - [2025-11-02T18:46:38.684+0000] {dag.py:3036} INFO - Sync 1 DAGs
[2025-11-02T18:46:38.708+0000] {logging_mixin.py:188} INFO - [2025-11-02T18:46:38.708+0000] {dag.py:3823} INFO - Setting next_dagrun for example_time_delta_sensor_async to None, run_after=None
[2025-11-02T18:46:38.748+0000] {processor.py:183} INFO - Processing /home/airflow/.local/lib/python3.8/site-packages/airflow/example_dags/example_time_delta_sensor_async.py took 0.135 seconds
[2025-11-02T18:47:09.525+0000] {processor.py:161} INFO - Started process (PID=2479) to work on /home/airflow/.local/lib/python3.8/site-packages/airflow/example_dags/example_time_delta_sensor_async.py
[2025-11-02T18:47:09.527+0000] {processor.py:830} INFO - Processing file /home/airflow/.local/lib/python3.8/site-packages/airflow/example_dags/example_time_delta_sensor_async.py for tasks to queue
[2025-11-02T18:47:09.532+0000] {logging_mixin.py:188} INFO - [2025-11-02T18:47:09.531+0000] {dagbag.py:538} INFO - Filling up the DagBag from /home/airflow/.local/lib/python3.8/site-packages/airflow/example_dags/example_time_delta_sensor_async.py
[2025-11-02T18:47:09.546+0000] {processor.py:840} INFO - DAG(s) 'example_time_delta_sensor_async' retrieved from /home/airflow/.local/lib/python3.8/site-packages/airflow/example_dags/example_time_delta_sensor_async.py
[2025-11-02T18:47:09.604+0000] {logging_mixin.py:188} INFO - [2025-11-02T18:47:09.603+0000] {dag.py:3036} INFO - Sync 1 DAGs
[2025-11-02T18:47:09.636+0000] {logging_mixin.py:188} INFO - [2025-11-02T18:47:09.635+0000] {dag.py:3823} INFO - Setting next_dagrun for example_time_delta_sensor_async to None, run_after=None
[2025-11-02T18:47:09.680+0000] {processor.py:183} INFO - Processing /home/airflow/.local/lib/python3.8/site-packages/airflow/example_dags/example_time_delta_sensor_async.py took 0.167 seconds
[2025-11-02T18:47:39.978+0000] {processor.py:161} INFO - Started process (PID=2534) to work on /home/airflow/.local/lib/python3.8/site-packages/airflow/example_dags/example_time_delta_sensor_async.py
[2025-11-02T18:47:39.981+0000] {processor.py:830} INFO - Processing file /home/airflow/.local/lib/python3.8/site-packages/airflow/example_dags/example_time_delta_sensor_async.py for tasks to queue
[2025-11-02T18:47:39.986+0000] {logging_mixin.py:188} INFO - [2025-11-02T18:47:39.985+0000] {dagbag.py:538} INFO - Filling up the DagBag from /home/airflow/.local/lib/python3.8/site-packages/airflow/example_dags/example_time_delta_sensor_async.py
[2025-11-02T18:47:39.997+0000] {processor.py:840} INFO - DAG(s) 'example_time_delta_sensor_async' retrieved from /home/airflow/.local/lib/python3.8/site-packages/airflow/example_dags/example_time_delta_sensor_async.py
[2025-11-02T18:47:40.041+0000] {logging_mixin.py:188} INFO - [2025-11-02T18:47:40.040+0000] {dag.py:3036} INFO - Sync 1 DAGs
[2025-11-02T18:47:40.066+0000] {logging_mixin.py:188} INFO - [2025-11-02T18:47:40.065+0000] {dag.py:3823} INFO - Setting next_dagrun for example_time_delta_sensor_async to None, run_after=None
[2025-11-02T18:47:40.104+0000] {processor.py:183} INFO - Processing /home/airflow/.local/lib/python3.8/site-packages/airflow/example_dags/example_time_delta_sensor_async.py took 0.134 seconds
[2025-11-02T18:48:10.489+0000] {processor.py:161} INFO - Started process (PID=2588) to work on /home/airflow/.local/lib/python3.8/site-packages/airflow/example_dags/example_time_delta_sensor_async.py
[2025-11-02T18:48:10.493+0000] {processor.py:830} INFO - Processing file /home/airflow/.local/lib/python3.8/site-packages/airflow/example_dags/example_time_delta_sensor_async.py for tasks to queue
[2025-11-02T18:48:10.503+0000] {logging_mixin.py:188} INFO - [2025-11-02T18:48:10.501+0000] {dagbag.py:538} INFO - Filling up the DagBag from /home/airflow/.local/lib/python3.8/site-packages/airflow/example_dags/example_time_delta_sensor_async.py
[2025-11-02T18:48:10.526+0000] {processor.py:840} INFO - DAG(s) 'example_time_delta_sensor_async' retrieved from /home/airflow/.local/lib/python3.8/site-packages/airflow/example_dags/example_time_delta_sensor_async.py
[2025-11-02T18:48:10.623+0000] {logging_mixin.py:188} INFO - [2025-11-02T18:48:10.622+0000] {dag.py:3036} INFO - Sync 1 DAGs
[2025-11-02T18:48:10.668+0000] {logging_mixin.py:188} INFO - [2025-11-02T18:48:10.667+0000] {dag.py:3823} INFO - Setting next_dagrun for example_time_delta_sensor_async to None, run_after=None
[2025-11-02T18:48:10.727+0000] {processor.py:183} INFO - Processing /home/airflow/.local/lib/python3.8/site-packages/airflow/example_dags/example_time_delta_sensor_async.py took 0.252 seconds
[2025-11-02T18:48:41.931+0000] {processor.py:161} INFO - Started process (PID=2643) to work on /home/airflow/.local/lib/python3.8/site-packages/airflow/example_dags/example_time_delta_sensor_async.py
[2025-11-02T18:48:41.934+0000] {processor.py:830} INFO - Processing file /home/airflow/.local/lib/python3.8/site-packages/airflow/example_dags/example_time_delta_sensor_async.py for tasks to queue
[2025-11-02T18:48:41.946+0000] {logging_mixin.py:188} INFO - [2025-11-02T18:48:41.945+0000] {dagbag.py:538} INFO - Filling up the DagBag from /home/airflow/.local/lib/python3.8/site-packages/airflow/example_dags/example_time_delta_sensor_async.py
[2025-11-02T18:48:41.967+0000] {processor.py:840} INFO - DAG(s) 'example_time_delta_sensor_async' retrieved from /home/airflow/.local/lib/python3.8/site-packages/airflow/example_dags/example_time_delta_sensor_async.py
[2025-11-02T18:48:42.013+0000] {logging_mixin.py:188} INFO - [2025-11-02T18:48:42.013+0000] {dag.py:3036} INFO - Sync 1 DAGs
[2025-11-02T18:48:42.040+0000] {logging_mixin.py:188} INFO - [2025-11-02T18:48:42.039+0000] {dag.py:3823} INFO - Setting next_dagrun for example_time_delta_sensor_async to None, run_after=None
[2025-11-02T18:48:42.317+0000] {processor.py:183} INFO - Processing /home/airflow/.local/lib/python3.8/site-packages/airflow/example_dags/example_time_delta_sensor_async.py took 0.394 seconds
[2025-11-02T18:49:12.625+0000] {processor.py:161} INFO - Started process (PID=2699) to work on /home/airflow/.local/lib/python3.8/site-packages/airflow/example_dags/example_time_delta_sensor_async.py
[2025-11-02T18:49:12.630+0000] {processor.py:830} INFO - Processing file /home/airflow/.local/lib/python3.8/site-packages/airflow/example_dags/example_time_delta_sensor_async.py for tasks to queue
[2025-11-02T18:49:12.637+0000] {logging_mixin.py:188} INFO - [2025-11-02T18:49:12.636+0000] {dagbag.py:538} INFO - Filling up the DagBag from /home/airflow/.local/lib/python3.8/site-packages/airflow/example_dags/example_time_delta_sensor_async.py
[2025-11-02T18:49:12.656+0000] {processor.py:840} INFO - DAG(s) 'example_time_delta_sensor_async' retrieved from /home/airflow/.local/lib/python3.8/site-packages/airflow/example_dags/example_time_delta_sensor_async.py
[2025-11-02T18:49:12.734+0000] {logging_mixin.py:188} INFO - [2025-11-02T18:49:12.733+0000] {dag.py:3036} INFO - Sync 1 DAGs
[2025-11-02T18:49:12.783+0000] {logging_mixin.py:188} INFO - [2025-11-02T18:49:12.782+0000] {dag.py:3823} INFO - Setting next_dagrun for example_time_delta_sensor_async to None, run_after=None
[2025-11-02T18:49:12.861+0000] {processor.py:183} INFO - Processing /home/airflow/.local/lib/python3.8/site-packages/airflow/example_dags/example_time_delta_sensor_async.py took 0.249 seconds
[2025-11-02T18:49:43.582+0000] {processor.py:161} INFO - Started process (PID=2754) to work on /home/airflow/.local/lib/python3.8/site-packages/airflow/example_dags/example_time_delta_sensor_async.py
[2025-11-02T18:49:43.585+0000] {processor.py:830} INFO - Processing file /home/airflow/.local/lib/python3.8/site-packages/airflow/example_dags/example_time_delta_sensor_async.py for tasks to queue
[2025-11-02T18:49:43.590+0000] {logging_mixin.py:188} INFO - [2025-11-02T18:49:43.589+0000] {dagbag.py:538} INFO - Filling up the DagBag from /home/airflow/.local/lib/python3.8/site-packages/airflow/example_dags/example_time_delta_sensor_async.py
[2025-11-02T18:49:43.605+0000] {processor.py:840} INFO - DAG(s) 'example_time_delta_sensor_async' retrieved from /home/airflow/.local/lib/python3.8/site-packages/airflow/example_dags/example_time_delta_sensor_async.py
[2025-11-02T18:49:43.654+0000] {logging_mixin.py:188} INFO - [2025-11-02T18:49:43.653+0000] {dag.py:3036} INFO - Sync 1 DAGs
[2025-11-02T18:49:43.684+0000] {logging_mixin.py:188} INFO - [2025-11-02T18:49:43.683+0000] {dag.py:3823} INFO - Setting next_dagrun for example_time_delta_sensor_async to None, run_after=None
[2025-11-02T18:49:43.730+0000] {processor.py:183} INFO - Processing /home/airflow/.local/lib/python3.8/site-packages/airflow/example_dags/example_time_delta_sensor_async.py took 0.158 seconds
[2025-11-02T18:50:14.785+0000] {processor.py:161} INFO - Started process (PID=2809) to work on /home/airflow/.local/lib/python3.8/site-packages/airflow/example_dags/example_time_delta_sensor_async.py
[2025-11-02T18:50:14.788+0000] {processor.py:830} INFO - Processing file /home/airflow/.local/lib/python3.8/site-packages/airflow/example_dags/example_time_delta_sensor_async.py for tasks to queue
[2025-11-02T18:50:14.794+0000] {logging_mixin.py:188} INFO - [2025-11-02T18:50:14.793+0000] {dagbag.py:538} INFO - Filling up the DagBag from /home/airflow/.local/lib/python3.8/site-packages/airflow/example_dags/example_time_delta_sensor_async.py
[2025-11-02T18:50:14.811+0000] {processor.py:840} INFO - DAG(s) 'example_time_delta_sensor_async' retrieved from /home/airflow/.local/lib/python3.8/site-packages/airflow/example_dags/example_time_delta_sensor_async.py
[2025-11-02T18:50:14.870+0000] {logging_mixin.py:188} INFO - [2025-11-02T18:50:14.870+0000] {dag.py:3036} INFO - Sync 1 DAGs
[2025-11-02T18:50:14.908+0000] {logging_mixin.py:188} INFO - [2025-11-02T18:50:14.908+0000] {dag.py:3823} INFO - Setting next_dagrun for example_time_delta_sensor_async to None, run_after=None
[2025-11-02T18:50:14.955+0000] {processor.py:183} INFO - Processing /home/airflow/.local/lib/python3.8/site-packages/airflow/example_dags/example_time_delta_sensor_async.py took 0.181 seconds
[2025-11-02T18:50:46.282+0000] {processor.py:161} INFO - Started process (PID=2864) to work on /home/airflow/.local/lib/python3.8/site-packages/airflow/example_dags/example_time_delta_sensor_async.py
[2025-11-02T18:50:46.285+0000] {processor.py:830} INFO - Processing file /home/airflow/.local/lib/python3.8/site-packages/airflow/example_dags/example_time_delta_sensor_async.py for tasks to queue
[2025-11-02T18:50:46.291+0000] {logging_mixin.py:188} INFO - [2025-11-02T18:50:46.291+0000] {dagbag.py:538} INFO - Filling up the DagBag from /home/airflow/.local/lib/python3.8/site-packages/airflow/example_dags/example_time_delta_sensor_async.py
[2025-11-02T18:50:46.311+0000] {processor.py:840} INFO - DAG(s) 'example_time_delta_sensor_async' retrieved from /home/airflow/.local/lib/python3.8/site-packages/airflow/example_dags/example_time_delta_sensor_async.py
[2025-11-02T18:50:46.683+0000] {logging_mixin.py:188} INFO - [2025-11-02T18:50:46.682+0000] {dag.py:3036} INFO - Sync 1 DAGs
[2025-11-02T18:50:46.712+0000] {logging_mixin.py:188} INFO - [2025-11-02T18:50:46.711+0000] {dag.py:3823} INFO - Setting next_dagrun for example_time_delta_sensor_async to None, run_after=None
[2025-11-02T18:50:46.765+0000] {processor.py:183} INFO - Processing /home/airflow/.local/lib/python3.8/site-packages/airflow/example_dags/example_time_delta_sensor_async.py took 0.492 seconds
[2025-11-02T18:51:17.333+0000] {processor.py:161} INFO - Started process (PID=2919) to work on /home/airflow/.local/lib/python3.8/site-packages/airflow/example_dags/example_time_delta_sensor_async.py
[2025-11-02T18:51:17.338+0000] {processor.py:830} INFO - Processing file /home/airflow/.local/lib/python3.8/site-packages/airflow/example_dags/example_time_delta_sensor_async.py for tasks to queue
[2025-11-02T18:51:17.347+0000] {logging_mixin.py:188} INFO - [2025-11-02T18:51:17.346+0000] {dagbag.py:538} INFO - Filling up the DagBag from /home/airflow/.local/lib/python3.8/site-packages/airflow/example_dags/example_time_delta_sensor_async.py
[2025-11-02T18:51:17.368+0000] {processor.py:840} INFO - DAG(s) 'example_time_delta_sensor_async' retrieved from /home/airflow/.local/lib/python3.8/site-packages/airflow/example_dags/example_time_delta_sensor_async.py
[2025-11-02T18:51:17.513+0000] {logging_mixin.py:188} INFO - [2025-11-02T18:51:17.512+0000] {dag.py:3036} INFO - Sync 1 DAGs
[2025-11-02T18:51:17.591+0000] {logging_mixin.py:188} INFO - [2025-11-02T18:51:17.590+0000] {dag.py:3823} INFO - Setting next_dagrun for example_time_delta_sensor_async to None, run_after=None
[2025-11-02T18:51:17.660+0000] {processor.py:183} INFO - Processing /home/airflow/.local/lib/python3.8/site-packages/airflow/example_dags/example_time_delta_sensor_async.py took 0.342 seconds
[2025-11-02T18:51:47.839+0000] {processor.py:161} INFO - Started process (PID=2974) to work on /home/airflow/.local/lib/python3.8/site-packages/airflow/example_dags/example_time_delta_sensor_async.py
[2025-11-02T18:51:47.842+0000] {processor.py:830} INFO - Processing file /home/airflow/.local/lib/python3.8/site-packages/airflow/example_dags/example_time_delta_sensor_async.py for tasks to queue
[2025-11-02T18:51:47.849+0000] {logging_mixin.py:188} INFO - [2025-11-02T18:51:47.848+0000] {dagbag.py:538} INFO - Filling up the DagBag from /home/airflow/.local/lib/python3.8/site-packages/airflow/example_dags/example_time_delta_sensor_async.py
[2025-11-02T18:51:47.867+0000] {processor.py:840} INFO - DAG(s) 'example_time_delta_sensor_async' retrieved from /home/airflow/.local/lib/python3.8/site-packages/airflow/example_dags/example_time_delta_sensor_async.py
[2025-11-02T18:51:47.937+0000] {logging_mixin.py:188} INFO - [2025-11-02T18:51:47.937+0000] {dag.py:3036} INFO - Sync 1 DAGs
[2025-11-02T18:51:47.984+0000] {logging_mixin.py:188} INFO - [2025-11-02T18:51:47.983+0000] {dag.py:3823} INFO - Setting next_dagrun for example_time_delta_sensor_async to None, run_after=None
[2025-11-02T18:51:48.062+0000] {processor.py:183} INFO - Processing /home/airflow/.local/lib/python3.8/site-packages/airflow/example_dags/example_time_delta_sensor_async.py took 0.234 seconds
[2025-11-02T18:52:18.583+0000] {processor.py:161} INFO - Started process (PID=3029) to work on /home/airflow/.local/lib/python3.8/site-packages/airflow/example_dags/example_time_delta_sensor_async.py
[2025-11-02T18:52:18.586+0000] {processor.py:830} INFO - Processing file /home/airflow/.local/lib/python3.8/site-packages/airflow/example_dags/example_time_delta_sensor_async.py for tasks to queue
[2025-11-02T18:52:18.591+0000] {logging_mixin.py:188} INFO - [2025-11-02T18:52:18.590+0000] {dagbag.py:538} INFO - Filling up the DagBag from /home/airflow/.local/lib/python3.8/site-packages/airflow/example_dags/example_time_delta_sensor_async.py
[2025-11-02T18:52:18.603+0000] {processor.py:840} INFO - DAG(s) 'example_time_delta_sensor_async' retrieved from /home/airflow/.local/lib/python3.8/site-packages/airflow/example_dags/example_time_delta_sensor_async.py
[2025-11-02T18:52:18.646+0000] {logging_mixin.py:188} INFO - [2025-11-02T18:52:18.645+0000] {dag.py:3036} INFO - Sync 1 DAGs
[2025-11-02T18:52:18.670+0000] {logging_mixin.py:188} INFO - [2025-11-02T18:52:18.670+0000] {dag.py:3823} INFO - Setting next_dagrun for example_time_delta_sensor_async to None, run_after=None
[2025-11-02T18:52:18.724+0000] {processor.py:183} INFO - Processing /home/airflow/.local/lib/python3.8/site-packages/airflow/example_dags/example_time_delta_sensor_async.py took 0.149 seconds
[2025-11-02T18:52:50.216+0000] {processor.py:161} INFO - Started process (PID=3084) to work on /home/airflow/.local/lib/python3.8/site-packages/airflow/example_dags/example_time_delta_sensor_async.py
[2025-11-02T18:52:50.218+0000] {processor.py:830} INFO - Processing file /home/airflow/.local/lib/python3.8/site-packages/airflow/example_dags/example_time_delta_sensor_async.py for tasks to queue
[2025-11-02T18:52:50.223+0000] {logging_mixin.py:188} INFO - [2025-11-02T18:52:50.223+0000] {dagbag.py:538} INFO - Filling up the DagBag from /home/airflow/.local/lib/python3.8/site-packages/airflow/example_dags/example_time_delta_sensor_async.py
[2025-11-02T18:52:50.235+0000] {processor.py:840} INFO - DAG(s) 'example_time_delta_sensor_async' retrieved from /home/airflow/.local/lib/python3.8/site-packages/airflow/example_dags/example_time_delta_sensor_async.py
[2025-11-02T18:52:50.281+0000] {logging_mixin.py:188} INFO - [2025-11-02T18:52:50.281+0000] {dag.py:3036} INFO - Sync 1 DAGs
[2025-11-02T18:52:50.305+0000] {logging_mixin.py:188} INFO - [2025-11-02T18:52:50.305+0000] {dag.py:3823} INFO - Setting next_dagrun for example_time_delta_sensor_async to None, run_after=None
[2025-11-02T18:52:50.350+0000] {processor.py:183} INFO - Processing /home/airflow/.local/lib/python3.8/site-packages/airflow/example_dags/example_time_delta_sensor_async.py took 0.142 seconds
[2025-11-02T18:53:21.010+0000] {processor.py:161} INFO - Started process (PID=3139) to work on /home/airflow/.local/lib/python3.8/site-packages/airflow/example_dags/example_time_delta_sensor_async.py
[2025-11-02T18:53:21.013+0000] {processor.py:830} INFO - Processing file /home/airflow/.local/lib/python3.8/site-packages/airflow/example_dags/example_time_delta_sensor_async.py for tasks to queue
[2025-11-02T18:53:21.019+0000] {logging_mixin.py:188} INFO - [2025-11-02T18:53:21.018+0000] {dagbag.py:538} INFO - Filling up the DagBag from /home/airflow/.local/lib/python3.8/site-packages/airflow/example_dags/example_time_delta_sensor_async.py
[2025-11-02T18:53:21.035+0000] {processor.py:840} INFO - DAG(s) 'example_time_delta_sensor_async' retrieved from /home/airflow/.local/lib/python3.8/site-packages/airflow/example_dags/example_time_delta_sensor_async.py
[2025-11-02T18:53:21.085+0000] {logging_mixin.py:188} INFO - [2025-11-02T18:53:21.085+0000] {dag.py:3036} INFO - Sync 1 DAGs
[2025-11-02T18:53:21.124+0000] {logging_mixin.py:188} INFO - [2025-11-02T18:53:21.124+0000] {dag.py:3823} INFO - Setting next_dagrun for example_time_delta_sensor_async to None, run_after=None
[2025-11-02T18:53:21.220+0000] {processor.py:183} INFO - Processing /home/airflow/.local/lib/python3.8/site-packages/airflow/example_dags/example_time_delta_sensor_async.py took 0.221 seconds
[2025-11-02T18:53:52.008+0000] {processor.py:161} INFO - Started process (PID=3194) to work on /home/airflow/.local/lib/python3.8/site-packages/airflow/example_dags/example_time_delta_sensor_async.py
[2025-11-02T18:53:52.011+0000] {processor.py:830} INFO - Processing file /home/airflow/.local/lib/python3.8/site-packages/airflow/example_dags/example_time_delta_sensor_async.py for tasks to queue
[2025-11-02T18:53:52.016+0000] {logging_mixin.py:188} INFO - [2025-11-02T18:53:52.015+0000] {dagbag.py:538} INFO - Filling up the DagBag from /home/airflow/.local/lib/python3.8/site-packages/airflow/example_dags/example_time_delta_sensor_async.py
[2025-11-02T18:53:52.029+0000] {processor.py:840} INFO - DAG(s) 'example_time_delta_sensor_async' retrieved from /home/airflow/.local/lib/python3.8/site-packages/airflow/example_dags/example_time_delta_sensor_async.py
[2025-11-02T18:53:52.087+0000] {logging_mixin.py:188} INFO - [2025-11-02T18:53:52.086+0000] {dag.py:3036} INFO - Sync 1 DAGs
[2025-11-02T18:53:52.117+0000] {logging_mixin.py:188} INFO - [2025-11-02T18:53:52.117+0000] {dag.py:3823} INFO - Setting next_dagrun for example_time_delta_sensor_async to None, run_after=None
[2025-11-02T18:53:52.180+0000] {processor.py:183} INFO - Processing /home/airflow/.local/lib/python3.8/site-packages/airflow/example_dags/example_time_delta_sensor_async.py took 0.187 seconds
[2025-11-02T18:54:22.544+0000] {processor.py:161} INFO - Started process (PID=3249) to work on /home/airflow/.local/lib/python3.8/site-packages/airflow/example_dags/example_time_delta_sensor_async.py
[2025-11-02T18:54:22.547+0000] {processor.py:830} INFO - Processing file /home/airflow/.local/lib/python3.8/site-packages/airflow/example_dags/example_time_delta_sensor_async.py for tasks to queue
[2025-11-02T18:54:22.553+0000] {logging_mixin.py:188} INFO - [2025-11-02T18:54:22.553+0000] {dagbag.py:538} INFO - Filling up the DagBag from /home/airflow/.local/lib/python3.8/site-packages/airflow/example_dags/example_time_delta_sensor_async.py
[2025-11-02T18:54:22.574+0000] {processor.py:840} INFO - DAG(s) 'example_time_delta_sensor_async' retrieved from /home/airflow/.local/lib/python3.8/site-packages/airflow/example_dags/example_time_delta_sensor_async.py
[2025-11-02T18:54:22.640+0000] {logging_mixin.py:188} INFO - [2025-11-02T18:54:22.639+0000] {dag.py:3036} INFO - Sync 1 DAGs
[2025-11-02T18:54:22.684+0000] {logging_mixin.py:188} INFO - [2025-11-02T18:54:22.683+0000] {dag.py:3823} INFO - Setting next_dagrun for example_time_delta_sensor_async to None, run_after=None
[2025-11-02T18:54:22.740+0000] {processor.py:183} INFO - Processing /home/airflow/.local/lib/python3.8/site-packages/airflow/example_dags/example_time_delta_sensor_async.py took 0.209 seconds
[2025-11-02T18:54:53.246+0000] {processor.py:161} INFO - Started process (PID=3304) to work on /home/airflow/.local/lib/python3.8/site-packages/airflow/example_dags/example_time_delta_sensor_async.py
[2025-11-02T18:54:53.251+0000] {processor.py:830} INFO - Processing file /home/airflow/.local/lib/python3.8/site-packages/airflow/example_dags/example_time_delta_sensor_async.py for tasks to queue
[2025-11-02T18:54:53.259+0000] {logging_mixin.py:188} INFO - [2025-11-02T18:54:53.258+0000] {dagbag.py:538} INFO - Filling up the DagBag from /home/airflow/.local/lib/python3.8/site-packages/airflow/example_dags/example_time_delta_sensor_async.py
[2025-11-02T18:54:53.276+0000] {processor.py:840} INFO - DAG(s) 'example_time_delta_sensor_async' retrieved from /home/airflow/.local/lib/python3.8/site-packages/airflow/example_dags/example_time_delta_sensor_async.py
[2025-11-02T18:54:53.335+0000] {logging_mixin.py:188} INFO - [2025-11-02T18:54:53.335+0000] {dag.py:3036} INFO - Sync 1 DAGs
[2025-11-02T18:54:53.381+0000] {logging_mixin.py:188} INFO - [2025-11-02T18:54:53.380+0000] {dag.py:3823} INFO - Setting next_dagrun for example_time_delta_sensor_async to None, run_after=None
[2025-11-02T18:54:53.442+0000] {processor.py:183} INFO - Processing /home/airflow/.local/lib/python3.8/site-packages/airflow/example_dags/example_time_delta_sensor_async.py took 0.208 seconds
[2025-11-02T18:55:24.244+0000] {processor.py:161} INFO - Started process (PID=3359) to work on /home/airflow/.local/lib/python3.8/site-packages/airflow/example_dags/example_time_delta_sensor_async.py
[2025-11-02T18:55:24.248+0000] {processor.py:830} INFO - Processing file /home/airflow/.local/lib/python3.8/site-packages/airflow/example_dags/example_time_delta_sensor_async.py for tasks to queue
[2025-11-02T18:55:24.256+0000] {logging_mixin.py:188} INFO - [2025-11-02T18:55:24.255+0000] {dagbag.py:538} INFO - Filling up the DagBag from /home/airflow/.local/lib/python3.8/site-packages/airflow/example_dags/example_time_delta_sensor_async.py
[2025-11-02T18:55:24.270+0000] {processor.py:840} INFO - DAG(s) 'example_time_delta_sensor_async' retrieved from /home/airflow/.local/lib/python3.8/site-packages/airflow/example_dags/example_time_delta_sensor_async.py
[2025-11-02T18:55:24.343+0000] {logging_mixin.py:188} INFO - [2025-11-02T18:55:24.342+0000] {dag.py:3036} INFO - Sync 1 DAGs
[2025-11-02T18:55:24.391+0000] {logging_mixin.py:188} INFO - [2025-11-02T18:55:24.390+0000] {dag.py:3823} INFO - Setting next_dagrun for example_time_delta_sensor_async to None, run_after=None
[2025-11-02T18:55:24.444+0000] {processor.py:183} INFO - Processing /home/airflow/.local/lib/python3.8/site-packages/airflow/example_dags/example_time_delta_sensor_async.py took 0.214 seconds
[2025-11-02T18:55:55.229+0000] {processor.py:161} INFO - Started process (PID=3415) to work on /home/airflow/.local/lib/python3.8/site-packages/airflow/example_dags/example_time_delta_sensor_async.py
[2025-11-02T18:55:55.237+0000] {processor.py:830} INFO - Processing file /home/airflow/.local/lib/python3.8/site-packages/airflow/example_dags/example_time_delta_sensor_async.py for tasks to queue
[2025-11-02T18:55:55.249+0000] {logging_mixin.py:188} INFO - [2025-11-02T18:55:55.245+0000] {dagbag.py:538} INFO - Filling up the DagBag from /home/airflow/.local/lib/python3.8/site-packages/airflow/example_dags/example_time_delta_sensor_async.py
[2025-11-02T18:55:55.284+0000] {processor.py:840} INFO - DAG(s) 'example_time_delta_sensor_async' retrieved from /home/airflow/.local/lib/python3.8/site-packages/airflow/example_dags/example_time_delta_sensor_async.py
[2025-11-02T18:55:55.424+0000] {logging_mixin.py:188} INFO - [2025-11-02T18:55:55.424+0000] {dag.py:3036} INFO - Sync 1 DAGs
[2025-11-02T18:55:55.464+0000] {logging_mixin.py:188} INFO - [2025-11-02T18:55:55.463+0000] {dag.py:3823} INFO - Setting next_dagrun for example_time_delta_sensor_async to None, run_after=None
[2025-11-02T18:55:55.521+0000] {processor.py:183} INFO - Processing /home/airflow/.local/lib/python3.8/site-packages/airflow/example_dags/example_time_delta_sensor_async.py took 0.321 seconds
[2025-11-02T18:56:25.884+0000] {processor.py:161} INFO - Started process (PID=3470) to work on /home/airflow/.local/lib/python3.8/site-packages/airflow/example_dags/example_time_delta_sensor_async.py
[2025-11-02T18:56:25.886+0000] {processor.py:830} INFO - Processing file /home/airflow/.local/lib/python3.8/site-packages/airflow/example_dags/example_time_delta_sensor_async.py for tasks to queue
[2025-11-02T18:56:25.892+0000] {logging_mixin.py:188} INFO - [2025-11-02T18:56:25.891+0000] {dagbag.py:538} INFO - Filling up the DagBag from /home/airflow/.local/lib/python3.8/site-packages/airflow/example_dags/example_time_delta_sensor_async.py
[2025-11-02T18:56:25.904+0000] {processor.py:840} INFO - DAG(s) 'example_time_delta_sensor_async' retrieved from /home/airflow/.local/lib/python3.8/site-packages/airflow/example_dags/example_time_delta_sensor_async.py
[2025-11-02T18:56:25.976+0000] {logging_mixin.py:188} INFO - [2025-11-02T18:56:25.975+0000] {dag.py:3036} INFO - Sync 1 DAGs
[2025-11-02T18:56:26.008+0000] {logging_mixin.py:188} INFO - [2025-11-02T18:56:26.007+0000] {dag.py:3823} INFO - Setting next_dagrun for example_time_delta_sensor_async to None, run_after=None
[2025-11-02T18:56:26.052+0000] {processor.py:183} INFO - Processing /home/airflow/.local/lib/python3.8/site-packages/airflow/example_dags/example_time_delta_sensor_async.py took 0.176 seconds
[2025-11-02T18:56:56.496+0000] {processor.py:161} INFO - Started process (PID=3525) to work on /home/airflow/.local/lib/python3.8/site-packages/airflow/example_dags/example_time_delta_sensor_async.py
[2025-11-02T18:56:56.500+0000] {processor.py:830} INFO - Processing file /home/airflow/.local/lib/python3.8/site-packages/airflow/example_dags/example_time_delta_sensor_async.py for tasks to queue
[2025-11-02T18:56:56.507+0000] {logging_mixin.py:188} INFO - [2025-11-02T18:56:56.505+0000] {dagbag.py:538} INFO - Filling up the DagBag from /home/airflow/.local/lib/python3.8/site-packages/airflow/example_dags/example_time_delta_sensor_async.py
[2025-11-02T18:56:56.522+0000] {processor.py:840} INFO - DAG(s) 'example_time_delta_sensor_async' retrieved from /home/airflow/.local/lib/python3.8/site-packages/airflow/example_dags/example_time_delta_sensor_async.py
[2025-11-02T18:56:56.578+0000] {logging_mixin.py:188} INFO - [2025-11-02T18:56:56.577+0000] {dag.py:3036} INFO - Sync 1 DAGs
[2025-11-02T18:56:56.611+0000] {logging_mixin.py:188} INFO - [2025-11-02T18:56:56.611+0000] {dag.py:3823} INFO - Setting next_dagrun for example_time_delta_sensor_async to None, run_after=None
[2025-11-02T18:56:56.656+0000] {processor.py:183} INFO - Processing /home/airflow/.local/lib/python3.8/site-packages/airflow/example_dags/example_time_delta_sensor_async.py took 0.173 seconds
[2025-11-02T18:57:27.265+0000] {processor.py:161} INFO - Started process (PID=3580) to work on /home/airflow/.local/lib/python3.8/site-packages/airflow/example_dags/example_time_delta_sensor_async.py
[2025-11-02T18:57:27.269+0000] {processor.py:830} INFO - Processing file /home/airflow/.local/lib/python3.8/site-packages/airflow/example_dags/example_time_delta_sensor_async.py for tasks to queue
[2025-11-02T18:57:27.275+0000] {logging_mixin.py:188} INFO - [2025-11-02T18:57:27.274+0000] {dagbag.py:538} INFO - Filling up the DagBag from /home/airflow/.local/lib/python3.8/site-packages/airflow/example_dags/example_time_delta_sensor_async.py
[2025-11-02T18:57:27.292+0000] {processor.py:840} INFO - DAG(s) 'example_time_delta_sensor_async' retrieved from /home/airflow/.local/lib/python3.8/site-packages/airflow/example_dags/example_time_delta_sensor_async.py
[2025-11-02T18:57:27.390+0000] {logging_mixin.py:188} INFO - [2025-11-02T18:57:27.389+0000] {dag.py:3036} INFO - Sync 1 DAGs
[2025-11-02T18:57:27.500+0000] {logging_mixin.py:188} INFO - [2025-11-02T18:57:27.499+0000] {dag.py:3823} INFO - Setting next_dagrun for example_time_delta_sensor_async to None, run_after=None
[2025-11-02T18:57:27.625+0000] {processor.py:183} INFO - Processing /home/airflow/.local/lib/python3.8/site-packages/airflow/example_dags/example_time_delta_sensor_async.py took 0.374 seconds
[2025-11-02T18:57:58.223+0000] {processor.py:161} INFO - Started process (PID=3635) to work on /home/airflow/.local/lib/python3.8/site-packages/airflow/example_dags/example_time_delta_sensor_async.py
[2025-11-02T18:57:58.239+0000] {processor.py:830} INFO - Processing file /home/airflow/.local/lib/python3.8/site-packages/airflow/example_dags/example_time_delta_sensor_async.py for tasks to queue
[2025-11-02T18:57:58.252+0000] {logging_mixin.py:188} INFO - [2025-11-02T18:57:58.251+0000] {dagbag.py:538} INFO - Filling up the DagBag from /home/airflow/.local/lib/python3.8/site-packages/airflow/example_dags/example_time_delta_sensor_async.py
[2025-11-02T18:57:58.272+0000] {processor.py:840} INFO - DAG(s) 'example_time_delta_sensor_async' retrieved from /home/airflow/.local/lib/python3.8/site-packages/airflow/example_dags/example_time_delta_sensor_async.py
[2025-11-02T18:57:58.380+0000] {logging_mixin.py:188} INFO - [2025-11-02T18:57:58.378+0000] {dag.py:3036} INFO - Sync 1 DAGs
[2025-11-02T18:57:58.482+0000] {logging_mixin.py:188} INFO - [2025-11-02T18:57:58.471+0000] {dag.py:3823} INFO - Setting next_dagrun for example_time_delta_sensor_async to None, run_after=None
[2025-11-02T18:57:58.558+0000] {processor.py:183} INFO - Processing /home/airflow/.local/lib/python3.8/site-packages/airflow/example_dags/example_time_delta_sensor_async.py took 0.351 seconds
[2025-11-02T18:58:29.179+0000] {processor.py:161} INFO - Started process (PID=3690) to work on /home/airflow/.local/lib/python3.8/site-packages/airflow/example_dags/example_time_delta_sensor_async.py
[2025-11-02T18:58:29.187+0000] {processor.py:830} INFO - Processing file /home/airflow/.local/lib/python3.8/site-packages/airflow/example_dags/example_time_delta_sensor_async.py for tasks to queue
[2025-11-02T18:58:29.194+0000] {logging_mixin.py:188} INFO - [2025-11-02T18:58:29.193+0000] {dagbag.py:538} INFO - Filling up the DagBag from /home/airflow/.local/lib/python3.8/site-packages/airflow/example_dags/example_time_delta_sensor_async.py
[2025-11-02T18:58:29.210+0000] {processor.py:840} INFO - DAG(s) 'example_time_delta_sensor_async' retrieved from /home/airflow/.local/lib/python3.8/site-packages/airflow/example_dags/example_time_delta_sensor_async.py
[2025-11-02T18:58:29.270+0000] {logging_mixin.py:188} INFO - [2025-11-02T18:58:29.270+0000] {dag.py:3036} INFO - Sync 1 DAGs
[2025-11-02T18:58:29.303+0000] {logging_mixin.py:188} INFO - [2025-11-02T18:58:29.302+0000] {dag.py:3823} INFO - Setting next_dagrun for example_time_delta_sensor_async to None, run_after=None
[2025-11-02T18:58:29.358+0000] {processor.py:183} INFO - Processing /home/airflow/.local/lib/python3.8/site-packages/airflow/example_dags/example_time_delta_sensor_async.py took 0.190 seconds
[2025-11-02T18:58:59.577+0000] {processor.py:161} INFO - Started process (PID=3745) to work on /home/airflow/.local/lib/python3.8/site-packages/airflow/example_dags/example_time_delta_sensor_async.py
[2025-11-02T18:58:59.580+0000] {processor.py:830} INFO - Processing file /home/airflow/.local/lib/python3.8/site-packages/airflow/example_dags/example_time_delta_sensor_async.py for tasks to queue
[2025-11-02T18:58:59.586+0000] {logging_mixin.py:188} INFO - [2025-11-02T18:58:59.585+0000] {dagbag.py:538} INFO - Filling up the DagBag from /home/airflow/.local/lib/python3.8/site-packages/airflow/example_dags/example_time_delta_sensor_async.py
[2025-11-02T18:58:59.598+0000] {processor.py:840} INFO - DAG(s) 'example_time_delta_sensor_async' retrieved from /home/airflow/.local/lib/python3.8/site-packages/airflow/example_dags/example_time_delta_sensor_async.py
[2025-11-02T18:58:59.645+0000] {logging_mixin.py:188} INFO - [2025-11-02T18:58:59.645+0000] {dag.py:3036} INFO - Sync 1 DAGs
[2025-11-02T18:58:59.670+0000] {logging_mixin.py:188} INFO - [2025-11-02T18:58:59.669+0000] {dag.py:3823} INFO - Setting next_dagrun for example_time_delta_sensor_async to None, run_after=None
[2025-11-02T18:58:59.711+0000] {processor.py:183} INFO - Processing /home/airflow/.local/lib/python3.8/site-packages/airflow/example_dags/example_time_delta_sensor_async.py took 0.143 seconds
[2025-11-02T18:59:30.201+0000] {processor.py:161} INFO - Started process (PID=3799) to work on /home/airflow/.local/lib/python3.8/site-packages/airflow/example_dags/example_time_delta_sensor_async.py
[2025-11-02T18:59:30.203+0000] {processor.py:830} INFO - Processing file /home/airflow/.local/lib/python3.8/site-packages/airflow/example_dags/example_time_delta_sensor_async.py for tasks to queue
[2025-11-02T18:59:30.209+0000] {logging_mixin.py:188} INFO - [2025-11-02T18:59:30.208+0000] {dagbag.py:538} INFO - Filling up the DagBag from /home/airflow/.local/lib/python3.8/site-packages/airflow/example_dags/example_time_delta_sensor_async.py
[2025-11-02T18:59:30.222+0000] {processor.py:840} INFO - DAG(s) 'example_time_delta_sensor_async' retrieved from /home/airflow/.local/lib/python3.8/site-packages/airflow/example_dags/example_time_delta_sensor_async.py
[2025-11-02T18:59:30.275+0000] {logging_mixin.py:188} INFO - [2025-11-02T18:59:30.274+0000] {dag.py:3036} INFO - Sync 1 DAGs
[2025-11-02T18:59:30.307+0000] {logging_mixin.py:188} INFO - [2025-11-02T18:59:30.306+0000] {dag.py:3823} INFO - Setting next_dagrun for example_time_delta_sensor_async to None, run_after=None
[2025-11-02T18:59:30.356+0000] {processor.py:183} INFO - Processing /home/airflow/.local/lib/python3.8/site-packages/airflow/example_dags/example_time_delta_sensor_async.py took 0.166 seconds
[2025-11-02T19:00:00.666+0000] {processor.py:161} INFO - Started process (PID=3854) to work on /home/airflow/.local/lib/python3.8/site-packages/airflow/example_dags/example_time_delta_sensor_async.py
[2025-11-02T19:00:00.670+0000] {processor.py:830} INFO - Processing file /home/airflow/.local/lib/python3.8/site-packages/airflow/example_dags/example_time_delta_sensor_async.py for tasks to queue
[2025-11-02T19:00:00.676+0000] {logging_mixin.py:188} INFO - [2025-11-02T19:00:00.675+0000] {dagbag.py:538} INFO - Filling up the DagBag from /home/airflow/.local/lib/python3.8/site-packages/airflow/example_dags/example_time_delta_sensor_async.py
[2025-11-02T19:00:00.696+0000] {processor.py:840} INFO - DAG(s) 'example_time_delta_sensor_async' retrieved from /home/airflow/.local/lib/python3.8/site-packages/airflow/example_dags/example_time_delta_sensor_async.py
[2025-11-02T19:00:00.773+0000] {logging_mixin.py:188} INFO - [2025-11-02T19:00:00.773+0000] {dag.py:3036} INFO - Sync 1 DAGs
[2025-11-02T19:00:00.823+0000] {logging_mixin.py:188} INFO - [2025-11-02T19:00:00.822+0000] {dag.py:3823} INFO - Setting next_dagrun for example_time_delta_sensor_async to None, run_after=None
[2025-11-02T19:00:00.883+0000] {processor.py:183} INFO - Processing /home/airflow/.local/lib/python3.8/site-packages/airflow/example_dags/example_time_delta_sensor_async.py took 0.232 seconds
[2025-11-02T19:00:31.323+0000] {processor.py:161} INFO - Started process (PID=3909) to work on /home/airflow/.local/lib/python3.8/site-packages/airflow/example_dags/example_time_delta_sensor_async.py
[2025-11-02T19:00:31.327+0000] {processor.py:830} INFO - Processing file /home/airflow/.local/lib/python3.8/site-packages/airflow/example_dags/example_time_delta_sensor_async.py for tasks to queue
[2025-11-02T19:00:31.346+0000] {logging_mixin.py:188} INFO - [2025-11-02T19:00:31.345+0000] {dagbag.py:538} INFO - Filling up the DagBag from /home/airflow/.local/lib/python3.8/site-packages/airflow/example_dags/example_time_delta_sensor_async.py
[2025-11-02T19:00:31.376+0000] {processor.py:840} INFO - DAG(s) 'example_time_delta_sensor_async' retrieved from /home/airflow/.local/lib/python3.8/site-packages/airflow/example_dags/example_time_delta_sensor_async.py
[2025-11-02T19:00:31.513+0000] {logging_mixin.py:188} INFO - [2025-11-02T19:00:31.512+0000] {dag.py:3036} INFO - Sync 1 DAGs
[2025-11-02T19:00:31.579+0000] {logging_mixin.py:188} INFO - [2025-11-02T19:00:31.579+0000] {dag.py:3823} INFO - Setting next_dagrun for example_time_delta_sensor_async to None, run_after=None
[2025-11-02T19:00:31.683+0000] {processor.py:183} INFO - Processing /home/airflow/.local/lib/python3.8/site-packages/airflow/example_dags/example_time_delta_sensor_async.py took 0.378 seconds
[2025-11-02T19:01:01.841+0000] {processor.py:161} INFO - Started process (PID=3962) to work on /home/airflow/.local/lib/python3.8/site-packages/airflow/example_dags/example_time_delta_sensor_async.py
[2025-11-02T19:01:01.844+0000] {processor.py:830} INFO - Processing file /home/airflow/.local/lib/python3.8/site-packages/airflow/example_dags/example_time_delta_sensor_async.py for tasks to queue
[2025-11-02T19:01:01.851+0000] {logging_mixin.py:188} INFO - [2025-11-02T19:01:01.849+0000] {dagbag.py:538} INFO - Filling up the DagBag from /home/airflow/.local/lib/python3.8/site-packages/airflow/example_dags/example_time_delta_sensor_async.py
[2025-11-02T19:01:01.866+0000] {processor.py:840} INFO - DAG(s) 'example_time_delta_sensor_async' retrieved from /home/airflow/.local/lib/python3.8/site-packages/airflow/example_dags/example_time_delta_sensor_async.py
[2025-11-02T19:01:01.924+0000] {logging_mixin.py:188} INFO - [2025-11-02T19:01:01.924+0000] {dag.py:3036} INFO - Sync 1 DAGs
[2025-11-02T19:01:01.964+0000] {logging_mixin.py:188} INFO - [2025-11-02T19:01:01.963+0000] {dag.py:3823} INFO - Setting next_dagrun for example_time_delta_sensor_async to None, run_after=None
[2025-11-02T19:01:02.008+0000] {processor.py:183} INFO - Processing /home/airflow/.local/lib/python3.8/site-packages/airflow/example_dags/example_time_delta_sensor_async.py took 0.176 seconds
[2025-11-02T19:01:32.856+0000] {processor.py:161} INFO - Started process (PID=4017) to work on /home/airflow/.local/lib/python3.8/site-packages/airflow/example_dags/example_time_delta_sensor_async.py
[2025-11-02T19:01:32.858+0000] {processor.py:830} INFO - Processing file /home/airflow/.local/lib/python3.8/site-packages/airflow/example_dags/example_time_delta_sensor_async.py for tasks to queue
[2025-11-02T19:01:32.873+0000] {logging_mixin.py:188} INFO - [2025-11-02T19:01:32.872+0000] {dagbag.py:538} INFO - Filling up the DagBag from /home/airflow/.local/lib/python3.8/site-packages/airflow/example_dags/example_time_delta_sensor_async.py
[2025-11-02T19:01:32.887+0000] {processor.py:840} INFO - DAG(s) 'example_time_delta_sensor_async' retrieved from /home/airflow/.local/lib/python3.8/site-packages/airflow/example_dags/example_time_delta_sensor_async.py
[2025-11-02T19:01:32.939+0000] {logging_mixin.py:188} INFO - [2025-11-02T19:01:32.939+0000] {dag.py:3036} INFO - Sync 1 DAGs
[2025-11-02T19:01:32.973+0000] {logging_mixin.py:188} INFO - [2025-11-02T19:01:32.972+0000] {dag.py:3823} INFO - Setting next_dagrun for example_time_delta_sensor_async to None, run_after=None
[2025-11-02T19:01:33.019+0000] {processor.py:183} INFO - Processing /home/airflow/.local/lib/python3.8/site-packages/airflow/example_dags/example_time_delta_sensor_async.py took 0.175 seconds
[2025-11-02T19:02:03.159+0000] {processor.py:161} INFO - Started process (PID=4072) to work on /home/airflow/.local/lib/python3.8/site-packages/airflow/example_dags/example_time_delta_sensor_async.py
[2025-11-02T19:02:03.162+0000] {processor.py:830} INFO - Processing file /home/airflow/.local/lib/python3.8/site-packages/airflow/example_dags/example_time_delta_sensor_async.py for tasks to queue
[2025-11-02T19:02:03.169+0000] {logging_mixin.py:188} INFO - [2025-11-02T19:02:03.168+0000] {dagbag.py:538} INFO - Filling up the DagBag from /home/airflow/.local/lib/python3.8/site-packages/airflow/example_dags/example_time_delta_sensor_async.py
[2025-11-02T19:02:03.180+0000] {processor.py:840} INFO - DAG(s) 'example_time_delta_sensor_async' retrieved from /home/airflow/.local/lib/python3.8/site-packages/airflow/example_dags/example_time_delta_sensor_async.py
[2025-11-02T19:02:03.235+0000] {logging_mixin.py:188} INFO - [2025-11-02T19:02:03.234+0000] {dag.py:3036} INFO - Sync 1 DAGs
[2025-11-02T19:02:03.262+0000] {logging_mixin.py:188} INFO - [2025-11-02T19:02:03.262+0000] {dag.py:3823} INFO - Setting next_dagrun for example_time_delta_sensor_async to None, run_after=None
[2025-11-02T19:02:03.308+0000] {processor.py:183} INFO - Processing /home/airflow/.local/lib/python3.8/site-packages/airflow/example_dags/example_time_delta_sensor_async.py took 0.158 seconds
[2025-11-02T19:02:33.591+0000] {processor.py:161} INFO - Started process (PID=4126) to work on /home/airflow/.local/lib/python3.8/site-packages/airflow/example_dags/example_time_delta_sensor_async.py
[2025-11-02T19:02:33.593+0000] {processor.py:830} INFO - Processing file /home/airflow/.local/lib/python3.8/site-packages/airflow/example_dags/example_time_delta_sensor_async.py for tasks to queue
[2025-11-02T19:02:33.598+0000] {logging_mixin.py:188} INFO - [2025-11-02T19:02:33.597+0000] {dagbag.py:538} INFO - Filling up the DagBag from /home/airflow/.local/lib/python3.8/site-packages/airflow/example_dags/example_time_delta_sensor_async.py
[2025-11-02T19:02:33.611+0000] {processor.py:840} INFO - DAG(s) 'example_time_delta_sensor_async' retrieved from /home/airflow/.local/lib/python3.8/site-packages/airflow/example_dags/example_time_delta_sensor_async.py
[2025-11-02T19:02:33.660+0000] {logging_mixin.py:188} INFO - [2025-11-02T19:02:33.660+0000] {dag.py:3036} INFO - Sync 1 DAGs
[2025-11-02T19:02:33.687+0000] {logging_mixin.py:188} INFO - [2025-11-02T19:02:33.686+0000] {dag.py:3823} INFO - Setting next_dagrun for example_time_delta_sensor_async to None, run_after=None
[2025-11-02T19:02:33.723+0000] {processor.py:183} INFO - Processing /home/airflow/.local/lib/python3.8/site-packages/airflow/example_dags/example_time_delta_sensor_async.py took 0.141 seconds
[2025-11-02T19:03:04.502+0000] {processor.py:161} INFO - Started process (PID=4181) to work on /home/airflow/.local/lib/python3.8/site-packages/airflow/example_dags/example_time_delta_sensor_async.py
[2025-11-02T19:03:04.505+0000] {processor.py:830} INFO - Processing file /home/airflow/.local/lib/python3.8/site-packages/airflow/example_dags/example_time_delta_sensor_async.py for tasks to queue
[2025-11-02T19:03:04.512+0000] {logging_mixin.py:188} INFO - [2025-11-02T19:03:04.510+0000] {dagbag.py:538} INFO - Filling up the DagBag from /home/airflow/.local/lib/python3.8/site-packages/airflow/example_dags/example_time_delta_sensor_async.py
[2025-11-02T19:03:04.529+0000] {processor.py:840} INFO - DAG(s) 'example_time_delta_sensor_async' retrieved from /home/airflow/.local/lib/python3.8/site-packages/airflow/example_dags/example_time_delta_sensor_async.py
[2025-11-02T19:03:04.624+0000] {logging_mixin.py:188} INFO - [2025-11-02T19:03:04.624+0000] {dag.py:3036} INFO - Sync 1 DAGs
[2025-11-02T19:03:04.664+0000] {logging_mixin.py:188} INFO - [2025-11-02T19:03:04.664+0000] {dag.py:3823} INFO - Setting next_dagrun for example_time_delta_sensor_async to None, run_after=None
[2025-11-02T19:03:04.721+0000] {processor.py:183} INFO - Processing /home/airflow/.local/lib/python3.8/site-packages/airflow/example_dags/example_time_delta_sensor_async.py took 0.237 seconds
[2025-11-02T19:03:35.780+0000] {processor.py:161} INFO - Started process (PID=4236) to work on /home/airflow/.local/lib/python3.8/site-packages/airflow/example_dags/example_time_delta_sensor_async.py
[2025-11-02T19:03:35.783+0000] {processor.py:830} INFO - Processing file /home/airflow/.local/lib/python3.8/site-packages/airflow/example_dags/example_time_delta_sensor_async.py for tasks to queue
[2025-11-02T19:03:35.788+0000] {logging_mixin.py:188} INFO - [2025-11-02T19:03:35.787+0000] {dagbag.py:538} INFO - Filling up the DagBag from /home/airflow/.local/lib/python3.8/site-packages/airflow/example_dags/example_time_delta_sensor_async.py
[2025-11-02T19:03:35.801+0000] {processor.py:840} INFO - DAG(s) 'example_time_delta_sensor_async' retrieved from /home/airflow/.local/lib/python3.8/site-packages/airflow/example_dags/example_time_delta_sensor_async.py
[2025-11-02T19:03:35.849+0000] {logging_mixin.py:188} INFO - [2025-11-02T19:03:35.848+0000] {dag.py:3036} INFO - Sync 1 DAGs
[2025-11-02T19:03:35.883+0000] {logging_mixin.py:188} INFO - [2025-11-02T19:03:35.883+0000] {dag.py:3823} INFO - Setting next_dagrun for example_time_delta_sensor_async to None, run_after=None
[2025-11-02T19:03:35.926+0000] {processor.py:183} INFO - Processing /home/airflow/.local/lib/python3.8/site-packages/airflow/example_dags/example_time_delta_sensor_async.py took 0.155 seconds
[2025-11-02T19:04:06.941+0000] {processor.py:161} INFO - Started process (PID=4291) to work on /home/airflow/.local/lib/python3.8/site-packages/airflow/example_dags/example_time_delta_sensor_async.py
[2025-11-02T19:04:06.944+0000] {processor.py:830} INFO - Processing file /home/airflow/.local/lib/python3.8/site-packages/airflow/example_dags/example_time_delta_sensor_async.py for tasks to queue
[2025-11-02T19:04:06.951+0000] {logging_mixin.py:188} INFO - [2025-11-02T19:04:06.950+0000] {dagbag.py:538} INFO - Filling up the DagBag from /home/airflow/.local/lib/python3.8/site-packages/airflow/example_dags/example_time_delta_sensor_async.py
[2025-11-02T19:04:06.963+0000] {processor.py:840} INFO - DAG(s) 'example_time_delta_sensor_async' retrieved from /home/airflow/.local/lib/python3.8/site-packages/airflow/example_dags/example_time_delta_sensor_async.py
[2025-11-02T19:04:07.020+0000] {logging_mixin.py:188} INFO - [2025-11-02T19:04:07.019+0000] {dag.py:3036} INFO - Sync 1 DAGs
[2025-11-02T19:04:07.048+0000] {logging_mixin.py:188} INFO - [2025-11-02T19:04:07.048+0000] {dag.py:3823} INFO - Setting next_dagrun for example_time_delta_sensor_async to None, run_after=None
[2025-11-02T19:04:07.100+0000] {processor.py:183} INFO - Processing /home/airflow/.local/lib/python3.8/site-packages/airflow/example_dags/example_time_delta_sensor_async.py took 0.170 seconds
[2025-11-02T19:04:38.011+0000] {processor.py:161} INFO - Started process (PID=4346) to work on /home/airflow/.local/lib/python3.8/site-packages/airflow/example_dags/example_time_delta_sensor_async.py
[2025-11-02T19:04:38.022+0000] {processor.py:830} INFO - Processing file /home/airflow/.local/lib/python3.8/site-packages/airflow/example_dags/example_time_delta_sensor_async.py for tasks to queue
[2025-11-02T19:04:38.076+0000] {logging_mixin.py:188} INFO - [2025-11-02T19:04:38.075+0000] {dagbag.py:538} INFO - Filling up the DagBag from /home/airflow/.local/lib/python3.8/site-packages/airflow/example_dags/example_time_delta_sensor_async.py
[2025-11-02T19:04:38.116+0000] {processor.py:840} INFO - DAG(s) 'example_time_delta_sensor_async' retrieved from /home/airflow/.local/lib/python3.8/site-packages/airflow/example_dags/example_time_delta_sensor_async.py
[2025-11-02T19:04:38.341+0000] {logging_mixin.py:188} INFO - [2025-11-02T19:04:38.329+0000] {dag.py:3036} INFO - Sync 1 DAGs
[2025-11-02T19:04:38.416+0000] {logging_mixin.py:188} INFO - [2025-11-02T19:04:38.413+0000] {dag.py:3823} INFO - Setting next_dagrun for example_time_delta_sensor_async to None, run_after=None
[2025-11-02T19:04:38.514+0000] {processor.py:183} INFO - Processing /home/airflow/.local/lib/python3.8/site-packages/airflow/example_dags/example_time_delta_sensor_async.py took 0.515 seconds
[2025-11-02T19:05:09.884+0000] {processor.py:161} INFO - Started process (PID=4409) to work on /home/airflow/.local/lib/python3.8/site-packages/airflow/example_dags/example_time_delta_sensor_async.py
[2025-11-02T19:05:09.890+0000] {processor.py:830} INFO - Processing file /home/airflow/.local/lib/python3.8/site-packages/airflow/example_dags/example_time_delta_sensor_async.py for tasks to queue
[2025-11-02T19:05:09.898+0000] {logging_mixin.py:188} INFO - [2025-11-02T19:05:09.896+0000] {dagbag.py:538} INFO - Filling up the DagBag from /home/airflow/.local/lib/python3.8/site-packages/airflow/example_dags/example_time_delta_sensor_async.py
[2025-11-02T19:05:09.911+0000] {processor.py:840} INFO - DAG(s) 'example_time_delta_sensor_async' retrieved from /home/airflow/.local/lib/python3.8/site-packages/airflow/example_dags/example_time_delta_sensor_async.py
[2025-11-02T19:05:09.974+0000] {logging_mixin.py:188} INFO - [2025-11-02T19:05:09.973+0000] {dag.py:3036} INFO - Sync 1 DAGs
[2025-11-02T19:05:10.023+0000] {logging_mixin.py:188} INFO - [2025-11-02T19:05:10.022+0000] {dag.py:3823} INFO - Setting next_dagrun for example_time_delta_sensor_async to None, run_after=None
[2025-11-02T19:05:10.068+0000] {processor.py:183} INFO - Processing /home/airflow/.local/lib/python3.8/site-packages/airflow/example_dags/example_time_delta_sensor_async.py took 0.194 seconds
[2025-11-02T19:05:40.391+0000] {processor.py:161} INFO - Started process (PID=4464) to work on /home/airflow/.local/lib/python3.8/site-packages/airflow/example_dags/example_time_delta_sensor_async.py
[2025-11-02T19:05:40.393+0000] {processor.py:830} INFO - Processing file /home/airflow/.local/lib/python3.8/site-packages/airflow/example_dags/example_time_delta_sensor_async.py for tasks to queue
[2025-11-02T19:05:40.401+0000] {logging_mixin.py:188} INFO - [2025-11-02T19:05:40.400+0000] {dagbag.py:538} INFO - Filling up the DagBag from /home/airflow/.local/lib/python3.8/site-packages/airflow/example_dags/example_time_delta_sensor_async.py
[2025-11-02T19:05:40.412+0000] {processor.py:840} INFO - DAG(s) 'example_time_delta_sensor_async' retrieved from /home/airflow/.local/lib/python3.8/site-packages/airflow/example_dags/example_time_delta_sensor_async.py
[2025-11-02T19:05:40.465+0000] {logging_mixin.py:188} INFO - [2025-11-02T19:05:40.465+0000] {dag.py:3036} INFO - Sync 1 DAGs
[2025-11-02T19:05:40.491+0000] {logging_mixin.py:188} INFO - [2025-11-02T19:05:40.490+0000] {dag.py:3823} INFO - Setting next_dagrun for example_time_delta_sensor_async to None, run_after=None
[2025-11-02T19:05:40.532+0000] {processor.py:183} INFO - Processing /home/airflow/.local/lib/python3.8/site-packages/airflow/example_dags/example_time_delta_sensor_async.py took 0.154 seconds
[2025-11-02T19:06:11.073+0000] {processor.py:161} INFO - Started process (PID=4519) to work on /home/airflow/.local/lib/python3.8/site-packages/airflow/example_dags/example_time_delta_sensor_async.py
[2025-11-02T19:06:11.076+0000] {processor.py:830} INFO - Processing file /home/airflow/.local/lib/python3.8/site-packages/airflow/example_dags/example_time_delta_sensor_async.py for tasks to queue
[2025-11-02T19:06:11.085+0000] {logging_mixin.py:188} INFO - [2025-11-02T19:06:11.084+0000] {dagbag.py:538} INFO - Filling up the DagBag from /home/airflow/.local/lib/python3.8/site-packages/airflow/example_dags/example_time_delta_sensor_async.py
[2025-11-02T19:06:11.111+0000] {processor.py:840} INFO - DAG(s) 'example_time_delta_sensor_async' retrieved from /home/airflow/.local/lib/python3.8/site-packages/airflow/example_dags/example_time_delta_sensor_async.py
[2025-11-02T19:06:11.166+0000] {logging_mixin.py:188} INFO - [2025-11-02T19:06:11.165+0000] {dag.py:3036} INFO - Sync 1 DAGs
[2025-11-02T19:06:11.196+0000] {logging_mixin.py:188} INFO - [2025-11-02T19:06:11.196+0000] {dag.py:3823} INFO - Setting next_dagrun for example_time_delta_sensor_async to None, run_after=None
[2025-11-02T19:06:11.254+0000] {processor.py:183} INFO - Processing /home/airflow/.local/lib/python3.8/site-packages/airflow/example_dags/example_time_delta_sensor_async.py took 0.194 seconds
[2025-11-02T19:06:41.965+0000] {processor.py:161} INFO - Started process (PID=4574) to work on /home/airflow/.local/lib/python3.8/site-packages/airflow/example_dags/example_time_delta_sensor_async.py
[2025-11-02T19:06:41.975+0000] {processor.py:830} INFO - Processing file /home/airflow/.local/lib/python3.8/site-packages/airflow/example_dags/example_time_delta_sensor_async.py for tasks to queue
[2025-11-02T19:06:41.992+0000] {logging_mixin.py:188} INFO - [2025-11-02T19:06:41.991+0000] {dagbag.py:538} INFO - Filling up the DagBag from /home/airflow/.local/lib/python3.8/site-packages/airflow/example_dags/example_time_delta_sensor_async.py
[2025-11-02T19:06:42.025+0000] {processor.py:840} INFO - DAG(s) 'example_time_delta_sensor_async' retrieved from /home/airflow/.local/lib/python3.8/site-packages/airflow/example_dags/example_time_delta_sensor_async.py
[2025-11-02T19:06:42.126+0000] {logging_mixin.py:188} INFO - [2025-11-02T19:06:42.126+0000] {dag.py:3036} INFO - Sync 1 DAGs
[2025-11-02T19:06:42.174+0000] {logging_mixin.py:188} INFO - [2025-11-02T19:06:42.172+0000] {dag.py:3823} INFO - Setting next_dagrun for example_time_delta_sensor_async to None, run_after=None
[2025-11-02T19:06:42.237+0000] {processor.py:183} INFO - Processing /home/airflow/.local/lib/python3.8/site-packages/airflow/example_dags/example_time_delta_sensor_async.py took 0.294 seconds
[2025-11-02T19:07:12.749+0000] {processor.py:161} INFO - Started process (PID=4629) to work on /home/airflow/.local/lib/python3.8/site-packages/airflow/example_dags/example_time_delta_sensor_async.py
[2025-11-02T19:07:12.758+0000] {processor.py:830} INFO - Processing file /home/airflow/.local/lib/python3.8/site-packages/airflow/example_dags/example_time_delta_sensor_async.py for tasks to queue
[2025-11-02T19:07:12.770+0000] {logging_mixin.py:188} INFO - [2025-11-02T19:07:12.768+0000] {dagbag.py:538} INFO - Filling up the DagBag from /home/airflow/.local/lib/python3.8/site-packages/airflow/example_dags/example_time_delta_sensor_async.py
[2025-11-02T19:07:12.784+0000] {processor.py:840} INFO - DAG(s) 'example_time_delta_sensor_async' retrieved from /home/airflow/.local/lib/python3.8/site-packages/airflow/example_dags/example_time_delta_sensor_async.py
[2025-11-02T19:07:12.826+0000] {logging_mixin.py:188} INFO - [2025-11-02T19:07:12.826+0000] {dag.py:3036} INFO - Sync 1 DAGs
[2025-11-02T19:07:12.850+0000] {logging_mixin.py:188} INFO - [2025-11-02T19:07:12.850+0000] {dag.py:3823} INFO - Setting next_dagrun for example_time_delta_sensor_async to None, run_after=None
[2025-11-02T19:07:12.887+0000] {processor.py:183} INFO - Processing /home/airflow/.local/lib/python3.8/site-packages/airflow/example_dags/example_time_delta_sensor_async.py took 0.153 seconds
[2025-11-02T19:07:43.824+0000] {processor.py:161} INFO - Started process (PID=4684) to work on /home/airflow/.local/lib/python3.8/site-packages/airflow/example_dags/example_time_delta_sensor_async.py
[2025-11-02T19:07:43.827+0000] {processor.py:830} INFO - Processing file /home/airflow/.local/lib/python3.8/site-packages/airflow/example_dags/example_time_delta_sensor_async.py for tasks to queue
[2025-11-02T19:07:43.835+0000] {logging_mixin.py:188} INFO - [2025-11-02T19:07:43.834+0000] {dagbag.py:538} INFO - Filling up the DagBag from /home/airflow/.local/lib/python3.8/site-packages/airflow/example_dags/example_time_delta_sensor_async.py
[2025-11-02T19:07:43.847+0000] {processor.py:840} INFO - DAG(s) 'example_time_delta_sensor_async' retrieved from /home/airflow/.local/lib/python3.8/site-packages/airflow/example_dags/example_time_delta_sensor_async.py
[2025-11-02T19:07:43.890+0000] {logging_mixin.py:188} INFO - [2025-11-02T19:07:43.890+0000] {dag.py:3036} INFO - Sync 1 DAGs
[2025-11-02T19:07:43.915+0000] {logging_mixin.py:188} INFO - [2025-11-02T19:07:43.915+0000] {dag.py:3823} INFO - Setting next_dagrun for example_time_delta_sensor_async to None, run_after=None
[2025-11-02T19:07:43.953+0000] {processor.py:183} INFO - Processing /home/airflow/.local/lib/python3.8/site-packages/airflow/example_dags/example_time_delta_sensor_async.py took 0.142 seconds
[2025-11-02T19:08:14.328+0000] {processor.py:161} INFO - Started process (PID=4739) to work on /home/airflow/.local/lib/python3.8/site-packages/airflow/example_dags/example_time_delta_sensor_async.py
[2025-11-02T19:08:14.330+0000] {processor.py:830} INFO - Processing file /home/airflow/.local/lib/python3.8/site-packages/airflow/example_dags/example_time_delta_sensor_async.py for tasks to queue
[2025-11-02T19:08:14.336+0000] {logging_mixin.py:188} INFO - [2025-11-02T19:08:14.336+0000] {dagbag.py:538} INFO - Filling up the DagBag from /home/airflow/.local/lib/python3.8/site-packages/airflow/example_dags/example_time_delta_sensor_async.py
[2025-11-02T19:08:14.348+0000] {processor.py:840} INFO - DAG(s) 'example_time_delta_sensor_async' retrieved from /home/airflow/.local/lib/python3.8/site-packages/airflow/example_dags/example_time_delta_sensor_async.py
[2025-11-02T19:08:14.392+0000] {logging_mixin.py:188} INFO - [2025-11-02T19:08:14.392+0000] {dag.py:3036} INFO - Sync 1 DAGs
[2025-11-02T19:08:14.416+0000] {logging_mixin.py:188} INFO - [2025-11-02T19:08:14.416+0000] {dag.py:3823} INFO - Setting next_dagrun for example_time_delta_sensor_async to None, run_after=None
[2025-11-02T19:08:14.469+0000] {processor.py:183} INFO - Processing /home/airflow/.local/lib/python3.8/site-packages/airflow/example_dags/example_time_delta_sensor_async.py took 0.150 seconds
[2025-11-02T19:08:45.624+0000] {processor.py:161} INFO - Started process (PID=4794) to work on /home/airflow/.local/lib/python3.8/site-packages/airflow/example_dags/example_time_delta_sensor_async.py
[2025-11-02T19:08:45.628+0000] {processor.py:830} INFO - Processing file /home/airflow/.local/lib/python3.8/site-packages/airflow/example_dags/example_time_delta_sensor_async.py for tasks to queue
[2025-11-02T19:08:45.638+0000] {logging_mixin.py:188} INFO - [2025-11-02T19:08:45.637+0000] {dagbag.py:538} INFO - Filling up the DagBag from /home/airflow/.local/lib/python3.8/site-packages/airflow/example_dags/example_time_delta_sensor_async.py
[2025-11-02T19:08:45.654+0000] {processor.py:840} INFO - DAG(s) 'example_time_delta_sensor_async' retrieved from /home/airflow/.local/lib/python3.8/site-packages/airflow/example_dags/example_time_delta_sensor_async.py
[2025-11-02T19:08:45.740+0000] {logging_mixin.py:188} INFO - [2025-11-02T19:08:45.739+0000] {dag.py:3036} INFO - Sync 1 DAGs
[2025-11-02T19:08:45.785+0000] {logging_mixin.py:188} INFO - [2025-11-02T19:08:45.785+0000] {dag.py:3823} INFO - Setting next_dagrun for example_time_delta_sensor_async to None, run_after=None
[2025-11-02T19:08:45.827+0000] {processor.py:183} INFO - Processing /home/airflow/.local/lib/python3.8/site-packages/airflow/example_dags/example_time_delta_sensor_async.py took 0.236 seconds
[2025-11-02T19:09:16.271+0000] {processor.py:161} INFO - Started process (PID=4849) to work on /home/airflow/.local/lib/python3.8/site-packages/airflow/example_dags/example_time_delta_sensor_async.py
[2025-11-02T19:09:16.274+0000] {processor.py:830} INFO - Processing file /home/airflow/.local/lib/python3.8/site-packages/airflow/example_dags/example_time_delta_sensor_async.py for tasks to queue
[2025-11-02T19:09:16.284+0000] {logging_mixin.py:188} INFO - [2025-11-02T19:09:16.283+0000] {dagbag.py:538} INFO - Filling up the DagBag from /home/airflow/.local/lib/python3.8/site-packages/airflow/example_dags/example_time_delta_sensor_async.py
[2025-11-02T19:09:16.301+0000] {processor.py:840} INFO - DAG(s) 'example_time_delta_sensor_async' retrieved from /home/airflow/.local/lib/python3.8/site-packages/airflow/example_dags/example_time_delta_sensor_async.py
[2025-11-02T19:09:16.380+0000] {logging_mixin.py:188} INFO - [2025-11-02T19:09:16.379+0000] {dag.py:3036} INFO - Sync 1 DAGs
[2025-11-02T19:09:16.421+0000] {logging_mixin.py:188} INFO - [2025-11-02T19:09:16.420+0000] {dag.py:3823} INFO - Setting next_dagrun for example_time_delta_sensor_async to None, run_after=None
[2025-11-02T19:09:16.490+0000] {processor.py:183} INFO - Processing /home/airflow/.local/lib/python3.8/site-packages/airflow/example_dags/example_time_delta_sensor_async.py took 0.236 seconds
[2025-11-02T19:09:46.870+0000] {processor.py:161} INFO - Started process (PID=4904) to work on /home/airflow/.local/lib/python3.8/site-packages/airflow/example_dags/example_time_delta_sensor_async.py
[2025-11-02T19:09:46.874+0000] {processor.py:830} INFO - Processing file /home/airflow/.local/lib/python3.8/site-packages/airflow/example_dags/example_time_delta_sensor_async.py for tasks to queue
[2025-11-02T19:09:46.883+0000] {logging_mixin.py:188} INFO - [2025-11-02T19:09:46.882+0000] {dagbag.py:538} INFO - Filling up the DagBag from /home/airflow/.local/lib/python3.8/site-packages/airflow/example_dags/example_time_delta_sensor_async.py
[2025-11-02T19:09:46.908+0000] {processor.py:840} INFO - DAG(s) 'example_time_delta_sensor_async' retrieved from /home/airflow/.local/lib/python3.8/site-packages/airflow/example_dags/example_time_delta_sensor_async.py
[2025-11-02T19:09:47.023+0000] {logging_mixin.py:188} INFO - [2025-11-02T19:09:47.022+0000] {dag.py:3036} INFO - Sync 1 DAGs
[2025-11-02T19:09:47.070+0000] {logging_mixin.py:188} INFO - [2025-11-02T19:09:47.069+0000] {dag.py:3823} INFO - Setting next_dagrun for example_time_delta_sensor_async to None, run_after=None
[2025-11-02T19:09:47.136+0000] {processor.py:183} INFO - Processing /home/airflow/.local/lib/python3.8/site-packages/airflow/example_dags/example_time_delta_sensor_async.py took 0.281 seconds
[2025-11-02T19:10:17.338+0000] {processor.py:161} INFO - Started process (PID=4959) to work on /home/airflow/.local/lib/python3.8/site-packages/airflow/example_dags/example_time_delta_sensor_async.py
[2025-11-02T19:10:17.341+0000] {processor.py:830} INFO - Processing file /home/airflow/.local/lib/python3.8/site-packages/airflow/example_dags/example_time_delta_sensor_async.py for tasks to queue
[2025-11-02T19:10:17.348+0000] {logging_mixin.py:188} INFO - [2025-11-02T19:10:17.347+0000] {dagbag.py:538} INFO - Filling up the DagBag from /home/airflow/.local/lib/python3.8/site-packages/airflow/example_dags/example_time_delta_sensor_async.py
[2025-11-02T19:10:17.359+0000] {processor.py:840} INFO - DAG(s) 'example_time_delta_sensor_async' retrieved from /home/airflow/.local/lib/python3.8/site-packages/airflow/example_dags/example_time_delta_sensor_async.py
[2025-11-02T19:10:17.399+0000] {logging_mixin.py:188} INFO - [2025-11-02T19:10:17.399+0000] {dag.py:3036} INFO - Sync 1 DAGs
[2025-11-02T19:10:17.424+0000] {logging_mixin.py:188} INFO - [2025-11-02T19:10:17.424+0000] {dag.py:3823} INFO - Setting next_dagrun for example_time_delta_sensor_async to None, run_after=None
[2025-11-02T19:10:17.463+0000] {processor.py:183} INFO - Processing /home/airflow/.local/lib/python3.8/site-packages/airflow/example_dags/example_time_delta_sensor_async.py took 0.135 seconds
[2025-11-02T19:10:47.648+0000] {processor.py:161} INFO - Started process (PID=5014) to work on /home/airflow/.local/lib/python3.8/site-packages/airflow/example_dags/example_time_delta_sensor_async.py
[2025-11-02T19:10:47.657+0000] {processor.py:830} INFO - Processing file /home/airflow/.local/lib/python3.8/site-packages/airflow/example_dags/example_time_delta_sensor_async.py for tasks to queue
[2025-11-02T19:10:47.673+0000] {logging_mixin.py:188} INFO - [2025-11-02T19:10:47.670+0000] {dagbag.py:538} INFO - Filling up the DagBag from /home/airflow/.local/lib/python3.8/site-packages/airflow/example_dags/example_time_delta_sensor_async.py
[2025-11-02T19:10:47.697+0000] {processor.py:840} INFO - DAG(s) 'example_time_delta_sensor_async' retrieved from /home/airflow/.local/lib/python3.8/site-packages/airflow/example_dags/example_time_delta_sensor_async.py
[2025-11-02T19:10:47.772+0000] {logging_mixin.py:188} INFO - [2025-11-02T19:10:47.772+0000] {dag.py:3036} INFO - Sync 1 DAGs
[2025-11-02T19:10:47.815+0000] {logging_mixin.py:188} INFO - [2025-11-02T19:10:47.814+0000] {dag.py:3823} INFO - Setting next_dagrun for example_time_delta_sensor_async to None, run_after=None
[2025-11-02T19:10:47.886+0000] {processor.py:183} INFO - Processing /home/airflow/.local/lib/python3.8/site-packages/airflow/example_dags/example_time_delta_sensor_async.py took 0.251 seconds
[2025-11-02T19:11:18.302+0000] {processor.py:161} INFO - Started process (PID=5069) to work on /home/airflow/.local/lib/python3.8/site-packages/airflow/example_dags/example_time_delta_sensor_async.py
[2025-11-02T19:11:18.304+0000] {processor.py:830} INFO - Processing file /home/airflow/.local/lib/python3.8/site-packages/airflow/example_dags/example_time_delta_sensor_async.py for tasks to queue
[2025-11-02T19:11:18.318+0000] {logging_mixin.py:188} INFO - [2025-11-02T19:11:18.316+0000] {dagbag.py:538} INFO - Filling up the DagBag from /home/airflow/.local/lib/python3.8/site-packages/airflow/example_dags/example_time_delta_sensor_async.py
[2025-11-02T19:11:18.504+0000] {processor.py:840} INFO - DAG(s) 'example_time_delta_sensor_async' retrieved from /home/airflow/.local/lib/python3.8/site-packages/airflow/example_dags/example_time_delta_sensor_async.py
[2025-11-02T19:11:18.589+0000] {logging_mixin.py:188} INFO - [2025-11-02T19:11:18.588+0000] {dag.py:3036} INFO - Sync 1 DAGs
[2025-11-02T19:11:18.628+0000] {logging_mixin.py:188} INFO - [2025-11-02T19:11:18.628+0000] {dag.py:3823} INFO - Setting next_dagrun for example_time_delta_sensor_async to None, run_after=None
[2025-11-02T19:11:18.687+0000] {processor.py:183} INFO - Processing /home/airflow/.local/lib/python3.8/site-packages/airflow/example_dags/example_time_delta_sensor_async.py took 0.245 seconds
[2025-11-02T19:11:49.288+0000] {processor.py:161} INFO - Started process (PID=5124) to work on /home/airflow/.local/lib/python3.8/site-packages/airflow/example_dags/example_time_delta_sensor_async.py
[2025-11-02T19:11:49.292+0000] {processor.py:830} INFO - Processing file /home/airflow/.local/lib/python3.8/site-packages/airflow/example_dags/example_time_delta_sensor_async.py for tasks to queue
[2025-11-02T19:11:49.300+0000] {logging_mixin.py:188} INFO - [2025-11-02T19:11:49.299+0000] {dagbag.py:538} INFO - Filling up the DagBag from /home/airflow/.local/lib/python3.8/site-packages/airflow/example_dags/example_time_delta_sensor_async.py
[2025-11-02T19:11:49.324+0000] {processor.py:840} INFO - DAG(s) 'example_time_delta_sensor_async' retrieved from /home/airflow/.local/lib/python3.8/site-packages/airflow/example_dags/example_time_delta_sensor_async.py
[2025-11-02T19:11:49.435+0000] {logging_mixin.py:188} INFO - [2025-11-02T19:11:49.435+0000] {dag.py:3036} INFO - Sync 1 DAGs
[2025-11-02T19:11:49.496+0000] {logging_mixin.py:188} INFO - [2025-11-02T19:11:49.495+0000] {dag.py:3823} INFO - Setting next_dagrun for example_time_delta_sensor_async to None, run_after=None
[2025-11-02T19:11:49.585+0000] {processor.py:183} INFO - Processing /home/airflow/.local/lib/python3.8/site-packages/airflow/example_dags/example_time_delta_sensor_async.py took 0.315 seconds
[2025-11-02T19:12:19.806+0000] {processor.py:161} INFO - Started process (PID=5178) to work on /home/airflow/.local/lib/python3.8/site-packages/airflow/example_dags/example_time_delta_sensor_async.py
[2025-11-02T19:12:19.810+0000] {processor.py:830} INFO - Processing file /home/airflow/.local/lib/python3.8/site-packages/airflow/example_dags/example_time_delta_sensor_async.py for tasks to queue
[2025-11-02T19:12:19.817+0000] {logging_mixin.py:188} INFO - [2025-11-02T19:12:19.816+0000] {dagbag.py:538} INFO - Filling up the DagBag from /home/airflow/.local/lib/python3.8/site-packages/airflow/example_dags/example_time_delta_sensor_async.py
[2025-11-02T19:12:19.857+0000] {processor.py:840} INFO - DAG(s) 'example_time_delta_sensor_async' retrieved from /home/airflow/.local/lib/python3.8/site-packages/airflow/example_dags/example_time_delta_sensor_async.py
[2025-11-02T19:12:19.981+0000] {logging_mixin.py:188} INFO - [2025-11-02T19:12:19.980+0000] {dag.py:3036} INFO - Sync 1 DAGs
[2025-11-02T19:12:20.020+0000] {logging_mixin.py:188} INFO - [2025-11-02T19:12:20.019+0000] {dag.py:3823} INFO - Setting next_dagrun for example_time_delta_sensor_async to None, run_after=None
[2025-11-02T19:12:20.070+0000] {processor.py:183} INFO - Processing /home/airflow/.local/lib/python3.8/site-packages/airflow/example_dags/example_time_delta_sensor_async.py took 0.277 seconds
[2025-11-02T19:12:50.972+0000] {processor.py:161} INFO - Started process (PID=5235) to work on /home/airflow/.local/lib/python3.8/site-packages/airflow/example_dags/example_time_delta_sensor_async.py
[2025-11-02T19:12:50.974+0000] {processor.py:830} INFO - Processing file /home/airflow/.local/lib/python3.8/site-packages/airflow/example_dags/example_time_delta_sensor_async.py for tasks to queue
[2025-11-02T19:12:50.979+0000] {logging_mixin.py:188} INFO - [2025-11-02T19:12:50.978+0000] {dagbag.py:538} INFO - Filling up the DagBag from /home/airflow/.local/lib/python3.8/site-packages/airflow/example_dags/example_time_delta_sensor_async.py
[2025-11-02T19:12:50.992+0000] {processor.py:840} INFO - DAG(s) 'example_time_delta_sensor_async' retrieved from /home/airflow/.local/lib/python3.8/site-packages/airflow/example_dags/example_time_delta_sensor_async.py
[2025-11-02T19:12:51.039+0000] {logging_mixin.py:188} INFO - [2025-11-02T19:12:51.038+0000] {dag.py:3036} INFO - Sync 1 DAGs
[2025-11-02T19:12:51.064+0000] {logging_mixin.py:188} INFO - [2025-11-02T19:12:51.064+0000] {dag.py:3823} INFO - Setting next_dagrun for example_time_delta_sensor_async to None, run_after=None
[2025-11-02T19:12:51.107+0000] {processor.py:183} INFO - Processing /home/airflow/.local/lib/python3.8/site-packages/airflow/example_dags/example_time_delta_sensor_async.py took 0.144 seconds
[2025-11-02T19:13:21.393+0000] {processor.py:161} INFO - Started process (PID=5289) to work on /home/airflow/.local/lib/python3.8/site-packages/airflow/example_dags/example_time_delta_sensor_async.py
[2025-11-02T19:13:21.396+0000] {processor.py:830} INFO - Processing file /home/airflow/.local/lib/python3.8/site-packages/airflow/example_dags/example_time_delta_sensor_async.py for tasks to queue
[2025-11-02T19:13:21.402+0000] {logging_mixin.py:188} INFO - [2025-11-02T19:13:21.401+0000] {dagbag.py:538} INFO - Filling up the DagBag from /home/airflow/.local/lib/python3.8/site-packages/airflow/example_dags/example_time_delta_sensor_async.py
[2025-11-02T19:13:21.415+0000] {processor.py:840} INFO - DAG(s) 'example_time_delta_sensor_async' retrieved from /home/airflow/.local/lib/python3.8/site-packages/airflow/example_dags/example_time_delta_sensor_async.py
[2025-11-02T19:13:21.472+0000] {logging_mixin.py:188} INFO - [2025-11-02T19:13:21.472+0000] {dag.py:3036} INFO - Sync 1 DAGs
[2025-11-02T19:13:21.508+0000] {logging_mixin.py:188} INFO - [2025-11-02T19:13:21.507+0000] {dag.py:3823} INFO - Setting next_dagrun for example_time_delta_sensor_async to None, run_after=None
[2025-11-02T19:13:21.554+0000] {processor.py:183} INFO - Processing /home/airflow/.local/lib/python3.8/site-packages/airflow/example_dags/example_time_delta_sensor_async.py took 0.172 seconds
[2025-11-02T19:13:51.887+0000] {processor.py:161} INFO - Started process (PID=5344) to work on /home/airflow/.local/lib/python3.8/site-packages/airflow/example_dags/example_time_delta_sensor_async.py
[2025-11-02T19:13:51.890+0000] {processor.py:830} INFO - Processing file /home/airflow/.local/lib/python3.8/site-packages/airflow/example_dags/example_time_delta_sensor_async.py for tasks to queue
[2025-11-02T19:13:51.895+0000] {logging_mixin.py:188} INFO - [2025-11-02T19:13:51.894+0000] {dagbag.py:538} INFO - Filling up the DagBag from /home/airflow/.local/lib/python3.8/site-packages/airflow/example_dags/example_time_delta_sensor_async.py
[2025-11-02T19:13:51.907+0000] {processor.py:840} INFO - DAG(s) 'example_time_delta_sensor_async' retrieved from /home/airflow/.local/lib/python3.8/site-packages/airflow/example_dags/example_time_delta_sensor_async.py
[2025-11-02T19:13:51.953+0000] {logging_mixin.py:188} INFO - [2025-11-02T19:13:51.953+0000] {dag.py:3036} INFO - Sync 1 DAGs
[2025-11-02T19:13:51.979+0000] {logging_mixin.py:188} INFO - [2025-11-02T19:13:51.978+0000] {dag.py:3823} INFO - Setting next_dagrun for example_time_delta_sensor_async to None, run_after=None
[2025-11-02T19:13:52.024+0000] {processor.py:183} INFO - Processing /home/airflow/.local/lib/python3.8/site-packages/airflow/example_dags/example_time_delta_sensor_async.py took 0.145 seconds
[2025-11-02T19:14:22.944+0000] {processor.py:161} INFO - Started process (PID=5399) to work on /home/airflow/.local/lib/python3.8/site-packages/airflow/example_dags/example_time_delta_sensor_async.py
[2025-11-02T19:14:22.948+0000] {processor.py:830} INFO - Processing file /home/airflow/.local/lib/python3.8/site-packages/airflow/example_dags/example_time_delta_sensor_async.py for tasks to queue
[2025-11-02T19:14:22.957+0000] {logging_mixin.py:188} INFO - [2025-11-02T19:14:22.955+0000] {dagbag.py:538} INFO - Filling up the DagBag from /home/airflow/.local/lib/python3.8/site-packages/airflow/example_dags/example_time_delta_sensor_async.py
[2025-11-02T19:14:22.976+0000] {processor.py:840} INFO - DAG(s) 'example_time_delta_sensor_async' retrieved from /home/airflow/.local/lib/python3.8/site-packages/airflow/example_dags/example_time_delta_sensor_async.py
[2025-11-02T19:14:23.059+0000] {logging_mixin.py:188} INFO - [2025-11-02T19:14:23.058+0000] {dag.py:3036} INFO - Sync 1 DAGs
[2025-11-02T19:14:23.125+0000] {logging_mixin.py:188} INFO - [2025-11-02T19:14:23.124+0000] {dag.py:3823} INFO - Setting next_dagrun for example_time_delta_sensor_async to None, run_after=None
[2025-11-02T19:14:23.199+0000] {processor.py:183} INFO - Processing /home/airflow/.local/lib/python3.8/site-packages/airflow/example_dags/example_time_delta_sensor_async.py took 0.271 seconds
[2025-11-02T19:14:53.549+0000] {processor.py:161} INFO - Started process (PID=5455) to work on /home/airflow/.local/lib/python3.8/site-packages/airflow/example_dags/example_time_delta_sensor_async.py
[2025-11-02T19:14:53.552+0000] {processor.py:830} INFO - Processing file /home/airflow/.local/lib/python3.8/site-packages/airflow/example_dags/example_time_delta_sensor_async.py for tasks to queue
[2025-11-02T19:14:53.560+0000] {logging_mixin.py:188} INFO - [2025-11-02T19:14:53.559+0000] {dagbag.py:538} INFO - Filling up the DagBag from /home/airflow/.local/lib/python3.8/site-packages/airflow/example_dags/example_time_delta_sensor_async.py
[2025-11-02T19:14:53.576+0000] {processor.py:840} INFO - DAG(s) 'example_time_delta_sensor_async' retrieved from /home/airflow/.local/lib/python3.8/site-packages/airflow/example_dags/example_time_delta_sensor_async.py
[2025-11-02T19:14:53.622+0000] {logging_mixin.py:188} INFO - [2025-11-02T19:14:53.621+0000] {dag.py:3036} INFO - Sync 1 DAGs
[2025-11-02T19:14:53.662+0000] {logging_mixin.py:188} INFO - [2025-11-02T19:14:53.660+0000] {dag.py:3823} INFO - Setting next_dagrun for example_time_delta_sensor_async to None, run_after=None
[2025-11-02T19:14:53.708+0000] {processor.py:183} INFO - Processing /home/airflow/.local/lib/python3.8/site-packages/airflow/example_dags/example_time_delta_sensor_async.py took 0.172 seconds
[2025-11-02T19:15:24.027+0000] {processor.py:161} INFO - Started process (PID=5510) to work on /home/airflow/.local/lib/python3.8/site-packages/airflow/example_dags/example_time_delta_sensor_async.py
[2025-11-02T19:15:24.029+0000] {processor.py:830} INFO - Processing file /home/airflow/.local/lib/python3.8/site-packages/airflow/example_dags/example_time_delta_sensor_async.py for tasks to queue
[2025-11-02T19:15:24.034+0000] {logging_mixin.py:188} INFO - [2025-11-02T19:15:24.033+0000] {dagbag.py:538} INFO - Filling up the DagBag from /home/airflow/.local/lib/python3.8/site-packages/airflow/example_dags/example_time_delta_sensor_async.py
[2025-11-02T19:15:24.047+0000] {processor.py:840} INFO - DAG(s) 'example_time_delta_sensor_async' retrieved from /home/airflow/.local/lib/python3.8/site-packages/airflow/example_dags/example_time_delta_sensor_async.py
[2025-11-02T19:15:24.090+0000] {logging_mixin.py:188} INFO - [2025-11-02T19:15:24.089+0000] {dag.py:3036} INFO - Sync 1 DAGs
[2025-11-02T19:15:24.116+0000] {logging_mixin.py:188} INFO - [2025-11-02T19:15:24.115+0000] {dag.py:3823} INFO - Setting next_dagrun for example_time_delta_sensor_async to None, run_after=None
[2025-11-02T19:15:24.155+0000] {processor.py:183} INFO - Processing /home/airflow/.local/lib/python3.8/site-packages/airflow/example_dags/example_time_delta_sensor_async.py took 0.138 seconds
[2025-11-02T19:15:54.984+0000] {processor.py:161} INFO - Started process (PID=5565) to work on /home/airflow/.local/lib/python3.8/site-packages/airflow/example_dags/example_time_delta_sensor_async.py
[2025-11-02T19:15:54.986+0000] {processor.py:830} INFO - Processing file /home/airflow/.local/lib/python3.8/site-packages/airflow/example_dags/example_time_delta_sensor_async.py for tasks to queue
[2025-11-02T19:15:54.992+0000] {logging_mixin.py:188} INFO - [2025-11-02T19:15:54.991+0000] {dagbag.py:538} INFO - Filling up the DagBag from /home/airflow/.local/lib/python3.8/site-packages/airflow/example_dags/example_time_delta_sensor_async.py
[2025-11-02T19:15:55.004+0000] {processor.py:840} INFO - DAG(s) 'example_time_delta_sensor_async' retrieved from /home/airflow/.local/lib/python3.8/site-packages/airflow/example_dags/example_time_delta_sensor_async.py
[2025-11-02T19:15:55.046+0000] {logging_mixin.py:188} INFO - [2025-11-02T19:15:55.046+0000] {dag.py:3036} INFO - Sync 1 DAGs
[2025-11-02T19:15:55.077+0000] {logging_mixin.py:188} INFO - [2025-11-02T19:15:55.077+0000] {dag.py:3823} INFO - Setting next_dagrun for example_time_delta_sensor_async to None, run_after=None
[2025-11-02T19:15:55.119+0000] {processor.py:183} INFO - Processing /home/airflow/.local/lib/python3.8/site-packages/airflow/example_dags/example_time_delta_sensor_async.py took 0.147 seconds
[2025-11-02T19:16:26.418+0000] {processor.py:161} INFO - Started process (PID=5620) to work on /home/airflow/.local/lib/python3.8/site-packages/airflow/example_dags/example_time_delta_sensor_async.py
[2025-11-02T19:16:26.421+0000] {processor.py:830} INFO - Processing file /home/airflow/.local/lib/python3.8/site-packages/airflow/example_dags/example_time_delta_sensor_async.py for tasks to queue
[2025-11-02T19:16:26.427+0000] {logging_mixin.py:188} INFO - [2025-11-02T19:16:26.426+0000] {dagbag.py:538} INFO - Filling up the DagBag from /home/airflow/.local/lib/python3.8/site-packages/airflow/example_dags/example_time_delta_sensor_async.py
[2025-11-02T19:16:26.438+0000] {processor.py:840} INFO - DAG(s) 'example_time_delta_sensor_async' retrieved from /home/airflow/.local/lib/python3.8/site-packages/airflow/example_dags/example_time_delta_sensor_async.py
[2025-11-02T19:16:26.483+0000] {logging_mixin.py:188} INFO - [2025-11-02T19:16:26.483+0000] {dag.py:3036} INFO - Sync 1 DAGs
[2025-11-02T19:16:26.508+0000] {logging_mixin.py:188} INFO - [2025-11-02T19:16:26.507+0000] {dag.py:3823} INFO - Setting next_dagrun for example_time_delta_sensor_async to None, run_after=None
[2025-11-02T19:16:26.548+0000] {processor.py:183} INFO - Processing /home/airflow/.local/lib/python3.8/site-packages/airflow/example_dags/example_time_delta_sensor_async.py took 0.143 seconds
[2025-11-02T19:16:57.264+0000] {processor.py:161} INFO - Started process (PID=5674) to work on /home/airflow/.local/lib/python3.8/site-packages/airflow/example_dags/example_time_delta_sensor_async.py
[2025-11-02T19:16:57.268+0000] {processor.py:830} INFO - Processing file /home/airflow/.local/lib/python3.8/site-packages/airflow/example_dags/example_time_delta_sensor_async.py for tasks to queue
[2025-11-02T19:16:57.274+0000] {logging_mixin.py:188} INFO - [2025-11-02T19:16:57.273+0000] {dagbag.py:538} INFO - Filling up the DagBag from /home/airflow/.local/lib/python3.8/site-packages/airflow/example_dags/example_time_delta_sensor_async.py
[2025-11-02T19:16:57.291+0000] {processor.py:840} INFO - DAG(s) 'example_time_delta_sensor_async' retrieved from /home/airflow/.local/lib/python3.8/site-packages/airflow/example_dags/example_time_delta_sensor_async.py
[2025-11-02T19:16:57.346+0000] {logging_mixin.py:188} INFO - [2025-11-02T19:16:57.345+0000] {dag.py:3036} INFO - Sync 1 DAGs
[2025-11-02T19:16:57.381+0000] {logging_mixin.py:188} INFO - [2025-11-02T19:16:57.380+0000] {dag.py:3823} INFO - Setting next_dagrun for example_time_delta_sensor_async to None, run_after=None
[2025-11-02T19:16:57.449+0000] {processor.py:183} INFO - Processing /home/airflow/.local/lib/python3.8/site-packages/airflow/example_dags/example_time_delta_sensor_async.py took 0.195 seconds
[2025-11-02T19:17:27.845+0000] {processor.py:161} INFO - Started process (PID=5728) to work on /home/airflow/.local/lib/python3.8/site-packages/airflow/example_dags/example_time_delta_sensor_async.py
[2025-11-02T19:17:27.848+0000] {processor.py:830} INFO - Processing file /home/airflow/.local/lib/python3.8/site-packages/airflow/example_dags/example_time_delta_sensor_async.py for tasks to queue
[2025-11-02T19:17:27.854+0000] {logging_mixin.py:188} INFO - [2025-11-02T19:17:27.853+0000] {dagbag.py:538} INFO - Filling up the DagBag from /home/airflow/.local/lib/python3.8/site-packages/airflow/example_dags/example_time_delta_sensor_async.py
[2025-11-02T19:17:27.872+0000] {processor.py:840} INFO - DAG(s) 'example_time_delta_sensor_async' retrieved from /home/airflow/.local/lib/python3.8/site-packages/airflow/example_dags/example_time_delta_sensor_async.py
[2025-11-02T19:17:27.939+0000] {logging_mixin.py:188} INFO - [2025-11-02T19:17:27.939+0000] {dag.py:3036} INFO - Sync 1 DAGs
[2025-11-02T19:17:27.978+0000] {logging_mixin.py:188} INFO - [2025-11-02T19:17:27.977+0000] {dag.py:3823} INFO - Setting next_dagrun for example_time_delta_sensor_async to None, run_after=None
[2025-11-02T19:17:28.025+0000] {processor.py:183} INFO - Processing /home/airflow/.local/lib/python3.8/site-packages/airflow/example_dags/example_time_delta_sensor_async.py took 0.193 seconds
[2025-11-02T19:17:58.486+0000] {processor.py:161} INFO - Started process (PID=5783) to work on /home/airflow/.local/lib/python3.8/site-packages/airflow/example_dags/example_time_delta_sensor_async.py
[2025-11-02T19:17:58.491+0000] {processor.py:830} INFO - Processing file /home/airflow/.local/lib/python3.8/site-packages/airflow/example_dags/example_time_delta_sensor_async.py for tasks to queue
[2025-11-02T19:17:58.501+0000] {logging_mixin.py:188} INFO - [2025-11-02T19:17:58.500+0000] {dagbag.py:538} INFO - Filling up the DagBag from /home/airflow/.local/lib/python3.8/site-packages/airflow/example_dags/example_time_delta_sensor_async.py
[2025-11-02T19:17:58.528+0000] {processor.py:840} INFO - DAG(s) 'example_time_delta_sensor_async' retrieved from /home/airflow/.local/lib/python3.8/site-packages/airflow/example_dags/example_time_delta_sensor_async.py
[2025-11-02T19:17:58.661+0000] {logging_mixin.py:188} INFO - [2025-11-02T19:17:58.660+0000] {dag.py:3036} INFO - Sync 1 DAGs
[2025-11-02T19:17:58.739+0000] {logging_mixin.py:188} INFO - [2025-11-02T19:17:58.739+0000] {dag.py:3823} INFO - Setting next_dagrun for example_time_delta_sensor_async to None, run_after=None
[2025-11-02T19:17:58.822+0000] {processor.py:183} INFO - Processing /home/airflow/.local/lib/python3.8/site-packages/airflow/example_dags/example_time_delta_sensor_async.py took 0.359 seconds
[2025-11-02T19:18:29.295+0000] {processor.py:161} INFO - Started process (PID=5838) to work on /home/airflow/.local/lib/python3.8/site-packages/airflow/example_dags/example_time_delta_sensor_async.py
[2025-11-02T19:18:29.298+0000] {processor.py:830} INFO - Processing file /home/airflow/.local/lib/python3.8/site-packages/airflow/example_dags/example_time_delta_sensor_async.py for tasks to queue
[2025-11-02T19:18:29.305+0000] {logging_mixin.py:188} INFO - [2025-11-02T19:18:29.304+0000] {dagbag.py:538} INFO - Filling up the DagBag from /home/airflow/.local/lib/python3.8/site-packages/airflow/example_dags/example_time_delta_sensor_async.py
[2025-11-02T19:18:29.328+0000] {processor.py:840} INFO - DAG(s) 'example_time_delta_sensor_async' retrieved from /home/airflow/.local/lib/python3.8/site-packages/airflow/example_dags/example_time_delta_sensor_async.py
[2025-11-02T19:18:29.394+0000] {logging_mixin.py:188} INFO - [2025-11-02T19:18:29.393+0000] {dag.py:3036} INFO - Sync 1 DAGs
[2025-11-02T19:18:29.434+0000] {logging_mixin.py:188} INFO - [2025-11-02T19:18:29.433+0000] {dag.py:3823} INFO - Setting next_dagrun for example_time_delta_sensor_async to None, run_after=None
[2025-11-02T19:18:29.498+0000] {processor.py:183} INFO - Processing /home/airflow/.local/lib/python3.8/site-packages/airflow/example_dags/example_time_delta_sensor_async.py took 0.215 seconds
[2025-11-02T19:18:59.885+0000] {processor.py:161} INFO - Started process (PID=5892) to work on /home/airflow/.local/lib/python3.8/site-packages/airflow/example_dags/example_time_delta_sensor_async.py
[2025-11-02T19:18:59.888+0000] {processor.py:830} INFO - Processing file /home/airflow/.local/lib/python3.8/site-packages/airflow/example_dags/example_time_delta_sensor_async.py for tasks to queue
[2025-11-02T19:18:59.893+0000] {logging_mixin.py:188} INFO - [2025-11-02T19:18:59.893+0000] {dagbag.py:538} INFO - Filling up the DagBag from /home/airflow/.local/lib/python3.8/site-packages/airflow/example_dags/example_time_delta_sensor_async.py
[2025-11-02T19:18:59.909+0000] {processor.py:840} INFO - DAG(s) 'example_time_delta_sensor_async' retrieved from /home/airflow/.local/lib/python3.8/site-packages/airflow/example_dags/example_time_delta_sensor_async.py
[2025-11-02T19:18:59.970+0000] {logging_mixin.py:188} INFO - [2025-11-02T19:18:59.969+0000] {dag.py:3036} INFO - Sync 1 DAGs
[2025-11-02T19:19:00.001+0000] {logging_mixin.py:188} INFO - [2025-11-02T19:19:00.000+0000] {dag.py:3823} INFO - Setting next_dagrun for example_time_delta_sensor_async to None, run_after=None
[2025-11-02T19:19:00.045+0000] {processor.py:183} INFO - Processing /home/airflow/.local/lib/python3.8/site-packages/airflow/example_dags/example_time_delta_sensor_async.py took 0.171 seconds
[2025-11-02T19:19:30.694+0000] {processor.py:161} INFO - Started process (PID=5947) to work on /home/airflow/.local/lib/python3.8/site-packages/airflow/example_dags/example_time_delta_sensor_async.py
[2025-11-02T19:19:30.706+0000] {processor.py:830} INFO - Processing file /home/airflow/.local/lib/python3.8/site-packages/airflow/example_dags/example_time_delta_sensor_async.py for tasks to queue
[2025-11-02T19:19:30.719+0000] {logging_mixin.py:188} INFO - [2025-11-02T19:19:30.718+0000] {dagbag.py:538} INFO - Filling up the DagBag from /home/airflow/.local/lib/python3.8/site-packages/airflow/example_dags/example_time_delta_sensor_async.py
[2025-11-02T19:19:30.739+0000] {processor.py:840} INFO - DAG(s) 'example_time_delta_sensor_async' retrieved from /home/airflow/.local/lib/python3.8/site-packages/airflow/example_dags/example_time_delta_sensor_async.py
[2025-11-02T19:19:30.793+0000] {logging_mixin.py:188} INFO - [2025-11-02T19:19:30.793+0000] {dag.py:3036} INFO - Sync 1 DAGs
[2025-11-02T19:19:30.822+0000] {logging_mixin.py:188} INFO - [2025-11-02T19:19:30.821+0000] {dag.py:3823} INFO - Setting next_dagrun for example_time_delta_sensor_async to None, run_after=None
[2025-11-02T19:19:30.895+0000] {processor.py:183} INFO - Processing /home/airflow/.local/lib/python3.8/site-packages/airflow/example_dags/example_time_delta_sensor_async.py took 0.221 seconds
[2025-11-02T19:20:01.345+0000] {processor.py:161} INFO - Started process (PID=6003) to work on /home/airflow/.local/lib/python3.8/site-packages/airflow/example_dags/example_time_delta_sensor_async.py
[2025-11-02T19:20:01.348+0000] {processor.py:830} INFO - Processing file /home/airflow/.local/lib/python3.8/site-packages/airflow/example_dags/example_time_delta_sensor_async.py for tasks to queue
[2025-11-02T19:20:01.354+0000] {logging_mixin.py:188} INFO - [2025-11-02T19:20:01.353+0000] {dagbag.py:538} INFO - Filling up the DagBag from /home/airflow/.local/lib/python3.8/site-packages/airflow/example_dags/example_time_delta_sensor_async.py
[2025-11-02T19:20:01.369+0000] {processor.py:840} INFO - DAG(s) 'example_time_delta_sensor_async' retrieved from /home/airflow/.local/lib/python3.8/site-packages/airflow/example_dags/example_time_delta_sensor_async.py
[2025-11-02T19:20:01.433+0000] {logging_mixin.py:188} INFO - [2025-11-02T19:20:01.432+0000] {dag.py:3036} INFO - Sync 1 DAGs
[2025-11-02T19:20:01.474+0000] {logging_mixin.py:188} INFO - [2025-11-02T19:20:01.474+0000] {dag.py:3823} INFO - Setting next_dagrun for example_time_delta_sensor_async to None, run_after=None
[2025-11-02T19:20:01.527+0000] {processor.py:183} INFO - Processing /home/airflow/.local/lib/python3.8/site-packages/airflow/example_dags/example_time_delta_sensor_async.py took 0.191 seconds
[2025-11-02T19:20:32.337+0000] {processor.py:161} INFO - Started process (PID=6057) to work on /home/airflow/.local/lib/python3.8/site-packages/airflow/example_dags/example_time_delta_sensor_async.py
[2025-11-02T19:20:32.339+0000] {processor.py:830} INFO - Processing file /home/airflow/.local/lib/python3.8/site-packages/airflow/example_dags/example_time_delta_sensor_async.py for tasks to queue
[2025-11-02T19:20:32.346+0000] {logging_mixin.py:188} INFO - [2025-11-02T19:20:32.345+0000] {dagbag.py:538} INFO - Filling up the DagBag from /home/airflow/.local/lib/python3.8/site-packages/airflow/example_dags/example_time_delta_sensor_async.py
[2025-11-02T19:20:32.360+0000] {processor.py:840} INFO - DAG(s) 'example_time_delta_sensor_async' retrieved from /home/airflow/.local/lib/python3.8/site-packages/airflow/example_dags/example_time_delta_sensor_async.py
[2025-11-02T19:20:32.423+0000] {logging_mixin.py:188} INFO - [2025-11-02T19:20:32.422+0000] {dag.py:3036} INFO - Sync 1 DAGs
[2025-11-02T19:20:32.463+0000] {logging_mixin.py:188} INFO - [2025-11-02T19:20:32.462+0000] {dag.py:3823} INFO - Setting next_dagrun for example_time_delta_sensor_async to None, run_after=None
[2025-11-02T19:20:32.520+0000] {processor.py:183} INFO - Processing /home/airflow/.local/lib/python3.8/site-packages/airflow/example_dags/example_time_delta_sensor_async.py took 0.194 seconds
[2025-11-02T19:21:03.732+0000] {processor.py:161} INFO - Started process (PID=6112) to work on /home/airflow/.local/lib/python3.8/site-packages/airflow/example_dags/example_time_delta_sensor_async.py
[2025-11-02T19:21:03.736+0000] {processor.py:830} INFO - Processing file /home/airflow/.local/lib/python3.8/site-packages/airflow/example_dags/example_time_delta_sensor_async.py for tasks to queue
[2025-11-02T19:21:03.752+0000] {logging_mixin.py:188} INFO - [2025-11-02T19:21:03.751+0000] {dagbag.py:538} INFO - Filling up the DagBag from /home/airflow/.local/lib/python3.8/site-packages/airflow/example_dags/example_time_delta_sensor_async.py
[2025-11-02T19:21:03.792+0000] {processor.py:840} INFO - DAG(s) 'example_time_delta_sensor_async' retrieved from /home/airflow/.local/lib/python3.8/site-packages/airflow/example_dags/example_time_delta_sensor_async.py
[2025-11-02T19:21:03.985+0000] {logging_mixin.py:188} INFO - [2025-11-02T19:21:03.975+0000] {dag.py:3036} INFO - Sync 1 DAGs
[2025-11-02T19:21:04.049+0000] {logging_mixin.py:188} INFO - [2025-11-02T19:21:04.049+0000] {dag.py:3823} INFO - Setting next_dagrun for example_time_delta_sensor_async to None, run_after=None
[2025-11-02T19:21:04.155+0000] {processor.py:183} INFO - Processing /home/airflow/.local/lib/python3.8/site-packages/airflow/example_dags/example_time_delta_sensor_async.py took 0.461 seconds
[2025-11-02T19:21:34.676+0000] {processor.py:161} INFO - Started process (PID=6166) to work on /home/airflow/.local/lib/python3.8/site-packages/airflow/example_dags/example_time_delta_sensor_async.py
[2025-11-02T19:21:34.679+0000] {processor.py:830} INFO - Processing file /home/airflow/.local/lib/python3.8/site-packages/airflow/example_dags/example_time_delta_sensor_async.py for tasks to queue
[2025-11-02T19:21:34.685+0000] {logging_mixin.py:188} INFO - [2025-11-02T19:21:34.684+0000] {dagbag.py:538} INFO - Filling up the DagBag from /home/airflow/.local/lib/python3.8/site-packages/airflow/example_dags/example_time_delta_sensor_async.py
[2025-11-02T19:21:34.697+0000] {processor.py:840} INFO - DAG(s) 'example_time_delta_sensor_async' retrieved from /home/airflow/.local/lib/python3.8/site-packages/airflow/example_dags/example_time_delta_sensor_async.py
[2025-11-02T19:21:34.773+0000] {logging_mixin.py:188} INFO - [2025-11-02T19:21:34.772+0000] {dag.py:3036} INFO - Sync 1 DAGs
[2025-11-02T19:21:34.809+0000] {logging_mixin.py:188} INFO - [2025-11-02T19:21:34.808+0000] {dag.py:3823} INFO - Setting next_dagrun for example_time_delta_sensor_async to None, run_after=None
[2025-11-02T19:21:34.861+0000] {processor.py:183} INFO - Processing /home/airflow/.local/lib/python3.8/site-packages/airflow/example_dags/example_time_delta_sensor_async.py took 0.197 seconds
[2025-11-02T19:22:04.991+0000] {processor.py:161} INFO - Started process (PID=6218) to work on /home/airflow/.local/lib/python3.8/site-packages/airflow/example_dags/example_time_delta_sensor_async.py
[2025-11-02T19:22:04.994+0000] {processor.py:830} INFO - Processing file /home/airflow/.local/lib/python3.8/site-packages/airflow/example_dags/example_time_delta_sensor_async.py for tasks to queue
[2025-11-02T19:22:04.999+0000] {logging_mixin.py:188} INFO - [2025-11-02T19:22:04.998+0000] {dagbag.py:538} INFO - Filling up the DagBag from /home/airflow/.local/lib/python3.8/site-packages/airflow/example_dags/example_time_delta_sensor_async.py
[2025-11-02T19:22:05.013+0000] {processor.py:840} INFO - DAG(s) 'example_time_delta_sensor_async' retrieved from /home/airflow/.local/lib/python3.8/site-packages/airflow/example_dags/example_time_delta_sensor_async.py
[2025-11-02T19:22:05.066+0000] {logging_mixin.py:188} INFO - [2025-11-02T19:22:05.066+0000] {dag.py:3036} INFO - Sync 1 DAGs
[2025-11-02T19:22:05.108+0000] {logging_mixin.py:188} INFO - [2025-11-02T19:22:05.107+0000] {dag.py:3823} INFO - Setting next_dagrun for example_time_delta_sensor_async to None, run_after=None
[2025-11-02T19:22:05.159+0000] {processor.py:183} INFO - Processing /home/airflow/.local/lib/python3.8/site-packages/airflow/example_dags/example_time_delta_sensor_async.py took 0.177 seconds
[2025-11-02T19:22:35.260+0000] {processor.py:161} INFO - Started process (PID=6272) to work on /home/airflow/.local/lib/python3.8/site-packages/airflow/example_dags/example_time_delta_sensor_async.py
[2025-11-02T19:22:35.262+0000] {processor.py:830} INFO - Processing file /home/airflow/.local/lib/python3.8/site-packages/airflow/example_dags/example_time_delta_sensor_async.py for tasks to queue
[2025-11-02T19:22:35.267+0000] {logging_mixin.py:188} INFO - [2025-11-02T19:22:35.267+0000] {dagbag.py:538} INFO - Filling up the DagBag from /home/airflow/.local/lib/python3.8/site-packages/airflow/example_dags/example_time_delta_sensor_async.py
[2025-11-02T19:22:35.279+0000] {processor.py:840} INFO - DAG(s) 'example_time_delta_sensor_async' retrieved from /home/airflow/.local/lib/python3.8/site-packages/airflow/example_dags/example_time_delta_sensor_async.py
[2025-11-02T19:22:35.323+0000] {logging_mixin.py:188} INFO - [2025-11-02T19:22:35.322+0000] {dag.py:3036} INFO - Sync 1 DAGs
[2025-11-02T19:22:35.350+0000] {logging_mixin.py:188} INFO - [2025-11-02T19:22:35.350+0000] {dag.py:3823} INFO - Setting next_dagrun for example_time_delta_sensor_async to None, run_after=None
[2025-11-02T19:22:35.397+0000] {processor.py:183} INFO - Processing /home/airflow/.local/lib/python3.8/site-packages/airflow/example_dags/example_time_delta_sensor_async.py took 0.145 seconds
[2025-11-02T19:23:05.570+0000] {processor.py:161} INFO - Started process (PID=6327) to work on /home/airflow/.local/lib/python3.8/site-packages/airflow/example_dags/example_time_delta_sensor_async.py
[2025-11-02T19:23:05.573+0000] {processor.py:830} INFO - Processing file /home/airflow/.local/lib/python3.8/site-packages/airflow/example_dags/example_time_delta_sensor_async.py for tasks to queue
[2025-11-02T19:23:05.579+0000] {logging_mixin.py:188} INFO - [2025-11-02T19:23:05.578+0000] {dagbag.py:538} INFO - Filling up the DagBag from /home/airflow/.local/lib/python3.8/site-packages/airflow/example_dags/example_time_delta_sensor_async.py
[2025-11-02T19:23:05.597+0000] {processor.py:840} INFO - DAG(s) 'example_time_delta_sensor_async' retrieved from /home/airflow/.local/lib/python3.8/site-packages/airflow/example_dags/example_time_delta_sensor_async.py
[2025-11-02T19:23:05.656+0000] {logging_mixin.py:188} INFO - [2025-11-02T19:23:05.656+0000] {dag.py:3036} INFO - Sync 1 DAGs
[2025-11-02T19:23:05.690+0000] {logging_mixin.py:188} INFO - [2025-11-02T19:23:05.690+0000] {dag.py:3823} INFO - Setting next_dagrun for example_time_delta_sensor_async to None, run_after=None
[2025-11-02T19:23:05.755+0000] {processor.py:183} INFO - Processing /home/airflow/.local/lib/python3.8/site-packages/airflow/example_dags/example_time_delta_sensor_async.py took 0.195 seconds
[2025-11-02T19:23:35.924+0000] {processor.py:161} INFO - Started process (PID=6381) to work on /home/airflow/.local/lib/python3.8/site-packages/airflow/example_dags/example_time_delta_sensor_async.py
[2025-11-02T19:23:35.926+0000] {processor.py:830} INFO - Processing file /home/airflow/.local/lib/python3.8/site-packages/airflow/example_dags/example_time_delta_sensor_async.py for tasks to queue
[2025-11-02T19:23:35.931+0000] {logging_mixin.py:188} INFO - [2025-11-02T19:23:35.930+0000] {dagbag.py:538} INFO - Filling up the DagBag from /home/airflow/.local/lib/python3.8/site-packages/airflow/example_dags/example_time_delta_sensor_async.py
[2025-11-02T19:23:35.942+0000] {processor.py:840} INFO - DAG(s) 'example_time_delta_sensor_async' retrieved from /home/airflow/.local/lib/python3.8/site-packages/airflow/example_dags/example_time_delta_sensor_async.py
[2025-11-02T19:23:35.990+0000] {logging_mixin.py:188} INFO - [2025-11-02T19:23:35.989+0000] {dag.py:3036} INFO - Sync 1 DAGs
[2025-11-02T19:23:36.025+0000] {logging_mixin.py:188} INFO - [2025-11-02T19:23:36.024+0000] {dag.py:3823} INFO - Setting next_dagrun for example_time_delta_sensor_async to None, run_after=None
[2025-11-02T19:23:36.068+0000] {processor.py:183} INFO - Processing /home/airflow/.local/lib/python3.8/site-packages/airflow/example_dags/example_time_delta_sensor_async.py took 0.153 seconds
[2025-11-02T19:24:07.262+0000] {processor.py:161} INFO - Started process (PID=6436) to work on /home/airflow/.local/lib/python3.8/site-packages/airflow/example_dags/example_time_delta_sensor_async.py
[2025-11-02T19:24:07.265+0000] {processor.py:830} INFO - Processing file /home/airflow/.local/lib/python3.8/site-packages/airflow/example_dags/example_time_delta_sensor_async.py for tasks to queue
[2025-11-02T19:24:07.271+0000] {logging_mixin.py:188} INFO - [2025-11-02T19:24:07.270+0000] {dagbag.py:538} INFO - Filling up the DagBag from /home/airflow/.local/lib/python3.8/site-packages/airflow/example_dags/example_time_delta_sensor_async.py
[2025-11-02T19:24:07.284+0000] {processor.py:840} INFO - DAG(s) 'example_time_delta_sensor_async' retrieved from /home/airflow/.local/lib/python3.8/site-packages/airflow/example_dags/example_time_delta_sensor_async.py
[2025-11-02T19:24:07.344+0000] {logging_mixin.py:188} INFO - [2025-11-02T19:24:07.343+0000] {dag.py:3036} INFO - Sync 1 DAGs
[2025-11-02T19:24:07.381+0000] {logging_mixin.py:188} INFO - [2025-11-02T19:24:07.381+0000] {dag.py:3823} INFO - Setting next_dagrun for example_time_delta_sensor_async to None, run_after=None
[2025-11-02T19:24:07.427+0000] {processor.py:183} INFO - Processing /home/airflow/.local/lib/python3.8/site-packages/airflow/example_dags/example_time_delta_sensor_async.py took 0.174 seconds
[2025-11-02T19:24:37.856+0000] {processor.py:161} INFO - Started process (PID=6491) to work on /home/airflow/.local/lib/python3.8/site-packages/airflow/example_dags/example_time_delta_sensor_async.py
[2025-11-02T19:24:37.859+0000] {processor.py:830} INFO - Processing file /home/airflow/.local/lib/python3.8/site-packages/airflow/example_dags/example_time_delta_sensor_async.py for tasks to queue
[2025-11-02T19:24:37.864+0000] {logging_mixin.py:188} INFO - [2025-11-02T19:24:37.863+0000] {dagbag.py:538} INFO - Filling up the DagBag from /home/airflow/.local/lib/python3.8/site-packages/airflow/example_dags/example_time_delta_sensor_async.py
[2025-11-02T19:24:37.878+0000] {processor.py:840} INFO - DAG(s) 'example_time_delta_sensor_async' retrieved from /home/airflow/.local/lib/python3.8/site-packages/airflow/example_dags/example_time_delta_sensor_async.py
[2025-11-02T19:24:37.923+0000] {logging_mixin.py:188} INFO - [2025-11-02T19:24:37.923+0000] {dag.py:3036} INFO - Sync 1 DAGs
[2025-11-02T19:24:37.949+0000] {logging_mixin.py:188} INFO - [2025-11-02T19:24:37.949+0000] {dag.py:3823} INFO - Setting next_dagrun for example_time_delta_sensor_async to None, run_after=None
[2025-11-02T19:24:37.988+0000] {processor.py:183} INFO - Processing /home/airflow/.local/lib/python3.8/site-packages/airflow/example_dags/example_time_delta_sensor_async.py took 0.143 seconds
[2025-11-02T19:25:08.311+0000] {processor.py:161} INFO - Started process (PID=6546) to work on /home/airflow/.local/lib/python3.8/site-packages/airflow/example_dags/example_time_delta_sensor_async.py
[2025-11-02T19:25:08.314+0000] {processor.py:830} INFO - Processing file /home/airflow/.local/lib/python3.8/site-packages/airflow/example_dags/example_time_delta_sensor_async.py for tasks to queue
[2025-11-02T19:25:08.321+0000] {logging_mixin.py:188} INFO - [2025-11-02T19:25:08.320+0000] {dagbag.py:538} INFO - Filling up the DagBag from /home/airflow/.local/lib/python3.8/site-packages/airflow/example_dags/example_time_delta_sensor_async.py
[2025-11-02T19:25:08.336+0000] {processor.py:840} INFO - DAG(s) 'example_time_delta_sensor_async' retrieved from /home/airflow/.local/lib/python3.8/site-packages/airflow/example_dags/example_time_delta_sensor_async.py
[2025-11-02T19:25:08.429+0000] {logging_mixin.py:188} INFO - [2025-11-02T19:25:08.428+0000] {dag.py:3036} INFO - Sync 1 DAGs
[2025-11-02T19:25:08.476+0000] {logging_mixin.py:188} INFO - [2025-11-02T19:25:08.475+0000] {dag.py:3823} INFO - Setting next_dagrun for example_time_delta_sensor_async to None, run_after=None
[2025-11-02T19:25:08.533+0000] {processor.py:183} INFO - Processing /home/airflow/.local/lib/python3.8/site-packages/airflow/example_dags/example_time_delta_sensor_async.py took 0.232 seconds
[2025-11-02T19:25:39.557+0000] {processor.py:161} INFO - Started process (PID=6601) to work on /home/airflow/.local/lib/python3.8/site-packages/airflow/example_dags/example_time_delta_sensor_async.py
[2025-11-02T19:25:39.561+0000] {processor.py:830} INFO - Processing file /home/airflow/.local/lib/python3.8/site-packages/airflow/example_dags/example_time_delta_sensor_async.py for tasks to queue
[2025-11-02T19:25:39.577+0000] {logging_mixin.py:188} INFO - [2025-11-02T19:25:39.576+0000] {dagbag.py:538} INFO - Filling up the DagBag from /home/airflow/.local/lib/python3.8/site-packages/airflow/example_dags/example_time_delta_sensor_async.py
[2025-11-02T19:25:39.592+0000] {processor.py:840} INFO - DAG(s) 'example_time_delta_sensor_async' retrieved from /home/airflow/.local/lib/python3.8/site-packages/airflow/example_dags/example_time_delta_sensor_async.py
[2025-11-02T19:25:39.664+0000] {logging_mixin.py:188} INFO - [2025-11-02T19:25:39.663+0000] {dag.py:3036} INFO - Sync 1 DAGs
[2025-11-02T19:25:39.705+0000] {logging_mixin.py:188} INFO - [2025-11-02T19:25:39.705+0000] {dag.py:3823} INFO - Setting next_dagrun for example_time_delta_sensor_async to None, run_after=None
[2025-11-02T19:25:39.757+0000] {processor.py:183} INFO - Processing /home/airflow/.local/lib/python3.8/site-packages/airflow/example_dags/example_time_delta_sensor_async.py took 0.230 seconds
[2025-11-02T19:26:11.192+0000] {processor.py:161} INFO - Started process (PID=6656) to work on /home/airflow/.local/lib/python3.8/site-packages/airflow/example_dags/example_time_delta_sensor_async.py
[2025-11-02T19:26:11.200+0000] {processor.py:830} INFO - Processing file /home/airflow/.local/lib/python3.8/site-packages/airflow/example_dags/example_time_delta_sensor_async.py for tasks to queue
[2025-11-02T19:26:11.222+0000] {logging_mixin.py:188} INFO - [2025-11-02T19:26:11.220+0000] {dagbag.py:538} INFO - Filling up the DagBag from /home/airflow/.local/lib/python3.8/site-packages/airflow/example_dags/example_time_delta_sensor_async.py
[2025-11-02T19:26:11.301+0000] {processor.py:840} INFO - DAG(s) 'example_time_delta_sensor_async' retrieved from /home/airflow/.local/lib/python3.8/site-packages/airflow/example_dags/example_time_delta_sensor_async.py
[2025-11-02T19:26:11.492+0000] {logging_mixin.py:188} INFO - [2025-11-02T19:26:11.492+0000] {dag.py:3036} INFO - Sync 1 DAGs
[2025-11-02T19:26:11.552+0000] {logging_mixin.py:188} INFO - [2025-11-02T19:26:11.551+0000] {dag.py:3823} INFO - Setting next_dagrun for example_time_delta_sensor_async to None, run_after=None
[2025-11-02T19:26:11.682+0000] {processor.py:183} INFO - Processing /home/airflow/.local/lib/python3.8/site-packages/airflow/example_dags/example_time_delta_sensor_async.py took 0.513 seconds
[2025-11-02T19:26:41.922+0000] {processor.py:161} INFO - Started process (PID=6711) to work on /home/airflow/.local/lib/python3.8/site-packages/airflow/example_dags/example_time_delta_sensor_async.py
[2025-11-02T19:26:41.925+0000] {processor.py:830} INFO - Processing file /home/airflow/.local/lib/python3.8/site-packages/airflow/example_dags/example_time_delta_sensor_async.py for tasks to queue
[2025-11-02T19:26:41.929+0000] {logging_mixin.py:188} INFO - [2025-11-02T19:26:41.929+0000] {dagbag.py:538} INFO - Filling up the DagBag from /home/airflow/.local/lib/python3.8/site-packages/airflow/example_dags/example_time_delta_sensor_async.py
[2025-11-02T19:26:41.945+0000] {processor.py:840} INFO - DAG(s) 'example_time_delta_sensor_async' retrieved from /home/airflow/.local/lib/python3.8/site-packages/airflow/example_dags/example_time_delta_sensor_async.py
[2025-11-02T19:26:42.001+0000] {logging_mixin.py:188} INFO - [2025-11-02T19:26:42.000+0000] {dag.py:3036} INFO - Sync 1 DAGs
[2025-11-02T19:26:42.030+0000] {logging_mixin.py:188} INFO - [2025-11-02T19:26:42.029+0000] {dag.py:3823} INFO - Setting next_dagrun for example_time_delta_sensor_async to None, run_after=None
[2025-11-02T19:26:42.084+0000] {processor.py:183} INFO - Processing /home/airflow/.local/lib/python3.8/site-packages/airflow/example_dags/example_time_delta_sensor_async.py took 0.170 seconds
[2025-11-02T19:27:12.264+0000] {processor.py:161} INFO - Started process (PID=6766) to work on /home/airflow/.local/lib/python3.8/site-packages/airflow/example_dags/example_time_delta_sensor_async.py
[2025-11-02T19:27:12.276+0000] {processor.py:830} INFO - Processing file /home/airflow/.local/lib/python3.8/site-packages/airflow/example_dags/example_time_delta_sensor_async.py for tasks to queue
[2025-11-02T19:27:12.285+0000] {logging_mixin.py:188} INFO - [2025-11-02T19:27:12.284+0000] {dagbag.py:538} INFO - Filling up the DagBag from /home/airflow/.local/lib/python3.8/site-packages/airflow/example_dags/example_time_delta_sensor_async.py
[2025-11-02T19:27:12.307+0000] {processor.py:840} INFO - DAG(s) 'example_time_delta_sensor_async' retrieved from /home/airflow/.local/lib/python3.8/site-packages/airflow/example_dags/example_time_delta_sensor_async.py
[2025-11-02T19:27:12.398+0000] {logging_mixin.py:188} INFO - [2025-11-02T19:27:12.398+0000] {dag.py:3036} INFO - Sync 1 DAGs
[2025-11-02T19:27:12.450+0000] {logging_mixin.py:188} INFO - [2025-11-02T19:27:12.450+0000] {dag.py:3823} INFO - Setting next_dagrun for example_time_delta_sensor_async to None, run_after=None
[2025-11-02T19:27:12.562+0000] {processor.py:183} INFO - Processing /home/airflow/.local/lib/python3.8/site-packages/airflow/example_dags/example_time_delta_sensor_async.py took 0.315 seconds
[2025-11-02T19:27:42.912+0000] {processor.py:161} INFO - Started process (PID=6822) to work on /home/airflow/.local/lib/python3.8/site-packages/airflow/example_dags/example_time_delta_sensor_async.py
[2025-11-02T19:27:42.915+0000] {processor.py:830} INFO - Processing file /home/airflow/.local/lib/python3.8/site-packages/airflow/example_dags/example_time_delta_sensor_async.py for tasks to queue
[2025-11-02T19:27:42.920+0000] {logging_mixin.py:188} INFO - [2025-11-02T19:27:42.919+0000] {dagbag.py:538} INFO - Filling up the DagBag from /home/airflow/.local/lib/python3.8/site-packages/airflow/example_dags/example_time_delta_sensor_async.py
[2025-11-02T19:27:42.934+0000] {processor.py:840} INFO - DAG(s) 'example_time_delta_sensor_async' retrieved from /home/airflow/.local/lib/python3.8/site-packages/airflow/example_dags/example_time_delta_sensor_async.py
[2025-11-02T19:27:42.989+0000] {logging_mixin.py:188} INFO - [2025-11-02T19:27:42.988+0000] {dag.py:3036} INFO - Sync 1 DAGs
[2025-11-02T19:27:43.025+0000] {logging_mixin.py:188} INFO - [2025-11-02T19:27:43.024+0000] {dag.py:3823} INFO - Setting next_dagrun for example_time_delta_sensor_async to None, run_after=None
[2025-11-02T19:27:43.084+0000] {processor.py:183} INFO - Processing /home/airflow/.local/lib/python3.8/site-packages/airflow/example_dags/example_time_delta_sensor_async.py took 0.182 seconds
[2025-11-02T19:28:13.951+0000] {processor.py:161} INFO - Started process (PID=6877) to work on /home/airflow/.local/lib/python3.8/site-packages/airflow/example_dags/example_time_delta_sensor_async.py
[2025-11-02T19:28:13.955+0000] {processor.py:830} INFO - Processing file /home/airflow/.local/lib/python3.8/site-packages/airflow/example_dags/example_time_delta_sensor_async.py for tasks to queue
[2025-11-02T19:28:13.962+0000] {logging_mixin.py:188} INFO - [2025-11-02T19:28:13.961+0000] {dagbag.py:538} INFO - Filling up the DagBag from /home/airflow/.local/lib/python3.8/site-packages/airflow/example_dags/example_time_delta_sensor_async.py
[2025-11-02T19:28:13.984+0000] {processor.py:840} INFO - DAG(s) 'example_time_delta_sensor_async' retrieved from /home/airflow/.local/lib/python3.8/site-packages/airflow/example_dags/example_time_delta_sensor_async.py
[2025-11-02T19:28:14.054+0000] {logging_mixin.py:188} INFO - [2025-11-02T19:28:14.054+0000] {dag.py:3036} INFO - Sync 1 DAGs
[2025-11-02T19:28:14.091+0000] {logging_mixin.py:188} INFO - [2025-11-02T19:28:14.090+0000] {dag.py:3823} INFO - Setting next_dagrun for example_time_delta_sensor_async to None, run_after=None
[2025-11-02T19:28:14.151+0000] {processor.py:183} INFO - Processing /home/airflow/.local/lib/python3.8/site-packages/airflow/example_dags/example_time_delta_sensor_async.py took 0.213 seconds
[2025-11-02T19:28:44.265+0000] {processor.py:161} INFO - Started process (PID=6931) to work on /home/airflow/.local/lib/python3.8/site-packages/airflow/example_dags/example_time_delta_sensor_async.py
[2025-11-02T19:28:44.269+0000] {processor.py:830} INFO - Processing file /home/airflow/.local/lib/python3.8/site-packages/airflow/example_dags/example_time_delta_sensor_async.py for tasks to queue
[2025-11-02T19:28:44.277+0000] {logging_mixin.py:188} INFO - [2025-11-02T19:28:44.276+0000] {dagbag.py:538} INFO - Filling up the DagBag from /home/airflow/.local/lib/python3.8/site-packages/airflow/example_dags/example_time_delta_sensor_async.py
[2025-11-02T19:28:44.302+0000] {processor.py:840} INFO - DAG(s) 'example_time_delta_sensor_async' retrieved from /home/airflow/.local/lib/python3.8/site-packages/airflow/example_dags/example_time_delta_sensor_async.py
[2025-11-02T19:28:44.382+0000] {logging_mixin.py:188} INFO - [2025-11-02T19:28:44.382+0000] {dag.py:3036} INFO - Sync 1 DAGs
[2025-11-02T19:28:44.423+0000] {logging_mixin.py:188} INFO - [2025-11-02T19:28:44.422+0000] {dag.py:3823} INFO - Setting next_dagrun for example_time_delta_sensor_async to None, run_after=None
[2025-11-02T19:28:44.499+0000] {processor.py:183} INFO - Processing /home/airflow/.local/lib/python3.8/site-packages/airflow/example_dags/example_time_delta_sensor_async.py took 0.249 seconds
[2025-11-02T19:29:14.762+0000] {processor.py:161} INFO - Started process (PID=6985) to work on /home/airflow/.local/lib/python3.8/site-packages/airflow/example_dags/example_time_delta_sensor_async.py
[2025-11-02T19:29:14.766+0000] {processor.py:830} INFO - Processing file /home/airflow/.local/lib/python3.8/site-packages/airflow/example_dags/example_time_delta_sensor_async.py for tasks to queue
[2025-11-02T19:29:14.772+0000] {logging_mixin.py:188} INFO - [2025-11-02T19:29:14.771+0000] {dagbag.py:538} INFO - Filling up the DagBag from /home/airflow/.local/lib/python3.8/site-packages/airflow/example_dags/example_time_delta_sensor_async.py
[2025-11-02T19:29:14.783+0000] {processor.py:840} INFO - DAG(s) 'example_time_delta_sensor_async' retrieved from /home/airflow/.local/lib/python3.8/site-packages/airflow/example_dags/example_time_delta_sensor_async.py
[2025-11-02T19:29:14.843+0000] {logging_mixin.py:188} INFO - [2025-11-02T19:29:14.842+0000] {dag.py:3036} INFO - Sync 1 DAGs
[2025-11-02T19:29:14.879+0000] {logging_mixin.py:188} INFO - [2025-11-02T19:29:14.878+0000] {dag.py:3823} INFO - Setting next_dagrun for example_time_delta_sensor_async to None, run_after=None
[2025-11-02T19:29:14.932+0000] {processor.py:183} INFO - Processing /home/airflow/.local/lib/python3.8/site-packages/airflow/example_dags/example_time_delta_sensor_async.py took 0.183 seconds
[2025-11-02T19:29:45.822+0000] {processor.py:161} INFO - Started process (PID=7042) to work on /home/airflow/.local/lib/python3.8/site-packages/airflow/example_dags/example_time_delta_sensor_async.py
[2025-11-02T19:29:45.825+0000] {processor.py:830} INFO - Processing file /home/airflow/.local/lib/python3.8/site-packages/airflow/example_dags/example_time_delta_sensor_async.py for tasks to queue
[2025-11-02T19:29:45.832+0000] {logging_mixin.py:188} INFO - [2025-11-02T19:29:45.831+0000] {dagbag.py:538} INFO - Filling up the DagBag from /home/airflow/.local/lib/python3.8/site-packages/airflow/example_dags/example_time_delta_sensor_async.py
[2025-11-02T19:29:45.845+0000] {processor.py:840} INFO - DAG(s) 'example_time_delta_sensor_async' retrieved from /home/airflow/.local/lib/python3.8/site-packages/airflow/example_dags/example_time_delta_sensor_async.py
[2025-11-02T19:29:45.901+0000] {logging_mixin.py:188} INFO - [2025-11-02T19:29:45.901+0000] {dag.py:3036} INFO - Sync 1 DAGs
[2025-11-02T19:29:45.932+0000] {logging_mixin.py:188} INFO - [2025-11-02T19:29:45.931+0000] {dag.py:3823} INFO - Setting next_dagrun for example_time_delta_sensor_async to None, run_after=None
[2025-11-02T19:29:45.980+0000] {processor.py:183} INFO - Processing /home/airflow/.local/lib/python3.8/site-packages/airflow/example_dags/example_time_delta_sensor_async.py took 0.166 seconds
[2025-11-02T19:30:16.965+0000] {processor.py:161} INFO - Started process (PID=7097) to work on /home/airflow/.local/lib/python3.8/site-packages/airflow/example_dags/example_time_delta_sensor_async.py
[2025-11-02T19:30:16.969+0000] {processor.py:830} INFO - Processing file /home/airflow/.local/lib/python3.8/site-packages/airflow/example_dags/example_time_delta_sensor_async.py for tasks to queue
[2025-11-02T19:30:16.976+0000] {logging_mixin.py:188} INFO - [2025-11-02T19:30:16.975+0000] {dagbag.py:538} INFO - Filling up the DagBag from /home/airflow/.local/lib/python3.8/site-packages/airflow/example_dags/example_time_delta_sensor_async.py
[2025-11-02T19:30:16.996+0000] {processor.py:840} INFO - DAG(s) 'example_time_delta_sensor_async' retrieved from /home/airflow/.local/lib/python3.8/site-packages/airflow/example_dags/example_time_delta_sensor_async.py
[2025-11-02T19:30:17.106+0000] {logging_mixin.py:188} INFO - [2025-11-02T19:30:17.105+0000] {dag.py:3036} INFO - Sync 1 DAGs
[2025-11-02T19:30:17.214+0000] {logging_mixin.py:188} INFO - [2025-11-02T19:30:17.213+0000] {dag.py:3823} INFO - Setting next_dagrun for example_time_delta_sensor_async to None, run_after=None
[2025-11-02T19:30:17.353+0000] {processor.py:183} INFO - Processing /home/airflow/.local/lib/python3.8/site-packages/airflow/example_dags/example_time_delta_sensor_async.py took 0.417 seconds
[2025-11-02T19:30:48.539+0000] {processor.py:161} INFO - Started process (PID=7153) to work on /home/airflow/.local/lib/python3.8/site-packages/airflow/example_dags/example_time_delta_sensor_async.py
[2025-11-02T19:30:48.543+0000] {processor.py:830} INFO - Processing file /home/airflow/.local/lib/python3.8/site-packages/airflow/example_dags/example_time_delta_sensor_async.py for tasks to queue
[2025-11-02T19:30:48.548+0000] {logging_mixin.py:188} INFO - [2025-11-02T19:30:48.547+0000] {dagbag.py:538} INFO - Filling up the DagBag from /home/airflow/.local/lib/python3.8/site-packages/airflow/example_dags/example_time_delta_sensor_async.py
[2025-11-02T19:30:48.561+0000] {processor.py:840} INFO - DAG(s) 'example_time_delta_sensor_async' retrieved from /home/airflow/.local/lib/python3.8/site-packages/airflow/example_dags/example_time_delta_sensor_async.py
[2025-11-02T19:30:48.607+0000] {logging_mixin.py:188} INFO - [2025-11-02T19:30:48.607+0000] {dag.py:3036} INFO - Sync 1 DAGs
[2025-11-02T19:30:48.634+0000] {logging_mixin.py:188} INFO - [2025-11-02T19:30:48.633+0000] {dag.py:3823} INFO - Setting next_dagrun for example_time_delta_sensor_async to None, run_after=None
[2025-11-02T19:30:48.671+0000] {processor.py:183} INFO - Processing /home/airflow/.local/lib/python3.8/site-packages/airflow/example_dags/example_time_delta_sensor_async.py took 0.140 seconds
[2025-11-02T19:31:19.289+0000] {processor.py:161} INFO - Started process (PID=7208) to work on /home/airflow/.local/lib/python3.8/site-packages/airflow/example_dags/example_time_delta_sensor_async.py
[2025-11-02T19:31:19.294+0000] {processor.py:830} INFO - Processing file /home/airflow/.local/lib/python3.8/site-packages/airflow/example_dags/example_time_delta_sensor_async.py for tasks to queue
[2025-11-02T19:31:19.307+0000] {logging_mixin.py:188} INFO - [2025-11-02T19:31:19.306+0000] {dagbag.py:538} INFO - Filling up the DagBag from /home/airflow/.local/lib/python3.8/site-packages/airflow/example_dags/example_time_delta_sensor_async.py
[2025-11-02T19:31:19.334+0000] {processor.py:840} INFO - DAG(s) 'example_time_delta_sensor_async' retrieved from /home/airflow/.local/lib/python3.8/site-packages/airflow/example_dags/example_time_delta_sensor_async.py
[2025-11-02T19:31:19.476+0000] {logging_mixin.py:188} INFO - [2025-11-02T19:31:19.475+0000] {dag.py:3036} INFO - Sync 1 DAGs
[2025-11-02T19:31:19.561+0000] {logging_mixin.py:188} INFO - [2025-11-02T19:31:19.560+0000] {dag.py:3823} INFO - Setting next_dagrun for example_time_delta_sensor_async to None, run_after=None
[2025-11-02T19:31:19.660+0000] {processor.py:183} INFO - Processing /home/airflow/.local/lib/python3.8/site-packages/airflow/example_dags/example_time_delta_sensor_async.py took 0.403 seconds
[2025-11-02T19:31:49.941+0000] {processor.py:161} INFO - Started process (PID=7263) to work on /home/airflow/.local/lib/python3.8/site-packages/airflow/example_dags/example_time_delta_sensor_async.py
[2025-11-02T19:31:49.944+0000] {processor.py:830} INFO - Processing file /home/airflow/.local/lib/python3.8/site-packages/airflow/example_dags/example_time_delta_sensor_async.py for tasks to queue
[2025-11-02T19:31:49.955+0000] {logging_mixin.py:188} INFO - [2025-11-02T19:31:49.954+0000] {dagbag.py:538} INFO - Filling up the DagBag from /home/airflow/.local/lib/python3.8/site-packages/airflow/example_dags/example_time_delta_sensor_async.py
[2025-11-02T19:31:49.973+0000] {processor.py:840} INFO - DAG(s) 'example_time_delta_sensor_async' retrieved from /home/airflow/.local/lib/python3.8/site-packages/airflow/example_dags/example_time_delta_sensor_async.py
[2025-11-02T19:31:50.049+0000] {logging_mixin.py:188} INFO - [2025-11-02T19:31:50.048+0000] {dag.py:3036} INFO - Sync 1 DAGs
[2025-11-02T19:31:50.091+0000] {logging_mixin.py:188} INFO - [2025-11-02T19:31:50.090+0000] {dag.py:3823} INFO - Setting next_dagrun for example_time_delta_sensor_async to None, run_after=None
[2025-11-02T19:31:50.150+0000] {processor.py:183} INFO - Processing /home/airflow/.local/lib/python3.8/site-packages/airflow/example_dags/example_time_delta_sensor_async.py took 0.227 seconds
[2025-11-02T19:32:20.781+0000] {processor.py:161} INFO - Started process (PID=7318) to work on /home/airflow/.local/lib/python3.8/site-packages/airflow/example_dags/example_time_delta_sensor_async.py
[2025-11-02T19:32:20.785+0000] {processor.py:830} INFO - Processing file /home/airflow/.local/lib/python3.8/site-packages/airflow/example_dags/example_time_delta_sensor_async.py for tasks to queue
[2025-11-02T19:32:20.794+0000] {logging_mixin.py:188} INFO - [2025-11-02T19:32:20.793+0000] {dagbag.py:538} INFO - Filling up the DagBag from /home/airflow/.local/lib/python3.8/site-packages/airflow/example_dags/example_time_delta_sensor_async.py
[2025-11-02T19:32:20.812+0000] {processor.py:840} INFO - DAG(s) 'example_time_delta_sensor_async' retrieved from /home/airflow/.local/lib/python3.8/site-packages/airflow/example_dags/example_time_delta_sensor_async.py
[2025-11-02T19:32:20.878+0000] {logging_mixin.py:188} INFO - [2025-11-02T19:32:20.877+0000] {dag.py:3036} INFO - Sync 1 DAGs
[2025-11-02T19:32:20.922+0000] {logging_mixin.py:188} INFO - [2025-11-02T19:32:20.922+0000] {dag.py:3823} INFO - Setting next_dagrun for example_time_delta_sensor_async to None, run_after=None
[2025-11-02T19:32:20.979+0000] {processor.py:183} INFO - Processing /home/airflow/.local/lib/python3.8/site-packages/airflow/example_dags/example_time_delta_sensor_async.py took 0.209 seconds
[2025-11-02T19:32:51.776+0000] {processor.py:161} INFO - Started process (PID=7373) to work on /home/airflow/.local/lib/python3.8/site-packages/airflow/example_dags/example_time_delta_sensor_async.py
[2025-11-02T19:32:51.778+0000] {processor.py:830} INFO - Processing file /home/airflow/.local/lib/python3.8/site-packages/airflow/example_dags/example_time_delta_sensor_async.py for tasks to queue
[2025-11-02T19:32:51.785+0000] {logging_mixin.py:188} INFO - [2025-11-02T19:32:51.784+0000] {dagbag.py:538} INFO - Filling up the DagBag from /home/airflow/.local/lib/python3.8/site-packages/airflow/example_dags/example_time_delta_sensor_async.py
[2025-11-02T19:32:51.797+0000] {processor.py:840} INFO - DAG(s) 'example_time_delta_sensor_async' retrieved from /home/airflow/.local/lib/python3.8/site-packages/airflow/example_dags/example_time_delta_sensor_async.py
[2025-11-02T19:32:51.852+0000] {logging_mixin.py:188} INFO - [2025-11-02T19:32:51.852+0000] {dag.py:3036} INFO - Sync 1 DAGs
[2025-11-02T19:32:51.894+0000] {logging_mixin.py:188} INFO - [2025-11-02T19:32:51.894+0000] {dag.py:3823} INFO - Setting next_dagrun for example_time_delta_sensor_async to None, run_after=None
[2025-11-02T19:32:51.946+0000] {processor.py:183} INFO - Processing /home/airflow/.local/lib/python3.8/site-packages/airflow/example_dags/example_time_delta_sensor_async.py took 0.177 seconds
[2025-11-02T19:33:22.155+0000] {processor.py:161} INFO - Started process (PID=7427) to work on /home/airflow/.local/lib/python3.8/site-packages/airflow/example_dags/example_time_delta_sensor_async.py
[2025-11-02T19:33:22.158+0000] {processor.py:830} INFO - Processing file /home/airflow/.local/lib/python3.8/site-packages/airflow/example_dags/example_time_delta_sensor_async.py for tasks to queue
[2025-11-02T19:33:22.165+0000] {logging_mixin.py:188} INFO - [2025-11-02T19:33:22.164+0000] {dagbag.py:538} INFO - Filling up the DagBag from /home/airflow/.local/lib/python3.8/site-packages/airflow/example_dags/example_time_delta_sensor_async.py
[2025-11-02T19:33:22.178+0000] {processor.py:840} INFO - DAG(s) 'example_time_delta_sensor_async' retrieved from /home/airflow/.local/lib/python3.8/site-packages/airflow/example_dags/example_time_delta_sensor_async.py
[2025-11-02T19:33:22.225+0000] {logging_mixin.py:188} INFO - [2025-11-02T19:33:22.225+0000] {dag.py:3036} INFO - Sync 1 DAGs
[2025-11-02T19:33:22.250+0000] {logging_mixin.py:188} INFO - [2025-11-02T19:33:22.249+0000] {dag.py:3823} INFO - Setting next_dagrun for example_time_delta_sensor_async to None, run_after=None
[2025-11-02T19:33:22.291+0000] {processor.py:183} INFO - Processing /home/airflow/.local/lib/python3.8/site-packages/airflow/example_dags/example_time_delta_sensor_async.py took 0.145 seconds
[2025-11-02T19:33:53.217+0000] {processor.py:161} INFO - Started process (PID=7483) to work on /home/airflow/.local/lib/python3.8/site-packages/airflow/example_dags/example_time_delta_sensor_async.py
[2025-11-02T19:33:53.220+0000] {processor.py:830} INFO - Processing file /home/airflow/.local/lib/python3.8/site-packages/airflow/example_dags/example_time_delta_sensor_async.py for tasks to queue
[2025-11-02T19:33:53.226+0000] {logging_mixin.py:188} INFO - [2025-11-02T19:33:53.225+0000] {dagbag.py:538} INFO - Filling up the DagBag from /home/airflow/.local/lib/python3.8/site-packages/airflow/example_dags/example_time_delta_sensor_async.py
[2025-11-02T19:33:53.239+0000] {processor.py:840} INFO - DAG(s) 'example_time_delta_sensor_async' retrieved from /home/airflow/.local/lib/python3.8/site-packages/airflow/example_dags/example_time_delta_sensor_async.py
[2025-11-02T19:33:53.289+0000] {logging_mixin.py:188} INFO - [2025-11-02T19:33:53.289+0000] {dag.py:3036} INFO - Sync 1 DAGs
[2025-11-02T19:33:53.325+0000] {logging_mixin.py:188} INFO - [2025-11-02T19:33:53.325+0000] {dag.py:3823} INFO - Setting next_dagrun for example_time_delta_sensor_async to None, run_after=None
[2025-11-02T19:33:53.382+0000] {processor.py:183} INFO - Processing /home/airflow/.local/lib/python3.8/site-packages/airflow/example_dags/example_time_delta_sensor_async.py took 0.176 seconds
[2025-11-02T19:34:23.664+0000] {processor.py:161} INFO - Started process (PID=7537) to work on /home/airflow/.local/lib/python3.8/site-packages/airflow/example_dags/example_time_delta_sensor_async.py
[2025-11-02T19:34:23.668+0000] {processor.py:830} INFO - Processing file /home/airflow/.local/lib/python3.8/site-packages/airflow/example_dags/example_time_delta_sensor_async.py for tasks to queue
[2025-11-02T19:34:23.674+0000] {logging_mixin.py:188} INFO - [2025-11-02T19:34:23.673+0000] {dagbag.py:538} INFO - Filling up the DagBag from /home/airflow/.local/lib/python3.8/site-packages/airflow/example_dags/example_time_delta_sensor_async.py
[2025-11-02T19:34:23.693+0000] {processor.py:840} INFO - DAG(s) 'example_time_delta_sensor_async' retrieved from /home/airflow/.local/lib/python3.8/site-packages/airflow/example_dags/example_time_delta_sensor_async.py
[2025-11-02T19:34:23.746+0000] {logging_mixin.py:188} INFO - [2025-11-02T19:34:23.746+0000] {dag.py:3036} INFO - Sync 1 DAGs
[2025-11-02T19:34:23.775+0000] {logging_mixin.py:188} INFO - [2025-11-02T19:34:23.774+0000] {dag.py:3823} INFO - Setting next_dagrun for example_time_delta_sensor_async to None, run_after=None
[2025-11-02T19:34:23.820+0000] {processor.py:183} INFO - Processing /home/airflow/.local/lib/python3.8/site-packages/airflow/example_dags/example_time_delta_sensor_async.py took 0.167 seconds
[2025-11-02T19:34:54.389+0000] {processor.py:161} INFO - Started process (PID=7592) to work on /home/airflow/.local/lib/python3.8/site-packages/airflow/example_dags/example_time_delta_sensor_async.py
[2025-11-02T19:34:54.392+0000] {processor.py:830} INFO - Processing file /home/airflow/.local/lib/python3.8/site-packages/airflow/example_dags/example_time_delta_sensor_async.py for tasks to queue
[2025-11-02T19:34:54.396+0000] {logging_mixin.py:188} INFO - [2025-11-02T19:34:54.396+0000] {dagbag.py:538} INFO - Filling up the DagBag from /home/airflow/.local/lib/python3.8/site-packages/airflow/example_dags/example_time_delta_sensor_async.py
[2025-11-02T19:34:54.409+0000] {processor.py:840} INFO - DAG(s) 'example_time_delta_sensor_async' retrieved from /home/airflow/.local/lib/python3.8/site-packages/airflow/example_dags/example_time_delta_sensor_async.py
[2025-11-02T19:34:54.455+0000] {logging_mixin.py:188} INFO - [2025-11-02T19:34:54.454+0000] {dag.py:3036} INFO - Sync 1 DAGs
[2025-11-02T19:34:54.480+0000] {logging_mixin.py:188} INFO - [2025-11-02T19:34:54.479+0000] {dag.py:3823} INFO - Setting next_dagrun for example_time_delta_sensor_async to None, run_after=None
[2025-11-02T19:34:54.518+0000] {processor.py:183} INFO - Processing /home/airflow/.local/lib/python3.8/site-packages/airflow/example_dags/example_time_delta_sensor_async.py took 0.138 seconds
[2025-11-02T19:35:25.564+0000] {processor.py:161} INFO - Started process (PID=7649) to work on /home/airflow/.local/lib/python3.8/site-packages/airflow/example_dags/example_time_delta_sensor_async.py
[2025-11-02T19:35:25.567+0000] {processor.py:830} INFO - Processing file /home/airflow/.local/lib/python3.8/site-packages/airflow/example_dags/example_time_delta_sensor_async.py for tasks to queue
[2025-11-02T19:35:25.573+0000] {logging_mixin.py:188} INFO - [2025-11-02T19:35:25.572+0000] {dagbag.py:538} INFO - Filling up the DagBag from /home/airflow/.local/lib/python3.8/site-packages/airflow/example_dags/example_time_delta_sensor_async.py
[2025-11-02T19:35:25.585+0000] {processor.py:840} INFO - DAG(s) 'example_time_delta_sensor_async' retrieved from /home/airflow/.local/lib/python3.8/site-packages/airflow/example_dags/example_time_delta_sensor_async.py
[2025-11-02T19:35:25.641+0000] {logging_mixin.py:188} INFO - [2025-11-02T19:35:25.641+0000] {dag.py:3036} INFO - Sync 1 DAGs
[2025-11-02T19:35:25.669+0000] {logging_mixin.py:188} INFO - [2025-11-02T19:35:25.668+0000] {dag.py:3823} INFO - Setting next_dagrun for example_time_delta_sensor_async to None, run_after=None
[2025-11-02T19:35:25.710+0000] {processor.py:183} INFO - Processing /home/airflow/.local/lib/python3.8/site-packages/airflow/example_dags/example_time_delta_sensor_async.py took 0.159 seconds
[2025-11-02T19:35:56.403+0000] {processor.py:161} INFO - Started process (PID=7704) to work on /home/airflow/.local/lib/python3.8/site-packages/airflow/example_dags/example_time_delta_sensor_async.py
[2025-11-02T19:35:56.406+0000] {processor.py:830} INFO - Processing file /home/airflow/.local/lib/python3.8/site-packages/airflow/example_dags/example_time_delta_sensor_async.py for tasks to queue
[2025-11-02T19:35:56.412+0000] {logging_mixin.py:188} INFO - [2025-11-02T19:35:56.411+0000] {dagbag.py:538} INFO - Filling up the DagBag from /home/airflow/.local/lib/python3.8/site-packages/airflow/example_dags/example_time_delta_sensor_async.py
[2025-11-02T19:35:56.425+0000] {processor.py:840} INFO - DAG(s) 'example_time_delta_sensor_async' retrieved from /home/airflow/.local/lib/python3.8/site-packages/airflow/example_dags/example_time_delta_sensor_async.py
[2025-11-02T19:35:56.478+0000] {logging_mixin.py:188} INFO - [2025-11-02T19:35:56.477+0000] {dag.py:3036} INFO - Sync 1 DAGs
[2025-11-02T19:35:56.524+0000] {logging_mixin.py:188} INFO - [2025-11-02T19:35:56.524+0000] {dag.py:3823} INFO - Setting next_dagrun for example_time_delta_sensor_async to None, run_after=None
[2025-11-02T19:35:56.626+0000] {processor.py:183} INFO - Processing /home/airflow/.local/lib/python3.8/site-packages/airflow/example_dags/example_time_delta_sensor_async.py took 0.236 seconds
[2025-11-02T19:36:27.532+0000] {processor.py:161} INFO - Started process (PID=7758) to work on /home/airflow/.local/lib/python3.8/site-packages/airflow/example_dags/example_time_delta_sensor_async.py
[2025-11-02T19:36:27.545+0000] {processor.py:830} INFO - Processing file /home/airflow/.local/lib/python3.8/site-packages/airflow/example_dags/example_time_delta_sensor_async.py for tasks to queue
[2025-11-02T19:36:27.558+0000] {logging_mixin.py:188} INFO - [2025-11-02T19:36:27.557+0000] {dagbag.py:538} INFO - Filling up the DagBag from /home/airflow/.local/lib/python3.8/site-packages/airflow/example_dags/example_time_delta_sensor_async.py
[2025-11-02T19:36:27.601+0000] {processor.py:840} INFO - DAG(s) 'example_time_delta_sensor_async' retrieved from /home/airflow/.local/lib/python3.8/site-packages/airflow/example_dags/example_time_delta_sensor_async.py
[2025-11-02T19:36:27.699+0000] {logging_mixin.py:188} INFO - [2025-11-02T19:36:27.696+0000] {dag.py:3036} INFO - Sync 1 DAGs
[2025-11-02T19:36:27.743+0000] {logging_mixin.py:188} INFO - [2025-11-02T19:36:27.742+0000] {dag.py:3823} INFO - Setting next_dagrun for example_time_delta_sensor_async to None, run_after=None
[2025-11-02T19:36:27.810+0000] {processor.py:183} INFO - Processing /home/airflow/.local/lib/python3.8/site-packages/airflow/example_dags/example_time_delta_sensor_async.py took 0.299 seconds
[2025-11-02T19:37:02.552+0000] {processor.py:161} INFO - Started process (PID=7811) to work on /home/airflow/.local/lib/python3.8/site-packages/airflow/example_dags/example_time_delta_sensor_async.py
[2025-11-02T19:37:02.555+0000] {processor.py:830} INFO - Processing file /home/airflow/.local/lib/python3.8/site-packages/airflow/example_dags/example_time_delta_sensor_async.py for tasks to queue
[2025-11-02T19:37:02.565+0000] {logging_mixin.py:188} INFO - [2025-11-02T19:37:02.564+0000] {dagbag.py:538} INFO - Filling up the DagBag from /home/airflow/.local/lib/python3.8/site-packages/airflow/example_dags/example_time_delta_sensor_async.py
[2025-11-02T19:37:02.591+0000] {processor.py:840} INFO - DAG(s) 'example_time_delta_sensor_async' retrieved from /home/airflow/.local/lib/python3.8/site-packages/airflow/example_dags/example_time_delta_sensor_async.py
[2025-11-02T19:37:02.695+0000] {logging_mixin.py:188} INFO - [2025-11-02T19:37:02.694+0000] {dag.py:3036} INFO - Sync 1 DAGs
[2025-11-02T19:37:02.763+0000] {logging_mixin.py:188} INFO - [2025-11-02T19:37:02.762+0000] {dag.py:3823} INFO - Setting next_dagrun for example_time_delta_sensor_async to None, run_after=None
[2025-11-02T19:37:02.836+0000] {processor.py:183} INFO - Processing /home/airflow/.local/lib/python3.8/site-packages/airflow/example_dags/example_time_delta_sensor_async.py took 0.297 seconds
[2025-11-02T19:37:33.185+0000] {processor.py:161} INFO - Started process (PID=7866) to work on /home/airflow/.local/lib/python3.8/site-packages/airflow/example_dags/example_time_delta_sensor_async.py
[2025-11-02T19:37:33.188+0000] {processor.py:830} INFO - Processing file /home/airflow/.local/lib/python3.8/site-packages/airflow/example_dags/example_time_delta_sensor_async.py for tasks to queue
[2025-11-02T19:37:33.195+0000] {logging_mixin.py:188} INFO - [2025-11-02T19:37:33.194+0000] {dagbag.py:538} INFO - Filling up the DagBag from /home/airflow/.local/lib/python3.8/site-packages/airflow/example_dags/example_time_delta_sensor_async.py
[2025-11-02T19:37:33.211+0000] {processor.py:840} INFO - DAG(s) 'example_time_delta_sensor_async' retrieved from /home/airflow/.local/lib/python3.8/site-packages/airflow/example_dags/example_time_delta_sensor_async.py
[2025-11-02T19:37:33.281+0000] {logging_mixin.py:188} INFO - [2025-11-02T19:37:33.281+0000] {dag.py:3036} INFO - Sync 1 DAGs
[2025-11-02T19:37:33.317+0000] {logging_mixin.py:188} INFO - [2025-11-02T19:37:33.316+0000] {dag.py:3823} INFO - Setting next_dagrun for example_time_delta_sensor_async to None, run_after=None
[2025-11-02T19:37:33.397+0000] {processor.py:183} INFO - Processing /home/airflow/.local/lib/python3.8/site-packages/airflow/example_dags/example_time_delta_sensor_async.py took 0.223 seconds
[2025-11-02T19:38:03.768+0000] {processor.py:161} INFO - Started process (PID=7921) to work on /home/airflow/.local/lib/python3.8/site-packages/airflow/example_dags/example_time_delta_sensor_async.py
[2025-11-02T19:38:03.771+0000] {processor.py:830} INFO - Processing file /home/airflow/.local/lib/python3.8/site-packages/airflow/example_dags/example_time_delta_sensor_async.py for tasks to queue
[2025-11-02T19:38:03.776+0000] {logging_mixin.py:188} INFO - [2025-11-02T19:38:03.775+0000] {dagbag.py:538} INFO - Filling up the DagBag from /home/airflow/.local/lib/python3.8/site-packages/airflow/example_dags/example_time_delta_sensor_async.py
[2025-11-02T19:38:03.788+0000] {processor.py:840} INFO - DAG(s) 'example_time_delta_sensor_async' retrieved from /home/airflow/.local/lib/python3.8/site-packages/airflow/example_dags/example_time_delta_sensor_async.py
[2025-11-02T19:38:03.843+0000] {logging_mixin.py:188} INFO - [2025-11-02T19:38:03.843+0000] {dag.py:3036} INFO - Sync 1 DAGs
[2025-11-02T19:38:03.875+0000] {logging_mixin.py:188} INFO - [2025-11-02T19:38:03.874+0000] {dag.py:3823} INFO - Setting next_dagrun for example_time_delta_sensor_async to None, run_after=None
[2025-11-02T19:38:03.930+0000] {processor.py:183} INFO - Processing /home/airflow/.local/lib/python3.8/site-packages/airflow/example_dags/example_time_delta_sensor_async.py took 0.172 seconds
[2025-11-02T19:38:35.648+0000] {processor.py:161} INFO - Started process (PID=7976) to work on /home/airflow/.local/lib/python3.8/site-packages/airflow/example_dags/example_time_delta_sensor_async.py
[2025-11-02T19:38:35.652+0000] {processor.py:830} INFO - Processing file /home/airflow/.local/lib/python3.8/site-packages/airflow/example_dags/example_time_delta_sensor_async.py for tasks to queue
[2025-11-02T19:38:35.658+0000] {logging_mixin.py:188} INFO - [2025-11-02T19:38:35.657+0000] {dagbag.py:538} INFO - Filling up the DagBag from /home/airflow/.local/lib/python3.8/site-packages/airflow/example_dags/example_time_delta_sensor_async.py
[2025-11-02T19:38:35.672+0000] {processor.py:840} INFO - DAG(s) 'example_time_delta_sensor_async' retrieved from /home/airflow/.local/lib/python3.8/site-packages/airflow/example_dags/example_time_delta_sensor_async.py
[2025-11-02T19:38:35.729+0000] {logging_mixin.py:188} INFO - [2025-11-02T19:38:35.728+0000] {dag.py:3036} INFO - Sync 1 DAGs
[2025-11-02T19:38:35.772+0000] {logging_mixin.py:188} INFO - [2025-11-02T19:38:35.771+0000] {dag.py:3823} INFO - Setting next_dagrun for example_time_delta_sensor_async to None, run_after=None
[2025-11-02T19:38:35.829+0000] {processor.py:183} INFO - Processing /home/airflow/.local/lib/python3.8/site-packages/airflow/example_dags/example_time_delta_sensor_async.py took 0.192 seconds
[2025-11-02T19:39:07.357+0000] {processor.py:161} INFO - Started process (PID=8032) to work on /home/airflow/.local/lib/python3.8/site-packages/airflow/example_dags/example_time_delta_sensor_async.py
[2025-11-02T19:39:07.359+0000] {processor.py:830} INFO - Processing file /home/airflow/.local/lib/python3.8/site-packages/airflow/example_dags/example_time_delta_sensor_async.py for tasks to queue
[2025-11-02T19:39:07.364+0000] {logging_mixin.py:188} INFO - [2025-11-02T19:39:07.363+0000] {dagbag.py:538} INFO - Filling up the DagBag from /home/airflow/.local/lib/python3.8/site-packages/airflow/example_dags/example_time_delta_sensor_async.py
[2025-11-02T19:39:07.380+0000] {processor.py:840} INFO - DAG(s) 'example_time_delta_sensor_async' retrieved from /home/airflow/.local/lib/python3.8/site-packages/airflow/example_dags/example_time_delta_sensor_async.py
[2025-11-02T19:39:07.435+0000] {logging_mixin.py:188} INFO - [2025-11-02T19:39:07.434+0000] {dag.py:3036} INFO - Sync 1 DAGs
[2025-11-02T19:39:07.474+0000] {logging_mixin.py:188} INFO - [2025-11-02T19:39:07.473+0000] {dag.py:3823} INFO - Setting next_dagrun for example_time_delta_sensor_async to None, run_after=None
[2025-11-02T19:39:07.565+0000] {processor.py:183} INFO - Processing /home/airflow/.local/lib/python3.8/site-packages/airflow/example_dags/example_time_delta_sensor_async.py took 0.218 seconds
[2025-11-02T19:39:38.068+0000] {processor.py:161} INFO - Started process (PID=8088) to work on /home/airflow/.local/lib/python3.8/site-packages/airflow/example_dags/example_time_delta_sensor_async.py
[2025-11-02T19:39:38.072+0000] {processor.py:830} INFO - Processing file /home/airflow/.local/lib/python3.8/site-packages/airflow/example_dags/example_time_delta_sensor_async.py for tasks to queue
[2025-11-02T19:39:38.101+0000] {logging_mixin.py:188} INFO - [2025-11-02T19:39:38.099+0000] {dagbag.py:538} INFO - Filling up the DagBag from /home/airflow/.local/lib/python3.8/site-packages/airflow/example_dags/example_time_delta_sensor_async.py
[2025-11-02T19:39:38.144+0000] {processor.py:840} INFO - DAG(s) 'example_time_delta_sensor_async' retrieved from /home/airflow/.local/lib/python3.8/site-packages/airflow/example_dags/example_time_delta_sensor_async.py
[2025-11-02T19:39:38.250+0000] {logging_mixin.py:188} INFO - [2025-11-02T19:39:38.250+0000] {dag.py:3036} INFO - Sync 1 DAGs
[2025-11-02T19:39:38.369+0000] {logging_mixin.py:188} INFO - [2025-11-02T19:39:38.368+0000] {dag.py:3823} INFO - Setting next_dagrun for example_time_delta_sensor_async to None, run_after=None
[2025-11-02T19:39:38.552+0000] {processor.py:183} INFO - Processing /home/airflow/.local/lib/python3.8/site-packages/airflow/example_dags/example_time_delta_sensor_async.py took 0.515 seconds
[2025-11-02T19:40:08.967+0000] {processor.py:161} INFO - Started process (PID=8143) to work on /home/airflow/.local/lib/python3.8/site-packages/airflow/example_dags/example_time_delta_sensor_async.py
[2025-11-02T19:40:08.970+0000] {processor.py:830} INFO - Processing file /home/airflow/.local/lib/python3.8/site-packages/airflow/example_dags/example_time_delta_sensor_async.py for tasks to queue
[2025-11-02T19:40:08.976+0000] {logging_mixin.py:188} INFO - [2025-11-02T19:40:08.975+0000] {dagbag.py:538} INFO - Filling up the DagBag from /home/airflow/.local/lib/python3.8/site-packages/airflow/example_dags/example_time_delta_sensor_async.py
[2025-11-02T19:40:08.993+0000] {processor.py:840} INFO - DAG(s) 'example_time_delta_sensor_async' retrieved from /home/airflow/.local/lib/python3.8/site-packages/airflow/example_dags/example_time_delta_sensor_async.py
[2025-11-02T19:40:09.048+0000] {logging_mixin.py:188} INFO - [2025-11-02T19:40:09.047+0000] {dag.py:3036} INFO - Sync 1 DAGs
[2025-11-02T19:40:09.099+0000] {logging_mixin.py:188} INFO - [2025-11-02T19:40:09.098+0000] {dag.py:3823} INFO - Setting next_dagrun for example_time_delta_sensor_async to None, run_after=None
[2025-11-02T19:40:09.246+0000] {processor.py:183} INFO - Processing /home/airflow/.local/lib/python3.8/site-packages/airflow/example_dags/example_time_delta_sensor_async.py took 0.287 seconds
[2025-11-02T19:40:39.968+0000] {processor.py:161} INFO - Started process (PID=8198) to work on /home/airflow/.local/lib/python3.8/site-packages/airflow/example_dags/example_time_delta_sensor_async.py
[2025-11-02T19:40:39.972+0000] {processor.py:830} INFO - Processing file /home/airflow/.local/lib/python3.8/site-packages/airflow/example_dags/example_time_delta_sensor_async.py for tasks to queue
[2025-11-02T19:40:39.980+0000] {logging_mixin.py:188} INFO - [2025-11-02T19:40:39.978+0000] {dagbag.py:538} INFO - Filling up the DagBag from /home/airflow/.local/lib/python3.8/site-packages/airflow/example_dags/example_time_delta_sensor_async.py
[2025-11-02T19:40:40.012+0000] {processor.py:840} INFO - DAG(s) 'example_time_delta_sensor_async' retrieved from /home/airflow/.local/lib/python3.8/site-packages/airflow/example_dags/example_time_delta_sensor_async.py
[2025-11-02T19:40:40.123+0000] {logging_mixin.py:188} INFO - [2025-11-02T19:40:40.123+0000] {dag.py:3036} INFO - Sync 1 DAGs
[2025-11-02T19:40:40.174+0000] {logging_mixin.py:188} INFO - [2025-11-02T19:40:40.174+0000] {dag.py:3823} INFO - Setting next_dagrun for example_time_delta_sensor_async to None, run_after=None
[2025-11-02T19:40:40.275+0000] {processor.py:183} INFO - Processing /home/airflow/.local/lib/python3.8/site-packages/airflow/example_dags/example_time_delta_sensor_async.py took 0.320 seconds
[2025-11-02T19:41:10.849+0000] {processor.py:161} INFO - Started process (PID=8253) to work on /home/airflow/.local/lib/python3.8/site-packages/airflow/example_dags/example_time_delta_sensor_async.py
[2025-11-02T19:41:10.852+0000] {processor.py:830} INFO - Processing file /home/airflow/.local/lib/python3.8/site-packages/airflow/example_dags/example_time_delta_sensor_async.py for tasks to queue
[2025-11-02T19:41:10.857+0000] {logging_mixin.py:188} INFO - [2025-11-02T19:41:10.857+0000] {dagbag.py:538} INFO - Filling up the DagBag from /home/airflow/.local/lib/python3.8/site-packages/airflow/example_dags/example_time_delta_sensor_async.py
[2025-11-02T19:41:10.871+0000] {processor.py:840} INFO - DAG(s) 'example_time_delta_sensor_async' retrieved from /home/airflow/.local/lib/python3.8/site-packages/airflow/example_dags/example_time_delta_sensor_async.py
[2025-11-02T19:41:10.919+0000] {logging_mixin.py:188} INFO - [2025-11-02T19:41:10.919+0000] {dag.py:3036} INFO - Sync 1 DAGs
[2025-11-02T19:41:10.945+0000] {logging_mixin.py:188} INFO - [2025-11-02T19:41:10.944+0000] {dag.py:3823} INFO - Setting next_dagrun for example_time_delta_sensor_async to None, run_after=None
[2025-11-02T19:41:10.985+0000] {processor.py:183} INFO - Processing /home/airflow/.local/lib/python3.8/site-packages/airflow/example_dags/example_time_delta_sensor_async.py took 0.145 seconds
[2025-11-02T19:41:41.547+0000] {processor.py:161} INFO - Started process (PID=8308) to work on /home/airflow/.local/lib/python3.8/site-packages/airflow/example_dags/example_time_delta_sensor_async.py
[2025-11-02T19:41:41.553+0000] {processor.py:830} INFO - Processing file /home/airflow/.local/lib/python3.8/site-packages/airflow/example_dags/example_time_delta_sensor_async.py for tasks to queue
[2025-11-02T19:41:41.576+0000] {logging_mixin.py:188} INFO - [2025-11-02T19:41:41.574+0000] {dagbag.py:538} INFO - Filling up the DagBag from /home/airflow/.local/lib/python3.8/site-packages/airflow/example_dags/example_time_delta_sensor_async.py
[2025-11-02T19:41:41.617+0000] {processor.py:840} INFO - DAG(s) 'example_time_delta_sensor_async' retrieved from /home/airflow/.local/lib/python3.8/site-packages/airflow/example_dags/example_time_delta_sensor_async.py
[2025-11-02T19:41:41.730+0000] {logging_mixin.py:188} INFO - [2025-11-02T19:41:41.729+0000] {dag.py:3036} INFO - Sync 1 DAGs
[2025-11-02T19:41:41.786+0000] {logging_mixin.py:188} INFO - [2025-11-02T19:41:41.785+0000] {dag.py:3823} INFO - Setting next_dagrun for example_time_delta_sensor_async to None, run_after=None
[2025-11-02T19:41:41.890+0000] {processor.py:183} INFO - Processing /home/airflow/.local/lib/python3.8/site-packages/airflow/example_dags/example_time_delta_sensor_async.py took 0.359 seconds
[2025-11-02T19:42:12.200+0000] {processor.py:161} INFO - Started process (PID=8362) to work on /home/airflow/.local/lib/python3.8/site-packages/airflow/example_dags/example_time_delta_sensor_async.py
[2025-11-02T19:42:12.203+0000] {processor.py:830} INFO - Processing file /home/airflow/.local/lib/python3.8/site-packages/airflow/example_dags/example_time_delta_sensor_async.py for tasks to queue
[2025-11-02T19:42:12.209+0000] {logging_mixin.py:188} INFO - [2025-11-02T19:42:12.208+0000] {dagbag.py:538} INFO - Filling up the DagBag from /home/airflow/.local/lib/python3.8/site-packages/airflow/example_dags/example_time_delta_sensor_async.py
[2025-11-02T19:42:12.222+0000] {processor.py:840} INFO - DAG(s) 'example_time_delta_sensor_async' retrieved from /home/airflow/.local/lib/python3.8/site-packages/airflow/example_dags/example_time_delta_sensor_async.py
[2025-11-02T19:42:12.281+0000] {logging_mixin.py:188} INFO - [2025-11-02T19:42:12.280+0000] {dag.py:3036} INFO - Sync 1 DAGs
[2025-11-02T19:42:12.316+0000] {logging_mixin.py:188} INFO - [2025-11-02T19:42:12.316+0000] {dag.py:3823} INFO - Setting next_dagrun for example_time_delta_sensor_async to None, run_after=None
[2025-11-02T19:42:12.368+0000] {processor.py:183} INFO - Processing /home/airflow/.local/lib/python3.8/site-packages/airflow/example_dags/example_time_delta_sensor_async.py took 0.177 seconds
[2025-11-02T19:42:43.521+0000] {processor.py:161} INFO - Started process (PID=8417) to work on /home/airflow/.local/lib/python3.8/site-packages/airflow/example_dags/example_time_delta_sensor_async.py
[2025-11-02T19:42:43.525+0000] {processor.py:830} INFO - Processing file /home/airflow/.local/lib/python3.8/site-packages/airflow/example_dags/example_time_delta_sensor_async.py for tasks to queue
[2025-11-02T19:42:43.531+0000] {logging_mixin.py:188} INFO - [2025-11-02T19:42:43.531+0000] {dagbag.py:538} INFO - Filling up the DagBag from /home/airflow/.local/lib/python3.8/site-packages/airflow/example_dags/example_time_delta_sensor_async.py
[2025-11-02T19:42:43.551+0000] {processor.py:840} INFO - DAG(s) 'example_time_delta_sensor_async' retrieved from /home/airflow/.local/lib/python3.8/site-packages/airflow/example_dags/example_time_delta_sensor_async.py
[2025-11-02T19:42:43.619+0000] {logging_mixin.py:188} INFO - [2025-11-02T19:42:43.618+0000] {dag.py:3036} INFO - Sync 1 DAGs
[2025-11-02T19:42:43.674+0000] {logging_mixin.py:188} INFO - [2025-11-02T19:42:43.673+0000] {dag.py:3823} INFO - Setting next_dagrun for example_time_delta_sensor_async to None, run_after=None
[2025-11-02T19:42:43.761+0000] {processor.py:183} INFO - Processing /home/airflow/.local/lib/python3.8/site-packages/airflow/example_dags/example_time_delta_sensor_async.py took 0.256 seconds
