[2025-11-02T18:24:40.611+0000] {processor.py:161} INFO - Started process (PID=108) to work on /home/airflow/.local/lib/python3.8/site-packages/airflow/example_dags/example_python_decorator.py
[2025-11-02T18:24:40.642+0000] {processor.py:830} INFO - Processing file /home/airflow/.local/lib/python3.8/site-packages/airflow/example_dags/example_python_decorator.py for tasks to queue
[2025-11-02T18:24:40.682+0000] {logging_mixin.py:188} INFO - [2025-11-02T18:24:40.680+0000] {dagbag.py:538} INFO - Filling up the DagBag from /home/airflow/.local/lib/python3.8/site-packages/airflow/example_dags/example_python_decorator.py
[2025-11-02T18:24:40.873+0000] {processor.py:840} INFO - DAG(s) 'example_python_decorator' retrieved from /home/airflow/.local/lib/python3.8/site-packages/airflow/example_dags/example_python_decorator.py
[2025-11-02T18:24:41.894+0000] {logging_mixin.py:188} INFO - [2025-11-02T18:24:41.893+0000] {dag.py:3036} INFO - Sync 1 DAGs
[2025-11-02T18:24:42.038+0000] {logging_mixin.py:188} INFO - [2025-11-02T18:24:42.037+0000] {dag.py:3823} INFO - Setting next_dagrun for example_python_decorator to None, run_after=None
[2025-11-02T18:24:42.266+0000] {processor.py:183} INFO - Processing /home/airflow/.local/lib/python3.8/site-packages/airflow/example_dags/example_python_decorator.py took 1.691 seconds
[2025-11-02T18:25:13.195+0000] {processor.py:161} INFO - Started process (PID=163) to work on /home/airflow/.local/lib/python3.8/site-packages/airflow/example_dags/example_python_decorator.py
[2025-11-02T18:25:13.198+0000] {processor.py:830} INFO - Processing file /home/airflow/.local/lib/python3.8/site-packages/airflow/example_dags/example_python_decorator.py for tasks to queue
[2025-11-02T18:25:13.203+0000] {logging_mixin.py:188} INFO - [2025-11-02T18:25:13.202+0000] {dagbag.py:538} INFO - Filling up the DagBag from /home/airflow/.local/lib/python3.8/site-packages/airflow/example_dags/example_python_decorator.py
[2025-11-02T18:25:13.243+0000] {processor.py:840} INFO - DAG(s) 'example_python_decorator' retrieved from /home/airflow/.local/lib/python3.8/site-packages/airflow/example_dags/example_python_decorator.py
[2025-11-02T18:25:13.308+0000] {logging_mixin.py:188} INFO - [2025-11-02T18:25:13.308+0000] {dag.py:3036} INFO - Sync 1 DAGs
[2025-11-02T18:25:13.337+0000] {logging_mixin.py:188} INFO - [2025-11-02T18:25:13.337+0000] {dag.py:3823} INFO - Setting next_dagrun for example_python_decorator to None, run_after=None
[2025-11-02T18:25:13.388+0000] {processor.py:183} INFO - Processing /home/airflow/.local/lib/python3.8/site-packages/airflow/example_dags/example_python_decorator.py took 0.202 seconds
[2025-11-02T18:25:43.671+0000] {processor.py:161} INFO - Started process (PID=218) to work on /home/airflow/.local/lib/python3.8/site-packages/airflow/example_dags/example_python_decorator.py
[2025-11-02T18:25:43.674+0000] {processor.py:830} INFO - Processing file /home/airflow/.local/lib/python3.8/site-packages/airflow/example_dags/example_python_decorator.py for tasks to queue
[2025-11-02T18:25:43.679+0000] {logging_mixin.py:188} INFO - [2025-11-02T18:25:43.678+0000] {dagbag.py:538} INFO - Filling up the DagBag from /home/airflow/.local/lib/python3.8/site-packages/airflow/example_dags/example_python_decorator.py
[2025-11-02T18:25:43.708+0000] {processor.py:840} INFO - DAG(s) 'example_python_decorator' retrieved from /home/airflow/.local/lib/python3.8/site-packages/airflow/example_dags/example_python_decorator.py
[2025-11-02T18:25:43.758+0000] {logging_mixin.py:188} INFO - [2025-11-02T18:25:43.757+0000] {dag.py:3036} INFO - Sync 1 DAGs
[2025-11-02T18:25:43.790+0000] {logging_mixin.py:188} INFO - [2025-11-02T18:25:43.789+0000] {dag.py:3823} INFO - Setting next_dagrun for example_python_decorator to None, run_after=None
[2025-11-02T18:25:43.831+0000] {processor.py:183} INFO - Processing /home/airflow/.local/lib/python3.8/site-packages/airflow/example_dags/example_python_decorator.py took 0.168 seconds
[2025-11-02T18:26:16.701+0000] {processor.py:161} INFO - Started process (PID=273) to work on /home/airflow/.local/lib/python3.8/site-packages/airflow/example_dags/example_python_decorator.py
[2025-11-02T18:26:16.704+0000] {processor.py:830} INFO - Processing file /home/airflow/.local/lib/python3.8/site-packages/airflow/example_dags/example_python_decorator.py for tasks to queue
[2025-11-02T18:26:16.712+0000] {logging_mixin.py:188} INFO - [2025-11-02T18:26:16.709+0000] {dagbag.py:538} INFO - Filling up the DagBag from /home/airflow/.local/lib/python3.8/site-packages/airflow/example_dags/example_python_decorator.py
[2025-11-02T18:26:16.770+0000] {processor.py:840} INFO - DAG(s) 'example_python_decorator' retrieved from /home/airflow/.local/lib/python3.8/site-packages/airflow/example_dags/example_python_decorator.py
[2025-11-02T18:26:16.840+0000] {logging_mixin.py:188} INFO - [2025-11-02T18:26:16.839+0000] {dag.py:3036} INFO - Sync 1 DAGs
[2025-11-02T18:26:16.888+0000] {logging_mixin.py:188} INFO - [2025-11-02T18:26:16.887+0000] {dag.py:3823} INFO - Setting next_dagrun for example_python_decorator to None, run_after=None
[2025-11-02T18:26:16.950+0000] {processor.py:183} INFO - Processing /home/airflow/.local/lib/python3.8/site-packages/airflow/example_dags/example_python_decorator.py took 0.263 seconds
[2025-11-02T18:26:51.599+0000] {processor.py:161} INFO - Started process (PID=328) to work on /home/airflow/.local/lib/python3.8/site-packages/airflow/example_dags/example_python_decorator.py
[2025-11-02T18:26:51.607+0000] {processor.py:830} INFO - Processing file /home/airflow/.local/lib/python3.8/site-packages/airflow/example_dags/example_python_decorator.py for tasks to queue
[2025-11-02T18:26:51.615+0000] {logging_mixin.py:188} INFO - [2025-11-02T18:26:51.614+0000] {dagbag.py:538} INFO - Filling up the DagBag from /home/airflow/.local/lib/python3.8/site-packages/airflow/example_dags/example_python_decorator.py
[2025-11-02T18:26:51.742+0000] {processor.py:840} INFO - DAG(s) 'example_python_decorator' retrieved from /home/airflow/.local/lib/python3.8/site-packages/airflow/example_dags/example_python_decorator.py
[2025-11-02T18:26:51.864+0000] {logging_mixin.py:188} INFO - [2025-11-02T18:26:51.863+0000] {dag.py:3036} INFO - Sync 1 DAGs
[2025-11-02T18:26:51.965+0000] {logging_mixin.py:188} INFO - [2025-11-02T18:26:51.965+0000] {dag.py:3823} INFO - Setting next_dagrun for example_python_decorator to None, run_after=None
[2025-11-02T18:26:52.037+0000] {processor.py:183} INFO - Processing /home/airflow/.local/lib/python3.8/site-packages/airflow/example_dags/example_python_decorator.py took 0.454 seconds
[2025-11-02T18:27:22.188+0000] {processor.py:161} INFO - Started process (PID=383) to work on /home/airflow/.local/lib/python3.8/site-packages/airflow/example_dags/example_python_decorator.py
[2025-11-02T18:27:22.191+0000] {processor.py:830} INFO - Processing file /home/airflow/.local/lib/python3.8/site-packages/airflow/example_dags/example_python_decorator.py for tasks to queue
[2025-11-02T18:27:22.195+0000] {logging_mixin.py:188} INFO - [2025-11-02T18:27:22.195+0000] {dagbag.py:538} INFO - Filling up the DagBag from /home/airflow/.local/lib/python3.8/site-packages/airflow/example_dags/example_python_decorator.py
[2025-11-02T18:27:22.228+0000] {processor.py:840} INFO - DAG(s) 'example_python_decorator' retrieved from /home/airflow/.local/lib/python3.8/site-packages/airflow/example_dags/example_python_decorator.py
[2025-11-02T18:27:22.275+0000] {logging_mixin.py:188} INFO - [2025-11-02T18:27:22.274+0000] {dag.py:3036} INFO - Sync 1 DAGs
[2025-11-02T18:27:22.299+0000] {logging_mixin.py:188} INFO - [2025-11-02T18:27:22.298+0000] {dag.py:3823} INFO - Setting next_dagrun for example_python_decorator to None, run_after=None
[2025-11-02T18:27:22.338+0000] {processor.py:183} INFO - Processing /home/airflow/.local/lib/python3.8/site-packages/airflow/example_dags/example_python_decorator.py took 0.162 seconds
[2025-11-02T18:27:52.775+0000] {processor.py:161} INFO - Started process (PID=438) to work on /home/airflow/.local/lib/python3.8/site-packages/airflow/example_dags/example_python_decorator.py
[2025-11-02T18:27:52.778+0000] {processor.py:830} INFO - Processing file /home/airflow/.local/lib/python3.8/site-packages/airflow/example_dags/example_python_decorator.py for tasks to queue
[2025-11-02T18:27:52.786+0000] {logging_mixin.py:188} INFO - [2025-11-02T18:27:52.785+0000] {dagbag.py:538} INFO - Filling up the DagBag from /home/airflow/.local/lib/python3.8/site-packages/airflow/example_dags/example_python_decorator.py
[2025-11-02T18:27:52.829+0000] {processor.py:840} INFO - DAG(s) 'example_python_decorator' retrieved from /home/airflow/.local/lib/python3.8/site-packages/airflow/example_dags/example_python_decorator.py
[2025-11-02T18:27:52.889+0000] {logging_mixin.py:188} INFO - [2025-11-02T18:27:52.889+0000] {dag.py:3036} INFO - Sync 1 DAGs
[2025-11-02T18:27:52.925+0000] {logging_mixin.py:188} INFO - [2025-11-02T18:27:52.925+0000] {dag.py:3823} INFO - Setting next_dagrun for example_python_decorator to None, run_after=None
[2025-11-02T18:27:52.971+0000] {processor.py:183} INFO - Processing /home/airflow/.local/lib/python3.8/site-packages/airflow/example_dags/example_python_decorator.py took 0.210 seconds
[2025-11-02T18:28:23.237+0000] {processor.py:161} INFO - Started process (PID=493) to work on /home/airflow/.local/lib/python3.8/site-packages/airflow/example_dags/example_python_decorator.py
[2025-11-02T18:28:23.240+0000] {processor.py:830} INFO - Processing file /home/airflow/.local/lib/python3.8/site-packages/airflow/example_dags/example_python_decorator.py for tasks to queue
[2025-11-02T18:28:23.248+0000] {logging_mixin.py:188} INFO - [2025-11-02T18:28:23.247+0000] {dagbag.py:538} INFO - Filling up the DagBag from /home/airflow/.local/lib/python3.8/site-packages/airflow/example_dags/example_python_decorator.py
[2025-11-02T18:28:23.292+0000] {processor.py:840} INFO - DAG(s) 'example_python_decorator' retrieved from /home/airflow/.local/lib/python3.8/site-packages/airflow/example_dags/example_python_decorator.py
[2025-11-02T18:28:23.345+0000] {logging_mixin.py:188} INFO - [2025-11-02T18:28:23.345+0000] {dag.py:3036} INFO - Sync 1 DAGs
[2025-11-02T18:28:23.378+0000] {logging_mixin.py:188} INFO - [2025-11-02T18:28:23.378+0000] {dag.py:3823} INFO - Setting next_dagrun for example_python_decorator to None, run_after=None
[2025-11-02T18:28:23.425+0000] {processor.py:183} INFO - Processing /home/airflow/.local/lib/python3.8/site-packages/airflow/example_dags/example_python_decorator.py took 0.200 seconds
[2025-11-02T18:28:55.355+0000] {processor.py:161} INFO - Started process (PID=549) to work on /home/airflow/.local/lib/python3.8/site-packages/airflow/example_dags/example_python_decorator.py
[2025-11-02T18:28:55.359+0000] {processor.py:830} INFO - Processing file /home/airflow/.local/lib/python3.8/site-packages/airflow/example_dags/example_python_decorator.py for tasks to queue
[2025-11-02T18:28:55.367+0000] {logging_mixin.py:188} INFO - [2025-11-02T18:28:55.365+0000] {dagbag.py:538} INFO - Filling up the DagBag from /home/airflow/.local/lib/python3.8/site-packages/airflow/example_dags/example_python_decorator.py
[2025-11-02T18:28:55.438+0000] {processor.py:840} INFO - DAG(s) 'example_python_decorator' retrieved from /home/airflow/.local/lib/python3.8/site-packages/airflow/example_dags/example_python_decorator.py
[2025-11-02T18:28:55.527+0000] {logging_mixin.py:188} INFO - [2025-11-02T18:28:55.526+0000] {dag.py:3036} INFO - Sync 1 DAGs
[2025-11-02T18:28:55.565+0000] {logging_mixin.py:188} INFO - [2025-11-02T18:28:55.565+0000] {dag.py:3823} INFO - Setting next_dagrun for example_python_decorator to None, run_after=None
[2025-11-02T18:28:55.641+0000] {processor.py:183} INFO - Processing /home/airflow/.local/lib/python3.8/site-packages/airflow/example_dags/example_python_decorator.py took 0.311 seconds
[2025-11-02T18:29:26.485+0000] {processor.py:161} INFO - Started process (PID=604) to work on /home/airflow/.local/lib/python3.8/site-packages/airflow/example_dags/example_python_decorator.py
[2025-11-02T18:29:26.488+0000] {processor.py:830} INFO - Processing file /home/airflow/.local/lib/python3.8/site-packages/airflow/example_dags/example_python_decorator.py for tasks to queue
[2025-11-02T18:29:26.494+0000] {logging_mixin.py:188} INFO - [2025-11-02T18:29:26.493+0000] {dagbag.py:538} INFO - Filling up the DagBag from /home/airflow/.local/lib/python3.8/site-packages/airflow/example_dags/example_python_decorator.py
[2025-11-02T18:29:26.527+0000] {processor.py:840} INFO - DAG(s) 'example_python_decorator' retrieved from /home/airflow/.local/lib/python3.8/site-packages/airflow/example_dags/example_python_decorator.py
[2025-11-02T18:29:26.589+0000] {logging_mixin.py:188} INFO - [2025-11-02T18:29:26.589+0000] {dag.py:3036} INFO - Sync 1 DAGs
[2025-11-02T18:29:26.631+0000] {logging_mixin.py:188} INFO - [2025-11-02T18:29:26.630+0000] {dag.py:3823} INFO - Setting next_dagrun for example_python_decorator to None, run_after=None
[2025-11-02T18:29:26.686+0000] {processor.py:183} INFO - Processing /home/airflow/.local/lib/python3.8/site-packages/airflow/example_dags/example_python_decorator.py took 0.213 seconds
[2025-11-02T18:29:57.219+0000] {processor.py:161} INFO - Started process (PID=659) to work on /home/airflow/.local/lib/python3.8/site-packages/airflow/example_dags/example_python_decorator.py
[2025-11-02T18:29:57.239+0000] {processor.py:830} INFO - Processing file /home/airflow/.local/lib/python3.8/site-packages/airflow/example_dags/example_python_decorator.py for tasks to queue
[2025-11-02T18:29:57.249+0000] {logging_mixin.py:188} INFO - [2025-11-02T18:29:57.247+0000] {dagbag.py:538} INFO - Filling up the DagBag from /home/airflow/.local/lib/python3.8/site-packages/airflow/example_dags/example_python_decorator.py
[2025-11-02T18:29:57.317+0000] {processor.py:840} INFO - DAG(s) 'example_python_decorator' retrieved from /home/airflow/.local/lib/python3.8/site-packages/airflow/example_dags/example_python_decorator.py
[2025-11-02T18:29:57.430+0000] {logging_mixin.py:188} INFO - [2025-11-02T18:29:57.429+0000] {dag.py:3036} INFO - Sync 1 DAGs
[2025-11-02T18:29:57.473+0000] {logging_mixin.py:188} INFO - [2025-11-02T18:29:57.473+0000] {dag.py:3823} INFO - Setting next_dagrun for example_python_decorator to None, run_after=None
[2025-11-02T18:29:57.552+0000] {processor.py:183} INFO - Processing /home/airflow/.local/lib/python3.8/site-packages/airflow/example_dags/example_python_decorator.py took 0.358 seconds
[2025-11-02T18:30:28.189+0000] {processor.py:161} INFO - Started process (PID=714) to work on /home/airflow/.local/lib/python3.8/site-packages/airflow/example_dags/example_python_decorator.py
[2025-11-02T18:30:28.193+0000] {processor.py:830} INFO - Processing file /home/airflow/.local/lib/python3.8/site-packages/airflow/example_dags/example_python_decorator.py for tasks to queue
[2025-11-02T18:30:28.208+0000] {logging_mixin.py:188} INFO - [2025-11-02T18:30:28.207+0000] {dagbag.py:538} INFO - Filling up the DagBag from /home/airflow/.local/lib/python3.8/site-packages/airflow/example_dags/example_python_decorator.py
[2025-11-02T18:30:28.350+0000] {processor.py:840} INFO - DAG(s) 'example_python_decorator' retrieved from /home/airflow/.local/lib/python3.8/site-packages/airflow/example_dags/example_python_decorator.py
[2025-11-02T18:30:28.465+0000] {logging_mixin.py:188} INFO - [2025-11-02T18:30:28.464+0000] {dag.py:3036} INFO - Sync 1 DAGs
[2025-11-02T18:30:28.527+0000] {logging_mixin.py:188} INFO - [2025-11-02T18:30:28.526+0000] {dag.py:3823} INFO - Setting next_dagrun for example_python_decorator to None, run_after=None
[2025-11-02T18:30:28.620+0000] {processor.py:183} INFO - Processing /home/airflow/.local/lib/python3.8/site-packages/airflow/example_dags/example_python_decorator.py took 0.463 seconds
[2025-11-02T18:30:59.000+0000] {processor.py:161} INFO - Started process (PID=769) to work on /home/airflow/.local/lib/python3.8/site-packages/airflow/example_dags/example_python_decorator.py
[2025-11-02T18:30:59.003+0000] {processor.py:830} INFO - Processing file /home/airflow/.local/lib/python3.8/site-packages/airflow/example_dags/example_python_decorator.py for tasks to queue
[2025-11-02T18:30:59.010+0000] {logging_mixin.py:188} INFO - [2025-11-02T18:30:59.009+0000] {dagbag.py:538} INFO - Filling up the DagBag from /home/airflow/.local/lib/python3.8/site-packages/airflow/example_dags/example_python_decorator.py
[2025-11-02T18:30:59.057+0000] {processor.py:840} INFO - DAG(s) 'example_python_decorator' retrieved from /home/airflow/.local/lib/python3.8/site-packages/airflow/example_dags/example_python_decorator.py
[2025-11-02T18:30:59.124+0000] {logging_mixin.py:188} INFO - [2025-11-02T18:30:59.123+0000] {dag.py:3036} INFO - Sync 1 DAGs
[2025-11-02T18:30:59.175+0000] {logging_mixin.py:188} INFO - [2025-11-02T18:30:59.173+0000] {dag.py:3823} INFO - Setting next_dagrun for example_python_decorator to None, run_after=None
[2025-11-02T18:30:59.228+0000] {processor.py:183} INFO - Processing /home/airflow/.local/lib/python3.8/site-packages/airflow/example_dags/example_python_decorator.py took 0.240 seconds
[2025-11-02T18:31:29.865+0000] {processor.py:161} INFO - Started process (PID=822) to work on /home/airflow/.local/lib/python3.8/site-packages/airflow/example_dags/example_python_decorator.py
[2025-11-02T18:31:29.870+0000] {processor.py:830} INFO - Processing file /home/airflow/.local/lib/python3.8/site-packages/airflow/example_dags/example_python_decorator.py for tasks to queue
[2025-11-02T18:31:29.877+0000] {logging_mixin.py:188} INFO - [2025-11-02T18:31:29.877+0000] {dagbag.py:538} INFO - Filling up the DagBag from /home/airflow/.local/lib/python3.8/site-packages/airflow/example_dags/example_python_decorator.py
[2025-11-02T18:31:29.933+0000] {processor.py:840} INFO - DAG(s) 'example_python_decorator' retrieved from /home/airflow/.local/lib/python3.8/site-packages/airflow/example_dags/example_python_decorator.py
[2025-11-02T18:31:30.070+0000] {logging_mixin.py:188} INFO - [2025-11-02T18:31:30.069+0000] {dag.py:3036} INFO - Sync 1 DAGs
[2025-11-02T18:31:30.116+0000] {logging_mixin.py:188} INFO - [2025-11-02T18:31:30.115+0000] {dag.py:3823} INFO - Setting next_dagrun for example_python_decorator to None, run_after=None
[2025-11-02T18:31:30.166+0000] {processor.py:183} INFO - Processing /home/airflow/.local/lib/python3.8/site-packages/airflow/example_dags/example_python_decorator.py took 0.321 seconds
[2025-11-02T18:32:00.973+0000] {processor.py:161} INFO - Started process (PID=877) to work on /home/airflow/.local/lib/python3.8/site-packages/airflow/example_dags/example_python_decorator.py
[2025-11-02T18:32:00.976+0000] {processor.py:830} INFO - Processing file /home/airflow/.local/lib/python3.8/site-packages/airflow/example_dags/example_python_decorator.py for tasks to queue
[2025-11-02T18:32:00.981+0000] {logging_mixin.py:188} INFO - [2025-11-02T18:32:00.980+0000] {dagbag.py:538} INFO - Filling up the DagBag from /home/airflow/.local/lib/python3.8/site-packages/airflow/example_dags/example_python_decorator.py
[2025-11-02T18:32:01.015+0000] {processor.py:840} INFO - DAG(s) 'example_python_decorator' retrieved from /home/airflow/.local/lib/python3.8/site-packages/airflow/example_dags/example_python_decorator.py
[2025-11-02T18:32:01.069+0000] {logging_mixin.py:188} INFO - [2025-11-02T18:32:01.068+0000] {dag.py:3036} INFO - Sync 1 DAGs
[2025-11-02T18:32:01.097+0000] {logging_mixin.py:188} INFO - [2025-11-02T18:32:01.097+0000] {dag.py:3823} INFO - Setting next_dagrun for example_python_decorator to None, run_after=None
[2025-11-02T18:32:01.151+0000] {processor.py:183} INFO - Processing /home/airflow/.local/lib/python3.8/site-packages/airflow/example_dags/example_python_decorator.py took 0.188 seconds
[2025-11-02T18:32:31.407+0000] {processor.py:161} INFO - Started process (PID=930) to work on /home/airflow/.local/lib/python3.8/site-packages/airflow/example_dags/example_python_decorator.py
[2025-11-02T18:32:31.409+0000] {processor.py:830} INFO - Processing file /home/airflow/.local/lib/python3.8/site-packages/airflow/example_dags/example_python_decorator.py for tasks to queue
[2025-11-02T18:32:31.415+0000] {logging_mixin.py:188} INFO - [2025-11-02T18:32:31.414+0000] {dagbag.py:538} INFO - Filling up the DagBag from /home/airflow/.local/lib/python3.8/site-packages/airflow/example_dags/example_python_decorator.py
[2025-11-02T18:32:31.448+0000] {processor.py:840} INFO - DAG(s) 'example_python_decorator' retrieved from /home/airflow/.local/lib/python3.8/site-packages/airflow/example_dags/example_python_decorator.py
[2025-11-02T18:32:31.499+0000] {logging_mixin.py:188} INFO - [2025-11-02T18:32:31.499+0000] {dag.py:3036} INFO - Sync 1 DAGs
[2025-11-02T18:32:31.523+0000] {logging_mixin.py:188} INFO - [2025-11-02T18:32:31.523+0000] {dag.py:3823} INFO - Setting next_dagrun for example_python_decorator to None, run_after=None
[2025-11-02T18:32:31.565+0000] {processor.py:183} INFO - Processing /home/airflow/.local/lib/python3.8/site-packages/airflow/example_dags/example_python_decorator.py took 0.167 seconds
[2025-11-02T18:33:01.931+0000] {processor.py:161} INFO - Started process (PID=985) to work on /home/airflow/.local/lib/python3.8/site-packages/airflow/example_dags/example_python_decorator.py
[2025-11-02T18:33:01.934+0000] {processor.py:830} INFO - Processing file /home/airflow/.local/lib/python3.8/site-packages/airflow/example_dags/example_python_decorator.py for tasks to queue
[2025-11-02T18:33:01.941+0000] {logging_mixin.py:188} INFO - [2025-11-02T18:33:01.940+0000] {dagbag.py:538} INFO - Filling up the DagBag from /home/airflow/.local/lib/python3.8/site-packages/airflow/example_dags/example_python_decorator.py
[2025-11-02T18:33:01.983+0000] {processor.py:840} INFO - DAG(s) 'example_python_decorator' retrieved from /home/airflow/.local/lib/python3.8/site-packages/airflow/example_dags/example_python_decorator.py
[2025-11-02T18:33:02.047+0000] {logging_mixin.py:188} INFO - [2025-11-02T18:33:02.047+0000] {dag.py:3036} INFO - Sync 1 DAGs
[2025-11-02T18:33:02.091+0000] {logging_mixin.py:188} INFO - [2025-11-02T18:33:02.090+0000] {dag.py:3823} INFO - Setting next_dagrun for example_python_decorator to None, run_after=None
[2025-11-02T18:33:02.167+0000] {processor.py:183} INFO - Processing /home/airflow/.local/lib/python3.8/site-packages/airflow/example_dags/example_python_decorator.py took 0.248 seconds
[2025-11-02T18:33:32.691+0000] {processor.py:161} INFO - Started process (PID=1040) to work on /home/airflow/.local/lib/python3.8/site-packages/airflow/example_dags/example_python_decorator.py
[2025-11-02T18:33:32.694+0000] {processor.py:830} INFO - Processing file /home/airflow/.local/lib/python3.8/site-packages/airflow/example_dags/example_python_decorator.py for tasks to queue
[2025-11-02T18:33:32.703+0000] {logging_mixin.py:188} INFO - [2025-11-02T18:33:32.700+0000] {dagbag.py:538} INFO - Filling up the DagBag from /home/airflow/.local/lib/python3.8/site-packages/airflow/example_dags/example_python_decorator.py
[2025-11-02T18:33:32.757+0000] {processor.py:840} INFO - DAG(s) 'example_python_decorator' retrieved from /home/airflow/.local/lib/python3.8/site-packages/airflow/example_dags/example_python_decorator.py
[2025-11-02T18:33:32.848+0000] {logging_mixin.py:188} INFO - [2025-11-02T18:33:32.848+0000] {dag.py:3036} INFO - Sync 1 DAGs
[2025-11-02T18:33:32.898+0000] {logging_mixin.py:188} INFO - [2025-11-02T18:33:32.896+0000] {dag.py:3823} INFO - Setting next_dagrun for example_python_decorator to None, run_after=None
[2025-11-02T18:33:32.959+0000] {processor.py:183} INFO - Processing /home/airflow/.local/lib/python3.8/site-packages/airflow/example_dags/example_python_decorator.py took 0.280 seconds
[2025-11-02T18:34:03.354+0000] {processor.py:161} INFO - Started process (PID=1095) to work on /home/airflow/.local/lib/python3.8/site-packages/airflow/example_dags/example_python_decorator.py
[2025-11-02T18:34:03.356+0000] {processor.py:830} INFO - Processing file /home/airflow/.local/lib/python3.8/site-packages/airflow/example_dags/example_python_decorator.py for tasks to queue
[2025-11-02T18:34:03.362+0000] {logging_mixin.py:188} INFO - [2025-11-02T18:34:03.361+0000] {dagbag.py:538} INFO - Filling up the DagBag from /home/airflow/.local/lib/python3.8/site-packages/airflow/example_dags/example_python_decorator.py
[2025-11-02T18:34:03.394+0000] {processor.py:840} INFO - DAG(s) 'example_python_decorator' retrieved from /home/airflow/.local/lib/python3.8/site-packages/airflow/example_dags/example_python_decorator.py
[2025-11-02T18:34:03.459+0000] {logging_mixin.py:188} INFO - [2025-11-02T18:34:03.459+0000] {dag.py:3036} INFO - Sync 1 DAGs
[2025-11-02T18:34:03.495+0000] {logging_mixin.py:188} INFO - [2025-11-02T18:34:03.495+0000] {dag.py:3823} INFO - Setting next_dagrun for example_python_decorator to None, run_after=None
[2025-11-02T18:34:03.544+0000] {processor.py:183} INFO - Processing /home/airflow/.local/lib/python3.8/site-packages/airflow/example_dags/example_python_decorator.py took 0.199 seconds
[2025-11-02T18:34:34.029+0000] {processor.py:161} INFO - Started process (PID=1150) to work on /home/airflow/.local/lib/python3.8/site-packages/airflow/example_dags/example_python_decorator.py
[2025-11-02T18:34:34.035+0000] {processor.py:830} INFO - Processing file /home/airflow/.local/lib/python3.8/site-packages/airflow/example_dags/example_python_decorator.py for tasks to queue
[2025-11-02T18:34:34.068+0000] {logging_mixin.py:188} INFO - [2025-11-02T18:34:34.067+0000] {dagbag.py:538} INFO - Filling up the DagBag from /home/airflow/.local/lib/python3.8/site-packages/airflow/example_dags/example_python_decorator.py
[2025-11-02T18:34:34.136+0000] {processor.py:840} INFO - DAG(s) 'example_python_decorator' retrieved from /home/airflow/.local/lib/python3.8/site-packages/airflow/example_dags/example_python_decorator.py
[2025-11-02T18:34:34.207+0000] {logging_mixin.py:188} INFO - [2025-11-02T18:34:34.205+0000] {dag.py:3036} INFO - Sync 1 DAGs
[2025-11-02T18:34:34.253+0000] {logging_mixin.py:188} INFO - [2025-11-02T18:34:34.252+0000] {dag.py:3823} INFO - Setting next_dagrun for example_python_decorator to None, run_after=None
[2025-11-02T18:34:34.307+0000] {processor.py:183} INFO - Processing /home/airflow/.local/lib/python3.8/site-packages/airflow/example_dags/example_python_decorator.py took 0.292 seconds
[2025-11-02T18:35:04.533+0000] {processor.py:161} INFO - Started process (PID=1206) to work on /home/airflow/.local/lib/python3.8/site-packages/airflow/example_dags/example_python_decorator.py
[2025-11-02T18:35:04.539+0000] {processor.py:830} INFO - Processing file /home/airflow/.local/lib/python3.8/site-packages/airflow/example_dags/example_python_decorator.py for tasks to queue
[2025-11-02T18:35:04.545+0000] {logging_mixin.py:188} INFO - [2025-11-02T18:35:04.544+0000] {dagbag.py:538} INFO - Filling up the DagBag from /home/airflow/.local/lib/python3.8/site-packages/airflow/example_dags/example_python_decorator.py
[2025-11-02T18:35:04.603+0000] {processor.py:840} INFO - DAG(s) 'example_python_decorator' retrieved from /home/airflow/.local/lib/python3.8/site-packages/airflow/example_dags/example_python_decorator.py
[2025-11-02T18:35:04.804+0000] {logging_mixin.py:188} INFO - [2025-11-02T18:35:04.803+0000] {dag.py:3036} INFO - Sync 1 DAGs
[2025-11-02T18:35:04.834+0000] {logging_mixin.py:188} INFO - [2025-11-02T18:35:04.833+0000] {dag.py:3823} INFO - Setting next_dagrun for example_python_decorator to None, run_after=None
[2025-11-02T18:35:04.883+0000] {processor.py:183} INFO - Processing /home/airflow/.local/lib/python3.8/site-packages/airflow/example_dags/example_python_decorator.py took 0.369 seconds
[2025-11-02T18:35:35.348+0000] {processor.py:161} INFO - Started process (PID=1261) to work on /home/airflow/.local/lib/python3.8/site-packages/airflow/example_dags/example_python_decorator.py
[2025-11-02T18:35:35.351+0000] {processor.py:830} INFO - Processing file /home/airflow/.local/lib/python3.8/site-packages/airflow/example_dags/example_python_decorator.py for tasks to queue
[2025-11-02T18:35:35.358+0000] {logging_mixin.py:188} INFO - [2025-11-02T18:35:35.357+0000] {dagbag.py:538} INFO - Filling up the DagBag from /home/airflow/.local/lib/python3.8/site-packages/airflow/example_dags/example_python_decorator.py
[2025-11-02T18:35:35.399+0000] {processor.py:840} INFO - DAG(s) 'example_python_decorator' retrieved from /home/airflow/.local/lib/python3.8/site-packages/airflow/example_dags/example_python_decorator.py
[2025-11-02T18:35:35.468+0000] {logging_mixin.py:188} INFO - [2025-11-02T18:35:35.467+0000] {dag.py:3036} INFO - Sync 1 DAGs
[2025-11-02T18:35:35.507+0000] {logging_mixin.py:188} INFO - [2025-11-02T18:35:35.507+0000] {dag.py:3823} INFO - Setting next_dagrun for example_python_decorator to None, run_after=None
[2025-11-02T18:35:35.560+0000] {processor.py:183} INFO - Processing /home/airflow/.local/lib/python3.8/site-packages/airflow/example_dags/example_python_decorator.py took 0.226 seconds
[2025-11-02T18:36:05.739+0000] {processor.py:161} INFO - Started process (PID=1317) to work on /home/airflow/.local/lib/python3.8/site-packages/airflow/example_dags/example_python_decorator.py
[2025-11-02T18:36:05.741+0000] {processor.py:830} INFO - Processing file /home/airflow/.local/lib/python3.8/site-packages/airflow/example_dags/example_python_decorator.py for tasks to queue
[2025-11-02T18:36:05.747+0000] {logging_mixin.py:188} INFO - [2025-11-02T18:36:05.746+0000] {dagbag.py:538} INFO - Filling up the DagBag from /home/airflow/.local/lib/python3.8/site-packages/airflow/example_dags/example_python_decorator.py
[2025-11-02T18:36:05.787+0000] {processor.py:840} INFO - DAG(s) 'example_python_decorator' retrieved from /home/airflow/.local/lib/python3.8/site-packages/airflow/example_dags/example_python_decorator.py
[2025-11-02T18:36:05.852+0000] {logging_mixin.py:188} INFO - [2025-11-02T18:36:05.852+0000] {dag.py:3036} INFO - Sync 1 DAGs
[2025-11-02T18:36:05.889+0000] {logging_mixin.py:188} INFO - [2025-11-02T18:36:05.888+0000] {dag.py:3823} INFO - Setting next_dagrun for example_python_decorator to None, run_after=None
[2025-11-02T18:36:05.938+0000] {processor.py:183} INFO - Processing /home/airflow/.local/lib/python3.8/site-packages/airflow/example_dags/example_python_decorator.py took 0.210 seconds
[2025-11-02T18:36:36.540+0000] {processor.py:161} INFO - Started process (PID=1372) to work on /home/airflow/.local/lib/python3.8/site-packages/airflow/example_dags/example_python_decorator.py
[2025-11-02T18:36:36.548+0000] {processor.py:830} INFO - Processing file /home/airflow/.local/lib/python3.8/site-packages/airflow/example_dags/example_python_decorator.py for tasks to queue
[2025-11-02T18:36:36.568+0000] {logging_mixin.py:188} INFO - [2025-11-02T18:36:36.567+0000] {dagbag.py:538} INFO - Filling up the DagBag from /home/airflow/.local/lib/python3.8/site-packages/airflow/example_dags/example_python_decorator.py
[2025-11-02T18:36:36.656+0000] {processor.py:840} INFO - DAG(s) 'example_python_decorator' retrieved from /home/airflow/.local/lib/python3.8/site-packages/airflow/example_dags/example_python_decorator.py
[2025-11-02T18:36:36.739+0000] {logging_mixin.py:188} INFO - [2025-11-02T18:36:36.738+0000] {dag.py:3036} INFO - Sync 1 DAGs
[2025-11-02T18:36:36.790+0000] {logging_mixin.py:188} INFO - [2025-11-02T18:36:36.788+0000] {dag.py:3823} INFO - Setting next_dagrun for example_python_decorator to None, run_after=None
[2025-11-02T18:36:36.847+0000] {processor.py:183} INFO - Processing /home/airflow/.local/lib/python3.8/site-packages/airflow/example_dags/example_python_decorator.py took 0.332 seconds
[2025-11-02T18:37:07.295+0000] {processor.py:161} INFO - Started process (PID=1427) to work on /home/airflow/.local/lib/python3.8/site-packages/airflow/example_dags/example_python_decorator.py
[2025-11-02T18:37:07.302+0000] {processor.py:830} INFO - Processing file /home/airflow/.local/lib/python3.8/site-packages/airflow/example_dags/example_python_decorator.py for tasks to queue
[2025-11-02T18:37:07.310+0000] {logging_mixin.py:188} INFO - [2025-11-02T18:37:07.308+0000] {dagbag.py:538} INFO - Filling up the DagBag from /home/airflow/.local/lib/python3.8/site-packages/airflow/example_dags/example_python_decorator.py
[2025-11-02T18:37:07.386+0000] {processor.py:840} INFO - DAG(s) 'example_python_decorator' retrieved from /home/airflow/.local/lib/python3.8/site-packages/airflow/example_dags/example_python_decorator.py
[2025-11-02T18:37:07.502+0000] {logging_mixin.py:188} INFO - [2025-11-02T18:37:07.501+0000] {dag.py:3036} INFO - Sync 1 DAGs
[2025-11-02T18:37:07.589+0000] {logging_mixin.py:188} INFO - [2025-11-02T18:37:07.589+0000] {dag.py:3823} INFO - Setting next_dagrun for example_python_decorator to None, run_after=None
[2025-11-02T18:37:07.716+0000] {processor.py:183} INFO - Processing /home/airflow/.local/lib/python3.8/site-packages/airflow/example_dags/example_python_decorator.py took 0.439 seconds
[2025-11-02T18:37:38.565+0000] {processor.py:161} INFO - Started process (PID=1483) to work on /home/airflow/.local/lib/python3.8/site-packages/airflow/example_dags/example_python_decorator.py
[2025-11-02T18:37:38.582+0000] {processor.py:830} INFO - Processing file /home/airflow/.local/lib/python3.8/site-packages/airflow/example_dags/example_python_decorator.py for tasks to queue
[2025-11-02T18:37:38.596+0000] {logging_mixin.py:188} INFO - [2025-11-02T18:37:38.595+0000] {dagbag.py:538} INFO - Filling up the DagBag from /home/airflow/.local/lib/python3.8/site-packages/airflow/example_dags/example_python_decorator.py
[2025-11-02T18:37:38.657+0000] {processor.py:840} INFO - DAG(s) 'example_python_decorator' retrieved from /home/airflow/.local/lib/python3.8/site-packages/airflow/example_dags/example_python_decorator.py
[2025-11-02T18:37:38.758+0000] {logging_mixin.py:188} INFO - [2025-11-02T18:37:38.758+0000] {dag.py:3036} INFO - Sync 1 DAGs
[2025-11-02T18:37:38.816+0000] {logging_mixin.py:188} INFO - [2025-11-02T18:37:38.815+0000] {dag.py:3823} INFO - Setting next_dagrun for example_python_decorator to None, run_after=None
[2025-11-02T18:37:38.957+0000] {processor.py:183} INFO - Processing /home/airflow/.local/lib/python3.8/site-packages/airflow/example_dags/example_python_decorator.py took 0.428 seconds
[2025-11-02T18:38:09.760+0000] {processor.py:161} INFO - Started process (PID=1538) to work on /home/airflow/.local/lib/python3.8/site-packages/airflow/example_dags/example_python_decorator.py
[2025-11-02T18:38:09.764+0000] {processor.py:830} INFO - Processing file /home/airflow/.local/lib/python3.8/site-packages/airflow/example_dags/example_python_decorator.py for tasks to queue
[2025-11-02T18:38:09.770+0000] {logging_mixin.py:188} INFO - [2025-11-02T18:38:09.769+0000] {dagbag.py:538} INFO - Filling up the DagBag from /home/airflow/.local/lib/python3.8/site-packages/airflow/example_dags/example_python_decorator.py
[2025-11-02T18:38:09.936+0000] {processor.py:840} INFO - DAG(s) 'example_python_decorator' retrieved from /home/airflow/.local/lib/python3.8/site-packages/airflow/example_dags/example_python_decorator.py
[2025-11-02T18:38:10.145+0000] {logging_mixin.py:188} INFO - [2025-11-02T18:38:10.144+0000] {dag.py:3036} INFO - Sync 1 DAGs
[2025-11-02T18:38:10.283+0000] {logging_mixin.py:188} INFO - [2025-11-02T18:38:10.282+0000] {dag.py:3823} INFO - Setting next_dagrun for example_python_decorator to None, run_after=None
[2025-11-02T18:38:10.426+0000] {processor.py:183} INFO - Processing /home/airflow/.local/lib/python3.8/site-packages/airflow/example_dags/example_python_decorator.py took 0.681 seconds
[2025-11-02T18:38:40.775+0000] {processor.py:161} INFO - Started process (PID=1593) to work on /home/airflow/.local/lib/python3.8/site-packages/airflow/example_dags/example_python_decorator.py
[2025-11-02T18:38:40.778+0000] {processor.py:830} INFO - Processing file /home/airflow/.local/lib/python3.8/site-packages/airflow/example_dags/example_python_decorator.py for tasks to queue
[2025-11-02T18:38:40.788+0000] {logging_mixin.py:188} INFO - [2025-11-02T18:38:40.787+0000] {dagbag.py:538} INFO - Filling up the DagBag from /home/airflow/.local/lib/python3.8/site-packages/airflow/example_dags/example_python_decorator.py
[2025-11-02T18:38:40.871+0000] {processor.py:840} INFO - DAG(s) 'example_python_decorator' retrieved from /home/airflow/.local/lib/python3.8/site-packages/airflow/example_dags/example_python_decorator.py
[2025-11-02T18:38:40.970+0000] {logging_mixin.py:188} INFO - [2025-11-02T18:38:40.969+0000] {dag.py:3036} INFO - Sync 1 DAGs
[2025-11-02T18:38:41.025+0000] {logging_mixin.py:188} INFO - [2025-11-02T18:38:41.023+0000] {dag.py:3823} INFO - Setting next_dagrun for example_python_decorator to None, run_after=None
[2025-11-02T18:38:41.119+0000] {processor.py:183} INFO - Processing /home/airflow/.local/lib/python3.8/site-packages/airflow/example_dags/example_python_decorator.py took 0.358 seconds
[2025-11-02T18:39:11.595+0000] {processor.py:161} INFO - Started process (PID=1648) to work on /home/airflow/.local/lib/python3.8/site-packages/airflow/example_dags/example_python_decorator.py
[2025-11-02T18:39:11.609+0000] {processor.py:830} INFO - Processing file /home/airflow/.local/lib/python3.8/site-packages/airflow/example_dags/example_python_decorator.py for tasks to queue
[2025-11-02T18:39:11.629+0000] {logging_mixin.py:188} INFO - [2025-11-02T18:39:11.628+0000] {dagbag.py:538} INFO - Filling up the DagBag from /home/airflow/.local/lib/python3.8/site-packages/airflow/example_dags/example_python_decorator.py
[2025-11-02T18:39:11.833+0000] {processor.py:840} INFO - DAG(s) 'example_python_decorator' retrieved from /home/airflow/.local/lib/python3.8/site-packages/airflow/example_dags/example_python_decorator.py
[2025-11-02T18:39:11.992+0000] {logging_mixin.py:188} INFO - [2025-11-02T18:39:11.991+0000] {dag.py:3036} INFO - Sync 1 DAGs
[2025-11-02T18:39:12.111+0000] {logging_mixin.py:188} INFO - [2025-11-02T18:39:12.110+0000] {dag.py:3823} INFO - Setting next_dagrun for example_python_decorator to None, run_after=None
[2025-11-02T18:39:12.226+0000] {processor.py:183} INFO - Processing /home/airflow/.local/lib/python3.8/site-packages/airflow/example_dags/example_python_decorator.py took 0.670 seconds
[2025-11-02T18:39:50.683+0000] {processor.py:161} INFO - Started process (PID=1708) to work on /home/airflow/.local/lib/python3.8/site-packages/airflow/example_dags/example_python_decorator.py
[2025-11-02T18:39:50.704+0000] {processor.py:830} INFO - Processing file /home/airflow/.local/lib/python3.8/site-packages/airflow/example_dags/example_python_decorator.py for tasks to queue
[2025-11-02T18:39:50.740+0000] {logging_mixin.py:188} INFO - [2025-11-02T18:39:50.739+0000] {dagbag.py:538} INFO - Filling up the DagBag from /home/airflow/.local/lib/python3.8/site-packages/airflow/example_dags/example_python_decorator.py
[2025-11-02T18:39:50.933+0000] {processor.py:840} INFO - DAG(s) 'example_python_decorator' retrieved from /home/airflow/.local/lib/python3.8/site-packages/airflow/example_dags/example_python_decorator.py
[2025-11-02T18:39:51.288+0000] {logging_mixin.py:188} INFO - [2025-11-02T18:39:51.276+0000] {dag.py:3036} INFO - Sync 1 DAGs
[2025-11-02T18:39:51.585+0000] {logging_mixin.py:188} INFO - [2025-11-02T18:39:51.584+0000] {dag.py:3823} INFO - Setting next_dagrun for example_python_decorator to None, run_after=None
[2025-11-02T18:39:51.895+0000] {processor.py:183} INFO - Processing /home/airflow/.local/lib/python3.8/site-packages/airflow/example_dags/example_python_decorator.py took 1.247 seconds
[2025-11-02T18:40:22.413+0000] {processor.py:161} INFO - Started process (PID=1764) to work on /home/airflow/.local/lib/python3.8/site-packages/airflow/example_dags/example_python_decorator.py
[2025-11-02T18:40:22.416+0000] {processor.py:830} INFO - Processing file /home/airflow/.local/lib/python3.8/site-packages/airflow/example_dags/example_python_decorator.py for tasks to queue
[2025-11-02T18:40:22.426+0000] {logging_mixin.py:188} INFO - [2025-11-02T18:40:22.425+0000] {dagbag.py:538} INFO - Filling up the DagBag from /home/airflow/.local/lib/python3.8/site-packages/airflow/example_dags/example_python_decorator.py
[2025-11-02T18:40:22.475+0000] {processor.py:840} INFO - DAG(s) 'example_python_decorator' retrieved from /home/airflow/.local/lib/python3.8/site-packages/airflow/example_dags/example_python_decorator.py
[2025-11-02T18:40:22.581+0000] {logging_mixin.py:188} INFO - [2025-11-02T18:40:22.581+0000] {dag.py:3036} INFO - Sync 1 DAGs
[2025-11-02T18:40:22.619+0000] {logging_mixin.py:188} INFO - [2025-11-02T18:40:22.618+0000] {dag.py:3823} INFO - Setting next_dagrun for example_python_decorator to None, run_after=None
[2025-11-02T18:40:22.682+0000] {processor.py:183} INFO - Processing /home/airflow/.local/lib/python3.8/site-packages/airflow/example_dags/example_python_decorator.py took 0.283 seconds
[2025-11-02T18:40:53.993+0000] {processor.py:161} INFO - Started process (PID=1818) to work on /home/airflow/.local/lib/python3.8/site-packages/airflow/example_dags/example_python_decorator.py
[2025-11-02T18:40:53.999+0000] {processor.py:830} INFO - Processing file /home/airflow/.local/lib/python3.8/site-packages/airflow/example_dags/example_python_decorator.py for tasks to queue
[2025-11-02T18:40:54.008+0000] {logging_mixin.py:188} INFO - [2025-11-02T18:40:54.008+0000] {dagbag.py:538} INFO - Filling up the DagBag from /home/airflow/.local/lib/python3.8/site-packages/airflow/example_dags/example_python_decorator.py
[2025-11-02T18:40:54.105+0000] {processor.py:840} INFO - DAG(s) 'example_python_decorator' retrieved from /home/airflow/.local/lib/python3.8/site-packages/airflow/example_dags/example_python_decorator.py
[2025-11-02T18:40:54.260+0000] {logging_mixin.py:188} INFO - [2025-11-02T18:40:54.260+0000] {dag.py:3036} INFO - Sync 1 DAGs
[2025-11-02T18:40:54.345+0000] {logging_mixin.py:188} INFO - [2025-11-02T18:40:54.345+0000] {dag.py:3823} INFO - Setting next_dagrun for example_python_decorator to None, run_after=None
[2025-11-02T18:40:54.461+0000] {processor.py:183} INFO - Processing /home/airflow/.local/lib/python3.8/site-packages/airflow/example_dags/example_python_decorator.py took 0.483 seconds
[2025-11-02T18:41:25.381+0000] {processor.py:161} INFO - Started process (PID=1873) to work on /home/airflow/.local/lib/python3.8/site-packages/airflow/example_dags/example_python_decorator.py
[2025-11-02T18:41:25.384+0000] {processor.py:830} INFO - Processing file /home/airflow/.local/lib/python3.8/site-packages/airflow/example_dags/example_python_decorator.py for tasks to queue
[2025-11-02T18:41:25.396+0000] {logging_mixin.py:188} INFO - [2025-11-02T18:41:25.395+0000] {dagbag.py:538} INFO - Filling up the DagBag from /home/airflow/.local/lib/python3.8/site-packages/airflow/example_dags/example_python_decorator.py
[2025-11-02T18:41:25.475+0000] {processor.py:840} INFO - DAG(s) 'example_python_decorator' retrieved from /home/airflow/.local/lib/python3.8/site-packages/airflow/example_dags/example_python_decorator.py
[2025-11-02T18:41:25.580+0000] {logging_mixin.py:188} INFO - [2025-11-02T18:41:25.579+0000] {dag.py:3036} INFO - Sync 1 DAGs
[2025-11-02T18:41:25.631+0000] {logging_mixin.py:188} INFO - [2025-11-02T18:41:25.630+0000] {dag.py:3823} INFO - Setting next_dagrun for example_python_decorator to None, run_after=None
[2025-11-02T18:41:25.721+0000] {processor.py:183} INFO - Processing /home/airflow/.local/lib/python3.8/site-packages/airflow/example_dags/example_python_decorator.py took 0.355 seconds
[2025-11-02T18:41:58.766+0000] {processor.py:161} INFO - Started process (PID=1927) to work on /home/airflow/.local/lib/python3.8/site-packages/airflow/example_dags/example_python_decorator.py
[2025-11-02T18:41:58.772+0000] {processor.py:830} INFO - Processing file /home/airflow/.local/lib/python3.8/site-packages/airflow/example_dags/example_python_decorator.py for tasks to queue
[2025-11-02T18:41:58.782+0000] {logging_mixin.py:188} INFO - [2025-11-02T18:41:58.781+0000] {dagbag.py:538} INFO - Filling up the DagBag from /home/airflow/.local/lib/python3.8/site-packages/airflow/example_dags/example_python_decorator.py
[2025-11-02T18:41:58.879+0000] {processor.py:840} INFO - DAG(s) 'example_python_decorator' retrieved from /home/airflow/.local/lib/python3.8/site-packages/airflow/example_dags/example_python_decorator.py
[2025-11-02T18:41:59.022+0000] {logging_mixin.py:188} INFO - [2025-11-02T18:41:59.022+0000] {dag.py:3036} INFO - Sync 1 DAGs
[2025-11-02T18:41:59.128+0000] {logging_mixin.py:188} INFO - [2025-11-02T18:41:59.127+0000] {dag.py:3823} INFO - Setting next_dagrun for example_python_decorator to None, run_after=None
[2025-11-02T18:41:59.328+0000] {processor.py:183} INFO - Processing /home/airflow/.local/lib/python3.8/site-packages/airflow/example_dags/example_python_decorator.py took 0.581 seconds
[2025-11-02T18:42:29.692+0000] {processor.py:161} INFO - Started process (PID=1980) to work on /home/airflow/.local/lib/python3.8/site-packages/airflow/example_dags/example_python_decorator.py
[2025-11-02T18:42:29.695+0000] {processor.py:830} INFO - Processing file /home/airflow/.local/lib/python3.8/site-packages/airflow/example_dags/example_python_decorator.py for tasks to queue
[2025-11-02T18:42:29.706+0000] {logging_mixin.py:188} INFO - [2025-11-02T18:42:29.705+0000] {dagbag.py:538} INFO - Filling up the DagBag from /home/airflow/.local/lib/python3.8/site-packages/airflow/example_dags/example_python_decorator.py
[2025-11-02T18:42:29.747+0000] {processor.py:840} INFO - DAG(s) 'example_python_decorator' retrieved from /home/airflow/.local/lib/python3.8/site-packages/airflow/example_dags/example_python_decorator.py
[2025-11-02T18:42:29.824+0000] {logging_mixin.py:188} INFO - [2025-11-02T18:42:29.823+0000] {dag.py:3036} INFO - Sync 1 DAGs
[2025-11-02T18:42:29.877+0000] {logging_mixin.py:188} INFO - [2025-11-02T18:42:29.876+0000] {dag.py:3823} INFO - Setting next_dagrun for example_python_decorator to None, run_after=None
[2025-11-02T18:42:29.953+0000] {processor.py:183} INFO - Processing /home/airflow/.local/lib/python3.8/site-packages/airflow/example_dags/example_python_decorator.py took 0.275 seconds
[2025-11-02T18:43:00.706+0000] {processor.py:161} INFO - Started process (PID=2035) to work on /home/airflow/.local/lib/python3.8/site-packages/airflow/example_dags/example_python_decorator.py
[2025-11-02T18:43:00.711+0000] {processor.py:830} INFO - Processing file /home/airflow/.local/lib/python3.8/site-packages/airflow/example_dags/example_python_decorator.py for tasks to queue
[2025-11-02T18:43:00.725+0000] {logging_mixin.py:188} INFO - [2025-11-02T18:43:00.723+0000] {dagbag.py:538} INFO - Filling up the DagBag from /home/airflow/.local/lib/python3.8/site-packages/airflow/example_dags/example_python_decorator.py
[2025-11-02T18:43:00.887+0000] {processor.py:840} INFO - DAG(s) 'example_python_decorator' retrieved from /home/airflow/.local/lib/python3.8/site-packages/airflow/example_dags/example_python_decorator.py
[2025-11-02T18:43:01.057+0000] {logging_mixin.py:188} INFO - [2025-11-02T18:43:01.056+0000] {dag.py:3036} INFO - Sync 1 DAGs
[2025-11-02T18:43:01.122+0000] {logging_mixin.py:188} INFO - [2025-11-02T18:43:01.121+0000] {dag.py:3823} INFO - Setting next_dagrun for example_python_decorator to None, run_after=None
[2025-11-02T18:43:01.352+0000] {processor.py:183} INFO - Processing /home/airflow/.local/lib/python3.8/site-packages/airflow/example_dags/example_python_decorator.py took 0.680 seconds
[2025-11-02T18:43:31.910+0000] {processor.py:161} INFO - Started process (PID=2090) to work on /home/airflow/.local/lib/python3.8/site-packages/airflow/example_dags/example_python_decorator.py
[2025-11-02T18:43:31.924+0000] {processor.py:830} INFO - Processing file /home/airflow/.local/lib/python3.8/site-packages/airflow/example_dags/example_python_decorator.py for tasks to queue
[2025-11-02T18:43:31.936+0000] {logging_mixin.py:188} INFO - [2025-11-02T18:43:31.935+0000] {dagbag.py:538} INFO - Filling up the DagBag from /home/airflow/.local/lib/python3.8/site-packages/airflow/example_dags/example_python_decorator.py
[2025-11-02T18:43:31.992+0000] {processor.py:840} INFO - DAG(s) 'example_python_decorator' retrieved from /home/airflow/.local/lib/python3.8/site-packages/airflow/example_dags/example_python_decorator.py
[2025-11-02T18:43:32.085+0000] {logging_mixin.py:188} INFO - [2025-11-02T18:43:32.084+0000] {dag.py:3036} INFO - Sync 1 DAGs
[2025-11-02T18:43:32.142+0000] {logging_mixin.py:188} INFO - [2025-11-02T18:43:32.142+0000] {dag.py:3823} INFO - Setting next_dagrun for example_python_decorator to None, run_after=None
[2025-11-02T18:43:32.221+0000] {processor.py:183} INFO - Processing /home/airflow/.local/lib/python3.8/site-packages/airflow/example_dags/example_python_decorator.py took 0.333 seconds
[2025-11-02T18:44:02.531+0000] {processor.py:161} INFO - Started process (PID=2145) to work on /home/airflow/.local/lib/python3.8/site-packages/airflow/example_dags/example_python_decorator.py
[2025-11-02T18:44:02.537+0000] {processor.py:830} INFO - Processing file /home/airflow/.local/lib/python3.8/site-packages/airflow/example_dags/example_python_decorator.py for tasks to queue
[2025-11-02T18:44:02.544+0000] {logging_mixin.py:188} INFO - [2025-11-02T18:44:02.543+0000] {dagbag.py:538} INFO - Filling up the DagBag from /home/airflow/.local/lib/python3.8/site-packages/airflow/example_dags/example_python_decorator.py
[2025-11-02T18:44:02.616+0000] {processor.py:840} INFO - DAG(s) 'example_python_decorator' retrieved from /home/airflow/.local/lib/python3.8/site-packages/airflow/example_dags/example_python_decorator.py
[2025-11-02T18:44:02.713+0000] {logging_mixin.py:188} INFO - [2025-11-02T18:44:02.712+0000] {dag.py:3036} INFO - Sync 1 DAGs
[2025-11-02T18:44:02.763+0000] {logging_mixin.py:188} INFO - [2025-11-02T18:44:02.762+0000] {dag.py:3823} INFO - Setting next_dagrun for example_python_decorator to None, run_after=None
[2025-11-02T18:44:02.867+0000] {processor.py:183} INFO - Processing /home/airflow/.local/lib/python3.8/site-packages/airflow/example_dags/example_python_decorator.py took 0.349 seconds
[2025-11-02T18:44:33.371+0000] {processor.py:161} INFO - Started process (PID=2200) to work on /home/airflow/.local/lib/python3.8/site-packages/airflow/example_dags/example_python_decorator.py
[2025-11-02T18:44:33.375+0000] {processor.py:830} INFO - Processing file /home/airflow/.local/lib/python3.8/site-packages/airflow/example_dags/example_python_decorator.py for tasks to queue
[2025-11-02T18:44:33.382+0000] {logging_mixin.py:188} INFO - [2025-11-02T18:44:33.380+0000] {dagbag.py:538} INFO - Filling up the DagBag from /home/airflow/.local/lib/python3.8/site-packages/airflow/example_dags/example_python_decorator.py
[2025-11-02T18:44:33.431+0000] {processor.py:840} INFO - DAG(s) 'example_python_decorator' retrieved from /home/airflow/.local/lib/python3.8/site-packages/airflow/example_dags/example_python_decorator.py
[2025-11-02T18:44:33.501+0000] {logging_mixin.py:188} INFO - [2025-11-02T18:44:33.500+0000] {dag.py:3036} INFO - Sync 1 DAGs
[2025-11-02T18:44:33.560+0000] {logging_mixin.py:188} INFO - [2025-11-02T18:44:33.559+0000] {dag.py:3823} INFO - Setting next_dagrun for example_python_decorator to None, run_after=None
[2025-11-02T18:44:33.757+0000] {processor.py:183} INFO - Processing /home/airflow/.local/lib/python3.8/site-packages/airflow/example_dags/example_python_decorator.py took 0.416 seconds
[2025-11-02T18:45:04.130+0000] {processor.py:161} INFO - Started process (PID=2255) to work on /home/airflow/.local/lib/python3.8/site-packages/airflow/example_dags/example_python_decorator.py
[2025-11-02T18:45:04.133+0000] {processor.py:830} INFO - Processing file /home/airflow/.local/lib/python3.8/site-packages/airflow/example_dags/example_python_decorator.py for tasks to queue
[2025-11-02T18:45:04.138+0000] {logging_mixin.py:188} INFO - [2025-11-02T18:45:04.138+0000] {dagbag.py:538} INFO - Filling up the DagBag from /home/airflow/.local/lib/python3.8/site-packages/airflow/example_dags/example_python_decorator.py
[2025-11-02T18:45:04.172+0000] {processor.py:840} INFO - DAG(s) 'example_python_decorator' retrieved from /home/airflow/.local/lib/python3.8/site-packages/airflow/example_dags/example_python_decorator.py
[2025-11-02T18:45:04.225+0000] {logging_mixin.py:188} INFO - [2025-11-02T18:45:04.224+0000] {dag.py:3036} INFO - Sync 1 DAGs
[2025-11-02T18:45:04.252+0000] {logging_mixin.py:188} INFO - [2025-11-02T18:45:04.252+0000] {dag.py:3823} INFO - Setting next_dagrun for example_python_decorator to None, run_after=None
[2025-11-02T18:45:04.301+0000] {processor.py:183} INFO - Processing /home/airflow/.local/lib/python3.8/site-packages/airflow/example_dags/example_python_decorator.py took 0.187 seconds
[2025-11-02T18:45:34.593+0000] {processor.py:161} INFO - Started process (PID=2310) to work on /home/airflow/.local/lib/python3.8/site-packages/airflow/example_dags/example_python_decorator.py
[2025-11-02T18:45:34.602+0000] {processor.py:830} INFO - Processing file /home/airflow/.local/lib/python3.8/site-packages/airflow/example_dags/example_python_decorator.py for tasks to queue
[2025-11-02T18:45:34.613+0000] {logging_mixin.py:188} INFO - [2025-11-02T18:45:34.612+0000] {dagbag.py:538} INFO - Filling up the DagBag from /home/airflow/.local/lib/python3.8/site-packages/airflow/example_dags/example_python_decorator.py
[2025-11-02T18:45:34.684+0000] {processor.py:840} INFO - DAG(s) 'example_python_decorator' retrieved from /home/airflow/.local/lib/python3.8/site-packages/airflow/example_dags/example_python_decorator.py
[2025-11-02T18:45:34.864+0000] {logging_mixin.py:188} INFO - [2025-11-02T18:45:34.863+0000] {dag.py:3036} INFO - Sync 1 DAGs
[2025-11-02T18:45:34.923+0000] {logging_mixin.py:188} INFO - [2025-11-02T18:45:34.923+0000] {dag.py:3823} INFO - Setting next_dagrun for example_python_decorator to None, run_after=None
[2025-11-02T18:45:35.020+0000] {processor.py:183} INFO - Processing /home/airflow/.local/lib/python3.8/site-packages/airflow/example_dags/example_python_decorator.py took 0.442 seconds
[2025-11-02T18:46:05.692+0000] {processor.py:161} INFO - Started process (PID=2365) to work on /home/airflow/.local/lib/python3.8/site-packages/airflow/example_dags/example_python_decorator.py
[2025-11-02T18:46:05.696+0000] {processor.py:830} INFO - Processing file /home/airflow/.local/lib/python3.8/site-packages/airflow/example_dags/example_python_decorator.py for tasks to queue
[2025-11-02T18:46:05.702+0000] {logging_mixin.py:188} INFO - [2025-11-02T18:46:05.701+0000] {dagbag.py:538} INFO - Filling up the DagBag from /home/airflow/.local/lib/python3.8/site-packages/airflow/example_dags/example_python_decorator.py
[2025-11-02T18:46:05.741+0000] {processor.py:840} INFO - DAG(s) 'example_python_decorator' retrieved from /home/airflow/.local/lib/python3.8/site-packages/airflow/example_dags/example_python_decorator.py
[2025-11-02T18:46:05.803+0000] {logging_mixin.py:188} INFO - [2025-11-02T18:46:05.803+0000] {dag.py:3036} INFO - Sync 1 DAGs
[2025-11-02T18:46:05.839+0000] {logging_mixin.py:188} INFO - [2025-11-02T18:46:05.838+0000] {dag.py:3823} INFO - Setting next_dagrun for example_python_decorator to None, run_after=None
[2025-11-02T18:46:05.884+0000] {processor.py:183} INFO - Processing /home/airflow/.local/lib/python3.8/site-packages/airflow/example_dags/example_python_decorator.py took 0.202 seconds
[2025-11-02T18:46:36.068+0000] {processor.py:161} INFO - Started process (PID=2420) to work on /home/airflow/.local/lib/python3.8/site-packages/airflow/example_dags/example_python_decorator.py
[2025-11-02T18:46:36.071+0000] {processor.py:830} INFO - Processing file /home/airflow/.local/lib/python3.8/site-packages/airflow/example_dags/example_python_decorator.py for tasks to queue
[2025-11-02T18:46:36.076+0000] {logging_mixin.py:188} INFO - [2025-11-02T18:46:36.075+0000] {dagbag.py:538} INFO - Filling up the DagBag from /home/airflow/.local/lib/python3.8/site-packages/airflow/example_dags/example_python_decorator.py
[2025-11-02T18:46:36.113+0000] {processor.py:840} INFO - DAG(s) 'example_python_decorator' retrieved from /home/airflow/.local/lib/python3.8/site-packages/airflow/example_dags/example_python_decorator.py
[2025-11-02T18:46:36.167+0000] {logging_mixin.py:188} INFO - [2025-11-02T18:46:36.167+0000] {dag.py:3036} INFO - Sync 1 DAGs
[2025-11-02T18:46:36.194+0000] {logging_mixin.py:188} INFO - [2025-11-02T18:46:36.193+0000] {dag.py:3823} INFO - Setting next_dagrun for example_python_decorator to None, run_after=None
[2025-11-02T18:46:36.241+0000] {processor.py:183} INFO - Processing /home/airflow/.local/lib/python3.8/site-packages/airflow/example_dags/example_python_decorator.py took 0.187 seconds
[2025-11-02T18:47:06.651+0000] {processor.py:161} INFO - Started process (PID=2476) to work on /home/airflow/.local/lib/python3.8/site-packages/airflow/example_dags/example_python_decorator.py
[2025-11-02T18:47:06.656+0000] {processor.py:830} INFO - Processing file /home/airflow/.local/lib/python3.8/site-packages/airflow/example_dags/example_python_decorator.py for tasks to queue
[2025-11-02T18:47:06.666+0000] {logging_mixin.py:188} INFO - [2025-11-02T18:47:06.665+0000] {dagbag.py:538} INFO - Filling up the DagBag from /home/airflow/.local/lib/python3.8/site-packages/airflow/example_dags/example_python_decorator.py
[2025-11-02T18:47:06.747+0000] {processor.py:840} INFO - DAG(s) 'example_python_decorator' retrieved from /home/airflow/.local/lib/python3.8/site-packages/airflow/example_dags/example_python_decorator.py
[2025-11-02T18:47:06.899+0000] {logging_mixin.py:188} INFO - [2025-11-02T18:47:06.899+0000] {dag.py:3036} INFO - Sync 1 DAGs
[2025-11-02T18:47:06.965+0000] {logging_mixin.py:188} INFO - [2025-11-02T18:47:06.965+0000] {dag.py:3823} INFO - Setting next_dagrun for example_python_decorator to None, run_after=None
[2025-11-02T18:47:07.091+0000] {processor.py:183} INFO - Processing /home/airflow/.local/lib/python3.8/site-packages/airflow/example_dags/example_python_decorator.py took 0.451 seconds
[2025-11-02T18:47:37.408+0000] {processor.py:161} INFO - Started process (PID=2531) to work on /home/airflow/.local/lib/python3.8/site-packages/airflow/example_dags/example_python_decorator.py
[2025-11-02T18:47:37.411+0000] {processor.py:830} INFO - Processing file /home/airflow/.local/lib/python3.8/site-packages/airflow/example_dags/example_python_decorator.py for tasks to queue
[2025-11-02T18:47:37.416+0000] {logging_mixin.py:188} INFO - [2025-11-02T18:47:37.415+0000] {dagbag.py:538} INFO - Filling up the DagBag from /home/airflow/.local/lib/python3.8/site-packages/airflow/example_dags/example_python_decorator.py
[2025-11-02T18:47:37.454+0000] {processor.py:840} INFO - DAG(s) 'example_python_decorator' retrieved from /home/airflow/.local/lib/python3.8/site-packages/airflow/example_dags/example_python_decorator.py
[2025-11-02T18:47:37.504+0000] {logging_mixin.py:188} INFO - [2025-11-02T18:47:37.503+0000] {dag.py:3036} INFO - Sync 1 DAGs
[2025-11-02T18:47:37.529+0000] {logging_mixin.py:188} INFO - [2025-11-02T18:47:37.529+0000] {dag.py:3823} INFO - Setting next_dagrun for example_python_decorator to None, run_after=None
[2025-11-02T18:47:37.572+0000] {processor.py:183} INFO - Processing /home/airflow/.local/lib/python3.8/site-packages/airflow/example_dags/example_python_decorator.py took 0.176 seconds
[2025-11-02T18:48:07.877+0000] {processor.py:161} INFO - Started process (PID=2585) to work on /home/airflow/.local/lib/python3.8/site-packages/airflow/example_dags/example_python_decorator.py
[2025-11-02T18:48:07.879+0000] {processor.py:830} INFO - Processing file /home/airflow/.local/lib/python3.8/site-packages/airflow/example_dags/example_python_decorator.py for tasks to queue
[2025-11-02T18:48:07.885+0000] {logging_mixin.py:188} INFO - [2025-11-02T18:48:07.884+0000] {dagbag.py:538} INFO - Filling up the DagBag from /home/airflow/.local/lib/python3.8/site-packages/airflow/example_dags/example_python_decorator.py
[2025-11-02T18:48:07.920+0000] {processor.py:840} INFO - DAG(s) 'example_python_decorator' retrieved from /home/airflow/.local/lib/python3.8/site-packages/airflow/example_dags/example_python_decorator.py
[2025-11-02T18:48:07.973+0000] {logging_mixin.py:188} INFO - [2025-11-02T18:48:07.973+0000] {dag.py:3036} INFO - Sync 1 DAGs
[2025-11-02T18:48:08.006+0000] {logging_mixin.py:188} INFO - [2025-11-02T18:48:08.006+0000] {dag.py:3823} INFO - Setting next_dagrun for example_python_decorator to None, run_after=None
[2025-11-02T18:48:08.064+0000] {processor.py:183} INFO - Processing /home/airflow/.local/lib/python3.8/site-packages/airflow/example_dags/example_python_decorator.py took 0.196 seconds
[2025-11-02T18:48:38.540+0000] {processor.py:161} INFO - Started process (PID=2640) to work on /home/airflow/.local/lib/python3.8/site-packages/airflow/example_dags/example_python_decorator.py
[2025-11-02T18:48:38.544+0000] {processor.py:830} INFO - Processing file /home/airflow/.local/lib/python3.8/site-packages/airflow/example_dags/example_python_decorator.py for tasks to queue
[2025-11-02T18:48:38.551+0000] {logging_mixin.py:188} INFO - [2025-11-02T18:48:38.550+0000] {dagbag.py:538} INFO - Filling up the DagBag from /home/airflow/.local/lib/python3.8/site-packages/airflow/example_dags/example_python_decorator.py
[2025-11-02T18:48:38.594+0000] {processor.py:840} INFO - DAG(s) 'example_python_decorator' retrieved from /home/airflow/.local/lib/python3.8/site-packages/airflow/example_dags/example_python_decorator.py
[2025-11-02T18:48:38.659+0000] {logging_mixin.py:188} INFO - [2025-11-02T18:48:38.658+0000] {dag.py:3036} INFO - Sync 1 DAGs
[2025-11-02T18:48:39.033+0000] {logging_mixin.py:188} INFO - [2025-11-02T18:48:39.033+0000] {dag.py:3823} INFO - Setting next_dagrun for example_python_decorator to None, run_after=None
[2025-11-02T18:48:39.085+0000] {processor.py:183} INFO - Processing /home/airflow/.local/lib/python3.8/site-packages/airflow/example_dags/example_python_decorator.py took 0.557 seconds
[2025-11-02T18:49:09.938+0000] {processor.py:161} INFO - Started process (PID=2696) to work on /home/airflow/.local/lib/python3.8/site-packages/airflow/example_dags/example_python_decorator.py
[2025-11-02T18:49:09.941+0000] {processor.py:830} INFO - Processing file /home/airflow/.local/lib/python3.8/site-packages/airflow/example_dags/example_python_decorator.py for tasks to queue
[2025-11-02T18:49:09.947+0000] {logging_mixin.py:188} INFO - [2025-11-02T18:49:09.946+0000] {dagbag.py:538} INFO - Filling up the DagBag from /home/airflow/.local/lib/python3.8/site-packages/airflow/example_dags/example_python_decorator.py
[2025-11-02T18:49:09.995+0000] {processor.py:840} INFO - DAG(s) 'example_python_decorator' retrieved from /home/airflow/.local/lib/python3.8/site-packages/airflow/example_dags/example_python_decorator.py
[2025-11-02T18:49:10.102+0000] {logging_mixin.py:188} INFO - [2025-11-02T18:49:10.101+0000] {dag.py:3036} INFO - Sync 1 DAGs
[2025-11-02T18:49:10.134+0000] {logging_mixin.py:188} INFO - [2025-11-02T18:49:10.134+0000] {dag.py:3823} INFO - Setting next_dagrun for example_python_decorator to None, run_after=None
[2025-11-02T18:49:10.191+0000] {processor.py:183} INFO - Processing /home/airflow/.local/lib/python3.8/site-packages/airflow/example_dags/example_python_decorator.py took 0.264 seconds
[2025-11-02T18:49:40.632+0000] {processor.py:161} INFO - Started process (PID=2751) to work on /home/airflow/.local/lib/python3.8/site-packages/airflow/example_dags/example_python_decorator.py
[2025-11-02T18:49:40.636+0000] {processor.py:830} INFO - Processing file /home/airflow/.local/lib/python3.8/site-packages/airflow/example_dags/example_python_decorator.py for tasks to queue
[2025-11-02T18:49:40.643+0000] {logging_mixin.py:188} INFO - [2025-11-02T18:49:40.642+0000] {dagbag.py:538} INFO - Filling up the DagBag from /home/airflow/.local/lib/python3.8/site-packages/airflow/example_dags/example_python_decorator.py
[2025-11-02T18:49:40.712+0000] {processor.py:840} INFO - DAG(s) 'example_python_decorator' retrieved from /home/airflow/.local/lib/python3.8/site-packages/airflow/example_dags/example_python_decorator.py
[2025-11-02T18:49:40.802+0000] {logging_mixin.py:188} INFO - [2025-11-02T18:49:40.802+0000] {dag.py:3036} INFO - Sync 1 DAGs
[2025-11-02T18:49:40.855+0000] {logging_mixin.py:188} INFO - [2025-11-02T18:49:40.854+0000] {dag.py:3823} INFO - Setting next_dagrun for example_python_decorator to None, run_after=None
[2025-11-02T18:49:40.918+0000] {processor.py:183} INFO - Processing /home/airflow/.local/lib/python3.8/site-packages/airflow/example_dags/example_python_decorator.py took 0.307 seconds
[2025-11-02T18:50:11.022+0000] {processor.py:161} INFO - Started process (PID=2806) to work on /home/airflow/.local/lib/python3.8/site-packages/airflow/example_dags/example_python_decorator.py
[2025-11-02T18:50:11.025+0000] {processor.py:830} INFO - Processing file /home/airflow/.local/lib/python3.8/site-packages/airflow/example_dags/example_python_decorator.py for tasks to queue
[2025-11-02T18:50:11.029+0000] {logging_mixin.py:188} INFO - [2025-11-02T18:50:11.029+0000] {dagbag.py:538} INFO - Filling up the DagBag from /home/airflow/.local/lib/python3.8/site-packages/airflow/example_dags/example_python_decorator.py
[2025-11-02T18:50:11.062+0000] {processor.py:840} INFO - DAG(s) 'example_python_decorator' retrieved from /home/airflow/.local/lib/python3.8/site-packages/airflow/example_dags/example_python_decorator.py
[2025-11-02T18:50:11.122+0000] {logging_mixin.py:188} INFO - [2025-11-02T18:50:11.122+0000] {dag.py:3036} INFO - Sync 1 DAGs
[2025-11-02T18:50:11.153+0000] {logging_mixin.py:188} INFO - [2025-11-02T18:50:11.152+0000] {dag.py:3823} INFO - Setting next_dagrun for example_python_decorator to None, run_after=None
[2025-11-02T18:50:11.202+0000] {processor.py:183} INFO - Processing /home/airflow/.local/lib/python3.8/site-packages/airflow/example_dags/example_python_decorator.py took 0.189 seconds
[2025-11-02T18:50:41.562+0000] {processor.py:161} INFO - Started process (PID=2861) to work on /home/airflow/.local/lib/python3.8/site-packages/airflow/example_dags/example_python_decorator.py
[2025-11-02T18:50:41.566+0000] {processor.py:830} INFO - Processing file /home/airflow/.local/lib/python3.8/site-packages/airflow/example_dags/example_python_decorator.py for tasks to queue
[2025-11-02T18:50:41.573+0000] {logging_mixin.py:188} INFO - [2025-11-02T18:50:41.572+0000] {dagbag.py:538} INFO - Filling up the DagBag from /home/airflow/.local/lib/python3.8/site-packages/airflow/example_dags/example_python_decorator.py
[2025-11-02T18:50:41.613+0000] {processor.py:840} INFO - DAG(s) 'example_python_decorator' retrieved from /home/airflow/.local/lib/python3.8/site-packages/airflow/example_dags/example_python_decorator.py
[2025-11-02T18:50:42.182+0000] {logging_mixin.py:188} INFO - [2025-11-02T18:50:42.182+0000] {dag.py:3036} INFO - Sync 1 DAGs
[2025-11-02T18:50:42.220+0000] {logging_mixin.py:188} INFO - [2025-11-02T18:50:42.219+0000] {dag.py:3823} INFO - Setting next_dagrun for example_python_decorator to None, run_after=None
[2025-11-02T18:50:42.346+0000] {processor.py:183} INFO - Processing /home/airflow/.local/lib/python3.8/site-packages/airflow/example_dags/example_python_decorator.py took 0.656 seconds
[2025-11-02T18:51:12.496+0000] {processor.py:161} INFO - Started process (PID=2915) to work on /home/airflow/.local/lib/python3.8/site-packages/airflow/example_dags/example_python_decorator.py
[2025-11-02T18:51:12.498+0000] {processor.py:830} INFO - Processing file /home/airflow/.local/lib/python3.8/site-packages/airflow/example_dags/example_python_decorator.py for tasks to queue
[2025-11-02T18:51:12.506+0000] {logging_mixin.py:188} INFO - [2025-11-02T18:51:12.504+0000] {dagbag.py:538} INFO - Filling up the DagBag from /home/airflow/.local/lib/python3.8/site-packages/airflow/example_dags/example_python_decorator.py
[2025-11-02T18:51:12.541+0000] {processor.py:840} INFO - DAG(s) 'example_python_decorator' retrieved from /home/airflow/.local/lib/python3.8/site-packages/airflow/example_dags/example_python_decorator.py
[2025-11-02T18:51:12.600+0000] {logging_mixin.py:188} INFO - [2025-11-02T18:51:12.600+0000] {dag.py:3036} INFO - Sync 1 DAGs
[2025-11-02T18:51:12.636+0000] {logging_mixin.py:188} INFO - [2025-11-02T18:51:12.635+0000] {dag.py:3823} INFO - Setting next_dagrun for example_python_decorator to None, run_after=None
[2025-11-02T18:51:12.686+0000] {processor.py:183} INFO - Processing /home/airflow/.local/lib/python3.8/site-packages/airflow/example_dags/example_python_decorator.py took 0.200 seconds
[2025-11-02T18:51:42.979+0000] {processor.py:161} INFO - Started process (PID=2971) to work on /home/airflow/.local/lib/python3.8/site-packages/airflow/example_dags/example_python_decorator.py
[2025-11-02T18:51:42.982+0000] {processor.py:830} INFO - Processing file /home/airflow/.local/lib/python3.8/site-packages/airflow/example_dags/example_python_decorator.py for tasks to queue
[2025-11-02T18:51:42.988+0000] {logging_mixin.py:188} INFO - [2025-11-02T18:51:42.988+0000] {dagbag.py:538} INFO - Filling up the DagBag from /home/airflow/.local/lib/python3.8/site-packages/airflow/example_dags/example_python_decorator.py
[2025-11-02T18:51:43.028+0000] {processor.py:840} INFO - DAG(s) 'example_python_decorator' retrieved from /home/airflow/.local/lib/python3.8/site-packages/airflow/example_dags/example_python_decorator.py
[2025-11-02T18:51:43.093+0000] {logging_mixin.py:188} INFO - [2025-11-02T18:51:43.093+0000] {dag.py:3036} INFO - Sync 1 DAGs
[2025-11-02T18:51:43.140+0000] {logging_mixin.py:188} INFO - [2025-11-02T18:51:43.139+0000] {dag.py:3823} INFO - Setting next_dagrun for example_python_decorator to None, run_after=None
[2025-11-02T18:51:43.225+0000] {processor.py:183} INFO - Processing /home/airflow/.local/lib/python3.8/site-packages/airflow/example_dags/example_python_decorator.py took 0.259 seconds
[2025-11-02T18:52:14.205+0000] {processor.py:161} INFO - Started process (PID=3026) to work on /home/airflow/.local/lib/python3.8/site-packages/airflow/example_dags/example_python_decorator.py
[2025-11-02T18:52:14.208+0000] {processor.py:830} INFO - Processing file /home/airflow/.local/lib/python3.8/site-packages/airflow/example_dags/example_python_decorator.py for tasks to queue
[2025-11-02T18:52:14.213+0000] {logging_mixin.py:188} INFO - [2025-11-02T18:52:14.212+0000] {dagbag.py:538} INFO - Filling up the DagBag from /home/airflow/.local/lib/python3.8/site-packages/airflow/example_dags/example_python_decorator.py
[2025-11-02T18:52:14.245+0000] {processor.py:840} INFO - DAG(s) 'example_python_decorator' retrieved from /home/airflow/.local/lib/python3.8/site-packages/airflow/example_dags/example_python_decorator.py
[2025-11-02T18:52:14.303+0000] {logging_mixin.py:188} INFO - [2025-11-02T18:52:14.302+0000] {dag.py:3036} INFO - Sync 1 DAGs
[2025-11-02T18:52:14.327+0000] {logging_mixin.py:188} INFO - [2025-11-02T18:52:14.327+0000] {dag.py:3823} INFO - Setting next_dagrun for example_python_decorator to None, run_after=None
[2025-11-02T18:52:14.371+0000] {processor.py:183} INFO - Processing /home/airflow/.local/lib/python3.8/site-packages/airflow/example_dags/example_python_decorator.py took 0.175 seconds
[2025-11-02T18:52:45.130+0000] {processor.py:161} INFO - Started process (PID=3081) to work on /home/airflow/.local/lib/python3.8/site-packages/airflow/example_dags/example_python_decorator.py
[2025-11-02T18:52:45.133+0000] {processor.py:830} INFO - Processing file /home/airflow/.local/lib/python3.8/site-packages/airflow/example_dags/example_python_decorator.py for tasks to queue
[2025-11-02T18:52:45.141+0000] {logging_mixin.py:188} INFO - [2025-11-02T18:52:45.140+0000] {dagbag.py:538} INFO - Filling up the DagBag from /home/airflow/.local/lib/python3.8/site-packages/airflow/example_dags/example_python_decorator.py
[2025-11-02T18:52:45.186+0000] {processor.py:840} INFO - DAG(s) 'example_python_decorator' retrieved from /home/airflow/.local/lib/python3.8/site-packages/airflow/example_dags/example_python_decorator.py
[2025-11-02T18:52:45.241+0000] {logging_mixin.py:188} INFO - [2025-11-02T18:52:45.240+0000] {dag.py:3036} INFO - Sync 1 DAGs
[2025-11-02T18:52:45.270+0000] {logging_mixin.py:188} INFO - [2025-11-02T18:52:45.270+0000] {dag.py:3823} INFO - Setting next_dagrun for example_python_decorator to None, run_after=None
[2025-11-02T18:52:45.323+0000] {processor.py:183} INFO - Processing /home/airflow/.local/lib/python3.8/site-packages/airflow/example_dags/example_python_decorator.py took 0.203 seconds
[2025-11-02T18:53:15.631+0000] {processor.py:161} INFO - Started process (PID=3136) to work on /home/airflow/.local/lib/python3.8/site-packages/airflow/example_dags/example_python_decorator.py
[2025-11-02T18:53:15.634+0000] {processor.py:830} INFO - Processing file /home/airflow/.local/lib/python3.8/site-packages/airflow/example_dags/example_python_decorator.py for tasks to queue
[2025-11-02T18:53:15.640+0000] {logging_mixin.py:188} INFO - [2025-11-02T18:53:15.639+0000] {dagbag.py:538} INFO - Filling up the DagBag from /home/airflow/.local/lib/python3.8/site-packages/airflow/example_dags/example_python_decorator.py
[2025-11-02T18:53:15.692+0000] {processor.py:840} INFO - DAG(s) 'example_python_decorator' retrieved from /home/airflow/.local/lib/python3.8/site-packages/airflow/example_dags/example_python_decorator.py
[2025-11-02T18:53:15.776+0000] {logging_mixin.py:188} INFO - [2025-11-02T18:53:15.775+0000] {dag.py:3036} INFO - Sync 1 DAGs
[2025-11-02T18:53:15.812+0000] {logging_mixin.py:188} INFO - [2025-11-02T18:53:15.812+0000] {dag.py:3823} INFO - Setting next_dagrun for example_python_decorator to None, run_after=None
[2025-11-02T18:53:15.859+0000] {processor.py:183} INFO - Processing /home/airflow/.local/lib/python3.8/site-packages/airflow/example_dags/example_python_decorator.py took 0.240 seconds
[2025-11-02T18:53:46.621+0000] {processor.py:161} INFO - Started process (PID=3191) to work on /home/airflow/.local/lib/python3.8/site-packages/airflow/example_dags/example_python_decorator.py
[2025-11-02T18:53:46.624+0000] {processor.py:830} INFO - Processing file /home/airflow/.local/lib/python3.8/site-packages/airflow/example_dags/example_python_decorator.py for tasks to queue
[2025-11-02T18:53:46.629+0000] {logging_mixin.py:188} INFO - [2025-11-02T18:53:46.629+0000] {dagbag.py:538} INFO - Filling up the DagBag from /home/airflow/.local/lib/python3.8/site-packages/airflow/example_dags/example_python_decorator.py
[2025-11-02T18:53:46.672+0000] {processor.py:840} INFO - DAG(s) 'example_python_decorator' retrieved from /home/airflow/.local/lib/python3.8/site-packages/airflow/example_dags/example_python_decorator.py
[2025-11-02T18:53:46.755+0000] {logging_mixin.py:188} INFO - [2025-11-02T18:53:46.754+0000] {dag.py:3036} INFO - Sync 1 DAGs
[2025-11-02T18:53:46.798+0000] {logging_mixin.py:188} INFO - [2025-11-02T18:53:46.798+0000] {dag.py:3823} INFO - Setting next_dagrun for example_python_decorator to None, run_after=None
[2025-11-02T18:53:46.849+0000] {processor.py:183} INFO - Processing /home/airflow/.local/lib/python3.8/site-packages/airflow/example_dags/example_python_decorator.py took 0.239 seconds
[2025-11-02T18:54:17.971+0000] {processor.py:161} INFO - Started process (PID=3246) to work on /home/airflow/.local/lib/python3.8/site-packages/airflow/example_dags/example_python_decorator.py
[2025-11-02T18:54:17.975+0000] {processor.py:830} INFO - Processing file /home/airflow/.local/lib/python3.8/site-packages/airflow/example_dags/example_python_decorator.py for tasks to queue
[2025-11-02T18:54:17.982+0000] {logging_mixin.py:188} INFO - [2025-11-02T18:54:17.981+0000] {dagbag.py:538} INFO - Filling up the DagBag from /home/airflow/.local/lib/python3.8/site-packages/airflow/example_dags/example_python_decorator.py
[2025-11-02T18:54:18.048+0000] {processor.py:840} INFO - DAG(s) 'example_python_decorator' retrieved from /home/airflow/.local/lib/python3.8/site-packages/airflow/example_dags/example_python_decorator.py
[2025-11-02T18:54:18.134+0000] {logging_mixin.py:188} INFO - [2025-11-02T18:54:18.133+0000] {dag.py:3036} INFO - Sync 1 DAGs
[2025-11-02T18:54:18.182+0000] {logging_mixin.py:188} INFO - [2025-11-02T18:54:18.181+0000] {dag.py:3823} INFO - Setting next_dagrun for example_python_decorator to None, run_after=None
[2025-11-02T18:54:18.273+0000] {processor.py:183} INFO - Processing /home/airflow/.local/lib/python3.8/site-packages/airflow/example_dags/example_python_decorator.py took 0.320 seconds
[2025-11-02T18:54:48.874+0000] {processor.py:161} INFO - Started process (PID=3301) to work on /home/airflow/.local/lib/python3.8/site-packages/airflow/example_dags/example_python_decorator.py
[2025-11-02T18:54:48.877+0000] {processor.py:830} INFO - Processing file /home/airflow/.local/lib/python3.8/site-packages/airflow/example_dags/example_python_decorator.py for tasks to queue
[2025-11-02T18:54:48.882+0000] {logging_mixin.py:188} INFO - [2025-11-02T18:54:48.881+0000] {dagbag.py:538} INFO - Filling up the DagBag from /home/airflow/.local/lib/python3.8/site-packages/airflow/example_dags/example_python_decorator.py
[2025-11-02T18:54:48.927+0000] {processor.py:840} INFO - DAG(s) 'example_python_decorator' retrieved from /home/airflow/.local/lib/python3.8/site-packages/airflow/example_dags/example_python_decorator.py
[2025-11-02T18:54:48.988+0000] {logging_mixin.py:188} INFO - [2025-11-02T18:54:48.987+0000] {dag.py:3036} INFO - Sync 1 DAGs
[2025-11-02T18:54:49.034+0000] {logging_mixin.py:188} INFO - [2025-11-02T18:54:49.033+0000] {dag.py:3823} INFO - Setting next_dagrun for example_python_decorator to None, run_after=None
[2025-11-02T18:54:49.126+0000] {processor.py:183} INFO - Processing /home/airflow/.local/lib/python3.8/site-packages/airflow/example_dags/example_python_decorator.py took 0.263 seconds
[2025-11-02T18:55:19.815+0000] {processor.py:161} INFO - Started process (PID=3356) to work on /home/airflow/.local/lib/python3.8/site-packages/airflow/example_dags/example_python_decorator.py
[2025-11-02T18:55:19.820+0000] {processor.py:830} INFO - Processing file /home/airflow/.local/lib/python3.8/site-packages/airflow/example_dags/example_python_decorator.py for tasks to queue
[2025-11-02T18:55:19.830+0000] {logging_mixin.py:188} INFO - [2025-11-02T18:55:19.829+0000] {dagbag.py:538} INFO - Filling up the DagBag from /home/airflow/.local/lib/python3.8/site-packages/airflow/example_dags/example_python_decorator.py
[2025-11-02T18:55:19.869+0000] {processor.py:840} INFO - DAG(s) 'example_python_decorator' retrieved from /home/airflow/.local/lib/python3.8/site-packages/airflow/example_dags/example_python_decorator.py
[2025-11-02T18:55:19.917+0000] {logging_mixin.py:188} INFO - [2025-11-02T18:55:19.917+0000] {dag.py:3036} INFO - Sync 1 DAGs
[2025-11-02T18:55:19.957+0000] {logging_mixin.py:188} INFO - [2025-11-02T18:55:19.957+0000] {dag.py:3823} INFO - Setting next_dagrun for example_python_decorator to None, run_after=None
[2025-11-02T18:55:20.011+0000] {processor.py:183} INFO - Processing /home/airflow/.local/lib/python3.8/site-packages/airflow/example_dags/example_python_decorator.py took 0.208 seconds
[2025-11-02T18:55:50.719+0000] {processor.py:161} INFO - Started process (PID=3410) to work on /home/airflow/.local/lib/python3.8/site-packages/airflow/example_dags/example_python_decorator.py
[2025-11-02T18:55:50.722+0000] {processor.py:830} INFO - Processing file /home/airflow/.local/lib/python3.8/site-packages/airflow/example_dags/example_python_decorator.py for tasks to queue
[2025-11-02T18:55:50.729+0000] {logging_mixin.py:188} INFO - [2025-11-02T18:55:50.728+0000] {dagbag.py:538} INFO - Filling up the DagBag from /home/airflow/.local/lib/python3.8/site-packages/airflow/example_dags/example_python_decorator.py
[2025-11-02T18:55:50.777+0000] {processor.py:840} INFO - DAG(s) 'example_python_decorator' retrieved from /home/airflow/.local/lib/python3.8/site-packages/airflow/example_dags/example_python_decorator.py
[2025-11-02T18:55:50.864+0000] {logging_mixin.py:188} INFO - [2025-11-02T18:55:50.863+0000] {dag.py:3036} INFO - Sync 1 DAGs
[2025-11-02T18:55:50.896+0000] {logging_mixin.py:188} INFO - [2025-11-02T18:55:50.896+0000] {dag.py:3823} INFO - Setting next_dagrun for example_python_decorator to None, run_after=None
[2025-11-02T18:55:50.951+0000] {processor.py:183} INFO - Processing /home/airflow/.local/lib/python3.8/site-packages/airflow/example_dags/example_python_decorator.py took 0.245 seconds
[2025-11-02T18:56:21.139+0000] {processor.py:161} INFO - Started process (PID=3465) to work on /home/airflow/.local/lib/python3.8/site-packages/airflow/example_dags/example_python_decorator.py
[2025-11-02T18:56:21.150+0000] {processor.py:830} INFO - Processing file /home/airflow/.local/lib/python3.8/site-packages/airflow/example_dags/example_python_decorator.py for tasks to queue
[2025-11-02T18:56:21.159+0000] {logging_mixin.py:188} INFO - [2025-11-02T18:56:21.157+0000] {dagbag.py:538} INFO - Filling up the DagBag from /home/airflow/.local/lib/python3.8/site-packages/airflow/example_dags/example_python_decorator.py
[2025-11-02T18:56:21.237+0000] {processor.py:840} INFO - DAG(s) 'example_python_decorator' retrieved from /home/airflow/.local/lib/python3.8/site-packages/airflow/example_dags/example_python_decorator.py
[2025-11-02T18:56:21.326+0000] {logging_mixin.py:188} INFO - [2025-11-02T18:56:21.326+0000] {dag.py:3036} INFO - Sync 1 DAGs
[2025-11-02T18:56:21.353+0000] {logging_mixin.py:188} INFO - [2025-11-02T18:56:21.352+0000] {dag.py:3823} INFO - Setting next_dagrun for example_python_decorator to None, run_after=None
[2025-11-02T18:56:21.392+0000] {processor.py:183} INFO - Processing /home/airflow/.local/lib/python3.8/site-packages/airflow/example_dags/example_python_decorator.py took 0.264 seconds
[2025-11-02T18:56:51.914+0000] {processor.py:161} INFO - Started process (PID=3520) to work on /home/airflow/.local/lib/python3.8/site-packages/airflow/example_dags/example_python_decorator.py
[2025-11-02T18:56:51.917+0000] {processor.py:830} INFO - Processing file /home/airflow/.local/lib/python3.8/site-packages/airflow/example_dags/example_python_decorator.py for tasks to queue
[2025-11-02T18:56:51.924+0000] {logging_mixin.py:188} INFO - [2025-11-02T18:56:51.923+0000] {dagbag.py:538} INFO - Filling up the DagBag from /home/airflow/.local/lib/python3.8/site-packages/airflow/example_dags/example_python_decorator.py
[2025-11-02T18:56:51.976+0000] {processor.py:840} INFO - DAG(s) 'example_python_decorator' retrieved from /home/airflow/.local/lib/python3.8/site-packages/airflow/example_dags/example_python_decorator.py
[2025-11-02T18:56:52.047+0000] {logging_mixin.py:188} INFO - [2025-11-02T18:56:52.046+0000] {dag.py:3036} INFO - Sync 1 DAGs
[2025-11-02T18:56:52.087+0000] {logging_mixin.py:188} INFO - [2025-11-02T18:56:52.087+0000] {dag.py:3823} INFO - Setting next_dagrun for example_python_decorator to None, run_after=None
[2025-11-02T18:56:52.189+0000] {processor.py:183} INFO - Processing /home/airflow/.local/lib/python3.8/site-packages/airflow/example_dags/example_python_decorator.py took 0.285 seconds
[2025-11-02T18:57:22.626+0000] {processor.py:161} INFO - Started process (PID=3575) to work on /home/airflow/.local/lib/python3.8/site-packages/airflow/example_dags/example_python_decorator.py
[2025-11-02T18:57:22.629+0000] {processor.py:830} INFO - Processing file /home/airflow/.local/lib/python3.8/site-packages/airflow/example_dags/example_python_decorator.py for tasks to queue
[2025-11-02T18:57:22.635+0000] {logging_mixin.py:188} INFO - [2025-11-02T18:57:22.634+0000] {dagbag.py:538} INFO - Filling up the DagBag from /home/airflow/.local/lib/python3.8/site-packages/airflow/example_dags/example_python_decorator.py
[2025-11-02T18:57:22.671+0000] {processor.py:840} INFO - DAG(s) 'example_python_decorator' retrieved from /home/airflow/.local/lib/python3.8/site-packages/airflow/example_dags/example_python_decorator.py
[2025-11-02T18:57:22.729+0000] {logging_mixin.py:188} INFO - [2025-11-02T18:57:22.729+0000] {dag.py:3036} INFO - Sync 1 DAGs
[2025-11-02T18:57:22.804+0000] {logging_mixin.py:188} INFO - [2025-11-02T18:57:22.803+0000] {dag.py:3823} INFO - Setting next_dagrun for example_python_decorator to None, run_after=None
[2025-11-02T18:57:22.860+0000] {processor.py:183} INFO - Processing /home/airflow/.local/lib/python3.8/site-packages/airflow/example_dags/example_python_decorator.py took 0.246 seconds
[2025-11-02T18:57:53.047+0000] {processor.py:161} INFO - Started process (PID=3629) to work on /home/airflow/.local/lib/python3.8/site-packages/airflow/example_dags/example_python_decorator.py
[2025-11-02T18:57:53.049+0000] {processor.py:830} INFO - Processing file /home/airflow/.local/lib/python3.8/site-packages/airflow/example_dags/example_python_decorator.py for tasks to queue
[2025-11-02T18:57:53.054+0000] {logging_mixin.py:188} INFO - [2025-11-02T18:57:53.054+0000] {dagbag.py:538} INFO - Filling up the DagBag from /home/airflow/.local/lib/python3.8/site-packages/airflow/example_dags/example_python_decorator.py
[2025-11-02T18:57:53.087+0000] {processor.py:840} INFO - DAG(s) 'example_python_decorator' retrieved from /home/airflow/.local/lib/python3.8/site-packages/airflow/example_dags/example_python_decorator.py
[2025-11-02T18:57:53.143+0000] {logging_mixin.py:188} INFO - [2025-11-02T18:57:53.142+0000] {dag.py:3036} INFO - Sync 1 DAGs
[2025-11-02T18:57:53.170+0000] {logging_mixin.py:188} INFO - [2025-11-02T18:57:53.169+0000] {dag.py:3823} INFO - Setting next_dagrun for example_python_decorator to None, run_after=None
[2025-11-02T18:57:53.221+0000] {processor.py:183} INFO - Processing /home/airflow/.local/lib/python3.8/site-packages/airflow/example_dags/example_python_decorator.py took 0.183 seconds
[2025-11-02T18:58:23.412+0000] {processor.py:161} INFO - Started process (PID=3684) to work on /home/airflow/.local/lib/python3.8/site-packages/airflow/example_dags/example_python_decorator.py
[2025-11-02T18:58:23.415+0000] {processor.py:830} INFO - Processing file /home/airflow/.local/lib/python3.8/site-packages/airflow/example_dags/example_python_decorator.py for tasks to queue
[2025-11-02T18:58:23.420+0000] {logging_mixin.py:188} INFO - [2025-11-02T18:58:23.420+0000] {dagbag.py:538} INFO - Filling up the DagBag from /home/airflow/.local/lib/python3.8/site-packages/airflow/example_dags/example_python_decorator.py
[2025-11-02T18:58:23.457+0000] {processor.py:840} INFO - DAG(s) 'example_python_decorator' retrieved from /home/airflow/.local/lib/python3.8/site-packages/airflow/example_dags/example_python_decorator.py
[2025-11-02T18:58:23.512+0000] {logging_mixin.py:188} INFO - [2025-11-02T18:58:23.511+0000] {dag.py:3036} INFO - Sync 1 DAGs
[2025-11-02T18:58:23.536+0000] {logging_mixin.py:188} INFO - [2025-11-02T18:58:23.535+0000] {dag.py:3823} INFO - Setting next_dagrun for example_python_decorator to None, run_after=None
[2025-11-02T18:58:23.574+0000] {processor.py:183} INFO - Processing /home/airflow/.local/lib/python3.8/site-packages/airflow/example_dags/example_python_decorator.py took 0.174 seconds
[2025-11-02T18:58:53.870+0000] {processor.py:161} INFO - Started process (PID=3739) to work on /home/airflow/.local/lib/python3.8/site-packages/airflow/example_dags/example_python_decorator.py
[2025-11-02T18:58:53.873+0000] {processor.py:830} INFO - Processing file /home/airflow/.local/lib/python3.8/site-packages/airflow/example_dags/example_python_decorator.py for tasks to queue
[2025-11-02T18:58:53.878+0000] {logging_mixin.py:188} INFO - [2025-11-02T18:58:53.877+0000] {dagbag.py:538} INFO - Filling up the DagBag from /home/airflow/.local/lib/python3.8/site-packages/airflow/example_dags/example_python_decorator.py
[2025-11-02T18:58:53.920+0000] {processor.py:840} INFO - DAG(s) 'example_python_decorator' retrieved from /home/airflow/.local/lib/python3.8/site-packages/airflow/example_dags/example_python_decorator.py
[2025-11-02T18:58:53.984+0000] {logging_mixin.py:188} INFO - [2025-11-02T18:58:53.984+0000] {dag.py:3036} INFO - Sync 1 DAGs
[2025-11-02T18:58:54.030+0000] {logging_mixin.py:188} INFO - [2025-11-02T18:58:54.030+0000] {dag.py:3823} INFO - Setting next_dagrun for example_python_decorator to None, run_after=None
[2025-11-02T18:58:54.079+0000] {processor.py:183} INFO - Processing /home/airflow/.local/lib/python3.8/site-packages/airflow/example_dags/example_python_decorator.py took 0.216 seconds
[2025-11-02T18:59:24.251+0000] {processor.py:161} INFO - Started process (PID=3793) to work on /home/airflow/.local/lib/python3.8/site-packages/airflow/example_dags/example_python_decorator.py
[2025-11-02T18:59:24.254+0000] {processor.py:830} INFO - Processing file /home/airflow/.local/lib/python3.8/site-packages/airflow/example_dags/example_python_decorator.py for tasks to queue
[2025-11-02T18:59:24.259+0000] {logging_mixin.py:188} INFO - [2025-11-02T18:59:24.258+0000] {dagbag.py:538} INFO - Filling up the DagBag from /home/airflow/.local/lib/python3.8/site-packages/airflow/example_dags/example_python_decorator.py
[2025-11-02T18:59:24.300+0000] {processor.py:840} INFO - DAG(s) 'example_python_decorator' retrieved from /home/airflow/.local/lib/python3.8/site-packages/airflow/example_dags/example_python_decorator.py
[2025-11-02T18:59:24.356+0000] {logging_mixin.py:188} INFO - [2025-11-02T18:59:24.356+0000] {dag.py:3036} INFO - Sync 1 DAGs
[2025-11-02T18:59:24.385+0000] {logging_mixin.py:188} INFO - [2025-11-02T18:59:24.384+0000] {dag.py:3823} INFO - Setting next_dagrun for example_python_decorator to None, run_after=None
[2025-11-02T18:59:24.433+0000] {processor.py:183} INFO - Processing /home/airflow/.local/lib/python3.8/site-packages/airflow/example_dags/example_python_decorator.py took 0.191 seconds
[2025-11-02T18:59:55.225+0000] {processor.py:161} INFO - Started process (PID=3848) to work on /home/airflow/.local/lib/python3.8/site-packages/airflow/example_dags/example_python_decorator.py
[2025-11-02T18:59:55.234+0000] {processor.py:830} INFO - Processing file /home/airflow/.local/lib/python3.8/site-packages/airflow/example_dags/example_python_decorator.py for tasks to queue
[2025-11-02T18:59:55.250+0000] {logging_mixin.py:188} INFO - [2025-11-02T18:59:55.248+0000] {dagbag.py:538} INFO - Filling up the DagBag from /home/airflow/.local/lib/python3.8/site-packages/airflow/example_dags/example_python_decorator.py
[2025-11-02T18:59:55.317+0000] {processor.py:840} INFO - DAG(s) 'example_python_decorator' retrieved from /home/airflow/.local/lib/python3.8/site-packages/airflow/example_dags/example_python_decorator.py
[2025-11-02T18:59:55.473+0000] {logging_mixin.py:188} INFO - [2025-11-02T18:59:55.473+0000] {dag.py:3036} INFO - Sync 1 DAGs
[2025-11-02T18:59:55.591+0000] {logging_mixin.py:188} INFO - [2025-11-02T18:59:55.590+0000] {dag.py:3823} INFO - Setting next_dagrun for example_python_decorator to None, run_after=None
[2025-11-02T18:59:55.648+0000] {processor.py:183} INFO - Processing /home/airflow/.local/lib/python3.8/site-packages/airflow/example_dags/example_python_decorator.py took 0.441 seconds
[2025-11-02T19:00:25.779+0000] {processor.py:161} INFO - Started process (PID=3902) to work on /home/airflow/.local/lib/python3.8/site-packages/airflow/example_dags/example_python_decorator.py
[2025-11-02T19:00:25.782+0000] {processor.py:830} INFO - Processing file /home/airflow/.local/lib/python3.8/site-packages/airflow/example_dags/example_python_decorator.py for tasks to queue
[2025-11-02T19:00:25.789+0000] {logging_mixin.py:188} INFO - [2025-11-02T19:00:25.788+0000] {dagbag.py:538} INFO - Filling up the DagBag from /home/airflow/.local/lib/python3.8/site-packages/airflow/example_dags/example_python_decorator.py
[2025-11-02T19:00:25.837+0000] {processor.py:840} INFO - DAG(s) 'example_python_decorator' retrieved from /home/airflow/.local/lib/python3.8/site-packages/airflow/example_dags/example_python_decorator.py
[2025-11-02T19:00:25.914+0000] {logging_mixin.py:188} INFO - [2025-11-02T19:00:25.913+0000] {dag.py:3036} INFO - Sync 1 DAGs
[2025-11-02T19:00:25.955+0000] {logging_mixin.py:188} INFO - [2025-11-02T19:00:25.954+0000] {dag.py:3823} INFO - Setting next_dagrun for example_python_decorator to None, run_after=None
[2025-11-02T19:00:26.032+0000] {processor.py:183} INFO - Processing /home/airflow/.local/lib/python3.8/site-packages/airflow/example_dags/example_python_decorator.py took 0.264 seconds
[2025-11-02T19:00:56.834+0000] {processor.py:161} INFO - Started process (PID=3958) to work on /home/airflow/.local/lib/python3.8/site-packages/airflow/example_dags/example_python_decorator.py
[2025-11-02T19:00:56.837+0000] {processor.py:830} INFO - Processing file /home/airflow/.local/lib/python3.8/site-packages/airflow/example_dags/example_python_decorator.py for tasks to queue
[2025-11-02T19:00:56.842+0000] {logging_mixin.py:188} INFO - [2025-11-02T19:00:56.841+0000] {dagbag.py:538} INFO - Filling up the DagBag from /home/airflow/.local/lib/python3.8/site-packages/airflow/example_dags/example_python_decorator.py
[2025-11-02T19:00:56.872+0000] {processor.py:840} INFO - DAG(s) 'example_python_decorator' retrieved from /home/airflow/.local/lib/python3.8/site-packages/airflow/example_dags/example_python_decorator.py
[2025-11-02T19:00:56.929+0000] {logging_mixin.py:188} INFO - [2025-11-02T19:00:56.928+0000] {dag.py:3036} INFO - Sync 1 DAGs
[2025-11-02T19:00:56.961+0000] {logging_mixin.py:188} INFO - [2025-11-02T19:00:56.961+0000] {dag.py:3823} INFO - Setting next_dagrun for example_python_decorator to None, run_after=None
[2025-11-02T19:00:57.006+0000] {processor.py:183} INFO - Processing /home/airflow/.local/lib/python3.8/site-packages/airflow/example_dags/example_python_decorator.py took 0.181 seconds
[2025-11-02T19:01:27.146+0000] {processor.py:161} INFO - Started process (PID=4013) to work on /home/airflow/.local/lib/python3.8/site-packages/airflow/example_dags/example_python_decorator.py
[2025-11-02T19:01:27.149+0000] {processor.py:830} INFO - Processing file /home/airflow/.local/lib/python3.8/site-packages/airflow/example_dags/example_python_decorator.py for tasks to queue
[2025-11-02T19:01:27.155+0000] {logging_mixin.py:188} INFO - [2025-11-02T19:01:27.154+0000] {dagbag.py:538} INFO - Filling up the DagBag from /home/airflow/.local/lib/python3.8/site-packages/airflow/example_dags/example_python_decorator.py
[2025-11-02T19:01:27.190+0000] {processor.py:840} INFO - DAG(s) 'example_python_decorator' retrieved from /home/airflow/.local/lib/python3.8/site-packages/airflow/example_dags/example_python_decorator.py
[2025-11-02T19:01:27.255+0000] {logging_mixin.py:188} INFO - [2025-11-02T19:01:27.254+0000] {dag.py:3036} INFO - Sync 1 DAGs
[2025-11-02T19:01:27.288+0000] {logging_mixin.py:188} INFO - [2025-11-02T19:01:27.287+0000] {dag.py:3823} INFO - Setting next_dagrun for example_python_decorator to None, run_after=None
[2025-11-02T19:01:27.336+0000] {processor.py:183} INFO - Processing /home/airflow/.local/lib/python3.8/site-packages/airflow/example_dags/example_python_decorator.py took 0.201 seconds
[2025-11-02T19:01:58.217+0000] {processor.py:161} INFO - Started process (PID=4068) to work on /home/airflow/.local/lib/python3.8/site-packages/airflow/example_dags/example_python_decorator.py
[2025-11-02T19:01:58.220+0000] {processor.py:830} INFO - Processing file /home/airflow/.local/lib/python3.8/site-packages/airflow/example_dags/example_python_decorator.py for tasks to queue
[2025-11-02T19:01:58.225+0000] {logging_mixin.py:188} INFO - [2025-11-02T19:01:58.224+0000] {dagbag.py:538} INFO - Filling up the DagBag from /home/airflow/.local/lib/python3.8/site-packages/airflow/example_dags/example_python_decorator.py
[2025-11-02T19:01:58.298+0000] {processor.py:840} INFO - DAG(s) 'example_python_decorator' retrieved from /home/airflow/.local/lib/python3.8/site-packages/airflow/example_dags/example_python_decorator.py
[2025-11-02T19:01:58.377+0000] {logging_mixin.py:188} INFO - [2025-11-02T19:01:58.377+0000] {dag.py:3036} INFO - Sync 1 DAGs
[2025-11-02T19:01:58.419+0000] {logging_mixin.py:188} INFO - [2025-11-02T19:01:58.418+0000] {dag.py:3823} INFO - Setting next_dagrun for example_python_decorator to None, run_after=None
[2025-11-02T19:01:58.476+0000] {processor.py:183} INFO - Processing /home/airflow/.local/lib/python3.8/site-packages/airflow/example_dags/example_python_decorator.py took 0.269 seconds
[2025-11-02T19:02:29.204+0000] {processor.py:161} INFO - Started process (PID=4123) to work on /home/airflow/.local/lib/python3.8/site-packages/airflow/example_dags/example_python_decorator.py
[2025-11-02T19:02:29.207+0000] {processor.py:830} INFO - Processing file /home/airflow/.local/lib/python3.8/site-packages/airflow/example_dags/example_python_decorator.py for tasks to queue
[2025-11-02T19:02:29.212+0000] {logging_mixin.py:188} INFO - [2025-11-02T19:02:29.212+0000] {dagbag.py:538} INFO - Filling up the DagBag from /home/airflow/.local/lib/python3.8/site-packages/airflow/example_dags/example_python_decorator.py
[2025-11-02T19:02:29.247+0000] {processor.py:840} INFO - DAG(s) 'example_python_decorator' retrieved from /home/airflow/.local/lib/python3.8/site-packages/airflow/example_dags/example_python_decorator.py
[2025-11-02T19:02:29.302+0000] {logging_mixin.py:188} INFO - [2025-11-02T19:02:29.301+0000] {dag.py:3036} INFO - Sync 1 DAGs
[2025-11-02T19:02:29.331+0000] {logging_mixin.py:188} INFO - [2025-11-02T19:02:29.330+0000] {dag.py:3823} INFO - Setting next_dagrun for example_python_decorator to None, run_after=None
[2025-11-02T19:02:29.375+0000] {processor.py:183} INFO - Processing /home/airflow/.local/lib/python3.8/site-packages/airflow/example_dags/example_python_decorator.py took 0.178 seconds
[2025-11-02T19:02:59.779+0000] {processor.py:161} INFO - Started process (PID=4178) to work on /home/airflow/.local/lib/python3.8/site-packages/airflow/example_dags/example_python_decorator.py
[2025-11-02T19:02:59.782+0000] {processor.py:830} INFO - Processing file /home/airflow/.local/lib/python3.8/site-packages/airflow/example_dags/example_python_decorator.py for tasks to queue
[2025-11-02T19:02:59.788+0000] {logging_mixin.py:188} INFO - [2025-11-02T19:02:59.787+0000] {dagbag.py:538} INFO - Filling up the DagBag from /home/airflow/.local/lib/python3.8/site-packages/airflow/example_dags/example_python_decorator.py
[2025-11-02T19:02:59.857+0000] {processor.py:840} INFO - DAG(s) 'example_python_decorator' retrieved from /home/airflow/.local/lib/python3.8/site-packages/airflow/example_dags/example_python_decorator.py
[2025-11-02T19:02:59.952+0000] {logging_mixin.py:188} INFO - [2025-11-02T19:02:59.952+0000] {dag.py:3036} INFO - Sync 1 DAGs
[2025-11-02T19:02:59.990+0000] {logging_mixin.py:188} INFO - [2025-11-02T19:02:59.989+0000] {dag.py:3823} INFO - Setting next_dagrun for example_python_decorator to None, run_after=None
[2025-11-02T19:03:00.048+0000] {processor.py:183} INFO - Processing /home/airflow/.local/lib/python3.8/site-packages/airflow/example_dags/example_python_decorator.py took 0.283 seconds
[2025-11-02T19:03:30.798+0000] {processor.py:161} INFO - Started process (PID=4233) to work on /home/airflow/.local/lib/python3.8/site-packages/airflow/example_dags/example_python_decorator.py
[2025-11-02T19:03:30.801+0000] {processor.py:830} INFO - Processing file /home/airflow/.local/lib/python3.8/site-packages/airflow/example_dags/example_python_decorator.py for tasks to queue
[2025-11-02T19:03:30.807+0000] {logging_mixin.py:188} INFO - [2025-11-02T19:03:30.806+0000] {dagbag.py:538} INFO - Filling up the DagBag from /home/airflow/.local/lib/python3.8/site-packages/airflow/example_dags/example_python_decorator.py
[2025-11-02T19:03:30.852+0000] {processor.py:840} INFO - DAG(s) 'example_python_decorator' retrieved from /home/airflow/.local/lib/python3.8/site-packages/airflow/example_dags/example_python_decorator.py
[2025-11-02T19:03:30.913+0000] {logging_mixin.py:188} INFO - [2025-11-02T19:03:30.912+0000] {dag.py:3036} INFO - Sync 1 DAGs
[2025-11-02T19:03:30.949+0000] {logging_mixin.py:188} INFO - [2025-11-02T19:03:30.948+0000] {dag.py:3823} INFO - Setting next_dagrun for example_python_decorator to None, run_after=None
[2025-11-02T19:03:31.010+0000] {processor.py:183} INFO - Processing /home/airflow/.local/lib/python3.8/site-packages/airflow/example_dags/example_python_decorator.py took 0.221 seconds
[2025-11-02T19:04:01.376+0000] {processor.py:161} INFO - Started process (PID=4288) to work on /home/airflow/.local/lib/python3.8/site-packages/airflow/example_dags/example_python_decorator.py
[2025-11-02T19:04:01.378+0000] {processor.py:830} INFO - Processing file /home/airflow/.local/lib/python3.8/site-packages/airflow/example_dags/example_python_decorator.py for tasks to queue
[2025-11-02T19:04:01.384+0000] {logging_mixin.py:188} INFO - [2025-11-02T19:04:01.383+0000] {dagbag.py:538} INFO - Filling up the DagBag from /home/airflow/.local/lib/python3.8/site-packages/airflow/example_dags/example_python_decorator.py
[2025-11-02T19:04:01.420+0000] {processor.py:840} INFO - DAG(s) 'example_python_decorator' retrieved from /home/airflow/.local/lib/python3.8/site-packages/airflow/example_dags/example_python_decorator.py
[2025-11-02T19:04:01.481+0000] {logging_mixin.py:188} INFO - [2025-11-02T19:04:01.481+0000] {dag.py:3036} INFO - Sync 1 DAGs
[2025-11-02T19:04:01.516+0000] {logging_mixin.py:188} INFO - [2025-11-02T19:04:01.515+0000] {dag.py:3823} INFO - Setting next_dagrun for example_python_decorator to None, run_after=None
[2025-11-02T19:04:01.560+0000] {processor.py:183} INFO - Processing /home/airflow/.local/lib/python3.8/site-packages/airflow/example_dags/example_python_decorator.py took 0.195 seconds
[2025-11-02T19:04:32.213+0000] {processor.py:161} INFO - Started process (PID=4343) to work on /home/airflow/.local/lib/python3.8/site-packages/airflow/example_dags/example_python_decorator.py
[2025-11-02T19:04:32.216+0000] {processor.py:830} INFO - Processing file /home/airflow/.local/lib/python3.8/site-packages/airflow/example_dags/example_python_decorator.py for tasks to queue
[2025-11-02T19:04:32.221+0000] {logging_mixin.py:188} INFO - [2025-11-02T19:04:32.220+0000] {dagbag.py:538} INFO - Filling up the DagBag from /home/airflow/.local/lib/python3.8/site-packages/airflow/example_dags/example_python_decorator.py
[2025-11-02T19:04:32.258+0000] {processor.py:840} INFO - DAG(s) 'example_python_decorator' retrieved from /home/airflow/.local/lib/python3.8/site-packages/airflow/example_dags/example_python_decorator.py
[2025-11-02T19:04:32.338+0000] {logging_mixin.py:188} INFO - [2025-11-02T19:04:32.338+0000] {dag.py:3036} INFO - Sync 1 DAGs
[2025-11-02T19:04:32.374+0000] {logging_mixin.py:188} INFO - [2025-11-02T19:04:32.374+0000] {dag.py:3823} INFO - Setting next_dagrun for example_python_decorator to None, run_after=None
[2025-11-02T19:04:32.423+0000] {processor.py:183} INFO - Processing /home/airflow/.local/lib/python3.8/site-packages/airflow/example_dags/example_python_decorator.py took 0.222 seconds
[2025-11-02T19:05:02.837+0000] {processor.py:161} INFO - Started process (PID=4398) to work on /home/airflow/.local/lib/python3.8/site-packages/airflow/example_dags/example_python_decorator.py
[2025-11-02T19:05:02.840+0000] {processor.py:830} INFO - Processing file /home/airflow/.local/lib/python3.8/site-packages/airflow/example_dags/example_python_decorator.py for tasks to queue
[2025-11-02T19:05:02.846+0000] {logging_mixin.py:188} INFO - [2025-11-02T19:05:02.845+0000] {dagbag.py:538} INFO - Filling up the DagBag from /home/airflow/.local/lib/python3.8/site-packages/airflow/example_dags/example_python_decorator.py
[2025-11-02T19:05:02.886+0000] {processor.py:840} INFO - DAG(s) 'example_python_decorator' retrieved from /home/airflow/.local/lib/python3.8/site-packages/airflow/example_dags/example_python_decorator.py
[2025-11-02T19:05:02.944+0000] {logging_mixin.py:188} INFO - [2025-11-02T19:05:02.944+0000] {dag.py:3036} INFO - Sync 1 DAGs
[2025-11-02T19:05:02.979+0000] {logging_mixin.py:188} INFO - [2025-11-02T19:05:02.979+0000] {dag.py:3823} INFO - Setting next_dagrun for example_python_decorator to None, run_after=None
[2025-11-02T19:05:03.026+0000] {processor.py:183} INFO - Processing /home/airflow/.local/lib/python3.8/site-packages/airflow/example_dags/example_python_decorator.py took 0.201 seconds
[2025-11-02T19:05:33.434+0000] {processor.py:161} INFO - Started process (PID=4453) to work on /home/airflow/.local/lib/python3.8/site-packages/airflow/example_dags/example_python_decorator.py
[2025-11-02T19:05:33.437+0000] {processor.py:830} INFO - Processing file /home/airflow/.local/lib/python3.8/site-packages/airflow/example_dags/example_python_decorator.py for tasks to queue
[2025-11-02T19:05:33.445+0000] {logging_mixin.py:188} INFO - [2025-11-02T19:05:33.444+0000] {dagbag.py:538} INFO - Filling up the DagBag from /home/airflow/.local/lib/python3.8/site-packages/airflow/example_dags/example_python_decorator.py
[2025-11-02T19:05:33.502+0000] {processor.py:840} INFO - DAG(s) 'example_python_decorator' retrieved from /home/airflow/.local/lib/python3.8/site-packages/airflow/example_dags/example_python_decorator.py
[2025-11-02T19:05:33.564+0000] {logging_mixin.py:188} INFO - [2025-11-02T19:05:33.563+0000] {dag.py:3036} INFO - Sync 1 DAGs
[2025-11-02T19:05:33.591+0000] {logging_mixin.py:188} INFO - [2025-11-02T19:05:33.590+0000] {dag.py:3823} INFO - Setting next_dagrun for example_python_decorator to None, run_after=None
[2025-11-02T19:05:33.643+0000] {processor.py:183} INFO - Processing /home/airflow/.local/lib/python3.8/site-packages/airflow/example_dags/example_python_decorator.py took 0.225 seconds
[2025-11-02T19:06:04.332+0000] {processor.py:161} INFO - Started process (PID=4508) to work on /home/airflow/.local/lib/python3.8/site-packages/airflow/example_dags/example_python_decorator.py
[2025-11-02T19:06:04.338+0000] {processor.py:830} INFO - Processing file /home/airflow/.local/lib/python3.8/site-packages/airflow/example_dags/example_python_decorator.py for tasks to queue
[2025-11-02T19:06:04.344+0000] {logging_mixin.py:188} INFO - [2025-11-02T19:06:04.344+0000] {dagbag.py:538} INFO - Filling up the DagBag from /home/airflow/.local/lib/python3.8/site-packages/airflow/example_dags/example_python_decorator.py
[2025-11-02T19:06:04.383+0000] {processor.py:840} INFO - DAG(s) 'example_python_decorator' retrieved from /home/airflow/.local/lib/python3.8/site-packages/airflow/example_dags/example_python_decorator.py
[2025-11-02T19:06:04.447+0000] {logging_mixin.py:188} INFO - [2025-11-02T19:06:04.447+0000] {dag.py:3036} INFO - Sync 1 DAGs
[2025-11-02T19:06:04.476+0000] {logging_mixin.py:188} INFO - [2025-11-02T19:06:04.476+0000] {dag.py:3823} INFO - Setting next_dagrun for example_python_decorator to None, run_after=None
[2025-11-02T19:06:04.526+0000] {processor.py:183} INFO - Processing /home/airflow/.local/lib/python3.8/site-packages/airflow/example_dags/example_python_decorator.py took 0.205 seconds
[2025-11-02T19:06:34.789+0000] {processor.py:161} INFO - Started process (PID=4563) to work on /home/airflow/.local/lib/python3.8/site-packages/airflow/example_dags/example_python_decorator.py
[2025-11-02T19:06:34.791+0000] {processor.py:830} INFO - Processing file /home/airflow/.local/lib/python3.8/site-packages/airflow/example_dags/example_python_decorator.py for tasks to queue
[2025-11-02T19:06:34.797+0000] {logging_mixin.py:188} INFO - [2025-11-02T19:06:34.796+0000] {dagbag.py:538} INFO - Filling up the DagBag from /home/airflow/.local/lib/python3.8/site-packages/airflow/example_dags/example_python_decorator.py
[2025-11-02T19:06:34.837+0000] {processor.py:840} INFO - DAG(s) 'example_python_decorator' retrieved from /home/airflow/.local/lib/python3.8/site-packages/airflow/example_dags/example_python_decorator.py
[2025-11-02T19:06:34.964+0000] {logging_mixin.py:188} INFO - [2025-11-02T19:06:34.963+0000] {dag.py:3036} INFO - Sync 1 DAGs
[2025-11-02T19:06:34.997+0000] {logging_mixin.py:188} INFO - [2025-11-02T19:06:34.997+0000] {dag.py:3823} INFO - Setting next_dagrun for example_python_decorator to None, run_after=None
[2025-11-02T19:06:35.053+0000] {processor.py:183} INFO - Processing /home/airflow/.local/lib/python3.8/site-packages/airflow/example_dags/example_python_decorator.py took 0.277 seconds
[2025-11-02T19:07:05.935+0000] {processor.py:161} INFO - Started process (PID=4618) to work on /home/airflow/.local/lib/python3.8/site-packages/airflow/example_dags/example_python_decorator.py
[2025-11-02T19:07:05.938+0000] {processor.py:830} INFO - Processing file /home/airflow/.local/lib/python3.8/site-packages/airflow/example_dags/example_python_decorator.py for tasks to queue
[2025-11-02T19:07:05.943+0000] {logging_mixin.py:188} INFO - [2025-11-02T19:07:05.942+0000] {dagbag.py:538} INFO - Filling up the DagBag from /home/airflow/.local/lib/python3.8/site-packages/airflow/example_dags/example_python_decorator.py
[2025-11-02T19:07:05.977+0000] {processor.py:840} INFO - DAG(s) 'example_python_decorator' retrieved from /home/airflow/.local/lib/python3.8/site-packages/airflow/example_dags/example_python_decorator.py
[2025-11-02T19:07:06.038+0000] {logging_mixin.py:188} INFO - [2025-11-02T19:07:06.038+0000] {dag.py:3036} INFO - Sync 1 DAGs
[2025-11-02T19:07:06.066+0000] {logging_mixin.py:188} INFO - [2025-11-02T19:07:06.065+0000] {dag.py:3823} INFO - Setting next_dagrun for example_python_decorator to None, run_after=None
[2025-11-02T19:07:06.110+0000] {processor.py:183} INFO - Processing /home/airflow/.local/lib/python3.8/site-packages/airflow/example_dags/example_python_decorator.py took 0.186 seconds
[2025-11-02T19:07:37.061+0000] {processor.py:161} INFO - Started process (PID=4673) to work on /home/airflow/.local/lib/python3.8/site-packages/airflow/example_dags/example_python_decorator.py
[2025-11-02T19:07:37.064+0000] {processor.py:830} INFO - Processing file /home/airflow/.local/lib/python3.8/site-packages/airflow/example_dags/example_python_decorator.py for tasks to queue
[2025-11-02T19:07:37.070+0000] {logging_mixin.py:188} INFO - [2025-11-02T19:07:37.069+0000] {dagbag.py:538} INFO - Filling up the DagBag from /home/airflow/.local/lib/python3.8/site-packages/airflow/example_dags/example_python_decorator.py
[2025-11-02T19:07:37.145+0000] {processor.py:840} INFO - DAG(s) 'example_python_decorator' retrieved from /home/airflow/.local/lib/python3.8/site-packages/airflow/example_dags/example_python_decorator.py
[2025-11-02T19:07:37.220+0000] {logging_mixin.py:188} INFO - [2025-11-02T19:07:37.220+0000] {dag.py:3036} INFO - Sync 1 DAGs
[2025-11-02T19:07:37.319+0000] {logging_mixin.py:188} INFO - [2025-11-02T19:07:37.319+0000] {dag.py:3823} INFO - Setting next_dagrun for example_python_decorator to None, run_after=None
[2025-11-02T19:07:37.376+0000] {processor.py:183} INFO - Processing /home/airflow/.local/lib/python3.8/site-packages/airflow/example_dags/example_python_decorator.py took 0.326 seconds
[2025-11-02T19:08:07.574+0000] {processor.py:161} INFO - Started process (PID=4728) to work on /home/airflow/.local/lib/python3.8/site-packages/airflow/example_dags/example_python_decorator.py
[2025-11-02T19:08:07.577+0000] {processor.py:830} INFO - Processing file /home/airflow/.local/lib/python3.8/site-packages/airflow/example_dags/example_python_decorator.py for tasks to queue
[2025-11-02T19:08:07.581+0000] {logging_mixin.py:188} INFO - [2025-11-02T19:08:07.581+0000] {dagbag.py:538} INFO - Filling up the DagBag from /home/airflow/.local/lib/python3.8/site-packages/airflow/example_dags/example_python_decorator.py
[2025-11-02T19:08:07.610+0000] {processor.py:840} INFO - DAG(s) 'example_python_decorator' retrieved from /home/airflow/.local/lib/python3.8/site-packages/airflow/example_dags/example_python_decorator.py
[2025-11-02T19:08:07.659+0000] {logging_mixin.py:188} INFO - [2025-11-02T19:08:07.658+0000] {dag.py:3036} INFO - Sync 1 DAGs
[2025-11-02T19:08:07.726+0000] {logging_mixin.py:188} INFO - [2025-11-02T19:08:07.725+0000] {dag.py:3823} INFO - Setting next_dagrun for example_python_decorator to None, run_after=None
[2025-11-02T19:08:07.795+0000] {processor.py:183} INFO - Processing /home/airflow/.local/lib/python3.8/site-packages/airflow/example_dags/example_python_decorator.py took 0.229 seconds
[2025-11-02T19:08:39.486+0000] {processor.py:161} INFO - Started process (PID=4783) to work on /home/airflow/.local/lib/python3.8/site-packages/airflow/example_dags/example_python_decorator.py
[2025-11-02T19:08:39.494+0000] {processor.py:830} INFO - Processing file /home/airflow/.local/lib/python3.8/site-packages/airflow/example_dags/example_python_decorator.py for tasks to queue
[2025-11-02T19:08:39.528+0000] {logging_mixin.py:188} INFO - [2025-11-02T19:08:39.527+0000] {dagbag.py:538} INFO - Filling up the DagBag from /home/airflow/.local/lib/python3.8/site-packages/airflow/example_dags/example_python_decorator.py
[2025-11-02T19:08:39.706+0000] {processor.py:840} INFO - DAG(s) 'example_python_decorator' retrieved from /home/airflow/.local/lib/python3.8/site-packages/airflow/example_dags/example_python_decorator.py
[2025-11-02T19:08:39.812+0000] {logging_mixin.py:188} INFO - [2025-11-02T19:08:39.811+0000] {dag.py:3036} INFO - Sync 1 DAGs
[2025-11-02T19:08:39.862+0000] {logging_mixin.py:188} INFO - [2025-11-02T19:08:39.860+0000] {dag.py:3823} INFO - Setting next_dagrun for example_python_decorator to None, run_after=None
[2025-11-02T19:08:39.914+0000] {processor.py:183} INFO - Processing /home/airflow/.local/lib/python3.8/site-packages/airflow/example_dags/example_python_decorator.py took 0.463 seconds
[2025-11-02T19:09:10.082+0000] {processor.py:161} INFO - Started process (PID=4838) to work on /home/airflow/.local/lib/python3.8/site-packages/airflow/example_dags/example_python_decorator.py
[2025-11-02T19:09:10.084+0000] {processor.py:830} INFO - Processing file /home/airflow/.local/lib/python3.8/site-packages/airflow/example_dags/example_python_decorator.py for tasks to queue
[2025-11-02T19:09:10.091+0000] {logging_mixin.py:188} INFO - [2025-11-02T19:09:10.090+0000] {dagbag.py:538} INFO - Filling up the DagBag from /home/airflow/.local/lib/python3.8/site-packages/airflow/example_dags/example_python_decorator.py
[2025-11-02T19:09:10.134+0000] {processor.py:840} INFO - DAG(s) 'example_python_decorator' retrieved from /home/airflow/.local/lib/python3.8/site-packages/airflow/example_dags/example_python_decorator.py
[2025-11-02T19:09:10.192+0000] {logging_mixin.py:188} INFO - [2025-11-02T19:09:10.192+0000] {dag.py:3036} INFO - Sync 1 DAGs
[2025-11-02T19:09:10.244+0000] {logging_mixin.py:188} INFO - [2025-11-02T19:09:10.244+0000] {dag.py:3823} INFO - Setting next_dagrun for example_python_decorator to None, run_after=None
[2025-11-02T19:09:10.303+0000] {processor.py:183} INFO - Processing /home/airflow/.local/lib/python3.8/site-packages/airflow/example_dags/example_python_decorator.py took 0.238 seconds
[2025-11-02T19:09:40.617+0000] {processor.py:161} INFO - Started process (PID=4893) to work on /home/airflow/.local/lib/python3.8/site-packages/airflow/example_dags/example_python_decorator.py
[2025-11-02T19:09:40.621+0000] {processor.py:830} INFO - Processing file /home/airflow/.local/lib/python3.8/site-packages/airflow/example_dags/example_python_decorator.py for tasks to queue
[2025-11-02T19:09:40.627+0000] {logging_mixin.py:188} INFO - [2025-11-02T19:09:40.626+0000] {dagbag.py:538} INFO - Filling up the DagBag from /home/airflow/.local/lib/python3.8/site-packages/airflow/example_dags/example_python_decorator.py
[2025-11-02T19:09:40.663+0000] {processor.py:840} INFO - DAG(s) 'example_python_decorator' retrieved from /home/airflow/.local/lib/python3.8/site-packages/airflow/example_dags/example_python_decorator.py
[2025-11-02T19:09:40.716+0000] {logging_mixin.py:188} INFO - [2025-11-02T19:09:40.716+0000] {dag.py:3036} INFO - Sync 1 DAGs
[2025-11-02T19:09:40.744+0000] {logging_mixin.py:188} INFO - [2025-11-02T19:09:40.743+0000] {dag.py:3823} INFO - Setting next_dagrun for example_python_decorator to None, run_after=None
[2025-11-02T19:09:40.788+0000] {processor.py:183} INFO - Processing /home/airflow/.local/lib/python3.8/site-packages/airflow/example_dags/example_python_decorator.py took 0.181 seconds
[2025-11-02T19:10:11.137+0000] {processor.py:161} INFO - Started process (PID=4948) to work on /home/airflow/.local/lib/python3.8/site-packages/airflow/example_dags/example_python_decorator.py
[2025-11-02T19:10:11.140+0000] {processor.py:830} INFO - Processing file /home/airflow/.local/lib/python3.8/site-packages/airflow/example_dags/example_python_decorator.py for tasks to queue
[2025-11-02T19:10:11.147+0000] {logging_mixin.py:188} INFO - [2025-11-02T19:10:11.146+0000] {dagbag.py:538} INFO - Filling up the DagBag from /home/airflow/.local/lib/python3.8/site-packages/airflow/example_dags/example_python_decorator.py
[2025-11-02T19:10:11.183+0000] {processor.py:840} INFO - DAG(s) 'example_python_decorator' retrieved from /home/airflow/.local/lib/python3.8/site-packages/airflow/example_dags/example_python_decorator.py
[2025-11-02T19:10:11.238+0000] {logging_mixin.py:188} INFO - [2025-11-02T19:10:11.237+0000] {dag.py:3036} INFO - Sync 1 DAGs
[2025-11-02T19:10:11.269+0000] {logging_mixin.py:188} INFO - [2025-11-02T19:10:11.269+0000] {dag.py:3823} INFO - Setting next_dagrun for example_python_decorator to None, run_after=None
[2025-11-02T19:10:11.318+0000] {processor.py:183} INFO - Processing /home/airflow/.local/lib/python3.8/site-packages/airflow/example_dags/example_python_decorator.py took 0.190 seconds
[2025-11-02T19:10:41.768+0000] {processor.py:161} INFO - Started process (PID=5003) to work on /home/airflow/.local/lib/python3.8/site-packages/airflow/example_dags/example_python_decorator.py
[2025-11-02T19:10:41.770+0000] {processor.py:830} INFO - Processing file /home/airflow/.local/lib/python3.8/site-packages/airflow/example_dags/example_python_decorator.py for tasks to queue
[2025-11-02T19:10:41.775+0000] {logging_mixin.py:188} INFO - [2025-11-02T19:10:41.775+0000] {dagbag.py:538} INFO - Filling up the DagBag from /home/airflow/.local/lib/python3.8/site-packages/airflow/example_dags/example_python_decorator.py
[2025-11-02T19:10:41.821+0000] {processor.py:840} INFO - DAG(s) 'example_python_decorator' retrieved from /home/airflow/.local/lib/python3.8/site-packages/airflow/example_dags/example_python_decorator.py
[2025-11-02T19:10:41.874+0000] {logging_mixin.py:188} INFO - [2025-11-02T19:10:41.874+0000] {dag.py:3036} INFO - Sync 1 DAGs
[2025-11-02T19:10:41.903+0000] {logging_mixin.py:188} INFO - [2025-11-02T19:10:41.903+0000] {dag.py:3823} INFO - Setting next_dagrun for example_python_decorator to None, run_after=None
[2025-11-02T19:10:41.950+0000] {processor.py:183} INFO - Processing /home/airflow/.local/lib/python3.8/site-packages/airflow/example_dags/example_python_decorator.py took 0.192 seconds
[2025-11-02T19:11:12.948+0000] {processor.py:161} INFO - Started process (PID=5058) to work on /home/airflow/.local/lib/python3.8/site-packages/airflow/example_dags/example_python_decorator.py
[2025-11-02T19:11:12.952+0000] {processor.py:830} INFO - Processing file /home/airflow/.local/lib/python3.8/site-packages/airflow/example_dags/example_python_decorator.py for tasks to queue
[2025-11-02T19:11:12.959+0000] {logging_mixin.py:188} INFO - [2025-11-02T19:11:12.958+0000] {dagbag.py:538} INFO - Filling up the DagBag from /home/airflow/.local/lib/python3.8/site-packages/airflow/example_dags/example_python_decorator.py
[2025-11-02T19:11:13.009+0000] {processor.py:840} INFO - DAG(s) 'example_python_decorator' retrieved from /home/airflow/.local/lib/python3.8/site-packages/airflow/example_dags/example_python_decorator.py
[2025-11-02T19:11:13.087+0000] {logging_mixin.py:188} INFO - [2025-11-02T19:11:13.086+0000] {dag.py:3036} INFO - Sync 1 DAGs
[2025-11-02T19:11:13.135+0000] {logging_mixin.py:188} INFO - [2025-11-02T19:11:13.134+0000] {dag.py:3823} INFO - Setting next_dagrun for example_python_decorator to None, run_after=None
[2025-11-02T19:11:13.212+0000] {processor.py:183} INFO - Processing /home/airflow/.local/lib/python3.8/site-packages/airflow/example_dags/example_python_decorator.py took 0.280 seconds
[2025-11-02T19:11:43.419+0000] {processor.py:161} INFO - Started process (PID=5113) to work on /home/airflow/.local/lib/python3.8/site-packages/airflow/example_dags/example_python_decorator.py
[2025-11-02T19:11:43.423+0000] {processor.py:830} INFO - Processing file /home/airflow/.local/lib/python3.8/site-packages/airflow/example_dags/example_python_decorator.py for tasks to queue
[2025-11-02T19:11:43.429+0000] {logging_mixin.py:188} INFO - [2025-11-02T19:11:43.428+0000] {dagbag.py:538} INFO - Filling up the DagBag from /home/airflow/.local/lib/python3.8/site-packages/airflow/example_dags/example_python_decorator.py
[2025-11-02T19:11:43.474+0000] {processor.py:840} INFO - DAG(s) 'example_python_decorator' retrieved from /home/airflow/.local/lib/python3.8/site-packages/airflow/example_dags/example_python_decorator.py
[2025-11-02T19:11:43.568+0000] {logging_mixin.py:188} INFO - [2025-11-02T19:11:43.567+0000] {dag.py:3036} INFO - Sync 1 DAGs
[2025-11-02T19:11:43.607+0000] {logging_mixin.py:188} INFO - [2025-11-02T19:11:43.606+0000] {dag.py:3823} INFO - Setting next_dagrun for example_python_decorator to None, run_after=None
[2025-11-02T19:11:43.660+0000] {processor.py:183} INFO - Processing /home/airflow/.local/lib/python3.8/site-packages/airflow/example_dags/example_python_decorator.py took 0.258 seconds
[2025-11-02T19:12:13.931+0000] {processor.py:161} INFO - Started process (PID=5168) to work on /home/airflow/.local/lib/python3.8/site-packages/airflow/example_dags/example_python_decorator.py
[2025-11-02T19:12:13.934+0000] {processor.py:830} INFO - Processing file /home/airflow/.local/lib/python3.8/site-packages/airflow/example_dags/example_python_decorator.py for tasks to queue
[2025-11-02T19:12:13.942+0000] {logging_mixin.py:188} INFO - [2025-11-02T19:12:13.941+0000] {dagbag.py:538} INFO - Filling up the DagBag from /home/airflow/.local/lib/python3.8/site-packages/airflow/example_dags/example_python_decorator.py
[2025-11-02T19:12:13.983+0000] {processor.py:840} INFO - DAG(s) 'example_python_decorator' retrieved from /home/airflow/.local/lib/python3.8/site-packages/airflow/example_dags/example_python_decorator.py
[2025-11-02T19:12:14.038+0000] {logging_mixin.py:188} INFO - [2025-11-02T19:12:14.038+0000] {dag.py:3036} INFO - Sync 1 DAGs
[2025-11-02T19:12:14.086+0000] {logging_mixin.py:188} INFO - [2025-11-02T19:12:14.085+0000] {dag.py:3823} INFO - Setting next_dagrun for example_python_decorator to None, run_after=None
[2025-11-02T19:12:14.143+0000] {processor.py:183} INFO - Processing /home/airflow/.local/lib/python3.8/site-packages/airflow/example_dags/example_python_decorator.py took 0.222 seconds
[2025-11-02T19:12:45.019+0000] {processor.py:161} INFO - Started process (PID=5230) to work on /home/airflow/.local/lib/python3.8/site-packages/airflow/example_dags/example_python_decorator.py
[2025-11-02T19:12:45.021+0000] {processor.py:830} INFO - Processing file /home/airflow/.local/lib/python3.8/site-packages/airflow/example_dags/example_python_decorator.py for tasks to queue
[2025-11-02T19:12:45.026+0000] {logging_mixin.py:188} INFO - [2025-11-02T19:12:45.025+0000] {dagbag.py:538} INFO - Filling up the DagBag from /home/airflow/.local/lib/python3.8/site-packages/airflow/example_dags/example_python_decorator.py
[2025-11-02T19:12:45.068+0000] {processor.py:840} INFO - DAG(s) 'example_python_decorator' retrieved from /home/airflow/.local/lib/python3.8/site-packages/airflow/example_dags/example_python_decorator.py
[2025-11-02T19:12:45.130+0000] {logging_mixin.py:188} INFO - [2025-11-02T19:12:45.130+0000] {dag.py:3036} INFO - Sync 1 DAGs
[2025-11-02T19:12:45.160+0000] {logging_mixin.py:188} INFO - [2025-11-02T19:12:45.160+0000] {dag.py:3823} INFO - Setting next_dagrun for example_python_decorator to None, run_after=None
[2025-11-02T19:12:45.212+0000] {processor.py:183} INFO - Processing /home/airflow/.local/lib/python3.8/site-packages/airflow/example_dags/example_python_decorator.py took 0.206 seconds
[2025-11-02T19:13:15.382+0000] {processor.py:161} INFO - Started process (PID=5284) to work on /home/airflow/.local/lib/python3.8/site-packages/airflow/example_dags/example_python_decorator.py
[2025-11-02T19:13:15.386+0000] {processor.py:830} INFO - Processing file /home/airflow/.local/lib/python3.8/site-packages/airflow/example_dags/example_python_decorator.py for tasks to queue
[2025-11-02T19:13:15.393+0000] {logging_mixin.py:188} INFO - [2025-11-02T19:13:15.391+0000] {dagbag.py:538} INFO - Filling up the DagBag from /home/airflow/.local/lib/python3.8/site-packages/airflow/example_dags/example_python_decorator.py
[2025-11-02T19:13:15.467+0000] {processor.py:840} INFO - DAG(s) 'example_python_decorator' retrieved from /home/airflow/.local/lib/python3.8/site-packages/airflow/example_dags/example_python_decorator.py
[2025-11-02T19:13:15.633+0000] {logging_mixin.py:188} INFO - [2025-11-02T19:13:15.624+0000] {dag.py:3036} INFO - Sync 1 DAGs
[2025-11-02T19:13:15.701+0000] {logging_mixin.py:188} INFO - [2025-11-02T19:13:15.701+0000] {dag.py:3823} INFO - Setting next_dagrun for example_python_decorator to None, run_after=None
[2025-11-02T19:13:15.768+0000] {processor.py:183} INFO - Processing /home/airflow/.local/lib/python3.8/site-packages/airflow/example_dags/example_python_decorator.py took 0.398 seconds
[2025-11-02T19:13:46.608+0000] {processor.py:161} INFO - Started process (PID=5339) to work on /home/airflow/.local/lib/python3.8/site-packages/airflow/example_dags/example_python_decorator.py
[2025-11-02T19:13:46.611+0000] {processor.py:830} INFO - Processing file /home/airflow/.local/lib/python3.8/site-packages/airflow/example_dags/example_python_decorator.py for tasks to queue
[2025-11-02T19:13:46.617+0000] {logging_mixin.py:188} INFO - [2025-11-02T19:13:46.616+0000] {dagbag.py:538} INFO - Filling up the DagBag from /home/airflow/.local/lib/python3.8/site-packages/airflow/example_dags/example_python_decorator.py
[2025-11-02T19:13:46.662+0000] {processor.py:840} INFO - DAG(s) 'example_python_decorator' retrieved from /home/airflow/.local/lib/python3.8/site-packages/airflow/example_dags/example_python_decorator.py
[2025-11-02T19:13:46.741+0000] {logging_mixin.py:188} INFO - [2025-11-02T19:13:46.740+0000] {dag.py:3036} INFO - Sync 1 DAGs
[2025-11-02T19:13:46.782+0000] {logging_mixin.py:188} INFO - [2025-11-02T19:13:46.781+0000] {dag.py:3823} INFO - Setting next_dagrun for example_python_decorator to None, run_after=None
[2025-11-02T19:13:46.854+0000] {processor.py:183} INFO - Processing /home/airflow/.local/lib/python3.8/site-packages/airflow/example_dags/example_python_decorator.py took 0.258 seconds
[2025-11-02T19:14:18.604+0000] {processor.py:161} INFO - Started process (PID=5394) to work on /home/airflow/.local/lib/python3.8/site-packages/airflow/example_dags/example_python_decorator.py
[2025-11-02T19:14:18.615+0000] {processor.py:830} INFO - Processing file /home/airflow/.local/lib/python3.8/site-packages/airflow/example_dags/example_python_decorator.py for tasks to queue
[2025-11-02T19:14:18.652+0000] {logging_mixin.py:188} INFO - [2025-11-02T19:14:18.651+0000] {dagbag.py:538} INFO - Filling up the DagBag from /home/airflow/.local/lib/python3.8/site-packages/airflow/example_dags/example_python_decorator.py
[2025-11-02T19:14:18.735+0000] {processor.py:840} INFO - DAG(s) 'example_python_decorator' retrieved from /home/airflow/.local/lib/python3.8/site-packages/airflow/example_dags/example_python_decorator.py
[2025-11-02T19:14:18.846+0000] {logging_mixin.py:188} INFO - [2025-11-02T19:14:18.845+0000] {dag.py:3036} INFO - Sync 1 DAGs
[2025-11-02T19:14:18.914+0000] {logging_mixin.py:188} INFO - [2025-11-02T19:14:18.914+0000] {dag.py:3823} INFO - Setting next_dagrun for example_python_decorator to None, run_after=None
[2025-11-02T19:14:19.036+0000] {processor.py:183} INFO - Processing /home/airflow/.local/lib/python3.8/site-packages/airflow/example_dags/example_python_decorator.py took 0.499 seconds
[2025-11-02T19:14:49.201+0000] {processor.py:161} INFO - Started process (PID=5450) to work on /home/airflow/.local/lib/python3.8/site-packages/airflow/example_dags/example_python_decorator.py
[2025-11-02T19:14:49.206+0000] {processor.py:830} INFO - Processing file /home/airflow/.local/lib/python3.8/site-packages/airflow/example_dags/example_python_decorator.py for tasks to queue
[2025-11-02T19:14:49.218+0000] {logging_mixin.py:188} INFO - [2025-11-02T19:14:49.216+0000] {dagbag.py:538} INFO - Filling up the DagBag from /home/airflow/.local/lib/python3.8/site-packages/airflow/example_dags/example_python_decorator.py
[2025-11-02T19:14:49.283+0000] {processor.py:840} INFO - DAG(s) 'example_python_decorator' retrieved from /home/airflow/.local/lib/python3.8/site-packages/airflow/example_dags/example_python_decorator.py
[2025-11-02T19:14:49.354+0000] {logging_mixin.py:188} INFO - [2025-11-02T19:14:49.354+0000] {dag.py:3036} INFO - Sync 1 DAGs
[2025-11-02T19:14:49.401+0000] {logging_mixin.py:188} INFO - [2025-11-02T19:14:49.401+0000] {dag.py:3823} INFO - Setting next_dagrun for example_python_decorator to None, run_after=None
[2025-11-02T19:14:49.639+0000] {processor.py:183} INFO - Processing /home/airflow/.local/lib/python3.8/site-packages/airflow/example_dags/example_python_decorator.py took 0.298 seconds
[2025-11-02T19:15:20.064+0000] {processor.py:161} INFO - Started process (PID=5505) to work on /home/airflow/.local/lib/python3.8/site-packages/airflow/example_dags/example_python_decorator.py
[2025-11-02T19:15:20.066+0000] {processor.py:830} INFO - Processing file /home/airflow/.local/lib/python3.8/site-packages/airflow/example_dags/example_python_decorator.py for tasks to queue
[2025-11-02T19:15:20.072+0000] {logging_mixin.py:188} INFO - [2025-11-02T19:15:20.071+0000] {dagbag.py:538} INFO - Filling up the DagBag from /home/airflow/.local/lib/python3.8/site-packages/airflow/example_dags/example_python_decorator.py
[2025-11-02T19:15:20.132+0000] {processor.py:840} INFO - DAG(s) 'example_python_decorator' retrieved from /home/airflow/.local/lib/python3.8/site-packages/airflow/example_dags/example_python_decorator.py
[2025-11-02T19:15:20.210+0000] {logging_mixin.py:188} INFO - [2025-11-02T19:15:20.209+0000] {dag.py:3036} INFO - Sync 1 DAGs
[2025-11-02T19:15:20.247+0000] {logging_mixin.py:188} INFO - [2025-11-02T19:15:20.247+0000] {dag.py:3823} INFO - Setting next_dagrun for example_python_decorator to None, run_after=None
[2025-11-02T19:15:20.309+0000] {processor.py:183} INFO - Processing /home/airflow/.local/lib/python3.8/site-packages/airflow/example_dags/example_python_decorator.py took 0.254 seconds
[2025-11-02T19:15:50.867+0000] {processor.py:161} INFO - Started process (PID=5560) to work on /home/airflow/.local/lib/python3.8/site-packages/airflow/example_dags/example_python_decorator.py
[2025-11-02T19:15:50.871+0000] {processor.py:830} INFO - Processing file /home/airflow/.local/lib/python3.8/site-packages/airflow/example_dags/example_python_decorator.py for tasks to queue
[2025-11-02T19:15:50.879+0000] {logging_mixin.py:188} INFO - [2025-11-02T19:15:50.878+0000] {dagbag.py:538} INFO - Filling up the DagBag from /home/airflow/.local/lib/python3.8/site-packages/airflow/example_dags/example_python_decorator.py
[2025-11-02T19:15:50.926+0000] {processor.py:840} INFO - DAG(s) 'example_python_decorator' retrieved from /home/airflow/.local/lib/python3.8/site-packages/airflow/example_dags/example_python_decorator.py
[2025-11-02T19:15:51.062+0000] {logging_mixin.py:188} INFO - [2025-11-02T19:15:51.061+0000] {dag.py:3036} INFO - Sync 1 DAGs
[2025-11-02T19:15:51.111+0000] {logging_mixin.py:188} INFO - [2025-11-02T19:15:51.110+0000] {dag.py:3823} INFO - Setting next_dagrun for example_python_decorator to None, run_after=None
[2025-11-02T19:15:51.179+0000] {processor.py:183} INFO - Processing /home/airflow/.local/lib/python3.8/site-packages/airflow/example_dags/example_python_decorator.py took 0.326 seconds
[2025-11-02T19:16:22.137+0000] {processor.py:161} INFO - Started process (PID=5615) to work on /home/airflow/.local/lib/python3.8/site-packages/airflow/example_dags/example_python_decorator.py
[2025-11-02T19:16:22.140+0000] {processor.py:830} INFO - Processing file /home/airflow/.local/lib/python3.8/site-packages/airflow/example_dags/example_python_decorator.py for tasks to queue
[2025-11-02T19:16:22.146+0000] {logging_mixin.py:188} INFO - [2025-11-02T19:16:22.145+0000] {dagbag.py:538} INFO - Filling up the DagBag from /home/airflow/.local/lib/python3.8/site-packages/airflow/example_dags/example_python_decorator.py
[2025-11-02T19:16:22.182+0000] {processor.py:840} INFO - DAG(s) 'example_python_decorator' retrieved from /home/airflow/.local/lib/python3.8/site-packages/airflow/example_dags/example_python_decorator.py
[2025-11-02T19:16:22.243+0000] {logging_mixin.py:188} INFO - [2025-11-02T19:16:22.242+0000] {dag.py:3036} INFO - Sync 1 DAGs
[2025-11-02T19:16:22.277+0000] {logging_mixin.py:188} INFO - [2025-11-02T19:16:22.277+0000] {dag.py:3823} INFO - Setting next_dagrun for example_python_decorator to None, run_after=None
[2025-11-02T19:16:22.325+0000] {processor.py:183} INFO - Processing /home/airflow/.local/lib/python3.8/site-packages/airflow/example_dags/example_python_decorator.py took 0.196 seconds
[2025-11-02T19:16:53.055+0000] {processor.py:161} INFO - Started process (PID=5669) to work on /home/airflow/.local/lib/python3.8/site-packages/airflow/example_dags/example_python_decorator.py
[2025-11-02T19:16:53.059+0000] {processor.py:830} INFO - Processing file /home/airflow/.local/lib/python3.8/site-packages/airflow/example_dags/example_python_decorator.py for tasks to queue
[2025-11-02T19:16:53.066+0000] {logging_mixin.py:188} INFO - [2025-11-02T19:16:53.065+0000] {dagbag.py:538} INFO - Filling up the DagBag from /home/airflow/.local/lib/python3.8/site-packages/airflow/example_dags/example_python_decorator.py
[2025-11-02T19:16:53.133+0000] {processor.py:840} INFO - DAG(s) 'example_python_decorator' retrieved from /home/airflow/.local/lib/python3.8/site-packages/airflow/example_dags/example_python_decorator.py
[2025-11-02T19:16:53.251+0000] {logging_mixin.py:188} INFO - [2025-11-02T19:16:53.250+0000] {dag.py:3036} INFO - Sync 1 DAGs
[2025-11-02T19:16:53.310+0000] {logging_mixin.py:188} INFO - [2025-11-02T19:16:53.309+0000] {dag.py:3823} INFO - Setting next_dagrun for example_python_decorator to None, run_after=None
[2025-11-02T19:16:53.381+0000] {processor.py:183} INFO - Processing /home/airflow/.local/lib/python3.8/site-packages/airflow/example_dags/example_python_decorator.py took 0.340 seconds
[2025-11-02T19:17:24.148+0000] {processor.py:161} INFO - Started process (PID=5723) to work on /home/airflow/.local/lib/python3.8/site-packages/airflow/example_dags/example_python_decorator.py
[2025-11-02T19:17:24.151+0000] {processor.py:830} INFO - Processing file /home/airflow/.local/lib/python3.8/site-packages/airflow/example_dags/example_python_decorator.py for tasks to queue
[2025-11-02T19:17:24.158+0000] {logging_mixin.py:188} INFO - [2025-11-02T19:17:24.157+0000] {dagbag.py:538} INFO - Filling up the DagBag from /home/airflow/.local/lib/python3.8/site-packages/airflow/example_dags/example_python_decorator.py
[2025-11-02T19:17:24.198+0000] {processor.py:840} INFO - DAG(s) 'example_python_decorator' retrieved from /home/airflow/.local/lib/python3.8/site-packages/airflow/example_dags/example_python_decorator.py
[2025-11-02T19:17:24.265+0000] {logging_mixin.py:188} INFO - [2025-11-02T19:17:24.265+0000] {dag.py:3036} INFO - Sync 1 DAGs
[2025-11-02T19:17:24.314+0000] {logging_mixin.py:188} INFO - [2025-11-02T19:17:24.313+0000] {dag.py:3823} INFO - Setting next_dagrun for example_python_decorator to None, run_after=None
[2025-11-02T19:17:24.380+0000] {processor.py:183} INFO - Processing /home/airflow/.local/lib/python3.8/site-packages/airflow/example_dags/example_python_decorator.py took 0.245 seconds
[2025-11-02T19:17:54.961+0000] {processor.py:161} INFO - Started process (PID=5778) to work on /home/airflow/.local/lib/python3.8/site-packages/airflow/example_dags/example_python_decorator.py
[2025-11-02T19:17:54.970+0000] {processor.py:830} INFO - Processing file /home/airflow/.local/lib/python3.8/site-packages/airflow/example_dags/example_python_decorator.py for tasks to queue
[2025-11-02T19:17:54.989+0000] {logging_mixin.py:188} INFO - [2025-11-02T19:17:54.987+0000] {dagbag.py:538} INFO - Filling up the DagBag from /home/airflow/.local/lib/python3.8/site-packages/airflow/example_dags/example_python_decorator.py
[2025-11-02T19:17:55.079+0000] {processor.py:840} INFO - DAG(s) 'example_python_decorator' retrieved from /home/airflow/.local/lib/python3.8/site-packages/airflow/example_dags/example_python_decorator.py
[2025-11-02T19:17:55.176+0000] {logging_mixin.py:188} INFO - [2025-11-02T19:17:55.176+0000] {dag.py:3036} INFO - Sync 1 DAGs
[2025-11-02T19:17:55.229+0000] {logging_mixin.py:188} INFO - [2025-11-02T19:17:55.228+0000] {dag.py:3823} INFO - Setting next_dagrun for example_python_decorator to None, run_after=None
[2025-11-02T19:17:55.308+0000] {processor.py:183} INFO - Processing /home/airflow/.local/lib/python3.8/site-packages/airflow/example_dags/example_python_decorator.py took 0.391 seconds
[2025-11-02T19:18:26.210+0000] {processor.py:161} INFO - Started process (PID=5833) to work on /home/airflow/.local/lib/python3.8/site-packages/airflow/example_dags/example_python_decorator.py
[2025-11-02T19:18:26.215+0000] {processor.py:830} INFO - Processing file /home/airflow/.local/lib/python3.8/site-packages/airflow/example_dags/example_python_decorator.py for tasks to queue
[2025-11-02T19:18:26.228+0000] {logging_mixin.py:188} INFO - [2025-11-02T19:18:26.226+0000] {dagbag.py:538} INFO - Filling up the DagBag from /home/airflow/.local/lib/python3.8/site-packages/airflow/example_dags/example_python_decorator.py
[2025-11-02T19:18:26.297+0000] {processor.py:840} INFO - DAG(s) 'example_python_decorator' retrieved from /home/airflow/.local/lib/python3.8/site-packages/airflow/example_dags/example_python_decorator.py
[2025-11-02T19:18:26.355+0000] {logging_mixin.py:188} INFO - [2025-11-02T19:18:26.355+0000] {dag.py:3036} INFO - Sync 1 DAGs
[2025-11-02T19:18:26.389+0000] {logging_mixin.py:188} INFO - [2025-11-02T19:18:26.389+0000] {dag.py:3823} INFO - Setting next_dagrun for example_python_decorator to None, run_after=None
[2025-11-02T19:18:26.455+0000] {processor.py:183} INFO - Processing /home/airflow/.local/lib/python3.8/site-packages/airflow/example_dags/example_python_decorator.py took 0.271 seconds
[2025-11-02T19:18:57.061+0000] {processor.py:161} INFO - Started process (PID=5887) to work on /home/airflow/.local/lib/python3.8/site-packages/airflow/example_dags/example_python_decorator.py
[2025-11-02T19:18:57.065+0000] {processor.py:830} INFO - Processing file /home/airflow/.local/lib/python3.8/site-packages/airflow/example_dags/example_python_decorator.py for tasks to queue
[2025-11-02T19:18:57.070+0000] {logging_mixin.py:188} INFO - [2025-11-02T19:18:57.070+0000] {dagbag.py:538} INFO - Filling up the DagBag from /home/airflow/.local/lib/python3.8/site-packages/airflow/example_dags/example_python_decorator.py
[2025-11-02T19:18:57.106+0000] {processor.py:840} INFO - DAG(s) 'example_python_decorator' retrieved from /home/airflow/.local/lib/python3.8/site-packages/airflow/example_dags/example_python_decorator.py
[2025-11-02T19:18:57.160+0000] {logging_mixin.py:188} INFO - [2025-11-02T19:18:57.160+0000] {dag.py:3036} INFO - Sync 1 DAGs
[2025-11-02T19:18:57.192+0000] {logging_mixin.py:188} INFO - [2025-11-02T19:18:57.191+0000] {dag.py:3823} INFO - Setting next_dagrun for example_python_decorator to None, run_after=None
[2025-11-02T19:18:57.242+0000] {processor.py:183} INFO - Processing /home/airflow/.local/lib/python3.8/site-packages/airflow/example_dags/example_python_decorator.py took 0.192 seconds
[2025-11-02T19:19:27.737+0000] {processor.py:161} INFO - Started process (PID=5942) to work on /home/airflow/.local/lib/python3.8/site-packages/airflow/example_dags/example_python_decorator.py
[2025-11-02T19:19:27.740+0000] {processor.py:830} INFO - Processing file /home/airflow/.local/lib/python3.8/site-packages/airflow/example_dags/example_python_decorator.py for tasks to queue
[2025-11-02T19:19:27.745+0000] {logging_mixin.py:188} INFO - [2025-11-02T19:19:27.745+0000] {dagbag.py:538} INFO - Filling up the DagBag from /home/airflow/.local/lib/python3.8/site-packages/airflow/example_dags/example_python_decorator.py
[2025-11-02T19:19:27.785+0000] {processor.py:840} INFO - DAG(s) 'example_python_decorator' retrieved from /home/airflow/.local/lib/python3.8/site-packages/airflow/example_dags/example_python_decorator.py
[2025-11-02T19:19:27.861+0000] {logging_mixin.py:188} INFO - [2025-11-02T19:19:27.860+0000] {dag.py:3036} INFO - Sync 1 DAGs
[2025-11-02T19:19:27.892+0000] {logging_mixin.py:188} INFO - [2025-11-02T19:19:27.892+0000] {dag.py:3823} INFO - Setting next_dagrun for example_python_decorator to None, run_after=None
[2025-11-02T19:19:27.938+0000] {processor.py:183} INFO - Processing /home/airflow/.local/lib/python3.8/site-packages/airflow/example_dags/example_python_decorator.py took 0.213 seconds
[2025-11-02T19:19:58.615+0000] {processor.py:161} INFO - Started process (PID=5998) to work on /home/airflow/.local/lib/python3.8/site-packages/airflow/example_dags/example_python_decorator.py
[2025-11-02T19:19:58.622+0000] {processor.py:830} INFO - Processing file /home/airflow/.local/lib/python3.8/site-packages/airflow/example_dags/example_python_decorator.py for tasks to queue
[2025-11-02T19:19:58.631+0000] {logging_mixin.py:188} INFO - [2025-11-02T19:19:58.630+0000] {dagbag.py:538} INFO - Filling up the DagBag from /home/airflow/.local/lib/python3.8/site-packages/airflow/example_dags/example_python_decorator.py
[2025-11-02T19:19:58.793+0000] {processor.py:840} INFO - DAG(s) 'example_python_decorator' retrieved from /home/airflow/.local/lib/python3.8/site-packages/airflow/example_dags/example_python_decorator.py
[2025-11-02T19:19:59.056+0000] {logging_mixin.py:188} INFO - [2025-11-02T19:19:59.055+0000] {dag.py:3036} INFO - Sync 1 DAGs
[2025-11-02T19:19:59.158+0000] {logging_mixin.py:188} INFO - [2025-11-02T19:19:59.158+0000] {dag.py:3823} INFO - Setting next_dagrun for example_python_decorator to None, run_after=None
[2025-11-02T19:19:59.282+0000] {processor.py:183} INFO - Processing /home/airflow/.local/lib/python3.8/site-packages/airflow/example_dags/example_python_decorator.py took 0.700 seconds
[2025-11-02T19:20:29.598+0000] {processor.py:161} INFO - Started process (PID=6052) to work on /home/airflow/.local/lib/python3.8/site-packages/airflow/example_dags/example_python_decorator.py
[2025-11-02T19:20:29.604+0000] {processor.py:830} INFO - Processing file /home/airflow/.local/lib/python3.8/site-packages/airflow/example_dags/example_python_decorator.py for tasks to queue
[2025-11-02T19:20:29.611+0000] {logging_mixin.py:188} INFO - [2025-11-02T19:20:29.610+0000] {dagbag.py:538} INFO - Filling up the DagBag from /home/airflow/.local/lib/python3.8/site-packages/airflow/example_dags/example_python_decorator.py
[2025-11-02T19:20:29.657+0000] {processor.py:840} INFO - DAG(s) 'example_python_decorator' retrieved from /home/airflow/.local/lib/python3.8/site-packages/airflow/example_dags/example_python_decorator.py
[2025-11-02T19:20:29.729+0000] {logging_mixin.py:188} INFO - [2025-11-02T19:20:29.728+0000] {dag.py:3036} INFO - Sync 1 DAGs
[2025-11-02T19:20:29.769+0000] {logging_mixin.py:188} INFO - [2025-11-02T19:20:29.768+0000] {dag.py:3823} INFO - Setting next_dagrun for example_python_decorator to None, run_after=None
[2025-11-02T19:20:29.838+0000] {processor.py:183} INFO - Processing /home/airflow/.local/lib/python3.8/site-packages/airflow/example_dags/example_python_decorator.py took 0.254 seconds
[2025-11-02T19:21:00.196+0000] {processor.py:161} INFO - Started process (PID=6105) to work on /home/airflow/.local/lib/python3.8/site-packages/airflow/example_dags/example_python_decorator.py
[2025-11-02T19:21:00.199+0000] {processor.py:830} INFO - Processing file /home/airflow/.local/lib/python3.8/site-packages/airflow/example_dags/example_python_decorator.py for tasks to queue
[2025-11-02T19:21:00.217+0000] {logging_mixin.py:188} INFO - [2025-11-02T19:21:00.216+0000] {dagbag.py:538} INFO - Filling up the DagBag from /home/airflow/.local/lib/python3.8/site-packages/airflow/example_dags/example_python_decorator.py
[2025-11-02T19:21:00.391+0000] {processor.py:840} INFO - DAG(s) 'example_python_decorator' retrieved from /home/airflow/.local/lib/python3.8/site-packages/airflow/example_dags/example_python_decorator.py
[2025-11-02T19:21:00.634+0000] {logging_mixin.py:188} INFO - [2025-11-02T19:21:00.633+0000] {dag.py:3036} INFO - Sync 1 DAGs
[2025-11-02T19:21:00.754+0000] {logging_mixin.py:188} INFO - [2025-11-02T19:21:00.753+0000] {dag.py:3823} INFO - Setting next_dagrun for example_python_decorator to None, run_after=None
[2025-11-02T19:21:00.910+0000] {processor.py:183} INFO - Processing /home/airflow/.local/lib/python3.8/site-packages/airflow/example_dags/example_python_decorator.py took 0.755 seconds
[2025-11-02T19:21:31.377+0000] {processor.py:161} INFO - Started process (PID=6159) to work on /home/airflow/.local/lib/python3.8/site-packages/airflow/example_dags/example_python_decorator.py
[2025-11-02T19:21:31.381+0000] {processor.py:830} INFO - Processing file /home/airflow/.local/lib/python3.8/site-packages/airflow/example_dags/example_python_decorator.py for tasks to queue
[2025-11-02T19:21:31.389+0000] {logging_mixin.py:188} INFO - [2025-11-02T19:21:31.388+0000] {dagbag.py:538} INFO - Filling up the DagBag from /home/airflow/.local/lib/python3.8/site-packages/airflow/example_dags/example_python_decorator.py
[2025-11-02T19:21:31.430+0000] {processor.py:840} INFO - DAG(s) 'example_python_decorator' retrieved from /home/airflow/.local/lib/python3.8/site-packages/airflow/example_dags/example_python_decorator.py
[2025-11-02T19:21:31.495+0000] {logging_mixin.py:188} INFO - [2025-11-02T19:21:31.495+0000] {dag.py:3036} INFO - Sync 1 DAGs
[2025-11-02T19:21:31.528+0000] {logging_mixin.py:188} INFO - [2025-11-02T19:21:31.527+0000] {dag.py:3823} INFO - Setting next_dagrun for example_python_decorator to None, run_after=None
[2025-11-02T19:21:31.578+0000] {processor.py:183} INFO - Processing /home/airflow/.local/lib/python3.8/site-packages/airflow/example_dags/example_python_decorator.py took 0.209 seconds
[2025-11-02T19:22:02.173+0000] {processor.py:161} INFO - Started process (PID=6213) to work on /home/airflow/.local/lib/python3.8/site-packages/airflow/example_dags/example_python_decorator.py
[2025-11-02T19:22:02.176+0000] {processor.py:830} INFO - Processing file /home/airflow/.local/lib/python3.8/site-packages/airflow/example_dags/example_python_decorator.py for tasks to queue
[2025-11-02T19:22:02.184+0000] {logging_mixin.py:188} INFO - [2025-11-02T19:22:02.183+0000] {dagbag.py:538} INFO - Filling up the DagBag from /home/airflow/.local/lib/python3.8/site-packages/airflow/example_dags/example_python_decorator.py
[2025-11-02T19:22:02.237+0000] {processor.py:840} INFO - DAG(s) 'example_python_decorator' retrieved from /home/airflow/.local/lib/python3.8/site-packages/airflow/example_dags/example_python_decorator.py
[2025-11-02T19:22:02.315+0000] {logging_mixin.py:188} INFO - [2025-11-02T19:22:02.314+0000] {dag.py:3036} INFO - Sync 1 DAGs
[2025-11-02T19:22:02.358+0000] {logging_mixin.py:188} INFO - [2025-11-02T19:22:02.357+0000] {dag.py:3823} INFO - Setting next_dagrun for example_python_decorator to None, run_after=None
[2025-11-02T19:22:02.441+0000] {processor.py:183} INFO - Processing /home/airflow/.local/lib/python3.8/site-packages/airflow/example_dags/example_python_decorator.py took 0.283 seconds
[2025-11-02T19:22:32.648+0000] {processor.py:161} INFO - Started process (PID=6268) to work on /home/airflow/.local/lib/python3.8/site-packages/airflow/example_dags/example_python_decorator.py
[2025-11-02T19:22:32.651+0000] {processor.py:830} INFO - Processing file /home/airflow/.local/lib/python3.8/site-packages/airflow/example_dags/example_python_decorator.py for tasks to queue
[2025-11-02T19:22:32.656+0000] {logging_mixin.py:188} INFO - [2025-11-02T19:22:32.656+0000] {dagbag.py:538} INFO - Filling up the DagBag from /home/airflow/.local/lib/python3.8/site-packages/airflow/example_dags/example_python_decorator.py
[2025-11-02T19:22:32.695+0000] {processor.py:840} INFO - DAG(s) 'example_python_decorator' retrieved from /home/airflow/.local/lib/python3.8/site-packages/airflow/example_dags/example_python_decorator.py
[2025-11-02T19:22:32.761+0000] {logging_mixin.py:188} INFO - [2025-11-02T19:22:32.760+0000] {dag.py:3036} INFO - Sync 1 DAGs
[2025-11-02T19:22:32.795+0000] {logging_mixin.py:188} INFO - [2025-11-02T19:22:32.794+0000] {dag.py:3823} INFO - Setting next_dagrun for example_python_decorator to None, run_after=None
[2025-11-02T19:22:32.843+0000] {processor.py:183} INFO - Processing /home/airflow/.local/lib/python3.8/site-packages/airflow/example_dags/example_python_decorator.py took 0.204 seconds
[2025-11-02T19:23:03.444+0000] {processor.py:161} INFO - Started process (PID=6323) to work on /home/airflow/.local/lib/python3.8/site-packages/airflow/example_dags/example_python_decorator.py
[2025-11-02T19:23:03.448+0000] {processor.py:830} INFO - Processing file /home/airflow/.local/lib/python3.8/site-packages/airflow/example_dags/example_python_decorator.py for tasks to queue
[2025-11-02T19:23:03.456+0000] {logging_mixin.py:188} INFO - [2025-11-02T19:23:03.455+0000] {dagbag.py:538} INFO - Filling up the DagBag from /home/airflow/.local/lib/python3.8/site-packages/airflow/example_dags/example_python_decorator.py
[2025-11-02T19:23:03.512+0000] {processor.py:840} INFO - DAG(s) 'example_python_decorator' retrieved from /home/airflow/.local/lib/python3.8/site-packages/airflow/example_dags/example_python_decorator.py
[2025-11-02T19:23:03.626+0000] {logging_mixin.py:188} INFO - [2025-11-02T19:23:03.625+0000] {dag.py:3036} INFO - Sync 1 DAGs
[2025-11-02T19:23:03.676+0000] {logging_mixin.py:188} INFO - [2025-11-02T19:23:03.676+0000] {dag.py:3823} INFO - Setting next_dagrun for example_python_decorator to None, run_after=None
[2025-11-02T19:23:03.787+0000] {processor.py:183} INFO - Processing /home/airflow/.local/lib/python3.8/site-packages/airflow/example_dags/example_python_decorator.py took 0.358 seconds
[2025-11-02T19:23:34.101+0000] {processor.py:161} INFO - Started process (PID=6378) to work on /home/airflow/.local/lib/python3.8/site-packages/airflow/example_dags/example_python_decorator.py
[2025-11-02T19:23:34.104+0000] {processor.py:830} INFO - Processing file /home/airflow/.local/lib/python3.8/site-packages/airflow/example_dags/example_python_decorator.py for tasks to queue
[2025-11-02T19:23:34.108+0000] {logging_mixin.py:188} INFO - [2025-11-02T19:23:34.108+0000] {dagbag.py:538} INFO - Filling up the DagBag from /home/airflow/.local/lib/python3.8/site-packages/airflow/example_dags/example_python_decorator.py
[2025-11-02T19:23:34.142+0000] {processor.py:840} INFO - DAG(s) 'example_python_decorator' retrieved from /home/airflow/.local/lib/python3.8/site-packages/airflow/example_dags/example_python_decorator.py
[2025-11-02T19:23:34.209+0000] {logging_mixin.py:188} INFO - [2025-11-02T19:23:34.208+0000] {dag.py:3036} INFO - Sync 1 DAGs
[2025-11-02T19:23:34.250+0000] {logging_mixin.py:188} INFO - [2025-11-02T19:23:34.250+0000] {dag.py:3823} INFO - Setting next_dagrun for example_python_decorator to None, run_after=None
[2025-11-02T19:23:34.297+0000] {processor.py:183} INFO - Processing /home/airflow/.local/lib/python3.8/site-packages/airflow/example_dags/example_python_decorator.py took 0.205 seconds
[2025-11-02T19:24:04.829+0000] {processor.py:161} INFO - Started process (PID=6433) to work on /home/airflow/.local/lib/python3.8/site-packages/airflow/example_dags/example_python_decorator.py
[2025-11-02T19:24:04.833+0000] {processor.py:830} INFO - Processing file /home/airflow/.local/lib/python3.8/site-packages/airflow/example_dags/example_python_decorator.py for tasks to queue
[2025-11-02T19:24:04.840+0000] {logging_mixin.py:188} INFO - [2025-11-02T19:24:04.839+0000] {dagbag.py:538} INFO - Filling up the DagBag from /home/airflow/.local/lib/python3.8/site-packages/airflow/example_dags/example_python_decorator.py
[2025-11-02T19:24:04.915+0000] {processor.py:840} INFO - DAG(s) 'example_python_decorator' retrieved from /home/airflow/.local/lib/python3.8/site-packages/airflow/example_dags/example_python_decorator.py
[2025-11-02T19:24:04.986+0000] {logging_mixin.py:188} INFO - [2025-11-02T19:24:04.986+0000] {dag.py:3036} INFO - Sync 1 DAGs
[2025-11-02T19:24:05.026+0000] {logging_mixin.py:188} INFO - [2025-11-02T19:24:05.025+0000] {dag.py:3823} INFO - Setting next_dagrun for example_python_decorator to None, run_after=None
[2025-11-02T19:24:05.092+0000] {processor.py:183} INFO - Processing /home/airflow/.local/lib/python3.8/site-packages/airflow/example_dags/example_python_decorator.py took 0.275 seconds
[2025-11-02T19:24:35.202+0000] {processor.py:161} INFO - Started process (PID=6488) to work on /home/airflow/.local/lib/python3.8/site-packages/airflow/example_dags/example_python_decorator.py
[2025-11-02T19:24:35.205+0000] {processor.py:830} INFO - Processing file /home/airflow/.local/lib/python3.8/site-packages/airflow/example_dags/example_python_decorator.py for tasks to queue
[2025-11-02T19:24:35.210+0000] {logging_mixin.py:188} INFO - [2025-11-02T19:24:35.209+0000] {dagbag.py:538} INFO - Filling up the DagBag from /home/airflow/.local/lib/python3.8/site-packages/airflow/example_dags/example_python_decorator.py
[2025-11-02T19:24:35.253+0000] {processor.py:840} INFO - DAG(s) 'example_python_decorator' retrieved from /home/airflow/.local/lib/python3.8/site-packages/airflow/example_dags/example_python_decorator.py
[2025-11-02T19:24:35.307+0000] {logging_mixin.py:188} INFO - [2025-11-02T19:24:35.306+0000] {dag.py:3036} INFO - Sync 1 DAGs
[2025-11-02T19:24:35.343+0000] {logging_mixin.py:188} INFO - [2025-11-02T19:24:35.343+0000] {dag.py:3823} INFO - Setting next_dagrun for example_python_decorator to None, run_after=None
[2025-11-02T19:24:35.391+0000] {processor.py:183} INFO - Processing /home/airflow/.local/lib/python3.8/site-packages/airflow/example_dags/example_python_decorator.py took 0.199 seconds
[2025-11-02T19:25:05.617+0000] {processor.py:161} INFO - Started process (PID=6543) to work on /home/airflow/.local/lib/python3.8/site-packages/airflow/example_dags/example_python_decorator.py
[2025-11-02T19:25:05.619+0000] {processor.py:830} INFO - Processing file /home/airflow/.local/lib/python3.8/site-packages/airflow/example_dags/example_python_decorator.py for tasks to queue
[2025-11-02T19:25:05.624+0000] {logging_mixin.py:188} INFO - [2025-11-02T19:25:05.624+0000] {dagbag.py:538} INFO - Filling up the DagBag from /home/airflow/.local/lib/python3.8/site-packages/airflow/example_dags/example_python_decorator.py
[2025-11-02T19:25:05.662+0000] {processor.py:840} INFO - DAG(s) 'example_python_decorator' retrieved from /home/airflow/.local/lib/python3.8/site-packages/airflow/example_dags/example_python_decorator.py
[2025-11-02T19:25:05.718+0000] {logging_mixin.py:188} INFO - [2025-11-02T19:25:05.717+0000] {dag.py:3036} INFO - Sync 1 DAGs
[2025-11-02T19:25:05.746+0000] {logging_mixin.py:188} INFO - [2025-11-02T19:25:05.745+0000] {dag.py:3823} INFO - Setting next_dagrun for example_python_decorator to None, run_after=None
[2025-11-02T19:25:05.790+0000] {processor.py:183} INFO - Processing /home/airflow/.local/lib/python3.8/site-packages/airflow/example_dags/example_python_decorator.py took 0.182 seconds
[2025-11-02T19:25:37.006+0000] {processor.py:161} INFO - Started process (PID=6597) to work on /home/airflow/.local/lib/python3.8/site-packages/airflow/example_dags/example_python_decorator.py
[2025-11-02T19:25:37.013+0000] {processor.py:830} INFO - Processing file /home/airflow/.local/lib/python3.8/site-packages/airflow/example_dags/example_python_decorator.py for tasks to queue
[2025-11-02T19:25:37.023+0000] {logging_mixin.py:188} INFO - [2025-11-02T19:25:37.022+0000] {dagbag.py:538} INFO - Filling up the DagBag from /home/airflow/.local/lib/python3.8/site-packages/airflow/example_dags/example_python_decorator.py
[2025-11-02T19:25:37.108+0000] {processor.py:840} INFO - DAG(s) 'example_python_decorator' retrieved from /home/airflow/.local/lib/python3.8/site-packages/airflow/example_dags/example_python_decorator.py
[2025-11-02T19:25:37.191+0000] {logging_mixin.py:188} INFO - [2025-11-02T19:25:37.190+0000] {dag.py:3036} INFO - Sync 1 DAGs
[2025-11-02T19:25:37.233+0000] {logging_mixin.py:188} INFO - [2025-11-02T19:25:37.232+0000] {dag.py:3823} INFO - Setting next_dagrun for example_python_decorator to None, run_after=None
[2025-11-02T19:25:37.303+0000] {processor.py:183} INFO - Processing /home/airflow/.local/lib/python3.8/site-packages/airflow/example_dags/example_python_decorator.py took 0.383 seconds
[2025-11-02T19:26:07.733+0000] {processor.py:161} INFO - Started process (PID=6652) to work on /home/airflow/.local/lib/python3.8/site-packages/airflow/example_dags/example_python_decorator.py
[2025-11-02T19:26:07.735+0000] {processor.py:830} INFO - Processing file /home/airflow/.local/lib/python3.8/site-packages/airflow/example_dags/example_python_decorator.py for tasks to queue
[2025-11-02T19:26:07.740+0000] {logging_mixin.py:188} INFO - [2025-11-02T19:26:07.740+0000] {dagbag.py:538} INFO - Filling up the DagBag from /home/airflow/.local/lib/python3.8/site-packages/airflow/example_dags/example_python_decorator.py
[2025-11-02T19:26:07.781+0000] {processor.py:840} INFO - DAG(s) 'example_python_decorator' retrieved from /home/airflow/.local/lib/python3.8/site-packages/airflow/example_dags/example_python_decorator.py
[2025-11-02T19:26:07.837+0000] {logging_mixin.py:188} INFO - [2025-11-02T19:26:07.836+0000] {dag.py:3036} INFO - Sync 1 DAGs
[2025-11-02T19:26:07.864+0000] {logging_mixin.py:188} INFO - [2025-11-02T19:26:07.863+0000] {dag.py:3823} INFO - Setting next_dagrun for example_python_decorator to None, run_after=None
[2025-11-02T19:26:07.907+0000] {processor.py:183} INFO - Processing /home/airflow/.local/lib/python3.8/site-packages/airflow/example_dags/example_python_decorator.py took 0.182 seconds
[2025-11-02T19:26:38.186+0000] {processor.py:161} INFO - Started process (PID=6707) to work on /home/airflow/.local/lib/python3.8/site-packages/airflow/example_dags/example_python_decorator.py
[2025-11-02T19:26:38.189+0000] {processor.py:830} INFO - Processing file /home/airflow/.local/lib/python3.8/site-packages/airflow/example_dags/example_python_decorator.py for tasks to queue
[2025-11-02T19:26:38.195+0000] {logging_mixin.py:188} INFO - [2025-11-02T19:26:38.194+0000] {dagbag.py:538} INFO - Filling up the DagBag from /home/airflow/.local/lib/python3.8/site-packages/airflow/example_dags/example_python_decorator.py
[2025-11-02T19:26:38.246+0000] {processor.py:840} INFO - DAG(s) 'example_python_decorator' retrieved from /home/airflow/.local/lib/python3.8/site-packages/airflow/example_dags/example_python_decorator.py
[2025-11-02T19:26:38.351+0000] {logging_mixin.py:188} INFO - [2025-11-02T19:26:38.351+0000] {dag.py:3036} INFO - Sync 1 DAGs
[2025-11-02T19:26:38.410+0000] {logging_mixin.py:188} INFO - [2025-11-02T19:26:38.410+0000] {dag.py:3823} INFO - Setting next_dagrun for example_python_decorator to None, run_after=None
[2025-11-02T19:26:38.480+0000] {processor.py:183} INFO - Processing /home/airflow/.local/lib/python3.8/site-packages/airflow/example_dags/example_python_decorator.py took 0.303 seconds
[2025-11-02T19:27:09.562+0000] {processor.py:161} INFO - Started process (PID=6762) to work on /home/airflow/.local/lib/python3.8/site-packages/airflow/example_dags/example_python_decorator.py
[2025-11-02T19:27:09.565+0000] {processor.py:830} INFO - Processing file /home/airflow/.local/lib/python3.8/site-packages/airflow/example_dags/example_python_decorator.py for tasks to queue
[2025-11-02T19:27:09.574+0000] {logging_mixin.py:188} INFO - [2025-11-02T19:27:09.573+0000] {dagbag.py:538} INFO - Filling up the DagBag from /home/airflow/.local/lib/python3.8/site-packages/airflow/example_dags/example_python_decorator.py
[2025-11-02T19:27:09.626+0000] {processor.py:840} INFO - DAG(s) 'example_python_decorator' retrieved from /home/airflow/.local/lib/python3.8/site-packages/airflow/example_dags/example_python_decorator.py
[2025-11-02T19:27:09.710+0000] {logging_mixin.py:188} INFO - [2025-11-02T19:27:09.709+0000] {dag.py:3036} INFO - Sync 1 DAGs
[2025-11-02T19:27:09.776+0000] {logging_mixin.py:188} INFO - [2025-11-02T19:27:09.775+0000] {dag.py:3823} INFO - Setting next_dagrun for example_python_decorator to None, run_after=None
[2025-11-02T19:27:09.840+0000] {processor.py:183} INFO - Processing /home/airflow/.local/lib/python3.8/site-packages/airflow/example_dags/example_python_decorator.py took 0.293 seconds
[2025-11-02T19:27:40.354+0000] {processor.py:161} INFO - Started process (PID=6818) to work on /home/airflow/.local/lib/python3.8/site-packages/airflow/example_dags/example_python_decorator.py
[2025-11-02T19:27:40.357+0000] {processor.py:830} INFO - Processing file /home/airflow/.local/lib/python3.8/site-packages/airflow/example_dags/example_python_decorator.py for tasks to queue
[2025-11-02T19:27:40.363+0000] {logging_mixin.py:188} INFO - [2025-11-02T19:27:40.363+0000] {dagbag.py:538} INFO - Filling up the DagBag from /home/airflow/.local/lib/python3.8/site-packages/airflow/example_dags/example_python_decorator.py
[2025-11-02T19:27:40.402+0000] {processor.py:840} INFO - DAG(s) 'example_python_decorator' retrieved from /home/airflow/.local/lib/python3.8/site-packages/airflow/example_dags/example_python_decorator.py
[2025-11-02T19:27:40.454+0000] {logging_mixin.py:188} INFO - [2025-11-02T19:27:40.454+0000] {dag.py:3036} INFO - Sync 1 DAGs
[2025-11-02T19:27:40.485+0000] {logging_mixin.py:188} INFO - [2025-11-02T19:27:40.485+0000] {dag.py:3823} INFO - Setting next_dagrun for example_python_decorator to None, run_after=None
[2025-11-02T19:27:40.533+0000] {processor.py:183} INFO - Processing /home/airflow/.local/lib/python3.8/site-packages/airflow/example_dags/example_python_decorator.py took 0.189 seconds
[2025-11-02T19:28:11.552+0000] {processor.py:161} INFO - Started process (PID=6873) to work on /home/airflow/.local/lib/python3.8/site-packages/airflow/example_dags/example_python_decorator.py
[2025-11-02T19:28:11.555+0000] {processor.py:830} INFO - Processing file /home/airflow/.local/lib/python3.8/site-packages/airflow/example_dags/example_python_decorator.py for tasks to queue
[2025-11-02T19:28:11.560+0000] {logging_mixin.py:188} INFO - [2025-11-02T19:28:11.559+0000] {dagbag.py:538} INFO - Filling up the DagBag from /home/airflow/.local/lib/python3.8/site-packages/airflow/example_dags/example_python_decorator.py
[2025-11-02T19:28:11.592+0000] {processor.py:840} INFO - DAG(s) 'example_python_decorator' retrieved from /home/airflow/.local/lib/python3.8/site-packages/airflow/example_dags/example_python_decorator.py
[2025-11-02T19:28:11.661+0000] {logging_mixin.py:188} INFO - [2025-11-02T19:28:11.661+0000] {dag.py:3036} INFO - Sync 1 DAGs
[2025-11-02T19:28:11.694+0000] {logging_mixin.py:188} INFO - [2025-11-02T19:28:11.694+0000] {dag.py:3823} INFO - Setting next_dagrun for example_python_decorator to None, run_after=None
[2025-11-02T19:28:11.741+0000] {processor.py:183} INFO - Processing /home/airflow/.local/lib/python3.8/site-packages/airflow/example_dags/example_python_decorator.py took 0.199 seconds
[2025-11-02T19:28:42.373+0000] {processor.py:161} INFO - Started process (PID=6928) to work on /home/airflow/.local/lib/python3.8/site-packages/airflow/example_dags/example_python_decorator.py
[2025-11-02T19:28:42.382+0000] {processor.py:830} INFO - Processing file /home/airflow/.local/lib/python3.8/site-packages/airflow/example_dags/example_python_decorator.py for tasks to queue
[2025-11-02T19:28:42.387+0000] {logging_mixin.py:188} INFO - [2025-11-02T19:28:42.387+0000] {dagbag.py:538} INFO - Filling up the DagBag from /home/airflow/.local/lib/python3.8/site-packages/airflow/example_dags/example_python_decorator.py
[2025-11-02T19:28:42.433+0000] {processor.py:840} INFO - DAG(s) 'example_python_decorator' retrieved from /home/airflow/.local/lib/python3.8/site-packages/airflow/example_dags/example_python_decorator.py
[2025-11-02T19:28:42.496+0000] {logging_mixin.py:188} INFO - [2025-11-02T19:28:42.496+0000] {dag.py:3036} INFO - Sync 1 DAGs
[2025-11-02T19:28:42.532+0000] {logging_mixin.py:188} INFO - [2025-11-02T19:28:42.531+0000] {dag.py:3823} INFO - Setting next_dagrun for example_python_decorator to None, run_after=None
[2025-11-02T19:28:42.584+0000] {processor.py:183} INFO - Processing /home/airflow/.local/lib/python3.8/site-packages/airflow/example_dags/example_python_decorator.py took 0.223 seconds
[2025-11-02T19:29:12.987+0000] {processor.py:161} INFO - Started process (PID=6982) to work on /home/airflow/.local/lib/python3.8/site-packages/airflow/example_dags/example_python_decorator.py
[2025-11-02T19:29:12.990+0000] {processor.py:830} INFO - Processing file /home/airflow/.local/lib/python3.8/site-packages/airflow/example_dags/example_python_decorator.py for tasks to queue
[2025-11-02T19:29:12.995+0000] {logging_mixin.py:188} INFO - [2025-11-02T19:29:12.994+0000] {dagbag.py:538} INFO - Filling up the DagBag from /home/airflow/.local/lib/python3.8/site-packages/airflow/example_dags/example_python_decorator.py
[2025-11-02T19:29:13.031+0000] {processor.py:840} INFO - DAG(s) 'example_python_decorator' retrieved from /home/airflow/.local/lib/python3.8/site-packages/airflow/example_dags/example_python_decorator.py
[2025-11-02T19:29:13.090+0000] {logging_mixin.py:188} INFO - [2025-11-02T19:29:13.090+0000] {dag.py:3036} INFO - Sync 1 DAGs
[2025-11-02T19:29:13.118+0000] {logging_mixin.py:188} INFO - [2025-11-02T19:29:13.117+0000] {dag.py:3823} INFO - Setting next_dagrun for example_python_decorator to None, run_after=None
[2025-11-02T19:29:13.164+0000] {processor.py:183} INFO - Processing /home/airflow/.local/lib/python3.8/site-packages/airflow/example_dags/example_python_decorator.py took 0.186 seconds
[2025-11-02T19:29:43.493+0000] {processor.py:161} INFO - Started process (PID=7038) to work on /home/airflow/.local/lib/python3.8/site-packages/airflow/example_dags/example_python_decorator.py
[2025-11-02T19:29:43.495+0000] {processor.py:830} INFO - Processing file /home/airflow/.local/lib/python3.8/site-packages/airflow/example_dags/example_python_decorator.py for tasks to queue
[2025-11-02T19:29:43.500+0000] {logging_mixin.py:188} INFO - [2025-11-02T19:29:43.499+0000] {dagbag.py:538} INFO - Filling up the DagBag from /home/airflow/.local/lib/python3.8/site-packages/airflow/example_dags/example_python_decorator.py
[2025-11-02T19:29:43.534+0000] {processor.py:840} INFO - DAG(s) 'example_python_decorator' retrieved from /home/airflow/.local/lib/python3.8/site-packages/airflow/example_dags/example_python_decorator.py
[2025-11-02T19:29:43.586+0000] {logging_mixin.py:188} INFO - [2025-11-02T19:29:43.586+0000] {dag.py:3036} INFO - Sync 1 DAGs
[2025-11-02T19:29:43.616+0000] {logging_mixin.py:188} INFO - [2025-11-02T19:29:43.615+0000] {dag.py:3823} INFO - Setting next_dagrun for example_python_decorator to None, run_after=None
[2025-11-02T19:29:43.664+0000] {processor.py:183} INFO - Processing /home/airflow/.local/lib/python3.8/site-packages/airflow/example_dags/example_python_decorator.py took 0.181 seconds
[2025-11-02T19:30:14.248+0000] {processor.py:161} INFO - Started process (PID=7093) to work on /home/airflow/.local/lib/python3.8/site-packages/airflow/example_dags/example_python_decorator.py
[2025-11-02T19:30:14.254+0000] {processor.py:830} INFO - Processing file /home/airflow/.local/lib/python3.8/site-packages/airflow/example_dags/example_python_decorator.py for tasks to queue
[2025-11-02T19:30:14.261+0000] {logging_mixin.py:188} INFO - [2025-11-02T19:30:14.260+0000] {dagbag.py:538} INFO - Filling up the DagBag from /home/airflow/.local/lib/python3.8/site-packages/airflow/example_dags/example_python_decorator.py
[2025-11-02T19:30:14.301+0000] {processor.py:840} INFO - DAG(s) 'example_python_decorator' retrieved from /home/airflow/.local/lib/python3.8/site-packages/airflow/example_dags/example_python_decorator.py
[2025-11-02T19:30:14.373+0000] {logging_mixin.py:188} INFO - [2025-11-02T19:30:14.373+0000] {dag.py:3036} INFO - Sync 1 DAGs
[2025-11-02T19:30:14.412+0000] {logging_mixin.py:188} INFO - [2025-11-02T19:30:14.411+0000] {dag.py:3823} INFO - Setting next_dagrun for example_python_decorator to None, run_after=None
[2025-11-02T19:30:14.460+0000] {processor.py:183} INFO - Processing /home/airflow/.local/lib/python3.8/site-packages/airflow/example_dags/example_python_decorator.py took 0.225 seconds
[2025-11-02T19:30:44.651+0000] {processor.py:161} INFO - Started process (PID=7148) to work on /home/airflow/.local/lib/python3.8/site-packages/airflow/example_dags/example_python_decorator.py
[2025-11-02T19:30:44.654+0000] {processor.py:830} INFO - Processing file /home/airflow/.local/lib/python3.8/site-packages/airflow/example_dags/example_python_decorator.py for tasks to queue
[2025-11-02T19:30:44.661+0000] {logging_mixin.py:188} INFO - [2025-11-02T19:30:44.660+0000] {dagbag.py:538} INFO - Filling up the DagBag from /home/airflow/.local/lib/python3.8/site-packages/airflow/example_dags/example_python_decorator.py
[2025-11-02T19:30:44.700+0000] {processor.py:840} INFO - DAG(s) 'example_python_decorator' retrieved from /home/airflow/.local/lib/python3.8/site-packages/airflow/example_dags/example_python_decorator.py
[2025-11-02T19:30:44.754+0000] {logging_mixin.py:188} INFO - [2025-11-02T19:30:44.753+0000] {dag.py:3036} INFO - Sync 1 DAGs
[2025-11-02T19:30:44.780+0000] {logging_mixin.py:188} INFO - [2025-11-02T19:30:44.780+0000] {dag.py:3823} INFO - Setting next_dagrun for example_python_decorator to None, run_after=None
[2025-11-02T19:30:44.826+0000] {processor.py:183} INFO - Processing /home/airflow/.local/lib/python3.8/site-packages/airflow/example_dags/example_python_decorator.py took 0.184 seconds
[2025-11-02T19:31:14.982+0000] {processor.py:161} INFO - Started process (PID=7203) to work on /home/airflow/.local/lib/python3.8/site-packages/airflow/example_dags/example_python_decorator.py
[2025-11-02T19:31:14.985+0000] {processor.py:830} INFO - Processing file /home/airflow/.local/lib/python3.8/site-packages/airflow/example_dags/example_python_decorator.py for tasks to queue
[2025-11-02T19:31:14.990+0000] {logging_mixin.py:188} INFO - [2025-11-02T19:31:14.989+0000] {dagbag.py:538} INFO - Filling up the DagBag from /home/airflow/.local/lib/python3.8/site-packages/airflow/example_dags/example_python_decorator.py
[2025-11-02T19:31:15.043+0000] {processor.py:840} INFO - DAG(s) 'example_python_decorator' retrieved from /home/airflow/.local/lib/python3.8/site-packages/airflow/example_dags/example_python_decorator.py
[2025-11-02T19:31:15.109+0000] {logging_mixin.py:188} INFO - [2025-11-02T19:31:15.108+0000] {dag.py:3036} INFO - Sync 1 DAGs
[2025-11-02T19:31:15.139+0000] {logging_mixin.py:188} INFO - [2025-11-02T19:31:15.139+0000] {dag.py:3823} INFO - Setting next_dagrun for example_python_decorator to None, run_after=None
[2025-11-02T19:31:15.187+0000] {processor.py:183} INFO - Processing /home/airflow/.local/lib/python3.8/site-packages/airflow/example_dags/example_python_decorator.py took 0.216 seconds
[2025-11-02T19:31:45.300+0000] {processor.py:161} INFO - Started process (PID=7257) to work on /home/airflow/.local/lib/python3.8/site-packages/airflow/example_dags/example_python_decorator.py
[2025-11-02T19:31:45.303+0000] {processor.py:830} INFO - Processing file /home/airflow/.local/lib/python3.8/site-packages/airflow/example_dags/example_python_decorator.py for tasks to queue
[2025-11-02T19:31:45.311+0000] {logging_mixin.py:188} INFO - [2025-11-02T19:31:45.310+0000] {dagbag.py:538} INFO - Filling up the DagBag from /home/airflow/.local/lib/python3.8/site-packages/airflow/example_dags/example_python_decorator.py
[2025-11-02T19:31:45.345+0000] {processor.py:840} INFO - DAG(s) 'example_python_decorator' retrieved from /home/airflow/.local/lib/python3.8/site-packages/airflow/example_dags/example_python_decorator.py
[2025-11-02T19:31:45.393+0000] {logging_mixin.py:188} INFO - [2025-11-02T19:31:45.393+0000] {dag.py:3036} INFO - Sync 1 DAGs
[2025-11-02T19:31:45.418+0000] {logging_mixin.py:188} INFO - [2025-11-02T19:31:45.417+0000] {dag.py:3823} INFO - Setting next_dagrun for example_python_decorator to None, run_after=None
[2025-11-02T19:31:45.463+0000] {processor.py:183} INFO - Processing /home/airflow/.local/lib/python3.8/site-packages/airflow/example_dags/example_python_decorator.py took 0.176 seconds
[2025-11-02T19:32:15.565+0000] {processor.py:161} INFO - Started process (PID=7312) to work on /home/airflow/.local/lib/python3.8/site-packages/airflow/example_dags/example_python_decorator.py
[2025-11-02T19:32:15.567+0000] {processor.py:830} INFO - Processing file /home/airflow/.local/lib/python3.8/site-packages/airflow/example_dags/example_python_decorator.py for tasks to queue
[2025-11-02T19:32:15.573+0000] {logging_mixin.py:188} INFO - [2025-11-02T19:32:15.572+0000] {dagbag.py:538} INFO - Filling up the DagBag from /home/airflow/.local/lib/python3.8/site-packages/airflow/example_dags/example_python_decorator.py
[2025-11-02T19:32:15.609+0000] {processor.py:840} INFO - DAG(s) 'example_python_decorator' retrieved from /home/airflow/.local/lib/python3.8/site-packages/airflow/example_dags/example_python_decorator.py
[2025-11-02T19:32:15.664+0000] {logging_mixin.py:188} INFO - [2025-11-02T19:32:15.664+0000] {dag.py:3036} INFO - Sync 1 DAGs
[2025-11-02T19:32:15.694+0000] {logging_mixin.py:188} INFO - [2025-11-02T19:32:15.693+0000] {dag.py:3823} INFO - Setting next_dagrun for example_python_decorator to None, run_after=None
[2025-11-02T19:32:15.731+0000] {processor.py:183} INFO - Processing /home/airflow/.local/lib/python3.8/site-packages/airflow/example_dags/example_python_decorator.py took 0.175 seconds
[2025-11-02T19:32:45.847+0000] {processor.py:161} INFO - Started process (PID=7367) to work on /home/airflow/.local/lib/python3.8/site-packages/airflow/example_dags/example_python_decorator.py
[2025-11-02T19:32:45.851+0000] {processor.py:830} INFO - Processing file /home/airflow/.local/lib/python3.8/site-packages/airflow/example_dags/example_python_decorator.py for tasks to queue
[2025-11-02T19:32:45.857+0000] {logging_mixin.py:188} INFO - [2025-11-02T19:32:45.856+0000] {dagbag.py:538} INFO - Filling up the DagBag from /home/airflow/.local/lib/python3.8/site-packages/airflow/example_dags/example_python_decorator.py
[2025-11-02T19:32:45.893+0000] {processor.py:840} INFO - DAG(s) 'example_python_decorator' retrieved from /home/airflow/.local/lib/python3.8/site-packages/airflow/example_dags/example_python_decorator.py
[2025-11-02T19:32:45.955+0000] {logging_mixin.py:188} INFO - [2025-11-02T19:32:45.955+0000] {dag.py:3036} INFO - Sync 1 DAGs
[2025-11-02T19:32:46.000+0000] {logging_mixin.py:188} INFO - [2025-11-02T19:32:45.999+0000] {dag.py:3823} INFO - Setting next_dagrun for example_python_decorator to None, run_after=None
[2025-11-02T19:32:46.051+0000] {processor.py:183} INFO - Processing /home/airflow/.local/lib/python3.8/site-packages/airflow/example_dags/example_python_decorator.py took 0.216 seconds
[2025-11-02T19:33:16.214+0000] {processor.py:161} INFO - Started process (PID=7420) to work on /home/airflow/.local/lib/python3.8/site-packages/airflow/example_dags/example_python_decorator.py
[2025-11-02T19:33:16.219+0000] {processor.py:830} INFO - Processing file /home/airflow/.local/lib/python3.8/site-packages/airflow/example_dags/example_python_decorator.py for tasks to queue
[2025-11-02T19:33:16.227+0000] {logging_mixin.py:188} INFO - [2025-11-02T19:33:16.226+0000] {dagbag.py:538} INFO - Filling up the DagBag from /home/airflow/.local/lib/python3.8/site-packages/airflow/example_dags/example_python_decorator.py
[2025-11-02T19:33:16.275+0000] {processor.py:840} INFO - DAG(s) 'example_python_decorator' retrieved from /home/airflow/.local/lib/python3.8/site-packages/airflow/example_dags/example_python_decorator.py
[2025-11-02T19:33:16.343+0000] {logging_mixin.py:188} INFO - [2025-11-02T19:33:16.343+0000] {dag.py:3036} INFO - Sync 1 DAGs
[2025-11-02T19:33:16.388+0000] {logging_mixin.py:188} INFO - [2025-11-02T19:33:16.388+0000] {dag.py:3823} INFO - Setting next_dagrun for example_python_decorator to None, run_after=None
[2025-11-02T19:33:16.439+0000] {processor.py:183} INFO - Processing /home/airflow/.local/lib/python3.8/site-packages/airflow/example_dags/example_python_decorator.py took 0.240 seconds
[2025-11-02T19:33:47.422+0000] {processor.py:161} INFO - Started process (PID=7478) to work on /home/airflow/.local/lib/python3.8/site-packages/airflow/example_dags/example_python_decorator.py
[2025-11-02T19:33:47.426+0000] {processor.py:830} INFO - Processing file /home/airflow/.local/lib/python3.8/site-packages/airflow/example_dags/example_python_decorator.py for tasks to queue
[2025-11-02T19:33:47.432+0000] {logging_mixin.py:188} INFO - [2025-11-02T19:33:47.431+0000] {dagbag.py:538} INFO - Filling up the DagBag from /home/airflow/.local/lib/python3.8/site-packages/airflow/example_dags/example_python_decorator.py
[2025-11-02T19:33:47.473+0000] {processor.py:840} INFO - DAG(s) 'example_python_decorator' retrieved from /home/airflow/.local/lib/python3.8/site-packages/airflow/example_dags/example_python_decorator.py
[2025-11-02T19:33:47.541+0000] {logging_mixin.py:188} INFO - [2025-11-02T19:33:47.541+0000] {dag.py:3036} INFO - Sync 1 DAGs
[2025-11-02T19:33:47.576+0000] {logging_mixin.py:188} INFO - [2025-11-02T19:33:47.576+0000] {dag.py:3823} INFO - Setting next_dagrun for example_python_decorator to None, run_after=None
[2025-11-02T19:33:47.626+0000] {processor.py:183} INFO - Processing /home/airflow/.local/lib/python3.8/site-packages/airflow/example_dags/example_python_decorator.py took 0.215 seconds
[2025-11-02T19:34:18.015+0000] {processor.py:161} INFO - Started process (PID=7532) to work on /home/airflow/.local/lib/python3.8/site-packages/airflow/example_dags/example_python_decorator.py
[2025-11-02T19:34:18.018+0000] {processor.py:830} INFO - Processing file /home/airflow/.local/lib/python3.8/site-packages/airflow/example_dags/example_python_decorator.py for tasks to queue
[2025-11-02T19:34:18.025+0000] {logging_mixin.py:188} INFO - [2025-11-02T19:34:18.024+0000] {dagbag.py:538} INFO - Filling up the DagBag from /home/airflow/.local/lib/python3.8/site-packages/airflow/example_dags/example_python_decorator.py
[2025-11-02T19:34:18.060+0000] {processor.py:840} INFO - DAG(s) 'example_python_decorator' retrieved from /home/airflow/.local/lib/python3.8/site-packages/airflow/example_dags/example_python_decorator.py
[2025-11-02T19:34:18.111+0000] {logging_mixin.py:188} INFO - [2025-11-02T19:34:18.111+0000] {dag.py:3036} INFO - Sync 1 DAGs
[2025-11-02T19:34:18.139+0000] {logging_mixin.py:188} INFO - [2025-11-02T19:34:18.139+0000] {dag.py:3823} INFO - Setting next_dagrun for example_python_decorator to None, run_after=None
[2025-11-02T19:34:18.186+0000] {processor.py:183} INFO - Processing /home/airflow/.local/lib/python3.8/site-packages/airflow/example_dags/example_python_decorator.py took 0.183 seconds
[2025-11-02T19:34:49.388+0000] {processor.py:161} INFO - Started process (PID=7587) to work on /home/airflow/.local/lib/python3.8/site-packages/airflow/example_dags/example_python_decorator.py
[2025-11-02T19:34:49.395+0000] {processor.py:830} INFO - Processing file /home/airflow/.local/lib/python3.8/site-packages/airflow/example_dags/example_python_decorator.py for tasks to queue
[2025-11-02T19:34:49.406+0000] {logging_mixin.py:188} INFO - [2025-11-02T19:34:49.405+0000] {dagbag.py:538} INFO - Filling up the DagBag from /home/airflow/.local/lib/python3.8/site-packages/airflow/example_dags/example_python_decorator.py
[2025-11-02T19:34:49.462+0000] {processor.py:840} INFO - DAG(s) 'example_python_decorator' retrieved from /home/airflow/.local/lib/python3.8/site-packages/airflow/example_dags/example_python_decorator.py
[2025-11-02T19:34:49.549+0000] {logging_mixin.py:188} INFO - [2025-11-02T19:34:49.548+0000] {dag.py:3036} INFO - Sync 1 DAGs
[2025-11-02T19:34:49.596+0000] {logging_mixin.py:188} INFO - [2025-11-02T19:34:49.596+0000] {dag.py:3823} INFO - Setting next_dagrun for example_python_decorator to None, run_after=None
[2025-11-02T19:34:49.674+0000] {processor.py:183} INFO - Processing /home/airflow/.local/lib/python3.8/site-packages/airflow/example_dags/example_python_decorator.py took 0.324 seconds
[2025-11-02T19:35:20.477+0000] {processor.py:161} INFO - Started process (PID=7642) to work on /home/airflow/.local/lib/python3.8/site-packages/airflow/example_dags/example_python_decorator.py
[2025-11-02T19:35:20.480+0000] {processor.py:830} INFO - Processing file /home/airflow/.local/lib/python3.8/site-packages/airflow/example_dags/example_python_decorator.py for tasks to queue
[2025-11-02T19:35:20.486+0000] {logging_mixin.py:188} INFO - [2025-11-02T19:35:20.485+0000] {dagbag.py:538} INFO - Filling up the DagBag from /home/airflow/.local/lib/python3.8/site-packages/airflow/example_dags/example_python_decorator.py
[2025-11-02T19:35:20.532+0000] {processor.py:840} INFO - DAG(s) 'example_python_decorator' retrieved from /home/airflow/.local/lib/python3.8/site-packages/airflow/example_dags/example_python_decorator.py
[2025-11-02T19:35:20.609+0000] {logging_mixin.py:188} INFO - [2025-11-02T19:35:20.608+0000] {dag.py:3036} INFO - Sync 1 DAGs
[2025-11-02T19:35:20.654+0000] {logging_mixin.py:188} INFO - [2025-11-02T19:35:20.653+0000] {dag.py:3823} INFO - Setting next_dagrun for example_python_decorator to None, run_after=None
[2025-11-02T19:35:20.697+0000] {processor.py:183} INFO - Processing /home/airflow/.local/lib/python3.8/site-packages/airflow/example_dags/example_python_decorator.py took 0.232 seconds
[2025-11-02T19:35:51.302+0000] {processor.py:161} INFO - Started process (PID=7697) to work on /home/airflow/.local/lib/python3.8/site-packages/airflow/example_dags/example_python_decorator.py
[2025-11-02T19:35:51.305+0000] {processor.py:830} INFO - Processing file /home/airflow/.local/lib/python3.8/site-packages/airflow/example_dags/example_python_decorator.py for tasks to queue
[2025-11-02T19:35:51.317+0000] {logging_mixin.py:188} INFO - [2025-11-02T19:35:51.316+0000] {dagbag.py:538} INFO - Filling up the DagBag from /home/airflow/.local/lib/python3.8/site-packages/airflow/example_dags/example_python_decorator.py
[2025-11-02T19:35:51.360+0000] {processor.py:840} INFO - DAG(s) 'example_python_decorator' retrieved from /home/airflow/.local/lib/python3.8/site-packages/airflow/example_dags/example_python_decorator.py
[2025-11-02T19:35:51.417+0000] {logging_mixin.py:188} INFO - [2025-11-02T19:35:51.417+0000] {dag.py:3036} INFO - Sync 1 DAGs
[2025-11-02T19:35:51.444+0000] {logging_mixin.py:188} INFO - [2025-11-02T19:35:51.444+0000] {dag.py:3823} INFO - Setting next_dagrun for example_python_decorator to None, run_after=None
[2025-11-02T19:35:51.514+0000] {processor.py:183} INFO - Processing /home/airflow/.local/lib/python3.8/site-packages/airflow/example_dags/example_python_decorator.py took 0.225 seconds
[2025-11-02T19:36:23.232+0000] {processor.py:161} INFO - Started process (PID=7748) to work on /home/airflow/.local/lib/python3.8/site-packages/airflow/example_dags/example_python_decorator.py
[2025-11-02T19:36:23.242+0000] {processor.py:830} INFO - Processing file /home/airflow/.local/lib/python3.8/site-packages/airflow/example_dags/example_python_decorator.py for tasks to queue
[2025-11-02T19:36:23.254+0000] {logging_mixin.py:188} INFO - [2025-11-02T19:36:23.252+0000] {dagbag.py:538} INFO - Filling up the DagBag from /home/airflow/.local/lib/python3.8/site-packages/airflow/example_dags/example_python_decorator.py
[2025-11-02T19:36:23.333+0000] {processor.py:840} INFO - DAG(s) 'example_python_decorator' retrieved from /home/airflow/.local/lib/python3.8/site-packages/airflow/example_dags/example_python_decorator.py
[2025-11-02T19:36:23.479+0000] {logging_mixin.py:188} INFO - [2025-11-02T19:36:23.476+0000] {dag.py:3036} INFO - Sync 1 DAGs
[2025-11-02T19:36:23.535+0000] {logging_mixin.py:188} INFO - [2025-11-02T19:36:23.534+0000] {dag.py:3823} INFO - Setting next_dagrun for example_python_decorator to None, run_after=None
[2025-11-02T19:36:23.626+0000] {processor.py:183} INFO - Processing /home/airflow/.local/lib/python3.8/site-packages/airflow/example_dags/example_python_decorator.py took 0.413 seconds
[2025-11-02T19:37:01.724+0000] {processor.py:161} INFO - Started process (PID=7808) to work on /home/airflow/.local/lib/python3.8/site-packages/airflow/example_dags/example_python_decorator.py
[2025-11-02T19:37:01.728+0000] {processor.py:830} INFO - Processing file /home/airflow/.local/lib/python3.8/site-packages/airflow/example_dags/example_python_decorator.py for tasks to queue
[2025-11-02T19:37:01.757+0000] {logging_mixin.py:188} INFO - [2025-11-02T19:37:01.755+0000] {dagbag.py:538} INFO - Filling up the DagBag from /home/airflow/.local/lib/python3.8/site-packages/airflow/example_dags/example_python_decorator.py
[2025-11-02T19:37:01.829+0000] {processor.py:840} INFO - DAG(s) 'example_python_decorator' retrieved from /home/airflow/.local/lib/python3.8/site-packages/airflow/example_dags/example_python_decorator.py
[2025-11-02T19:37:01.971+0000] {logging_mixin.py:188} INFO - [2025-11-02T19:37:01.970+0000] {dag.py:3036} INFO - Sync 1 DAGs
[2025-11-02T19:37:02.052+0000] {logging_mixin.py:188} INFO - [2025-11-02T19:37:02.051+0000] {dag.py:3823} INFO - Setting next_dagrun for example_python_decorator to None, run_after=None
[2025-11-02T19:37:02.154+0000] {processor.py:183} INFO - Processing /home/airflow/.local/lib/python3.8/site-packages/airflow/example_dags/example_python_decorator.py took 0.461 seconds
[2025-11-02T19:37:32.461+0000] {processor.py:161} INFO - Started process (PID=7863) to work on /home/airflow/.local/lib/python3.8/site-packages/airflow/example_dags/example_python_decorator.py
[2025-11-02T19:37:32.468+0000] {processor.py:830} INFO - Processing file /home/airflow/.local/lib/python3.8/site-packages/airflow/example_dags/example_python_decorator.py for tasks to queue
[2025-11-02T19:37:32.478+0000] {logging_mixin.py:188} INFO - [2025-11-02T19:37:32.476+0000] {dagbag.py:538} INFO - Filling up the DagBag from /home/airflow/.local/lib/python3.8/site-packages/airflow/example_dags/example_python_decorator.py
[2025-11-02T19:37:32.549+0000] {processor.py:840} INFO - DAG(s) 'example_python_decorator' retrieved from /home/airflow/.local/lib/python3.8/site-packages/airflow/example_dags/example_python_decorator.py
[2025-11-02T19:37:32.690+0000] {logging_mixin.py:188} INFO - [2025-11-02T19:37:32.689+0000] {dag.py:3036} INFO - Sync 1 DAGs
[2025-11-02T19:37:32.757+0000] {logging_mixin.py:188} INFO - [2025-11-02T19:37:32.755+0000] {dag.py:3823} INFO - Setting next_dagrun for example_python_decorator to None, run_after=None
[2025-11-02T19:37:32.880+0000] {processor.py:183} INFO - Processing /home/airflow/.local/lib/python3.8/site-packages/airflow/example_dags/example_python_decorator.py took 0.436 seconds
[2025-11-02T19:38:03.387+0000] {processor.py:161} INFO - Started process (PID=7918) to work on /home/airflow/.local/lib/python3.8/site-packages/airflow/example_dags/example_python_decorator.py
[2025-11-02T19:38:03.390+0000] {processor.py:830} INFO - Processing file /home/airflow/.local/lib/python3.8/site-packages/airflow/example_dags/example_python_decorator.py for tasks to queue
[2025-11-02T19:38:03.396+0000] {logging_mixin.py:188} INFO - [2025-11-02T19:38:03.395+0000] {dagbag.py:538} INFO - Filling up the DagBag from /home/airflow/.local/lib/python3.8/site-packages/airflow/example_dags/example_python_decorator.py
[2025-11-02T19:38:03.442+0000] {processor.py:840} INFO - DAG(s) 'example_python_decorator' retrieved from /home/airflow/.local/lib/python3.8/site-packages/airflow/example_dags/example_python_decorator.py
[2025-11-02T19:38:03.516+0000] {logging_mixin.py:188} INFO - [2025-11-02T19:38:03.515+0000] {dag.py:3036} INFO - Sync 1 DAGs
[2025-11-02T19:38:03.549+0000] {logging_mixin.py:188} INFO - [2025-11-02T19:38:03.549+0000] {dag.py:3823} INFO - Setting next_dagrun for example_python_decorator to None, run_after=None
[2025-11-02T19:38:03.617+0000] {processor.py:183} INFO - Processing /home/airflow/.local/lib/python3.8/site-packages/airflow/example_dags/example_python_decorator.py took 0.241 seconds
[2025-11-02T19:38:34.837+0000] {processor.py:161} INFO - Started process (PID=7973) to work on /home/airflow/.local/lib/python3.8/site-packages/airflow/example_dags/example_python_decorator.py
[2025-11-02T19:38:34.844+0000] {processor.py:830} INFO - Processing file /home/airflow/.local/lib/python3.8/site-packages/airflow/example_dags/example_python_decorator.py for tasks to queue
[2025-11-02T19:38:34.859+0000] {logging_mixin.py:188} INFO - [2025-11-02T19:38:34.852+0000] {dagbag.py:538} INFO - Filling up the DagBag from /home/airflow/.local/lib/python3.8/site-packages/airflow/example_dags/example_python_decorator.py
[2025-11-02T19:38:34.940+0000] {processor.py:840} INFO - DAG(s) 'example_python_decorator' retrieved from /home/airflow/.local/lib/python3.8/site-packages/airflow/example_dags/example_python_decorator.py
[2025-11-02T19:38:35.036+0000] {logging_mixin.py:188} INFO - [2025-11-02T19:38:35.035+0000] {dag.py:3036} INFO - Sync 1 DAGs
[2025-11-02T19:38:35.110+0000] {logging_mixin.py:188} INFO - [2025-11-02T19:38:35.109+0000] {dag.py:3823} INFO - Setting next_dagrun for example_python_decorator to None, run_after=None
[2025-11-02T19:38:35.254+0000] {processor.py:183} INFO - Processing /home/airflow/.local/lib/python3.8/site-packages/airflow/example_dags/example_python_decorator.py took 0.435 seconds
[2025-11-02T19:39:05.811+0000] {processor.py:161} INFO - Started process (PID=8029) to work on /home/airflow/.local/lib/python3.8/site-packages/airflow/example_dags/example_python_decorator.py
[2025-11-02T19:39:05.815+0000] {processor.py:830} INFO - Processing file /home/airflow/.local/lib/python3.8/site-packages/airflow/example_dags/example_python_decorator.py for tasks to queue
[2025-11-02T19:39:05.842+0000] {logging_mixin.py:188} INFO - [2025-11-02T19:39:05.841+0000] {dagbag.py:538} INFO - Filling up the DagBag from /home/airflow/.local/lib/python3.8/site-packages/airflow/example_dags/example_python_decorator.py
[2025-11-02T19:39:05.991+0000] {processor.py:840} INFO - DAG(s) 'example_python_decorator' retrieved from /home/airflow/.local/lib/python3.8/site-packages/airflow/example_dags/example_python_decorator.py
[2025-11-02T19:39:06.101+0000] {logging_mixin.py:188} INFO - [2025-11-02T19:39:06.100+0000] {dag.py:3036} INFO - Sync 1 DAGs
[2025-11-02T19:39:06.138+0000] {logging_mixin.py:188} INFO - [2025-11-02T19:39:06.138+0000] {dag.py:3823} INFO - Setting next_dagrun for example_python_decorator to None, run_after=None
[2025-11-02T19:39:06.213+0000] {processor.py:183} INFO - Processing /home/airflow/.local/lib/python3.8/site-packages/airflow/example_dags/example_python_decorator.py took 0.465 seconds
[2025-11-02T19:39:36.631+0000] {processor.py:161} INFO - Started process (PID=8085) to work on /home/airflow/.local/lib/python3.8/site-packages/airflow/example_dags/example_python_decorator.py
[2025-11-02T19:39:36.635+0000] {processor.py:830} INFO - Processing file /home/airflow/.local/lib/python3.8/site-packages/airflow/example_dags/example_python_decorator.py for tasks to queue
[2025-11-02T19:39:36.655+0000] {logging_mixin.py:188} INFO - [2025-11-02T19:39:36.654+0000] {dagbag.py:538} INFO - Filling up the DagBag from /home/airflow/.local/lib/python3.8/site-packages/airflow/example_dags/example_python_decorator.py
[2025-11-02T19:39:36.819+0000] {processor.py:840} INFO - DAG(s) 'example_python_decorator' retrieved from /home/airflow/.local/lib/python3.8/site-packages/airflow/example_dags/example_python_decorator.py
[2025-11-02T19:39:37.097+0000] {logging_mixin.py:188} INFO - [2025-11-02T19:39:37.093+0000] {dag.py:3036} INFO - Sync 1 DAGs
[2025-11-02T19:39:37.187+0000] {logging_mixin.py:188} INFO - [2025-11-02T19:39:37.187+0000] {dag.py:3823} INFO - Setting next_dagrun for example_python_decorator to None, run_after=None
[2025-11-02T19:39:37.324+0000] {processor.py:183} INFO - Processing /home/airflow/.local/lib/python3.8/site-packages/airflow/example_dags/example_python_decorator.py took 0.738 seconds
[2025-11-02T19:40:07.624+0000] {processor.py:161} INFO - Started process (PID=8140) to work on /home/airflow/.local/lib/python3.8/site-packages/airflow/example_dags/example_python_decorator.py
[2025-11-02T19:40:07.626+0000] {processor.py:830} INFO - Processing file /home/airflow/.local/lib/python3.8/site-packages/airflow/example_dags/example_python_decorator.py for tasks to queue
[2025-11-02T19:40:07.632+0000] {logging_mixin.py:188} INFO - [2025-11-02T19:40:07.631+0000] {dagbag.py:538} INFO - Filling up the DagBag from /home/airflow/.local/lib/python3.8/site-packages/airflow/example_dags/example_python_decorator.py
[2025-11-02T19:40:07.666+0000] {processor.py:840} INFO - DAG(s) 'example_python_decorator' retrieved from /home/airflow/.local/lib/python3.8/site-packages/airflow/example_dags/example_python_decorator.py
[2025-11-02T19:40:07.718+0000] {logging_mixin.py:188} INFO - [2025-11-02T19:40:07.718+0000] {dag.py:3036} INFO - Sync 1 DAGs
[2025-11-02T19:40:07.755+0000] {logging_mixin.py:188} INFO - [2025-11-02T19:40:07.754+0000] {dag.py:3823} INFO - Setting next_dagrun for example_python_decorator to None, run_after=None
[2025-11-02T19:40:07.805+0000] {processor.py:183} INFO - Processing /home/airflow/.local/lib/python3.8/site-packages/airflow/example_dags/example_python_decorator.py took 0.190 seconds
[2025-11-02T19:40:38.029+0000] {processor.py:161} INFO - Started process (PID=8195) to work on /home/airflow/.local/lib/python3.8/site-packages/airflow/example_dags/example_python_decorator.py
[2025-11-02T19:40:38.041+0000] {processor.py:830} INFO - Processing file /home/airflow/.local/lib/python3.8/site-packages/airflow/example_dags/example_python_decorator.py for tasks to queue
[2025-11-02T19:40:38.049+0000] {logging_mixin.py:188} INFO - [2025-11-02T19:40:38.048+0000] {dagbag.py:538} INFO - Filling up the DagBag from /home/airflow/.local/lib/python3.8/site-packages/airflow/example_dags/example_python_decorator.py
[2025-11-02T19:40:38.120+0000] {processor.py:840} INFO - DAG(s) 'example_python_decorator' retrieved from /home/airflow/.local/lib/python3.8/site-packages/airflow/example_dags/example_python_decorator.py
[2025-11-02T19:40:38.233+0000] {logging_mixin.py:188} INFO - [2025-11-02T19:40:38.231+0000] {dag.py:3036} INFO - Sync 1 DAGs
[2025-11-02T19:40:38.314+0000] {logging_mixin.py:188} INFO - [2025-11-02T19:40:38.314+0000] {dag.py:3823} INFO - Setting next_dagrun for example_python_decorator to None, run_after=None
[2025-11-02T19:40:38.425+0000] {processor.py:183} INFO - Processing /home/airflow/.local/lib/python3.8/site-packages/airflow/example_dags/example_python_decorator.py took 0.411 seconds
[2025-11-02T19:41:08.521+0000] {processor.py:161} INFO - Started process (PID=8250) to work on /home/airflow/.local/lib/python3.8/site-packages/airflow/example_dags/example_python_decorator.py
[2025-11-02T19:41:08.523+0000] {processor.py:830} INFO - Processing file /home/airflow/.local/lib/python3.8/site-packages/airflow/example_dags/example_python_decorator.py for tasks to queue
[2025-11-02T19:41:08.528+0000] {logging_mixin.py:188} INFO - [2025-11-02T19:41:08.527+0000] {dagbag.py:538} INFO - Filling up the DagBag from /home/airflow/.local/lib/python3.8/site-packages/airflow/example_dags/example_python_decorator.py
[2025-11-02T19:41:08.559+0000] {processor.py:840} INFO - DAG(s) 'example_python_decorator' retrieved from /home/airflow/.local/lib/python3.8/site-packages/airflow/example_dags/example_python_decorator.py
[2025-11-02T19:41:08.611+0000] {logging_mixin.py:188} INFO - [2025-11-02T19:41:08.611+0000] {dag.py:3036} INFO - Sync 1 DAGs
[2025-11-02T19:41:08.638+0000] {logging_mixin.py:188} INFO - [2025-11-02T19:41:08.637+0000] {dag.py:3823} INFO - Setting next_dagrun for example_python_decorator to None, run_after=None
[2025-11-02T19:41:08.685+0000] {processor.py:183} INFO - Processing /home/airflow/.local/lib/python3.8/site-packages/airflow/example_dags/example_python_decorator.py took 0.174 seconds
[2025-11-02T19:41:39.691+0000] {processor.py:161} INFO - Started process (PID=8305) to work on /home/airflow/.local/lib/python3.8/site-packages/airflow/example_dags/example_python_decorator.py
[2025-11-02T19:41:39.695+0000] {processor.py:830} INFO - Processing file /home/airflow/.local/lib/python3.8/site-packages/airflow/example_dags/example_python_decorator.py for tasks to queue
[2025-11-02T19:41:39.705+0000] {logging_mixin.py:188} INFO - [2025-11-02T19:41:39.703+0000] {dagbag.py:538} INFO - Filling up the DagBag from /home/airflow/.local/lib/python3.8/site-packages/airflow/example_dags/example_python_decorator.py
[2025-11-02T19:41:39.799+0000] {processor.py:840} INFO - DAG(s) 'example_python_decorator' retrieved from /home/airflow/.local/lib/python3.8/site-packages/airflow/example_dags/example_python_decorator.py
[2025-11-02T19:41:39.937+0000] {logging_mixin.py:188} INFO - [2025-11-02T19:41:39.937+0000] {dag.py:3036} INFO - Sync 1 DAGs
[2025-11-02T19:41:40.053+0000] {logging_mixin.py:188} INFO - [2025-11-02T19:41:40.052+0000] {dag.py:3823} INFO - Setting next_dagrun for example_python_decorator to None, run_after=None
[2025-11-02T19:41:40.232+0000] {processor.py:183} INFO - Processing /home/airflow/.local/lib/python3.8/site-packages/airflow/example_dags/example_python_decorator.py took 0.561 seconds
[2025-11-02T19:42:10.693+0000] {processor.py:161} INFO - Started process (PID=8359) to work on /home/airflow/.local/lib/python3.8/site-packages/airflow/example_dags/example_python_decorator.py
[2025-11-02T19:42:10.697+0000] {processor.py:830} INFO - Processing file /home/airflow/.local/lib/python3.8/site-packages/airflow/example_dags/example_python_decorator.py for tasks to queue
[2025-11-02T19:42:10.705+0000] {logging_mixin.py:188} INFO - [2025-11-02T19:42:10.704+0000] {dagbag.py:538} INFO - Filling up the DagBag from /home/airflow/.local/lib/python3.8/site-packages/airflow/example_dags/example_python_decorator.py
[2025-11-02T19:42:10.773+0000] {processor.py:840} INFO - DAG(s) 'example_python_decorator' retrieved from /home/airflow/.local/lib/python3.8/site-packages/airflow/example_dags/example_python_decorator.py
[2025-11-02T19:42:10.840+0000] {logging_mixin.py:188} INFO - [2025-11-02T19:42:10.839+0000] {dag.py:3036} INFO - Sync 1 DAGs
[2025-11-02T19:42:10.876+0000] {logging_mixin.py:188} INFO - [2025-11-02T19:42:10.875+0000] {dag.py:3823} INFO - Setting next_dagrun for example_python_decorator to None, run_after=None
[2025-11-02T19:42:10.936+0000] {processor.py:183} INFO - Processing /home/airflow/.local/lib/python3.8/site-packages/airflow/example_dags/example_python_decorator.py took 0.259 seconds
[2025-11-02T19:42:41.785+0000] {processor.py:161} INFO - Started process (PID=8414) to work on /home/airflow/.local/lib/python3.8/site-packages/airflow/example_dags/example_python_decorator.py
[2025-11-02T19:42:41.789+0000] {processor.py:830} INFO - Processing file /home/airflow/.local/lib/python3.8/site-packages/airflow/example_dags/example_python_decorator.py for tasks to queue
[2025-11-02T19:42:41.795+0000] {logging_mixin.py:188} INFO - [2025-11-02T19:42:41.794+0000] {dagbag.py:538} INFO - Filling up the DagBag from /home/airflow/.local/lib/python3.8/site-packages/airflow/example_dags/example_python_decorator.py
[2025-11-02T19:42:41.854+0000] {processor.py:840} INFO - DAG(s) 'example_python_decorator' retrieved from /home/airflow/.local/lib/python3.8/site-packages/airflow/example_dags/example_python_decorator.py
[2025-11-02T19:42:41.943+0000] {logging_mixin.py:188} INFO - [2025-11-02T19:42:41.942+0000] {dag.py:3036} INFO - Sync 1 DAGs
[2025-11-02T19:42:41.997+0000] {logging_mixin.py:188} INFO - [2025-11-02T19:42:41.996+0000] {dag.py:3823} INFO - Setting next_dagrun for example_python_decorator to None, run_after=None
[2025-11-02T19:42:42.049+0000] {processor.py:183} INFO - Processing /home/airflow/.local/lib/python3.8/site-packages/airflow/example_dags/example_python_decorator.py took 0.279 seconds
