[2025-11-02T18:24:51.621+0000] {processor.py:161} INFO - Started process (PID=117) to work on /home/airflow/.local/lib/python3.8/site-packages/airflow/example_dags/example_trigger_target_dag.py
[2025-11-02T18:24:51.627+0000] {processor.py:830} INFO - Processing file /home/airflow/.local/lib/python3.8/site-packages/airflow/example_dags/example_trigger_target_dag.py for tasks to queue
[2025-11-02T18:24:51.644+0000] {logging_mixin.py:188} INFO - [2025-11-02T18:24:51.643+0000] {dagbag.py:538} INFO - Filling up the DagBag from /home/airflow/.local/lib/python3.8/site-packages/airflow/example_dags/example_trigger_target_dag.py
[2025-11-02T18:24:51.719+0000] {processor.py:840} INFO - DAG(s) 'example_trigger_target_dag' retrieved from /home/airflow/.local/lib/python3.8/site-packages/airflow/example_dags/example_trigger_target_dag.py
[2025-11-02T18:24:52.772+0000] {logging_mixin.py:188} INFO - [2025-11-02T18:24:52.771+0000] {dag.py:3036} INFO - Sync 1 DAGs
[2025-11-02T18:24:52.911+0000] {logging_mixin.py:188} INFO - [2025-11-02T18:24:52.911+0000] {dag.py:3823} INFO - Setting next_dagrun for example_trigger_target_dag to None, run_after=None
[2025-11-02T18:24:53.161+0000] {processor.py:183} INFO - Processing /home/airflow/.local/lib/python3.8/site-packages/airflow/example_dags/example_trigger_target_dag.py took 1.573 seconds
[2025-11-02T18:25:23.973+0000] {processor.py:161} INFO - Started process (PID=172) to work on /home/airflow/.local/lib/python3.8/site-packages/airflow/example_dags/example_trigger_target_dag.py
[2025-11-02T18:25:23.976+0000] {processor.py:830} INFO - Processing file /home/airflow/.local/lib/python3.8/site-packages/airflow/example_dags/example_trigger_target_dag.py for tasks to queue
[2025-11-02T18:25:23.981+0000] {logging_mixin.py:188} INFO - [2025-11-02T18:25:23.980+0000] {dagbag.py:538} INFO - Filling up the DagBag from /home/airflow/.local/lib/python3.8/site-packages/airflow/example_dags/example_trigger_target_dag.py
[2025-11-02T18:25:23.997+0000] {processor.py:840} INFO - DAG(s) 'example_trigger_target_dag' retrieved from /home/airflow/.local/lib/python3.8/site-packages/airflow/example_dags/example_trigger_target_dag.py
[2025-11-02T18:25:24.058+0000] {logging_mixin.py:188} INFO - [2025-11-02T18:25:24.057+0000] {dag.py:3036} INFO - Sync 1 DAGs
[2025-11-02T18:25:24.094+0000] {logging_mixin.py:188} INFO - [2025-11-02T18:25:24.093+0000] {dag.py:3823} INFO - Setting next_dagrun for example_trigger_target_dag to None, run_after=None
[2025-11-02T18:25:24.170+0000] {processor.py:183} INFO - Processing /home/airflow/.local/lib/python3.8/site-packages/airflow/example_dags/example_trigger_target_dag.py took 0.210 seconds
[2025-11-02T18:25:54.476+0000] {processor.py:161} INFO - Started process (PID=227) to work on /home/airflow/.local/lib/python3.8/site-packages/airflow/example_dags/example_trigger_target_dag.py
[2025-11-02T18:25:54.479+0000] {processor.py:830} INFO - Processing file /home/airflow/.local/lib/python3.8/site-packages/airflow/example_dags/example_trigger_target_dag.py for tasks to queue
[2025-11-02T18:25:54.485+0000] {logging_mixin.py:188} INFO - [2025-11-02T18:25:54.484+0000] {dagbag.py:538} INFO - Filling up the DagBag from /home/airflow/.local/lib/python3.8/site-packages/airflow/example_dags/example_trigger_target_dag.py
[2025-11-02T18:25:54.500+0000] {processor.py:840} INFO - DAG(s) 'example_trigger_target_dag' retrieved from /home/airflow/.local/lib/python3.8/site-packages/airflow/example_dags/example_trigger_target_dag.py
[2025-11-02T18:25:54.543+0000] {logging_mixin.py:188} INFO - [2025-11-02T18:25:54.543+0000] {dag.py:3036} INFO - Sync 1 DAGs
[2025-11-02T18:25:54.568+0000] {logging_mixin.py:188} INFO - [2025-11-02T18:25:54.567+0000] {dag.py:3823} INFO - Setting next_dagrun for example_trigger_target_dag to None, run_after=None
[2025-11-02T18:25:54.608+0000] {processor.py:183} INFO - Processing /home/airflow/.local/lib/python3.8/site-packages/airflow/example_dags/example_trigger_target_dag.py took 0.141 seconds
[2025-11-02T18:26:25.226+0000] {processor.py:161} INFO - Started process (PID=282) to work on /home/airflow/.local/lib/python3.8/site-packages/airflow/example_dags/example_trigger_target_dag.py
[2025-11-02T18:26:25.230+0000] {processor.py:830} INFO - Processing file /home/airflow/.local/lib/python3.8/site-packages/airflow/example_dags/example_trigger_target_dag.py for tasks to queue
[2025-11-02T18:26:25.235+0000] {logging_mixin.py:188} INFO - [2025-11-02T18:26:25.234+0000] {dagbag.py:538} INFO - Filling up the DagBag from /home/airflow/.local/lib/python3.8/site-packages/airflow/example_dags/example_trigger_target_dag.py
[2025-11-02T18:26:25.250+0000] {processor.py:840} INFO - DAG(s) 'example_trigger_target_dag' retrieved from /home/airflow/.local/lib/python3.8/site-packages/airflow/example_dags/example_trigger_target_dag.py
[2025-11-02T18:26:25.301+0000] {logging_mixin.py:188} INFO - [2025-11-02T18:26:25.300+0000] {dag.py:3036} INFO - Sync 1 DAGs
[2025-11-02T18:26:25.328+0000] {logging_mixin.py:188} INFO - [2025-11-02T18:26:25.327+0000] {dag.py:3823} INFO - Setting next_dagrun for example_trigger_target_dag to None, run_after=None
[2025-11-02T18:26:25.373+0000] {processor.py:183} INFO - Processing /home/airflow/.local/lib/python3.8/site-packages/airflow/example_dags/example_trigger_target_dag.py took 0.156 seconds
[2025-11-02T18:26:56.168+0000] {processor.py:161} INFO - Started process (PID=337) to work on /home/airflow/.local/lib/python3.8/site-packages/airflow/example_dags/example_trigger_target_dag.py
[2025-11-02T18:26:56.172+0000] {processor.py:830} INFO - Processing file /home/airflow/.local/lib/python3.8/site-packages/airflow/example_dags/example_trigger_target_dag.py for tasks to queue
[2025-11-02T18:26:56.177+0000] {logging_mixin.py:188} INFO - [2025-11-02T18:26:56.176+0000] {dagbag.py:538} INFO - Filling up the DagBag from /home/airflow/.local/lib/python3.8/site-packages/airflow/example_dags/example_trigger_target_dag.py
[2025-11-02T18:26:56.192+0000] {processor.py:840} INFO - DAG(s) 'example_trigger_target_dag' retrieved from /home/airflow/.local/lib/python3.8/site-packages/airflow/example_dags/example_trigger_target_dag.py
[2025-11-02T18:26:56.245+0000] {logging_mixin.py:188} INFO - [2025-11-02T18:26:56.245+0000] {dag.py:3036} INFO - Sync 1 DAGs
[2025-11-02T18:26:56.272+0000] {logging_mixin.py:188} INFO - [2025-11-02T18:26:56.272+0000] {dag.py:3823} INFO - Setting next_dagrun for example_trigger_target_dag to None, run_after=None
[2025-11-02T18:26:56.319+0000] {processor.py:183} INFO - Processing /home/airflow/.local/lib/python3.8/site-packages/airflow/example_dags/example_trigger_target_dag.py took 0.160 seconds
[2025-11-02T18:27:26.642+0000] {processor.py:161} INFO - Started process (PID=392) to work on /home/airflow/.local/lib/python3.8/site-packages/airflow/example_dags/example_trigger_target_dag.py
[2025-11-02T18:27:26.645+0000] {processor.py:830} INFO - Processing file /home/airflow/.local/lib/python3.8/site-packages/airflow/example_dags/example_trigger_target_dag.py for tasks to queue
[2025-11-02T18:27:26.651+0000] {logging_mixin.py:188} INFO - [2025-11-02T18:27:26.651+0000] {dagbag.py:538} INFO - Filling up the DagBag from /home/airflow/.local/lib/python3.8/site-packages/airflow/example_dags/example_trigger_target_dag.py
[2025-11-02T18:27:26.667+0000] {processor.py:840} INFO - DAG(s) 'example_trigger_target_dag' retrieved from /home/airflow/.local/lib/python3.8/site-packages/airflow/example_dags/example_trigger_target_dag.py
[2025-11-02T18:27:26.733+0000] {logging_mixin.py:188} INFO - [2025-11-02T18:27:26.732+0000] {dag.py:3036} INFO - Sync 1 DAGs
[2025-11-02T18:27:26.764+0000] {logging_mixin.py:188} INFO - [2025-11-02T18:27:26.764+0000] {dag.py:3823} INFO - Setting next_dagrun for example_trigger_target_dag to None, run_after=None
[2025-11-02T18:27:26.818+0000] {processor.py:183} INFO - Processing /home/airflow/.local/lib/python3.8/site-packages/airflow/example_dags/example_trigger_target_dag.py took 0.186 seconds
[2025-11-02T18:27:57.289+0000] {processor.py:161} INFO - Started process (PID=447) to work on /home/airflow/.local/lib/python3.8/site-packages/airflow/example_dags/example_trigger_target_dag.py
[2025-11-02T18:27:57.292+0000] {processor.py:830} INFO - Processing file /home/airflow/.local/lib/python3.8/site-packages/airflow/example_dags/example_trigger_target_dag.py for tasks to queue
[2025-11-02T18:27:57.297+0000] {logging_mixin.py:188} INFO - [2025-11-02T18:27:57.296+0000] {dagbag.py:538} INFO - Filling up the DagBag from /home/airflow/.local/lib/python3.8/site-packages/airflow/example_dags/example_trigger_target_dag.py
[2025-11-02T18:27:57.313+0000] {processor.py:840} INFO - DAG(s) 'example_trigger_target_dag' retrieved from /home/airflow/.local/lib/python3.8/site-packages/airflow/example_dags/example_trigger_target_dag.py
[2025-11-02T18:27:57.358+0000] {logging_mixin.py:188} INFO - [2025-11-02T18:27:57.358+0000] {dag.py:3036} INFO - Sync 1 DAGs
[2025-11-02T18:27:57.382+0000] {logging_mixin.py:188} INFO - [2025-11-02T18:27:57.381+0000] {dag.py:3823} INFO - Setting next_dagrun for example_trigger_target_dag to None, run_after=None
[2025-11-02T18:27:57.428+0000] {processor.py:183} INFO - Processing /home/airflow/.local/lib/python3.8/site-packages/airflow/example_dags/example_trigger_target_dag.py took 0.148 seconds
[2025-11-02T18:28:27.723+0000] {processor.py:161} INFO - Started process (PID=502) to work on /home/airflow/.local/lib/python3.8/site-packages/airflow/example_dags/example_trigger_target_dag.py
[2025-11-02T18:28:27.726+0000] {processor.py:830} INFO - Processing file /home/airflow/.local/lib/python3.8/site-packages/airflow/example_dags/example_trigger_target_dag.py for tasks to queue
[2025-11-02T18:28:27.731+0000] {logging_mixin.py:188} INFO - [2025-11-02T18:28:27.730+0000] {dagbag.py:538} INFO - Filling up the DagBag from /home/airflow/.local/lib/python3.8/site-packages/airflow/example_dags/example_trigger_target_dag.py
[2025-11-02T18:28:27.747+0000] {processor.py:840} INFO - DAG(s) 'example_trigger_target_dag' retrieved from /home/airflow/.local/lib/python3.8/site-packages/airflow/example_dags/example_trigger_target_dag.py
[2025-11-02T18:28:27.788+0000] {logging_mixin.py:188} INFO - [2025-11-02T18:28:27.787+0000] {dag.py:3036} INFO - Sync 1 DAGs
[2025-11-02T18:28:27.812+0000] {logging_mixin.py:188} INFO - [2025-11-02T18:28:27.811+0000] {dag.py:3823} INFO - Setting next_dagrun for example_trigger_target_dag to None, run_after=None
[2025-11-02T18:28:27.857+0000] {processor.py:183} INFO - Processing /home/airflow/.local/lib/python3.8/site-packages/airflow/example_dags/example_trigger_target_dag.py took 0.142 seconds
[2025-11-02T18:28:58.112+0000] {processor.py:161} INFO - Started process (PID=558) to work on /home/airflow/.local/lib/python3.8/site-packages/airflow/example_dags/example_trigger_target_dag.py
[2025-11-02T18:28:58.117+0000] {processor.py:830} INFO - Processing file /home/airflow/.local/lib/python3.8/site-packages/airflow/example_dags/example_trigger_target_dag.py for tasks to queue
[2025-11-02T18:28:58.125+0000] {logging_mixin.py:188} INFO - [2025-11-02T18:28:58.123+0000] {dagbag.py:538} INFO - Filling up the DagBag from /home/airflow/.local/lib/python3.8/site-packages/airflow/example_dags/example_trigger_target_dag.py
[2025-11-02T18:28:58.151+0000] {processor.py:840} INFO - DAG(s) 'example_trigger_target_dag' retrieved from /home/airflow/.local/lib/python3.8/site-packages/airflow/example_dags/example_trigger_target_dag.py
[2025-11-02T18:28:58.255+0000] {logging_mixin.py:188} INFO - [2025-11-02T18:28:58.253+0000] {dag.py:3036} INFO - Sync 1 DAGs
[2025-11-02T18:28:58.303+0000] {logging_mixin.py:188} INFO - [2025-11-02T18:28:58.302+0000] {dag.py:3823} INFO - Setting next_dagrun for example_trigger_target_dag to None, run_after=None
[2025-11-02T18:28:58.358+0000] {processor.py:183} INFO - Processing /home/airflow/.local/lib/python3.8/site-packages/airflow/example_dags/example_trigger_target_dag.py took 0.260 seconds
[2025-11-02T18:29:29.043+0000] {processor.py:161} INFO - Started process (PID=613) to work on /home/airflow/.local/lib/python3.8/site-packages/airflow/example_dags/example_trigger_target_dag.py
[2025-11-02T18:29:29.045+0000] {processor.py:830} INFO - Processing file /home/airflow/.local/lib/python3.8/site-packages/airflow/example_dags/example_trigger_target_dag.py for tasks to queue
[2025-11-02T18:29:29.050+0000] {logging_mixin.py:188} INFO - [2025-11-02T18:29:29.050+0000] {dagbag.py:538} INFO - Filling up the DagBag from /home/airflow/.local/lib/python3.8/site-packages/airflow/example_dags/example_trigger_target_dag.py
[2025-11-02T18:29:29.070+0000] {processor.py:840} INFO - DAG(s) 'example_trigger_target_dag' retrieved from /home/airflow/.local/lib/python3.8/site-packages/airflow/example_dags/example_trigger_target_dag.py
[2025-11-02T18:29:29.125+0000] {logging_mixin.py:188} INFO - [2025-11-02T18:29:29.124+0000] {dag.py:3036} INFO - Sync 1 DAGs
[2025-11-02T18:29:29.155+0000] {logging_mixin.py:188} INFO - [2025-11-02T18:29:29.155+0000] {dag.py:3823} INFO - Setting next_dagrun for example_trigger_target_dag to None, run_after=None
[2025-11-02T18:29:29.203+0000] {processor.py:183} INFO - Processing /home/airflow/.local/lib/python3.8/site-packages/airflow/example_dags/example_trigger_target_dag.py took 0.171 seconds
[2025-11-02T18:30:00.414+0000] {processor.py:161} INFO - Started process (PID=668) to work on /home/airflow/.local/lib/python3.8/site-packages/airflow/example_dags/example_trigger_target_dag.py
[2025-11-02T18:30:00.417+0000] {processor.py:830} INFO - Processing file /home/airflow/.local/lib/python3.8/site-packages/airflow/example_dags/example_trigger_target_dag.py for tasks to queue
[2025-11-02T18:30:00.423+0000] {logging_mixin.py:188} INFO - [2025-11-02T18:30:00.422+0000] {dagbag.py:538} INFO - Filling up the DagBag from /home/airflow/.local/lib/python3.8/site-packages/airflow/example_dags/example_trigger_target_dag.py
[2025-11-02T18:30:00.444+0000] {processor.py:840} INFO - DAG(s) 'example_trigger_target_dag' retrieved from /home/airflow/.local/lib/python3.8/site-packages/airflow/example_dags/example_trigger_target_dag.py
[2025-11-02T18:30:00.515+0000] {logging_mixin.py:188} INFO - [2025-11-02T18:30:00.514+0000] {dag.py:3036} INFO - Sync 1 DAGs
[2025-11-02T18:30:00.560+0000] {logging_mixin.py:188} INFO - [2025-11-02T18:30:00.559+0000] {dag.py:3823} INFO - Setting next_dagrun for example_trigger_target_dag to None, run_after=None
[2025-11-02T18:30:00.609+0000] {processor.py:183} INFO - Processing /home/airflow/.local/lib/python3.8/site-packages/airflow/example_dags/example_trigger_target_dag.py took 0.208 seconds
[2025-11-02T18:30:31.506+0000] {processor.py:161} INFO - Started process (PID=723) to work on /home/airflow/.local/lib/python3.8/site-packages/airflow/example_dags/example_trigger_target_dag.py
[2025-11-02T18:30:31.510+0000] {processor.py:830} INFO - Processing file /home/airflow/.local/lib/python3.8/site-packages/airflow/example_dags/example_trigger_target_dag.py for tasks to queue
[2025-11-02T18:30:31.518+0000] {logging_mixin.py:188} INFO - [2025-11-02T18:30:31.517+0000] {dagbag.py:538} INFO - Filling up the DagBag from /home/airflow/.local/lib/python3.8/site-packages/airflow/example_dags/example_trigger_target_dag.py
[2025-11-02T18:30:31.551+0000] {processor.py:840} INFO - DAG(s) 'example_trigger_target_dag' retrieved from /home/airflow/.local/lib/python3.8/site-packages/airflow/example_dags/example_trigger_target_dag.py
[2025-11-02T18:30:31.672+0000] {logging_mixin.py:188} INFO - [2025-11-02T18:30:31.671+0000] {dag.py:3036} INFO - Sync 1 DAGs
[2025-11-02T18:30:31.741+0000] {logging_mixin.py:188} INFO - [2025-11-02T18:30:31.740+0000] {dag.py:3823} INFO - Setting next_dagrun for example_trigger_target_dag to None, run_after=None
[2025-11-02T18:30:31.831+0000] {processor.py:183} INFO - Processing /home/airflow/.local/lib/python3.8/site-packages/airflow/example_dags/example_trigger_target_dag.py took 0.344 seconds
[2025-11-02T18:31:01.942+0000] {processor.py:161} INFO - Started process (PID=778) to work on /home/airflow/.local/lib/python3.8/site-packages/airflow/example_dags/example_trigger_target_dag.py
[2025-11-02T18:31:01.944+0000] {processor.py:830} INFO - Processing file /home/airflow/.local/lib/python3.8/site-packages/airflow/example_dags/example_trigger_target_dag.py for tasks to queue
[2025-11-02T18:31:01.951+0000] {logging_mixin.py:188} INFO - [2025-11-02T18:31:01.950+0000] {dagbag.py:538} INFO - Filling up the DagBag from /home/airflow/.local/lib/python3.8/site-packages/airflow/example_dags/example_trigger_target_dag.py
[2025-11-02T18:31:01.970+0000] {processor.py:840} INFO - DAG(s) 'example_trigger_target_dag' retrieved from /home/airflow/.local/lib/python3.8/site-packages/airflow/example_dags/example_trigger_target_dag.py
[2025-11-02T18:31:02.027+0000] {logging_mixin.py:188} INFO - [2025-11-02T18:31:02.026+0000] {dag.py:3036} INFO - Sync 1 DAGs
[2025-11-02T18:31:02.062+0000] {logging_mixin.py:188} INFO - [2025-11-02T18:31:02.061+0000] {dag.py:3823} INFO - Setting next_dagrun for example_trigger_target_dag to None, run_after=None
[2025-11-02T18:31:02.157+0000] {processor.py:183} INFO - Processing /home/airflow/.local/lib/python3.8/site-packages/airflow/example_dags/example_trigger_target_dag.py took 0.225 seconds
[2025-11-02T18:31:32.359+0000] {processor.py:161} INFO - Started process (PID=833) to work on /home/airflow/.local/lib/python3.8/site-packages/airflow/example_dags/example_trigger_target_dag.py
[2025-11-02T18:31:32.362+0000] {processor.py:830} INFO - Processing file /home/airflow/.local/lib/python3.8/site-packages/airflow/example_dags/example_trigger_target_dag.py for tasks to queue
[2025-11-02T18:31:32.367+0000] {logging_mixin.py:188} INFO - [2025-11-02T18:31:32.366+0000] {dagbag.py:538} INFO - Filling up the DagBag from /home/airflow/.local/lib/python3.8/site-packages/airflow/example_dags/example_trigger_target_dag.py
[2025-11-02T18:31:32.386+0000] {processor.py:840} INFO - DAG(s) 'example_trigger_target_dag' retrieved from /home/airflow/.local/lib/python3.8/site-packages/airflow/example_dags/example_trigger_target_dag.py
[2025-11-02T18:31:32.445+0000] {logging_mixin.py:188} INFO - [2025-11-02T18:31:32.444+0000] {dag.py:3036} INFO - Sync 1 DAGs
[2025-11-02T18:31:32.479+0000] {logging_mixin.py:188} INFO - [2025-11-02T18:31:32.478+0000] {dag.py:3823} INFO - Setting next_dagrun for example_trigger_target_dag to None, run_after=None
[2025-11-02T18:31:32.527+0000] {processor.py:183} INFO - Processing /home/airflow/.local/lib/python3.8/site-packages/airflow/example_dags/example_trigger_target_dag.py took 0.178 seconds
[2025-11-02T18:32:03.285+0000] {processor.py:161} INFO - Started process (PID=888) to work on /home/airflow/.local/lib/python3.8/site-packages/airflow/example_dags/example_trigger_target_dag.py
[2025-11-02T18:32:03.289+0000] {processor.py:830} INFO - Processing file /home/airflow/.local/lib/python3.8/site-packages/airflow/example_dags/example_trigger_target_dag.py for tasks to queue
[2025-11-02T18:32:03.296+0000] {logging_mixin.py:188} INFO - [2025-11-02T18:32:03.295+0000] {dagbag.py:538} INFO - Filling up the DagBag from /home/airflow/.local/lib/python3.8/site-packages/airflow/example_dags/example_trigger_target_dag.py
[2025-11-02T18:32:03.332+0000] {processor.py:840} INFO - DAG(s) 'example_trigger_target_dag' retrieved from /home/airflow/.local/lib/python3.8/site-packages/airflow/example_dags/example_trigger_target_dag.py
[2025-11-02T18:32:03.394+0000] {logging_mixin.py:188} INFO - [2025-11-02T18:32:03.393+0000] {dag.py:3036} INFO - Sync 1 DAGs
[2025-11-02T18:32:03.429+0000] {logging_mixin.py:188} INFO - [2025-11-02T18:32:03.429+0000] {dag.py:3823} INFO - Setting next_dagrun for example_trigger_target_dag to None, run_after=None
[2025-11-02T18:32:03.477+0000] {processor.py:183} INFO - Processing /home/airflow/.local/lib/python3.8/site-packages/airflow/example_dags/example_trigger_target_dag.py took 0.206 seconds
[2025-11-02T18:32:33.667+0000] {processor.py:161} INFO - Started process (PID=940) to work on /home/airflow/.local/lib/python3.8/site-packages/airflow/example_dags/example_trigger_target_dag.py
[2025-11-02T18:32:33.670+0000] {processor.py:830} INFO - Processing file /home/airflow/.local/lib/python3.8/site-packages/airflow/example_dags/example_trigger_target_dag.py for tasks to queue
[2025-11-02T18:32:33.677+0000] {logging_mixin.py:188} INFO - [2025-11-02T18:32:33.676+0000] {dagbag.py:538} INFO - Filling up the DagBag from /home/airflow/.local/lib/python3.8/site-packages/airflow/example_dags/example_trigger_target_dag.py
[2025-11-02T18:32:33.693+0000] {processor.py:840} INFO - DAG(s) 'example_trigger_target_dag' retrieved from /home/airflow/.local/lib/python3.8/site-packages/airflow/example_dags/example_trigger_target_dag.py
[2025-11-02T18:32:33.762+0000] {logging_mixin.py:188} INFO - [2025-11-02T18:32:33.761+0000] {dag.py:3036} INFO - Sync 1 DAGs
[2025-11-02T18:32:33.789+0000] {logging_mixin.py:188} INFO - [2025-11-02T18:32:33.789+0000] {dag.py:3823} INFO - Setting next_dagrun for example_trigger_target_dag to None, run_after=None
[2025-11-02T18:32:33.835+0000] {processor.py:183} INFO - Processing /home/airflow/.local/lib/python3.8/site-packages/airflow/example_dags/example_trigger_target_dag.py took 0.180 seconds
[2025-11-02T18:33:04.442+0000] {processor.py:161} INFO - Started process (PID=995) to work on /home/airflow/.local/lib/python3.8/site-packages/airflow/example_dags/example_trigger_target_dag.py
[2025-11-02T18:33:04.445+0000] {processor.py:830} INFO - Processing file /home/airflow/.local/lib/python3.8/site-packages/airflow/example_dags/example_trigger_target_dag.py for tasks to queue
[2025-11-02T18:33:04.450+0000] {logging_mixin.py:188} INFO - [2025-11-02T18:33:04.450+0000] {dagbag.py:538} INFO - Filling up the DagBag from /home/airflow/.local/lib/python3.8/site-packages/airflow/example_dags/example_trigger_target_dag.py
[2025-11-02T18:33:04.468+0000] {processor.py:840} INFO - DAG(s) 'example_trigger_target_dag' retrieved from /home/airflow/.local/lib/python3.8/site-packages/airflow/example_dags/example_trigger_target_dag.py
[2025-11-02T18:33:04.529+0000] {logging_mixin.py:188} INFO - [2025-11-02T18:33:04.529+0000] {dag.py:3036} INFO - Sync 1 DAGs
[2025-11-02T18:33:04.555+0000] {logging_mixin.py:188} INFO - [2025-11-02T18:33:04.554+0000] {dag.py:3823} INFO - Setting next_dagrun for example_trigger_target_dag to None, run_after=None
[2025-11-02T18:33:04.598+0000] {processor.py:183} INFO - Processing /home/airflow/.local/lib/python3.8/site-packages/airflow/example_dags/example_trigger_target_dag.py took 0.168 seconds
[2025-11-02T18:33:35.640+0000] {processor.py:161} INFO - Started process (PID=1050) to work on /home/airflow/.local/lib/python3.8/site-packages/airflow/example_dags/example_trigger_target_dag.py
[2025-11-02T18:33:35.644+0000] {processor.py:830} INFO - Processing file /home/airflow/.local/lib/python3.8/site-packages/airflow/example_dags/example_trigger_target_dag.py for tasks to queue
[2025-11-02T18:33:35.649+0000] {logging_mixin.py:188} INFO - [2025-11-02T18:33:35.649+0000] {dagbag.py:538} INFO - Filling up the DagBag from /home/airflow/.local/lib/python3.8/site-packages/airflow/example_dags/example_trigger_target_dag.py
[2025-11-02T18:33:35.673+0000] {processor.py:840} INFO - DAG(s) 'example_trigger_target_dag' retrieved from /home/airflow/.local/lib/python3.8/site-packages/airflow/example_dags/example_trigger_target_dag.py
[2025-11-02T18:33:35.797+0000] {logging_mixin.py:188} INFO - [2025-11-02T18:33:35.797+0000] {dag.py:3036} INFO - Sync 1 DAGs
[2025-11-02T18:33:35.863+0000] {logging_mixin.py:188} INFO - [2025-11-02T18:33:35.862+0000] {dag.py:3823} INFO - Setting next_dagrun for example_trigger_target_dag to None, run_after=None
[2025-11-02T18:33:35.952+0000] {processor.py:183} INFO - Processing /home/airflow/.local/lib/python3.8/site-packages/airflow/example_dags/example_trigger_target_dag.py took 0.322 seconds
[2025-11-02T18:34:06.506+0000] {processor.py:161} INFO - Started process (PID=1105) to work on /home/airflow/.local/lib/python3.8/site-packages/airflow/example_dags/example_trigger_target_dag.py
[2025-11-02T18:34:06.510+0000] {processor.py:830} INFO - Processing file /home/airflow/.local/lib/python3.8/site-packages/airflow/example_dags/example_trigger_target_dag.py for tasks to queue
[2025-11-02T18:34:06.516+0000] {logging_mixin.py:188} INFO - [2025-11-02T18:34:06.515+0000] {dagbag.py:538} INFO - Filling up the DagBag from /home/airflow/.local/lib/python3.8/site-packages/airflow/example_dags/example_trigger_target_dag.py
[2025-11-02T18:34:06.534+0000] {processor.py:840} INFO - DAG(s) 'example_trigger_target_dag' retrieved from /home/airflow/.local/lib/python3.8/site-packages/airflow/example_dags/example_trigger_target_dag.py
[2025-11-02T18:34:06.593+0000] {logging_mixin.py:188} INFO - [2025-11-02T18:34:06.593+0000] {dag.py:3036} INFO - Sync 1 DAGs
[2025-11-02T18:34:06.629+0000] {logging_mixin.py:188} INFO - [2025-11-02T18:34:06.629+0000] {dag.py:3823} INFO - Setting next_dagrun for example_trigger_target_dag to None, run_after=None
[2025-11-02T18:34:06.689+0000] {processor.py:183} INFO - Processing /home/airflow/.local/lib/python3.8/site-packages/airflow/example_dags/example_trigger_target_dag.py took 0.194 seconds
[2025-11-02T18:34:37.644+0000] {processor.py:161} INFO - Started process (PID=1160) to work on /home/airflow/.local/lib/python3.8/site-packages/airflow/example_dags/example_trigger_target_dag.py
[2025-11-02T18:34:37.648+0000] {processor.py:830} INFO - Processing file /home/airflow/.local/lib/python3.8/site-packages/airflow/example_dags/example_trigger_target_dag.py for tasks to queue
[2025-11-02T18:34:37.660+0000] {logging_mixin.py:188} INFO - [2025-11-02T18:34:37.655+0000] {dagbag.py:538} INFO - Filling up the DagBag from /home/airflow/.local/lib/python3.8/site-packages/airflow/example_dags/example_trigger_target_dag.py
[2025-11-02T18:34:37.701+0000] {processor.py:840} INFO - DAG(s) 'example_trigger_target_dag' retrieved from /home/airflow/.local/lib/python3.8/site-packages/airflow/example_dags/example_trigger_target_dag.py
[2025-11-02T18:34:37.793+0000] {logging_mixin.py:188} INFO - [2025-11-02T18:34:37.792+0000] {dag.py:3036} INFO - Sync 1 DAGs
[2025-11-02T18:34:37.850+0000] {logging_mixin.py:188} INFO - [2025-11-02T18:34:37.849+0000] {dag.py:3823} INFO - Setting next_dagrun for example_trigger_target_dag to None, run_after=None
[2025-11-02T18:34:37.930+0000] {processor.py:183} INFO - Processing /home/airflow/.local/lib/python3.8/site-packages/airflow/example_dags/example_trigger_target_dag.py took 0.305 seconds
[2025-11-02T18:35:08.889+0000] {processor.py:161} INFO - Started process (PID=1216) to work on /home/airflow/.local/lib/python3.8/site-packages/airflow/example_dags/example_trigger_target_dag.py
[2025-11-02T18:35:08.891+0000] {processor.py:830} INFO - Processing file /home/airflow/.local/lib/python3.8/site-packages/airflow/example_dags/example_trigger_target_dag.py for tasks to queue
[2025-11-02T18:35:08.896+0000] {logging_mixin.py:188} INFO - [2025-11-02T18:35:08.895+0000] {dagbag.py:538} INFO - Filling up the DagBag from /home/airflow/.local/lib/python3.8/site-packages/airflow/example_dags/example_trigger_target_dag.py
[2025-11-02T18:35:08.911+0000] {processor.py:840} INFO - DAG(s) 'example_trigger_target_dag' retrieved from /home/airflow/.local/lib/python3.8/site-packages/airflow/example_dags/example_trigger_target_dag.py
[2025-11-02T18:35:08.954+0000] {logging_mixin.py:188} INFO - [2025-11-02T18:35:08.954+0000] {dag.py:3036} INFO - Sync 1 DAGs
[2025-11-02T18:35:08.982+0000] {logging_mixin.py:188} INFO - [2025-11-02T18:35:08.981+0000] {dag.py:3823} INFO - Setting next_dagrun for example_trigger_target_dag to None, run_after=None
[2025-11-02T18:35:09.026+0000] {processor.py:183} INFO - Processing /home/airflow/.local/lib/python3.8/site-packages/airflow/example_dags/example_trigger_target_dag.py took 0.146 seconds
[2025-11-02T18:35:40.009+0000] {processor.py:161} INFO - Started process (PID=1271) to work on /home/airflow/.local/lib/python3.8/site-packages/airflow/example_dags/example_trigger_target_dag.py
[2025-11-02T18:35:40.016+0000] {processor.py:830} INFO - Processing file /home/airflow/.local/lib/python3.8/site-packages/airflow/example_dags/example_trigger_target_dag.py for tasks to queue
[2025-11-02T18:35:40.031+0000] {logging_mixin.py:188} INFO - [2025-11-02T18:35:40.029+0000] {dagbag.py:538} INFO - Filling up the DagBag from /home/airflow/.local/lib/python3.8/site-packages/airflow/example_dags/example_trigger_target_dag.py
[2025-11-02T18:35:40.076+0000] {processor.py:840} INFO - DAG(s) 'example_trigger_target_dag' retrieved from /home/airflow/.local/lib/python3.8/site-packages/airflow/example_dags/example_trigger_target_dag.py
[2025-11-02T18:35:40.179+0000] {logging_mixin.py:188} INFO - [2025-11-02T18:35:40.178+0000] {dag.py:3036} INFO - Sync 1 DAGs
[2025-11-02T18:35:40.240+0000] {logging_mixin.py:188} INFO - [2025-11-02T18:35:40.239+0000] {dag.py:3823} INFO - Setting next_dagrun for example_trigger_target_dag to None, run_after=None
[2025-11-02T18:35:40.339+0000] {processor.py:183} INFO - Processing /home/airflow/.local/lib/python3.8/site-packages/airflow/example_dags/example_trigger_target_dag.py took 0.365 seconds
[2025-11-02T18:36:10.782+0000] {processor.py:161} INFO - Started process (PID=1326) to work on /home/airflow/.local/lib/python3.8/site-packages/airflow/example_dags/example_trigger_target_dag.py
[2025-11-02T18:36:10.785+0000] {processor.py:830} INFO - Processing file /home/airflow/.local/lib/python3.8/site-packages/airflow/example_dags/example_trigger_target_dag.py for tasks to queue
[2025-11-02T18:36:10.791+0000] {logging_mixin.py:188} INFO - [2025-11-02T18:36:10.790+0000] {dagbag.py:538} INFO - Filling up the DagBag from /home/airflow/.local/lib/python3.8/site-packages/airflow/example_dags/example_trigger_target_dag.py
[2025-11-02T18:36:10.810+0000] {processor.py:840} INFO - DAG(s) 'example_trigger_target_dag' retrieved from /home/airflow/.local/lib/python3.8/site-packages/airflow/example_dags/example_trigger_target_dag.py
[2025-11-02T18:36:10.860+0000] {logging_mixin.py:188} INFO - [2025-11-02T18:36:10.859+0000] {dag.py:3036} INFO - Sync 1 DAGs
[2025-11-02T18:36:10.894+0000] {logging_mixin.py:188} INFO - [2025-11-02T18:36:10.893+0000] {dag.py:3823} INFO - Setting next_dagrun for example_trigger_target_dag to None, run_after=None
[2025-11-02T18:36:10.948+0000] {processor.py:183} INFO - Processing /home/airflow/.local/lib/python3.8/site-packages/airflow/example_dags/example_trigger_target_dag.py took 0.177 seconds
[2025-11-02T18:36:41.368+0000] {processor.py:161} INFO - Started process (PID=1381) to work on /home/airflow/.local/lib/python3.8/site-packages/airflow/example_dags/example_trigger_target_dag.py
[2025-11-02T18:36:41.372+0000] {processor.py:830} INFO - Processing file /home/airflow/.local/lib/python3.8/site-packages/airflow/example_dags/example_trigger_target_dag.py for tasks to queue
[2025-11-02T18:36:41.380+0000] {logging_mixin.py:188} INFO - [2025-11-02T18:36:41.379+0000] {dagbag.py:538} INFO - Filling up the DagBag from /home/airflow/.local/lib/python3.8/site-packages/airflow/example_dags/example_trigger_target_dag.py
[2025-11-02T18:36:41.408+0000] {processor.py:840} INFO - DAG(s) 'example_trigger_target_dag' retrieved from /home/airflow/.local/lib/python3.8/site-packages/airflow/example_dags/example_trigger_target_dag.py
[2025-11-02T18:36:41.540+0000] {logging_mixin.py:188} INFO - [2025-11-02T18:36:41.539+0000] {dag.py:3036} INFO - Sync 1 DAGs
[2025-11-02T18:36:41.628+0000] {logging_mixin.py:188} INFO - [2025-11-02T18:36:41.627+0000] {dag.py:3823} INFO - Setting next_dagrun for example_trigger_target_dag to None, run_after=None
[2025-11-02T18:36:41.713+0000] {processor.py:183} INFO - Processing /home/airflow/.local/lib/python3.8/site-packages/airflow/example_dags/example_trigger_target_dag.py took 0.362 seconds
[2025-11-02T18:37:12.417+0000] {processor.py:161} INFO - Started process (PID=1436) to work on /home/airflow/.local/lib/python3.8/site-packages/airflow/example_dags/example_trigger_target_dag.py
[2025-11-02T18:37:12.445+0000] {processor.py:830} INFO - Processing file /home/airflow/.local/lib/python3.8/site-packages/airflow/example_dags/example_trigger_target_dag.py for tasks to queue
[2025-11-02T18:37:12.471+0000] {logging_mixin.py:188} INFO - [2025-11-02T18:37:12.470+0000] {dagbag.py:538} INFO - Filling up the DagBag from /home/airflow/.local/lib/python3.8/site-packages/airflow/example_dags/example_trigger_target_dag.py
[2025-11-02T18:37:12.534+0000] {processor.py:840} INFO - DAG(s) 'example_trigger_target_dag' retrieved from /home/airflow/.local/lib/python3.8/site-packages/airflow/example_dags/example_trigger_target_dag.py
[2025-11-02T18:37:12.641+0000] {logging_mixin.py:188} INFO - [2025-11-02T18:37:12.641+0000] {dag.py:3036} INFO - Sync 1 DAGs
[2025-11-02T18:37:12.689+0000] {logging_mixin.py:188} INFO - [2025-11-02T18:37:12.688+0000] {dag.py:3823} INFO - Setting next_dagrun for example_trigger_target_dag to None, run_after=None
[2025-11-02T18:37:12.768+0000] {processor.py:183} INFO - Processing /home/airflow/.local/lib/python3.8/site-packages/airflow/example_dags/example_trigger_target_dag.py took 0.381 seconds
[2025-11-02T18:37:43.089+0000] {processor.py:161} INFO - Started process (PID=1492) to work on /home/airflow/.local/lib/python3.8/site-packages/airflow/example_dags/example_trigger_target_dag.py
[2025-11-02T18:37:43.095+0000] {processor.py:830} INFO - Processing file /home/airflow/.local/lib/python3.8/site-packages/airflow/example_dags/example_trigger_target_dag.py for tasks to queue
[2025-11-02T18:37:43.111+0000] {logging_mixin.py:188} INFO - [2025-11-02T18:37:43.110+0000] {dagbag.py:538} INFO - Filling up the DagBag from /home/airflow/.local/lib/python3.8/site-packages/airflow/example_dags/example_trigger_target_dag.py
[2025-11-02T18:37:43.152+0000] {processor.py:840} INFO - DAG(s) 'example_trigger_target_dag' retrieved from /home/airflow/.local/lib/python3.8/site-packages/airflow/example_dags/example_trigger_target_dag.py
[2025-11-02T18:37:43.265+0000] {logging_mixin.py:188} INFO - [2025-11-02T18:37:43.264+0000] {dag.py:3036} INFO - Sync 1 DAGs
[2025-11-02T18:37:43.307+0000] {logging_mixin.py:188} INFO - [2025-11-02T18:37:43.306+0000] {dag.py:3823} INFO - Setting next_dagrun for example_trigger_target_dag to None, run_after=None
[2025-11-02T18:37:43.382+0000] {processor.py:183} INFO - Processing /home/airflow/.local/lib/python3.8/site-packages/airflow/example_dags/example_trigger_target_dag.py took 0.322 seconds
[2025-11-02T18:38:14.432+0000] {processor.py:161} INFO - Started process (PID=1547) to work on /home/airflow/.local/lib/python3.8/site-packages/airflow/example_dags/example_trigger_target_dag.py
[2025-11-02T18:38:14.441+0000] {processor.py:830} INFO - Processing file /home/airflow/.local/lib/python3.8/site-packages/airflow/example_dags/example_trigger_target_dag.py for tasks to queue
[2025-11-02T18:38:14.453+0000] {logging_mixin.py:188} INFO - [2025-11-02T18:38:14.452+0000] {dagbag.py:538} INFO - Filling up the DagBag from /home/airflow/.local/lib/python3.8/site-packages/airflow/example_dags/example_trigger_target_dag.py
[2025-11-02T18:38:14.479+0000] {processor.py:840} INFO - DAG(s) 'example_trigger_target_dag' retrieved from /home/airflow/.local/lib/python3.8/site-packages/airflow/example_dags/example_trigger_target_dag.py
[2025-11-02T18:38:14.585+0000] {logging_mixin.py:188} INFO - [2025-11-02T18:38:14.584+0000] {dag.py:3036} INFO - Sync 1 DAGs
[2025-11-02T18:38:14.641+0000] {logging_mixin.py:188} INFO - [2025-11-02T18:38:14.640+0000] {dag.py:3823} INFO - Setting next_dagrun for example_trigger_target_dag to None, run_after=None
[2025-11-02T18:38:14.715+0000] {processor.py:183} INFO - Processing /home/airflow/.local/lib/python3.8/site-packages/airflow/example_dags/example_trigger_target_dag.py took 0.304 seconds
[2025-11-02T18:38:45.388+0000] {processor.py:161} INFO - Started process (PID=1602) to work on /home/airflow/.local/lib/python3.8/site-packages/airflow/example_dags/example_trigger_target_dag.py
[2025-11-02T18:38:45.392+0000] {processor.py:830} INFO - Processing file /home/airflow/.local/lib/python3.8/site-packages/airflow/example_dags/example_trigger_target_dag.py for tasks to queue
[2025-11-02T18:38:45.404+0000] {logging_mixin.py:188} INFO - [2025-11-02T18:38:45.402+0000] {dagbag.py:538} INFO - Filling up the DagBag from /home/airflow/.local/lib/python3.8/site-packages/airflow/example_dags/example_trigger_target_dag.py
[2025-11-02T18:38:45.434+0000] {processor.py:840} INFO - DAG(s) 'example_trigger_target_dag' retrieved from /home/airflow/.local/lib/python3.8/site-packages/airflow/example_dags/example_trigger_target_dag.py
[2025-11-02T18:38:45.510+0000] {logging_mixin.py:188} INFO - [2025-11-02T18:38:45.510+0000] {dag.py:3036} INFO - Sync 1 DAGs
[2025-11-02T18:38:45.558+0000] {logging_mixin.py:188} INFO - [2025-11-02T18:38:45.557+0000] {dag.py:3823} INFO - Setting next_dagrun for example_trigger_target_dag to None, run_after=None
[2025-11-02T18:38:45.646+0000] {processor.py:183} INFO - Processing /home/airflow/.local/lib/python3.8/site-packages/airflow/example_dags/example_trigger_target_dag.py took 0.276 seconds
[2025-11-02T18:39:18.846+0000] {processor.py:161} INFO - Started process (PID=1663) to work on /home/airflow/.local/lib/python3.8/site-packages/airflow/example_dags/example_trigger_target_dag.py
[2025-11-02T18:39:18.875+0000] {processor.py:830} INFO - Processing file /home/airflow/.local/lib/python3.8/site-packages/airflow/example_dags/example_trigger_target_dag.py for tasks to queue
[2025-11-02T18:39:18.907+0000] {logging_mixin.py:188} INFO - [2025-11-02T18:39:18.895+0000] {dagbag.py:538} INFO - Filling up the DagBag from /home/airflow/.local/lib/python3.8/site-packages/airflow/example_dags/example_trigger_target_dag.py
[2025-11-02T18:39:18.988+0000] {processor.py:840} INFO - DAG(s) 'example_trigger_target_dag' retrieved from /home/airflow/.local/lib/python3.8/site-packages/airflow/example_dags/example_trigger_target_dag.py
[2025-11-02T18:39:19.207+0000] {logging_mixin.py:188} INFO - [2025-11-02T18:39:19.206+0000] {dag.py:3036} INFO - Sync 1 DAGs
[2025-11-02T18:39:19.331+0000] {logging_mixin.py:188} INFO - [2025-11-02T18:39:19.330+0000] {dag.py:3823} INFO - Setting next_dagrun for example_trigger_target_dag to None, run_after=None
[2025-11-02T18:39:19.571+0000] {processor.py:183} INFO - Processing /home/airflow/.local/lib/python3.8/site-packages/airflow/example_dags/example_trigger_target_dag.py took 0.749 seconds
[2025-11-02T18:39:55.646+0000] {processor.py:161} INFO - Started process (PID=1717) to work on /home/airflow/.local/lib/python3.8/site-packages/airflow/example_dags/example_trigger_target_dag.py
[2025-11-02T18:39:55.666+0000] {processor.py:830} INFO - Processing file /home/airflow/.local/lib/python3.8/site-packages/airflow/example_dags/example_trigger_target_dag.py for tasks to queue
[2025-11-02T18:39:55.684+0000] {logging_mixin.py:188} INFO - [2025-11-02T18:39:55.683+0000] {dagbag.py:538} INFO - Filling up the DagBag from /home/airflow/.local/lib/python3.8/site-packages/airflow/example_dags/example_trigger_target_dag.py
[2025-11-02T18:39:55.715+0000] {processor.py:840} INFO - DAG(s) 'example_trigger_target_dag' retrieved from /home/airflow/.local/lib/python3.8/site-packages/airflow/example_dags/example_trigger_target_dag.py
[2025-11-02T18:39:55.864+0000] {logging_mixin.py:188} INFO - [2025-11-02T18:39:55.864+0000] {dag.py:3036} INFO - Sync 1 DAGs
[2025-11-02T18:39:55.918+0000] {logging_mixin.py:188} INFO - [2025-11-02T18:39:55.917+0000] {dag.py:3823} INFO - Setting next_dagrun for example_trigger_target_dag to None, run_after=None
[2025-11-02T18:39:55.991+0000] {processor.py:183} INFO - Processing /home/airflow/.local/lib/python3.8/site-packages/airflow/example_dags/example_trigger_target_dag.py took 0.377 seconds
[2025-11-02T18:40:27.102+0000] {processor.py:161} INFO - Started process (PID=1773) to work on /home/airflow/.local/lib/python3.8/site-packages/airflow/example_dags/example_trigger_target_dag.py
[2025-11-02T18:40:27.119+0000] {processor.py:830} INFO - Processing file /home/airflow/.local/lib/python3.8/site-packages/airflow/example_dags/example_trigger_target_dag.py for tasks to queue
[2025-11-02T18:40:27.126+0000] {logging_mixin.py:188} INFO - [2025-11-02T18:40:27.125+0000] {dagbag.py:538} INFO - Filling up the DagBag from /home/airflow/.local/lib/python3.8/site-packages/airflow/example_dags/example_trigger_target_dag.py
[2025-11-02T18:40:27.190+0000] {processor.py:840} INFO - DAG(s) 'example_trigger_target_dag' retrieved from /home/airflow/.local/lib/python3.8/site-packages/airflow/example_dags/example_trigger_target_dag.py
[2025-11-02T18:40:27.332+0000] {logging_mixin.py:188} INFO - [2025-11-02T18:40:27.331+0000] {dag.py:3036} INFO - Sync 1 DAGs
[2025-11-02T18:40:27.418+0000] {logging_mixin.py:188} INFO - [2025-11-02T18:40:27.417+0000] {dag.py:3823} INFO - Setting next_dagrun for example_trigger_target_dag to None, run_after=None
[2025-11-02T18:40:27.501+0000] {processor.py:183} INFO - Processing /home/airflow/.local/lib/python3.8/site-packages/airflow/example_dags/example_trigger_target_dag.py took 0.433 seconds
[2025-11-02T18:40:57.951+0000] {processor.py:161} INFO - Started process (PID=1827) to work on /home/airflow/.local/lib/python3.8/site-packages/airflow/example_dags/example_trigger_target_dag.py
[2025-11-02T18:40:57.964+0000] {processor.py:830} INFO - Processing file /home/airflow/.local/lib/python3.8/site-packages/airflow/example_dags/example_trigger_target_dag.py for tasks to queue
[2025-11-02T18:40:57.974+0000] {logging_mixin.py:188} INFO - [2025-11-02T18:40:57.972+0000] {dagbag.py:538} INFO - Filling up the DagBag from /home/airflow/.local/lib/python3.8/site-packages/airflow/example_dags/example_trigger_target_dag.py
[2025-11-02T18:40:58.041+0000] {processor.py:840} INFO - DAG(s) 'example_trigger_target_dag' retrieved from /home/airflow/.local/lib/python3.8/site-packages/airflow/example_dags/example_trigger_target_dag.py
[2025-11-02T18:40:58.139+0000] {logging_mixin.py:188} INFO - [2025-11-02T18:40:58.138+0000] {dag.py:3036} INFO - Sync 1 DAGs
[2025-11-02T18:40:58.209+0000] {logging_mixin.py:188} INFO - [2025-11-02T18:40:58.208+0000] {dag.py:3823} INFO - Setting next_dagrun for example_trigger_target_dag to None, run_after=None
[2025-11-02T18:40:58.289+0000] {processor.py:183} INFO - Processing /home/airflow/.local/lib/python3.8/site-packages/airflow/example_dags/example_trigger_target_dag.py took 0.369 seconds
[2025-11-02T18:41:28.539+0000] {processor.py:161} INFO - Started process (PID=1882) to work on /home/airflow/.local/lib/python3.8/site-packages/airflow/example_dags/example_trigger_target_dag.py
[2025-11-02T18:41:28.543+0000] {processor.py:830} INFO - Processing file /home/airflow/.local/lib/python3.8/site-packages/airflow/example_dags/example_trigger_target_dag.py for tasks to queue
[2025-11-02T18:41:28.549+0000] {logging_mixin.py:188} INFO - [2025-11-02T18:41:28.548+0000] {dagbag.py:538} INFO - Filling up the DagBag from /home/airflow/.local/lib/python3.8/site-packages/airflow/example_dags/example_trigger_target_dag.py
[2025-11-02T18:41:28.579+0000] {processor.py:840} INFO - DAG(s) 'example_trigger_target_dag' retrieved from /home/airflow/.local/lib/python3.8/site-packages/airflow/example_dags/example_trigger_target_dag.py
[2025-11-02T18:41:28.660+0000] {logging_mixin.py:188} INFO - [2025-11-02T18:41:28.659+0000] {dag.py:3036} INFO - Sync 1 DAGs
[2025-11-02T18:41:28.703+0000] {logging_mixin.py:188} INFO - [2025-11-02T18:41:28.702+0000] {dag.py:3823} INFO - Setting next_dagrun for example_trigger_target_dag to None, run_after=None
[2025-11-02T18:41:28.765+0000] {processor.py:183} INFO - Processing /home/airflow/.local/lib/python3.8/site-packages/airflow/example_dags/example_trigger_target_dag.py took 0.238 seconds
[2025-11-02T18:42:02.925+0000] {processor.py:161} INFO - Started process (PID=1938) to work on /home/airflow/.local/lib/python3.8/site-packages/airflow/example_dags/example_trigger_target_dag.py
[2025-11-02T18:42:02.929+0000] {processor.py:830} INFO - Processing file /home/airflow/.local/lib/python3.8/site-packages/airflow/example_dags/example_trigger_target_dag.py for tasks to queue
[2025-11-02T18:42:02.936+0000] {logging_mixin.py:188} INFO - [2025-11-02T18:42:02.935+0000] {dagbag.py:538} INFO - Filling up the DagBag from /home/airflow/.local/lib/python3.8/site-packages/airflow/example_dags/example_trigger_target_dag.py
[2025-11-02T18:42:02.963+0000] {processor.py:840} INFO - DAG(s) 'example_trigger_target_dag' retrieved from /home/airflow/.local/lib/python3.8/site-packages/airflow/example_dags/example_trigger_target_dag.py
[2025-11-02T18:42:03.046+0000] {logging_mixin.py:188} INFO - [2025-11-02T18:42:03.045+0000] {dag.py:3036} INFO - Sync 1 DAGs
[2025-11-02T18:42:03.159+0000] {logging_mixin.py:188} INFO - [2025-11-02T18:42:03.159+0000] {dag.py:3823} INFO - Setting next_dagrun for example_trigger_target_dag to None, run_after=None
[2025-11-02T18:42:03.233+0000] {processor.py:183} INFO - Processing /home/airflow/.local/lib/python3.8/site-packages/airflow/example_dags/example_trigger_target_dag.py took 0.322 seconds
[2025-11-02T18:42:33.356+0000] {processor.py:161} INFO - Started process (PID=1992) to work on /home/airflow/.local/lib/python3.8/site-packages/airflow/example_dags/example_trigger_target_dag.py
[2025-11-02T18:42:33.359+0000] {processor.py:830} INFO - Processing file /home/airflow/.local/lib/python3.8/site-packages/airflow/example_dags/example_trigger_target_dag.py for tasks to queue
[2025-11-02T18:42:33.365+0000] {logging_mixin.py:188} INFO - [2025-11-02T18:42:33.364+0000] {dagbag.py:538} INFO - Filling up the DagBag from /home/airflow/.local/lib/python3.8/site-packages/airflow/example_dags/example_trigger_target_dag.py
[2025-11-02T18:42:33.391+0000] {processor.py:840} INFO - DAG(s) 'example_trigger_target_dag' retrieved from /home/airflow/.local/lib/python3.8/site-packages/airflow/example_dags/example_trigger_target_dag.py
[2025-11-02T18:42:33.450+0000] {logging_mixin.py:188} INFO - [2025-11-02T18:42:33.449+0000] {dag.py:3036} INFO - Sync 1 DAGs
[2025-11-02T18:42:33.491+0000] {logging_mixin.py:188} INFO - [2025-11-02T18:42:33.490+0000] {dag.py:3823} INFO - Setting next_dagrun for example_trigger_target_dag to None, run_after=None
[2025-11-02T18:42:33.570+0000] {processor.py:183} INFO - Processing /home/airflow/.local/lib/python3.8/site-packages/airflow/example_dags/example_trigger_target_dag.py took 0.231 seconds
[2025-11-02T18:43:05.778+0000] {processor.py:161} INFO - Started process (PID=2048) to work on /home/airflow/.local/lib/python3.8/site-packages/airflow/example_dags/example_trigger_target_dag.py
[2025-11-02T18:43:05.781+0000] {processor.py:830} INFO - Processing file /home/airflow/.local/lib/python3.8/site-packages/airflow/example_dags/example_trigger_target_dag.py for tasks to queue
[2025-11-02T18:43:05.787+0000] {logging_mixin.py:188} INFO - [2025-11-02T18:43:05.786+0000] {dagbag.py:538} INFO - Filling up the DagBag from /home/airflow/.local/lib/python3.8/site-packages/airflow/example_dags/example_trigger_target_dag.py
[2025-11-02T18:43:05.813+0000] {processor.py:840} INFO - DAG(s) 'example_trigger_target_dag' retrieved from /home/airflow/.local/lib/python3.8/site-packages/airflow/example_dags/example_trigger_target_dag.py
[2025-11-02T18:43:05.894+0000] {logging_mixin.py:188} INFO - [2025-11-02T18:43:05.893+0000] {dag.py:3036} INFO - Sync 1 DAGs
[2025-11-02T18:43:05.934+0000] {logging_mixin.py:188} INFO - [2025-11-02T18:43:05.933+0000] {dag.py:3823} INFO - Setting next_dagrun for example_trigger_target_dag to None, run_after=None
[2025-11-02T18:43:06.015+0000] {processor.py:183} INFO - Processing /home/airflow/.local/lib/python3.8/site-packages/airflow/example_dags/example_trigger_target_dag.py took 0.249 seconds
[2025-11-02T18:43:37.351+0000] {processor.py:161} INFO - Started process (PID=2103) to work on /home/airflow/.local/lib/python3.8/site-packages/airflow/example_dags/example_trigger_target_dag.py
[2025-11-02T18:43:37.354+0000] {processor.py:830} INFO - Processing file /home/airflow/.local/lib/python3.8/site-packages/airflow/example_dags/example_trigger_target_dag.py for tasks to queue
[2025-11-02T18:43:37.364+0000] {logging_mixin.py:188} INFO - [2025-11-02T18:43:37.362+0000] {dagbag.py:538} INFO - Filling up the DagBag from /home/airflow/.local/lib/python3.8/site-packages/airflow/example_dags/example_trigger_target_dag.py
[2025-11-02T18:43:37.388+0000] {processor.py:840} INFO - DAG(s) 'example_trigger_target_dag' retrieved from /home/airflow/.local/lib/python3.8/site-packages/airflow/example_dags/example_trigger_target_dag.py
[2025-11-02T18:43:37.480+0000] {logging_mixin.py:188} INFO - [2025-11-02T18:43:37.479+0000] {dag.py:3036} INFO - Sync 1 DAGs
[2025-11-02T18:43:37.527+0000] {logging_mixin.py:188} INFO - [2025-11-02T18:43:37.526+0000] {dag.py:3823} INFO - Setting next_dagrun for example_trigger_target_dag to None, run_after=None
[2025-11-02T18:43:37.658+0000] {processor.py:183} INFO - Processing /home/airflow/.local/lib/python3.8/site-packages/airflow/example_dags/example_trigger_target_dag.py took 0.322 seconds
[2025-11-02T18:44:08.760+0000] {processor.py:161} INFO - Started process (PID=2158) to work on /home/airflow/.local/lib/python3.8/site-packages/airflow/example_dags/example_trigger_target_dag.py
[2025-11-02T18:44:08.765+0000] {processor.py:830} INFO - Processing file /home/airflow/.local/lib/python3.8/site-packages/airflow/example_dags/example_trigger_target_dag.py for tasks to queue
[2025-11-02T18:44:08.771+0000] {logging_mixin.py:188} INFO - [2025-11-02T18:44:08.770+0000] {dagbag.py:538} INFO - Filling up the DagBag from /home/airflow/.local/lib/python3.8/site-packages/airflow/example_dags/example_trigger_target_dag.py
[2025-11-02T18:44:08.790+0000] {processor.py:840} INFO - DAG(s) 'example_trigger_target_dag' retrieved from /home/airflow/.local/lib/python3.8/site-packages/airflow/example_dags/example_trigger_target_dag.py
[2025-11-02T18:44:08.857+0000] {logging_mixin.py:188} INFO - [2025-11-02T18:44:08.856+0000] {dag.py:3036} INFO - Sync 1 DAGs
[2025-11-02T18:44:08.899+0000] {logging_mixin.py:188} INFO - [2025-11-02T18:44:08.898+0000] {dag.py:3823} INFO - Setting next_dagrun for example_trigger_target_dag to None, run_after=None
[2025-11-02T18:44:08.976+0000] {processor.py:183} INFO - Processing /home/airflow/.local/lib/python3.8/site-packages/airflow/example_dags/example_trigger_target_dag.py took 0.228 seconds
[2025-11-02T18:44:39.671+0000] {processor.py:161} INFO - Started process (PID=2211) to work on /home/airflow/.local/lib/python3.8/site-packages/airflow/example_dags/example_trigger_target_dag.py
[2025-11-02T18:44:39.680+0000] {processor.py:830} INFO - Processing file /home/airflow/.local/lib/python3.8/site-packages/airflow/example_dags/example_trigger_target_dag.py for tasks to queue
[2025-11-02T18:44:39.702+0000] {logging_mixin.py:188} INFO - [2025-11-02T18:44:39.691+0000] {dagbag.py:538} INFO - Filling up the DagBag from /home/airflow/.local/lib/python3.8/site-packages/airflow/example_dags/example_trigger_target_dag.py
[2025-11-02T18:44:39.756+0000] {processor.py:840} INFO - DAG(s) 'example_trigger_target_dag' retrieved from /home/airflow/.local/lib/python3.8/site-packages/airflow/example_dags/example_trigger_target_dag.py
[2025-11-02T18:44:39.883+0000] {logging_mixin.py:188} INFO - [2025-11-02T18:44:39.880+0000] {dag.py:3036} INFO - Sync 1 DAGs
[2025-11-02T18:44:39.961+0000] {logging_mixin.py:188} INFO - [2025-11-02T18:44:39.960+0000] {dag.py:3823} INFO - Setting next_dagrun for example_trigger_target_dag to None, run_after=None
[2025-11-02T18:44:40.272+0000] {processor.py:183} INFO - Processing /home/airflow/.local/lib/python3.8/site-packages/airflow/example_dags/example_trigger_target_dag.py took 0.492 seconds
[2025-11-02T18:45:10.712+0000] {processor.py:161} INFO - Started process (PID=2265) to work on /home/airflow/.local/lib/python3.8/site-packages/airflow/example_dags/example_trigger_target_dag.py
[2025-11-02T18:45:10.717+0000] {processor.py:830} INFO - Processing file /home/airflow/.local/lib/python3.8/site-packages/airflow/example_dags/example_trigger_target_dag.py for tasks to queue
[2025-11-02T18:45:10.726+0000] {logging_mixin.py:188} INFO - [2025-11-02T18:45:10.725+0000] {dagbag.py:538} INFO - Filling up the DagBag from /home/airflow/.local/lib/python3.8/site-packages/airflow/example_dags/example_trigger_target_dag.py
[2025-11-02T18:45:10.764+0000] {processor.py:840} INFO - DAG(s) 'example_trigger_target_dag' retrieved from /home/airflow/.local/lib/python3.8/site-packages/airflow/example_dags/example_trigger_target_dag.py
[2025-11-02T18:45:10.840+0000] {logging_mixin.py:188} INFO - [2025-11-02T18:45:10.839+0000] {dag.py:3036} INFO - Sync 1 DAGs
[2025-11-02T18:45:10.921+0000] {logging_mixin.py:188} INFO - [2025-11-02T18:45:10.920+0000] {dag.py:3823} INFO - Setting next_dagrun for example_trigger_target_dag to None, run_after=None
[2025-11-02T18:45:10.973+0000] {processor.py:183} INFO - Processing /home/airflow/.local/lib/python3.8/site-packages/airflow/example_dags/example_trigger_target_dag.py took 0.279 seconds
[2025-11-02T18:45:41.199+0000] {processor.py:161} INFO - Started process (PID=2320) to work on /home/airflow/.local/lib/python3.8/site-packages/airflow/example_dags/example_trigger_target_dag.py
[2025-11-02T18:45:41.201+0000] {processor.py:830} INFO - Processing file /home/airflow/.local/lib/python3.8/site-packages/airflow/example_dags/example_trigger_target_dag.py for tasks to queue
[2025-11-02T18:45:41.206+0000] {logging_mixin.py:188} INFO - [2025-11-02T18:45:41.205+0000] {dagbag.py:538} INFO - Filling up the DagBag from /home/airflow/.local/lib/python3.8/site-packages/airflow/example_dags/example_trigger_target_dag.py
[2025-11-02T18:45:41.221+0000] {processor.py:840} INFO - DAG(s) 'example_trigger_target_dag' retrieved from /home/airflow/.local/lib/python3.8/site-packages/airflow/example_dags/example_trigger_target_dag.py
[2025-11-02T18:45:41.267+0000] {logging_mixin.py:188} INFO - [2025-11-02T18:45:41.266+0000] {dag.py:3036} INFO - Sync 1 DAGs
[2025-11-02T18:45:41.292+0000] {logging_mixin.py:188} INFO - [2025-11-02T18:45:41.292+0000] {dag.py:3823} INFO - Setting next_dagrun for example_trigger_target_dag to None, run_after=None
[2025-11-02T18:45:41.334+0000] {processor.py:183} INFO - Processing /home/airflow/.local/lib/python3.8/site-packages/airflow/example_dags/example_trigger_target_dag.py took 0.144 seconds
[2025-11-02T18:46:11.668+0000] {processor.py:161} INFO - Started process (PID=2375) to work on /home/airflow/.local/lib/python3.8/site-packages/airflow/example_dags/example_trigger_target_dag.py
[2025-11-02T18:46:11.670+0000] {processor.py:830} INFO - Processing file /home/airflow/.local/lib/python3.8/site-packages/airflow/example_dags/example_trigger_target_dag.py for tasks to queue
[2025-11-02T18:46:11.675+0000] {logging_mixin.py:188} INFO - [2025-11-02T18:46:11.675+0000] {dagbag.py:538} INFO - Filling up the DagBag from /home/airflow/.local/lib/python3.8/site-packages/airflow/example_dags/example_trigger_target_dag.py
[2025-11-02T18:46:11.692+0000] {processor.py:840} INFO - DAG(s) 'example_trigger_target_dag' retrieved from /home/airflow/.local/lib/python3.8/site-packages/airflow/example_dags/example_trigger_target_dag.py
[2025-11-02T18:46:11.749+0000] {logging_mixin.py:188} INFO - [2025-11-02T18:46:11.749+0000] {dag.py:3036} INFO - Sync 1 DAGs
[2025-11-02T18:46:11.783+0000] {logging_mixin.py:188} INFO - [2025-11-02T18:46:11.782+0000] {dag.py:3823} INFO - Setting next_dagrun for example_trigger_target_dag to None, run_after=None
[2025-11-02T18:46:11.832+0000] {processor.py:183} INFO - Processing /home/airflow/.local/lib/python3.8/site-packages/airflow/example_dags/example_trigger_target_dag.py took 0.176 seconds
[2025-11-02T18:46:41.933+0000] {processor.py:161} INFO - Started process (PID=2430) to work on /home/airflow/.local/lib/python3.8/site-packages/airflow/example_dags/example_trigger_target_dag.py
[2025-11-02T18:46:41.937+0000] {processor.py:830} INFO - Processing file /home/airflow/.local/lib/python3.8/site-packages/airflow/example_dags/example_trigger_target_dag.py for tasks to queue
[2025-11-02T18:46:41.942+0000] {logging_mixin.py:188} INFO - [2025-11-02T18:46:41.941+0000] {dagbag.py:538} INFO - Filling up the DagBag from /home/airflow/.local/lib/python3.8/site-packages/airflow/example_dags/example_trigger_target_dag.py
[2025-11-02T18:46:41.960+0000] {processor.py:840} INFO - DAG(s) 'example_trigger_target_dag' retrieved from /home/airflow/.local/lib/python3.8/site-packages/airflow/example_dags/example_trigger_target_dag.py
[2025-11-02T18:46:42.006+0000] {logging_mixin.py:188} INFO - [2025-11-02T18:46:42.006+0000] {dag.py:3036} INFO - Sync 1 DAGs
[2025-11-02T18:46:42.031+0000] {logging_mixin.py:188} INFO - [2025-11-02T18:46:42.031+0000] {dag.py:3823} INFO - Setting next_dagrun for example_trigger_target_dag to None, run_after=None
[2025-11-02T18:46:42.075+0000] {processor.py:183} INFO - Processing /home/airflow/.local/lib/python3.8/site-packages/airflow/example_dags/example_trigger_target_dag.py took 0.149 seconds
[2025-11-02T18:47:12.697+0000] {processor.py:161} INFO - Started process (PID=2486) to work on /home/airflow/.local/lib/python3.8/site-packages/airflow/example_dags/example_trigger_target_dag.py
[2025-11-02T18:47:12.700+0000] {processor.py:830} INFO - Processing file /home/airflow/.local/lib/python3.8/site-packages/airflow/example_dags/example_trigger_target_dag.py for tasks to queue
[2025-11-02T18:47:12.705+0000] {logging_mixin.py:188} INFO - [2025-11-02T18:47:12.704+0000] {dagbag.py:538} INFO - Filling up the DagBag from /home/airflow/.local/lib/python3.8/site-packages/airflow/example_dags/example_trigger_target_dag.py
[2025-11-02T18:47:12.721+0000] {processor.py:840} INFO - DAG(s) 'example_trigger_target_dag' retrieved from /home/airflow/.local/lib/python3.8/site-packages/airflow/example_dags/example_trigger_target_dag.py
[2025-11-02T18:47:12.769+0000] {logging_mixin.py:188} INFO - [2025-11-02T18:47:12.768+0000] {dag.py:3036} INFO - Sync 1 DAGs
[2025-11-02T18:47:12.805+0000] {logging_mixin.py:188} INFO - [2025-11-02T18:47:12.805+0000] {dag.py:3823} INFO - Setting next_dagrun for example_trigger_target_dag to None, run_after=None
[2025-11-02T18:47:12.854+0000] {processor.py:183} INFO - Processing /home/airflow/.local/lib/python3.8/site-packages/airflow/example_dags/example_trigger_target_dag.py took 0.170 seconds
[2025-11-02T18:47:43.492+0000] {processor.py:161} INFO - Started process (PID=2541) to work on /home/airflow/.local/lib/python3.8/site-packages/airflow/example_dags/example_trigger_target_dag.py
[2025-11-02T18:47:43.497+0000] {processor.py:830} INFO - Processing file /home/airflow/.local/lib/python3.8/site-packages/airflow/example_dags/example_trigger_target_dag.py for tasks to queue
[2025-11-02T18:47:43.507+0000] {logging_mixin.py:188} INFO - [2025-11-02T18:47:43.506+0000] {dagbag.py:538} INFO - Filling up the DagBag from /home/airflow/.local/lib/python3.8/site-packages/airflow/example_dags/example_trigger_target_dag.py
[2025-11-02T18:47:43.534+0000] {processor.py:840} INFO - DAG(s) 'example_trigger_target_dag' retrieved from /home/airflow/.local/lib/python3.8/site-packages/airflow/example_dags/example_trigger_target_dag.py
[2025-11-02T18:47:43.601+0000] {logging_mixin.py:188} INFO - [2025-11-02T18:47:43.600+0000] {dag.py:3036} INFO - Sync 1 DAGs
[2025-11-02T18:47:43.631+0000] {logging_mixin.py:188} INFO - [2025-11-02T18:47:43.631+0000] {dag.py:3823} INFO - Setting next_dagrun for example_trigger_target_dag to None, run_after=None
[2025-11-02T18:47:43.730+0000] {processor.py:183} INFO - Processing /home/airflow/.local/lib/python3.8/site-packages/airflow/example_dags/example_trigger_target_dag.py took 0.253 seconds
[2025-11-02T18:48:14.070+0000] {processor.py:161} INFO - Started process (PID=2595) to work on /home/airflow/.local/lib/python3.8/site-packages/airflow/example_dags/example_trigger_target_dag.py
[2025-11-02T18:48:14.072+0000] {processor.py:830} INFO - Processing file /home/airflow/.local/lib/python3.8/site-packages/airflow/example_dags/example_trigger_target_dag.py for tasks to queue
[2025-11-02T18:48:14.078+0000] {logging_mixin.py:188} INFO - [2025-11-02T18:48:14.078+0000] {dagbag.py:538} INFO - Filling up the DagBag from /home/airflow/.local/lib/python3.8/site-packages/airflow/example_dags/example_trigger_target_dag.py
[2025-11-02T18:48:14.097+0000] {processor.py:840} INFO - DAG(s) 'example_trigger_target_dag' retrieved from /home/airflow/.local/lib/python3.8/site-packages/airflow/example_dags/example_trigger_target_dag.py
[2025-11-02T18:48:14.148+0000] {logging_mixin.py:188} INFO - [2025-11-02T18:48:14.148+0000] {dag.py:3036} INFO - Sync 1 DAGs
[2025-11-02T18:48:14.178+0000] {logging_mixin.py:188} INFO - [2025-11-02T18:48:14.178+0000] {dag.py:3823} INFO - Setting next_dagrun for example_trigger_target_dag to None, run_after=None
[2025-11-02T18:48:14.223+0000] {processor.py:183} INFO - Processing /home/airflow/.local/lib/python3.8/site-packages/airflow/example_dags/example_trigger_target_dag.py took 0.167 seconds
[2025-11-02T18:48:45.137+0000] {processor.py:161} INFO - Started process (PID=2650) to work on /home/airflow/.local/lib/python3.8/site-packages/airflow/example_dags/example_trigger_target_dag.py
[2025-11-02T18:48:45.140+0000] {processor.py:830} INFO - Processing file /home/airflow/.local/lib/python3.8/site-packages/airflow/example_dags/example_trigger_target_dag.py for tasks to queue
[2025-11-02T18:48:45.146+0000] {logging_mixin.py:188} INFO - [2025-11-02T18:48:45.145+0000] {dagbag.py:538} INFO - Filling up the DagBag from /home/airflow/.local/lib/python3.8/site-packages/airflow/example_dags/example_trigger_target_dag.py
[2025-11-02T18:48:45.165+0000] {processor.py:840} INFO - DAG(s) 'example_trigger_target_dag' retrieved from /home/airflow/.local/lib/python3.8/site-packages/airflow/example_dags/example_trigger_target_dag.py
[2025-11-02T18:48:45.215+0000] {logging_mixin.py:188} INFO - [2025-11-02T18:48:45.214+0000] {dag.py:3036} INFO - Sync 1 DAGs
[2025-11-02T18:48:45.239+0000] {logging_mixin.py:188} INFO - [2025-11-02T18:48:45.238+0000] {dag.py:3823} INFO - Setting next_dagrun for example_trigger_target_dag to None, run_after=None
[2025-11-02T18:48:45.279+0000] {processor.py:183} INFO - Processing /home/airflow/.local/lib/python3.8/site-packages/airflow/example_dags/example_trigger_target_dag.py took 0.155 seconds
[2025-11-02T18:49:16.601+0000] {processor.py:161} INFO - Started process (PID=2706) to work on /home/airflow/.local/lib/python3.8/site-packages/airflow/example_dags/example_trigger_target_dag.py
[2025-11-02T18:49:16.604+0000] {processor.py:830} INFO - Processing file /home/airflow/.local/lib/python3.8/site-packages/airflow/example_dags/example_trigger_target_dag.py for tasks to queue
[2025-11-02T18:49:16.615+0000] {logging_mixin.py:188} INFO - [2025-11-02T18:49:16.614+0000] {dagbag.py:538} INFO - Filling up the DagBag from /home/airflow/.local/lib/python3.8/site-packages/airflow/example_dags/example_trigger_target_dag.py
[2025-11-02T18:49:16.639+0000] {processor.py:840} INFO - DAG(s) 'example_trigger_target_dag' retrieved from /home/airflow/.local/lib/python3.8/site-packages/airflow/example_dags/example_trigger_target_dag.py
[2025-11-02T18:49:16.706+0000] {logging_mixin.py:188} INFO - [2025-11-02T18:49:16.705+0000] {dag.py:3036} INFO - Sync 1 DAGs
[2025-11-02T18:49:16.744+0000] {logging_mixin.py:188} INFO - [2025-11-02T18:49:16.744+0000] {dag.py:3823} INFO - Setting next_dagrun for example_trigger_target_dag to None, run_after=None
[2025-11-02T18:49:17.263+0000] {processor.py:183} INFO - Processing /home/airflow/.local/lib/python3.8/site-packages/airflow/example_dags/example_trigger_target_dag.py took 0.676 seconds
[2025-11-02T18:49:47.832+0000] {processor.py:161} INFO - Started process (PID=2761) to work on /home/airflow/.local/lib/python3.8/site-packages/airflow/example_dags/example_trigger_target_dag.py
[2025-11-02T18:49:47.836+0000] {processor.py:830} INFO - Processing file /home/airflow/.local/lib/python3.8/site-packages/airflow/example_dags/example_trigger_target_dag.py for tasks to queue
[2025-11-02T18:49:47.842+0000] {logging_mixin.py:188} INFO - [2025-11-02T18:49:47.841+0000] {dagbag.py:538} INFO - Filling up the DagBag from /home/airflow/.local/lib/python3.8/site-packages/airflow/example_dags/example_trigger_target_dag.py
[2025-11-02T18:49:47.858+0000] {processor.py:840} INFO - DAG(s) 'example_trigger_target_dag' retrieved from /home/airflow/.local/lib/python3.8/site-packages/airflow/example_dags/example_trigger_target_dag.py
[2025-11-02T18:49:47.909+0000] {logging_mixin.py:188} INFO - [2025-11-02T18:49:47.909+0000] {dag.py:3036} INFO - Sync 1 DAGs
[2025-11-02T18:49:47.939+0000] {logging_mixin.py:188} INFO - [2025-11-02T18:49:47.938+0000] {dag.py:3823} INFO - Setting next_dagrun for example_trigger_target_dag to None, run_after=None
[2025-11-02T18:49:47.988+0000] {processor.py:183} INFO - Processing /home/airflow/.local/lib/python3.8/site-packages/airflow/example_dags/example_trigger_target_dag.py took 0.168 seconds
[2025-11-02T18:50:18.785+0000] {processor.py:161} INFO - Started process (PID=2816) to work on /home/airflow/.local/lib/python3.8/site-packages/airflow/example_dags/example_trigger_target_dag.py
[2025-11-02T18:50:18.789+0000] {processor.py:830} INFO - Processing file /home/airflow/.local/lib/python3.8/site-packages/airflow/example_dags/example_trigger_target_dag.py for tasks to queue
[2025-11-02T18:50:18.795+0000] {logging_mixin.py:188} INFO - [2025-11-02T18:50:18.794+0000] {dagbag.py:538} INFO - Filling up the DagBag from /home/airflow/.local/lib/python3.8/site-packages/airflow/example_dags/example_trigger_target_dag.py
[2025-11-02T18:50:18.812+0000] {processor.py:840} INFO - DAG(s) 'example_trigger_target_dag' retrieved from /home/airflow/.local/lib/python3.8/site-packages/airflow/example_dags/example_trigger_target_dag.py
[2025-11-02T18:50:18.862+0000] {logging_mixin.py:188} INFO - [2025-11-02T18:50:18.862+0000] {dag.py:3036} INFO - Sync 1 DAGs
[2025-11-02T18:50:18.891+0000] {logging_mixin.py:188} INFO - [2025-11-02T18:50:18.891+0000] {dag.py:3823} INFO - Setting next_dagrun for example_trigger_target_dag to None, run_after=None
[2025-11-02T18:50:18.934+0000] {processor.py:183} INFO - Processing /home/airflow/.local/lib/python3.8/site-packages/airflow/example_dags/example_trigger_target_dag.py took 0.158 seconds
[2025-11-02T18:50:50.185+0000] {processor.py:161} INFO - Started process (PID=2872) to work on /home/airflow/.local/lib/python3.8/site-packages/airflow/example_dags/example_trigger_target_dag.py
[2025-11-02T18:50:50.193+0000] {processor.py:830} INFO - Processing file /home/airflow/.local/lib/python3.8/site-packages/airflow/example_dags/example_trigger_target_dag.py for tasks to queue
[2025-11-02T18:50:50.202+0000] {logging_mixin.py:188} INFO - [2025-11-02T18:50:50.201+0000] {dagbag.py:538} INFO - Filling up the DagBag from /home/airflow/.local/lib/python3.8/site-packages/airflow/example_dags/example_trigger_target_dag.py
[2025-11-02T18:50:50.754+0000] {processor.py:840} INFO - DAG(s) 'example_trigger_target_dag' retrieved from /home/airflow/.local/lib/python3.8/site-packages/airflow/example_dags/example_trigger_target_dag.py
[2025-11-02T18:50:50.807+0000] {logging_mixin.py:188} INFO - [2025-11-02T18:50:50.806+0000] {dag.py:3036} INFO - Sync 1 DAGs
[2025-11-02T18:50:50.840+0000] {logging_mixin.py:188} INFO - [2025-11-02T18:50:50.839+0000] {dag.py:3823} INFO - Setting next_dagrun for example_trigger_target_dag to None, run_after=None
[2025-11-02T18:50:50.884+0000] {processor.py:183} INFO - Processing /home/airflow/.local/lib/python3.8/site-packages/airflow/example_dags/example_trigger_target_dag.py took 0.721 seconds
[2025-11-02T18:51:21.466+0000] {processor.py:161} INFO - Started process (PID=2927) to work on /home/airflow/.local/lib/python3.8/site-packages/airflow/example_dags/example_trigger_target_dag.py
[2025-11-02T18:51:21.470+0000] {processor.py:830} INFO - Processing file /home/airflow/.local/lib/python3.8/site-packages/airflow/example_dags/example_trigger_target_dag.py for tasks to queue
[2025-11-02T18:51:21.478+0000] {logging_mixin.py:188} INFO - [2025-11-02T18:51:21.477+0000] {dagbag.py:538} INFO - Filling up the DagBag from /home/airflow/.local/lib/python3.8/site-packages/airflow/example_dags/example_trigger_target_dag.py
[2025-11-02T18:51:21.501+0000] {processor.py:840} INFO - DAG(s) 'example_trigger_target_dag' retrieved from /home/airflow/.local/lib/python3.8/site-packages/airflow/example_dags/example_trigger_target_dag.py
[2025-11-02T18:51:21.585+0000] {logging_mixin.py:188} INFO - [2025-11-02T18:51:21.584+0000] {dag.py:3036} INFO - Sync 1 DAGs
[2025-11-02T18:51:21.630+0000] {logging_mixin.py:188} INFO - [2025-11-02T18:51:21.629+0000] {dag.py:3823} INFO - Setting next_dagrun for example_trigger_target_dag to None, run_after=None
[2025-11-02T18:51:21.701+0000] {processor.py:183} INFO - Processing /home/airflow/.local/lib/python3.8/site-packages/airflow/example_dags/example_trigger_target_dag.py took 0.252 seconds
[2025-11-02T18:51:51.900+0000] {processor.py:161} INFO - Started process (PID=2982) to work on /home/airflow/.local/lib/python3.8/site-packages/airflow/example_dags/example_trigger_target_dag.py
[2025-11-02T18:51:51.902+0000] {processor.py:830} INFO - Processing file /home/airflow/.local/lib/python3.8/site-packages/airflow/example_dags/example_trigger_target_dag.py for tasks to queue
[2025-11-02T18:51:51.907+0000] {logging_mixin.py:188} INFO - [2025-11-02T18:51:51.907+0000] {dagbag.py:538} INFO - Filling up the DagBag from /home/airflow/.local/lib/python3.8/site-packages/airflow/example_dags/example_trigger_target_dag.py
[2025-11-02T18:51:51.921+0000] {processor.py:840} INFO - DAG(s) 'example_trigger_target_dag' retrieved from /home/airflow/.local/lib/python3.8/site-packages/airflow/example_dags/example_trigger_target_dag.py
[2025-11-02T18:51:51.964+0000] {logging_mixin.py:188} INFO - [2025-11-02T18:51:51.964+0000] {dag.py:3036} INFO - Sync 1 DAGs
[2025-11-02T18:51:51.989+0000] {logging_mixin.py:188} INFO - [2025-11-02T18:51:51.989+0000] {dag.py:3823} INFO - Setting next_dagrun for example_trigger_target_dag to None, run_after=None
[2025-11-02T18:51:52.031+0000] {processor.py:183} INFO - Processing /home/airflow/.local/lib/python3.8/site-packages/airflow/example_dags/example_trigger_target_dag.py took 0.140 seconds
[2025-11-02T18:52:22.781+0000] {processor.py:161} INFO - Started process (PID=3037) to work on /home/airflow/.local/lib/python3.8/site-packages/airflow/example_dags/example_trigger_target_dag.py
[2025-11-02T18:52:22.785+0000] {processor.py:830} INFO - Processing file /home/airflow/.local/lib/python3.8/site-packages/airflow/example_dags/example_trigger_target_dag.py for tasks to queue
[2025-11-02T18:52:22.791+0000] {logging_mixin.py:188} INFO - [2025-11-02T18:52:22.790+0000] {dagbag.py:538} INFO - Filling up the DagBag from /home/airflow/.local/lib/python3.8/site-packages/airflow/example_dags/example_trigger_target_dag.py
[2025-11-02T18:52:22.819+0000] {processor.py:840} INFO - DAG(s) 'example_trigger_target_dag' retrieved from /home/airflow/.local/lib/python3.8/site-packages/airflow/example_dags/example_trigger_target_dag.py
[2025-11-02T18:52:22.927+0000] {logging_mixin.py:188} INFO - [2025-11-02T18:52:22.927+0000] {dag.py:3036} INFO - Sync 1 DAGs
[2025-11-02T18:52:22.969+0000] {logging_mixin.py:188} INFO - [2025-11-02T18:52:22.968+0000] {dag.py:3823} INFO - Setting next_dagrun for example_trigger_target_dag to None, run_after=None
[2025-11-02T18:52:23.025+0000] {processor.py:183} INFO - Processing /home/airflow/.local/lib/python3.8/site-packages/airflow/example_dags/example_trigger_target_dag.py took 0.256 seconds
[2025-11-02T18:52:53.345+0000] {processor.py:161} INFO - Started process (PID=3092) to work on /home/airflow/.local/lib/python3.8/site-packages/airflow/example_dags/example_trigger_target_dag.py
[2025-11-02T18:52:53.348+0000] {processor.py:830} INFO - Processing file /home/airflow/.local/lib/python3.8/site-packages/airflow/example_dags/example_trigger_target_dag.py for tasks to queue
[2025-11-02T18:52:53.354+0000] {logging_mixin.py:188} INFO - [2025-11-02T18:52:53.353+0000] {dagbag.py:538} INFO - Filling up the DagBag from /home/airflow/.local/lib/python3.8/site-packages/airflow/example_dags/example_trigger_target_dag.py
[2025-11-02T18:52:53.370+0000] {processor.py:840} INFO - DAG(s) 'example_trigger_target_dag' retrieved from /home/airflow/.local/lib/python3.8/site-packages/airflow/example_dags/example_trigger_target_dag.py
[2025-11-02T18:52:53.426+0000] {logging_mixin.py:188} INFO - [2025-11-02T18:52:53.426+0000] {dag.py:3036} INFO - Sync 1 DAGs
[2025-11-02T18:52:53.456+0000] {logging_mixin.py:188} INFO - [2025-11-02T18:52:53.455+0000] {dag.py:3823} INFO - Setting next_dagrun for example_trigger_target_dag to None, run_after=None
[2025-11-02T18:52:53.508+0000] {processor.py:183} INFO - Processing /home/airflow/.local/lib/python3.8/site-packages/airflow/example_dags/example_trigger_target_dag.py took 0.173 seconds
[2025-11-02T18:53:24.036+0000] {processor.py:161} INFO - Started process (PID=3147) to work on /home/airflow/.local/lib/python3.8/site-packages/airflow/example_dags/example_trigger_target_dag.py
[2025-11-02T18:53:24.039+0000] {processor.py:830} INFO - Processing file /home/airflow/.local/lib/python3.8/site-packages/airflow/example_dags/example_trigger_target_dag.py for tasks to queue
[2025-11-02T18:53:24.045+0000] {logging_mixin.py:188} INFO - [2025-11-02T18:53:24.044+0000] {dagbag.py:538} INFO - Filling up the DagBag from /home/airflow/.local/lib/python3.8/site-packages/airflow/example_dags/example_trigger_target_dag.py
[2025-11-02T18:53:24.062+0000] {processor.py:840} INFO - DAG(s) 'example_trigger_target_dag' retrieved from /home/airflow/.local/lib/python3.8/site-packages/airflow/example_dags/example_trigger_target_dag.py
[2025-11-02T18:53:24.126+0000] {logging_mixin.py:188} INFO - [2025-11-02T18:53:24.125+0000] {dag.py:3036} INFO - Sync 1 DAGs
[2025-11-02T18:53:24.157+0000] {logging_mixin.py:188} INFO - [2025-11-02T18:53:24.157+0000] {dag.py:3823} INFO - Setting next_dagrun for example_trigger_target_dag to None, run_after=None
[2025-11-02T18:53:24.206+0000] {processor.py:183} INFO - Processing /home/airflow/.local/lib/python3.8/site-packages/airflow/example_dags/example_trigger_target_dag.py took 0.181 seconds
[2025-11-02T18:53:55.337+0000] {processor.py:161} INFO - Started process (PID=3202) to work on /home/airflow/.local/lib/python3.8/site-packages/airflow/example_dags/example_trigger_target_dag.py
[2025-11-02T18:53:55.344+0000] {processor.py:830} INFO - Processing file /home/airflow/.local/lib/python3.8/site-packages/airflow/example_dags/example_trigger_target_dag.py for tasks to queue
[2025-11-02T18:53:55.350+0000] {logging_mixin.py:188} INFO - [2025-11-02T18:53:55.349+0000] {dagbag.py:538} INFO - Filling up the DagBag from /home/airflow/.local/lib/python3.8/site-packages/airflow/example_dags/example_trigger_target_dag.py
[2025-11-02T18:53:55.370+0000] {processor.py:840} INFO - DAG(s) 'example_trigger_target_dag' retrieved from /home/airflow/.local/lib/python3.8/site-packages/airflow/example_dags/example_trigger_target_dag.py
[2025-11-02T18:53:55.426+0000] {logging_mixin.py:188} INFO - [2025-11-02T18:53:55.425+0000] {dag.py:3036} INFO - Sync 1 DAGs
[2025-11-02T18:53:55.461+0000] {logging_mixin.py:188} INFO - [2025-11-02T18:53:55.460+0000] {dag.py:3823} INFO - Setting next_dagrun for example_trigger_target_dag to None, run_after=None
[2025-11-02T18:53:55.510+0000] {processor.py:183} INFO - Processing /home/airflow/.local/lib/python3.8/site-packages/airflow/example_dags/example_trigger_target_dag.py took 0.187 seconds
[2025-11-02T18:54:25.779+0000] {processor.py:161} INFO - Started process (PID=3257) to work on /home/airflow/.local/lib/python3.8/site-packages/airflow/example_dags/example_trigger_target_dag.py
[2025-11-02T18:54:25.783+0000] {processor.py:830} INFO - Processing file /home/airflow/.local/lib/python3.8/site-packages/airflow/example_dags/example_trigger_target_dag.py for tasks to queue
[2025-11-02T18:54:25.790+0000] {logging_mixin.py:188} INFO - [2025-11-02T18:54:25.789+0000] {dagbag.py:538} INFO - Filling up the DagBag from /home/airflow/.local/lib/python3.8/site-packages/airflow/example_dags/example_trigger_target_dag.py
[2025-11-02T18:54:25.810+0000] {processor.py:840} INFO - DAG(s) 'example_trigger_target_dag' retrieved from /home/airflow/.local/lib/python3.8/site-packages/airflow/example_dags/example_trigger_target_dag.py
[2025-11-02T18:54:25.866+0000] {logging_mixin.py:188} INFO - [2025-11-02T18:54:25.865+0000] {dag.py:3036} INFO - Sync 1 DAGs
[2025-11-02T18:54:25.899+0000] {logging_mixin.py:188} INFO - [2025-11-02T18:54:25.898+0000] {dag.py:3823} INFO - Setting next_dagrun for example_trigger_target_dag to None, run_after=None
[2025-11-02T18:54:25.956+0000] {processor.py:183} INFO - Processing /home/airflow/.local/lib/python3.8/site-packages/airflow/example_dags/example_trigger_target_dag.py took 0.185 seconds
[2025-11-02T18:54:56.662+0000] {processor.py:161} INFO - Started process (PID=3312) to work on /home/airflow/.local/lib/python3.8/site-packages/airflow/example_dags/example_trigger_target_dag.py
[2025-11-02T18:54:56.665+0000] {processor.py:830} INFO - Processing file /home/airflow/.local/lib/python3.8/site-packages/airflow/example_dags/example_trigger_target_dag.py for tasks to queue
[2025-11-02T18:54:56.672+0000] {logging_mixin.py:188} INFO - [2025-11-02T18:54:56.671+0000] {dagbag.py:538} INFO - Filling up the DagBag from /home/airflow/.local/lib/python3.8/site-packages/airflow/example_dags/example_trigger_target_dag.py
[2025-11-02T18:54:56.691+0000] {processor.py:840} INFO - DAG(s) 'example_trigger_target_dag' retrieved from /home/airflow/.local/lib/python3.8/site-packages/airflow/example_dags/example_trigger_target_dag.py
[2025-11-02T18:54:56.749+0000] {logging_mixin.py:188} INFO - [2025-11-02T18:54:56.748+0000] {dag.py:3036} INFO - Sync 1 DAGs
[2025-11-02T18:54:56.780+0000] {logging_mixin.py:188} INFO - [2025-11-02T18:54:56.780+0000] {dag.py:3823} INFO - Setting next_dagrun for example_trigger_target_dag to None, run_after=None
[2025-11-02T18:54:56.828+0000] {processor.py:183} INFO - Processing /home/airflow/.local/lib/python3.8/site-packages/airflow/example_dags/example_trigger_target_dag.py took 0.178 seconds
[2025-11-02T18:55:27.767+0000] {processor.py:161} INFO - Started process (PID=3367) to work on /home/airflow/.local/lib/python3.8/site-packages/airflow/example_dags/example_trigger_target_dag.py
[2025-11-02T18:55:27.770+0000] {processor.py:830} INFO - Processing file /home/airflow/.local/lib/python3.8/site-packages/airflow/example_dags/example_trigger_target_dag.py for tasks to queue
[2025-11-02T18:55:27.776+0000] {logging_mixin.py:188} INFO - [2025-11-02T18:55:27.775+0000] {dagbag.py:538} INFO - Filling up the DagBag from /home/airflow/.local/lib/python3.8/site-packages/airflow/example_dags/example_trigger_target_dag.py
[2025-11-02T18:55:27.794+0000] {processor.py:840} INFO - DAG(s) 'example_trigger_target_dag' retrieved from /home/airflow/.local/lib/python3.8/site-packages/airflow/example_dags/example_trigger_target_dag.py
[2025-11-02T18:55:27.896+0000] {logging_mixin.py:188} INFO - [2025-11-02T18:55:27.877+0000] {dag.py:3036} INFO - Sync 1 DAGs
[2025-11-02T18:55:27.972+0000] {logging_mixin.py:188} INFO - [2025-11-02T18:55:27.971+0000] {dag.py:3823} INFO - Setting next_dagrun for example_trigger_target_dag to None, run_after=None
[2025-11-02T18:55:28.042+0000] {processor.py:183} INFO - Processing /home/airflow/.local/lib/python3.8/site-packages/airflow/example_dags/example_trigger_target_dag.py took 0.287 seconds
[2025-11-02T18:55:58.499+0000] {processor.py:161} INFO - Started process (PID=3423) to work on /home/airflow/.local/lib/python3.8/site-packages/airflow/example_dags/example_trigger_target_dag.py
[2025-11-02T18:55:58.503+0000] {processor.py:830} INFO - Processing file /home/airflow/.local/lib/python3.8/site-packages/airflow/example_dags/example_trigger_target_dag.py for tasks to queue
[2025-11-02T18:55:58.512+0000] {logging_mixin.py:188} INFO - [2025-11-02T18:55:58.511+0000] {dagbag.py:538} INFO - Filling up the DagBag from /home/airflow/.local/lib/python3.8/site-packages/airflow/example_dags/example_trigger_target_dag.py
[2025-11-02T18:55:58.530+0000] {processor.py:840} INFO - DAG(s) 'example_trigger_target_dag' retrieved from /home/airflow/.local/lib/python3.8/site-packages/airflow/example_dags/example_trigger_target_dag.py
[2025-11-02T18:55:58.614+0000] {logging_mixin.py:188} INFO - [2025-11-02T18:55:58.614+0000] {dag.py:3036} INFO - Sync 1 DAGs
[2025-11-02T18:55:58.653+0000] {logging_mixin.py:188} INFO - [2025-11-02T18:55:58.652+0000] {dag.py:3823} INFO - Setting next_dagrun for example_trigger_target_dag to None, run_after=None
[2025-11-02T18:55:58.722+0000] {processor.py:183} INFO - Processing /home/airflow/.local/lib/python3.8/site-packages/airflow/example_dags/example_trigger_target_dag.py took 0.236 seconds
[2025-11-02T18:56:29.195+0000] {processor.py:161} INFO - Started process (PID=3478) to work on /home/airflow/.local/lib/python3.8/site-packages/airflow/example_dags/example_trigger_target_dag.py
[2025-11-02T18:56:29.198+0000] {processor.py:830} INFO - Processing file /home/airflow/.local/lib/python3.8/site-packages/airflow/example_dags/example_trigger_target_dag.py for tasks to queue
[2025-11-02T18:56:29.205+0000] {logging_mixin.py:188} INFO - [2025-11-02T18:56:29.204+0000] {dagbag.py:538} INFO - Filling up the DagBag from /home/airflow/.local/lib/python3.8/site-packages/airflow/example_dags/example_trigger_target_dag.py
[2025-11-02T18:56:29.223+0000] {processor.py:840} INFO - DAG(s) 'example_trigger_target_dag' retrieved from /home/airflow/.local/lib/python3.8/site-packages/airflow/example_dags/example_trigger_target_dag.py
[2025-11-02T18:56:29.331+0000] {logging_mixin.py:188} INFO - [2025-11-02T18:56:29.330+0000] {dag.py:3036} INFO - Sync 1 DAGs
[2025-11-02T18:56:29.359+0000] {logging_mixin.py:188} INFO - [2025-11-02T18:56:29.358+0000] {dag.py:3823} INFO - Setting next_dagrun for example_trigger_target_dag to None, run_after=None
[2025-11-02T18:56:29.405+0000] {processor.py:183} INFO - Processing /home/airflow/.local/lib/python3.8/site-packages/airflow/example_dags/example_trigger_target_dag.py took 0.220 seconds
[2025-11-02T18:56:59.815+0000] {processor.py:161} INFO - Started process (PID=3533) to work on /home/airflow/.local/lib/python3.8/site-packages/airflow/example_dags/example_trigger_target_dag.py
[2025-11-02T18:56:59.818+0000] {processor.py:830} INFO - Processing file /home/airflow/.local/lib/python3.8/site-packages/airflow/example_dags/example_trigger_target_dag.py for tasks to queue
[2025-11-02T18:56:59.824+0000] {logging_mixin.py:188} INFO - [2025-11-02T18:56:59.823+0000] {dagbag.py:538} INFO - Filling up the DagBag from /home/airflow/.local/lib/python3.8/site-packages/airflow/example_dags/example_trigger_target_dag.py
[2025-11-02T18:56:59.842+0000] {processor.py:840} INFO - DAG(s) 'example_trigger_target_dag' retrieved from /home/airflow/.local/lib/python3.8/site-packages/airflow/example_dags/example_trigger_target_dag.py
[2025-11-02T18:56:59.900+0000] {logging_mixin.py:188} INFO - [2025-11-02T18:56:59.899+0000] {dag.py:3036} INFO - Sync 1 DAGs
[2025-11-02T18:56:59.941+0000] {logging_mixin.py:188} INFO - [2025-11-02T18:56:59.940+0000] {dag.py:3823} INFO - Setting next_dagrun for example_trigger_target_dag to None, run_after=None
[2025-11-02T18:56:59.992+0000] {processor.py:183} INFO - Processing /home/airflow/.local/lib/python3.8/site-packages/airflow/example_dags/example_trigger_target_dag.py took 0.187 seconds
[2025-11-02T18:57:30.592+0000] {processor.py:161} INFO - Started process (PID=3588) to work on /home/airflow/.local/lib/python3.8/site-packages/airflow/example_dags/example_trigger_target_dag.py
[2025-11-02T18:57:30.594+0000] {processor.py:830} INFO - Processing file /home/airflow/.local/lib/python3.8/site-packages/airflow/example_dags/example_trigger_target_dag.py for tasks to queue
[2025-11-02T18:57:30.601+0000] {logging_mixin.py:188} INFO - [2025-11-02T18:57:30.600+0000] {dagbag.py:538} INFO - Filling up the DagBag from /home/airflow/.local/lib/python3.8/site-packages/airflow/example_dags/example_trigger_target_dag.py
[2025-11-02T18:57:30.632+0000] {processor.py:840} INFO - DAG(s) 'example_trigger_target_dag' retrieved from /home/airflow/.local/lib/python3.8/site-packages/airflow/example_dags/example_trigger_target_dag.py
[2025-11-02T18:57:30.692+0000] {logging_mixin.py:188} INFO - [2025-11-02T18:57:30.692+0000] {dag.py:3036} INFO - Sync 1 DAGs
[2025-11-02T18:57:30.725+0000] {logging_mixin.py:188} INFO - [2025-11-02T18:57:30.724+0000] {dag.py:3823} INFO - Setting next_dagrun for example_trigger_target_dag to None, run_after=None
[2025-11-02T18:57:30.774+0000] {processor.py:183} INFO - Processing /home/airflow/.local/lib/python3.8/site-packages/airflow/example_dags/example_trigger_target_dag.py took 0.192 seconds
[2025-11-02T18:58:01.137+0000] {processor.py:161} INFO - Started process (PID=3643) to work on /home/airflow/.local/lib/python3.8/site-packages/airflow/example_dags/example_trigger_target_dag.py
[2025-11-02T18:58:01.140+0000] {processor.py:830} INFO - Processing file /home/airflow/.local/lib/python3.8/site-packages/airflow/example_dags/example_trigger_target_dag.py for tasks to queue
[2025-11-02T18:58:01.147+0000] {logging_mixin.py:188} INFO - [2025-11-02T18:58:01.146+0000] {dagbag.py:538} INFO - Filling up the DagBag from /home/airflow/.local/lib/python3.8/site-packages/airflow/example_dags/example_trigger_target_dag.py
[2025-11-02T18:58:01.168+0000] {processor.py:840} INFO - DAG(s) 'example_trigger_target_dag' retrieved from /home/airflow/.local/lib/python3.8/site-packages/airflow/example_dags/example_trigger_target_dag.py
[2025-11-02T18:58:01.246+0000] {logging_mixin.py:188} INFO - [2025-11-02T18:58:01.245+0000] {dag.py:3036} INFO - Sync 1 DAGs
[2025-11-02T18:58:01.290+0000] {logging_mixin.py:188} INFO - [2025-11-02T18:58:01.289+0000] {dag.py:3823} INFO - Setting next_dagrun for example_trigger_target_dag to None, run_after=None
[2025-11-02T18:58:01.362+0000] {processor.py:183} INFO - Processing /home/airflow/.local/lib/python3.8/site-packages/airflow/example_dags/example_trigger_target_dag.py took 0.239 seconds
[2025-11-02T18:58:31.728+0000] {processor.py:161} INFO - Started process (PID=3698) to work on /home/airflow/.local/lib/python3.8/site-packages/airflow/example_dags/example_trigger_target_dag.py
[2025-11-02T18:58:31.731+0000] {processor.py:830} INFO - Processing file /home/airflow/.local/lib/python3.8/site-packages/airflow/example_dags/example_trigger_target_dag.py for tasks to queue
[2025-11-02T18:58:31.738+0000] {logging_mixin.py:188} INFO - [2025-11-02T18:58:31.737+0000] {dagbag.py:538} INFO - Filling up the DagBag from /home/airflow/.local/lib/python3.8/site-packages/airflow/example_dags/example_trigger_target_dag.py
[2025-11-02T18:58:31.754+0000] {processor.py:840} INFO - DAG(s) 'example_trigger_target_dag' retrieved from /home/airflow/.local/lib/python3.8/site-packages/airflow/example_dags/example_trigger_target_dag.py
[2025-11-02T18:58:31.820+0000] {logging_mixin.py:188} INFO - [2025-11-02T18:58:31.819+0000] {dag.py:3036} INFO - Sync 1 DAGs
[2025-11-02T18:58:31.856+0000] {logging_mixin.py:188} INFO - [2025-11-02T18:58:31.856+0000] {dag.py:3823} INFO - Setting next_dagrun for example_trigger_target_dag to None, run_after=None
[2025-11-02T18:58:31.899+0000] {processor.py:183} INFO - Processing /home/airflow/.local/lib/python3.8/site-packages/airflow/example_dags/example_trigger_target_dag.py took 0.183 seconds
[2025-11-02T18:59:02.769+0000] {processor.py:161} INFO - Started process (PID=3753) to work on /home/airflow/.local/lib/python3.8/site-packages/airflow/example_dags/example_trigger_target_dag.py
[2025-11-02T18:59:02.771+0000] {processor.py:830} INFO - Processing file /home/airflow/.local/lib/python3.8/site-packages/airflow/example_dags/example_trigger_target_dag.py for tasks to queue
[2025-11-02T18:59:02.776+0000] {logging_mixin.py:188} INFO - [2025-11-02T18:59:02.775+0000] {dagbag.py:538} INFO - Filling up the DagBag from /home/airflow/.local/lib/python3.8/site-packages/airflow/example_dags/example_trigger_target_dag.py
[2025-11-02T18:59:02.791+0000] {processor.py:840} INFO - DAG(s) 'example_trigger_target_dag' retrieved from /home/airflow/.local/lib/python3.8/site-packages/airflow/example_dags/example_trigger_target_dag.py
[2025-11-02T18:59:02.852+0000] {logging_mixin.py:188} INFO - [2025-11-02T18:59:02.851+0000] {dag.py:3036} INFO - Sync 1 DAGs
[2025-11-02T18:59:02.884+0000] {logging_mixin.py:188} INFO - [2025-11-02T18:59:02.883+0000] {dag.py:3823} INFO - Setting next_dagrun for example_trigger_target_dag to None, run_after=None
[2025-11-02T18:59:02.939+0000] {processor.py:183} INFO - Processing /home/airflow/.local/lib/python3.8/site-packages/airflow/example_dags/example_trigger_target_dag.py took 0.179 seconds
[2025-11-02T18:59:33.188+0000] {processor.py:161} INFO - Started process (PID=3807) to work on /home/airflow/.local/lib/python3.8/site-packages/airflow/example_dags/example_trigger_target_dag.py
[2025-11-02T18:59:33.191+0000] {processor.py:830} INFO - Processing file /home/airflow/.local/lib/python3.8/site-packages/airflow/example_dags/example_trigger_target_dag.py for tasks to queue
[2025-11-02T18:59:33.196+0000] {logging_mixin.py:188} INFO - [2025-11-02T18:59:33.195+0000] {dagbag.py:538} INFO - Filling up the DagBag from /home/airflow/.local/lib/python3.8/site-packages/airflow/example_dags/example_trigger_target_dag.py
[2025-11-02T18:59:33.214+0000] {processor.py:840} INFO - DAG(s) 'example_trigger_target_dag' retrieved from /home/airflow/.local/lib/python3.8/site-packages/airflow/example_dags/example_trigger_target_dag.py
[2025-11-02T18:59:33.279+0000] {logging_mixin.py:188} INFO - [2025-11-02T18:59:33.278+0000] {dag.py:3036} INFO - Sync 1 DAGs
[2025-11-02T18:59:33.312+0000] {logging_mixin.py:188} INFO - [2025-11-02T18:59:33.312+0000] {dag.py:3823} INFO - Setting next_dagrun for example_trigger_target_dag to None, run_after=None
[2025-11-02T18:59:33.360+0000] {processor.py:183} INFO - Processing /home/airflow/.local/lib/python3.8/site-packages/airflow/example_dags/example_trigger_target_dag.py took 0.181 seconds
[2025-11-02T19:00:03.828+0000] {processor.py:161} INFO - Started process (PID=3862) to work on /home/airflow/.local/lib/python3.8/site-packages/airflow/example_dags/example_trigger_target_dag.py
[2025-11-02T19:00:03.831+0000] {processor.py:830} INFO - Processing file /home/airflow/.local/lib/python3.8/site-packages/airflow/example_dags/example_trigger_target_dag.py for tasks to queue
[2025-11-02T19:00:03.835+0000] {logging_mixin.py:188} INFO - [2025-11-02T19:00:03.835+0000] {dagbag.py:538} INFO - Filling up the DagBag from /home/airflow/.local/lib/python3.8/site-packages/airflow/example_dags/example_trigger_target_dag.py
[2025-11-02T19:00:03.854+0000] {processor.py:840} INFO - DAG(s) 'example_trigger_target_dag' retrieved from /home/airflow/.local/lib/python3.8/site-packages/airflow/example_dags/example_trigger_target_dag.py
[2025-11-02T19:00:03.917+0000] {logging_mixin.py:188} INFO - [2025-11-02T19:00:03.917+0000] {dag.py:3036} INFO - Sync 1 DAGs
[2025-11-02T19:00:03.950+0000] {logging_mixin.py:188} INFO - [2025-11-02T19:00:03.949+0000] {dag.py:3823} INFO - Setting next_dagrun for example_trigger_target_dag to None, run_after=None
[2025-11-02T19:00:04.002+0000] {processor.py:183} INFO - Processing /home/airflow/.local/lib/python3.8/site-packages/airflow/example_dags/example_trigger_target_dag.py took 0.183 seconds
[2025-11-02T19:00:35.019+0000] {processor.py:161} INFO - Started process (PID=3917) to work on /home/airflow/.local/lib/python3.8/site-packages/airflow/example_dags/example_trigger_target_dag.py
[2025-11-02T19:00:35.033+0000] {processor.py:830} INFO - Processing file /home/airflow/.local/lib/python3.8/site-packages/airflow/example_dags/example_trigger_target_dag.py for tasks to queue
[2025-11-02T19:00:35.073+0000] {logging_mixin.py:188} INFO - [2025-11-02T19:00:35.071+0000] {dagbag.py:538} INFO - Filling up the DagBag from /home/airflow/.local/lib/python3.8/site-packages/airflow/example_dags/example_trigger_target_dag.py
[2025-11-02T19:00:35.142+0000] {processor.py:840} INFO - DAG(s) 'example_trigger_target_dag' retrieved from /home/airflow/.local/lib/python3.8/site-packages/airflow/example_dags/example_trigger_target_dag.py
[2025-11-02T19:00:35.338+0000] {logging_mixin.py:188} INFO - [2025-11-02T19:00:35.336+0000] {dag.py:3036} INFO - Sync 1 DAGs
[2025-11-02T19:00:35.459+0000] {logging_mixin.py:188} INFO - [2025-11-02T19:00:35.458+0000] {dag.py:3823} INFO - Setting next_dagrun for example_trigger_target_dag to None, run_after=None
[2025-11-02T19:00:35.541+0000] {processor.py:183} INFO - Processing /home/airflow/.local/lib/python3.8/site-packages/airflow/example_dags/example_trigger_target_dag.py took 0.556 seconds
[2025-11-02T19:01:05.679+0000] {processor.py:161} INFO - Started process (PID=3972) to work on /home/airflow/.local/lib/python3.8/site-packages/airflow/example_dags/example_trigger_target_dag.py
[2025-11-02T19:01:05.681+0000] {processor.py:830} INFO - Processing file /home/airflow/.local/lib/python3.8/site-packages/airflow/example_dags/example_trigger_target_dag.py for tasks to queue
[2025-11-02T19:01:05.693+0000] {logging_mixin.py:188} INFO - [2025-11-02T19:01:05.692+0000] {dagbag.py:538} INFO - Filling up the DagBag from /home/airflow/.local/lib/python3.8/site-packages/airflow/example_dags/example_trigger_target_dag.py
[2025-11-02T19:01:05.711+0000] {processor.py:840} INFO - DAG(s) 'example_trigger_target_dag' retrieved from /home/airflow/.local/lib/python3.8/site-packages/airflow/example_dags/example_trigger_target_dag.py
[2025-11-02T19:01:05.752+0000] {logging_mixin.py:188} INFO - [2025-11-02T19:01:05.751+0000] {dag.py:3036} INFO - Sync 1 DAGs
[2025-11-02T19:01:05.780+0000] {logging_mixin.py:188} INFO - [2025-11-02T19:01:05.779+0000] {dag.py:3823} INFO - Setting next_dagrun for example_trigger_target_dag to None, run_after=None
[2025-11-02T19:01:05.825+0000] {processor.py:183} INFO - Processing /home/airflow/.local/lib/python3.8/site-packages/airflow/example_dags/example_trigger_target_dag.py took 0.158 seconds
[2025-11-02T19:01:36.228+0000] {processor.py:161} INFO - Started process (PID=4027) to work on /home/airflow/.local/lib/python3.8/site-packages/airflow/example_dags/example_trigger_target_dag.py
[2025-11-02T19:01:36.231+0000] {processor.py:830} INFO - Processing file /home/airflow/.local/lib/python3.8/site-packages/airflow/example_dags/example_trigger_target_dag.py for tasks to queue
[2025-11-02T19:01:36.237+0000] {logging_mixin.py:188} INFO - [2025-11-02T19:01:36.236+0000] {dagbag.py:538} INFO - Filling up the DagBag from /home/airflow/.local/lib/python3.8/site-packages/airflow/example_dags/example_trigger_target_dag.py
[2025-11-02T19:01:36.257+0000] {processor.py:840} INFO - DAG(s) 'example_trigger_target_dag' retrieved from /home/airflow/.local/lib/python3.8/site-packages/airflow/example_dags/example_trigger_target_dag.py
[2025-11-02T19:01:36.310+0000] {logging_mixin.py:188} INFO - [2025-11-02T19:01:36.310+0000] {dag.py:3036} INFO - Sync 1 DAGs
[2025-11-02T19:01:36.370+0000] {logging_mixin.py:188} INFO - [2025-11-02T19:01:36.370+0000] {dag.py:3823} INFO - Setting next_dagrun for example_trigger_target_dag to None, run_after=None
[2025-11-02T19:01:36.426+0000] {processor.py:183} INFO - Processing /home/airflow/.local/lib/python3.8/site-packages/airflow/example_dags/example_trigger_target_dag.py took 0.210 seconds
[2025-11-02T19:02:07.061+0000] {processor.py:161} INFO - Started process (PID=4086) to work on /home/airflow/.local/lib/python3.8/site-packages/airflow/example_dags/example_trigger_target_dag.py
[2025-11-02T19:02:07.064+0000] {processor.py:830} INFO - Processing file /home/airflow/.local/lib/python3.8/site-packages/airflow/example_dags/example_trigger_target_dag.py for tasks to queue
[2025-11-02T19:02:07.070+0000] {logging_mixin.py:188} INFO - [2025-11-02T19:02:07.070+0000] {dagbag.py:538} INFO - Filling up the DagBag from /home/airflow/.local/lib/python3.8/site-packages/airflow/example_dags/example_trigger_target_dag.py
[2025-11-02T19:02:07.088+0000] {processor.py:840} INFO - DAG(s) 'example_trigger_target_dag' retrieved from /home/airflow/.local/lib/python3.8/site-packages/airflow/example_dags/example_trigger_target_dag.py
[2025-11-02T19:02:07.149+0000] {logging_mixin.py:188} INFO - [2025-11-02T19:02:07.149+0000] {dag.py:3036} INFO - Sync 1 DAGs
[2025-11-02T19:02:07.180+0000] {logging_mixin.py:188} INFO - [2025-11-02T19:02:07.180+0000] {dag.py:3823} INFO - Setting next_dagrun for example_trigger_target_dag to None, run_after=None
[2025-11-02T19:02:07.226+0000] {processor.py:183} INFO - Processing /home/airflow/.local/lib/python3.8/site-packages/airflow/example_dags/example_trigger_target_dag.py took 0.174 seconds
[2025-11-02T19:02:38.521+0000] {processor.py:161} INFO - Started process (PID=4141) to work on /home/airflow/.local/lib/python3.8/site-packages/airflow/example_dags/example_trigger_target_dag.py
[2025-11-02T19:02:38.528+0000] {processor.py:830} INFO - Processing file /home/airflow/.local/lib/python3.8/site-packages/airflow/example_dags/example_trigger_target_dag.py for tasks to queue
[2025-11-02T19:02:38.555+0000] {logging_mixin.py:188} INFO - [2025-11-02T19:02:38.554+0000] {dagbag.py:538} INFO - Filling up the DagBag from /home/airflow/.local/lib/python3.8/site-packages/airflow/example_dags/example_trigger_target_dag.py
[2025-11-02T19:02:38.613+0000] {processor.py:840} INFO - DAG(s) 'example_trigger_target_dag' retrieved from /home/airflow/.local/lib/python3.8/site-packages/airflow/example_dags/example_trigger_target_dag.py
[2025-11-02T19:02:38.834+0000] {logging_mixin.py:188} INFO - [2025-11-02T19:02:38.833+0000] {dag.py:3036} INFO - Sync 1 DAGs
[2025-11-02T19:02:38.911+0000] {logging_mixin.py:188} INFO - [2025-11-02T19:02:38.910+0000] {dag.py:3823} INFO - Setting next_dagrun for example_trigger_target_dag to None, run_after=None
[2025-11-02T19:02:39.014+0000] {processor.py:183} INFO - Processing /home/airflow/.local/lib/python3.8/site-packages/airflow/example_dags/example_trigger_target_dag.py took 0.517 seconds
[2025-11-02T19:03:09.222+0000] {processor.py:161} INFO - Started process (PID=4196) to work on /home/airflow/.local/lib/python3.8/site-packages/airflow/example_dags/example_trigger_target_dag.py
[2025-11-02T19:03:09.226+0000] {processor.py:830} INFO - Processing file /home/airflow/.local/lib/python3.8/site-packages/airflow/example_dags/example_trigger_target_dag.py for tasks to queue
[2025-11-02T19:03:09.233+0000] {logging_mixin.py:188} INFO - [2025-11-02T19:03:09.232+0000] {dagbag.py:538} INFO - Filling up the DagBag from /home/airflow/.local/lib/python3.8/site-packages/airflow/example_dags/example_trigger_target_dag.py
[2025-11-02T19:03:09.255+0000] {processor.py:840} INFO - DAG(s) 'example_trigger_target_dag' retrieved from /home/airflow/.local/lib/python3.8/site-packages/airflow/example_dags/example_trigger_target_dag.py
[2025-11-02T19:03:09.315+0000] {logging_mixin.py:188} INFO - [2025-11-02T19:03:09.314+0000] {dag.py:3036} INFO - Sync 1 DAGs
[2025-11-02T19:03:09.362+0000] {logging_mixin.py:188} INFO - [2025-11-02T19:03:09.361+0000] {dag.py:3823} INFO - Setting next_dagrun for example_trigger_target_dag to None, run_after=None
[2025-11-02T19:03:09.443+0000] {processor.py:183} INFO - Processing /home/airflow/.local/lib/python3.8/site-packages/airflow/example_dags/example_trigger_target_dag.py took 0.232 seconds
[2025-11-02T19:03:39.747+0000] {processor.py:161} INFO - Started process (PID=4250) to work on /home/airflow/.local/lib/python3.8/site-packages/airflow/example_dags/example_trigger_target_dag.py
[2025-11-02T19:03:39.749+0000] {processor.py:830} INFO - Processing file /home/airflow/.local/lib/python3.8/site-packages/airflow/example_dags/example_trigger_target_dag.py for tasks to queue
[2025-11-02T19:03:39.754+0000] {logging_mixin.py:188} INFO - [2025-11-02T19:03:39.754+0000] {dagbag.py:538} INFO - Filling up the DagBag from /home/airflow/.local/lib/python3.8/site-packages/airflow/example_dags/example_trigger_target_dag.py
[2025-11-02T19:03:39.769+0000] {processor.py:840} INFO - DAG(s) 'example_trigger_target_dag' retrieved from /home/airflow/.local/lib/python3.8/site-packages/airflow/example_dags/example_trigger_target_dag.py
[2025-11-02T19:03:39.819+0000] {logging_mixin.py:188} INFO - [2025-11-02T19:03:39.819+0000] {dag.py:3036} INFO - Sync 1 DAGs
[2025-11-02T19:03:39.843+0000] {logging_mixin.py:188} INFO - [2025-11-02T19:03:39.843+0000] {dag.py:3823} INFO - Setting next_dagrun for example_trigger_target_dag to None, run_after=None
[2025-11-02T19:03:39.908+0000] {processor.py:183} INFO - Processing /home/airflow/.local/lib/python3.8/site-packages/airflow/example_dags/example_trigger_target_dag.py took 0.169 seconds
[2025-11-02T19:04:10.246+0000] {processor.py:161} INFO - Started process (PID=4305) to work on /home/airflow/.local/lib/python3.8/site-packages/airflow/example_dags/example_trigger_target_dag.py
[2025-11-02T19:04:10.253+0000] {processor.py:830} INFO - Processing file /home/airflow/.local/lib/python3.8/site-packages/airflow/example_dags/example_trigger_target_dag.py for tasks to queue
[2025-11-02T19:04:10.260+0000] {logging_mixin.py:188} INFO - [2025-11-02T19:04:10.259+0000] {dagbag.py:538} INFO - Filling up the DagBag from /home/airflow/.local/lib/python3.8/site-packages/airflow/example_dags/example_trigger_target_dag.py
[2025-11-02T19:04:10.296+0000] {processor.py:840} INFO - DAG(s) 'example_trigger_target_dag' retrieved from /home/airflow/.local/lib/python3.8/site-packages/airflow/example_dags/example_trigger_target_dag.py
[2025-11-02T19:04:10.368+0000] {logging_mixin.py:188} INFO - [2025-11-02T19:04:10.367+0000] {dag.py:3036} INFO - Sync 1 DAGs
[2025-11-02T19:04:10.414+0000] {logging_mixin.py:188} INFO - [2025-11-02T19:04:10.413+0000] {dag.py:3823} INFO - Setting next_dagrun for example_trigger_target_dag to None, run_after=None
[2025-11-02T19:04:10.503+0000] {processor.py:183} INFO - Processing /home/airflow/.local/lib/python3.8/site-packages/airflow/example_dags/example_trigger_target_dag.py took 0.291 seconds
[2025-11-02T19:04:41.517+0000] {processor.py:161} INFO - Started process (PID=4361) to work on /home/airflow/.local/lib/python3.8/site-packages/airflow/example_dags/example_trigger_target_dag.py
[2025-11-02T19:04:41.521+0000] {processor.py:830} INFO - Processing file /home/airflow/.local/lib/python3.8/site-packages/airflow/example_dags/example_trigger_target_dag.py for tasks to queue
[2025-11-02T19:04:41.527+0000] {logging_mixin.py:188} INFO - [2025-11-02T19:04:41.526+0000] {dagbag.py:538} INFO - Filling up the DagBag from /home/airflow/.local/lib/python3.8/site-packages/airflow/example_dags/example_trigger_target_dag.py
[2025-11-02T19:04:41.547+0000] {processor.py:840} INFO - DAG(s) 'example_trigger_target_dag' retrieved from /home/airflow/.local/lib/python3.8/site-packages/airflow/example_dags/example_trigger_target_dag.py
[2025-11-02T19:04:41.622+0000] {logging_mixin.py:188} INFO - [2025-11-02T19:04:41.621+0000] {dag.py:3036} INFO - Sync 1 DAGs
[2025-11-02T19:04:41.659+0000] {logging_mixin.py:188} INFO - [2025-11-02T19:04:41.659+0000] {dag.py:3823} INFO - Setting next_dagrun for example_trigger_target_dag to None, run_after=None
[2025-11-02T19:04:41.712+0000] {processor.py:183} INFO - Processing /home/airflow/.local/lib/python3.8/site-packages/airflow/example_dags/example_trigger_target_dag.py took 0.208 seconds
[2025-11-02T19:05:12.073+0000] {processor.py:161} INFO - Started process (PID=4416) to work on /home/airflow/.local/lib/python3.8/site-packages/airflow/example_dags/example_trigger_target_dag.py
[2025-11-02T19:05:12.085+0000] {processor.py:830} INFO - Processing file /home/airflow/.local/lib/python3.8/site-packages/airflow/example_dags/example_trigger_target_dag.py for tasks to queue
[2025-11-02T19:05:12.102+0000] {logging_mixin.py:188} INFO - [2025-11-02T19:05:12.091+0000] {dagbag.py:538} INFO - Filling up the DagBag from /home/airflow/.local/lib/python3.8/site-packages/airflow/example_dags/example_trigger_target_dag.py
[2025-11-02T19:05:12.132+0000] {processor.py:840} INFO - DAG(s) 'example_trigger_target_dag' retrieved from /home/airflow/.local/lib/python3.8/site-packages/airflow/example_dags/example_trigger_target_dag.py
[2025-11-02T19:05:12.207+0000] {logging_mixin.py:188} INFO - [2025-11-02T19:05:12.207+0000] {dag.py:3036} INFO - Sync 1 DAGs
[2025-11-02T19:05:12.240+0000] {logging_mixin.py:188} INFO - [2025-11-02T19:05:12.239+0000] {dag.py:3823} INFO - Setting next_dagrun for example_trigger_target_dag to None, run_after=None
[2025-11-02T19:05:12.298+0000] {processor.py:183} INFO - Processing /home/airflow/.local/lib/python3.8/site-packages/airflow/example_dags/example_trigger_target_dag.py took 0.242 seconds
[2025-11-02T19:05:42.668+0000] {processor.py:161} INFO - Started process (PID=4471) to work on /home/airflow/.local/lib/python3.8/site-packages/airflow/example_dags/example_trigger_target_dag.py
[2025-11-02T19:05:42.671+0000] {processor.py:830} INFO - Processing file /home/airflow/.local/lib/python3.8/site-packages/airflow/example_dags/example_trigger_target_dag.py for tasks to queue
[2025-11-02T19:05:42.677+0000] {logging_mixin.py:188} INFO - [2025-11-02T19:05:42.677+0000] {dagbag.py:538} INFO - Filling up the DagBag from /home/airflow/.local/lib/python3.8/site-packages/airflow/example_dags/example_trigger_target_dag.py
[2025-11-02T19:05:42.698+0000] {processor.py:840} INFO - DAG(s) 'example_trigger_target_dag' retrieved from /home/airflow/.local/lib/python3.8/site-packages/airflow/example_dags/example_trigger_target_dag.py
[2025-11-02T19:05:42.766+0000] {logging_mixin.py:188} INFO - [2025-11-02T19:05:42.766+0000] {dag.py:3036} INFO - Sync 1 DAGs
[2025-11-02T19:05:42.794+0000] {logging_mixin.py:188} INFO - [2025-11-02T19:05:42.794+0000] {dag.py:3823} INFO - Setting next_dagrun for example_trigger_target_dag to None, run_after=None
[2025-11-02T19:05:42.842+0000] {processor.py:183} INFO - Processing /home/airflow/.local/lib/python3.8/site-packages/airflow/example_dags/example_trigger_target_dag.py took 0.184 seconds
[2025-11-02T19:06:13.283+0000] {processor.py:161} INFO - Started process (PID=4526) to work on /home/airflow/.local/lib/python3.8/site-packages/airflow/example_dags/example_trigger_target_dag.py
[2025-11-02T19:06:13.285+0000] {processor.py:830} INFO - Processing file /home/airflow/.local/lib/python3.8/site-packages/airflow/example_dags/example_trigger_target_dag.py for tasks to queue
[2025-11-02T19:06:13.290+0000] {logging_mixin.py:188} INFO - [2025-11-02T19:06:13.290+0000] {dagbag.py:538} INFO - Filling up the DagBag from /home/airflow/.local/lib/python3.8/site-packages/airflow/example_dags/example_trigger_target_dag.py
[2025-11-02T19:06:13.308+0000] {processor.py:840} INFO - DAG(s) 'example_trigger_target_dag' retrieved from /home/airflow/.local/lib/python3.8/site-packages/airflow/example_dags/example_trigger_target_dag.py
[2025-11-02T19:06:13.368+0000] {logging_mixin.py:188} INFO - [2025-11-02T19:06:13.367+0000] {dag.py:3036} INFO - Sync 1 DAGs
[2025-11-02T19:06:13.399+0000] {logging_mixin.py:188} INFO - [2025-11-02T19:06:13.399+0000] {dag.py:3823} INFO - Setting next_dagrun for example_trigger_target_dag to None, run_after=None
[2025-11-02T19:06:13.444+0000] {processor.py:183} INFO - Processing /home/airflow/.local/lib/python3.8/site-packages/airflow/example_dags/example_trigger_target_dag.py took 0.171 seconds
[2025-11-02T19:06:44.191+0000] {processor.py:161} INFO - Started process (PID=4581) to work on /home/airflow/.local/lib/python3.8/site-packages/airflow/example_dags/example_trigger_target_dag.py
[2025-11-02T19:06:44.199+0000] {processor.py:830} INFO - Processing file /home/airflow/.local/lib/python3.8/site-packages/airflow/example_dags/example_trigger_target_dag.py for tasks to queue
[2025-11-02T19:06:44.207+0000] {logging_mixin.py:188} INFO - [2025-11-02T19:06:44.206+0000] {dagbag.py:538} INFO - Filling up the DagBag from /home/airflow/.local/lib/python3.8/site-packages/airflow/example_dags/example_trigger_target_dag.py
[2025-11-02T19:06:44.230+0000] {processor.py:840} INFO - DAG(s) 'example_trigger_target_dag' retrieved from /home/airflow/.local/lib/python3.8/site-packages/airflow/example_dags/example_trigger_target_dag.py
[2025-11-02T19:06:44.280+0000] {logging_mixin.py:188} INFO - [2025-11-02T19:06:44.280+0000] {dag.py:3036} INFO - Sync 1 DAGs
[2025-11-02T19:06:44.316+0000] {logging_mixin.py:188} INFO - [2025-11-02T19:06:44.316+0000] {dag.py:3823} INFO - Setting next_dagrun for example_trigger_target_dag to None, run_after=None
[2025-11-02T19:06:44.376+0000] {processor.py:183} INFO - Processing /home/airflow/.local/lib/python3.8/site-packages/airflow/example_dags/example_trigger_target_dag.py took 0.198 seconds
[2025-11-02T19:07:15.036+0000] {processor.py:161} INFO - Started process (PID=4636) to work on /home/airflow/.local/lib/python3.8/site-packages/airflow/example_dags/example_trigger_target_dag.py
[2025-11-02T19:07:15.042+0000] {processor.py:830} INFO - Processing file /home/airflow/.local/lib/python3.8/site-packages/airflow/example_dags/example_trigger_target_dag.py for tasks to queue
[2025-11-02T19:07:15.097+0000] {logging_mixin.py:188} INFO - [2025-11-02T19:07:15.096+0000] {dagbag.py:538} INFO - Filling up the DagBag from /home/airflow/.local/lib/python3.8/site-packages/airflow/example_dags/example_trigger_target_dag.py
[2025-11-02T19:07:15.156+0000] {processor.py:840} INFO - DAG(s) 'example_trigger_target_dag' retrieved from /home/airflow/.local/lib/python3.8/site-packages/airflow/example_dags/example_trigger_target_dag.py
[2025-11-02T19:07:15.320+0000] {logging_mixin.py:188} INFO - [2025-11-02T19:07:15.319+0000] {dag.py:3036} INFO - Sync 1 DAGs
[2025-11-02T19:07:15.417+0000] {logging_mixin.py:188} INFO - [2025-11-02T19:07:15.416+0000] {dag.py:3823} INFO - Setting next_dagrun for example_trigger_target_dag to None, run_after=None
[2025-11-02T19:07:15.517+0000] {processor.py:183} INFO - Processing /home/airflow/.local/lib/python3.8/site-packages/airflow/example_dags/example_trigger_target_dag.py took 0.502 seconds
[2025-11-02T19:07:46.267+0000] {processor.py:161} INFO - Started process (PID=4691) to work on /home/airflow/.local/lib/python3.8/site-packages/airflow/example_dags/example_trigger_target_dag.py
[2025-11-02T19:07:46.270+0000] {processor.py:830} INFO - Processing file /home/airflow/.local/lib/python3.8/site-packages/airflow/example_dags/example_trigger_target_dag.py for tasks to queue
[2025-11-02T19:07:46.276+0000] {logging_mixin.py:188} INFO - [2025-11-02T19:07:46.276+0000] {dagbag.py:538} INFO - Filling up the DagBag from /home/airflow/.local/lib/python3.8/site-packages/airflow/example_dags/example_trigger_target_dag.py
[2025-11-02T19:07:46.297+0000] {processor.py:840} INFO - DAG(s) 'example_trigger_target_dag' retrieved from /home/airflow/.local/lib/python3.8/site-packages/airflow/example_dags/example_trigger_target_dag.py
[2025-11-02T19:07:46.361+0000] {logging_mixin.py:188} INFO - [2025-11-02T19:07:46.360+0000] {dag.py:3036} INFO - Sync 1 DAGs
[2025-11-02T19:07:46.400+0000] {logging_mixin.py:188} INFO - [2025-11-02T19:07:46.399+0000] {dag.py:3823} INFO - Setting next_dagrun for example_trigger_target_dag to None, run_after=None
[2025-11-02T19:07:46.454+0000] {processor.py:183} INFO - Processing /home/airflow/.local/lib/python3.8/site-packages/airflow/example_dags/example_trigger_target_dag.py took 0.201 seconds
[2025-11-02T19:08:17.178+0000] {processor.py:161} INFO - Started process (PID=4747) to work on /home/airflow/.local/lib/python3.8/site-packages/airflow/example_dags/example_trigger_target_dag.py
[2025-11-02T19:08:17.181+0000] {processor.py:830} INFO - Processing file /home/airflow/.local/lib/python3.8/site-packages/airflow/example_dags/example_trigger_target_dag.py for tasks to queue
[2025-11-02T19:08:17.186+0000] {logging_mixin.py:188} INFO - [2025-11-02T19:08:17.185+0000] {dagbag.py:538} INFO - Filling up the DagBag from /home/airflow/.local/lib/python3.8/site-packages/airflow/example_dags/example_trigger_target_dag.py
[2025-11-02T19:08:17.201+0000] {processor.py:840} INFO - DAG(s) 'example_trigger_target_dag' retrieved from /home/airflow/.local/lib/python3.8/site-packages/airflow/example_dags/example_trigger_target_dag.py
[2025-11-02T19:08:17.256+0000] {logging_mixin.py:188} INFO - [2025-11-02T19:08:17.255+0000] {dag.py:3036} INFO - Sync 1 DAGs
[2025-11-02T19:08:17.320+0000] {logging_mixin.py:188} INFO - [2025-11-02T19:08:17.319+0000] {dag.py:3823} INFO - Setting next_dagrun for example_trigger_target_dag to None, run_after=None
[2025-11-02T19:08:17.537+0000] {processor.py:183} INFO - Processing /home/airflow/.local/lib/python3.8/site-packages/airflow/example_dags/example_trigger_target_dag.py took 0.201 seconds
[2025-11-02T19:08:48.450+0000] {processor.py:161} INFO - Started process (PID=4802) to work on /home/airflow/.local/lib/python3.8/site-packages/airflow/example_dags/example_trigger_target_dag.py
[2025-11-02T19:08:48.453+0000] {processor.py:830} INFO - Processing file /home/airflow/.local/lib/python3.8/site-packages/airflow/example_dags/example_trigger_target_dag.py for tasks to queue
[2025-11-02T19:08:48.458+0000] {logging_mixin.py:188} INFO - [2025-11-02T19:08:48.457+0000] {dagbag.py:538} INFO - Filling up the DagBag from /home/airflow/.local/lib/python3.8/site-packages/airflow/example_dags/example_trigger_target_dag.py
[2025-11-02T19:08:48.481+0000] {processor.py:840} INFO - DAG(s) 'example_trigger_target_dag' retrieved from /home/airflow/.local/lib/python3.8/site-packages/airflow/example_dags/example_trigger_target_dag.py
[2025-11-02T19:08:48.576+0000] {logging_mixin.py:188} INFO - [2025-11-02T19:08:48.575+0000] {dag.py:3036} INFO - Sync 1 DAGs
[2025-11-02T19:08:48.611+0000] {logging_mixin.py:188} INFO - [2025-11-02T19:08:48.610+0000] {dag.py:3823} INFO - Setting next_dagrun for example_trigger_target_dag to None, run_after=None
[2025-11-02T19:08:48.670+0000] {processor.py:183} INFO - Processing /home/airflow/.local/lib/python3.8/site-packages/airflow/example_dags/example_trigger_target_dag.py took 0.233 seconds
[2025-11-02T19:09:19.197+0000] {processor.py:161} INFO - Started process (PID=4857) to work on /home/airflow/.local/lib/python3.8/site-packages/airflow/example_dags/example_trigger_target_dag.py
[2025-11-02T19:09:19.201+0000] {processor.py:830} INFO - Processing file /home/airflow/.local/lib/python3.8/site-packages/airflow/example_dags/example_trigger_target_dag.py for tasks to queue
[2025-11-02T19:09:19.212+0000] {logging_mixin.py:188} INFO - [2025-11-02T19:09:19.211+0000] {dagbag.py:538} INFO - Filling up the DagBag from /home/airflow/.local/lib/python3.8/site-packages/airflow/example_dags/example_trigger_target_dag.py
[2025-11-02T19:09:19.240+0000] {processor.py:840} INFO - DAG(s) 'example_trigger_target_dag' retrieved from /home/airflow/.local/lib/python3.8/site-packages/airflow/example_dags/example_trigger_target_dag.py
[2025-11-02T19:09:19.337+0000] {logging_mixin.py:188} INFO - [2025-11-02T19:09:19.336+0000] {dag.py:3036} INFO - Sync 1 DAGs
[2025-11-02T19:09:19.382+0000] {logging_mixin.py:188} INFO - [2025-11-02T19:09:19.381+0000] {dag.py:3823} INFO - Setting next_dagrun for example_trigger_target_dag to None, run_after=None
[2025-11-02T19:09:19.457+0000] {processor.py:183} INFO - Processing /home/airflow/.local/lib/python3.8/site-packages/airflow/example_dags/example_trigger_target_dag.py took 0.274 seconds
[2025-11-02T19:09:51.412+0000] {processor.py:161} INFO - Started process (PID=4912) to work on /home/airflow/.local/lib/python3.8/site-packages/airflow/example_dags/example_trigger_target_dag.py
[2025-11-02T19:09:51.419+0000] {processor.py:830} INFO - Processing file /home/airflow/.local/lib/python3.8/site-packages/airflow/example_dags/example_trigger_target_dag.py for tasks to queue
[2025-11-02T19:09:51.437+0000] {logging_mixin.py:188} INFO - [2025-11-02T19:09:51.436+0000] {dagbag.py:538} INFO - Filling up the DagBag from /home/airflow/.local/lib/python3.8/site-packages/airflow/example_dags/example_trigger_target_dag.py
[2025-11-02T19:09:51.484+0000] {processor.py:840} INFO - DAG(s) 'example_trigger_target_dag' retrieved from /home/airflow/.local/lib/python3.8/site-packages/airflow/example_dags/example_trigger_target_dag.py
[2025-11-02T19:09:51.637+0000] {logging_mixin.py:188} INFO - [2025-11-02T19:09:51.636+0000] {dag.py:3036} INFO - Sync 1 DAGs
[2025-11-02T19:09:51.725+0000] {logging_mixin.py:188} INFO - [2025-11-02T19:09:51.724+0000] {dag.py:3823} INFO - Setting next_dagrun for example_trigger_target_dag to None, run_after=None
[2025-11-02T19:09:51.818+0000] {processor.py:183} INFO - Processing /home/airflow/.local/lib/python3.8/site-packages/airflow/example_dags/example_trigger_target_dag.py took 0.444 seconds
[2025-11-02T19:10:22.485+0000] {processor.py:161} INFO - Started process (PID=4967) to work on /home/airflow/.local/lib/python3.8/site-packages/airflow/example_dags/example_trigger_target_dag.py
[2025-11-02T19:10:22.489+0000] {processor.py:830} INFO - Processing file /home/airflow/.local/lib/python3.8/site-packages/airflow/example_dags/example_trigger_target_dag.py for tasks to queue
[2025-11-02T19:10:22.494+0000] {logging_mixin.py:188} INFO - [2025-11-02T19:10:22.493+0000] {dagbag.py:538} INFO - Filling up the DagBag from /home/airflow/.local/lib/python3.8/site-packages/airflow/example_dags/example_trigger_target_dag.py
[2025-11-02T19:10:22.508+0000] {processor.py:840} INFO - DAG(s) 'example_trigger_target_dag' retrieved from /home/airflow/.local/lib/python3.8/site-packages/airflow/example_dags/example_trigger_target_dag.py
[2025-11-02T19:10:22.559+0000] {logging_mixin.py:188} INFO - [2025-11-02T19:10:22.559+0000] {dag.py:3036} INFO - Sync 1 DAGs
[2025-11-02T19:10:22.589+0000] {logging_mixin.py:188} INFO - [2025-11-02T19:10:22.589+0000] {dag.py:3823} INFO - Setting next_dagrun for example_trigger_target_dag to None, run_after=None
[2025-11-02T19:10:22.638+0000] {processor.py:183} INFO - Processing /home/airflow/.local/lib/python3.8/site-packages/airflow/example_dags/example_trigger_target_dag.py took 0.164 seconds
[2025-11-02T19:10:52.735+0000] {processor.py:161} INFO - Started process (PID=5021) to work on /home/airflow/.local/lib/python3.8/site-packages/airflow/example_dags/example_trigger_target_dag.py
[2025-11-02T19:10:52.739+0000] {processor.py:830} INFO - Processing file /home/airflow/.local/lib/python3.8/site-packages/airflow/example_dags/example_trigger_target_dag.py for tasks to queue
[2025-11-02T19:10:52.745+0000] {logging_mixin.py:188} INFO - [2025-11-02T19:10:52.744+0000] {dagbag.py:538} INFO - Filling up the DagBag from /home/airflow/.local/lib/python3.8/site-packages/airflow/example_dags/example_trigger_target_dag.py
[2025-11-02T19:10:52.761+0000] {processor.py:840} INFO - DAG(s) 'example_trigger_target_dag' retrieved from /home/airflow/.local/lib/python3.8/site-packages/airflow/example_dags/example_trigger_target_dag.py
[2025-11-02T19:10:52.810+0000] {logging_mixin.py:188} INFO - [2025-11-02T19:10:52.809+0000] {dag.py:3036} INFO - Sync 1 DAGs
[2025-11-02T19:10:52.841+0000] {logging_mixin.py:188} INFO - [2025-11-02T19:10:52.841+0000] {dag.py:3823} INFO - Setting next_dagrun for example_trigger_target_dag to None, run_after=None
[2025-11-02T19:10:52.888+0000] {processor.py:183} INFO - Processing /home/airflow/.local/lib/python3.8/site-packages/airflow/example_dags/example_trigger_target_dag.py took 0.163 seconds
[2025-11-02T19:11:23.478+0000] {processor.py:161} INFO - Started process (PID=5076) to work on /home/airflow/.local/lib/python3.8/site-packages/airflow/example_dags/example_trigger_target_dag.py
[2025-11-02T19:11:23.481+0000] {processor.py:830} INFO - Processing file /home/airflow/.local/lib/python3.8/site-packages/airflow/example_dags/example_trigger_target_dag.py for tasks to queue
[2025-11-02T19:11:23.487+0000] {logging_mixin.py:188} INFO - [2025-11-02T19:11:23.486+0000] {dagbag.py:538} INFO - Filling up the DagBag from /home/airflow/.local/lib/python3.8/site-packages/airflow/example_dags/example_trigger_target_dag.py
[2025-11-02T19:11:23.508+0000] {processor.py:840} INFO - DAG(s) 'example_trigger_target_dag' retrieved from /home/airflow/.local/lib/python3.8/site-packages/airflow/example_dags/example_trigger_target_dag.py
[2025-11-02T19:11:23.566+0000] {logging_mixin.py:188} INFO - [2025-11-02T19:11:23.565+0000] {dag.py:3036} INFO - Sync 1 DAGs
[2025-11-02T19:11:23.593+0000] {logging_mixin.py:188} INFO - [2025-11-02T19:11:23.593+0000] {dag.py:3823} INFO - Setting next_dagrun for example_trigger_target_dag to None, run_after=None
[2025-11-02T19:11:23.641+0000] {processor.py:183} INFO - Processing /home/airflow/.local/lib/python3.8/site-packages/airflow/example_dags/example_trigger_target_dag.py took 0.174 seconds
[2025-11-02T19:11:55.093+0000] {processor.py:161} INFO - Started process (PID=5132) to work on /home/airflow/.local/lib/python3.8/site-packages/airflow/example_dags/example_trigger_target_dag.py
[2025-11-02T19:11:55.096+0000] {processor.py:830} INFO - Processing file /home/airflow/.local/lib/python3.8/site-packages/airflow/example_dags/example_trigger_target_dag.py for tasks to queue
[2025-11-02T19:11:55.101+0000] {logging_mixin.py:188} INFO - [2025-11-02T19:11:55.100+0000] {dagbag.py:538} INFO - Filling up the DagBag from /home/airflow/.local/lib/python3.8/site-packages/airflow/example_dags/example_trigger_target_dag.py
[2025-11-02T19:11:55.117+0000] {processor.py:840} INFO - DAG(s) 'example_trigger_target_dag' retrieved from /home/airflow/.local/lib/python3.8/site-packages/airflow/example_dags/example_trigger_target_dag.py
[2025-11-02T19:11:55.163+0000] {logging_mixin.py:188} INFO - [2025-11-02T19:11:55.163+0000] {dag.py:3036} INFO - Sync 1 DAGs
[2025-11-02T19:11:55.190+0000] {logging_mixin.py:188} INFO - [2025-11-02T19:11:55.190+0000] {dag.py:3823} INFO - Setting next_dagrun for example_trigger_target_dag to None, run_after=None
[2025-11-02T19:11:55.239+0000] {processor.py:183} INFO - Processing /home/airflow/.local/lib/python3.8/site-packages/airflow/example_dags/example_trigger_target_dag.py took 0.154 seconds
[2025-11-02T19:12:25.351+0000] {processor.py:161} INFO - Started process (PID=5186) to work on /home/airflow/.local/lib/python3.8/site-packages/airflow/example_dags/example_trigger_target_dag.py
[2025-11-02T19:12:25.354+0000] {processor.py:830} INFO - Processing file /home/airflow/.local/lib/python3.8/site-packages/airflow/example_dags/example_trigger_target_dag.py for tasks to queue
[2025-11-02T19:12:25.361+0000] {logging_mixin.py:188} INFO - [2025-11-02T19:12:25.360+0000] {dagbag.py:538} INFO - Filling up the DagBag from /home/airflow/.local/lib/python3.8/site-packages/airflow/example_dags/example_trigger_target_dag.py
[2025-11-02T19:12:25.380+0000] {processor.py:840} INFO - DAG(s) 'example_trigger_target_dag' retrieved from /home/airflow/.local/lib/python3.8/site-packages/airflow/example_dags/example_trigger_target_dag.py
[2025-11-02T19:12:25.450+0000] {logging_mixin.py:188} INFO - [2025-11-02T19:12:25.449+0000] {dag.py:3036} INFO - Sync 1 DAGs
[2025-11-02T19:12:25.492+0000] {logging_mixin.py:188} INFO - [2025-11-02T19:12:25.492+0000] {dag.py:3823} INFO - Setting next_dagrun for example_trigger_target_dag to None, run_after=None
[2025-11-02T19:12:25.612+0000] {processor.py:183} INFO - Processing /home/airflow/.local/lib/python3.8/site-packages/airflow/example_dags/example_trigger_target_dag.py took 0.273 seconds
[2025-11-02T19:12:55.887+0000] {processor.py:161} INFO - Started process (PID=5241) to work on /home/airflow/.local/lib/python3.8/site-packages/airflow/example_dags/example_trigger_target_dag.py
[2025-11-02T19:12:55.890+0000] {processor.py:830} INFO - Processing file /home/airflow/.local/lib/python3.8/site-packages/airflow/example_dags/example_trigger_target_dag.py for tasks to queue
[2025-11-02T19:12:55.908+0000] {logging_mixin.py:188} INFO - [2025-11-02T19:12:55.906+0000] {dagbag.py:538} INFO - Filling up the DagBag from /home/airflow/.local/lib/python3.8/site-packages/airflow/example_dags/example_trigger_target_dag.py
[2025-11-02T19:12:55.939+0000] {processor.py:840} INFO - DAG(s) 'example_trigger_target_dag' retrieved from /home/airflow/.local/lib/python3.8/site-packages/airflow/example_dags/example_trigger_target_dag.py
[2025-11-02T19:12:56.020+0000] {logging_mixin.py:188} INFO - [2025-11-02T19:12:56.019+0000] {dag.py:3036} INFO - Sync 1 DAGs
[2025-11-02T19:12:56.056+0000] {logging_mixin.py:188} INFO - [2025-11-02T19:12:56.056+0000] {dag.py:3823} INFO - Setting next_dagrun for example_trigger_target_dag to None, run_after=None
[2025-11-02T19:12:56.102+0000] {processor.py:183} INFO - Processing /home/airflow/.local/lib/python3.8/site-packages/airflow/example_dags/example_trigger_target_dag.py took 0.229 seconds
[2025-11-02T19:13:26.350+0000] {processor.py:161} INFO - Started process (PID=5295) to work on /home/airflow/.local/lib/python3.8/site-packages/airflow/example_dags/example_trigger_target_dag.py
[2025-11-02T19:13:26.352+0000] {processor.py:830} INFO - Processing file /home/airflow/.local/lib/python3.8/site-packages/airflow/example_dags/example_trigger_target_dag.py for tasks to queue
[2025-11-02T19:13:26.357+0000] {logging_mixin.py:188} INFO - [2025-11-02T19:13:26.356+0000] {dagbag.py:538} INFO - Filling up the DagBag from /home/airflow/.local/lib/python3.8/site-packages/airflow/example_dags/example_trigger_target_dag.py
[2025-11-02T19:13:26.371+0000] {processor.py:840} INFO - DAG(s) 'example_trigger_target_dag' retrieved from /home/airflow/.local/lib/python3.8/site-packages/airflow/example_dags/example_trigger_target_dag.py
[2025-11-02T19:13:26.412+0000] {logging_mixin.py:188} INFO - [2025-11-02T19:13:26.412+0000] {dag.py:3036} INFO - Sync 1 DAGs
[2025-11-02T19:13:26.438+0000] {logging_mixin.py:188} INFO - [2025-11-02T19:13:26.437+0000] {dag.py:3823} INFO - Setting next_dagrun for example_trigger_target_dag to None, run_after=None
[2025-11-02T19:13:26.479+0000] {processor.py:183} INFO - Processing /home/airflow/.local/lib/python3.8/site-packages/airflow/example_dags/example_trigger_target_dag.py took 0.137 seconds
[2025-11-02T19:13:56.905+0000] {processor.py:161} INFO - Started process (PID=5351) to work on /home/airflow/.local/lib/python3.8/site-packages/airflow/example_dags/example_trigger_target_dag.py
[2025-11-02T19:13:56.908+0000] {processor.py:830} INFO - Processing file /home/airflow/.local/lib/python3.8/site-packages/airflow/example_dags/example_trigger_target_dag.py for tasks to queue
[2025-11-02T19:13:56.913+0000] {logging_mixin.py:188} INFO - [2025-11-02T19:13:56.912+0000] {dagbag.py:538} INFO - Filling up the DagBag from /home/airflow/.local/lib/python3.8/site-packages/airflow/example_dags/example_trigger_target_dag.py
[2025-11-02T19:13:56.930+0000] {processor.py:840} INFO - DAG(s) 'example_trigger_target_dag' retrieved from /home/airflow/.local/lib/python3.8/site-packages/airflow/example_dags/example_trigger_target_dag.py
[2025-11-02T19:13:56.981+0000] {logging_mixin.py:188} INFO - [2025-11-02T19:13:56.981+0000] {dag.py:3036} INFO - Sync 1 DAGs
[2025-11-02T19:13:57.012+0000] {logging_mixin.py:188} INFO - [2025-11-02T19:13:57.011+0000] {dag.py:3823} INFO - Setting next_dagrun for example_trigger_target_dag to None, run_after=None
[2025-11-02T19:13:57.060+0000] {processor.py:183} INFO - Processing /home/airflow/.local/lib/python3.8/site-packages/airflow/example_dags/example_trigger_target_dag.py took 0.164 seconds
[2025-11-02T19:14:27.815+0000] {processor.py:161} INFO - Started process (PID=5406) to work on /home/airflow/.local/lib/python3.8/site-packages/airflow/example_dags/example_trigger_target_dag.py
[2025-11-02T19:14:27.818+0000] {processor.py:830} INFO - Processing file /home/airflow/.local/lib/python3.8/site-packages/airflow/example_dags/example_trigger_target_dag.py for tasks to queue
[2025-11-02T19:14:27.824+0000] {logging_mixin.py:188} INFO - [2025-11-02T19:14:27.823+0000] {dagbag.py:538} INFO - Filling up the DagBag from /home/airflow/.local/lib/python3.8/site-packages/airflow/example_dags/example_trigger_target_dag.py
[2025-11-02T19:14:27.842+0000] {processor.py:840} INFO - DAG(s) 'example_trigger_target_dag' retrieved from /home/airflow/.local/lib/python3.8/site-packages/airflow/example_dags/example_trigger_target_dag.py
[2025-11-02T19:14:27.893+0000] {logging_mixin.py:188} INFO - [2025-11-02T19:14:27.892+0000] {dag.py:3036} INFO - Sync 1 DAGs
[2025-11-02T19:14:27.921+0000] {logging_mixin.py:188} INFO - [2025-11-02T19:14:27.921+0000] {dag.py:3823} INFO - Setting next_dagrun for example_trigger_target_dag to None, run_after=None
[2025-11-02T19:14:27.969+0000] {processor.py:183} INFO - Processing /home/airflow/.local/lib/python3.8/site-packages/airflow/example_dags/example_trigger_target_dag.py took 0.166 seconds
[2025-11-02T19:14:58.958+0000] {processor.py:161} INFO - Started process (PID=5462) to work on /home/airflow/.local/lib/python3.8/site-packages/airflow/example_dags/example_trigger_target_dag.py
[2025-11-02T19:14:58.961+0000] {processor.py:830} INFO - Processing file /home/airflow/.local/lib/python3.8/site-packages/airflow/example_dags/example_trigger_target_dag.py for tasks to queue
[2025-11-02T19:14:58.969+0000] {logging_mixin.py:188} INFO - [2025-11-02T19:14:58.967+0000] {dagbag.py:538} INFO - Filling up the DagBag from /home/airflow/.local/lib/python3.8/site-packages/airflow/example_dags/example_trigger_target_dag.py
[2025-11-02T19:14:58.992+0000] {processor.py:840} INFO - DAG(s) 'example_trigger_target_dag' retrieved from /home/airflow/.local/lib/python3.8/site-packages/airflow/example_dags/example_trigger_target_dag.py
[2025-11-02T19:14:59.074+0000] {logging_mixin.py:188} INFO - [2025-11-02T19:14:59.073+0000] {dag.py:3036} INFO - Sync 1 DAGs
[2025-11-02T19:14:59.133+0000] {logging_mixin.py:188} INFO - [2025-11-02T19:14:59.132+0000] {dag.py:3823} INFO - Setting next_dagrun for example_trigger_target_dag to None, run_after=None
[2025-11-02T19:14:59.200+0000] {processor.py:183} INFO - Processing /home/airflow/.local/lib/python3.8/site-packages/airflow/example_dags/example_trigger_target_dag.py took 0.254 seconds
[2025-11-02T19:15:29.683+0000] {processor.py:161} INFO - Started process (PID=5517) to work on /home/airflow/.local/lib/python3.8/site-packages/airflow/example_dags/example_trigger_target_dag.py
[2025-11-02T19:15:29.687+0000] {processor.py:830} INFO - Processing file /home/airflow/.local/lib/python3.8/site-packages/airflow/example_dags/example_trigger_target_dag.py for tasks to queue
[2025-11-02T19:15:29.694+0000] {logging_mixin.py:188} INFO - [2025-11-02T19:15:29.693+0000] {dagbag.py:538} INFO - Filling up the DagBag from /home/airflow/.local/lib/python3.8/site-packages/airflow/example_dags/example_trigger_target_dag.py
[2025-11-02T19:15:29.722+0000] {processor.py:840} INFO - DAG(s) 'example_trigger_target_dag' retrieved from /home/airflow/.local/lib/python3.8/site-packages/airflow/example_dags/example_trigger_target_dag.py
[2025-11-02T19:15:29.787+0000] {logging_mixin.py:188} INFO - [2025-11-02T19:15:29.787+0000] {dag.py:3036} INFO - Sync 1 DAGs
[2025-11-02T19:15:29.823+0000] {logging_mixin.py:188} INFO - [2025-11-02T19:15:29.823+0000] {dag.py:3823} INFO - Setting next_dagrun for example_trigger_target_dag to None, run_after=None
[2025-11-02T19:15:29.872+0000] {processor.py:183} INFO - Processing /home/airflow/.local/lib/python3.8/site-packages/airflow/example_dags/example_trigger_target_dag.py took 0.202 seconds
[2025-11-02T19:16:00.006+0000] {processor.py:161} INFO - Started process (PID=5571) to work on /home/airflow/.local/lib/python3.8/site-packages/airflow/example_dags/example_trigger_target_dag.py
[2025-11-02T19:16:00.009+0000] {processor.py:830} INFO - Processing file /home/airflow/.local/lib/python3.8/site-packages/airflow/example_dags/example_trigger_target_dag.py for tasks to queue
[2025-11-02T19:16:00.014+0000] {logging_mixin.py:188} INFO - [2025-11-02T19:16:00.013+0000] {dagbag.py:538} INFO - Filling up the DagBag from /home/airflow/.local/lib/python3.8/site-packages/airflow/example_dags/example_trigger_target_dag.py
[2025-11-02T19:16:00.028+0000] {processor.py:840} INFO - DAG(s) 'example_trigger_target_dag' retrieved from /home/airflow/.local/lib/python3.8/site-packages/airflow/example_dags/example_trigger_target_dag.py
[2025-11-02T19:16:00.072+0000] {logging_mixin.py:188} INFO - [2025-11-02T19:16:00.072+0000] {dag.py:3036} INFO - Sync 1 DAGs
[2025-11-02T19:16:00.100+0000] {logging_mixin.py:188} INFO - [2025-11-02T19:16:00.099+0000] {dag.py:3823} INFO - Setting next_dagrun for example_trigger_target_dag to None, run_after=None
[2025-11-02T19:16:00.169+0000] {processor.py:183} INFO - Processing /home/airflow/.local/lib/python3.8/site-packages/airflow/example_dags/example_trigger_target_dag.py took 0.172 seconds
[2025-11-02T19:16:30.988+0000] {processor.py:161} INFO - Started process (PID=5627) to work on /home/airflow/.local/lib/python3.8/site-packages/airflow/example_dags/example_trigger_target_dag.py
[2025-11-02T19:16:30.992+0000] {processor.py:830} INFO - Processing file /home/airflow/.local/lib/python3.8/site-packages/airflow/example_dags/example_trigger_target_dag.py for tasks to queue
[2025-11-02T19:16:30.999+0000] {logging_mixin.py:188} INFO - [2025-11-02T19:16:30.997+0000] {dagbag.py:538} INFO - Filling up the DagBag from /home/airflow/.local/lib/python3.8/site-packages/airflow/example_dags/example_trigger_target_dag.py
[2025-11-02T19:16:31.016+0000] {processor.py:840} INFO - DAG(s) 'example_trigger_target_dag' retrieved from /home/airflow/.local/lib/python3.8/site-packages/airflow/example_dags/example_trigger_target_dag.py
[2025-11-02T19:16:31.100+0000] {logging_mixin.py:188} INFO - [2025-11-02T19:16:31.100+0000] {dag.py:3036} INFO - Sync 1 DAGs
[2025-11-02T19:16:31.143+0000] {logging_mixin.py:188} INFO - [2025-11-02T19:16:31.143+0000] {dag.py:3823} INFO - Setting next_dagrun for example_trigger_target_dag to None, run_after=None
[2025-11-02T19:16:31.202+0000] {processor.py:183} INFO - Processing /home/airflow/.local/lib/python3.8/site-packages/airflow/example_dags/example_trigger_target_dag.py took 0.226 seconds
[2025-11-02T19:17:01.559+0000] {processor.py:161} INFO - Started process (PID=5681) to work on /home/airflow/.local/lib/python3.8/site-packages/airflow/example_dags/example_trigger_target_dag.py
[2025-11-02T19:17:01.562+0000] {processor.py:830} INFO - Processing file /home/airflow/.local/lib/python3.8/site-packages/airflow/example_dags/example_trigger_target_dag.py for tasks to queue
[2025-11-02T19:17:01.567+0000] {logging_mixin.py:188} INFO - [2025-11-02T19:17:01.566+0000] {dagbag.py:538} INFO - Filling up the DagBag from /home/airflow/.local/lib/python3.8/site-packages/airflow/example_dags/example_trigger_target_dag.py
[2025-11-02T19:17:01.582+0000] {processor.py:840} INFO - DAG(s) 'example_trigger_target_dag' retrieved from /home/airflow/.local/lib/python3.8/site-packages/airflow/example_dags/example_trigger_target_dag.py
[2025-11-02T19:17:01.635+0000] {logging_mixin.py:188} INFO - [2025-11-02T19:17:01.635+0000] {dag.py:3036} INFO - Sync 1 DAGs
[2025-11-02T19:17:01.675+0000] {logging_mixin.py:188} INFO - [2025-11-02T19:17:01.674+0000] {dag.py:3823} INFO - Setting next_dagrun for example_trigger_target_dag to None, run_after=None
[2025-11-02T19:17:01.716+0000] {processor.py:183} INFO - Processing /home/airflow/.local/lib/python3.8/site-packages/airflow/example_dags/example_trigger_target_dag.py took 0.167 seconds
[2025-11-02T19:17:31.932+0000] {processor.py:161} INFO - Started process (PID=5735) to work on /home/airflow/.local/lib/python3.8/site-packages/airflow/example_dags/example_trigger_target_dag.py
[2025-11-02T19:17:31.935+0000] {processor.py:830} INFO - Processing file /home/airflow/.local/lib/python3.8/site-packages/airflow/example_dags/example_trigger_target_dag.py for tasks to queue
[2025-11-02T19:17:31.941+0000] {logging_mixin.py:188} INFO - [2025-11-02T19:17:31.940+0000] {dagbag.py:538} INFO - Filling up the DagBag from /home/airflow/.local/lib/python3.8/site-packages/airflow/example_dags/example_trigger_target_dag.py
[2025-11-02T19:17:31.957+0000] {processor.py:840} INFO - DAG(s) 'example_trigger_target_dag' retrieved from /home/airflow/.local/lib/python3.8/site-packages/airflow/example_dags/example_trigger_target_dag.py
[2025-11-02T19:17:32.007+0000] {logging_mixin.py:188} INFO - [2025-11-02T19:17:32.006+0000] {dag.py:3036} INFO - Sync 1 DAGs
[2025-11-02T19:17:32.035+0000] {logging_mixin.py:188} INFO - [2025-11-02T19:17:32.035+0000] {dag.py:3823} INFO - Setting next_dagrun for example_trigger_target_dag to None, run_after=None
[2025-11-02T19:17:32.080+0000] {processor.py:183} INFO - Processing /home/airflow/.local/lib/python3.8/site-packages/airflow/example_dags/example_trigger_target_dag.py took 0.159 seconds
[2025-11-02T19:18:02.664+0000] {processor.py:161} INFO - Started process (PID=5790) to work on /home/airflow/.local/lib/python3.8/site-packages/airflow/example_dags/example_trigger_target_dag.py
[2025-11-02T19:18:02.666+0000] {processor.py:830} INFO - Processing file /home/airflow/.local/lib/python3.8/site-packages/airflow/example_dags/example_trigger_target_dag.py for tasks to queue
[2025-11-02T19:18:02.673+0000] {logging_mixin.py:188} INFO - [2025-11-02T19:18:02.672+0000] {dagbag.py:538} INFO - Filling up the DagBag from /home/airflow/.local/lib/python3.8/site-packages/airflow/example_dags/example_trigger_target_dag.py
[2025-11-02T19:18:02.694+0000] {processor.py:840} INFO - DAG(s) 'example_trigger_target_dag' retrieved from /home/airflow/.local/lib/python3.8/site-packages/airflow/example_dags/example_trigger_target_dag.py
[2025-11-02T19:18:02.751+0000] {logging_mixin.py:188} INFO - [2025-11-02T19:18:02.750+0000] {dag.py:3036} INFO - Sync 1 DAGs
[2025-11-02T19:18:02.787+0000] {logging_mixin.py:188} INFO - [2025-11-02T19:18:02.786+0000] {dag.py:3823} INFO - Setting next_dagrun for example_trigger_target_dag to None, run_after=None
[2025-11-02T19:18:02.837+0000] {processor.py:183} INFO - Processing /home/airflow/.local/lib/python3.8/site-packages/airflow/example_dags/example_trigger_target_dag.py took 0.186 seconds
[2025-11-02T19:18:33.206+0000] {processor.py:161} INFO - Started process (PID=5845) to work on /home/airflow/.local/lib/python3.8/site-packages/airflow/example_dags/example_trigger_target_dag.py
[2025-11-02T19:18:33.209+0000] {processor.py:830} INFO - Processing file /home/airflow/.local/lib/python3.8/site-packages/airflow/example_dags/example_trigger_target_dag.py for tasks to queue
[2025-11-02T19:18:33.216+0000] {logging_mixin.py:188} INFO - [2025-11-02T19:18:33.215+0000] {dagbag.py:538} INFO - Filling up the DagBag from /home/airflow/.local/lib/python3.8/site-packages/airflow/example_dags/example_trigger_target_dag.py
[2025-11-02T19:18:33.236+0000] {processor.py:840} INFO - DAG(s) 'example_trigger_target_dag' retrieved from /home/airflow/.local/lib/python3.8/site-packages/airflow/example_dags/example_trigger_target_dag.py
[2025-11-02T19:18:33.295+0000] {logging_mixin.py:188} INFO - [2025-11-02T19:18:33.294+0000] {dag.py:3036} INFO - Sync 1 DAGs
[2025-11-02T19:18:33.332+0000] {logging_mixin.py:188} INFO - [2025-11-02T19:18:33.331+0000] {dag.py:3823} INFO - Setting next_dagrun for example_trigger_target_dag to None, run_after=None
[2025-11-02T19:18:33.378+0000] {processor.py:183} INFO - Processing /home/airflow/.local/lib/python3.8/site-packages/airflow/example_dags/example_trigger_target_dag.py took 0.187 seconds
[2025-11-02T19:19:03.647+0000] {processor.py:161} INFO - Started process (PID=5899) to work on /home/airflow/.local/lib/python3.8/site-packages/airflow/example_dags/example_trigger_target_dag.py
[2025-11-02T19:19:03.650+0000] {processor.py:830} INFO - Processing file /home/airflow/.local/lib/python3.8/site-packages/airflow/example_dags/example_trigger_target_dag.py for tasks to queue
[2025-11-02T19:19:03.657+0000] {logging_mixin.py:188} INFO - [2025-11-02T19:19:03.656+0000] {dagbag.py:538} INFO - Filling up the DagBag from /home/airflow/.local/lib/python3.8/site-packages/airflow/example_dags/example_trigger_target_dag.py
[2025-11-02T19:19:03.671+0000] {processor.py:840} INFO - DAG(s) 'example_trigger_target_dag' retrieved from /home/airflow/.local/lib/python3.8/site-packages/airflow/example_dags/example_trigger_target_dag.py
[2025-11-02T19:19:03.723+0000] {logging_mixin.py:188} INFO - [2025-11-02T19:19:03.723+0000] {dag.py:3036} INFO - Sync 1 DAGs
[2025-11-02T19:19:03.756+0000] {logging_mixin.py:188} INFO - [2025-11-02T19:19:03.756+0000] {dag.py:3823} INFO - Setting next_dagrun for example_trigger_target_dag to None, run_after=None
[2025-11-02T19:19:03.808+0000] {processor.py:183} INFO - Processing /home/airflow/.local/lib/python3.8/site-packages/airflow/example_dags/example_trigger_target_dag.py took 0.170 seconds
[2025-11-02T19:19:34.413+0000] {processor.py:161} INFO - Started process (PID=5954) to work on /home/airflow/.local/lib/python3.8/site-packages/airflow/example_dags/example_trigger_target_dag.py
[2025-11-02T19:19:34.417+0000] {processor.py:830} INFO - Processing file /home/airflow/.local/lib/python3.8/site-packages/airflow/example_dags/example_trigger_target_dag.py for tasks to queue
[2025-11-02T19:19:34.423+0000] {logging_mixin.py:188} INFO - [2025-11-02T19:19:34.422+0000] {dagbag.py:538} INFO - Filling up the DagBag from /home/airflow/.local/lib/python3.8/site-packages/airflow/example_dags/example_trigger_target_dag.py
[2025-11-02T19:19:34.439+0000] {processor.py:840} INFO - DAG(s) 'example_trigger_target_dag' retrieved from /home/airflow/.local/lib/python3.8/site-packages/airflow/example_dags/example_trigger_target_dag.py
[2025-11-02T19:19:34.493+0000] {logging_mixin.py:188} INFO - [2025-11-02T19:19:34.493+0000] {dag.py:3036} INFO - Sync 1 DAGs
[2025-11-02T19:19:34.524+0000] {logging_mixin.py:188} INFO - [2025-11-02T19:19:34.523+0000] {dag.py:3823} INFO - Setting next_dagrun for example_trigger_target_dag to None, run_after=None
[2025-11-02T19:19:34.583+0000] {processor.py:183} INFO - Processing /home/airflow/.local/lib/python3.8/site-packages/airflow/example_dags/example_trigger_target_dag.py took 0.180 seconds
[2025-11-02T19:20:05.044+0000] {processor.py:161} INFO - Started process (PID=6010) to work on /home/airflow/.local/lib/python3.8/site-packages/airflow/example_dags/example_trigger_target_dag.py
[2025-11-02T19:20:05.046+0000] {processor.py:830} INFO - Processing file /home/airflow/.local/lib/python3.8/site-packages/airflow/example_dags/example_trigger_target_dag.py for tasks to queue
[2025-11-02T19:20:05.052+0000] {logging_mixin.py:188} INFO - [2025-11-02T19:20:05.051+0000] {dagbag.py:538} INFO - Filling up the DagBag from /home/airflow/.local/lib/python3.8/site-packages/airflow/example_dags/example_trigger_target_dag.py
[2025-11-02T19:20:05.070+0000] {processor.py:840} INFO - DAG(s) 'example_trigger_target_dag' retrieved from /home/airflow/.local/lib/python3.8/site-packages/airflow/example_dags/example_trigger_target_dag.py
[2025-11-02T19:20:05.133+0000] {logging_mixin.py:188} INFO - [2025-11-02T19:20:05.132+0000] {dag.py:3036} INFO - Sync 1 DAGs
[2025-11-02T19:20:05.166+0000] {logging_mixin.py:188} INFO - [2025-11-02T19:20:05.166+0000] {dag.py:3823} INFO - Setting next_dagrun for example_trigger_target_dag to None, run_after=None
[2025-11-02T19:20:05.216+0000] {processor.py:183} INFO - Processing /home/airflow/.local/lib/python3.8/site-packages/airflow/example_dags/example_trigger_target_dag.py took 0.182 seconds
[2025-11-02T19:20:35.365+0000] {processor.py:161} INFO - Started process (PID=6063) to work on /home/airflow/.local/lib/python3.8/site-packages/airflow/example_dags/example_trigger_target_dag.py
[2025-11-02T19:20:35.369+0000] {processor.py:830} INFO - Processing file /home/airflow/.local/lib/python3.8/site-packages/airflow/example_dags/example_trigger_target_dag.py for tasks to queue
[2025-11-02T19:20:35.377+0000] {logging_mixin.py:188} INFO - [2025-11-02T19:20:35.375+0000] {dagbag.py:538} INFO - Filling up the DagBag from /home/airflow/.local/lib/python3.8/site-packages/airflow/example_dags/example_trigger_target_dag.py
[2025-11-02T19:20:35.398+0000] {processor.py:840} INFO - DAG(s) 'example_trigger_target_dag' retrieved from /home/airflow/.local/lib/python3.8/site-packages/airflow/example_dags/example_trigger_target_dag.py
[2025-11-02T19:20:35.479+0000] {logging_mixin.py:188} INFO - [2025-11-02T19:20:35.478+0000] {dag.py:3036} INFO - Sync 1 DAGs
[2025-11-02T19:20:35.516+0000] {logging_mixin.py:188} INFO - [2025-11-02T19:20:35.515+0000] {dag.py:3823} INFO - Setting next_dagrun for example_trigger_target_dag to None, run_after=None
[2025-11-02T19:20:35.568+0000] {processor.py:183} INFO - Processing /home/airflow/.local/lib/python3.8/site-packages/airflow/example_dags/example_trigger_target_dag.py took 0.216 seconds
[2025-11-02T19:21:07.284+0000] {processor.py:161} INFO - Started process (PID=6118) to work on /home/airflow/.local/lib/python3.8/site-packages/airflow/example_dags/example_trigger_target_dag.py
[2025-11-02T19:21:07.297+0000] {processor.py:830} INFO - Processing file /home/airflow/.local/lib/python3.8/site-packages/airflow/example_dags/example_trigger_target_dag.py for tasks to queue
[2025-11-02T19:21:07.313+0000] {logging_mixin.py:188} INFO - [2025-11-02T19:21:07.312+0000] {dagbag.py:538} INFO - Filling up the DagBag from /home/airflow/.local/lib/python3.8/site-packages/airflow/example_dags/example_trigger_target_dag.py
[2025-11-02T19:21:07.350+0000] {processor.py:840} INFO - DAG(s) 'example_trigger_target_dag' retrieved from /home/airflow/.local/lib/python3.8/site-packages/airflow/example_dags/example_trigger_target_dag.py
[2025-11-02T19:21:07.426+0000] {logging_mixin.py:188} INFO - [2025-11-02T19:21:07.426+0000] {dag.py:3036} INFO - Sync 1 DAGs
[2025-11-02T19:21:07.461+0000] {logging_mixin.py:188} INFO - [2025-11-02T19:21:07.460+0000] {dag.py:3823} INFO - Setting next_dagrun for example_trigger_target_dag to None, run_after=None
[2025-11-02T19:21:07.512+0000] {processor.py:183} INFO - Processing /home/airflow/.local/lib/python3.8/site-packages/airflow/example_dags/example_trigger_target_dag.py took 0.256 seconds
[2025-11-02T19:21:37.862+0000] {processor.py:161} INFO - Started process (PID=6172) to work on /home/airflow/.local/lib/python3.8/site-packages/airflow/example_dags/example_trigger_target_dag.py
[2025-11-02T19:21:37.865+0000] {processor.py:830} INFO - Processing file /home/airflow/.local/lib/python3.8/site-packages/airflow/example_dags/example_trigger_target_dag.py for tasks to queue
[2025-11-02T19:21:37.870+0000] {logging_mixin.py:188} INFO - [2025-11-02T19:21:37.869+0000] {dagbag.py:538} INFO - Filling up the DagBag from /home/airflow/.local/lib/python3.8/site-packages/airflow/example_dags/example_trigger_target_dag.py
[2025-11-02T19:21:37.887+0000] {processor.py:840} INFO - DAG(s) 'example_trigger_target_dag' retrieved from /home/airflow/.local/lib/python3.8/site-packages/airflow/example_dags/example_trigger_target_dag.py
[2025-11-02T19:21:37.939+0000] {logging_mixin.py:188} INFO - [2025-11-02T19:21:37.939+0000] {dag.py:3036} INFO - Sync 1 DAGs
[2025-11-02T19:21:37.976+0000] {logging_mixin.py:188} INFO - [2025-11-02T19:21:37.976+0000] {dag.py:3823} INFO - Setting next_dagrun for example_trigger_target_dag to None, run_after=None
[2025-11-02T19:21:38.021+0000] {processor.py:183} INFO - Processing /home/airflow/.local/lib/python3.8/site-packages/airflow/example_dags/example_trigger_target_dag.py took 0.170 seconds
[2025-11-02T19:22:08.820+0000] {processor.py:161} INFO - Started process (PID=6226) to work on /home/airflow/.local/lib/python3.8/site-packages/airflow/example_dags/example_trigger_target_dag.py
[2025-11-02T19:22:08.824+0000] {processor.py:830} INFO - Processing file /home/airflow/.local/lib/python3.8/site-packages/airflow/example_dags/example_trigger_target_dag.py for tasks to queue
[2025-11-02T19:22:08.832+0000] {logging_mixin.py:188} INFO - [2025-11-02T19:22:08.831+0000] {dagbag.py:538} INFO - Filling up the DagBag from /home/airflow/.local/lib/python3.8/site-packages/airflow/example_dags/example_trigger_target_dag.py
[2025-11-02T19:22:08.857+0000] {processor.py:840} INFO - DAG(s) 'example_trigger_target_dag' retrieved from /home/airflow/.local/lib/python3.8/site-packages/airflow/example_dags/example_trigger_target_dag.py
[2025-11-02T19:22:08.931+0000] {logging_mixin.py:188} INFO - [2025-11-02T19:22:08.930+0000] {dag.py:3036} INFO - Sync 1 DAGs
[2025-11-02T19:22:08.997+0000] {logging_mixin.py:188} INFO - [2025-11-02T19:22:08.996+0000] {dag.py:3823} INFO - Setting next_dagrun for example_trigger_target_dag to None, run_after=None
[2025-11-02T19:22:09.058+0000] {processor.py:183} INFO - Processing /home/airflow/.local/lib/python3.8/site-packages/airflow/example_dags/example_trigger_target_dag.py took 0.251 seconds
[2025-11-02T19:22:39.774+0000] {processor.py:161} INFO - Started process (PID=6282) to work on /home/airflow/.local/lib/python3.8/site-packages/airflow/example_dags/example_trigger_target_dag.py
[2025-11-02T19:22:39.778+0000] {processor.py:830} INFO - Processing file /home/airflow/.local/lib/python3.8/site-packages/airflow/example_dags/example_trigger_target_dag.py for tasks to queue
[2025-11-02T19:22:39.785+0000] {logging_mixin.py:188} INFO - [2025-11-02T19:22:39.784+0000] {dagbag.py:538} INFO - Filling up the DagBag from /home/airflow/.local/lib/python3.8/site-packages/airflow/example_dags/example_trigger_target_dag.py
[2025-11-02T19:22:39.806+0000] {processor.py:840} INFO - DAG(s) 'example_trigger_target_dag' retrieved from /home/airflow/.local/lib/python3.8/site-packages/airflow/example_dags/example_trigger_target_dag.py
[2025-11-02T19:22:39.871+0000] {logging_mixin.py:188} INFO - [2025-11-02T19:22:39.870+0000] {dag.py:3036} INFO - Sync 1 DAGs
[2025-11-02T19:22:39.913+0000] {logging_mixin.py:188} INFO - [2025-11-02T19:22:39.913+0000] {dag.py:3823} INFO - Setting next_dagrun for example_trigger_target_dag to None, run_after=None
[2025-11-02T19:22:40.011+0000] {processor.py:183} INFO - Processing /home/airflow/.local/lib/python3.8/site-packages/airflow/example_dags/example_trigger_target_dag.py took 0.250 seconds
[2025-11-02T19:23:10.171+0000] {processor.py:161} INFO - Started process (PID=6337) to work on /home/airflow/.local/lib/python3.8/site-packages/airflow/example_dags/example_trigger_target_dag.py
[2025-11-02T19:23:10.174+0000] {processor.py:830} INFO - Processing file /home/airflow/.local/lib/python3.8/site-packages/airflow/example_dags/example_trigger_target_dag.py for tasks to queue
[2025-11-02T19:23:10.179+0000] {logging_mixin.py:188} INFO - [2025-11-02T19:23:10.178+0000] {dagbag.py:538} INFO - Filling up the DagBag from /home/airflow/.local/lib/python3.8/site-packages/airflow/example_dags/example_trigger_target_dag.py
[2025-11-02T19:23:10.199+0000] {processor.py:840} INFO - DAG(s) 'example_trigger_target_dag' retrieved from /home/airflow/.local/lib/python3.8/site-packages/airflow/example_dags/example_trigger_target_dag.py
[2025-11-02T19:23:10.255+0000] {logging_mixin.py:188} INFO - [2025-11-02T19:23:10.254+0000] {dag.py:3036} INFO - Sync 1 DAGs
[2025-11-02T19:23:10.286+0000] {logging_mixin.py:188} INFO - [2025-11-02T19:23:10.285+0000] {dag.py:3823} INFO - Setting next_dagrun for example_trigger_target_dag to None, run_after=None
[2025-11-02T19:23:10.330+0000] {processor.py:183} INFO - Processing /home/airflow/.local/lib/python3.8/site-packages/airflow/example_dags/example_trigger_target_dag.py took 0.169 seconds
[2025-11-02T19:23:40.619+0000] {processor.py:161} INFO - Started process (PID=6392) to work on /home/airflow/.local/lib/python3.8/site-packages/airflow/example_dags/example_trigger_target_dag.py
[2025-11-02T19:23:40.622+0000] {processor.py:830} INFO - Processing file /home/airflow/.local/lib/python3.8/site-packages/airflow/example_dags/example_trigger_target_dag.py for tasks to queue
[2025-11-02T19:23:40.627+0000] {logging_mixin.py:188} INFO - [2025-11-02T19:23:40.627+0000] {dagbag.py:538} INFO - Filling up the DagBag from /home/airflow/.local/lib/python3.8/site-packages/airflow/example_dags/example_trigger_target_dag.py
[2025-11-02T19:23:40.645+0000] {processor.py:840} INFO - DAG(s) 'example_trigger_target_dag' retrieved from /home/airflow/.local/lib/python3.8/site-packages/airflow/example_dags/example_trigger_target_dag.py
[2025-11-02T19:23:40.764+0000] {logging_mixin.py:188} INFO - [2025-11-02T19:23:40.764+0000] {dag.py:3036} INFO - Sync 1 DAGs
[2025-11-02T19:23:40.802+0000] {logging_mixin.py:188} INFO - [2025-11-02T19:23:40.802+0000] {dag.py:3823} INFO - Setting next_dagrun for example_trigger_target_dag to None, run_after=None
[2025-11-02T19:23:40.853+0000] {processor.py:183} INFO - Processing /home/airflow/.local/lib/python3.8/site-packages/airflow/example_dags/example_trigger_target_dag.py took 0.246 seconds
[2025-11-02T19:24:11.232+0000] {processor.py:161} INFO - Started process (PID=6447) to work on /home/airflow/.local/lib/python3.8/site-packages/airflow/example_dags/example_trigger_target_dag.py
[2025-11-02T19:24:11.236+0000] {processor.py:830} INFO - Processing file /home/airflow/.local/lib/python3.8/site-packages/airflow/example_dags/example_trigger_target_dag.py for tasks to queue
[2025-11-02T19:24:11.242+0000] {logging_mixin.py:188} INFO - [2025-11-02T19:24:11.241+0000] {dagbag.py:538} INFO - Filling up the DagBag from /home/airflow/.local/lib/python3.8/site-packages/airflow/example_dags/example_trigger_target_dag.py
[2025-11-02T19:24:11.258+0000] {processor.py:840} INFO - DAG(s) 'example_trigger_target_dag' retrieved from /home/airflow/.local/lib/python3.8/site-packages/airflow/example_dags/example_trigger_target_dag.py
[2025-11-02T19:24:11.319+0000] {logging_mixin.py:188} INFO - [2025-11-02T19:24:11.319+0000] {dag.py:3036} INFO - Sync 1 DAGs
[2025-11-02T19:24:11.360+0000] {logging_mixin.py:188} INFO - [2025-11-02T19:24:11.359+0000] {dag.py:3823} INFO - Setting next_dagrun for example_trigger_target_dag to None, run_after=None
[2025-11-02T19:24:11.411+0000] {processor.py:183} INFO - Processing /home/airflow/.local/lib/python3.8/site-packages/airflow/example_dags/example_trigger_target_dag.py took 0.191 seconds
[2025-11-02T19:24:41.943+0000] {processor.py:161} INFO - Started process (PID=6503) to work on /home/airflow/.local/lib/python3.8/site-packages/airflow/example_dags/example_trigger_target_dag.py
[2025-11-02T19:24:41.946+0000] {processor.py:830} INFO - Processing file /home/airflow/.local/lib/python3.8/site-packages/airflow/example_dags/example_trigger_target_dag.py for tasks to queue
[2025-11-02T19:24:41.955+0000] {logging_mixin.py:188} INFO - [2025-11-02T19:24:41.954+0000] {dagbag.py:538} INFO - Filling up the DagBag from /home/airflow/.local/lib/python3.8/site-packages/airflow/example_dags/example_trigger_target_dag.py
[2025-11-02T19:24:41.978+0000] {processor.py:840} INFO - DAG(s) 'example_trigger_target_dag' retrieved from /home/airflow/.local/lib/python3.8/site-packages/airflow/example_dags/example_trigger_target_dag.py
[2025-11-02T19:24:42.035+0000] {logging_mixin.py:188} INFO - [2025-11-02T19:24:42.035+0000] {dag.py:3036} INFO - Sync 1 DAGs
[2025-11-02T19:24:42.075+0000] {logging_mixin.py:188} INFO - [2025-11-02T19:24:42.075+0000] {dag.py:3823} INFO - Setting next_dagrun for example_trigger_target_dag to None, run_after=None
[2025-11-02T19:24:42.127+0000] {processor.py:183} INFO - Processing /home/airflow/.local/lib/python3.8/site-packages/airflow/example_dags/example_trigger_target_dag.py took 0.197 seconds
[2025-11-02T19:25:12.260+0000] {processor.py:161} INFO - Started process (PID=6556) to work on /home/airflow/.local/lib/python3.8/site-packages/airflow/example_dags/example_trigger_target_dag.py
[2025-11-02T19:25:12.263+0000] {processor.py:830} INFO - Processing file /home/airflow/.local/lib/python3.8/site-packages/airflow/example_dags/example_trigger_target_dag.py for tasks to queue
[2025-11-02T19:25:12.267+0000] {logging_mixin.py:188} INFO - [2025-11-02T19:25:12.267+0000] {dagbag.py:538} INFO - Filling up the DagBag from /home/airflow/.local/lib/python3.8/site-packages/airflow/example_dags/example_trigger_target_dag.py
[2025-11-02T19:25:12.285+0000] {processor.py:840} INFO - DAG(s) 'example_trigger_target_dag' retrieved from /home/airflow/.local/lib/python3.8/site-packages/airflow/example_dags/example_trigger_target_dag.py
[2025-11-02T19:25:12.335+0000] {logging_mixin.py:188} INFO - [2025-11-02T19:25:12.334+0000] {dag.py:3036} INFO - Sync 1 DAGs
[2025-11-02T19:25:12.362+0000] {logging_mixin.py:188} INFO - [2025-11-02T19:25:12.361+0000] {dag.py:3823} INFO - Setting next_dagrun for example_trigger_target_dag to None, run_after=None
[2025-11-02T19:25:12.404+0000] {processor.py:183} INFO - Processing /home/airflow/.local/lib/python3.8/site-packages/airflow/example_dags/example_trigger_target_dag.py took 0.152 seconds
[2025-11-02T19:25:43.452+0000] {processor.py:161} INFO - Started process (PID=6610) to work on /home/airflow/.local/lib/python3.8/site-packages/airflow/example_dags/example_trigger_target_dag.py
[2025-11-02T19:25:43.455+0000] {processor.py:830} INFO - Processing file /home/airflow/.local/lib/python3.8/site-packages/airflow/example_dags/example_trigger_target_dag.py for tasks to queue
[2025-11-02T19:25:43.462+0000] {logging_mixin.py:188} INFO - [2025-11-02T19:25:43.461+0000] {dagbag.py:538} INFO - Filling up the DagBag from /home/airflow/.local/lib/python3.8/site-packages/airflow/example_dags/example_trigger_target_dag.py
[2025-11-02T19:25:43.497+0000] {processor.py:840} INFO - DAG(s) 'example_trigger_target_dag' retrieved from /home/airflow/.local/lib/python3.8/site-packages/airflow/example_dags/example_trigger_target_dag.py
[2025-11-02T19:25:43.601+0000] {logging_mixin.py:188} INFO - [2025-11-02T19:25:43.601+0000] {dag.py:3036} INFO - Sync 1 DAGs
[2025-11-02T19:25:43.637+0000] {logging_mixin.py:188} INFO - [2025-11-02T19:25:43.637+0000] {dag.py:3823} INFO - Setting next_dagrun for example_trigger_target_dag to None, run_after=None
[2025-11-02T19:25:43.679+0000] {processor.py:183} INFO - Processing /home/airflow/.local/lib/python3.8/site-packages/airflow/example_dags/example_trigger_target_dag.py took 0.246 seconds
[2025-11-02T19:26:14.238+0000] {processor.py:161} INFO - Started process (PID=6665) to work on /home/airflow/.local/lib/python3.8/site-packages/airflow/example_dags/example_trigger_target_dag.py
[2025-11-02T19:26:14.243+0000] {processor.py:830} INFO - Processing file /home/airflow/.local/lib/python3.8/site-packages/airflow/example_dags/example_trigger_target_dag.py for tasks to queue
[2025-11-02T19:26:14.251+0000] {logging_mixin.py:188} INFO - [2025-11-02T19:26:14.250+0000] {dagbag.py:538} INFO - Filling up the DagBag from /home/airflow/.local/lib/python3.8/site-packages/airflow/example_dags/example_trigger_target_dag.py
[2025-11-02T19:26:14.274+0000] {processor.py:840} INFO - DAG(s) 'example_trigger_target_dag' retrieved from /home/airflow/.local/lib/python3.8/site-packages/airflow/example_dags/example_trigger_target_dag.py
[2025-11-02T19:26:14.346+0000] {logging_mixin.py:188} INFO - [2025-11-02T19:26:14.346+0000] {dag.py:3036} INFO - Sync 1 DAGs
[2025-11-02T19:26:14.397+0000] {logging_mixin.py:188} INFO - [2025-11-02T19:26:14.396+0000] {dag.py:3823} INFO - Setting next_dagrun for example_trigger_target_dag to None, run_after=None
[2025-11-02T19:26:14.491+0000] {processor.py:183} INFO - Processing /home/airflow/.local/lib/python3.8/site-packages/airflow/example_dags/example_trigger_target_dag.py took 0.276 seconds
[2025-11-02T19:26:45.281+0000] {processor.py:161} INFO - Started process (PID=6720) to work on /home/airflow/.local/lib/python3.8/site-packages/airflow/example_dags/example_trigger_target_dag.py
[2025-11-02T19:26:45.284+0000] {processor.py:830} INFO - Processing file /home/airflow/.local/lib/python3.8/site-packages/airflow/example_dags/example_trigger_target_dag.py for tasks to queue
[2025-11-02T19:26:45.289+0000] {logging_mixin.py:188} INFO - [2025-11-02T19:26:45.289+0000] {dagbag.py:538} INFO - Filling up the DagBag from /home/airflow/.local/lib/python3.8/site-packages/airflow/example_dags/example_trigger_target_dag.py
[2025-11-02T19:26:45.306+0000] {processor.py:840} INFO - DAG(s) 'example_trigger_target_dag' retrieved from /home/airflow/.local/lib/python3.8/site-packages/airflow/example_dags/example_trigger_target_dag.py
[2025-11-02T19:26:45.357+0000] {logging_mixin.py:188} INFO - [2025-11-02T19:26:45.357+0000] {dag.py:3036} INFO - Sync 1 DAGs
[2025-11-02T19:26:45.391+0000] {logging_mixin.py:188} INFO - [2025-11-02T19:26:45.391+0000] {dag.py:3823} INFO - Setting next_dagrun for example_trigger_target_dag to None, run_after=None
[2025-11-02T19:26:45.433+0000] {processor.py:183} INFO - Processing /home/airflow/.local/lib/python3.8/site-packages/airflow/example_dags/example_trigger_target_dag.py took 0.161 seconds
[2025-11-02T19:27:15.629+0000] {processor.py:161} INFO - Started process (PID=6775) to work on /home/airflow/.local/lib/python3.8/site-packages/airflow/example_dags/example_trigger_target_dag.py
[2025-11-02T19:27:15.632+0000] {processor.py:830} INFO - Processing file /home/airflow/.local/lib/python3.8/site-packages/airflow/example_dags/example_trigger_target_dag.py for tasks to queue
[2025-11-02T19:27:15.639+0000] {logging_mixin.py:188} INFO - [2025-11-02T19:27:15.638+0000] {dagbag.py:538} INFO - Filling up the DagBag from /home/airflow/.local/lib/python3.8/site-packages/airflow/example_dags/example_trigger_target_dag.py
[2025-11-02T19:27:15.658+0000] {processor.py:840} INFO - DAG(s) 'example_trigger_target_dag' retrieved from /home/airflow/.local/lib/python3.8/site-packages/airflow/example_dags/example_trigger_target_dag.py
[2025-11-02T19:27:15.714+0000] {logging_mixin.py:188} INFO - [2025-11-02T19:27:15.713+0000] {dag.py:3036} INFO - Sync 1 DAGs
[2025-11-02T19:27:15.747+0000] {logging_mixin.py:188} INFO - [2025-11-02T19:27:15.746+0000] {dag.py:3823} INFO - Setting next_dagrun for example_trigger_target_dag to None, run_after=None
[2025-11-02T19:27:15.804+0000] {processor.py:183} INFO - Processing /home/airflow/.local/lib/python3.8/site-packages/airflow/example_dags/example_trigger_target_dag.py took 0.186 seconds
[2025-11-02T19:27:46.446+0000] {processor.py:161} INFO - Started process (PID=6831) to work on /home/airflow/.local/lib/python3.8/site-packages/airflow/example_dags/example_trigger_target_dag.py
[2025-11-02T19:27:46.454+0000] {processor.py:830} INFO - Processing file /home/airflow/.local/lib/python3.8/site-packages/airflow/example_dags/example_trigger_target_dag.py for tasks to queue
[2025-11-02T19:27:46.474+0000] {logging_mixin.py:188} INFO - [2025-11-02T19:27:46.469+0000] {dagbag.py:538} INFO - Filling up the DagBag from /home/airflow/.local/lib/python3.8/site-packages/airflow/example_dags/example_trigger_target_dag.py
[2025-11-02T19:27:46.520+0000] {processor.py:840} INFO - DAG(s) 'example_trigger_target_dag' retrieved from /home/airflow/.local/lib/python3.8/site-packages/airflow/example_dags/example_trigger_target_dag.py
[2025-11-02T19:27:46.663+0000] {logging_mixin.py:188} INFO - [2025-11-02T19:27:46.662+0000] {dag.py:3036} INFO - Sync 1 DAGs
[2025-11-02T19:27:46.700+0000] {logging_mixin.py:188} INFO - [2025-11-02T19:27:46.699+0000] {dag.py:3823} INFO - Setting next_dagrun for example_trigger_target_dag to None, run_after=None
[2025-11-02T19:27:46.752+0000] {processor.py:183} INFO - Processing /home/airflow/.local/lib/python3.8/site-packages/airflow/example_dags/example_trigger_target_dag.py took 0.344 seconds
[2025-11-02T19:28:17.643+0000] {processor.py:161} INFO - Started process (PID=6886) to work on /home/airflow/.local/lib/python3.8/site-packages/airflow/example_dags/example_trigger_target_dag.py
[2025-11-02T19:28:17.647+0000] {processor.py:830} INFO - Processing file /home/airflow/.local/lib/python3.8/site-packages/airflow/example_dags/example_trigger_target_dag.py for tasks to queue
[2025-11-02T19:28:17.654+0000] {logging_mixin.py:188} INFO - [2025-11-02T19:28:17.653+0000] {dagbag.py:538} INFO - Filling up the DagBag from /home/airflow/.local/lib/python3.8/site-packages/airflow/example_dags/example_trigger_target_dag.py
[2025-11-02T19:28:17.682+0000] {processor.py:840} INFO - DAG(s) 'example_trigger_target_dag' retrieved from /home/airflow/.local/lib/python3.8/site-packages/airflow/example_dags/example_trigger_target_dag.py
[2025-11-02T19:28:17.730+0000] {logging_mixin.py:188} INFO - [2025-11-02T19:28:17.729+0000] {dag.py:3036} INFO - Sync 1 DAGs
[2025-11-02T19:28:17.763+0000] {logging_mixin.py:188} INFO - [2025-11-02T19:28:17.763+0000] {dag.py:3823} INFO - Setting next_dagrun for example_trigger_target_dag to None, run_after=None
[2025-11-02T19:28:17.809+0000] {processor.py:183} INFO - Processing /home/airflow/.local/lib/python3.8/site-packages/airflow/example_dags/example_trigger_target_dag.py took 0.176 seconds
[2025-11-02T19:28:48.428+0000] {processor.py:161} INFO - Started process (PID=6941) to work on /home/airflow/.local/lib/python3.8/site-packages/airflow/example_dags/example_trigger_target_dag.py
[2025-11-02T19:28:48.432+0000] {processor.py:830} INFO - Processing file /home/airflow/.local/lib/python3.8/site-packages/airflow/example_dags/example_trigger_target_dag.py for tasks to queue
[2025-11-02T19:28:48.439+0000] {logging_mixin.py:188} INFO - [2025-11-02T19:28:48.438+0000] {dagbag.py:538} INFO - Filling up the DagBag from /home/airflow/.local/lib/python3.8/site-packages/airflow/example_dags/example_trigger_target_dag.py
[2025-11-02T19:28:48.458+0000] {processor.py:840} INFO - DAG(s) 'example_trigger_target_dag' retrieved from /home/airflow/.local/lib/python3.8/site-packages/airflow/example_dags/example_trigger_target_dag.py
[2025-11-02T19:28:48.514+0000] {logging_mixin.py:188} INFO - [2025-11-02T19:28:48.514+0000] {dag.py:3036} INFO - Sync 1 DAGs
[2025-11-02T19:28:48.551+0000] {logging_mixin.py:188} INFO - [2025-11-02T19:28:48.550+0000] {dag.py:3823} INFO - Setting next_dagrun for example_trigger_target_dag to None, run_after=None
[2025-11-02T19:28:48.599+0000] {processor.py:183} INFO - Processing /home/airflow/.local/lib/python3.8/site-packages/airflow/example_dags/example_trigger_target_dag.py took 0.184 seconds
[2025-11-02T19:29:18.880+0000] {processor.py:161} INFO - Started process (PID=6995) to work on /home/airflow/.local/lib/python3.8/site-packages/airflow/example_dags/example_trigger_target_dag.py
[2025-11-02T19:29:18.886+0000] {processor.py:830} INFO - Processing file /home/airflow/.local/lib/python3.8/site-packages/airflow/example_dags/example_trigger_target_dag.py for tasks to queue
[2025-11-02T19:29:18.899+0000] {logging_mixin.py:188} INFO - [2025-11-02T19:29:18.897+0000] {dagbag.py:538} INFO - Filling up the DagBag from /home/airflow/.local/lib/python3.8/site-packages/airflow/example_dags/example_trigger_target_dag.py
[2025-11-02T19:29:18.961+0000] {processor.py:840} INFO - DAG(s) 'example_trigger_target_dag' retrieved from /home/airflow/.local/lib/python3.8/site-packages/airflow/example_dags/example_trigger_target_dag.py
[2025-11-02T19:29:19.097+0000] {logging_mixin.py:188} INFO - [2025-11-02T19:29:19.096+0000] {dag.py:3036} INFO - Sync 1 DAGs
[2025-11-02T19:29:19.171+0000] {logging_mixin.py:188} INFO - [2025-11-02T19:29:19.170+0000] {dag.py:3823} INFO - Setting next_dagrun for example_trigger_target_dag to None, run_after=None
[2025-11-02T19:29:19.267+0000] {processor.py:183} INFO - Processing /home/airflow/.local/lib/python3.8/site-packages/airflow/example_dags/example_trigger_target_dag.py took 0.410 seconds
[2025-11-02T19:29:49.441+0000] {processor.py:161} INFO - Started process (PID=7051) to work on /home/airflow/.local/lib/python3.8/site-packages/airflow/example_dags/example_trigger_target_dag.py
[2025-11-02T19:29:49.444+0000] {processor.py:830} INFO - Processing file /home/airflow/.local/lib/python3.8/site-packages/airflow/example_dags/example_trigger_target_dag.py for tasks to queue
[2025-11-02T19:29:49.451+0000] {logging_mixin.py:188} INFO - [2025-11-02T19:29:49.450+0000] {dagbag.py:538} INFO - Filling up the DagBag from /home/airflow/.local/lib/python3.8/site-packages/airflow/example_dags/example_trigger_target_dag.py
[2025-11-02T19:29:49.470+0000] {processor.py:840} INFO - DAG(s) 'example_trigger_target_dag' retrieved from /home/airflow/.local/lib/python3.8/site-packages/airflow/example_dags/example_trigger_target_dag.py
[2025-11-02T19:29:49.549+0000] {logging_mixin.py:188} INFO - [2025-11-02T19:29:49.548+0000] {dag.py:3036} INFO - Sync 1 DAGs
[2025-11-02T19:29:49.588+0000] {logging_mixin.py:188} INFO - [2025-11-02T19:29:49.587+0000] {dag.py:3823} INFO - Setting next_dagrun for example_trigger_target_dag to None, run_after=None
[2025-11-02T19:29:49.690+0000] {processor.py:183} INFO - Processing /home/airflow/.local/lib/python3.8/site-packages/airflow/example_dags/example_trigger_target_dag.py took 0.262 seconds
[2025-11-02T19:30:20.353+0000] {processor.py:161} INFO - Started process (PID=7106) to work on /home/airflow/.local/lib/python3.8/site-packages/airflow/example_dags/example_trigger_target_dag.py
[2025-11-02T19:30:20.357+0000] {processor.py:830} INFO - Processing file /home/airflow/.local/lib/python3.8/site-packages/airflow/example_dags/example_trigger_target_dag.py for tasks to queue
[2025-11-02T19:30:20.367+0000] {logging_mixin.py:188} INFO - [2025-11-02T19:30:20.366+0000] {dagbag.py:538} INFO - Filling up the DagBag from /home/airflow/.local/lib/python3.8/site-packages/airflow/example_dags/example_trigger_target_dag.py
[2025-11-02T19:30:20.388+0000] {processor.py:840} INFO - DAG(s) 'example_trigger_target_dag' retrieved from /home/airflow/.local/lib/python3.8/site-packages/airflow/example_dags/example_trigger_target_dag.py
[2025-11-02T19:30:20.454+0000] {logging_mixin.py:188} INFO - [2025-11-02T19:30:20.453+0000] {dag.py:3036} INFO - Sync 1 DAGs
[2025-11-02T19:30:20.486+0000] {logging_mixin.py:188} INFO - [2025-11-02T19:30:20.486+0000] {dag.py:3823} INFO - Setting next_dagrun for example_trigger_target_dag to None, run_after=None
[2025-11-02T19:30:20.540+0000] {processor.py:183} INFO - Processing /home/airflow/.local/lib/python3.8/site-packages/airflow/example_dags/example_trigger_target_dag.py took 0.204 seconds
[2025-11-02T19:30:51.050+0000] {processor.py:161} INFO - Started process (PID=7161) to work on /home/airflow/.local/lib/python3.8/site-packages/airflow/example_dags/example_trigger_target_dag.py
[2025-11-02T19:30:51.053+0000] {processor.py:830} INFO - Processing file /home/airflow/.local/lib/python3.8/site-packages/airflow/example_dags/example_trigger_target_dag.py for tasks to queue
[2025-11-02T19:30:51.060+0000] {logging_mixin.py:188} INFO - [2025-11-02T19:30:51.059+0000] {dagbag.py:538} INFO - Filling up the DagBag from /home/airflow/.local/lib/python3.8/site-packages/airflow/example_dags/example_trigger_target_dag.py
[2025-11-02T19:30:51.079+0000] {processor.py:840} INFO - DAG(s) 'example_trigger_target_dag' retrieved from /home/airflow/.local/lib/python3.8/site-packages/airflow/example_dags/example_trigger_target_dag.py
[2025-11-02T19:30:51.141+0000] {logging_mixin.py:188} INFO - [2025-11-02T19:30:51.140+0000] {dag.py:3036} INFO - Sync 1 DAGs
[2025-11-02T19:30:51.179+0000] {logging_mixin.py:188} INFO - [2025-11-02T19:30:51.178+0000] {dag.py:3823} INFO - Setting next_dagrun for example_trigger_target_dag to None, run_after=None
[2025-11-02T19:30:51.232+0000] {processor.py:183} INFO - Processing /home/airflow/.local/lib/python3.8/site-packages/airflow/example_dags/example_trigger_target_dag.py took 0.193 seconds
[2025-11-02T19:31:22.234+0000] {processor.py:161} INFO - Started process (PID=7216) to work on /home/airflow/.local/lib/python3.8/site-packages/airflow/example_dags/example_trigger_target_dag.py
[2025-11-02T19:31:22.238+0000] {processor.py:830} INFO - Processing file /home/airflow/.local/lib/python3.8/site-packages/airflow/example_dags/example_trigger_target_dag.py for tasks to queue
[2025-11-02T19:31:22.246+0000] {logging_mixin.py:188} INFO - [2025-11-02T19:31:22.245+0000] {dagbag.py:538} INFO - Filling up the DagBag from /home/airflow/.local/lib/python3.8/site-packages/airflow/example_dags/example_trigger_target_dag.py
[2025-11-02T19:31:22.278+0000] {processor.py:840} INFO - DAG(s) 'example_trigger_target_dag' retrieved from /home/airflow/.local/lib/python3.8/site-packages/airflow/example_dags/example_trigger_target_dag.py
[2025-11-02T19:31:22.354+0000] {logging_mixin.py:188} INFO - [2025-11-02T19:31:22.353+0000] {dag.py:3036} INFO - Sync 1 DAGs
[2025-11-02T19:31:22.400+0000] {logging_mixin.py:188} INFO - [2025-11-02T19:31:22.399+0000] {dag.py:3823} INFO - Setting next_dagrun for example_trigger_target_dag to None, run_after=None
[2025-11-02T19:31:22.451+0000] {processor.py:183} INFO - Processing /home/airflow/.local/lib/python3.8/site-packages/airflow/example_dags/example_trigger_target_dag.py took 0.239 seconds
[2025-11-02T19:31:52.608+0000] {processor.py:161} INFO - Started process (PID=7270) to work on /home/airflow/.local/lib/python3.8/site-packages/airflow/example_dags/example_trigger_target_dag.py
[2025-11-02T19:31:52.612+0000] {processor.py:830} INFO - Processing file /home/airflow/.local/lib/python3.8/site-packages/airflow/example_dags/example_trigger_target_dag.py for tasks to queue
[2025-11-02T19:31:52.620+0000] {logging_mixin.py:188} INFO - [2025-11-02T19:31:52.619+0000] {dagbag.py:538} INFO - Filling up the DagBag from /home/airflow/.local/lib/python3.8/site-packages/airflow/example_dags/example_trigger_target_dag.py
[2025-11-02T19:31:52.641+0000] {processor.py:840} INFO - DAG(s) 'example_trigger_target_dag' retrieved from /home/airflow/.local/lib/python3.8/site-packages/airflow/example_dags/example_trigger_target_dag.py
[2025-11-02T19:31:52.700+0000] {logging_mixin.py:188} INFO - [2025-11-02T19:31:52.699+0000] {dag.py:3036} INFO - Sync 1 DAGs
[2025-11-02T19:31:52.755+0000] {logging_mixin.py:188} INFO - [2025-11-02T19:31:52.749+0000] {dag.py:3823} INFO - Setting next_dagrun for example_trigger_target_dag to None, run_after=None
[2025-11-02T19:31:52.816+0000] {processor.py:183} INFO - Processing /home/airflow/.local/lib/python3.8/site-packages/airflow/example_dags/example_trigger_target_dag.py took 0.222 seconds
[2025-11-02T19:32:23.705+0000] {processor.py:161} INFO - Started process (PID=7326) to work on /home/airflow/.local/lib/python3.8/site-packages/airflow/example_dags/example_trigger_target_dag.py
[2025-11-02T19:32:23.708+0000] {processor.py:830} INFO - Processing file /home/airflow/.local/lib/python3.8/site-packages/airflow/example_dags/example_trigger_target_dag.py for tasks to queue
[2025-11-02T19:32:23.714+0000] {logging_mixin.py:188} INFO - [2025-11-02T19:32:23.713+0000] {dagbag.py:538} INFO - Filling up the DagBag from /home/airflow/.local/lib/python3.8/site-packages/airflow/example_dags/example_trigger_target_dag.py
[2025-11-02T19:32:23.731+0000] {processor.py:840} INFO - DAG(s) 'example_trigger_target_dag' retrieved from /home/airflow/.local/lib/python3.8/site-packages/airflow/example_dags/example_trigger_target_dag.py
[2025-11-02T19:32:23.796+0000] {logging_mixin.py:188} INFO - [2025-11-02T19:32:23.795+0000] {dag.py:3036} INFO - Sync 1 DAGs
[2025-11-02T19:32:23.832+0000] {logging_mixin.py:188} INFO - [2025-11-02T19:32:23.832+0000] {dag.py:3823} INFO - Setting next_dagrun for example_trigger_target_dag to None, run_after=None
[2025-11-02T19:32:23.889+0000] {processor.py:183} INFO - Processing /home/airflow/.local/lib/python3.8/site-packages/airflow/example_dags/example_trigger_target_dag.py took 0.195 seconds
[2025-11-02T19:32:54.776+0000] {processor.py:161} INFO - Started process (PID=7381) to work on /home/airflow/.local/lib/python3.8/site-packages/airflow/example_dags/example_trigger_target_dag.py
[2025-11-02T19:32:54.779+0000] {processor.py:830} INFO - Processing file /home/airflow/.local/lib/python3.8/site-packages/airflow/example_dags/example_trigger_target_dag.py for tasks to queue
[2025-11-02T19:32:54.788+0000] {logging_mixin.py:188} INFO - [2025-11-02T19:32:54.787+0000] {dagbag.py:538} INFO - Filling up the DagBag from /home/airflow/.local/lib/python3.8/site-packages/airflow/example_dags/example_trigger_target_dag.py
[2025-11-02T19:32:54.819+0000] {processor.py:840} INFO - DAG(s) 'example_trigger_target_dag' retrieved from /home/airflow/.local/lib/python3.8/site-packages/airflow/example_dags/example_trigger_target_dag.py
[2025-11-02T19:32:54.924+0000] {logging_mixin.py:188} INFO - [2025-11-02T19:32:54.924+0000] {dag.py:3036} INFO - Sync 1 DAGs
[2025-11-02T19:32:54.963+0000] {logging_mixin.py:188} INFO - [2025-11-02T19:32:54.963+0000] {dag.py:3823} INFO - Setting next_dagrun for example_trigger_target_dag to None, run_after=None
[2025-11-02T19:32:55.010+0000] {processor.py:183} INFO - Processing /home/airflow/.local/lib/python3.8/site-packages/airflow/example_dags/example_trigger_target_dag.py took 0.253 seconds
[2025-11-02T19:33:25.356+0000] {processor.py:161} INFO - Started process (PID=7435) to work on /home/airflow/.local/lib/python3.8/site-packages/airflow/example_dags/example_trigger_target_dag.py
[2025-11-02T19:33:25.359+0000] {processor.py:830} INFO - Processing file /home/airflow/.local/lib/python3.8/site-packages/airflow/example_dags/example_trigger_target_dag.py for tasks to queue
[2025-11-02T19:33:25.364+0000] {logging_mixin.py:188} INFO - [2025-11-02T19:33:25.363+0000] {dagbag.py:538} INFO - Filling up the DagBag from /home/airflow/.local/lib/python3.8/site-packages/airflow/example_dags/example_trigger_target_dag.py
[2025-11-02T19:33:25.384+0000] {processor.py:840} INFO - DAG(s) 'example_trigger_target_dag' retrieved from /home/airflow/.local/lib/python3.8/site-packages/airflow/example_dags/example_trigger_target_dag.py
[2025-11-02T19:33:25.443+0000] {logging_mixin.py:188} INFO - [2025-11-02T19:33:25.442+0000] {dag.py:3036} INFO - Sync 1 DAGs
[2025-11-02T19:33:25.485+0000] {logging_mixin.py:188} INFO - [2025-11-02T19:33:25.485+0000] {dag.py:3823} INFO - Setting next_dagrun for example_trigger_target_dag to None, run_after=None
[2025-11-02T19:33:25.536+0000] {processor.py:183} INFO - Processing /home/airflow/.local/lib/python3.8/site-packages/airflow/example_dags/example_trigger_target_dag.py took 0.187 seconds
[2025-11-02T19:33:56.289+0000] {processor.py:161} INFO - Started process (PID=7491) to work on /home/airflow/.local/lib/python3.8/site-packages/airflow/example_dags/example_trigger_target_dag.py
[2025-11-02T19:33:56.292+0000] {processor.py:830} INFO - Processing file /home/airflow/.local/lib/python3.8/site-packages/airflow/example_dags/example_trigger_target_dag.py for tasks to queue
[2025-11-02T19:33:56.299+0000] {logging_mixin.py:188} INFO - [2025-11-02T19:33:56.298+0000] {dagbag.py:538} INFO - Filling up the DagBag from /home/airflow/.local/lib/python3.8/site-packages/airflow/example_dags/example_trigger_target_dag.py
[2025-11-02T19:33:56.320+0000] {processor.py:840} INFO - DAG(s) 'example_trigger_target_dag' retrieved from /home/airflow/.local/lib/python3.8/site-packages/airflow/example_dags/example_trigger_target_dag.py
[2025-11-02T19:33:56.397+0000] {logging_mixin.py:188} INFO - [2025-11-02T19:33:56.396+0000] {dag.py:3036} INFO - Sync 1 DAGs
[2025-11-02T19:33:56.481+0000] {logging_mixin.py:188} INFO - [2025-11-02T19:33:56.481+0000] {dag.py:3823} INFO - Setting next_dagrun for example_trigger_target_dag to None, run_after=None
[2025-11-02T19:33:56.586+0000] {processor.py:183} INFO - Processing /home/airflow/.local/lib/python3.8/site-packages/airflow/example_dags/example_trigger_target_dag.py took 0.307 seconds
[2025-11-02T19:34:26.888+0000] {processor.py:161} INFO - Started process (PID=7545) to work on /home/airflow/.local/lib/python3.8/site-packages/airflow/example_dags/example_trigger_target_dag.py
[2025-11-02T19:34:26.892+0000] {processor.py:830} INFO - Processing file /home/airflow/.local/lib/python3.8/site-packages/airflow/example_dags/example_trigger_target_dag.py for tasks to queue
[2025-11-02T19:34:26.898+0000] {logging_mixin.py:188} INFO - [2025-11-02T19:34:26.897+0000] {dagbag.py:538} INFO - Filling up the DagBag from /home/airflow/.local/lib/python3.8/site-packages/airflow/example_dags/example_trigger_target_dag.py
[2025-11-02T19:34:26.915+0000] {processor.py:840} INFO - DAG(s) 'example_trigger_target_dag' retrieved from /home/airflow/.local/lib/python3.8/site-packages/airflow/example_dags/example_trigger_target_dag.py
[2025-11-02T19:34:26.976+0000] {logging_mixin.py:188} INFO - [2025-11-02T19:34:26.976+0000] {dag.py:3036} INFO - Sync 1 DAGs
[2025-11-02T19:34:27.014+0000] {logging_mixin.py:188} INFO - [2025-11-02T19:34:27.012+0000] {dag.py:3823} INFO - Setting next_dagrun for example_trigger_target_dag to None, run_after=None
[2025-11-02T19:34:27.060+0000] {processor.py:183} INFO - Processing /home/airflow/.local/lib/python3.8/site-packages/airflow/example_dags/example_trigger_target_dag.py took 0.182 seconds
[2025-11-02T19:34:57.320+0000] {processor.py:161} INFO - Started process (PID=7600) to work on /home/airflow/.local/lib/python3.8/site-packages/airflow/example_dags/example_trigger_target_dag.py
[2025-11-02T19:34:57.323+0000] {processor.py:830} INFO - Processing file /home/airflow/.local/lib/python3.8/site-packages/airflow/example_dags/example_trigger_target_dag.py for tasks to queue
[2025-11-02T19:34:57.330+0000] {logging_mixin.py:188} INFO - [2025-11-02T19:34:57.329+0000] {dagbag.py:538} INFO - Filling up the DagBag from /home/airflow/.local/lib/python3.8/site-packages/airflow/example_dags/example_trigger_target_dag.py
[2025-11-02T19:34:57.348+0000] {processor.py:840} INFO - DAG(s) 'example_trigger_target_dag' retrieved from /home/airflow/.local/lib/python3.8/site-packages/airflow/example_dags/example_trigger_target_dag.py
[2025-11-02T19:34:57.404+0000] {logging_mixin.py:188} INFO - [2025-11-02T19:34:57.403+0000] {dag.py:3036} INFO - Sync 1 DAGs
[2025-11-02T19:34:57.440+0000] {logging_mixin.py:188} INFO - [2025-11-02T19:34:57.439+0000] {dag.py:3823} INFO - Setting next_dagrun for example_trigger_target_dag to None, run_after=None
[2025-11-02T19:34:57.486+0000] {processor.py:183} INFO - Processing /home/airflow/.local/lib/python3.8/site-packages/airflow/example_dags/example_trigger_target_dag.py took 0.178 seconds
[2025-11-02T19:35:28.052+0000] {processor.py:161} INFO - Started process (PID=7655) to work on /home/airflow/.local/lib/python3.8/site-packages/airflow/example_dags/example_trigger_target_dag.py
[2025-11-02T19:35:28.054+0000] {processor.py:830} INFO - Processing file /home/airflow/.local/lib/python3.8/site-packages/airflow/example_dags/example_trigger_target_dag.py for tasks to queue
[2025-11-02T19:35:28.059+0000] {logging_mixin.py:188} INFO - [2025-11-02T19:35:28.059+0000] {dagbag.py:538} INFO - Filling up the DagBag from /home/airflow/.local/lib/python3.8/site-packages/airflow/example_dags/example_trigger_target_dag.py
[2025-11-02T19:35:28.077+0000] {processor.py:840} INFO - DAG(s) 'example_trigger_target_dag' retrieved from /home/airflow/.local/lib/python3.8/site-packages/airflow/example_dags/example_trigger_target_dag.py
[2025-11-02T19:35:28.130+0000] {logging_mixin.py:188} INFO - [2025-11-02T19:35:28.130+0000] {dag.py:3036} INFO - Sync 1 DAGs
[2025-11-02T19:35:28.176+0000] {logging_mixin.py:188} INFO - [2025-11-02T19:35:28.176+0000] {dag.py:3823} INFO - Setting next_dagrun for example_trigger_target_dag to None, run_after=None
[2025-11-02T19:35:28.221+0000] {processor.py:183} INFO - Processing /home/airflow/.local/lib/python3.8/site-packages/airflow/example_dags/example_trigger_target_dag.py took 0.180 seconds
[2025-11-02T19:35:58.575+0000] {processor.py:161} INFO - Started process (PID=7710) to work on /home/airflow/.local/lib/python3.8/site-packages/airflow/example_dags/example_trigger_target_dag.py
[2025-11-02T19:35:58.578+0000] {processor.py:830} INFO - Processing file /home/airflow/.local/lib/python3.8/site-packages/airflow/example_dags/example_trigger_target_dag.py for tasks to queue
[2025-11-02T19:35:58.584+0000] {logging_mixin.py:188} INFO - [2025-11-02T19:35:58.583+0000] {dagbag.py:538} INFO - Filling up the DagBag from /home/airflow/.local/lib/python3.8/site-packages/airflow/example_dags/example_trigger_target_dag.py
[2025-11-02T19:35:58.608+0000] {processor.py:840} INFO - DAG(s) 'example_trigger_target_dag' retrieved from /home/airflow/.local/lib/python3.8/site-packages/airflow/example_dags/example_trigger_target_dag.py
[2025-11-02T19:35:58.667+0000] {logging_mixin.py:188} INFO - [2025-11-02T19:35:58.667+0000] {dag.py:3036} INFO - Sync 1 DAGs
[2025-11-02T19:35:58.701+0000] {logging_mixin.py:188} INFO - [2025-11-02T19:35:58.700+0000] {dag.py:3823} INFO - Setting next_dagrun for example_trigger_target_dag to None, run_after=None
[2025-11-02T19:35:58.745+0000] {processor.py:183} INFO - Processing /home/airflow/.local/lib/python3.8/site-packages/airflow/example_dags/example_trigger_target_dag.py took 0.180 seconds
[2025-11-02T19:36:28.959+0000] {processor.py:161} INFO - Started process (PID=7763) to work on /home/airflow/.local/lib/python3.8/site-packages/airflow/example_dags/example_trigger_target_dag.py
[2025-11-02T19:36:28.963+0000] {processor.py:830} INFO - Processing file /home/airflow/.local/lib/python3.8/site-packages/airflow/example_dags/example_trigger_target_dag.py for tasks to queue
[2025-11-02T19:36:28.973+0000] {logging_mixin.py:188} INFO - [2025-11-02T19:36:28.972+0000] {dagbag.py:538} INFO - Filling up the DagBag from /home/airflow/.local/lib/python3.8/site-packages/airflow/example_dags/example_trigger_target_dag.py
[2025-11-02T19:36:28.997+0000] {processor.py:840} INFO - DAG(s) 'example_trigger_target_dag' retrieved from /home/airflow/.local/lib/python3.8/site-packages/airflow/example_dags/example_trigger_target_dag.py
[2025-11-02T19:36:29.163+0000] {logging_mixin.py:188} INFO - [2025-11-02T19:36:29.162+0000] {dag.py:3036} INFO - Sync 1 DAGs
[2025-11-02T19:36:29.304+0000] {logging_mixin.py:188} INFO - [2025-11-02T19:36:29.302+0000] {dag.py:3823} INFO - Setting next_dagrun for example_trigger_target_dag to None, run_after=None
[2025-11-02T19:36:29.484+0000] {processor.py:183} INFO - Processing /home/airflow/.local/lib/python3.8/site-packages/airflow/example_dags/example_trigger_target_dag.py took 0.543 seconds
[2025-11-02T19:37:05.539+0000] {processor.py:161} INFO - Started process (PID=7820) to work on /home/airflow/.local/lib/python3.8/site-packages/airflow/example_dags/example_trigger_target_dag.py
[2025-11-02T19:37:05.543+0000] {processor.py:830} INFO - Processing file /home/airflow/.local/lib/python3.8/site-packages/airflow/example_dags/example_trigger_target_dag.py for tasks to queue
[2025-11-02T19:37:05.549+0000] {logging_mixin.py:188} INFO - [2025-11-02T19:37:05.548+0000] {dagbag.py:538} INFO - Filling up the DagBag from /home/airflow/.local/lib/python3.8/site-packages/airflow/example_dags/example_trigger_target_dag.py
[2025-11-02T19:37:05.570+0000] {processor.py:840} INFO - DAG(s) 'example_trigger_target_dag' retrieved from /home/airflow/.local/lib/python3.8/site-packages/airflow/example_dags/example_trigger_target_dag.py
[2025-11-02T19:37:05.676+0000] {logging_mixin.py:188} INFO - [2025-11-02T19:37:05.675+0000] {dag.py:3036} INFO - Sync 1 DAGs
[2025-11-02T19:37:05.709+0000] {logging_mixin.py:188} INFO - [2025-11-02T19:37:05.709+0000] {dag.py:3823} INFO - Setting next_dagrun for example_trigger_target_dag to None, run_after=None
[2025-11-02T19:37:05.768+0000] {processor.py:183} INFO - Processing /home/airflow/.local/lib/python3.8/site-packages/airflow/example_dags/example_trigger_target_dag.py took 0.239 seconds
[2025-11-02T19:37:39.804+0000] {processor.py:161} INFO - Started process (PID=7875) to work on /home/airflow/.local/lib/python3.8/site-packages/airflow/example_dags/example_trigger_target_dag.py
[2025-11-02T19:37:39.824+0000] {processor.py:830} INFO - Processing file /home/airflow/.local/lib/python3.8/site-packages/airflow/example_dags/example_trigger_target_dag.py for tasks to queue
[2025-11-02T19:37:39.846+0000] {logging_mixin.py:188} INFO - [2025-11-02T19:37:39.845+0000] {dagbag.py:538} INFO - Filling up the DagBag from /home/airflow/.local/lib/python3.8/site-packages/airflow/example_dags/example_trigger_target_dag.py
[2025-11-02T19:37:40.180+0000] {processor.py:840} INFO - DAG(s) 'example_trigger_target_dag' retrieved from /home/airflow/.local/lib/python3.8/site-packages/airflow/example_dags/example_trigger_target_dag.py
[2025-11-02T19:37:40.792+0000] {logging_mixin.py:188} INFO - [2025-11-02T19:37:40.791+0000] {dag.py:3036} INFO - Sync 1 DAGs
[2025-11-02T19:37:40.836+0000] {logging_mixin.py:188} INFO - [2025-11-02T19:37:40.835+0000] {dag.py:3823} INFO - Setting next_dagrun for example_trigger_target_dag to None, run_after=None
[2025-11-02T19:37:41.071+0000] {processor.py:183} INFO - Processing /home/airflow/.local/lib/python3.8/site-packages/airflow/example_dags/example_trigger_target_dag.py took 0.612 seconds
[2025-11-02T19:38:11.794+0000] {processor.py:161} INFO - Started process (PID=7928) to work on /home/airflow/.local/lib/python3.8/site-packages/airflow/example_dags/example_trigger_target_dag.py
[2025-11-02T19:38:11.800+0000] {processor.py:830} INFO - Processing file /home/airflow/.local/lib/python3.8/site-packages/airflow/example_dags/example_trigger_target_dag.py for tasks to queue
[2025-11-02T19:38:11.816+0000] {logging_mixin.py:188} INFO - [2025-11-02T19:38:11.814+0000] {dagbag.py:538} INFO - Filling up the DagBag from /home/airflow/.local/lib/python3.8/site-packages/airflow/example_dags/example_trigger_target_dag.py
[2025-11-02T19:38:11.842+0000] {processor.py:840} INFO - DAG(s) 'example_trigger_target_dag' retrieved from /home/airflow/.local/lib/python3.8/site-packages/airflow/example_dags/example_trigger_target_dag.py
[2025-11-02T19:38:11.897+0000] {logging_mixin.py:188} INFO - [2025-11-02T19:38:11.896+0000] {dag.py:3036} INFO - Sync 1 DAGs
[2025-11-02T19:38:11.930+0000] {logging_mixin.py:188} INFO - [2025-11-02T19:38:11.929+0000] {dag.py:3823} INFO - Setting next_dagrun for example_trigger_target_dag to None, run_after=None
[2025-11-02T19:38:11.976+0000] {processor.py:183} INFO - Processing /home/airflow/.local/lib/python3.8/site-packages/airflow/example_dags/example_trigger_target_dag.py took 0.211 seconds
[2025-11-02T19:38:42.386+0000] {processor.py:161} INFO - Started process (PID=7983) to work on /home/airflow/.local/lib/python3.8/site-packages/airflow/example_dags/example_trigger_target_dag.py
[2025-11-02T19:38:42.389+0000] {processor.py:830} INFO - Processing file /home/airflow/.local/lib/python3.8/site-packages/airflow/example_dags/example_trigger_target_dag.py for tasks to queue
[2025-11-02T19:38:42.394+0000] {logging_mixin.py:188} INFO - [2025-11-02T19:38:42.393+0000] {dagbag.py:538} INFO - Filling up the DagBag from /home/airflow/.local/lib/python3.8/site-packages/airflow/example_dags/example_trigger_target_dag.py
[2025-11-02T19:38:42.411+0000] {processor.py:840} INFO - DAG(s) 'example_trigger_target_dag' retrieved from /home/airflow/.local/lib/python3.8/site-packages/airflow/example_dags/example_trigger_target_dag.py
[2025-11-02T19:38:42.467+0000] {logging_mixin.py:188} INFO - [2025-11-02T19:38:42.467+0000] {dag.py:3036} INFO - Sync 1 DAGs
[2025-11-02T19:38:42.501+0000] {logging_mixin.py:188} INFO - [2025-11-02T19:38:42.500+0000] {dag.py:3823} INFO - Setting next_dagrun for example_trigger_target_dag to None, run_after=None
[2025-11-02T19:38:42.553+0000] {processor.py:183} INFO - Processing /home/airflow/.local/lib/python3.8/site-packages/airflow/example_dags/example_trigger_target_dag.py took 0.176 seconds
[2025-11-02T19:39:12.862+0000] {processor.py:161} INFO - Started process (PID=8039) to work on /home/airflow/.local/lib/python3.8/site-packages/airflow/example_dags/example_trigger_target_dag.py
[2025-11-02T19:39:12.864+0000] {processor.py:830} INFO - Processing file /home/airflow/.local/lib/python3.8/site-packages/airflow/example_dags/example_trigger_target_dag.py for tasks to queue
[2025-11-02T19:39:12.869+0000] {logging_mixin.py:188} INFO - [2025-11-02T19:39:12.869+0000] {dagbag.py:538} INFO - Filling up the DagBag from /home/airflow/.local/lib/python3.8/site-packages/airflow/example_dags/example_trigger_target_dag.py
[2025-11-02T19:39:12.885+0000] {processor.py:840} INFO - DAG(s) 'example_trigger_target_dag' retrieved from /home/airflow/.local/lib/python3.8/site-packages/airflow/example_dags/example_trigger_target_dag.py
[2025-11-02T19:39:12.953+0000] {logging_mixin.py:188} INFO - [2025-11-02T19:39:12.953+0000] {dag.py:3036} INFO - Sync 1 DAGs
[2025-11-02T19:39:12.989+0000] {logging_mixin.py:188} INFO - [2025-11-02T19:39:12.988+0000] {dag.py:3823} INFO - Setting next_dagrun for example_trigger_target_dag to None, run_after=None
[2025-11-02T19:39:13.038+0000] {processor.py:183} INFO - Processing /home/airflow/.local/lib/python3.8/site-packages/airflow/example_dags/example_trigger_target_dag.py took 0.189 seconds
[2025-11-02T19:39:43.886+0000] {processor.py:161} INFO - Started process (PID=8095) to work on /home/airflow/.local/lib/python3.8/site-packages/airflow/example_dags/example_trigger_target_dag.py
[2025-11-02T19:39:43.889+0000] {processor.py:830} INFO - Processing file /home/airflow/.local/lib/python3.8/site-packages/airflow/example_dags/example_trigger_target_dag.py for tasks to queue
[2025-11-02T19:39:43.896+0000] {logging_mixin.py:188} INFO - [2025-11-02T19:39:43.895+0000] {dagbag.py:538} INFO - Filling up the DagBag from /home/airflow/.local/lib/python3.8/site-packages/airflow/example_dags/example_trigger_target_dag.py
[2025-11-02T19:39:43.911+0000] {processor.py:840} INFO - DAG(s) 'example_trigger_target_dag' retrieved from /home/airflow/.local/lib/python3.8/site-packages/airflow/example_dags/example_trigger_target_dag.py
[2025-11-02T19:39:43.969+0000] {logging_mixin.py:188} INFO - [2025-11-02T19:39:43.968+0000] {dag.py:3036} INFO - Sync 1 DAGs
[2025-11-02T19:39:44.003+0000] {logging_mixin.py:188} INFO - [2025-11-02T19:39:44.002+0000] {dag.py:3823} INFO - Setting next_dagrun for example_trigger_target_dag to None, run_after=None
[2025-11-02T19:39:44.050+0000] {processor.py:183} INFO - Processing /home/airflow/.local/lib/python3.8/site-packages/airflow/example_dags/example_trigger_target_dag.py took 0.175 seconds
[2025-11-02T19:40:14.636+0000] {processor.py:161} INFO - Started process (PID=8150) to work on /home/airflow/.local/lib/python3.8/site-packages/airflow/example_dags/example_trigger_target_dag.py
[2025-11-02T19:40:14.643+0000] {processor.py:830} INFO - Processing file /home/airflow/.local/lib/python3.8/site-packages/airflow/example_dags/example_trigger_target_dag.py for tasks to queue
[2025-11-02T19:40:14.651+0000] {logging_mixin.py:188} INFO - [2025-11-02T19:40:14.650+0000] {dagbag.py:538} INFO - Filling up the DagBag from /home/airflow/.local/lib/python3.8/site-packages/airflow/example_dags/example_trigger_target_dag.py
[2025-11-02T19:40:14.673+0000] {processor.py:840} INFO - DAG(s) 'example_trigger_target_dag' retrieved from /home/airflow/.local/lib/python3.8/site-packages/airflow/example_dags/example_trigger_target_dag.py
[2025-11-02T19:40:14.751+0000] {logging_mixin.py:188} INFO - [2025-11-02T19:40:14.751+0000] {dag.py:3036} INFO - Sync 1 DAGs
[2025-11-02T19:40:14.808+0000] {logging_mixin.py:188} INFO - [2025-11-02T19:40:14.807+0000] {dag.py:3823} INFO - Setting next_dagrun for example_trigger_target_dag to None, run_after=None
[2025-11-02T19:40:14.882+0000] {processor.py:183} INFO - Processing /home/airflow/.local/lib/python3.8/site-packages/airflow/example_dags/example_trigger_target_dag.py took 0.262 seconds
[2025-11-02T19:40:46.199+0000] {processor.py:161} INFO - Started process (PID=8205) to work on /home/airflow/.local/lib/python3.8/site-packages/airflow/example_dags/example_trigger_target_dag.py
[2025-11-02T19:40:46.216+0000] {processor.py:830} INFO - Processing file /home/airflow/.local/lib/python3.8/site-packages/airflow/example_dags/example_trigger_target_dag.py for tasks to queue
[2025-11-02T19:40:46.234+0000] {logging_mixin.py:188} INFO - [2025-11-02T19:40:46.233+0000] {dagbag.py:538} INFO - Filling up the DagBag from /home/airflow/.local/lib/python3.8/site-packages/airflow/example_dags/example_trigger_target_dag.py
[2025-11-02T19:40:46.313+0000] {processor.py:840} INFO - DAG(s) 'example_trigger_target_dag' retrieved from /home/airflow/.local/lib/python3.8/site-packages/airflow/example_dags/example_trigger_target_dag.py
[2025-11-02T19:40:46.559+0000] {logging_mixin.py:188} INFO - [2025-11-02T19:40:46.558+0000] {dag.py:3036} INFO - Sync 1 DAGs
[2025-11-02T19:40:46.665+0000] {logging_mixin.py:188} INFO - [2025-11-02T19:40:46.664+0000] {dag.py:3823} INFO - Setting next_dagrun for example_trigger_target_dag to None, run_after=None
[2025-11-02T19:40:46.813+0000] {processor.py:183} INFO - Processing /home/airflow/.local/lib/python3.8/site-packages/airflow/example_dags/example_trigger_target_dag.py took 0.686 seconds
[2025-11-02T19:41:17.522+0000] {processor.py:161} INFO - Started process (PID=8260) to work on /home/airflow/.local/lib/python3.8/site-packages/airflow/example_dags/example_trigger_target_dag.py
[2025-11-02T19:41:17.526+0000] {processor.py:830} INFO - Processing file /home/airflow/.local/lib/python3.8/site-packages/airflow/example_dags/example_trigger_target_dag.py for tasks to queue
[2025-11-02T19:41:17.539+0000] {logging_mixin.py:188} INFO - [2025-11-02T19:41:17.538+0000] {dagbag.py:538} INFO - Filling up the DagBag from /home/airflow/.local/lib/python3.8/site-packages/airflow/example_dags/example_trigger_target_dag.py
[2025-11-02T19:41:17.603+0000] {processor.py:840} INFO - DAG(s) 'example_trigger_target_dag' retrieved from /home/airflow/.local/lib/python3.8/site-packages/airflow/example_dags/example_trigger_target_dag.py
[2025-11-02T19:41:17.738+0000] {logging_mixin.py:188} INFO - [2025-11-02T19:41:17.738+0000] {dag.py:3036} INFO - Sync 1 DAGs
[2025-11-02T19:41:17.789+0000] {logging_mixin.py:188} INFO - [2025-11-02T19:41:17.788+0000] {dag.py:3823} INFO - Setting next_dagrun for example_trigger_target_dag to None, run_after=None
[2025-11-02T19:41:17.843+0000] {processor.py:183} INFO - Processing /home/airflow/.local/lib/python3.8/site-packages/airflow/example_dags/example_trigger_target_dag.py took 0.354 seconds
[2025-11-02T19:41:48.179+0000] {processor.py:161} INFO - Started process (PID=8315) to work on /home/airflow/.local/lib/python3.8/site-packages/airflow/example_dags/example_trigger_target_dag.py
[2025-11-02T19:41:48.183+0000] {processor.py:830} INFO - Processing file /home/airflow/.local/lib/python3.8/site-packages/airflow/example_dags/example_trigger_target_dag.py for tasks to queue
[2025-11-02T19:41:48.190+0000] {logging_mixin.py:188} INFO - [2025-11-02T19:41:48.189+0000] {dagbag.py:538} INFO - Filling up the DagBag from /home/airflow/.local/lib/python3.8/site-packages/airflow/example_dags/example_trigger_target_dag.py
[2025-11-02T19:41:48.207+0000] {processor.py:840} INFO - DAG(s) 'example_trigger_target_dag' retrieved from /home/airflow/.local/lib/python3.8/site-packages/airflow/example_dags/example_trigger_target_dag.py
[2025-11-02T19:41:48.286+0000] {logging_mixin.py:188} INFO - [2025-11-02T19:41:48.285+0000] {dag.py:3036} INFO - Sync 1 DAGs
[2025-11-02T19:41:48.321+0000] {logging_mixin.py:188} INFO - [2025-11-02T19:41:48.320+0000] {dag.py:3823} INFO - Setting next_dagrun for example_trigger_target_dag to None, run_after=None
[2025-11-02T19:41:48.388+0000] {processor.py:183} INFO - Processing /home/airflow/.local/lib/python3.8/site-packages/airflow/example_dags/example_trigger_target_dag.py took 0.218 seconds
[2025-11-02T19:42:18.879+0000] {processor.py:161} INFO - Started process (PID=8369) to work on /home/airflow/.local/lib/python3.8/site-packages/airflow/example_dags/example_trigger_target_dag.py
[2025-11-02T19:42:18.882+0000] {processor.py:830} INFO - Processing file /home/airflow/.local/lib/python3.8/site-packages/airflow/example_dags/example_trigger_target_dag.py for tasks to queue
[2025-11-02T19:42:18.887+0000] {logging_mixin.py:188} INFO - [2025-11-02T19:42:18.886+0000] {dagbag.py:538} INFO - Filling up the DagBag from /home/airflow/.local/lib/python3.8/site-packages/airflow/example_dags/example_trigger_target_dag.py
[2025-11-02T19:42:18.901+0000] {processor.py:840} INFO - DAG(s) 'example_trigger_target_dag' retrieved from /home/airflow/.local/lib/python3.8/site-packages/airflow/example_dags/example_trigger_target_dag.py
[2025-11-02T19:42:18.969+0000] {logging_mixin.py:188} INFO - [2025-11-02T19:42:18.968+0000] {dag.py:3036} INFO - Sync 1 DAGs
[2025-11-02T19:42:19.000+0000] {logging_mixin.py:188} INFO - [2025-11-02T19:42:19.000+0000] {dag.py:3823} INFO - Setting next_dagrun for example_trigger_target_dag to None, run_after=None
[2025-11-02T19:42:19.052+0000] {processor.py:183} INFO - Processing /home/airflow/.local/lib/python3.8/site-packages/airflow/example_dags/example_trigger_target_dag.py took 0.182 seconds
