[2025-11-02T18:24:31.586+0000] {processor.py:161} INFO - Started process (PID=91) to work on /home/airflow/.local/lib/python3.8/site-packages/airflow/example_dags/example_nested_branch_dag.py
[2025-11-02T18:24:31.589+0000] {processor.py:830} INFO - Processing file /home/airflow/.local/lib/python3.8/site-packages/airflow/example_dags/example_nested_branch_dag.py for tasks to queue
[2025-11-02T18:24:31.596+0000] {logging_mixin.py:188} INFO - [2025-11-02T18:24:31.595+0000] {dagbag.py:538} INFO - Filling up the DagBag from /home/airflow/.local/lib/python3.8/site-packages/airflow/example_dags/example_nested_branch_dag.py
[2025-11-02T18:24:31.643+0000] {processor.py:840} INFO - DAG(s) 'example_nested_branch_dag' retrieved from /home/airflow/.local/lib/python3.8/site-packages/airflow/example_dags/example_nested_branch_dag.py
[2025-11-02T18:24:32.251+0000] {logging_mixin.py:188} INFO - [2025-11-02T18:24:32.251+0000] {dag.py:3036} INFO - Sync 1 DAGs
[2025-11-02T18:24:32.314+0000] {logging_mixin.py:188} INFO - [2025-11-02T18:24:32.314+0000] {dag.py:3823} INFO - Setting next_dagrun for example_nested_branch_dag to 2025-11-01 00:00:00+00:00, run_after=2025-11-02 00:00:00+00:00
[2025-11-02T18:24:32.365+0000] {processor.py:183} INFO - Processing /home/airflow/.local/lib/python3.8/site-packages/airflow/example_dags/example_nested_branch_dag.py took 0.809 seconds
[2025-11-02T18:25:09.714+0000] {processor.py:161} INFO - Started process (PID=152) to work on /home/airflow/.local/lib/python3.8/site-packages/airflow/example_dags/example_nested_branch_dag.py
[2025-11-02T18:25:09.719+0000] {processor.py:830} INFO - Processing file /home/airflow/.local/lib/python3.8/site-packages/airflow/example_dags/example_nested_branch_dag.py for tasks to queue
[2025-11-02T18:25:09.732+0000] {logging_mixin.py:188} INFO - [2025-11-02T18:25:09.727+0000] {dagbag.py:538} INFO - Filling up the DagBag from /home/airflow/.local/lib/python3.8/site-packages/airflow/example_dags/example_nested_branch_dag.py
[2025-11-02T18:25:09.781+0000] {processor.py:840} INFO - DAG(s) 'example_nested_branch_dag' retrieved from /home/airflow/.local/lib/python3.8/site-packages/airflow/example_dags/example_nested_branch_dag.py
[2025-11-02T18:25:09.858+0000] {logging_mixin.py:188} INFO - [2025-11-02T18:25:09.857+0000] {dag.py:3036} INFO - Sync 1 DAGs
[2025-11-02T18:25:09.940+0000] {logging_mixin.py:188} INFO - [2025-11-02T18:25:09.940+0000] {dag.py:3823} INFO - Setting next_dagrun for example_nested_branch_dag to 2025-11-01 00:00:00+00:00, run_after=2025-11-02 00:00:00+00:00
[2025-11-02T18:25:10.001+0000] {processor.py:183} INFO - Processing /home/airflow/.local/lib/python3.8/site-packages/airflow/example_dags/example_nested_branch_dag.py took 0.300 seconds
[2025-11-02T18:25:40.826+0000] {processor.py:161} INFO - Started process (PID=207) to work on /home/airflow/.local/lib/python3.8/site-packages/airflow/example_dags/example_nested_branch_dag.py
[2025-11-02T18:25:40.829+0000] {processor.py:830} INFO - Processing file /home/airflow/.local/lib/python3.8/site-packages/airflow/example_dags/example_nested_branch_dag.py for tasks to queue
[2025-11-02T18:25:40.834+0000] {logging_mixin.py:188} INFO - [2025-11-02T18:25:40.833+0000] {dagbag.py:538} INFO - Filling up the DagBag from /home/airflow/.local/lib/python3.8/site-packages/airflow/example_dags/example_nested_branch_dag.py
[2025-11-02T18:25:40.866+0000] {processor.py:840} INFO - DAG(s) 'example_nested_branch_dag' retrieved from /home/airflow/.local/lib/python3.8/site-packages/airflow/example_dags/example_nested_branch_dag.py
[2025-11-02T18:25:40.936+0000] {logging_mixin.py:188} INFO - [2025-11-02T18:25:40.935+0000] {dag.py:3036} INFO - Sync 1 DAGs
[2025-11-02T18:25:41.000+0000] {logging_mixin.py:188} INFO - [2025-11-02T18:25:40.999+0000] {dag.py:3823} INFO - Setting next_dagrun for example_nested_branch_dag to 2025-11-01 00:00:00+00:00, run_after=2025-11-02 00:00:00+00:00
[2025-11-02T18:25:41.044+0000] {processor.py:183} INFO - Processing /home/airflow/.local/lib/python3.8/site-packages/airflow/example_dags/example_nested_branch_dag.py took 0.227 seconds
[2025-11-02T18:26:14.020+0000] {processor.py:161} INFO - Started process (PID=262) to work on /home/airflow/.local/lib/python3.8/site-packages/airflow/example_dags/example_nested_branch_dag.py
[2025-11-02T18:26:14.035+0000] {processor.py:830} INFO - Processing file /home/airflow/.local/lib/python3.8/site-packages/airflow/example_dags/example_nested_branch_dag.py for tasks to queue
[2025-11-02T18:26:14.043+0000] {logging_mixin.py:188} INFO - [2025-11-02T18:26:14.042+0000] {dagbag.py:538} INFO - Filling up the DagBag from /home/airflow/.local/lib/python3.8/site-packages/airflow/example_dags/example_nested_branch_dag.py
[2025-11-02T18:26:14.079+0000] {processor.py:840} INFO - DAG(s) 'example_nested_branch_dag' retrieved from /home/airflow/.local/lib/python3.8/site-packages/airflow/example_dags/example_nested_branch_dag.py
[2025-11-02T18:26:14.171+0000] {logging_mixin.py:188} INFO - [2025-11-02T18:26:14.170+0000] {dag.py:3036} INFO - Sync 1 DAGs
[2025-11-02T18:26:14.286+0000] {logging_mixin.py:188} INFO - [2025-11-02T18:26:14.286+0000] {dag.py:3823} INFO - Setting next_dagrun for example_nested_branch_dag to 2025-11-01 00:00:00+00:00, run_after=2025-11-02 00:00:00+00:00
[2025-11-02T18:26:14.344+0000] {processor.py:183} INFO - Processing /home/airflow/.local/lib/python3.8/site-packages/airflow/example_dags/example_nested_branch_dag.py took 0.357 seconds
[2025-11-02T18:26:45.575+0000] {processor.py:161} INFO - Started process (PID=317) to work on /home/airflow/.local/lib/python3.8/site-packages/airflow/example_dags/example_nested_branch_dag.py
[2025-11-02T18:26:45.580+0000] {processor.py:830} INFO - Processing file /home/airflow/.local/lib/python3.8/site-packages/airflow/example_dags/example_nested_branch_dag.py for tasks to queue
[2025-11-02T18:26:45.590+0000] {logging_mixin.py:188} INFO - [2025-11-02T18:26:45.588+0000] {dagbag.py:538} INFO - Filling up the DagBag from /home/airflow/.local/lib/python3.8/site-packages/airflow/example_dags/example_nested_branch_dag.py
[2025-11-02T18:26:45.645+0000] {processor.py:840} INFO - DAG(s) 'example_nested_branch_dag' retrieved from /home/airflow/.local/lib/python3.8/site-packages/airflow/example_dags/example_nested_branch_dag.py
[2025-11-02T18:26:45.752+0000] {logging_mixin.py:188} INFO - [2025-11-02T18:26:45.752+0000] {dag.py:3036} INFO - Sync 1 DAGs
[2025-11-02T18:26:46.047+0000] {logging_mixin.py:188} INFO - [2025-11-02T18:26:46.046+0000] {dag.py:3823} INFO - Setting next_dagrun for example_nested_branch_dag to 2025-11-01 00:00:00+00:00, run_after=2025-11-02 00:00:00+00:00
[2025-11-02T18:26:46.332+0000] {processor.py:183} INFO - Processing /home/airflow/.local/lib/python3.8/site-packages/airflow/example_dags/example_nested_branch_dag.py took 0.776 seconds
[2025-11-02T18:27:17.057+0000] {processor.py:161} INFO - Started process (PID=372) to work on /home/airflow/.local/lib/python3.8/site-packages/airflow/example_dags/example_nested_branch_dag.py
[2025-11-02T18:27:17.060+0000] {processor.py:830} INFO - Processing file /home/airflow/.local/lib/python3.8/site-packages/airflow/example_dags/example_nested_branch_dag.py for tasks to queue
[2025-11-02T18:27:17.065+0000] {logging_mixin.py:188} INFO - [2025-11-02T18:27:17.064+0000] {dagbag.py:538} INFO - Filling up the DagBag from /home/airflow/.local/lib/python3.8/site-packages/airflow/example_dags/example_nested_branch_dag.py
[2025-11-02T18:27:17.089+0000] {processor.py:840} INFO - DAG(s) 'example_nested_branch_dag' retrieved from /home/airflow/.local/lib/python3.8/site-packages/airflow/example_dags/example_nested_branch_dag.py
[2025-11-02T18:27:17.159+0000] {logging_mixin.py:188} INFO - [2025-11-02T18:27:17.159+0000] {dag.py:3036} INFO - Sync 1 DAGs
[2025-11-02T18:27:17.219+0000] {logging_mixin.py:188} INFO - [2025-11-02T18:27:17.218+0000] {dag.py:3823} INFO - Setting next_dagrun for example_nested_branch_dag to 2025-11-01 00:00:00+00:00, run_after=2025-11-02 00:00:00+00:00
[2025-11-02T18:27:17.263+0000] {processor.py:183} INFO - Processing /home/airflow/.local/lib/python3.8/site-packages/airflow/example_dags/example_nested_branch_dag.py took 0.214 seconds
[2025-11-02T18:27:47.648+0000] {processor.py:161} INFO - Started process (PID=427) to work on /home/airflow/.local/lib/python3.8/site-packages/airflow/example_dags/example_nested_branch_dag.py
[2025-11-02T18:27:47.650+0000] {processor.py:830} INFO - Processing file /home/airflow/.local/lib/python3.8/site-packages/airflow/example_dags/example_nested_branch_dag.py for tasks to queue
[2025-11-02T18:27:47.656+0000] {logging_mixin.py:188} INFO - [2025-11-02T18:27:47.655+0000] {dagbag.py:538} INFO - Filling up the DagBag from /home/airflow/.local/lib/python3.8/site-packages/airflow/example_dags/example_nested_branch_dag.py
[2025-11-02T18:27:47.680+0000] {processor.py:840} INFO - DAG(s) 'example_nested_branch_dag' retrieved from /home/airflow/.local/lib/python3.8/site-packages/airflow/example_dags/example_nested_branch_dag.py
[2025-11-02T18:27:47.736+0000] {logging_mixin.py:188} INFO - [2025-11-02T18:27:47.736+0000] {dag.py:3036} INFO - Sync 1 DAGs
[2025-11-02T18:27:47.793+0000] {logging_mixin.py:188} INFO - [2025-11-02T18:27:47.793+0000] {dag.py:3823} INFO - Setting next_dagrun for example_nested_branch_dag to 2025-11-01 00:00:00+00:00, run_after=2025-11-02 00:00:00+00:00
[2025-11-02T18:27:47.837+0000] {processor.py:183} INFO - Processing /home/airflow/.local/lib/python3.8/site-packages/airflow/example_dags/example_nested_branch_dag.py took 0.199 seconds
[2025-11-02T18:28:18.271+0000] {processor.py:161} INFO - Started process (PID=482) to work on /home/airflow/.local/lib/python3.8/site-packages/airflow/example_dags/example_nested_branch_dag.py
[2025-11-02T18:28:18.276+0000] {processor.py:830} INFO - Processing file /home/airflow/.local/lib/python3.8/site-packages/airflow/example_dags/example_nested_branch_dag.py for tasks to queue
[2025-11-02T18:28:18.287+0000] {logging_mixin.py:188} INFO - [2025-11-02T18:28:18.286+0000] {dagbag.py:538} INFO - Filling up the DagBag from /home/airflow/.local/lib/python3.8/site-packages/airflow/example_dags/example_nested_branch_dag.py
[2025-11-02T18:28:18.321+0000] {processor.py:840} INFO - DAG(s) 'example_nested_branch_dag' retrieved from /home/airflow/.local/lib/python3.8/site-packages/airflow/example_dags/example_nested_branch_dag.py
[2025-11-02T18:28:18.451+0000] {logging_mixin.py:188} INFO - [2025-11-02T18:28:18.450+0000] {dag.py:3036} INFO - Sync 1 DAGs
[2025-11-02T18:28:18.505+0000] {logging_mixin.py:188} INFO - [2025-11-02T18:28:18.505+0000] {dag.py:3823} INFO - Setting next_dagrun for example_nested_branch_dag to 2025-11-01 00:00:00+00:00, run_after=2025-11-02 00:00:00+00:00
[2025-11-02T18:28:18.551+0000] {processor.py:183} INFO - Processing /home/airflow/.local/lib/python3.8/site-packages/airflow/example_dags/example_nested_branch_dag.py took 0.293 seconds
[2025-11-02T18:28:48.795+0000] {processor.py:161} INFO - Started process (PID=536) to work on /home/airflow/.local/lib/python3.8/site-packages/airflow/example_dags/example_nested_branch_dag.py
[2025-11-02T18:28:48.797+0000] {processor.py:830} INFO - Processing file /home/airflow/.local/lib/python3.8/site-packages/airflow/example_dags/example_nested_branch_dag.py for tasks to queue
[2025-11-02T18:28:48.806+0000] {logging_mixin.py:188} INFO - [2025-11-02T18:28:48.805+0000] {dagbag.py:538} INFO - Filling up the DagBag from /home/airflow/.local/lib/python3.8/site-packages/airflow/example_dags/example_nested_branch_dag.py
[2025-11-02T18:28:48.846+0000] {processor.py:840} INFO - DAG(s) 'example_nested_branch_dag' retrieved from /home/airflow/.local/lib/python3.8/site-packages/airflow/example_dags/example_nested_branch_dag.py
[2025-11-02T18:28:48.958+0000] {logging_mixin.py:188} INFO - [2025-11-02T18:28:48.957+0000] {dag.py:3036} INFO - Sync 1 DAGs
[2025-11-02T18:28:49.054+0000] {logging_mixin.py:188} INFO - [2025-11-02T18:28:49.051+0000] {dag.py:3823} INFO - Setting next_dagrun for example_nested_branch_dag to 2025-11-01 00:00:00+00:00, run_after=2025-11-02 00:00:00+00:00
[2025-11-02T18:28:49.150+0000] {processor.py:183} INFO - Processing /home/airflow/.local/lib/python3.8/site-packages/airflow/example_dags/example_nested_branch_dag.py took 0.366 seconds
[2025-11-02T18:29:19.826+0000] {processor.py:161} INFO - Started process (PID=591) to work on /home/airflow/.local/lib/python3.8/site-packages/airflow/example_dags/example_nested_branch_dag.py
[2025-11-02T18:29:19.845+0000] {processor.py:830} INFO - Processing file /home/airflow/.local/lib/python3.8/site-packages/airflow/example_dags/example_nested_branch_dag.py for tasks to queue
[2025-11-02T18:29:19.855+0000] {logging_mixin.py:188} INFO - [2025-11-02T18:29:19.853+0000] {dagbag.py:538} INFO - Filling up the DagBag from /home/airflow/.local/lib/python3.8/site-packages/airflow/example_dags/example_nested_branch_dag.py
[2025-11-02T18:29:19.968+0000] {processor.py:840} INFO - DAG(s) 'example_nested_branch_dag' retrieved from /home/airflow/.local/lib/python3.8/site-packages/airflow/example_dags/example_nested_branch_dag.py
[2025-11-02T18:29:20.187+0000] {logging_mixin.py:188} INFO - [2025-11-02T18:29:20.186+0000] {dag.py:3036} INFO - Sync 1 DAGs
[2025-11-02T18:29:20.265+0000] {logging_mixin.py:188} INFO - [2025-11-02T18:29:20.265+0000] {dag.py:3823} INFO - Setting next_dagrun for example_nested_branch_dag to 2025-11-01 00:00:00+00:00, run_after=2025-11-02 00:00:00+00:00
[2025-11-02T18:29:20.332+0000] {processor.py:183} INFO - Processing /home/airflow/.local/lib/python3.8/site-packages/airflow/example_dags/example_nested_branch_dag.py took 0.545 seconds
[2025-11-02T18:29:50.734+0000] {processor.py:161} INFO - Started process (PID=646) to work on /home/airflow/.local/lib/python3.8/site-packages/airflow/example_dags/example_nested_branch_dag.py
[2025-11-02T18:29:50.737+0000] {processor.py:830} INFO - Processing file /home/airflow/.local/lib/python3.8/site-packages/airflow/example_dags/example_nested_branch_dag.py for tasks to queue
[2025-11-02T18:29:50.742+0000] {logging_mixin.py:188} INFO - [2025-11-02T18:29:50.742+0000] {dagbag.py:538} INFO - Filling up the DagBag from /home/airflow/.local/lib/python3.8/site-packages/airflow/example_dags/example_nested_branch_dag.py
[2025-11-02T18:29:50.774+0000] {processor.py:840} INFO - DAG(s) 'example_nested_branch_dag' retrieved from /home/airflow/.local/lib/python3.8/site-packages/airflow/example_dags/example_nested_branch_dag.py
[2025-11-02T18:29:50.862+0000] {logging_mixin.py:188} INFO - [2025-11-02T18:29:50.862+0000] {dag.py:3036} INFO - Sync 1 DAGs
[2025-11-02T18:29:50.912+0000] {logging_mixin.py:188} INFO - [2025-11-02T18:29:50.912+0000] {dag.py:3823} INFO - Setting next_dagrun for example_nested_branch_dag to 2025-11-01 00:00:00+00:00, run_after=2025-11-02 00:00:00+00:00
[2025-11-02T18:29:50.959+0000] {processor.py:183} INFO - Processing /home/airflow/.local/lib/python3.8/site-packages/airflow/example_dags/example_nested_branch_dag.py took 0.237 seconds
[2025-11-02T18:30:21.124+0000] {processor.py:161} INFO - Started process (PID=701) to work on /home/airflow/.local/lib/python3.8/site-packages/airflow/example_dags/example_nested_branch_dag.py
[2025-11-02T18:30:21.128+0000] {processor.py:830} INFO - Processing file /home/airflow/.local/lib/python3.8/site-packages/airflow/example_dags/example_nested_branch_dag.py for tasks to queue
[2025-11-02T18:30:21.133+0000] {logging_mixin.py:188} INFO - [2025-11-02T18:30:21.132+0000] {dagbag.py:538} INFO - Filling up the DagBag from /home/airflow/.local/lib/python3.8/site-packages/airflow/example_dags/example_nested_branch_dag.py
[2025-11-02T18:30:21.155+0000] {processor.py:840} INFO - DAG(s) 'example_nested_branch_dag' retrieved from /home/airflow/.local/lib/python3.8/site-packages/airflow/example_dags/example_nested_branch_dag.py
[2025-11-02T18:30:21.209+0000] {logging_mixin.py:188} INFO - [2025-11-02T18:30:21.208+0000] {dag.py:3036} INFO - Sync 1 DAGs
[2025-11-02T18:30:21.262+0000] {logging_mixin.py:188} INFO - [2025-11-02T18:30:21.261+0000] {dag.py:3823} INFO - Setting next_dagrun for example_nested_branch_dag to 2025-11-01 00:00:00+00:00, run_after=2025-11-02 00:00:00+00:00
[2025-11-02T18:30:21.306+0000] {processor.py:183} INFO - Processing /home/airflow/.local/lib/python3.8/site-packages/airflow/example_dags/example_nested_branch_dag.py took 0.190 seconds
[2025-11-02T18:30:51.509+0000] {processor.py:161} INFO - Started process (PID=756) to work on /home/airflow/.local/lib/python3.8/site-packages/airflow/example_dags/example_nested_branch_dag.py
[2025-11-02T18:30:51.512+0000] {processor.py:830} INFO - Processing file /home/airflow/.local/lib/python3.8/site-packages/airflow/example_dags/example_nested_branch_dag.py for tasks to queue
[2025-11-02T18:30:51.517+0000] {logging_mixin.py:188} INFO - [2025-11-02T18:30:51.516+0000] {dagbag.py:538} INFO - Filling up the DagBag from /home/airflow/.local/lib/python3.8/site-packages/airflow/example_dags/example_nested_branch_dag.py
[2025-11-02T18:30:51.541+0000] {processor.py:840} INFO - DAG(s) 'example_nested_branch_dag' retrieved from /home/airflow/.local/lib/python3.8/site-packages/airflow/example_dags/example_nested_branch_dag.py
[2025-11-02T18:30:51.598+0000] {logging_mixin.py:188} INFO - [2025-11-02T18:30:51.598+0000] {dag.py:3036} INFO - Sync 1 DAGs
[2025-11-02T18:30:51.655+0000] {logging_mixin.py:188} INFO - [2025-11-02T18:30:51.654+0000] {dag.py:3823} INFO - Setting next_dagrun for example_nested_branch_dag to 2025-11-01 00:00:00+00:00, run_after=2025-11-02 00:00:00+00:00
[2025-11-02T18:30:51.702+0000] {processor.py:183} INFO - Processing /home/airflow/.local/lib/python3.8/site-packages/airflow/example_dags/example_nested_branch_dag.py took 0.201 seconds
[2025-11-02T18:31:21.905+0000] {processor.py:161} INFO - Started process (PID=811) to work on /home/airflow/.local/lib/python3.8/site-packages/airflow/example_dags/example_nested_branch_dag.py
[2025-11-02T18:31:21.908+0000] {processor.py:830} INFO - Processing file /home/airflow/.local/lib/python3.8/site-packages/airflow/example_dags/example_nested_branch_dag.py for tasks to queue
[2025-11-02T18:31:21.915+0000] {logging_mixin.py:188} INFO - [2025-11-02T18:31:21.915+0000] {dagbag.py:538} INFO - Filling up the DagBag from /home/airflow/.local/lib/python3.8/site-packages/airflow/example_dags/example_nested_branch_dag.py
[2025-11-02T18:31:21.946+0000] {processor.py:840} INFO - DAG(s) 'example_nested_branch_dag' retrieved from /home/airflow/.local/lib/python3.8/site-packages/airflow/example_dags/example_nested_branch_dag.py
[2025-11-02T18:31:22.005+0000] {logging_mixin.py:188} INFO - [2025-11-02T18:31:22.004+0000] {dag.py:3036} INFO - Sync 1 DAGs
[2025-11-02T18:31:22.054+0000] {logging_mixin.py:188} INFO - [2025-11-02T18:31:22.053+0000] {dag.py:3823} INFO - Setting next_dagrun for example_nested_branch_dag to 2025-11-01 00:00:00+00:00, run_after=2025-11-02 00:00:00+00:00
[2025-11-02T18:31:22.096+0000] {processor.py:183} INFO - Processing /home/airflow/.local/lib/python3.8/site-packages/airflow/example_dags/example_nested_branch_dag.py took 0.206 seconds
[2025-11-02T18:31:52.300+0000] {processor.py:161} INFO - Started process (PID=866) to work on /home/airflow/.local/lib/python3.8/site-packages/airflow/example_dags/example_nested_branch_dag.py
[2025-11-02T18:31:52.303+0000] {processor.py:830} INFO - Processing file /home/airflow/.local/lib/python3.8/site-packages/airflow/example_dags/example_nested_branch_dag.py for tasks to queue
[2025-11-02T18:31:52.308+0000] {logging_mixin.py:188} INFO - [2025-11-02T18:31:52.307+0000] {dagbag.py:538} INFO - Filling up the DagBag from /home/airflow/.local/lib/python3.8/site-packages/airflow/example_dags/example_nested_branch_dag.py
[2025-11-02T18:31:52.338+0000] {processor.py:840} INFO - DAG(s) 'example_nested_branch_dag' retrieved from /home/airflow/.local/lib/python3.8/site-packages/airflow/example_dags/example_nested_branch_dag.py
[2025-11-02T18:31:52.411+0000] {logging_mixin.py:188} INFO - [2025-11-02T18:31:52.411+0000] {dag.py:3036} INFO - Sync 1 DAGs
[2025-11-02T18:31:52.483+0000] {logging_mixin.py:188} INFO - [2025-11-02T18:31:52.483+0000] {dag.py:3823} INFO - Setting next_dagrun for example_nested_branch_dag to 2025-11-01 00:00:00+00:00, run_after=2025-11-02 00:00:00+00:00
[2025-11-02T18:31:52.536+0000] {processor.py:183} INFO - Processing /home/airflow/.local/lib/python3.8/site-packages/airflow/example_dags/example_nested_branch_dag.py took 0.246 seconds
[2025-11-02T18:32:22.880+0000] {processor.py:161} INFO - Started process (PID=920) to work on /home/airflow/.local/lib/python3.8/site-packages/airflow/example_dags/example_nested_branch_dag.py
[2025-11-02T18:32:22.883+0000] {processor.py:830} INFO - Processing file /home/airflow/.local/lib/python3.8/site-packages/airflow/example_dags/example_nested_branch_dag.py for tasks to queue
[2025-11-02T18:32:22.893+0000] {logging_mixin.py:188} INFO - [2025-11-02T18:32:22.892+0000] {dagbag.py:538} INFO - Filling up the DagBag from /home/airflow/.local/lib/python3.8/site-packages/airflow/example_dags/example_nested_branch_dag.py
[2025-11-02T18:32:22.947+0000] {processor.py:840} INFO - DAG(s) 'example_nested_branch_dag' retrieved from /home/airflow/.local/lib/python3.8/site-packages/airflow/example_dags/example_nested_branch_dag.py
[2025-11-02T18:32:23.036+0000] {logging_mixin.py:188} INFO - [2025-11-02T18:32:23.035+0000] {dag.py:3036} INFO - Sync 1 DAGs
[2025-11-02T18:32:23.122+0000] {logging_mixin.py:188} INFO - [2025-11-02T18:32:23.121+0000] {dag.py:3823} INFO - Setting next_dagrun for example_nested_branch_dag to 2025-11-01 00:00:00+00:00, run_after=2025-11-02 00:00:00+00:00
[2025-11-02T18:32:23.195+0000] {processor.py:183} INFO - Processing /home/airflow/.local/lib/python3.8/site-packages/airflow/example_dags/example_nested_branch_dag.py took 0.332 seconds
[2025-11-02T18:32:53.442+0000] {processor.py:161} INFO - Started process (PID=975) to work on /home/airflow/.local/lib/python3.8/site-packages/airflow/example_dags/example_nested_branch_dag.py
[2025-11-02T18:32:53.445+0000] {processor.py:830} INFO - Processing file /home/airflow/.local/lib/python3.8/site-packages/airflow/example_dags/example_nested_branch_dag.py for tasks to queue
[2025-11-02T18:32:53.450+0000] {logging_mixin.py:188} INFO - [2025-11-02T18:32:53.449+0000] {dagbag.py:538} INFO - Filling up the DagBag from /home/airflow/.local/lib/python3.8/site-packages/airflow/example_dags/example_nested_branch_dag.py
[2025-11-02T18:32:53.472+0000] {processor.py:840} INFO - DAG(s) 'example_nested_branch_dag' retrieved from /home/airflow/.local/lib/python3.8/site-packages/airflow/example_dags/example_nested_branch_dag.py
[2025-11-02T18:32:53.528+0000] {logging_mixin.py:188} INFO - [2025-11-02T18:32:53.527+0000] {dag.py:3036} INFO - Sync 1 DAGs
[2025-11-02T18:32:53.584+0000] {logging_mixin.py:188} INFO - [2025-11-02T18:32:53.584+0000] {dag.py:3823} INFO - Setting next_dagrun for example_nested_branch_dag to 2025-11-01 00:00:00+00:00, run_after=2025-11-02 00:00:00+00:00
[2025-11-02T18:32:53.634+0000] {processor.py:183} INFO - Processing /home/airflow/.local/lib/python3.8/site-packages/airflow/example_dags/example_nested_branch_dag.py took 0.201 seconds
[2025-11-02T18:33:24.350+0000] {processor.py:161} INFO - Started process (PID=1030) to work on /home/airflow/.local/lib/python3.8/site-packages/airflow/example_dags/example_nested_branch_dag.py
[2025-11-02T18:33:24.353+0000] {processor.py:830} INFO - Processing file /home/airflow/.local/lib/python3.8/site-packages/airflow/example_dags/example_nested_branch_dag.py for tasks to queue
[2025-11-02T18:33:24.359+0000] {logging_mixin.py:188} INFO - [2025-11-02T18:33:24.358+0000] {dagbag.py:538} INFO - Filling up the DagBag from /home/airflow/.local/lib/python3.8/site-packages/airflow/example_dags/example_nested_branch_dag.py
[2025-11-02T18:33:24.385+0000] {processor.py:840} INFO - DAG(s) 'example_nested_branch_dag' retrieved from /home/airflow/.local/lib/python3.8/site-packages/airflow/example_dags/example_nested_branch_dag.py
[2025-11-02T18:33:24.453+0000] {logging_mixin.py:188} INFO - [2025-11-02T18:33:24.453+0000] {dag.py:3036} INFO - Sync 1 DAGs
[2025-11-02T18:33:24.503+0000] {logging_mixin.py:188} INFO - [2025-11-02T18:33:24.503+0000] {dag.py:3823} INFO - Setting next_dagrun for example_nested_branch_dag to 2025-11-01 00:00:00+00:00, run_after=2025-11-02 00:00:00+00:00
[2025-11-02T18:33:24.545+0000] {processor.py:183} INFO - Processing /home/airflow/.local/lib/python3.8/site-packages/airflow/example_dags/example_nested_branch_dag.py took 0.203 seconds
[2025-11-02T18:33:54.807+0000] {processor.py:161} INFO - Started process (PID=1085) to work on /home/airflow/.local/lib/python3.8/site-packages/airflow/example_dags/example_nested_branch_dag.py
[2025-11-02T18:33:54.809+0000] {processor.py:830} INFO - Processing file /home/airflow/.local/lib/python3.8/site-packages/airflow/example_dags/example_nested_branch_dag.py for tasks to queue
[2025-11-02T18:33:54.815+0000] {logging_mixin.py:188} INFO - [2025-11-02T18:33:54.814+0000] {dagbag.py:538} INFO - Filling up the DagBag from /home/airflow/.local/lib/python3.8/site-packages/airflow/example_dags/example_nested_branch_dag.py
[2025-11-02T18:33:54.842+0000] {processor.py:840} INFO - DAG(s) 'example_nested_branch_dag' retrieved from /home/airflow/.local/lib/python3.8/site-packages/airflow/example_dags/example_nested_branch_dag.py
[2025-11-02T18:33:54.905+0000] {logging_mixin.py:188} INFO - [2025-11-02T18:33:54.904+0000] {dag.py:3036} INFO - Sync 1 DAGs
[2025-11-02T18:33:54.961+0000] {logging_mixin.py:188} INFO - [2025-11-02T18:33:54.960+0000] {dag.py:3823} INFO - Setting next_dagrun for example_nested_branch_dag to 2025-11-01 00:00:00+00:00, run_after=2025-11-02 00:00:00+00:00
[2025-11-02T18:33:55.009+0000] {processor.py:183} INFO - Processing /home/airflow/.local/lib/python3.8/site-packages/airflow/example_dags/example_nested_branch_dag.py took 0.212 seconds
[2025-11-02T18:34:25.576+0000] {processor.py:161} INFO - Started process (PID=1140) to work on /home/airflow/.local/lib/python3.8/site-packages/airflow/example_dags/example_nested_branch_dag.py
[2025-11-02T18:34:25.591+0000] {processor.py:830} INFO - Processing file /home/airflow/.local/lib/python3.8/site-packages/airflow/example_dags/example_nested_branch_dag.py for tasks to queue
[2025-11-02T18:34:25.606+0000] {logging_mixin.py:188} INFO - [2025-11-02T18:34:25.605+0000] {dagbag.py:538} INFO - Filling up the DagBag from /home/airflow/.local/lib/python3.8/site-packages/airflow/example_dags/example_nested_branch_dag.py
[2025-11-02T18:34:25.654+0000] {processor.py:840} INFO - DAG(s) 'example_nested_branch_dag' retrieved from /home/airflow/.local/lib/python3.8/site-packages/airflow/example_dags/example_nested_branch_dag.py
[2025-11-02T18:34:25.794+0000] {logging_mixin.py:188} INFO - [2025-11-02T18:34:25.793+0000] {dag.py:3036} INFO - Sync 1 DAGs
[2025-11-02T18:34:25.890+0000] {logging_mixin.py:188} INFO - [2025-11-02T18:34:25.889+0000] {dag.py:3823} INFO - Setting next_dagrun for example_nested_branch_dag to 2025-11-01 00:00:00+00:00, run_after=2025-11-02 00:00:00+00:00
[2025-11-02T18:34:25.949+0000] {processor.py:183} INFO - Processing /home/airflow/.local/lib/python3.8/site-packages/airflow/example_dags/example_nested_branch_dag.py took 0.395 seconds
[2025-11-02T18:34:56.458+0000] {processor.py:161} INFO - Started process (PID=1196) to work on /home/airflow/.local/lib/python3.8/site-packages/airflow/example_dags/example_nested_branch_dag.py
[2025-11-02T18:34:56.462+0000] {processor.py:830} INFO - Processing file /home/airflow/.local/lib/python3.8/site-packages/airflow/example_dags/example_nested_branch_dag.py for tasks to queue
[2025-11-02T18:34:56.469+0000] {logging_mixin.py:188} INFO - [2025-11-02T18:34:56.468+0000] {dagbag.py:538} INFO - Filling up the DagBag from /home/airflow/.local/lib/python3.8/site-packages/airflow/example_dags/example_nested_branch_dag.py
[2025-11-02T18:34:56.531+0000] {processor.py:840} INFO - DAG(s) 'example_nested_branch_dag' retrieved from /home/airflow/.local/lib/python3.8/site-packages/airflow/example_dags/example_nested_branch_dag.py
[2025-11-02T18:34:56.626+0000] {logging_mixin.py:188} INFO - [2025-11-02T18:34:56.625+0000] {dag.py:3036} INFO - Sync 1 DAGs
[2025-11-02T18:34:56.688+0000] {logging_mixin.py:188} INFO - [2025-11-02T18:34:56.688+0000] {dag.py:3823} INFO - Setting next_dagrun for example_nested_branch_dag to 2025-11-01 00:00:00+00:00, run_after=2025-11-02 00:00:00+00:00
[2025-11-02T18:34:56.736+0000] {processor.py:183} INFO - Processing /home/airflow/.local/lib/python3.8/site-packages/airflow/example_dags/example_nested_branch_dag.py took 0.299 seconds
[2025-11-02T18:35:27.428+0000] {processor.py:161} INFO - Started process (PID=1251) to work on /home/airflow/.local/lib/python3.8/site-packages/airflow/example_dags/example_nested_branch_dag.py
[2025-11-02T18:35:27.431+0000] {processor.py:830} INFO - Processing file /home/airflow/.local/lib/python3.8/site-packages/airflow/example_dags/example_nested_branch_dag.py for tasks to queue
[2025-11-02T18:35:27.438+0000] {logging_mixin.py:188} INFO - [2025-11-02T18:35:27.437+0000] {dagbag.py:538} INFO - Filling up the DagBag from /home/airflow/.local/lib/python3.8/site-packages/airflow/example_dags/example_nested_branch_dag.py
[2025-11-02T18:35:27.478+0000] {processor.py:840} INFO - DAG(s) 'example_nested_branch_dag' retrieved from /home/airflow/.local/lib/python3.8/site-packages/airflow/example_dags/example_nested_branch_dag.py
[2025-11-02T18:35:27.581+0000] {logging_mixin.py:188} INFO - [2025-11-02T18:35:27.580+0000] {dag.py:3036} INFO - Sync 1 DAGs
[2025-11-02T18:35:27.650+0000] {logging_mixin.py:188} INFO - [2025-11-02T18:35:27.649+0000] {dag.py:3823} INFO - Setting next_dagrun for example_nested_branch_dag to 2025-11-01 00:00:00+00:00, run_after=2025-11-02 00:00:00+00:00
[2025-11-02T18:35:27.693+0000] {processor.py:183} INFO - Processing /home/airflow/.local/lib/python3.8/site-packages/airflow/example_dags/example_nested_branch_dag.py took 0.274 seconds
[2025-11-02T18:35:58.274+0000] {processor.py:161} INFO - Started process (PID=1307) to work on /home/airflow/.local/lib/python3.8/site-packages/airflow/example_dags/example_nested_branch_dag.py
[2025-11-02T18:35:58.278+0000] {processor.py:830} INFO - Processing file /home/airflow/.local/lib/python3.8/site-packages/airflow/example_dags/example_nested_branch_dag.py for tasks to queue
[2025-11-02T18:35:58.284+0000] {logging_mixin.py:188} INFO - [2025-11-02T18:35:58.283+0000] {dagbag.py:538} INFO - Filling up the DagBag from /home/airflow/.local/lib/python3.8/site-packages/airflow/example_dags/example_nested_branch_dag.py
[2025-11-02T18:35:58.311+0000] {processor.py:840} INFO - DAG(s) 'example_nested_branch_dag' retrieved from /home/airflow/.local/lib/python3.8/site-packages/airflow/example_dags/example_nested_branch_dag.py
[2025-11-02T18:35:58.385+0000] {logging_mixin.py:188} INFO - [2025-11-02T18:35:58.385+0000] {dag.py:3036} INFO - Sync 1 DAGs
[2025-11-02T18:35:58.450+0000] {logging_mixin.py:188} INFO - [2025-11-02T18:35:58.449+0000] {dag.py:3823} INFO - Setting next_dagrun for example_nested_branch_dag to 2025-11-01 00:00:00+00:00, run_after=2025-11-02 00:00:00+00:00
[2025-11-02T18:35:58.536+0000] {processor.py:183} INFO - Processing /home/airflow/.local/lib/python3.8/site-packages/airflow/example_dags/example_nested_branch_dag.py took 0.270 seconds
[2025-11-02T18:36:29.178+0000] {processor.py:161} INFO - Started process (PID=1362) to work on /home/airflow/.local/lib/python3.8/site-packages/airflow/example_dags/example_nested_branch_dag.py
[2025-11-02T18:36:29.182+0000] {processor.py:830} INFO - Processing file /home/airflow/.local/lib/python3.8/site-packages/airflow/example_dags/example_nested_branch_dag.py for tasks to queue
[2025-11-02T18:36:29.194+0000] {logging_mixin.py:188} INFO - [2025-11-02T18:36:29.191+0000] {dagbag.py:538} INFO - Filling up the DagBag from /home/airflow/.local/lib/python3.8/site-packages/airflow/example_dags/example_nested_branch_dag.py
[2025-11-02T18:36:29.243+0000] {processor.py:840} INFO - DAG(s) 'example_nested_branch_dag' retrieved from /home/airflow/.local/lib/python3.8/site-packages/airflow/example_dags/example_nested_branch_dag.py
[2025-11-02T18:36:29.319+0000] {logging_mixin.py:188} INFO - [2025-11-02T18:36:29.318+0000] {dag.py:3036} INFO - Sync 1 DAGs
[2025-11-02T18:36:29.398+0000] {logging_mixin.py:188} INFO - [2025-11-02T18:36:29.397+0000] {dag.py:3823} INFO - Setting next_dagrun for example_nested_branch_dag to 2025-11-01 00:00:00+00:00, run_after=2025-11-02 00:00:00+00:00
[2025-11-02T18:36:29.632+0000] {processor.py:183} INFO - Processing /home/airflow/.local/lib/python3.8/site-packages/airflow/example_dags/example_nested_branch_dag.py took 0.464 seconds
[2025-11-02T18:37:00.183+0000] {processor.py:161} INFO - Started process (PID=1417) to work on /home/airflow/.local/lib/python3.8/site-packages/airflow/example_dags/example_nested_branch_dag.py
[2025-11-02T18:37:00.191+0000] {processor.py:830} INFO - Processing file /home/airflow/.local/lib/python3.8/site-packages/airflow/example_dags/example_nested_branch_dag.py for tasks to queue
[2025-11-02T18:37:00.214+0000] {logging_mixin.py:188} INFO - [2025-11-02T18:37:00.213+0000] {dagbag.py:538} INFO - Filling up the DagBag from /home/airflow/.local/lib/python3.8/site-packages/airflow/example_dags/example_nested_branch_dag.py
[2025-11-02T18:37:00.301+0000] {processor.py:840} INFO - DAG(s) 'example_nested_branch_dag' retrieved from /home/airflow/.local/lib/python3.8/site-packages/airflow/example_dags/example_nested_branch_dag.py
[2025-11-02T18:37:00.384+0000] {logging_mixin.py:188} INFO - [2025-11-02T18:37:00.383+0000] {dag.py:3036} INFO - Sync 1 DAGs
[2025-11-02T18:37:00.447+0000] {logging_mixin.py:188} INFO - [2025-11-02T18:37:00.446+0000] {dag.py:3823} INFO - Setting next_dagrun for example_nested_branch_dag to 2025-11-01 00:00:00+00:00, run_after=2025-11-02 00:00:00+00:00
[2025-11-02T18:37:00.504+0000] {processor.py:183} INFO - Processing /home/airflow/.local/lib/python3.8/site-packages/airflow/example_dags/example_nested_branch_dag.py took 0.354 seconds
[2025-11-02T18:37:30.730+0000] {processor.py:161} INFO - Started process (PID=1472) to work on /home/airflow/.local/lib/python3.8/site-packages/airflow/example_dags/example_nested_branch_dag.py
[2025-11-02T18:37:30.736+0000] {processor.py:830} INFO - Processing file /home/airflow/.local/lib/python3.8/site-packages/airflow/example_dags/example_nested_branch_dag.py for tasks to queue
[2025-11-02T18:37:30.751+0000] {logging_mixin.py:188} INFO - [2025-11-02T18:37:30.750+0000] {dagbag.py:538} INFO - Filling up the DagBag from /home/airflow/.local/lib/python3.8/site-packages/airflow/example_dags/example_nested_branch_dag.py
[2025-11-02T18:37:30.894+0000] {processor.py:840} INFO - DAG(s) 'example_nested_branch_dag' retrieved from /home/airflow/.local/lib/python3.8/site-packages/airflow/example_dags/example_nested_branch_dag.py
[2025-11-02T18:37:31.059+0000] {logging_mixin.py:188} INFO - [2025-11-02T18:37:31.058+0000] {dag.py:3036} INFO - Sync 1 DAGs
[2025-11-02T18:37:31.173+0000] {logging_mixin.py:188} INFO - [2025-11-02T18:37:31.172+0000] {dag.py:3823} INFO - Setting next_dagrun for example_nested_branch_dag to 2025-11-01 00:00:00+00:00, run_after=2025-11-02 00:00:00+00:00
[2025-11-02T18:37:31.243+0000] {processor.py:183} INFO - Processing /home/airflow/.local/lib/python3.8/site-packages/airflow/example_dags/example_nested_branch_dag.py took 0.542 seconds
[2025-11-02T18:38:02.501+0000] {processor.py:161} INFO - Started process (PID=1528) to work on /home/airflow/.local/lib/python3.8/site-packages/airflow/example_dags/example_nested_branch_dag.py
[2025-11-02T18:38:02.505+0000] {processor.py:830} INFO - Processing file /home/airflow/.local/lib/python3.8/site-packages/airflow/example_dags/example_nested_branch_dag.py for tasks to queue
[2025-11-02T18:38:02.511+0000] {logging_mixin.py:188} INFO - [2025-11-02T18:38:02.510+0000] {dagbag.py:538} INFO - Filling up the DagBag from /home/airflow/.local/lib/python3.8/site-packages/airflow/example_dags/example_nested_branch_dag.py
[2025-11-02T18:38:02.552+0000] {processor.py:840} INFO - DAG(s) 'example_nested_branch_dag' retrieved from /home/airflow/.local/lib/python3.8/site-packages/airflow/example_dags/example_nested_branch_dag.py
[2025-11-02T18:38:02.646+0000] {logging_mixin.py:188} INFO - [2025-11-02T18:38:02.645+0000] {dag.py:3036} INFO - Sync 1 DAGs
[2025-11-02T18:38:02.769+0000] {logging_mixin.py:188} INFO - [2025-11-02T18:38:02.768+0000] {dag.py:3823} INFO - Setting next_dagrun for example_nested_branch_dag to 2025-11-01 00:00:00+00:00, run_after=2025-11-02 00:00:00+00:00
[2025-11-02T18:38:02.858+0000] {processor.py:183} INFO - Processing /home/airflow/.local/lib/python3.8/site-packages/airflow/example_dags/example_nested_branch_dag.py took 0.370 seconds
[2025-11-02T18:38:34.216+0000] {processor.py:161} INFO - Started process (PID=1583) to work on /home/airflow/.local/lib/python3.8/site-packages/airflow/example_dags/example_nested_branch_dag.py
[2025-11-02T18:38:34.246+0000] {processor.py:830} INFO - Processing file /home/airflow/.local/lib/python3.8/site-packages/airflow/example_dags/example_nested_branch_dag.py for tasks to queue
[2025-11-02T18:38:34.267+0000] {logging_mixin.py:188} INFO - [2025-11-02T18:38:34.266+0000] {dagbag.py:538} INFO - Filling up the DagBag from /home/airflow/.local/lib/python3.8/site-packages/airflow/example_dags/example_nested_branch_dag.py
[2025-11-02T18:38:34.310+0000] {processor.py:840} INFO - DAG(s) 'example_nested_branch_dag' retrieved from /home/airflow/.local/lib/python3.8/site-packages/airflow/example_dags/example_nested_branch_dag.py
[2025-11-02T18:38:34.458+0000] {logging_mixin.py:188} INFO - [2025-11-02T18:38:34.457+0000] {dag.py:3036} INFO - Sync 1 DAGs
[2025-11-02T18:38:34.626+0000] {logging_mixin.py:188} INFO - [2025-11-02T18:38:34.625+0000] {dag.py:3823} INFO - Setting next_dagrun for example_nested_branch_dag to 2025-11-01 00:00:00+00:00, run_after=2025-11-02 00:00:00+00:00
[2025-11-02T18:38:34.736+0000] {processor.py:183} INFO - Processing /home/airflow/.local/lib/python3.8/site-packages/airflow/example_dags/example_nested_branch_dag.py took 0.535 seconds
[2025-11-02T18:39:06.949+0000] {processor.py:161} INFO - Started process (PID=1638) to work on /home/airflow/.local/lib/python3.8/site-packages/airflow/example_dags/example_nested_branch_dag.py
[2025-11-02T18:39:06.972+0000] {processor.py:830} INFO - Processing file /home/airflow/.local/lib/python3.8/site-packages/airflow/example_dags/example_nested_branch_dag.py for tasks to queue
[2025-11-02T18:39:06.998+0000] {logging_mixin.py:188} INFO - [2025-11-02T18:39:06.997+0000] {dagbag.py:538} INFO - Filling up the DagBag from /home/airflow/.local/lib/python3.8/site-packages/airflow/example_dags/example_nested_branch_dag.py
[2025-11-02T18:39:07.089+0000] {processor.py:840} INFO - DAG(s) 'example_nested_branch_dag' retrieved from /home/airflow/.local/lib/python3.8/site-packages/airflow/example_dags/example_nested_branch_dag.py
[2025-11-02T18:39:07.309+0000] {logging_mixin.py:188} INFO - [2025-11-02T18:39:07.307+0000] {dag.py:3036} INFO - Sync 1 DAGs
[2025-11-02T18:39:07.453+0000] {logging_mixin.py:188} INFO - [2025-11-02T18:39:07.452+0000] {dag.py:3823} INFO - Setting next_dagrun for example_nested_branch_dag to 2025-11-01 00:00:00+00:00, run_after=2025-11-02 00:00:00+00:00
[2025-11-02T18:39:07.571+0000] {processor.py:183} INFO - Processing /home/airflow/.local/lib/python3.8/site-packages/airflow/example_dags/example_nested_branch_dag.py took 0.641 seconds
[2025-11-02T18:39:45.873+0000] {processor.py:161} INFO - Started process (PID=1693) to work on /home/airflow/.local/lib/python3.8/site-packages/airflow/example_dags/example_nested_branch_dag.py
[2025-11-02T18:39:45.886+0000] {processor.py:830} INFO - Processing file /home/airflow/.local/lib/python3.8/site-packages/airflow/example_dags/example_nested_branch_dag.py for tasks to queue
[2025-11-02T18:39:45.904+0000] {logging_mixin.py:188} INFO - [2025-11-02T18:39:45.897+0000] {dagbag.py:538} INFO - Filling up the DagBag from /home/airflow/.local/lib/python3.8/site-packages/airflow/example_dags/example_nested_branch_dag.py
[2025-11-02T18:39:45.991+0000] {processor.py:840} INFO - DAG(s) 'example_nested_branch_dag' retrieved from /home/airflow/.local/lib/python3.8/site-packages/airflow/example_dags/example_nested_branch_dag.py
[2025-11-02T18:39:46.181+0000] {logging_mixin.py:188} INFO - [2025-11-02T18:39:46.180+0000] {dag.py:3036} INFO - Sync 1 DAGs
[2025-11-02T18:39:46.345+0000] {logging_mixin.py:188} INFO - [2025-11-02T18:39:46.345+0000] {dag.py:3823} INFO - Setting next_dagrun for example_nested_branch_dag to 2025-11-01 00:00:00+00:00, run_after=2025-11-02 00:00:00+00:00
[2025-11-02T18:39:46.533+0000] {processor.py:183} INFO - Processing /home/airflow/.local/lib/python3.8/site-packages/airflow/example_dags/example_nested_branch_dag.py took 0.690 seconds
[2025-11-02T18:40:18.016+0000] {processor.py:161} INFO - Started process (PID=1747) to work on /home/airflow/.local/lib/python3.8/site-packages/airflow/example_dags/example_nested_branch_dag.py
[2025-11-02T18:40:18.024+0000] {processor.py:830} INFO - Processing file /home/airflow/.local/lib/python3.8/site-packages/airflow/example_dags/example_nested_branch_dag.py for tasks to queue
[2025-11-02T18:40:18.031+0000] {logging_mixin.py:188} INFO - [2025-11-02T18:40:18.030+0000] {dagbag.py:538} INFO - Filling up the DagBag from /home/airflow/.local/lib/python3.8/site-packages/airflow/example_dags/example_nested_branch_dag.py
[2025-11-02T18:40:18.077+0000] {processor.py:840} INFO - DAG(s) 'example_nested_branch_dag' retrieved from /home/airflow/.local/lib/python3.8/site-packages/airflow/example_dags/example_nested_branch_dag.py
[2025-11-02T18:40:18.184+0000] {logging_mixin.py:188} INFO - [2025-11-02T18:40:18.184+0000] {dag.py:3036} INFO - Sync 1 DAGs
[2025-11-02T18:40:18.294+0000] {logging_mixin.py:188} INFO - [2025-11-02T18:40:18.293+0000] {dag.py:3823} INFO - Setting next_dagrun for example_nested_branch_dag to 2025-11-01 00:00:00+00:00, run_after=2025-11-02 00:00:00+00:00
[2025-11-02T18:40:18.390+0000] {processor.py:183} INFO - Processing /home/airflow/.local/lib/python3.8/site-packages/airflow/example_dags/example_nested_branch_dag.py took 0.407 seconds
[2025-11-02T18:40:48.544+0000] {processor.py:161} INFO - Started process (PID=1801) to work on /home/airflow/.local/lib/python3.8/site-packages/airflow/example_dags/example_nested_branch_dag.py
[2025-11-02T18:40:48.548+0000] {processor.py:830} INFO - Processing file /home/airflow/.local/lib/python3.8/site-packages/airflow/example_dags/example_nested_branch_dag.py for tasks to queue
[2025-11-02T18:40:48.561+0000] {logging_mixin.py:188} INFO - [2025-11-02T18:40:48.560+0000] {dagbag.py:538} INFO - Filling up the DagBag from /home/airflow/.local/lib/python3.8/site-packages/airflow/example_dags/example_nested_branch_dag.py
[2025-11-02T18:40:48.604+0000] {processor.py:840} INFO - DAG(s) 'example_nested_branch_dag' retrieved from /home/airflow/.local/lib/python3.8/site-packages/airflow/example_dags/example_nested_branch_dag.py
[2025-11-02T18:40:48.707+0000] {logging_mixin.py:188} INFO - [2025-11-02T18:40:48.706+0000] {dag.py:3036} INFO - Sync 1 DAGs
[2025-11-02T18:40:48.792+0000] {logging_mixin.py:188} INFO - [2025-11-02T18:40:48.792+0000] {dag.py:3823} INFO - Setting next_dagrun for example_nested_branch_dag to 2025-11-01 00:00:00+00:00, run_after=2025-11-02 00:00:00+00:00
[2025-11-02T18:40:48.884+0000] {processor.py:183} INFO - Processing /home/airflow/.local/lib/python3.8/site-packages/airflow/example_dags/example_nested_branch_dag.py took 0.355 seconds
[2025-11-02T18:41:19.504+0000] {processor.py:161} INFO - Started process (PID=1855) to work on /home/airflow/.local/lib/python3.8/site-packages/airflow/example_dags/example_nested_branch_dag.py
[2025-11-02T18:41:19.509+0000] {processor.py:830} INFO - Processing file /home/airflow/.local/lib/python3.8/site-packages/airflow/example_dags/example_nested_branch_dag.py for tasks to queue
[2025-11-02T18:41:19.528+0000] {logging_mixin.py:188} INFO - [2025-11-02T18:41:19.526+0000] {dagbag.py:538} INFO - Filling up the DagBag from /home/airflow/.local/lib/python3.8/site-packages/airflow/example_dags/example_nested_branch_dag.py
[2025-11-02T18:41:19.609+0000] {processor.py:840} INFO - DAG(s) 'example_nested_branch_dag' retrieved from /home/airflow/.local/lib/python3.8/site-packages/airflow/example_dags/example_nested_branch_dag.py
[2025-11-02T18:41:19.703+0000] {logging_mixin.py:188} INFO - [2025-11-02T18:41:19.701+0000] {dag.py:3036} INFO - Sync 1 DAGs
[2025-11-02T18:41:19.793+0000] {logging_mixin.py:188} INFO - [2025-11-02T18:41:19.792+0000] {dag.py:3823} INFO - Setting next_dagrun for example_nested_branch_dag to 2025-11-01 00:00:00+00:00, run_after=2025-11-02 00:00:00+00:00
[2025-11-02T18:41:19.924+0000] {processor.py:183} INFO - Processing /home/airflow/.local/lib/python3.8/site-packages/airflow/example_dags/example_nested_branch_dag.py took 0.433 seconds
[2025-11-02T18:41:50.970+0000] {processor.py:161} INFO - Started process (PID=1910) to work on /home/airflow/.local/lib/python3.8/site-packages/airflow/example_dags/example_nested_branch_dag.py
[2025-11-02T18:41:50.973+0000] {processor.py:830} INFO - Processing file /home/airflow/.local/lib/python3.8/site-packages/airflow/example_dags/example_nested_branch_dag.py for tasks to queue
[2025-11-02T18:41:50.982+0000] {logging_mixin.py:188} INFO - [2025-11-02T18:41:50.981+0000] {dagbag.py:538} INFO - Filling up the DagBag from /home/airflow/.local/lib/python3.8/site-packages/airflow/example_dags/example_nested_branch_dag.py
[2025-11-02T18:41:51.019+0000] {processor.py:840} INFO - DAG(s) 'example_nested_branch_dag' retrieved from /home/airflow/.local/lib/python3.8/site-packages/airflow/example_dags/example_nested_branch_dag.py
[2025-11-02T18:41:51.132+0000] {logging_mixin.py:188} INFO - [2025-11-02T18:41:51.131+0000] {dag.py:3036} INFO - Sync 1 DAGs
[2025-11-02T18:41:51.234+0000] {logging_mixin.py:188} INFO - [2025-11-02T18:41:51.233+0000] {dag.py:3823} INFO - Setting next_dagrun for example_nested_branch_dag to 2025-11-01 00:00:00+00:00, run_after=2025-11-02 00:00:00+00:00
[2025-11-02T18:41:51.429+0000] {processor.py:183} INFO - Processing /home/airflow/.local/lib/python3.8/site-packages/airflow/example_dags/example_nested_branch_dag.py took 0.474 seconds
[2025-11-02T18:42:21.651+0000] {processor.py:161} INFO - Started process (PID=1964) to work on /home/airflow/.local/lib/python3.8/site-packages/airflow/example_dags/example_nested_branch_dag.py
[2025-11-02T18:42:21.656+0000] {processor.py:830} INFO - Processing file /home/airflow/.local/lib/python3.8/site-packages/airflow/example_dags/example_nested_branch_dag.py for tasks to queue
[2025-11-02T18:42:21.671+0000] {logging_mixin.py:188} INFO - [2025-11-02T18:42:21.670+0000] {dagbag.py:538} INFO - Filling up the DagBag from /home/airflow/.local/lib/python3.8/site-packages/airflow/example_dags/example_nested_branch_dag.py
[2025-11-02T18:42:21.723+0000] {processor.py:840} INFO - DAG(s) 'example_nested_branch_dag' retrieved from /home/airflow/.local/lib/python3.8/site-packages/airflow/example_dags/example_nested_branch_dag.py
[2025-11-02T18:42:21.835+0000] {logging_mixin.py:188} INFO - [2025-11-02T18:42:21.834+0000] {dag.py:3036} INFO - Sync 1 DAGs
[2025-11-02T18:42:21.902+0000] {logging_mixin.py:188} INFO - [2025-11-02T18:42:21.902+0000] {dag.py:3823} INFO - Setting next_dagrun for example_nested_branch_dag to 2025-11-01 00:00:00+00:00, run_after=2025-11-02 00:00:00+00:00
[2025-11-02T18:42:21.969+0000] {processor.py:183} INFO - Processing /home/airflow/.local/lib/python3.8/site-packages/airflow/example_dags/example_nested_branch_dag.py took 0.333 seconds
[2025-11-02T18:42:52.062+0000] {processor.py:161} INFO - Started process (PID=2018) to work on /home/airflow/.local/lib/python3.8/site-packages/airflow/example_dags/example_nested_branch_dag.py
[2025-11-02T18:42:52.067+0000] {processor.py:830} INFO - Processing file /home/airflow/.local/lib/python3.8/site-packages/airflow/example_dags/example_nested_branch_dag.py for tasks to queue
[2025-11-02T18:42:52.074+0000] {logging_mixin.py:188} INFO - [2025-11-02T18:42:52.073+0000] {dagbag.py:538} INFO - Filling up the DagBag from /home/airflow/.local/lib/python3.8/site-packages/airflow/example_dags/example_nested_branch_dag.py
[2025-11-02T18:42:52.115+0000] {processor.py:840} INFO - DAG(s) 'example_nested_branch_dag' retrieved from /home/airflow/.local/lib/python3.8/site-packages/airflow/example_dags/example_nested_branch_dag.py
[2025-11-02T18:42:52.194+0000] {logging_mixin.py:188} INFO - [2025-11-02T18:42:52.193+0000] {dag.py:3036} INFO - Sync 1 DAGs
[2025-11-02T18:42:52.340+0000] {logging_mixin.py:188} INFO - [2025-11-02T18:42:52.339+0000] {dag.py:3823} INFO - Setting next_dagrun for example_nested_branch_dag to 2025-11-01 00:00:00+00:00, run_after=2025-11-02 00:00:00+00:00
[2025-11-02T18:42:52.400+0000] {processor.py:183} INFO - Processing /home/airflow/.local/lib/python3.8/site-packages/airflow/example_dags/example_nested_branch_dag.py took 0.353 seconds
[2025-11-02T18:43:23.337+0000] {processor.py:161} INFO - Started process (PID=2080) to work on /home/airflow/.local/lib/python3.8/site-packages/airflow/example_dags/example_nested_branch_dag.py
[2025-11-02T18:43:23.341+0000] {processor.py:830} INFO - Processing file /home/airflow/.local/lib/python3.8/site-packages/airflow/example_dags/example_nested_branch_dag.py for tasks to queue
[2025-11-02T18:43:23.348+0000] {logging_mixin.py:188} INFO - [2025-11-02T18:43:23.346+0000] {dagbag.py:538} INFO - Filling up the DagBag from /home/airflow/.local/lib/python3.8/site-packages/airflow/example_dags/example_nested_branch_dag.py
[2025-11-02T18:43:23.396+0000] {processor.py:840} INFO - DAG(s) 'example_nested_branch_dag' retrieved from /home/airflow/.local/lib/python3.8/site-packages/airflow/example_dags/example_nested_branch_dag.py
[2025-11-02T18:43:23.514+0000] {logging_mixin.py:188} INFO - [2025-11-02T18:43:23.513+0000] {dag.py:3036} INFO - Sync 1 DAGs
[2025-11-02T18:43:23.616+0000] {logging_mixin.py:188} INFO - [2025-11-02T18:43:23.615+0000] {dag.py:3823} INFO - Setting next_dagrun for example_nested_branch_dag to 2025-11-01 00:00:00+00:00, run_after=2025-11-02 00:00:00+00:00
[2025-11-02T18:43:23.745+0000] {processor.py:183} INFO - Processing /home/airflow/.local/lib/python3.8/site-packages/airflow/example_dags/example_nested_branch_dag.py took 0.419 seconds
[2025-11-02T18:43:54.395+0000] {processor.py:161} INFO - Started process (PID=2135) to work on /home/airflow/.local/lib/python3.8/site-packages/airflow/example_dags/example_nested_branch_dag.py
[2025-11-02T18:43:54.402+0000] {processor.py:830} INFO - Processing file /home/airflow/.local/lib/python3.8/site-packages/airflow/example_dags/example_nested_branch_dag.py for tasks to queue
[2025-11-02T18:43:54.444+0000] {logging_mixin.py:188} INFO - [2025-11-02T18:43:54.442+0000] {dagbag.py:538} INFO - Filling up the DagBag from /home/airflow/.local/lib/python3.8/site-packages/airflow/example_dags/example_nested_branch_dag.py
[2025-11-02T18:43:54.564+0000] {processor.py:840} INFO - DAG(s) 'example_nested_branch_dag' retrieved from /home/airflow/.local/lib/python3.8/site-packages/airflow/example_dags/example_nested_branch_dag.py
[2025-11-02T18:43:54.733+0000] {logging_mixin.py:188} INFO - [2025-11-02T18:43:54.731+0000] {dag.py:3036} INFO - Sync 1 DAGs
[2025-11-02T18:43:54.850+0000] {logging_mixin.py:188} INFO - [2025-11-02T18:43:54.849+0000] {dag.py:3823} INFO - Setting next_dagrun for example_nested_branch_dag to 2025-11-01 00:00:00+00:00, run_after=2025-11-02 00:00:00+00:00
[2025-11-02T18:43:54.956+0000] {processor.py:183} INFO - Processing /home/airflow/.local/lib/python3.8/site-packages/airflow/example_dags/example_nested_branch_dag.py took 0.584 seconds
[2025-11-02T18:44:25.749+0000] {processor.py:161} INFO - Started process (PID=2190) to work on /home/airflow/.local/lib/python3.8/site-packages/airflow/example_dags/example_nested_branch_dag.py
[2025-11-02T18:44:25.763+0000] {processor.py:830} INFO - Processing file /home/airflow/.local/lib/python3.8/site-packages/airflow/example_dags/example_nested_branch_dag.py for tasks to queue
[2025-11-02T18:44:25.783+0000] {logging_mixin.py:188} INFO - [2025-11-02T18:44:25.781+0000] {dagbag.py:538} INFO - Filling up the DagBag from /home/airflow/.local/lib/python3.8/site-packages/airflow/example_dags/example_nested_branch_dag.py
[2025-11-02T18:44:25.852+0000] {processor.py:840} INFO - DAG(s) 'example_nested_branch_dag' retrieved from /home/airflow/.local/lib/python3.8/site-packages/airflow/example_dags/example_nested_branch_dag.py
[2025-11-02T18:44:26.007+0000] {logging_mixin.py:188} INFO - [2025-11-02T18:44:26.006+0000] {dag.py:3036} INFO - Sync 1 DAGs
[2025-11-02T18:44:26.187+0000] {logging_mixin.py:188} INFO - [2025-11-02T18:44:26.187+0000] {dag.py:3823} INFO - Setting next_dagrun for example_nested_branch_dag to 2025-11-01 00:00:00+00:00, run_after=2025-11-02 00:00:00+00:00
[2025-11-02T18:44:26.343+0000] {processor.py:183} INFO - Processing /home/airflow/.local/lib/python3.8/site-packages/airflow/example_dags/example_nested_branch_dag.py took 0.610 seconds
[2025-11-02T18:44:57.216+0000] {processor.py:161} INFO - Started process (PID=2245) to work on /home/airflow/.local/lib/python3.8/site-packages/airflow/example_dags/example_nested_branch_dag.py
[2025-11-02T18:44:57.219+0000] {processor.py:830} INFO - Processing file /home/airflow/.local/lib/python3.8/site-packages/airflow/example_dags/example_nested_branch_dag.py for tasks to queue
[2025-11-02T18:44:57.226+0000] {logging_mixin.py:188} INFO - [2025-11-02T18:44:57.225+0000] {dagbag.py:538} INFO - Filling up the DagBag from /home/airflow/.local/lib/python3.8/site-packages/airflow/example_dags/example_nested_branch_dag.py
[2025-11-02T18:44:57.260+0000] {processor.py:840} INFO - DAG(s) 'example_nested_branch_dag' retrieved from /home/airflow/.local/lib/python3.8/site-packages/airflow/example_dags/example_nested_branch_dag.py
[2025-11-02T18:44:57.333+0000] {logging_mixin.py:188} INFO - [2025-11-02T18:44:57.332+0000] {dag.py:3036} INFO - Sync 1 DAGs
[2025-11-02T18:44:57.410+0000] {logging_mixin.py:188} INFO - [2025-11-02T18:44:57.409+0000] {dag.py:3823} INFO - Setting next_dagrun for example_nested_branch_dag to 2025-11-01 00:00:00+00:00, run_after=2025-11-02 00:00:00+00:00
[2025-11-02T18:44:57.465+0000] {processor.py:183} INFO - Processing /home/airflow/.local/lib/python3.8/site-packages/airflow/example_dags/example_nested_branch_dag.py took 0.261 seconds
[2025-11-02T18:45:27.671+0000] {processor.py:161} INFO - Started process (PID=2300) to work on /home/airflow/.local/lib/python3.8/site-packages/airflow/example_dags/example_nested_branch_dag.py
[2025-11-02T18:45:27.674+0000] {processor.py:830} INFO - Processing file /home/airflow/.local/lib/python3.8/site-packages/airflow/example_dags/example_nested_branch_dag.py for tasks to queue
[2025-11-02T18:45:27.680+0000] {logging_mixin.py:188} INFO - [2025-11-02T18:45:27.680+0000] {dagbag.py:538} INFO - Filling up the DagBag from /home/airflow/.local/lib/python3.8/site-packages/airflow/example_dags/example_nested_branch_dag.py
[2025-11-02T18:45:27.713+0000] {processor.py:840} INFO - DAG(s) 'example_nested_branch_dag' retrieved from /home/airflow/.local/lib/python3.8/site-packages/airflow/example_dags/example_nested_branch_dag.py
[2025-11-02T18:45:27.775+0000] {logging_mixin.py:188} INFO - [2025-11-02T18:45:27.774+0000] {dag.py:3036} INFO - Sync 1 DAGs
[2025-11-02T18:45:27.836+0000] {logging_mixin.py:188} INFO - [2025-11-02T18:45:27.836+0000] {dag.py:3823} INFO - Setting next_dagrun for example_nested_branch_dag to 2025-11-01 00:00:00+00:00, run_after=2025-11-02 00:00:00+00:00
[2025-11-02T18:45:27.887+0000] {processor.py:183} INFO - Processing /home/airflow/.local/lib/python3.8/site-packages/airflow/example_dags/example_nested_branch_dag.py took 0.226 seconds
[2025-11-02T18:45:58.123+0000] {processor.py:161} INFO - Started process (PID=2355) to work on /home/airflow/.local/lib/python3.8/site-packages/airflow/example_dags/example_nested_branch_dag.py
[2025-11-02T18:45:58.126+0000] {processor.py:830} INFO - Processing file /home/airflow/.local/lib/python3.8/site-packages/airflow/example_dags/example_nested_branch_dag.py for tasks to queue
[2025-11-02T18:45:58.133+0000] {logging_mixin.py:188} INFO - [2025-11-02T18:45:58.132+0000] {dagbag.py:538} INFO - Filling up the DagBag from /home/airflow/.local/lib/python3.8/site-packages/airflow/example_dags/example_nested_branch_dag.py
[2025-11-02T18:45:58.166+0000] {processor.py:840} INFO - DAG(s) 'example_nested_branch_dag' retrieved from /home/airflow/.local/lib/python3.8/site-packages/airflow/example_dags/example_nested_branch_dag.py
[2025-11-02T18:45:58.235+0000] {logging_mixin.py:188} INFO - [2025-11-02T18:45:58.234+0000] {dag.py:3036} INFO - Sync 1 DAGs
[2025-11-02T18:45:58.312+0000] {logging_mixin.py:188} INFO - [2025-11-02T18:45:58.311+0000] {dag.py:3823} INFO - Setting next_dagrun for example_nested_branch_dag to 2025-11-01 00:00:00+00:00, run_after=2025-11-02 00:00:00+00:00
[2025-11-02T18:45:58.369+0000] {processor.py:183} INFO - Processing /home/airflow/.local/lib/python3.8/site-packages/airflow/example_dags/example_nested_branch_dag.py took 0.263 seconds
[2025-11-02T18:46:28.470+0000] {processor.py:161} INFO - Started process (PID=2409) to work on /home/airflow/.local/lib/python3.8/site-packages/airflow/example_dags/example_nested_branch_dag.py
[2025-11-02T18:46:28.473+0000] {processor.py:830} INFO - Processing file /home/airflow/.local/lib/python3.8/site-packages/airflow/example_dags/example_nested_branch_dag.py for tasks to queue
[2025-11-02T18:46:28.478+0000] {logging_mixin.py:188} INFO - [2025-11-02T18:46:28.477+0000] {dagbag.py:538} INFO - Filling up the DagBag from /home/airflow/.local/lib/python3.8/site-packages/airflow/example_dags/example_nested_branch_dag.py
[2025-11-02T18:46:28.499+0000] {processor.py:840} INFO - DAG(s) 'example_nested_branch_dag' retrieved from /home/airflow/.local/lib/python3.8/site-packages/airflow/example_dags/example_nested_branch_dag.py
[2025-11-02T18:46:28.553+0000] {logging_mixin.py:188} INFO - [2025-11-02T18:46:28.552+0000] {dag.py:3036} INFO - Sync 1 DAGs
[2025-11-02T18:46:28.610+0000] {logging_mixin.py:188} INFO - [2025-11-02T18:46:28.609+0000] {dag.py:3823} INFO - Setting next_dagrun for example_nested_branch_dag to 2025-11-01 00:00:00+00:00, run_after=2025-11-02 00:00:00+00:00
[2025-11-02T18:46:28.651+0000] {processor.py:183} INFO - Processing /home/airflow/.local/lib/python3.8/site-packages/airflow/example_dags/example_nested_branch_dag.py took 0.188 seconds
[2025-11-02T18:46:59.553+0000] {processor.py:161} INFO - Started process (PID=2465) to work on /home/airflow/.local/lib/python3.8/site-packages/airflow/example_dags/example_nested_branch_dag.py
[2025-11-02T18:46:59.557+0000] {processor.py:830} INFO - Processing file /home/airflow/.local/lib/python3.8/site-packages/airflow/example_dags/example_nested_branch_dag.py for tasks to queue
[2025-11-02T18:46:59.565+0000] {logging_mixin.py:188} INFO - [2025-11-02T18:46:59.564+0000] {dagbag.py:538} INFO - Filling up the DagBag from /home/airflow/.local/lib/python3.8/site-packages/airflow/example_dags/example_nested_branch_dag.py
[2025-11-02T18:46:59.594+0000] {processor.py:840} INFO - DAG(s) 'example_nested_branch_dag' retrieved from /home/airflow/.local/lib/python3.8/site-packages/airflow/example_dags/example_nested_branch_dag.py
[2025-11-02T18:46:59.679+0000] {logging_mixin.py:188} INFO - [2025-11-02T18:46:59.679+0000] {dag.py:3036} INFO - Sync 1 DAGs
[2025-11-02T18:46:59.734+0000] {logging_mixin.py:188} INFO - [2025-11-02T18:46:59.733+0000] {dag.py:3823} INFO - Setting next_dagrun for example_nested_branch_dag to 2025-11-01 00:00:00+00:00, run_after=2025-11-02 00:00:00+00:00
[2025-11-02T18:46:59.783+0000] {processor.py:183} INFO - Processing /home/airflow/.local/lib/python3.8/site-packages/airflow/example_dags/example_nested_branch_dag.py took 0.241 seconds
[2025-11-02T18:47:30.709+0000] {processor.py:161} INFO - Started process (PID=2521) to work on /home/airflow/.local/lib/python3.8/site-packages/airflow/example_dags/example_nested_branch_dag.py
[2025-11-02T18:47:30.712+0000] {processor.py:830} INFO - Processing file /home/airflow/.local/lib/python3.8/site-packages/airflow/example_dags/example_nested_branch_dag.py for tasks to queue
[2025-11-02T18:47:30.719+0000] {logging_mixin.py:188} INFO - [2025-11-02T18:47:30.718+0000] {dagbag.py:538} INFO - Filling up the DagBag from /home/airflow/.local/lib/python3.8/site-packages/airflow/example_dags/example_nested_branch_dag.py
[2025-11-02T18:47:30.758+0000] {processor.py:840} INFO - DAG(s) 'example_nested_branch_dag' retrieved from /home/airflow/.local/lib/python3.8/site-packages/airflow/example_dags/example_nested_branch_dag.py
[2025-11-02T18:47:30.863+0000] {logging_mixin.py:188} INFO - [2025-11-02T18:47:30.862+0000] {dag.py:3036} INFO - Sync 1 DAGs
[2025-11-02T18:47:30.944+0000] {logging_mixin.py:188} INFO - [2025-11-02T18:47:30.943+0000] {dag.py:3823} INFO - Setting next_dagrun for example_nested_branch_dag to 2025-11-01 00:00:00+00:00, run_after=2025-11-02 00:00:00+00:00
[2025-11-02T18:47:31.059+0000] {processor.py:183} INFO - Processing /home/airflow/.local/lib/python3.8/site-packages/airflow/example_dags/example_nested_branch_dag.py took 0.370 seconds
[2025-11-02T18:48:01.302+0000] {processor.py:161} INFO - Started process (PID=2575) to work on /home/airflow/.local/lib/python3.8/site-packages/airflow/example_dags/example_nested_branch_dag.py
[2025-11-02T18:48:01.305+0000] {processor.py:830} INFO - Processing file /home/airflow/.local/lib/python3.8/site-packages/airflow/example_dags/example_nested_branch_dag.py for tasks to queue
[2025-11-02T18:48:01.310+0000] {logging_mixin.py:188} INFO - [2025-11-02T18:48:01.309+0000] {dagbag.py:538} INFO - Filling up the DagBag from /home/airflow/.local/lib/python3.8/site-packages/airflow/example_dags/example_nested_branch_dag.py
[2025-11-02T18:48:01.340+0000] {processor.py:840} INFO - DAG(s) 'example_nested_branch_dag' retrieved from /home/airflow/.local/lib/python3.8/site-packages/airflow/example_dags/example_nested_branch_dag.py
[2025-11-02T18:48:01.408+0000] {logging_mixin.py:188} INFO - [2025-11-02T18:48:01.407+0000] {dag.py:3036} INFO - Sync 1 DAGs
[2025-11-02T18:48:01.507+0000] {logging_mixin.py:188} INFO - [2025-11-02T18:48:01.506+0000] {dag.py:3823} INFO - Setting next_dagrun for example_nested_branch_dag to 2025-11-01 00:00:00+00:00, run_after=2025-11-02 00:00:00+00:00
[2025-11-02T18:48:01.569+0000] {processor.py:183} INFO - Processing /home/airflow/.local/lib/python3.8/site-packages/airflow/example_dags/example_nested_branch_dag.py took 0.279 seconds
[2025-11-02T18:48:32.099+0000] {processor.py:161} INFO - Started process (PID=2630) to work on /home/airflow/.local/lib/python3.8/site-packages/airflow/example_dags/example_nested_branch_dag.py
[2025-11-02T18:48:32.101+0000] {processor.py:830} INFO - Processing file /home/airflow/.local/lib/python3.8/site-packages/airflow/example_dags/example_nested_branch_dag.py for tasks to queue
[2025-11-02T18:48:32.108+0000] {logging_mixin.py:188} INFO - [2025-11-02T18:48:32.107+0000] {dagbag.py:538} INFO - Filling up the DagBag from /home/airflow/.local/lib/python3.8/site-packages/airflow/example_dags/example_nested_branch_dag.py
[2025-11-02T18:48:32.133+0000] {processor.py:840} INFO - DAG(s) 'example_nested_branch_dag' retrieved from /home/airflow/.local/lib/python3.8/site-packages/airflow/example_dags/example_nested_branch_dag.py
[2025-11-02T18:48:32.192+0000] {logging_mixin.py:188} INFO - [2025-11-02T18:48:32.192+0000] {dag.py:3036} INFO - Sync 1 DAGs
[2025-11-02T18:48:32.248+0000] {logging_mixin.py:188} INFO - [2025-11-02T18:48:32.247+0000] {dag.py:3823} INFO - Setting next_dagrun for example_nested_branch_dag to 2025-11-01 00:00:00+00:00, run_after=2025-11-02 00:00:00+00:00
[2025-11-02T18:48:32.565+0000] {processor.py:183} INFO - Processing /home/airflow/.local/lib/python3.8/site-packages/airflow/example_dags/example_nested_branch_dag.py took 0.476 seconds
[2025-11-02T18:49:02.751+0000] {processor.py:161} INFO - Started process (PID=2685) to work on /home/airflow/.local/lib/python3.8/site-packages/airflow/example_dags/example_nested_branch_dag.py
[2025-11-02T18:49:02.755+0000] {processor.py:830} INFO - Processing file /home/airflow/.local/lib/python3.8/site-packages/airflow/example_dags/example_nested_branch_dag.py for tasks to queue
[2025-11-02T18:49:02.762+0000] {logging_mixin.py:188} INFO - [2025-11-02T18:49:02.761+0000] {dagbag.py:538} INFO - Filling up the DagBag from /home/airflow/.local/lib/python3.8/site-packages/airflow/example_dags/example_nested_branch_dag.py
[2025-11-02T18:49:02.803+0000] {processor.py:840} INFO - DAG(s) 'example_nested_branch_dag' retrieved from /home/airflow/.local/lib/python3.8/site-packages/airflow/example_dags/example_nested_branch_dag.py
[2025-11-02T18:49:02.884+0000] {logging_mixin.py:188} INFO - [2025-11-02T18:49:02.883+0000] {dag.py:3036} INFO - Sync 1 DAGs
[2025-11-02T18:49:02.962+0000] {logging_mixin.py:188} INFO - [2025-11-02T18:49:02.962+0000] {dag.py:3823} INFO - Setting next_dagrun for example_nested_branch_dag to 2025-11-01 00:00:00+00:00, run_after=2025-11-02 00:00:00+00:00
[2025-11-02T18:49:03.005+0000] {processor.py:183} INFO - Processing /home/airflow/.local/lib/python3.8/site-packages/airflow/example_dags/example_nested_branch_dag.py took 0.266 seconds
[2025-11-02T18:49:33.684+0000] {processor.py:161} INFO - Started process (PID=2740) to work on /home/airflow/.local/lib/python3.8/site-packages/airflow/example_dags/example_nested_branch_dag.py
[2025-11-02T18:49:33.688+0000] {processor.py:830} INFO - Processing file /home/airflow/.local/lib/python3.8/site-packages/airflow/example_dags/example_nested_branch_dag.py for tasks to queue
[2025-11-02T18:49:33.697+0000] {logging_mixin.py:188} INFO - [2025-11-02T18:49:33.696+0000] {dagbag.py:538} INFO - Filling up the DagBag from /home/airflow/.local/lib/python3.8/site-packages/airflow/example_dags/example_nested_branch_dag.py
[2025-11-02T18:49:33.739+0000] {processor.py:840} INFO - DAG(s) 'example_nested_branch_dag' retrieved from /home/airflow/.local/lib/python3.8/site-packages/airflow/example_dags/example_nested_branch_dag.py
[2025-11-02T18:49:33.829+0000] {logging_mixin.py:188} INFO - [2025-11-02T18:49:33.828+0000] {dag.py:3036} INFO - Sync 1 DAGs
[2025-11-02T18:49:33.973+0000] {logging_mixin.py:188} INFO - [2025-11-02T18:49:33.972+0000] {dag.py:3823} INFO - Setting next_dagrun for example_nested_branch_dag to 2025-11-01 00:00:00+00:00, run_after=2025-11-02 00:00:00+00:00
[2025-11-02T18:49:34.047+0000] {processor.py:183} INFO - Processing /home/airflow/.local/lib/python3.8/site-packages/airflow/example_dags/example_nested_branch_dag.py took 0.377 seconds
[2025-11-02T18:50:04.428+0000] {processor.py:161} INFO - Started process (PID=2795) to work on /home/airflow/.local/lib/python3.8/site-packages/airflow/example_dags/example_nested_branch_dag.py
[2025-11-02T18:50:04.431+0000] {processor.py:830} INFO - Processing file /home/airflow/.local/lib/python3.8/site-packages/airflow/example_dags/example_nested_branch_dag.py for tasks to queue
[2025-11-02T18:50:04.437+0000] {logging_mixin.py:188} INFO - [2025-11-02T18:50:04.435+0000] {dagbag.py:538} INFO - Filling up the DagBag from /home/airflow/.local/lib/python3.8/site-packages/airflow/example_dags/example_nested_branch_dag.py
[2025-11-02T18:50:04.484+0000] {processor.py:840} INFO - DAG(s) 'example_nested_branch_dag' retrieved from /home/airflow/.local/lib/python3.8/site-packages/airflow/example_dags/example_nested_branch_dag.py
[2025-11-02T18:50:04.551+0000] {logging_mixin.py:188} INFO - [2025-11-02T18:50:04.550+0000] {dag.py:3036} INFO - Sync 1 DAGs
[2025-11-02T18:50:04.636+0000] {logging_mixin.py:188} INFO - [2025-11-02T18:50:04.635+0000] {dag.py:3823} INFO - Setting next_dagrun for example_nested_branch_dag to 2025-11-01 00:00:00+00:00, run_after=2025-11-02 00:00:00+00:00
[2025-11-02T18:50:04.693+0000] {processor.py:183} INFO - Processing /home/airflow/.local/lib/python3.8/site-packages/airflow/example_dags/example_nested_branch_dag.py took 0.276 seconds
[2025-11-02T18:50:35.647+0000] {processor.py:161} INFO - Started process (PID=2850) to work on /home/airflow/.local/lib/python3.8/site-packages/airflow/example_dags/example_nested_branch_dag.py
[2025-11-02T18:50:35.650+0000] {processor.py:830} INFO - Processing file /home/airflow/.local/lib/python3.8/site-packages/airflow/example_dags/example_nested_branch_dag.py for tasks to queue
[2025-11-02T18:50:35.656+0000] {logging_mixin.py:188} INFO - [2025-11-02T18:50:35.655+0000] {dagbag.py:538} INFO - Filling up the DagBag from /home/airflow/.local/lib/python3.8/site-packages/airflow/example_dags/example_nested_branch_dag.py
[2025-11-02T18:50:35.680+0000] {processor.py:840} INFO - DAG(s) 'example_nested_branch_dag' retrieved from /home/airflow/.local/lib/python3.8/site-packages/airflow/example_dags/example_nested_branch_dag.py
[2025-11-02T18:50:35.730+0000] {logging_mixin.py:188} INFO - [2025-11-02T18:50:35.730+0000] {dag.py:3036} INFO - Sync 1 DAGs
[2025-11-02T18:50:36.097+0000] {logging_mixin.py:188} INFO - [2025-11-02T18:50:36.096+0000] {dag.py:3823} INFO - Setting next_dagrun for example_nested_branch_dag to 2025-11-01 00:00:00+00:00, run_after=2025-11-02 00:00:00+00:00
[2025-11-02T18:50:36.197+0000] {processor.py:183} INFO - Processing /home/airflow/.local/lib/python3.8/site-packages/airflow/example_dags/example_nested_branch_dag.py took 0.561 seconds
[2025-11-02T18:51:06.966+0000] {processor.py:161} INFO - Started process (PID=2905) to work on /home/airflow/.local/lib/python3.8/site-packages/airflow/example_dags/example_nested_branch_dag.py
[2025-11-02T18:51:06.977+0000] {processor.py:830} INFO - Processing file /home/airflow/.local/lib/python3.8/site-packages/airflow/example_dags/example_nested_branch_dag.py for tasks to queue
[2025-11-02T18:51:06.984+0000] {logging_mixin.py:188} INFO - [2025-11-02T18:51:06.983+0000] {dagbag.py:538} INFO - Filling up the DagBag from /home/airflow/.local/lib/python3.8/site-packages/airflow/example_dags/example_nested_branch_dag.py
[2025-11-02T18:51:07.075+0000] {processor.py:840} INFO - DAG(s) 'example_nested_branch_dag' retrieved from /home/airflow/.local/lib/python3.8/site-packages/airflow/example_dags/example_nested_branch_dag.py
[2025-11-02T18:51:07.199+0000] {logging_mixin.py:188} INFO - [2025-11-02T18:51:07.196+0000] {dag.py:3036} INFO - Sync 1 DAGs
[2025-11-02T18:51:07.416+0000] {logging_mixin.py:188} INFO - [2025-11-02T18:51:07.415+0000] {dag.py:3823} INFO - Setting next_dagrun for example_nested_branch_dag to 2025-11-01 00:00:00+00:00, run_after=2025-11-02 00:00:00+00:00
[2025-11-02T18:51:07.481+0000] {processor.py:183} INFO - Processing /home/airflow/.local/lib/python3.8/site-packages/airflow/example_dags/example_nested_branch_dag.py took 0.535 seconds
[2025-11-02T18:51:38.170+0000] {processor.py:161} INFO - Started process (PID=2958) to work on /home/airflow/.local/lib/python3.8/site-packages/airflow/example_dags/example_nested_branch_dag.py
[2025-11-02T18:51:38.173+0000] {processor.py:830} INFO - Processing file /home/airflow/.local/lib/python3.8/site-packages/airflow/example_dags/example_nested_branch_dag.py for tasks to queue
[2025-11-02T18:51:38.179+0000] {logging_mixin.py:188} INFO - [2025-11-02T18:51:38.178+0000] {dagbag.py:538} INFO - Filling up the DagBag from /home/airflow/.local/lib/python3.8/site-packages/airflow/example_dags/example_nested_branch_dag.py
[2025-11-02T18:51:38.207+0000] {processor.py:840} INFO - DAG(s) 'example_nested_branch_dag' retrieved from /home/airflow/.local/lib/python3.8/site-packages/airflow/example_dags/example_nested_branch_dag.py
[2025-11-02T18:51:38.269+0000] {logging_mixin.py:188} INFO - [2025-11-02T18:51:38.268+0000] {dag.py:3036} INFO - Sync 1 DAGs
[2025-11-02T18:51:38.327+0000] {logging_mixin.py:188} INFO - [2025-11-02T18:51:38.327+0000] {dag.py:3823} INFO - Setting next_dagrun for example_nested_branch_dag to 2025-11-01 00:00:00+00:00, run_after=2025-11-02 00:00:00+00:00
[2025-11-02T18:51:38.380+0000] {processor.py:183} INFO - Processing /home/airflow/.local/lib/python3.8/site-packages/airflow/example_dags/example_nested_branch_dag.py took 0.221 seconds
[2025-11-02T18:52:08.744+0000] {processor.py:161} INFO - Started process (PID=3013) to work on /home/airflow/.local/lib/python3.8/site-packages/airflow/example_dags/example_nested_branch_dag.py
[2025-11-02T18:52:08.747+0000] {processor.py:830} INFO - Processing file /home/airflow/.local/lib/python3.8/site-packages/airflow/example_dags/example_nested_branch_dag.py for tasks to queue
[2025-11-02T18:52:08.753+0000] {logging_mixin.py:188} INFO - [2025-11-02T18:52:08.752+0000] {dagbag.py:538} INFO - Filling up the DagBag from /home/airflow/.local/lib/python3.8/site-packages/airflow/example_dags/example_nested_branch_dag.py
[2025-11-02T18:52:08.780+0000] {processor.py:840} INFO - DAG(s) 'example_nested_branch_dag' retrieved from /home/airflow/.local/lib/python3.8/site-packages/airflow/example_dags/example_nested_branch_dag.py
[2025-11-02T18:52:08.838+0000] {logging_mixin.py:188} INFO - [2025-11-02T18:52:08.838+0000] {dag.py:3036} INFO - Sync 1 DAGs
[2025-11-02T18:52:08.897+0000] {logging_mixin.py:188} INFO - [2025-11-02T18:52:08.897+0000] {dag.py:3823} INFO - Setting next_dagrun for example_nested_branch_dag to 2025-11-01 00:00:00+00:00, run_after=2025-11-02 00:00:00+00:00
[2025-11-02T18:52:08.971+0000] {processor.py:183} INFO - Processing /home/airflow/.local/lib/python3.8/site-packages/airflow/example_dags/example_nested_branch_dag.py took 0.236 seconds
[2025-11-02T18:52:39.088+0000] {processor.py:161} INFO - Started process (PID=3068) to work on /home/airflow/.local/lib/python3.8/site-packages/airflow/example_dags/example_nested_branch_dag.py
[2025-11-02T18:52:39.091+0000] {processor.py:830} INFO - Processing file /home/airflow/.local/lib/python3.8/site-packages/airflow/example_dags/example_nested_branch_dag.py for tasks to queue
[2025-11-02T18:52:39.098+0000] {logging_mixin.py:188} INFO - [2025-11-02T18:52:39.097+0000] {dagbag.py:538} INFO - Filling up the DagBag from /home/airflow/.local/lib/python3.8/site-packages/airflow/example_dags/example_nested_branch_dag.py
[2025-11-02T18:52:39.131+0000] {processor.py:840} INFO - DAG(s) 'example_nested_branch_dag' retrieved from /home/airflow/.local/lib/python3.8/site-packages/airflow/example_dags/example_nested_branch_dag.py
[2025-11-02T18:52:39.232+0000] {logging_mixin.py:188} INFO - [2025-11-02T18:52:39.231+0000] {dag.py:3036} INFO - Sync 1 DAGs
[2025-11-02T18:52:39.301+0000] {logging_mixin.py:188} INFO - [2025-11-02T18:52:39.300+0000] {dag.py:3823} INFO - Setting next_dagrun for example_nested_branch_dag to 2025-11-01 00:00:00+00:00, run_after=2025-11-02 00:00:00+00:00
[2025-11-02T18:52:39.360+0000] {processor.py:183} INFO - Processing /home/airflow/.local/lib/python3.8/site-packages/airflow/example_dags/example_nested_branch_dag.py took 0.283 seconds
[2025-11-02T18:53:10.229+0000] {processor.py:161} INFO - Started process (PID=3123) to work on /home/airflow/.local/lib/python3.8/site-packages/airflow/example_dags/example_nested_branch_dag.py
[2025-11-02T18:53:10.233+0000] {processor.py:830} INFO - Processing file /home/airflow/.local/lib/python3.8/site-packages/airflow/example_dags/example_nested_branch_dag.py for tasks to queue
[2025-11-02T18:53:10.239+0000] {logging_mixin.py:188} INFO - [2025-11-02T18:53:10.238+0000] {dagbag.py:538} INFO - Filling up the DagBag from /home/airflow/.local/lib/python3.8/site-packages/airflow/example_dags/example_nested_branch_dag.py
[2025-11-02T18:53:10.269+0000] {processor.py:840} INFO - DAG(s) 'example_nested_branch_dag' retrieved from /home/airflow/.local/lib/python3.8/site-packages/airflow/example_dags/example_nested_branch_dag.py
[2025-11-02T18:53:10.340+0000] {logging_mixin.py:188} INFO - [2025-11-02T18:53:10.339+0000] {dag.py:3036} INFO - Sync 1 DAGs
[2025-11-02T18:53:10.411+0000] {logging_mixin.py:188} INFO - [2025-11-02T18:53:10.411+0000] {dag.py:3823} INFO - Setting next_dagrun for example_nested_branch_dag to 2025-11-01 00:00:00+00:00, run_after=2025-11-02 00:00:00+00:00
[2025-11-02T18:53:10.463+0000] {processor.py:183} INFO - Processing /home/airflow/.local/lib/python3.8/site-packages/airflow/example_dags/example_nested_branch_dag.py took 0.244 seconds
[2025-11-02T18:53:41.476+0000] {processor.py:161} INFO - Started process (PID=3178) to work on /home/airflow/.local/lib/python3.8/site-packages/airflow/example_dags/example_nested_branch_dag.py
[2025-11-02T18:53:41.480+0000] {processor.py:830} INFO - Processing file /home/airflow/.local/lib/python3.8/site-packages/airflow/example_dags/example_nested_branch_dag.py for tasks to queue
[2025-11-02T18:53:41.488+0000] {logging_mixin.py:188} INFO - [2025-11-02T18:53:41.487+0000] {dagbag.py:538} INFO - Filling up the DagBag from /home/airflow/.local/lib/python3.8/site-packages/airflow/example_dags/example_nested_branch_dag.py
[2025-11-02T18:53:41.529+0000] {processor.py:840} INFO - DAG(s) 'example_nested_branch_dag' retrieved from /home/airflow/.local/lib/python3.8/site-packages/airflow/example_dags/example_nested_branch_dag.py
[2025-11-02T18:53:41.602+0000] {logging_mixin.py:188} INFO - [2025-11-02T18:53:41.602+0000] {dag.py:3036} INFO - Sync 1 DAGs
[2025-11-02T18:53:41.711+0000] {logging_mixin.py:188} INFO - [2025-11-02T18:53:41.711+0000] {dag.py:3823} INFO - Setting next_dagrun for example_nested_branch_dag to 2025-11-01 00:00:00+00:00, run_after=2025-11-02 00:00:00+00:00
[2025-11-02T18:53:41.766+0000] {processor.py:183} INFO - Processing /home/airflow/.local/lib/python3.8/site-packages/airflow/example_dags/example_nested_branch_dag.py took 0.305 seconds
[2025-11-02T18:54:11.950+0000] {processor.py:161} INFO - Started process (PID=3233) to work on /home/airflow/.local/lib/python3.8/site-packages/airflow/example_dags/example_nested_branch_dag.py
[2025-11-02T18:54:11.954+0000] {processor.py:830} INFO - Processing file /home/airflow/.local/lib/python3.8/site-packages/airflow/example_dags/example_nested_branch_dag.py for tasks to queue
[2025-11-02T18:54:11.960+0000] {logging_mixin.py:188} INFO - [2025-11-02T18:54:11.959+0000] {dagbag.py:538} INFO - Filling up the DagBag from /home/airflow/.local/lib/python3.8/site-packages/airflow/example_dags/example_nested_branch_dag.py
[2025-11-02T18:54:11.991+0000] {processor.py:840} INFO - DAG(s) 'example_nested_branch_dag' retrieved from /home/airflow/.local/lib/python3.8/site-packages/airflow/example_dags/example_nested_branch_dag.py
[2025-11-02T18:54:12.060+0000] {logging_mixin.py:188} INFO - [2025-11-02T18:54:12.059+0000] {dag.py:3036} INFO - Sync 1 DAGs
[2025-11-02T18:54:12.129+0000] {logging_mixin.py:188} INFO - [2025-11-02T18:54:12.129+0000] {dag.py:3823} INFO - Setting next_dagrun for example_nested_branch_dag to 2025-11-01 00:00:00+00:00, run_after=2025-11-02 00:00:00+00:00
[2025-11-02T18:54:12.185+0000] {processor.py:183} INFO - Processing /home/airflow/.local/lib/python3.8/site-packages/airflow/example_dags/example_nested_branch_dag.py took 0.247 seconds
[2025-11-02T18:54:42.478+0000] {processor.py:161} INFO - Started process (PID=3288) to work on /home/airflow/.local/lib/python3.8/site-packages/airflow/example_dags/example_nested_branch_dag.py
[2025-11-02T18:54:42.481+0000] {processor.py:830} INFO - Processing file /home/airflow/.local/lib/python3.8/site-packages/airflow/example_dags/example_nested_branch_dag.py for tasks to queue
[2025-11-02T18:54:42.486+0000] {logging_mixin.py:188} INFO - [2025-11-02T18:54:42.485+0000] {dagbag.py:538} INFO - Filling up the DagBag from /home/airflow/.local/lib/python3.8/site-packages/airflow/example_dags/example_nested_branch_dag.py
[2025-11-02T18:54:42.522+0000] {processor.py:840} INFO - DAG(s) 'example_nested_branch_dag' retrieved from /home/airflow/.local/lib/python3.8/site-packages/airflow/example_dags/example_nested_branch_dag.py
[2025-11-02T18:54:42.589+0000] {logging_mixin.py:188} INFO - [2025-11-02T18:54:42.589+0000] {dag.py:3036} INFO - Sync 1 DAGs
[2025-11-02T18:54:42.644+0000] {logging_mixin.py:188} INFO - [2025-11-02T18:54:42.644+0000] {dag.py:3823} INFO - Setting next_dagrun for example_nested_branch_dag to 2025-11-01 00:00:00+00:00, run_after=2025-11-02 00:00:00+00:00
[2025-11-02T18:54:42.693+0000] {processor.py:183} INFO - Processing /home/airflow/.local/lib/python3.8/site-packages/airflow/example_dags/example_nested_branch_dag.py took 0.226 seconds
[2025-11-02T18:55:13.655+0000] {processor.py:161} INFO - Started process (PID=3343) to work on /home/airflow/.local/lib/python3.8/site-packages/airflow/example_dags/example_nested_branch_dag.py
[2025-11-02T18:55:13.659+0000] {processor.py:830} INFO - Processing file /home/airflow/.local/lib/python3.8/site-packages/airflow/example_dags/example_nested_branch_dag.py for tasks to queue
[2025-11-02T18:55:13.665+0000] {logging_mixin.py:188} INFO - [2025-11-02T18:55:13.664+0000] {dagbag.py:538} INFO - Filling up the DagBag from /home/airflow/.local/lib/python3.8/site-packages/airflow/example_dags/example_nested_branch_dag.py
[2025-11-02T18:55:13.690+0000] {processor.py:840} INFO - DAG(s) 'example_nested_branch_dag' retrieved from /home/airflow/.local/lib/python3.8/site-packages/airflow/example_dags/example_nested_branch_dag.py
[2025-11-02T18:55:13.750+0000] {logging_mixin.py:188} INFO - [2025-11-02T18:55:13.750+0000] {dag.py:3036} INFO - Sync 1 DAGs
[2025-11-02T18:55:13.798+0000] {logging_mixin.py:188} INFO - [2025-11-02T18:55:13.797+0000] {dag.py:3823} INFO - Setting next_dagrun for example_nested_branch_dag to 2025-11-01 00:00:00+00:00, run_after=2025-11-02 00:00:00+00:00
[2025-11-02T18:55:13.849+0000] {processor.py:183} INFO - Processing /home/airflow/.local/lib/python3.8/site-packages/airflow/example_dags/example_nested_branch_dag.py took 0.209 seconds
[2025-11-02T18:55:43.983+0000] {processor.py:161} INFO - Started process (PID=3399) to work on /home/airflow/.local/lib/python3.8/site-packages/airflow/example_dags/example_nested_branch_dag.py
[2025-11-02T18:55:43.986+0000] {processor.py:830} INFO - Processing file /home/airflow/.local/lib/python3.8/site-packages/airflow/example_dags/example_nested_branch_dag.py for tasks to queue
[2025-11-02T18:55:43.991+0000] {logging_mixin.py:188} INFO - [2025-11-02T18:55:43.990+0000] {dagbag.py:538} INFO - Filling up the DagBag from /home/airflow/.local/lib/python3.8/site-packages/airflow/example_dags/example_nested_branch_dag.py
[2025-11-02T18:55:44.019+0000] {processor.py:840} INFO - DAG(s) 'example_nested_branch_dag' retrieved from /home/airflow/.local/lib/python3.8/site-packages/airflow/example_dags/example_nested_branch_dag.py
[2025-11-02T18:55:44.077+0000] {logging_mixin.py:188} INFO - [2025-11-02T18:55:44.076+0000] {dag.py:3036} INFO - Sync 1 DAGs
[2025-11-02T18:55:44.136+0000] {logging_mixin.py:188} INFO - [2025-11-02T18:55:44.135+0000] {dag.py:3823} INFO - Setting next_dagrun for example_nested_branch_dag to 2025-11-01 00:00:00+00:00, run_after=2025-11-02 00:00:00+00:00
[2025-11-02T18:55:44.187+0000] {processor.py:183} INFO - Processing /home/airflow/.local/lib/python3.8/site-packages/airflow/example_dags/example_nested_branch_dag.py took 0.214 seconds
[2025-11-02T18:56:15.038+0000] {processor.py:161} INFO - Started process (PID=3454) to work on /home/airflow/.local/lib/python3.8/site-packages/airflow/example_dags/example_nested_branch_dag.py
[2025-11-02T18:56:15.061+0000] {processor.py:830} INFO - Processing file /home/airflow/.local/lib/python3.8/site-packages/airflow/example_dags/example_nested_branch_dag.py for tasks to queue
[2025-11-02T18:56:15.083+0000] {logging_mixin.py:188} INFO - [2025-11-02T18:56:15.082+0000] {dagbag.py:538} INFO - Filling up the DagBag from /home/airflow/.local/lib/python3.8/site-packages/airflow/example_dags/example_nested_branch_dag.py
[2025-11-02T18:56:15.124+0000] {processor.py:840} INFO - DAG(s) 'example_nested_branch_dag' retrieved from /home/airflow/.local/lib/python3.8/site-packages/airflow/example_dags/example_nested_branch_dag.py
[2025-11-02T18:56:15.252+0000] {logging_mixin.py:188} INFO - [2025-11-02T18:56:15.251+0000] {dag.py:3036} INFO - Sync 1 DAGs
[2025-11-02T18:56:15.317+0000] {logging_mixin.py:188} INFO - [2025-11-02T18:56:15.316+0000] {dag.py:3823} INFO - Setting next_dagrun for example_nested_branch_dag to 2025-11-01 00:00:00+00:00, run_after=2025-11-02 00:00:00+00:00
[2025-11-02T18:56:15.374+0000] {processor.py:183} INFO - Processing /home/airflow/.local/lib/python3.8/site-packages/airflow/example_dags/example_nested_branch_dag.py took 0.404 seconds
[2025-11-02T18:56:45.644+0000] {processor.py:161} INFO - Started process (PID=3509) to work on /home/airflow/.local/lib/python3.8/site-packages/airflow/example_dags/example_nested_branch_dag.py
[2025-11-02T18:56:45.647+0000] {processor.py:830} INFO - Processing file /home/airflow/.local/lib/python3.8/site-packages/airflow/example_dags/example_nested_branch_dag.py for tasks to queue
[2025-11-02T18:56:45.652+0000] {logging_mixin.py:188} INFO - [2025-11-02T18:56:45.652+0000] {dagbag.py:538} INFO - Filling up the DagBag from /home/airflow/.local/lib/python3.8/site-packages/airflow/example_dags/example_nested_branch_dag.py
[2025-11-02T18:56:45.677+0000] {processor.py:840} INFO - DAG(s) 'example_nested_branch_dag' retrieved from /home/airflow/.local/lib/python3.8/site-packages/airflow/example_dags/example_nested_branch_dag.py
[2025-11-02T18:56:45.732+0000] {logging_mixin.py:188} INFO - [2025-11-02T18:56:45.732+0000] {dag.py:3036} INFO - Sync 1 DAGs
[2025-11-02T18:56:45.790+0000] {logging_mixin.py:188} INFO - [2025-11-02T18:56:45.789+0000] {dag.py:3823} INFO - Setting next_dagrun for example_nested_branch_dag to 2025-11-01 00:00:00+00:00, run_after=2025-11-02 00:00:00+00:00
[2025-11-02T18:56:45.842+0000] {processor.py:183} INFO - Processing /home/airflow/.local/lib/python3.8/site-packages/airflow/example_dags/example_nested_branch_dag.py took 0.211 seconds
[2025-11-02T18:57:16.540+0000] {processor.py:161} INFO - Started process (PID=3564) to work on /home/airflow/.local/lib/python3.8/site-packages/airflow/example_dags/example_nested_branch_dag.py
[2025-11-02T18:57:16.544+0000] {processor.py:830} INFO - Processing file /home/airflow/.local/lib/python3.8/site-packages/airflow/example_dags/example_nested_branch_dag.py for tasks to queue
[2025-11-02T18:57:16.551+0000] {logging_mixin.py:188} INFO - [2025-11-02T18:57:16.550+0000] {dagbag.py:538} INFO - Filling up the DagBag from /home/airflow/.local/lib/python3.8/site-packages/airflow/example_dags/example_nested_branch_dag.py
[2025-11-02T18:57:16.587+0000] {processor.py:840} INFO - DAG(s) 'example_nested_branch_dag' retrieved from /home/airflow/.local/lib/python3.8/site-packages/airflow/example_dags/example_nested_branch_dag.py
[2025-11-02T18:57:16.664+0000] {logging_mixin.py:188} INFO - [2025-11-02T18:57:16.663+0000] {dag.py:3036} INFO - Sync 1 DAGs
[2025-11-02T18:57:16.729+0000] {logging_mixin.py:188} INFO - [2025-11-02T18:57:16.729+0000] {dag.py:3823} INFO - Setting next_dagrun for example_nested_branch_dag to 2025-11-01 00:00:00+00:00, run_after=2025-11-02 00:00:00+00:00
[2025-11-02T18:57:16.787+0000] {processor.py:183} INFO - Processing /home/airflow/.local/lib/python3.8/site-packages/airflow/example_dags/example_nested_branch_dag.py took 0.259 seconds
[2025-11-02T18:57:47.048+0000] {processor.py:161} INFO - Started process (PID=3619) to work on /home/airflow/.local/lib/python3.8/site-packages/airflow/example_dags/example_nested_branch_dag.py
[2025-11-02T18:57:47.051+0000] {processor.py:830} INFO - Processing file /home/airflow/.local/lib/python3.8/site-packages/airflow/example_dags/example_nested_branch_dag.py for tasks to queue
[2025-11-02T18:57:47.056+0000] {logging_mixin.py:188} INFO - [2025-11-02T18:57:47.055+0000] {dagbag.py:538} INFO - Filling up the DagBag from /home/airflow/.local/lib/python3.8/site-packages/airflow/example_dags/example_nested_branch_dag.py
[2025-11-02T18:57:47.082+0000] {processor.py:840} INFO - DAG(s) 'example_nested_branch_dag' retrieved from /home/airflow/.local/lib/python3.8/site-packages/airflow/example_dags/example_nested_branch_dag.py
[2025-11-02T18:57:47.171+0000] {logging_mixin.py:188} INFO - [2025-11-02T18:57:47.171+0000] {dag.py:3036} INFO - Sync 1 DAGs
[2025-11-02T18:57:47.232+0000] {logging_mixin.py:188} INFO - [2025-11-02T18:57:47.231+0000] {dag.py:3823} INFO - Setting next_dagrun for example_nested_branch_dag to 2025-11-01 00:00:00+00:00, run_after=2025-11-02 00:00:00+00:00
[2025-11-02T18:57:47.284+0000] {processor.py:183} INFO - Processing /home/airflow/.local/lib/python3.8/site-packages/airflow/example_dags/example_nested_branch_dag.py took 0.247 seconds
[2025-11-02T18:58:17.437+0000] {processor.py:161} INFO - Started process (PID=3674) to work on /home/airflow/.local/lib/python3.8/site-packages/airflow/example_dags/example_nested_branch_dag.py
[2025-11-02T18:58:17.452+0000] {processor.py:830} INFO - Processing file /home/airflow/.local/lib/python3.8/site-packages/airflow/example_dags/example_nested_branch_dag.py for tasks to queue
[2025-11-02T18:58:17.470+0000] {logging_mixin.py:188} INFO - [2025-11-02T18:58:17.469+0000] {dagbag.py:538} INFO - Filling up the DagBag from /home/airflow/.local/lib/python3.8/site-packages/airflow/example_dags/example_nested_branch_dag.py
[2025-11-02T18:58:17.553+0000] {processor.py:840} INFO - DAG(s) 'example_nested_branch_dag' retrieved from /home/airflow/.local/lib/python3.8/site-packages/airflow/example_dags/example_nested_branch_dag.py
[2025-11-02T18:58:17.665+0000] {logging_mixin.py:188} INFO - [2025-11-02T18:58:17.664+0000] {dag.py:3036} INFO - Sync 1 DAGs
[2025-11-02T18:58:17.765+0000] {logging_mixin.py:188} INFO - [2025-11-02T18:58:17.765+0000] {dag.py:3823} INFO - Setting next_dagrun for example_nested_branch_dag to 2025-11-01 00:00:00+00:00, run_after=2025-11-02 00:00:00+00:00
[2025-11-02T18:58:17.900+0000] {processor.py:183} INFO - Processing /home/airflow/.local/lib/python3.8/site-packages/airflow/example_dags/example_nested_branch_dag.py took 0.486 seconds
[2025-11-02T18:58:48.266+0000] {processor.py:161} INFO - Started process (PID=3729) to work on /home/airflow/.local/lib/python3.8/site-packages/airflow/example_dags/example_nested_branch_dag.py
[2025-11-02T18:58:48.269+0000] {processor.py:830} INFO - Processing file /home/airflow/.local/lib/python3.8/site-packages/airflow/example_dags/example_nested_branch_dag.py for tasks to queue
[2025-11-02T18:58:48.277+0000] {logging_mixin.py:188} INFO - [2025-11-02T18:58:48.276+0000] {dagbag.py:538} INFO - Filling up the DagBag from /home/airflow/.local/lib/python3.8/site-packages/airflow/example_dags/example_nested_branch_dag.py
[2025-11-02T18:58:48.314+0000] {processor.py:840} INFO - DAG(s) 'example_nested_branch_dag' retrieved from /home/airflow/.local/lib/python3.8/site-packages/airflow/example_dags/example_nested_branch_dag.py
[2025-11-02T18:58:48.382+0000] {logging_mixin.py:188} INFO - [2025-11-02T18:58:48.382+0000] {dag.py:3036} INFO - Sync 1 DAGs
[2025-11-02T18:58:48.448+0000] {logging_mixin.py:188} INFO - [2025-11-02T18:58:48.448+0000] {dag.py:3823} INFO - Setting next_dagrun for example_nested_branch_dag to 2025-11-01 00:00:00+00:00, run_after=2025-11-02 00:00:00+00:00
[2025-11-02T18:58:48.519+0000] {processor.py:183} INFO - Processing /home/airflow/.local/lib/python3.8/site-packages/airflow/example_dags/example_nested_branch_dag.py took 0.266 seconds
[2025-11-02T18:59:19.517+0000] {processor.py:161} INFO - Started process (PID=3783) to work on /home/airflow/.local/lib/python3.8/site-packages/airflow/example_dags/example_nested_branch_dag.py
[2025-11-02T18:59:19.521+0000] {processor.py:830} INFO - Processing file /home/airflow/.local/lib/python3.8/site-packages/airflow/example_dags/example_nested_branch_dag.py for tasks to queue
[2025-11-02T18:59:19.535+0000] {logging_mixin.py:188} INFO - [2025-11-02T18:59:19.532+0000] {dagbag.py:538} INFO - Filling up the DagBag from /home/airflow/.local/lib/python3.8/site-packages/airflow/example_dags/example_nested_branch_dag.py
[2025-11-02T18:59:19.592+0000] {processor.py:840} INFO - DAG(s) 'example_nested_branch_dag' retrieved from /home/airflow/.local/lib/python3.8/site-packages/airflow/example_dags/example_nested_branch_dag.py
[2025-11-02T18:59:19.681+0000] {logging_mixin.py:188} INFO - [2025-11-02T18:59:19.680+0000] {dag.py:3036} INFO - Sync 1 DAGs
[2025-11-02T18:59:19.776+0000] {logging_mixin.py:188} INFO - [2025-11-02T18:59:19.775+0000] {dag.py:3823} INFO - Setting next_dagrun for example_nested_branch_dag to 2025-11-01 00:00:00+00:00, run_after=2025-11-02 00:00:00+00:00
[2025-11-02T18:59:19.857+0000] {processor.py:183} INFO - Processing /home/airflow/.local/lib/python3.8/site-packages/airflow/example_dags/example_nested_branch_dag.py took 0.355 seconds
[2025-11-02T18:59:50.809+0000] {processor.py:161} INFO - Started process (PID=3838) to work on /home/airflow/.local/lib/python3.8/site-packages/airflow/example_dags/example_nested_branch_dag.py
[2025-11-02T18:59:50.812+0000] {processor.py:830} INFO - Processing file /home/airflow/.local/lib/python3.8/site-packages/airflow/example_dags/example_nested_branch_dag.py for tasks to queue
[2025-11-02T18:59:50.818+0000] {logging_mixin.py:188} INFO - [2025-11-02T18:59:50.817+0000] {dagbag.py:538} INFO - Filling up the DagBag from /home/airflow/.local/lib/python3.8/site-packages/airflow/example_dags/example_nested_branch_dag.py
[2025-11-02T18:59:50.850+0000] {processor.py:840} INFO - DAG(s) 'example_nested_branch_dag' retrieved from /home/airflow/.local/lib/python3.8/site-packages/airflow/example_dags/example_nested_branch_dag.py
[2025-11-02T18:59:50.912+0000] {logging_mixin.py:188} INFO - [2025-11-02T18:59:50.912+0000] {dag.py:3036} INFO - Sync 1 DAGs
[2025-11-02T18:59:50.975+0000] {logging_mixin.py:188} INFO - [2025-11-02T18:59:50.974+0000] {dag.py:3823} INFO - Setting next_dagrun for example_nested_branch_dag to 2025-11-01 00:00:00+00:00, run_after=2025-11-02 00:00:00+00:00
[2025-11-02T18:59:51.049+0000] {processor.py:183} INFO - Processing /home/airflow/.local/lib/python3.8/site-packages/airflow/example_dags/example_nested_branch_dag.py took 0.253 seconds
[2025-11-02T19:00:21.345+0000] {processor.py:161} INFO - Started process (PID=3893) to work on /home/airflow/.local/lib/python3.8/site-packages/airflow/example_dags/example_nested_branch_dag.py
[2025-11-02T19:00:21.359+0000] {processor.py:830} INFO - Processing file /home/airflow/.local/lib/python3.8/site-packages/airflow/example_dags/example_nested_branch_dag.py for tasks to queue
[2025-11-02T19:00:21.374+0000] {logging_mixin.py:188} INFO - [2025-11-02T19:00:21.373+0000] {dagbag.py:538} INFO - Filling up the DagBag from /home/airflow/.local/lib/python3.8/site-packages/airflow/example_dags/example_nested_branch_dag.py
[2025-11-02T19:00:21.463+0000] {processor.py:840} INFO - DAG(s) 'example_nested_branch_dag' retrieved from /home/airflow/.local/lib/python3.8/site-packages/airflow/example_dags/example_nested_branch_dag.py
[2025-11-02T19:00:21.675+0000] {logging_mixin.py:188} INFO - [2025-11-02T19:00:21.674+0000] {dag.py:3036} INFO - Sync 1 DAGs
[2025-11-02T19:00:21.878+0000] {logging_mixin.py:188} INFO - [2025-11-02T19:00:21.877+0000] {dag.py:3823} INFO - Setting next_dagrun for example_nested_branch_dag to 2025-11-01 00:00:00+00:00, run_after=2025-11-02 00:00:00+00:00
[2025-11-02T19:00:22.052+0000] {processor.py:183} INFO - Processing /home/airflow/.local/lib/python3.8/site-packages/airflow/example_dags/example_nested_branch_dag.py took 0.727 seconds
[2025-11-02T19:00:52.674+0000] {processor.py:161} INFO - Started process (PID=3948) to work on /home/airflow/.local/lib/python3.8/site-packages/airflow/example_dags/example_nested_branch_dag.py
[2025-11-02T19:00:52.677+0000] {processor.py:830} INFO - Processing file /home/airflow/.local/lib/python3.8/site-packages/airflow/example_dags/example_nested_branch_dag.py for tasks to queue
[2025-11-02T19:00:52.682+0000] {logging_mixin.py:188} INFO - [2025-11-02T19:00:52.681+0000] {dagbag.py:538} INFO - Filling up the DagBag from /home/airflow/.local/lib/python3.8/site-packages/airflow/example_dags/example_nested_branch_dag.py
[2025-11-02T19:00:52.710+0000] {processor.py:840} INFO - DAG(s) 'example_nested_branch_dag' retrieved from /home/airflow/.local/lib/python3.8/site-packages/airflow/example_dags/example_nested_branch_dag.py
[2025-11-02T19:00:52.771+0000] {logging_mixin.py:188} INFO - [2025-11-02T19:00:52.770+0000] {dag.py:3036} INFO - Sync 1 DAGs
[2025-11-02T19:00:52.828+0000] {logging_mixin.py:188} INFO - [2025-11-02T19:00:52.827+0000] {dag.py:3823} INFO - Setting next_dagrun for example_nested_branch_dag to 2025-11-01 00:00:00+00:00, run_after=2025-11-02 00:00:00+00:00
[2025-11-02T19:00:52.879+0000] {processor.py:183} INFO - Processing /home/airflow/.local/lib/python3.8/site-packages/airflow/example_dags/example_nested_branch_dag.py took 0.215 seconds
[2025-11-02T19:01:23.705+0000] {processor.py:161} INFO - Started process (PID=4003) to work on /home/airflow/.local/lib/python3.8/site-packages/airflow/example_dags/example_nested_branch_dag.py
[2025-11-02T19:01:23.708+0000] {processor.py:830} INFO - Processing file /home/airflow/.local/lib/python3.8/site-packages/airflow/example_dags/example_nested_branch_dag.py for tasks to queue
[2025-11-02T19:01:23.717+0000] {logging_mixin.py:188} INFO - [2025-11-02T19:01:23.715+0000] {dagbag.py:538} INFO - Filling up the DagBag from /home/airflow/.local/lib/python3.8/site-packages/airflow/example_dags/example_nested_branch_dag.py
[2025-11-02T19:01:23.755+0000] {processor.py:840} INFO - DAG(s) 'example_nested_branch_dag' retrieved from /home/airflow/.local/lib/python3.8/site-packages/airflow/example_dags/example_nested_branch_dag.py
[2025-11-02T19:01:23.844+0000] {logging_mixin.py:188} INFO - [2025-11-02T19:01:23.843+0000] {dag.py:3036} INFO - Sync 1 DAGs
[2025-11-02T19:01:23.920+0000] {logging_mixin.py:188} INFO - [2025-11-02T19:01:23.919+0000] {dag.py:3823} INFO - Setting next_dagrun for example_nested_branch_dag to 2025-11-01 00:00:00+00:00, run_after=2025-11-02 00:00:00+00:00
[2025-11-02T19:01:23.975+0000] {processor.py:183} INFO - Processing /home/airflow/.local/lib/python3.8/site-packages/airflow/example_dags/example_nested_branch_dag.py took 0.283 seconds
[2025-11-02T19:01:54.509+0000] {processor.py:161} INFO - Started process (PID=4058) to work on /home/airflow/.local/lib/python3.8/site-packages/airflow/example_dags/example_nested_branch_dag.py
[2025-11-02T19:01:54.512+0000] {processor.py:830} INFO - Processing file /home/airflow/.local/lib/python3.8/site-packages/airflow/example_dags/example_nested_branch_dag.py for tasks to queue
[2025-11-02T19:01:54.518+0000] {logging_mixin.py:188} INFO - [2025-11-02T19:01:54.517+0000] {dagbag.py:538} INFO - Filling up the DagBag from /home/airflow/.local/lib/python3.8/site-packages/airflow/example_dags/example_nested_branch_dag.py
[2025-11-02T19:01:54.562+0000] {processor.py:840} INFO - DAG(s) 'example_nested_branch_dag' retrieved from /home/airflow/.local/lib/python3.8/site-packages/airflow/example_dags/example_nested_branch_dag.py
[2025-11-02T19:01:54.643+0000] {logging_mixin.py:188} INFO - [2025-11-02T19:01:54.642+0000] {dag.py:3036} INFO - Sync 1 DAGs
[2025-11-02T19:01:54.729+0000] {logging_mixin.py:188} INFO - [2025-11-02T19:01:54.728+0000] {dag.py:3823} INFO - Setting next_dagrun for example_nested_branch_dag to 2025-11-01 00:00:00+00:00, run_after=2025-11-02 00:00:00+00:00
[2025-11-02T19:01:54.829+0000] {processor.py:183} INFO - Processing /home/airflow/.local/lib/python3.8/site-packages/airflow/example_dags/example_nested_branch_dag.py took 0.329 seconds
[2025-11-02T19:02:25.515+0000] {processor.py:161} INFO - Started process (PID=4113) to work on /home/airflow/.local/lib/python3.8/site-packages/airflow/example_dags/example_nested_branch_dag.py
[2025-11-02T19:02:25.521+0000] {processor.py:830} INFO - Processing file /home/airflow/.local/lib/python3.8/site-packages/airflow/example_dags/example_nested_branch_dag.py for tasks to queue
[2025-11-02T19:02:25.537+0000] {logging_mixin.py:188} INFO - [2025-11-02T19:02:25.536+0000] {dagbag.py:538} INFO - Filling up the DagBag from /home/airflow/.local/lib/python3.8/site-packages/airflow/example_dags/example_nested_branch_dag.py
[2025-11-02T19:02:25.698+0000] {processor.py:840} INFO - DAG(s) 'example_nested_branch_dag' retrieved from /home/airflow/.local/lib/python3.8/site-packages/airflow/example_dags/example_nested_branch_dag.py
[2025-11-02T19:02:25.952+0000] {logging_mixin.py:188} INFO - [2025-11-02T19:02:25.951+0000] {dag.py:3036} INFO - Sync 1 DAGs
[2025-11-02T19:02:26.053+0000] {logging_mixin.py:188} INFO - [2025-11-02T19:02:26.052+0000] {dag.py:3823} INFO - Setting next_dagrun for example_nested_branch_dag to 2025-11-01 00:00:00+00:00, run_after=2025-11-02 00:00:00+00:00
[2025-11-02T19:02:26.111+0000] {processor.py:183} INFO - Processing /home/airflow/.local/lib/python3.8/site-packages/airflow/example_dags/example_nested_branch_dag.py took 0.646 seconds
[2025-11-02T19:02:56.897+0000] {processor.py:161} INFO - Started process (PID=4168) to work on /home/airflow/.local/lib/python3.8/site-packages/airflow/example_dags/example_nested_branch_dag.py
[2025-11-02T19:02:56.901+0000] {processor.py:830} INFO - Processing file /home/airflow/.local/lib/python3.8/site-packages/airflow/example_dags/example_nested_branch_dag.py for tasks to queue
[2025-11-02T19:02:56.908+0000] {logging_mixin.py:188} INFO - [2025-11-02T19:02:56.907+0000] {dagbag.py:538} INFO - Filling up the DagBag from /home/airflow/.local/lib/python3.8/site-packages/airflow/example_dags/example_nested_branch_dag.py
[2025-11-02T19:02:56.944+0000] {processor.py:840} INFO - DAG(s) 'example_nested_branch_dag' retrieved from /home/airflow/.local/lib/python3.8/site-packages/airflow/example_dags/example_nested_branch_dag.py
[2025-11-02T19:02:57.011+0000] {logging_mixin.py:188} INFO - [2025-11-02T19:02:57.010+0000] {dag.py:3036} INFO - Sync 1 DAGs
[2025-11-02T19:02:57.072+0000] {logging_mixin.py:188} INFO - [2025-11-02T19:02:57.071+0000] {dag.py:3823} INFO - Setting next_dagrun for example_nested_branch_dag to 2025-11-01 00:00:00+00:00, run_after=2025-11-02 00:00:00+00:00
[2025-11-02T19:02:57.130+0000] {processor.py:183} INFO - Processing /home/airflow/.local/lib/python3.8/site-packages/airflow/example_dags/example_nested_branch_dag.py took 0.244 seconds
[2025-11-02T19:03:27.915+0000] {processor.py:161} INFO - Started process (PID=4223) to work on /home/airflow/.local/lib/python3.8/site-packages/airflow/example_dags/example_nested_branch_dag.py
[2025-11-02T19:03:27.919+0000] {processor.py:830} INFO - Processing file /home/airflow/.local/lib/python3.8/site-packages/airflow/example_dags/example_nested_branch_dag.py for tasks to queue
[2025-11-02T19:03:27.942+0000] {logging_mixin.py:188} INFO - [2025-11-02T19:03:27.940+0000] {dagbag.py:538} INFO - Filling up the DagBag from /home/airflow/.local/lib/python3.8/site-packages/airflow/example_dags/example_nested_branch_dag.py
[2025-11-02T19:03:28.032+0000] {processor.py:840} INFO - DAG(s) 'example_nested_branch_dag' retrieved from /home/airflow/.local/lib/python3.8/site-packages/airflow/example_dags/example_nested_branch_dag.py
[2025-11-02T19:03:28.211+0000] {logging_mixin.py:188} INFO - [2025-11-02T19:03:28.210+0000] {dag.py:3036} INFO - Sync 1 DAGs
[2025-11-02T19:03:28.353+0000] {logging_mixin.py:188} INFO - [2025-11-02T19:03:28.353+0000] {dag.py:3823} INFO - Setting next_dagrun for example_nested_branch_dag to 2025-11-01 00:00:00+00:00, run_after=2025-11-02 00:00:00+00:00
[2025-11-02T19:03:28.461+0000] {processor.py:183} INFO - Processing /home/airflow/.local/lib/python3.8/site-packages/airflow/example_dags/example_nested_branch_dag.py took 0.595 seconds
[2025-11-02T19:03:59.033+0000] {processor.py:161} INFO - Started process (PID=4278) to work on /home/airflow/.local/lib/python3.8/site-packages/airflow/example_dags/example_nested_branch_dag.py
[2025-11-02T19:03:59.035+0000] {processor.py:830} INFO - Processing file /home/airflow/.local/lib/python3.8/site-packages/airflow/example_dags/example_nested_branch_dag.py for tasks to queue
[2025-11-02T19:03:59.041+0000] {logging_mixin.py:188} INFO - [2025-11-02T19:03:59.040+0000] {dagbag.py:538} INFO - Filling up the DagBag from /home/airflow/.local/lib/python3.8/site-packages/airflow/example_dags/example_nested_branch_dag.py
[2025-11-02T19:03:59.074+0000] {processor.py:840} INFO - DAG(s) 'example_nested_branch_dag' retrieved from /home/airflow/.local/lib/python3.8/site-packages/airflow/example_dags/example_nested_branch_dag.py
[2025-11-02T19:03:59.140+0000] {logging_mixin.py:188} INFO - [2025-11-02T19:03:59.139+0000] {dag.py:3036} INFO - Sync 1 DAGs
[2025-11-02T19:03:59.219+0000] {logging_mixin.py:188} INFO - [2025-11-02T19:03:59.218+0000] {dag.py:3823} INFO - Setting next_dagrun for example_nested_branch_dag to 2025-11-01 00:00:00+00:00, run_after=2025-11-02 00:00:00+00:00
[2025-11-02T19:03:59.287+0000] {processor.py:183} INFO - Processing /home/airflow/.local/lib/python3.8/site-packages/airflow/example_dags/example_nested_branch_dag.py took 0.263 seconds
[2025-11-02T19:04:29.994+0000] {processor.py:161} INFO - Started process (PID=4333) to work on /home/airflow/.local/lib/python3.8/site-packages/airflow/example_dags/example_nested_branch_dag.py
[2025-11-02T19:04:29.997+0000] {processor.py:830} INFO - Processing file /home/airflow/.local/lib/python3.8/site-packages/airflow/example_dags/example_nested_branch_dag.py for tasks to queue
[2025-11-02T19:04:30.003+0000] {logging_mixin.py:188} INFO - [2025-11-02T19:04:30.002+0000] {dagbag.py:538} INFO - Filling up the DagBag from /home/airflow/.local/lib/python3.8/site-packages/airflow/example_dags/example_nested_branch_dag.py
[2025-11-02T19:04:30.035+0000] {processor.py:840} INFO - DAG(s) 'example_nested_branch_dag' retrieved from /home/airflow/.local/lib/python3.8/site-packages/airflow/example_dags/example_nested_branch_dag.py
[2025-11-02T19:04:30.093+0000] {logging_mixin.py:188} INFO - [2025-11-02T19:04:30.092+0000] {dag.py:3036} INFO - Sync 1 DAGs
[2025-11-02T19:04:30.151+0000] {logging_mixin.py:188} INFO - [2025-11-02T19:04:30.150+0000] {dag.py:3823} INFO - Setting next_dagrun for example_nested_branch_dag to 2025-11-01 00:00:00+00:00, run_after=2025-11-02 00:00:00+00:00
[2025-11-02T19:04:30.198+0000] {processor.py:183} INFO - Processing /home/airflow/.local/lib/python3.8/site-packages/airflow/example_dags/example_nested_branch_dag.py took 0.214 seconds
[2025-11-02T19:05:00.527+0000] {processor.py:161} INFO - Started process (PID=4388) to work on /home/airflow/.local/lib/python3.8/site-packages/airflow/example_dags/example_nested_branch_dag.py
[2025-11-02T19:05:00.531+0000] {processor.py:830} INFO - Processing file /home/airflow/.local/lib/python3.8/site-packages/airflow/example_dags/example_nested_branch_dag.py for tasks to queue
[2025-11-02T19:05:00.536+0000] {logging_mixin.py:188} INFO - [2025-11-02T19:05:00.535+0000] {dagbag.py:538} INFO - Filling up the DagBag from /home/airflow/.local/lib/python3.8/site-packages/airflow/example_dags/example_nested_branch_dag.py
[2025-11-02T19:05:00.560+0000] {processor.py:840} INFO - DAG(s) 'example_nested_branch_dag' retrieved from /home/airflow/.local/lib/python3.8/site-packages/airflow/example_dags/example_nested_branch_dag.py
[2025-11-02T19:05:00.611+0000] {logging_mixin.py:188} INFO - [2025-11-02T19:05:00.611+0000] {dag.py:3036} INFO - Sync 1 DAGs
[2025-11-02T19:05:00.664+0000] {logging_mixin.py:188} INFO - [2025-11-02T19:05:00.664+0000] {dag.py:3823} INFO - Setting next_dagrun for example_nested_branch_dag to 2025-11-01 00:00:00+00:00, run_after=2025-11-02 00:00:00+00:00
[2025-11-02T19:05:00.708+0000] {processor.py:183} INFO - Processing /home/airflow/.local/lib/python3.8/site-packages/airflow/example_dags/example_nested_branch_dag.py took 0.192 seconds
[2025-11-02T19:05:31.357+0000] {processor.py:161} INFO - Started process (PID=4443) to work on /home/airflow/.local/lib/python3.8/site-packages/airflow/example_dags/example_nested_branch_dag.py
[2025-11-02T19:05:31.361+0000] {processor.py:830} INFO - Processing file /home/airflow/.local/lib/python3.8/site-packages/airflow/example_dags/example_nested_branch_dag.py for tasks to queue
[2025-11-02T19:05:31.371+0000] {logging_mixin.py:188} INFO - [2025-11-02T19:05:31.370+0000] {dagbag.py:538} INFO - Filling up the DagBag from /home/airflow/.local/lib/python3.8/site-packages/airflow/example_dags/example_nested_branch_dag.py
[2025-11-02T19:05:31.418+0000] {processor.py:840} INFO - DAG(s) 'example_nested_branch_dag' retrieved from /home/airflow/.local/lib/python3.8/site-packages/airflow/example_dags/example_nested_branch_dag.py
[2025-11-02T19:05:31.509+0000] {logging_mixin.py:188} INFO - [2025-11-02T19:05:31.508+0000] {dag.py:3036} INFO - Sync 1 DAGs
[2025-11-02T19:05:31.631+0000] {logging_mixin.py:188} INFO - [2025-11-02T19:05:31.630+0000] {dag.py:3823} INFO - Setting next_dagrun for example_nested_branch_dag to 2025-11-01 00:00:00+00:00, run_after=2025-11-02 00:00:00+00:00
[2025-11-02T19:05:31.740+0000] {processor.py:183} INFO - Processing /home/airflow/.local/lib/python3.8/site-packages/airflow/example_dags/example_nested_branch_dag.py took 0.399 seconds
[2025-11-02T19:06:02.156+0000] {processor.py:161} INFO - Started process (PID=4499) to work on /home/airflow/.local/lib/python3.8/site-packages/airflow/example_dags/example_nested_branch_dag.py
[2025-11-02T19:06:02.159+0000] {processor.py:830} INFO - Processing file /home/airflow/.local/lib/python3.8/site-packages/airflow/example_dags/example_nested_branch_dag.py for tasks to queue
[2025-11-02T19:06:02.165+0000] {logging_mixin.py:188} INFO - [2025-11-02T19:06:02.164+0000] {dagbag.py:538} INFO - Filling up the DagBag from /home/airflow/.local/lib/python3.8/site-packages/airflow/example_dags/example_nested_branch_dag.py
[2025-11-02T19:06:02.193+0000] {processor.py:840} INFO - DAG(s) 'example_nested_branch_dag' retrieved from /home/airflow/.local/lib/python3.8/site-packages/airflow/example_dags/example_nested_branch_dag.py
[2025-11-02T19:06:02.255+0000] {logging_mixin.py:188} INFO - [2025-11-02T19:06:02.255+0000] {dag.py:3036} INFO - Sync 1 DAGs
[2025-11-02T19:06:02.315+0000] {logging_mixin.py:188} INFO - [2025-11-02T19:06:02.315+0000] {dag.py:3823} INFO - Setting next_dagrun for example_nested_branch_dag to 2025-11-01 00:00:00+00:00, run_after=2025-11-02 00:00:00+00:00
[2025-11-02T19:06:02.366+0000] {processor.py:183} INFO - Processing /home/airflow/.local/lib/python3.8/site-packages/airflow/example_dags/example_nested_branch_dag.py took 0.223 seconds
[2025-11-02T19:06:32.471+0000] {processor.py:161} INFO - Started process (PID=4554) to work on /home/airflow/.local/lib/python3.8/site-packages/airflow/example_dags/example_nested_branch_dag.py
[2025-11-02T19:06:32.475+0000] {processor.py:830} INFO - Processing file /home/airflow/.local/lib/python3.8/site-packages/airflow/example_dags/example_nested_branch_dag.py for tasks to queue
[2025-11-02T19:06:32.481+0000] {logging_mixin.py:188} INFO - [2025-11-02T19:06:32.480+0000] {dagbag.py:538} INFO - Filling up the DagBag from /home/airflow/.local/lib/python3.8/site-packages/airflow/example_dags/example_nested_branch_dag.py
[2025-11-02T19:06:32.511+0000] {processor.py:840} INFO - DAG(s) 'example_nested_branch_dag' retrieved from /home/airflow/.local/lib/python3.8/site-packages/airflow/example_dags/example_nested_branch_dag.py
[2025-11-02T19:06:32.571+0000] {logging_mixin.py:188} INFO - [2025-11-02T19:06:32.570+0000] {dag.py:3036} INFO - Sync 1 DAGs
[2025-11-02T19:06:32.638+0000] {logging_mixin.py:188} INFO - [2025-11-02T19:06:32.637+0000] {dag.py:3823} INFO - Setting next_dagrun for example_nested_branch_dag to 2025-11-01 00:00:00+00:00, run_after=2025-11-02 00:00:00+00:00
[2025-11-02T19:06:32.701+0000] {processor.py:183} INFO - Processing /home/airflow/.local/lib/python3.8/site-packages/airflow/example_dags/example_nested_branch_dag.py took 0.241 seconds
[2025-11-02T19:07:02.848+0000] {processor.py:161} INFO - Started process (PID=4609) to work on /home/airflow/.local/lib/python3.8/site-packages/airflow/example_dags/example_nested_branch_dag.py
[2025-11-02T19:07:02.851+0000] {processor.py:830} INFO - Processing file /home/airflow/.local/lib/python3.8/site-packages/airflow/example_dags/example_nested_branch_dag.py for tasks to queue
[2025-11-02T19:07:02.857+0000] {logging_mixin.py:188} INFO - [2025-11-02T19:07:02.856+0000] {dagbag.py:538} INFO - Filling up the DagBag from /home/airflow/.local/lib/python3.8/site-packages/airflow/example_dags/example_nested_branch_dag.py
[2025-11-02T19:07:02.880+0000] {processor.py:840} INFO - DAG(s) 'example_nested_branch_dag' retrieved from /home/airflow/.local/lib/python3.8/site-packages/airflow/example_dags/example_nested_branch_dag.py
[2025-11-02T19:07:02.926+0000] {logging_mixin.py:188} INFO - [2025-11-02T19:07:02.925+0000] {dag.py:3036} INFO - Sync 1 DAGs
[2025-11-02T19:07:02.971+0000] {logging_mixin.py:188} INFO - [2025-11-02T19:07:02.970+0000] {dag.py:3823} INFO - Setting next_dagrun for example_nested_branch_dag to 2025-11-01 00:00:00+00:00, run_after=2025-11-02 00:00:00+00:00
[2025-11-02T19:07:03.015+0000] {processor.py:183} INFO - Processing /home/airflow/.local/lib/python3.8/site-packages/airflow/example_dags/example_nested_branch_dag.py took 0.176 seconds
[2025-11-02T19:07:33.471+0000] {processor.py:161} INFO - Started process (PID=4663) to work on /home/airflow/.local/lib/python3.8/site-packages/airflow/example_dags/example_nested_branch_dag.py
[2025-11-02T19:07:33.485+0000] {processor.py:830} INFO - Processing file /home/airflow/.local/lib/python3.8/site-packages/airflow/example_dags/example_nested_branch_dag.py for tasks to queue
[2025-11-02T19:07:33.493+0000] {logging_mixin.py:188} INFO - [2025-11-02T19:07:33.492+0000] {dagbag.py:538} INFO - Filling up the DagBag from /home/airflow/.local/lib/python3.8/site-packages/airflow/example_dags/example_nested_branch_dag.py
[2025-11-02T19:07:33.542+0000] {processor.py:840} INFO - DAG(s) 'example_nested_branch_dag' retrieved from /home/airflow/.local/lib/python3.8/site-packages/airflow/example_dags/example_nested_branch_dag.py
[2025-11-02T19:07:33.677+0000] {logging_mixin.py:188} INFO - [2025-11-02T19:07:33.677+0000] {dag.py:3036} INFO - Sync 1 DAGs
[2025-11-02T19:07:33.820+0000] {logging_mixin.py:188} INFO - [2025-11-02T19:07:33.819+0000] {dag.py:3823} INFO - Setting next_dagrun for example_nested_branch_dag to 2025-11-01 00:00:00+00:00, run_after=2025-11-02 00:00:00+00:00
[2025-11-02T19:07:33.965+0000] {processor.py:183} INFO - Processing /home/airflow/.local/lib/python3.8/site-packages/airflow/example_dags/example_nested_branch_dag.py took 0.511 seconds
[2025-11-02T19:08:04.835+0000] {processor.py:161} INFO - Started process (PID=4718) to work on /home/airflow/.local/lib/python3.8/site-packages/airflow/example_dags/example_nested_branch_dag.py
[2025-11-02T19:08:04.838+0000] {processor.py:830} INFO - Processing file /home/airflow/.local/lib/python3.8/site-packages/airflow/example_dags/example_nested_branch_dag.py for tasks to queue
[2025-11-02T19:08:04.843+0000] {logging_mixin.py:188} INFO - [2025-11-02T19:08:04.842+0000] {dagbag.py:538} INFO - Filling up the DagBag from /home/airflow/.local/lib/python3.8/site-packages/airflow/example_dags/example_nested_branch_dag.py
[2025-11-02T19:08:04.874+0000] {processor.py:840} INFO - DAG(s) 'example_nested_branch_dag' retrieved from /home/airflow/.local/lib/python3.8/site-packages/airflow/example_dags/example_nested_branch_dag.py
[2025-11-02T19:08:04.933+0000] {logging_mixin.py:188} INFO - [2025-11-02T19:08:04.932+0000] {dag.py:3036} INFO - Sync 1 DAGs
[2025-11-02T19:08:04.995+0000] {logging_mixin.py:188} INFO - [2025-11-02T19:08:04.994+0000] {dag.py:3823} INFO - Setting next_dagrun for example_nested_branch_dag to 2025-11-01 00:00:00+00:00, run_after=2025-11-02 00:00:00+00:00
[2025-11-02T19:08:05.041+0000] {processor.py:183} INFO - Processing /home/airflow/.local/lib/python3.8/site-packages/airflow/example_dags/example_nested_branch_dag.py took 0.215 seconds
[2025-11-02T19:08:35.722+0000] {processor.py:161} INFO - Started process (PID=4773) to work on /home/airflow/.local/lib/python3.8/site-packages/airflow/example_dags/example_nested_branch_dag.py
[2025-11-02T19:08:35.731+0000] {processor.py:830} INFO - Processing file /home/airflow/.local/lib/python3.8/site-packages/airflow/example_dags/example_nested_branch_dag.py for tasks to queue
[2025-11-02T19:08:35.753+0000] {logging_mixin.py:188} INFO - [2025-11-02T19:08:35.749+0000] {dagbag.py:538} INFO - Filling up the DagBag from /home/airflow/.local/lib/python3.8/site-packages/airflow/example_dags/example_nested_branch_dag.py
[2025-11-02T19:08:35.919+0000] {processor.py:840} INFO - DAG(s) 'example_nested_branch_dag' retrieved from /home/airflow/.local/lib/python3.8/site-packages/airflow/example_dags/example_nested_branch_dag.py
[2025-11-02T19:08:36.159+0000] {logging_mixin.py:188} INFO - [2025-11-02T19:08:36.155+0000] {dag.py:3036} INFO - Sync 1 DAGs
[2025-11-02T19:08:36.278+0000] {logging_mixin.py:188} INFO - [2025-11-02T19:08:36.277+0000] {dag.py:3823} INFO - Setting next_dagrun for example_nested_branch_dag to 2025-11-01 00:00:00+00:00, run_after=2025-11-02 00:00:00+00:00
[2025-11-02T19:08:36.373+0000] {processor.py:183} INFO - Processing /home/airflow/.local/lib/python3.8/site-packages/airflow/example_dags/example_nested_branch_dag.py took 0.671 seconds
[2025-11-02T19:09:06.701+0000] {processor.py:161} INFO - Started process (PID=4828) to work on /home/airflow/.local/lib/python3.8/site-packages/airflow/example_dags/example_nested_branch_dag.py
[2025-11-02T19:09:06.704+0000] {processor.py:830} INFO - Processing file /home/airflow/.local/lib/python3.8/site-packages/airflow/example_dags/example_nested_branch_dag.py for tasks to queue
[2025-11-02T19:09:06.711+0000] {logging_mixin.py:188} INFO - [2025-11-02T19:09:06.711+0000] {dagbag.py:538} INFO - Filling up the DagBag from /home/airflow/.local/lib/python3.8/site-packages/airflow/example_dags/example_nested_branch_dag.py
[2025-11-02T19:09:06.741+0000] {processor.py:840} INFO - DAG(s) 'example_nested_branch_dag' retrieved from /home/airflow/.local/lib/python3.8/site-packages/airflow/example_dags/example_nested_branch_dag.py
[2025-11-02T19:09:06.796+0000] {logging_mixin.py:188} INFO - [2025-11-02T19:09:06.796+0000] {dag.py:3036} INFO - Sync 1 DAGs
[2025-11-02T19:09:06.854+0000] {logging_mixin.py:188} INFO - [2025-11-02T19:09:06.854+0000] {dag.py:3823} INFO - Setting next_dagrun for example_nested_branch_dag to 2025-11-01 00:00:00+00:00, run_after=2025-11-02 00:00:00+00:00
[2025-11-02T19:09:06.902+0000] {processor.py:183} INFO - Processing /home/airflow/.local/lib/python3.8/site-packages/airflow/example_dags/example_nested_branch_dag.py took 0.210 seconds
[2025-11-02T19:09:37.021+0000] {processor.py:161} INFO - Started process (PID=4883) to work on /home/airflow/.local/lib/python3.8/site-packages/airflow/example_dags/example_nested_branch_dag.py
[2025-11-02T19:09:37.024+0000] {processor.py:830} INFO - Processing file /home/airflow/.local/lib/python3.8/site-packages/airflow/example_dags/example_nested_branch_dag.py for tasks to queue
[2025-11-02T19:09:37.030+0000] {logging_mixin.py:188} INFO - [2025-11-02T19:09:37.029+0000] {dagbag.py:538} INFO - Filling up the DagBag from /home/airflow/.local/lib/python3.8/site-packages/airflow/example_dags/example_nested_branch_dag.py
[2025-11-02T19:09:37.062+0000] {processor.py:840} INFO - DAG(s) 'example_nested_branch_dag' retrieved from /home/airflow/.local/lib/python3.8/site-packages/airflow/example_dags/example_nested_branch_dag.py
[2025-11-02T19:09:37.122+0000] {logging_mixin.py:188} INFO - [2025-11-02T19:09:37.121+0000] {dag.py:3036} INFO - Sync 1 DAGs
[2025-11-02T19:09:37.181+0000] {logging_mixin.py:188} INFO - [2025-11-02T19:09:37.180+0000] {dag.py:3823} INFO - Setting next_dagrun for example_nested_branch_dag to 2025-11-01 00:00:00+00:00, run_after=2025-11-02 00:00:00+00:00
[2025-11-02T19:09:37.237+0000] {processor.py:183} INFO - Processing /home/airflow/.local/lib/python3.8/site-packages/airflow/example_dags/example_nested_branch_dag.py took 0.224 seconds
[2025-11-02T19:10:07.496+0000] {processor.py:161} INFO - Started process (PID=4938) to work on /home/airflow/.local/lib/python3.8/site-packages/airflow/example_dags/example_nested_branch_dag.py
[2025-11-02T19:10:07.499+0000] {processor.py:830} INFO - Processing file /home/airflow/.local/lib/python3.8/site-packages/airflow/example_dags/example_nested_branch_dag.py for tasks to queue
[2025-11-02T19:10:07.504+0000] {logging_mixin.py:188} INFO - [2025-11-02T19:10:07.504+0000] {dagbag.py:538} INFO - Filling up the DagBag from /home/airflow/.local/lib/python3.8/site-packages/airflow/example_dags/example_nested_branch_dag.py
[2025-11-02T19:10:07.532+0000] {processor.py:840} INFO - DAG(s) 'example_nested_branch_dag' retrieved from /home/airflow/.local/lib/python3.8/site-packages/airflow/example_dags/example_nested_branch_dag.py
[2025-11-02T19:10:07.588+0000] {logging_mixin.py:188} INFO - [2025-11-02T19:10:07.588+0000] {dag.py:3036} INFO - Sync 1 DAGs
[2025-11-02T19:10:07.648+0000] {logging_mixin.py:188} INFO - [2025-11-02T19:10:07.647+0000] {dag.py:3823} INFO - Setting next_dagrun for example_nested_branch_dag to 2025-11-01 00:00:00+00:00, run_after=2025-11-02 00:00:00+00:00
[2025-11-02T19:10:07.709+0000] {processor.py:183} INFO - Processing /home/airflow/.local/lib/python3.8/site-packages/airflow/example_dags/example_nested_branch_dag.py took 0.223 seconds
[2025-11-02T19:10:38.082+0000] {processor.py:161} INFO - Started process (PID=4993) to work on /home/airflow/.local/lib/python3.8/site-packages/airflow/example_dags/example_nested_branch_dag.py
[2025-11-02T19:10:38.086+0000] {processor.py:830} INFO - Processing file /home/airflow/.local/lib/python3.8/site-packages/airflow/example_dags/example_nested_branch_dag.py for tasks to queue
[2025-11-02T19:10:38.094+0000] {logging_mixin.py:188} INFO - [2025-11-02T19:10:38.093+0000] {dagbag.py:538} INFO - Filling up the DagBag from /home/airflow/.local/lib/python3.8/site-packages/airflow/example_dags/example_nested_branch_dag.py
[2025-11-02T19:10:38.163+0000] {processor.py:840} INFO - DAG(s) 'example_nested_branch_dag' retrieved from /home/airflow/.local/lib/python3.8/site-packages/airflow/example_dags/example_nested_branch_dag.py
[2025-11-02T19:10:38.308+0000] {logging_mixin.py:188} INFO - [2025-11-02T19:10:38.307+0000] {dag.py:3036} INFO - Sync 1 DAGs
[2025-11-02T19:10:38.407+0000] {logging_mixin.py:188} INFO - [2025-11-02T19:10:38.406+0000] {dag.py:3823} INFO - Setting next_dagrun for example_nested_branch_dag to 2025-11-01 00:00:00+00:00, run_after=2025-11-02 00:00:00+00:00
[2025-11-02T19:10:38.473+0000] {processor.py:183} INFO - Processing /home/airflow/.local/lib/python3.8/site-packages/airflow/example_dags/example_nested_branch_dag.py took 0.405 seconds
[2025-11-02T19:11:09.198+0000] {processor.py:161} INFO - Started process (PID=5048) to work on /home/airflow/.local/lib/python3.8/site-packages/airflow/example_dags/example_nested_branch_dag.py
[2025-11-02T19:11:09.202+0000] {processor.py:830} INFO - Processing file /home/airflow/.local/lib/python3.8/site-packages/airflow/example_dags/example_nested_branch_dag.py for tasks to queue
[2025-11-02T19:11:09.209+0000] {logging_mixin.py:188} INFO - [2025-11-02T19:11:09.208+0000] {dagbag.py:538} INFO - Filling up the DagBag from /home/airflow/.local/lib/python3.8/site-packages/airflow/example_dags/example_nested_branch_dag.py
[2025-11-02T19:11:09.260+0000] {processor.py:840} INFO - DAG(s) 'example_nested_branch_dag' retrieved from /home/airflow/.local/lib/python3.8/site-packages/airflow/example_dags/example_nested_branch_dag.py
[2025-11-02T19:11:09.369+0000] {logging_mixin.py:188} INFO - [2025-11-02T19:11:09.368+0000] {dag.py:3036} INFO - Sync 1 DAGs
[2025-11-02T19:11:09.488+0000] {logging_mixin.py:188} INFO - [2025-11-02T19:11:09.488+0000] {dag.py:3823} INFO - Setting next_dagrun for example_nested_branch_dag to 2025-11-01 00:00:00+00:00, run_after=2025-11-02 00:00:00+00:00
[2025-11-02T19:11:09.551+0000] {processor.py:183} INFO - Processing /home/airflow/.local/lib/python3.8/site-packages/airflow/example_dags/example_nested_branch_dag.py took 0.366 seconds
[2025-11-02T19:11:39.893+0000] {processor.py:161} INFO - Started process (PID=5103) to work on /home/airflow/.local/lib/python3.8/site-packages/airflow/example_dags/example_nested_branch_dag.py
[2025-11-02T19:11:39.895+0000] {processor.py:830} INFO - Processing file /home/airflow/.local/lib/python3.8/site-packages/airflow/example_dags/example_nested_branch_dag.py for tasks to queue
[2025-11-02T19:11:39.901+0000] {logging_mixin.py:188} INFO - [2025-11-02T19:11:39.900+0000] {dagbag.py:538} INFO - Filling up the DagBag from /home/airflow/.local/lib/python3.8/site-packages/airflow/example_dags/example_nested_branch_dag.py
[2025-11-02T19:11:39.927+0000] {processor.py:840} INFO - DAG(s) 'example_nested_branch_dag' retrieved from /home/airflow/.local/lib/python3.8/site-packages/airflow/example_dags/example_nested_branch_dag.py
[2025-11-02T19:11:39.982+0000] {logging_mixin.py:188} INFO - [2025-11-02T19:11:39.981+0000] {dag.py:3036} INFO - Sync 1 DAGs
[2025-11-02T19:11:40.065+0000] {logging_mixin.py:188} INFO - [2025-11-02T19:11:40.064+0000] {dag.py:3823} INFO - Setting next_dagrun for example_nested_branch_dag to 2025-11-01 00:00:00+00:00, run_after=2025-11-02 00:00:00+00:00
[2025-11-02T19:11:40.117+0000] {processor.py:183} INFO - Processing /home/airflow/.local/lib/python3.8/site-packages/airflow/example_dags/example_nested_branch_dag.py took 0.233 seconds
[2025-11-02T19:12:10.672+0000] {processor.py:161} INFO - Started process (PID=5158) to work on /home/airflow/.local/lib/python3.8/site-packages/airflow/example_dags/example_nested_branch_dag.py
[2025-11-02T19:12:10.676+0000] {processor.py:830} INFO - Processing file /home/airflow/.local/lib/python3.8/site-packages/airflow/example_dags/example_nested_branch_dag.py for tasks to queue
[2025-11-02T19:12:10.684+0000] {logging_mixin.py:188} INFO - [2025-11-02T19:12:10.683+0000] {dagbag.py:538} INFO - Filling up the DagBag from /home/airflow/.local/lib/python3.8/site-packages/airflow/example_dags/example_nested_branch_dag.py
[2025-11-02T19:12:10.725+0000] {processor.py:840} INFO - DAG(s) 'example_nested_branch_dag' retrieved from /home/airflow/.local/lib/python3.8/site-packages/airflow/example_dags/example_nested_branch_dag.py
[2025-11-02T19:12:10.778+0000] {logging_mixin.py:188} INFO - [2025-11-02T19:12:10.777+0000] {dag.py:3036} INFO - Sync 1 DAGs
[2025-11-02T19:12:10.853+0000] {logging_mixin.py:188} INFO - [2025-11-02T19:12:10.852+0000] {dag.py:3823} INFO - Setting next_dagrun for example_nested_branch_dag to 2025-11-01 00:00:00+00:00, run_after=2025-11-02 00:00:00+00:00
[2025-11-02T19:12:10.896+0000] {processor.py:183} INFO - Processing /home/airflow/.local/lib/python3.8/site-packages/airflow/example_dags/example_nested_branch_dag.py took 0.240 seconds
[2025-11-02T19:12:41.614+0000] {processor.py:161} INFO - Started process (PID=5213) to work on /home/airflow/.local/lib/python3.8/site-packages/airflow/example_dags/example_nested_branch_dag.py
[2025-11-02T19:12:41.616+0000] {processor.py:830} INFO - Processing file /home/airflow/.local/lib/python3.8/site-packages/airflow/example_dags/example_nested_branch_dag.py for tasks to queue
[2025-11-02T19:12:41.623+0000] {logging_mixin.py:188} INFO - [2025-11-02T19:12:41.622+0000] {dagbag.py:538} INFO - Filling up the DagBag from /home/airflow/.local/lib/python3.8/site-packages/airflow/example_dags/example_nested_branch_dag.py
[2025-11-02T19:12:41.647+0000] {processor.py:840} INFO - DAG(s) 'example_nested_branch_dag' retrieved from /home/airflow/.local/lib/python3.8/site-packages/airflow/example_dags/example_nested_branch_dag.py
[2025-11-02T19:12:41.701+0000] {logging_mixin.py:188} INFO - [2025-11-02T19:12:41.700+0000] {dag.py:3036} INFO - Sync 1 DAGs
[2025-11-02T19:12:41.763+0000] {logging_mixin.py:188} INFO - [2025-11-02T19:12:41.762+0000] {dag.py:3823} INFO - Setting next_dagrun for example_nested_branch_dag to 2025-11-01 00:00:00+00:00, run_after=2025-11-02 00:00:00+00:00
[2025-11-02T19:12:41.810+0000] {processor.py:183} INFO - Processing /home/airflow/.local/lib/python3.8/site-packages/airflow/example_dags/example_nested_branch_dag.py took 0.205 seconds
[2025-11-02T19:13:11.908+0000] {processor.py:161} INFO - Started process (PID=5269) to work on /home/airflow/.local/lib/python3.8/site-packages/airflow/example_dags/example_nested_branch_dag.py
[2025-11-02T19:13:11.911+0000] {processor.py:830} INFO - Processing file /home/airflow/.local/lib/python3.8/site-packages/airflow/example_dags/example_nested_branch_dag.py for tasks to queue
[2025-11-02T19:13:11.917+0000] {logging_mixin.py:188} INFO - [2025-11-02T19:13:11.916+0000] {dagbag.py:538} INFO - Filling up the DagBag from /home/airflow/.local/lib/python3.8/site-packages/airflow/example_dags/example_nested_branch_dag.py
[2025-11-02T19:13:11.941+0000] {processor.py:840} INFO - DAG(s) 'example_nested_branch_dag' retrieved from /home/airflow/.local/lib/python3.8/site-packages/airflow/example_dags/example_nested_branch_dag.py
[2025-11-02T19:13:11.998+0000] {logging_mixin.py:188} INFO - [2025-11-02T19:13:11.998+0000] {dag.py:3036} INFO - Sync 1 DAGs
[2025-11-02T19:13:12.051+0000] {logging_mixin.py:188} INFO - [2025-11-02T19:13:12.050+0000] {dag.py:3823} INFO - Setting next_dagrun for example_nested_branch_dag to 2025-11-01 00:00:00+00:00, run_after=2025-11-02 00:00:00+00:00
[2025-11-02T19:13:12.103+0000] {processor.py:183} INFO - Processing /home/airflow/.local/lib/python3.8/site-packages/airflow/example_dags/example_nested_branch_dag.py took 0.206 seconds
[2025-11-02T19:13:42.842+0000] {processor.py:161} INFO - Started process (PID=5323) to work on /home/airflow/.local/lib/python3.8/site-packages/airflow/example_dags/example_nested_branch_dag.py
[2025-11-02T19:13:42.846+0000] {processor.py:830} INFO - Processing file /home/airflow/.local/lib/python3.8/site-packages/airflow/example_dags/example_nested_branch_dag.py for tasks to queue
[2025-11-02T19:13:42.852+0000] {logging_mixin.py:188} INFO - [2025-11-02T19:13:42.851+0000] {dagbag.py:538} INFO - Filling up the DagBag from /home/airflow/.local/lib/python3.8/site-packages/airflow/example_dags/example_nested_branch_dag.py
[2025-11-02T19:13:42.887+0000] {processor.py:840} INFO - DAG(s) 'example_nested_branch_dag' retrieved from /home/airflow/.local/lib/python3.8/site-packages/airflow/example_dags/example_nested_branch_dag.py
[2025-11-02T19:13:42.946+0000] {logging_mixin.py:188} INFO - [2025-11-02T19:13:42.945+0000] {dag.py:3036} INFO - Sync 1 DAGs
[2025-11-02T19:13:43.044+0000] {logging_mixin.py:188} INFO - [2025-11-02T19:13:43.038+0000] {dag.py:3823} INFO - Setting next_dagrun for example_nested_branch_dag to 2025-11-01 00:00:00+00:00, run_after=2025-11-02 00:00:00+00:00
[2025-11-02T19:13:43.108+0000] {processor.py:183} INFO - Processing /home/airflow/.local/lib/python3.8/site-packages/airflow/example_dags/example_nested_branch_dag.py took 0.276 seconds
[2025-11-02T19:14:14.562+0000] {processor.py:161} INFO - Started process (PID=5378) to work on /home/airflow/.local/lib/python3.8/site-packages/airflow/example_dags/example_nested_branch_dag.py
[2025-11-02T19:14:14.567+0000] {processor.py:830} INFO - Processing file /home/airflow/.local/lib/python3.8/site-packages/airflow/example_dags/example_nested_branch_dag.py for tasks to queue
[2025-11-02T19:14:14.573+0000] {logging_mixin.py:188} INFO - [2025-11-02T19:14:14.572+0000] {dagbag.py:538} INFO - Filling up the DagBag from /home/airflow/.local/lib/python3.8/site-packages/airflow/example_dags/example_nested_branch_dag.py
[2025-11-02T19:14:14.620+0000] {processor.py:840} INFO - DAG(s) 'example_nested_branch_dag' retrieved from /home/airflow/.local/lib/python3.8/site-packages/airflow/example_dags/example_nested_branch_dag.py
[2025-11-02T19:14:14.686+0000] {logging_mixin.py:188} INFO - [2025-11-02T19:14:14.686+0000] {dag.py:3036} INFO - Sync 1 DAGs
[2025-11-02T19:14:14.799+0000] {logging_mixin.py:188} INFO - [2025-11-02T19:14:14.799+0000] {dag.py:3823} INFO - Setting next_dagrun for example_nested_branch_dag to 2025-11-01 00:00:00+00:00, run_after=2025-11-02 00:00:00+00:00
[2025-11-02T19:14:14.869+0000] {processor.py:183} INFO - Processing /home/airflow/.local/lib/python3.8/site-packages/airflow/example_dags/example_nested_branch_dag.py took 0.323 seconds
[2025-11-02T19:14:45.675+0000] {processor.py:161} INFO - Started process (PID=5433) to work on /home/airflow/.local/lib/python3.8/site-packages/airflow/example_dags/example_nested_branch_dag.py
[2025-11-02T19:14:45.683+0000] {processor.py:830} INFO - Processing file /home/airflow/.local/lib/python3.8/site-packages/airflow/example_dags/example_nested_branch_dag.py for tasks to queue
[2025-11-02T19:14:45.692+0000] {logging_mixin.py:188} INFO - [2025-11-02T19:14:45.691+0000] {dagbag.py:538} INFO - Filling up the DagBag from /home/airflow/.local/lib/python3.8/site-packages/airflow/example_dags/example_nested_branch_dag.py
[2025-11-02T19:14:45.736+0000] {processor.py:840} INFO - DAG(s) 'example_nested_branch_dag' retrieved from /home/airflow/.local/lib/python3.8/site-packages/airflow/example_dags/example_nested_branch_dag.py
[2025-11-02T19:14:45.842+0000] {logging_mixin.py:188} INFO - [2025-11-02T19:14:45.842+0000] {dag.py:3036} INFO - Sync 1 DAGs
[2025-11-02T19:14:45.973+0000] {logging_mixin.py:188} INFO - [2025-11-02T19:14:45.973+0000] {dag.py:3823} INFO - Setting next_dagrun for example_nested_branch_dag to 2025-11-01 00:00:00+00:00, run_after=2025-11-02 00:00:00+00:00
[2025-11-02T19:14:46.058+0000] {processor.py:183} INFO - Processing /home/airflow/.local/lib/python3.8/site-packages/airflow/example_dags/example_nested_branch_dag.py took 0.409 seconds
[2025-11-02T19:15:16.228+0000] {processor.py:161} INFO - Started process (PID=5489) to work on /home/airflow/.local/lib/python3.8/site-packages/airflow/example_dags/example_nested_branch_dag.py
[2025-11-02T19:15:16.231+0000] {processor.py:830} INFO - Processing file /home/airflow/.local/lib/python3.8/site-packages/airflow/example_dags/example_nested_branch_dag.py for tasks to queue
[2025-11-02T19:15:16.237+0000] {logging_mixin.py:188} INFO - [2025-11-02T19:15:16.236+0000] {dagbag.py:538} INFO - Filling up the DagBag from /home/airflow/.local/lib/python3.8/site-packages/airflow/example_dags/example_nested_branch_dag.py
[2025-11-02T19:15:16.269+0000] {processor.py:840} INFO - DAG(s) 'example_nested_branch_dag' retrieved from /home/airflow/.local/lib/python3.8/site-packages/airflow/example_dags/example_nested_branch_dag.py
[2025-11-02T19:15:16.334+0000] {logging_mixin.py:188} INFO - [2025-11-02T19:15:16.333+0000] {dag.py:3036} INFO - Sync 1 DAGs
[2025-11-02T19:15:16.393+0000] {logging_mixin.py:188} INFO - [2025-11-02T19:15:16.393+0000] {dag.py:3823} INFO - Setting next_dagrun for example_nested_branch_dag to 2025-11-01 00:00:00+00:00, run_after=2025-11-02 00:00:00+00:00
[2025-11-02T19:15:16.441+0000] {processor.py:183} INFO - Processing /home/airflow/.local/lib/python3.8/site-packages/airflow/example_dags/example_nested_branch_dag.py took 0.225 seconds
[2025-11-02T19:15:46.580+0000] {processor.py:161} INFO - Started process (PID=5544) to work on /home/airflow/.local/lib/python3.8/site-packages/airflow/example_dags/example_nested_branch_dag.py
[2025-11-02T19:15:46.583+0000] {processor.py:830} INFO - Processing file /home/airflow/.local/lib/python3.8/site-packages/airflow/example_dags/example_nested_branch_dag.py for tasks to queue
[2025-11-02T19:15:46.590+0000] {logging_mixin.py:188} INFO - [2025-11-02T19:15:46.589+0000] {dagbag.py:538} INFO - Filling up the DagBag from /home/airflow/.local/lib/python3.8/site-packages/airflow/example_dags/example_nested_branch_dag.py
[2025-11-02T19:15:46.622+0000] {processor.py:840} INFO - DAG(s) 'example_nested_branch_dag' retrieved from /home/airflow/.local/lib/python3.8/site-packages/airflow/example_dags/example_nested_branch_dag.py
[2025-11-02T19:15:46.681+0000] {logging_mixin.py:188} INFO - [2025-11-02T19:15:46.680+0000] {dag.py:3036} INFO - Sync 1 DAGs
[2025-11-02T19:15:46.739+0000] {logging_mixin.py:188} INFO - [2025-11-02T19:15:46.738+0000] {dag.py:3823} INFO - Setting next_dagrun for example_nested_branch_dag to 2025-11-01 00:00:00+00:00, run_after=2025-11-02 00:00:00+00:00
[2025-11-02T19:15:46.788+0000] {processor.py:183} INFO - Processing /home/airflow/.local/lib/python3.8/site-packages/airflow/example_dags/example_nested_branch_dag.py took 0.217 seconds
[2025-11-02T19:16:17.215+0000] {processor.py:161} INFO - Started process (PID=5597) to work on /home/airflow/.local/lib/python3.8/site-packages/airflow/example_dags/example_nested_branch_dag.py
[2025-11-02T19:16:17.218+0000] {processor.py:830} INFO - Processing file /home/airflow/.local/lib/python3.8/site-packages/airflow/example_dags/example_nested_branch_dag.py for tasks to queue
[2025-11-02T19:16:17.223+0000] {logging_mixin.py:188} INFO - [2025-11-02T19:16:17.223+0000] {dagbag.py:538} INFO - Filling up the DagBag from /home/airflow/.local/lib/python3.8/site-packages/airflow/example_dags/example_nested_branch_dag.py
[2025-11-02T19:16:17.247+0000] {processor.py:840} INFO - DAG(s) 'example_nested_branch_dag' retrieved from /home/airflow/.local/lib/python3.8/site-packages/airflow/example_dags/example_nested_branch_dag.py
[2025-11-02T19:16:17.306+0000] {logging_mixin.py:188} INFO - [2025-11-02T19:16:17.305+0000] {dag.py:3036} INFO - Sync 1 DAGs
[2025-11-02T19:16:17.366+0000] {logging_mixin.py:188} INFO - [2025-11-02T19:16:17.365+0000] {dag.py:3823} INFO - Setting next_dagrun for example_nested_branch_dag to 2025-11-01 00:00:00+00:00, run_after=2025-11-02 00:00:00+00:00
[2025-11-02T19:16:17.416+0000] {processor.py:183} INFO - Processing /home/airflow/.local/lib/python3.8/site-packages/airflow/example_dags/example_nested_branch_dag.py took 0.210 seconds
[2025-11-02T19:16:48.155+0000] {processor.py:161} INFO - Started process (PID=5657) to work on /home/airflow/.local/lib/python3.8/site-packages/airflow/example_dags/example_nested_branch_dag.py
[2025-11-02T19:16:48.160+0000] {processor.py:830} INFO - Processing file /home/airflow/.local/lib/python3.8/site-packages/airflow/example_dags/example_nested_branch_dag.py for tasks to queue
[2025-11-02T19:16:48.169+0000] {logging_mixin.py:188} INFO - [2025-11-02T19:16:48.168+0000] {dagbag.py:538} INFO - Filling up the DagBag from /home/airflow/.local/lib/python3.8/site-packages/airflow/example_dags/example_nested_branch_dag.py
[2025-11-02T19:16:48.294+0000] {processor.py:840} INFO - DAG(s) 'example_nested_branch_dag' retrieved from /home/airflow/.local/lib/python3.8/site-packages/airflow/example_dags/example_nested_branch_dag.py
[2025-11-02T19:16:48.424+0000] {logging_mixin.py:188} INFO - [2025-11-02T19:16:48.423+0000] {dag.py:3036} INFO - Sync 1 DAGs
[2025-11-02T19:16:48.533+0000] {logging_mixin.py:188} INFO - [2025-11-02T19:16:48.532+0000] {dag.py:3823} INFO - Setting next_dagrun for example_nested_branch_dag to 2025-11-01 00:00:00+00:00, run_after=2025-11-02 00:00:00+00:00
[2025-11-02T19:16:48.603+0000] {processor.py:183} INFO - Processing /home/airflow/.local/lib/python3.8/site-packages/airflow/example_dags/example_nested_branch_dag.py took 0.462 seconds
[2025-11-02T19:17:18.975+0000] {processor.py:161} INFO - Started process (PID=5711) to work on /home/airflow/.local/lib/python3.8/site-packages/airflow/example_dags/example_nested_branch_dag.py
[2025-11-02T19:17:18.978+0000] {processor.py:830} INFO - Processing file /home/airflow/.local/lib/python3.8/site-packages/airflow/example_dags/example_nested_branch_dag.py for tasks to queue
[2025-11-02T19:17:19.010+0000] {logging_mixin.py:188} INFO - [2025-11-02T19:17:19.009+0000] {dagbag.py:538} INFO - Filling up the DagBag from /home/airflow/.local/lib/python3.8/site-packages/airflow/example_dags/example_nested_branch_dag.py
[2025-11-02T19:17:19.054+0000] {processor.py:840} INFO - DAG(s) 'example_nested_branch_dag' retrieved from /home/airflow/.local/lib/python3.8/site-packages/airflow/example_dags/example_nested_branch_dag.py
[2025-11-02T19:17:19.154+0000] {logging_mixin.py:188} INFO - [2025-11-02T19:17:19.154+0000] {dag.py:3036} INFO - Sync 1 DAGs
[2025-11-02T19:17:19.265+0000] {logging_mixin.py:188} INFO - [2025-11-02T19:17:19.264+0000] {dag.py:3823} INFO - Setting next_dagrun for example_nested_branch_dag to 2025-11-01 00:00:00+00:00, run_after=2025-11-02 00:00:00+00:00
[2025-11-02T19:17:19.330+0000] {processor.py:183} INFO - Processing /home/airflow/.local/lib/python3.8/site-packages/airflow/example_dags/example_nested_branch_dag.py took 0.371 seconds
[2025-11-02T19:17:49.614+0000] {processor.py:161} INFO - Started process (PID=5766) to work on /home/airflow/.local/lib/python3.8/site-packages/airflow/example_dags/example_nested_branch_dag.py
[2025-11-02T19:17:49.616+0000] {processor.py:830} INFO - Processing file /home/airflow/.local/lib/python3.8/site-packages/airflow/example_dags/example_nested_branch_dag.py for tasks to queue
[2025-11-02T19:17:49.621+0000] {logging_mixin.py:188} INFO - [2025-11-02T19:17:49.620+0000] {dagbag.py:538} INFO - Filling up the DagBag from /home/airflow/.local/lib/python3.8/site-packages/airflow/example_dags/example_nested_branch_dag.py
[2025-11-02T19:17:49.653+0000] {processor.py:840} INFO - DAG(s) 'example_nested_branch_dag' retrieved from /home/airflow/.local/lib/python3.8/site-packages/airflow/example_dags/example_nested_branch_dag.py
[2025-11-02T19:17:49.717+0000] {logging_mixin.py:188} INFO - [2025-11-02T19:17:49.716+0000] {dag.py:3036} INFO - Sync 1 DAGs
[2025-11-02T19:17:49.778+0000] {logging_mixin.py:188} INFO - [2025-11-02T19:17:49.778+0000] {dag.py:3823} INFO - Setting next_dagrun for example_nested_branch_dag to 2025-11-01 00:00:00+00:00, run_after=2025-11-02 00:00:00+00:00
[2025-11-02T19:17:49.827+0000] {processor.py:183} INFO - Processing /home/airflow/.local/lib/python3.8/site-packages/airflow/example_dags/example_nested_branch_dag.py took 0.224 seconds
[2025-11-02T19:18:20.022+0000] {processor.py:161} INFO - Started process (PID=5821) to work on /home/airflow/.local/lib/python3.8/site-packages/airflow/example_dags/example_nested_branch_dag.py
[2025-11-02T19:18:20.025+0000] {processor.py:830} INFO - Processing file /home/airflow/.local/lib/python3.8/site-packages/airflow/example_dags/example_nested_branch_dag.py for tasks to queue
[2025-11-02T19:18:20.030+0000] {logging_mixin.py:188} INFO - [2025-11-02T19:18:20.030+0000] {dagbag.py:538} INFO - Filling up the DagBag from /home/airflow/.local/lib/python3.8/site-packages/airflow/example_dags/example_nested_branch_dag.py
[2025-11-02T19:18:20.058+0000] {processor.py:840} INFO - DAG(s) 'example_nested_branch_dag' retrieved from /home/airflow/.local/lib/python3.8/site-packages/airflow/example_dags/example_nested_branch_dag.py
[2025-11-02T19:18:20.141+0000] {logging_mixin.py:188} INFO - [2025-11-02T19:18:20.140+0000] {dag.py:3036} INFO - Sync 1 DAGs
[2025-11-02T19:18:20.202+0000] {logging_mixin.py:188} INFO - [2025-11-02T19:18:20.201+0000] {dag.py:3823} INFO - Setting next_dagrun for example_nested_branch_dag to 2025-11-01 00:00:00+00:00, run_after=2025-11-02 00:00:00+00:00
[2025-11-02T19:18:20.253+0000] {processor.py:183} INFO - Processing /home/airflow/.local/lib/python3.8/site-packages/airflow/example_dags/example_nested_branch_dag.py took 0.242 seconds
[2025-11-02T19:18:51.459+0000] {processor.py:161} INFO - Started process (PID=5875) to work on /home/airflow/.local/lib/python3.8/site-packages/airflow/example_dags/example_nested_branch_dag.py
[2025-11-02T19:18:51.472+0000] {processor.py:830} INFO - Processing file /home/airflow/.local/lib/python3.8/site-packages/airflow/example_dags/example_nested_branch_dag.py for tasks to queue
[2025-11-02T19:18:51.488+0000] {logging_mixin.py:188} INFO - [2025-11-02T19:18:51.477+0000] {dagbag.py:538} INFO - Filling up the DagBag from /home/airflow/.local/lib/python3.8/site-packages/airflow/example_dags/example_nested_branch_dag.py
[2025-11-02T19:18:51.531+0000] {processor.py:840} INFO - DAG(s) 'example_nested_branch_dag' retrieved from /home/airflow/.local/lib/python3.8/site-packages/airflow/example_dags/example_nested_branch_dag.py
[2025-11-02T19:18:51.601+0000] {logging_mixin.py:188} INFO - [2025-11-02T19:18:51.601+0000] {dag.py:3036} INFO - Sync 1 DAGs
[2025-11-02T19:18:51.671+0000] {logging_mixin.py:188} INFO - [2025-11-02T19:18:51.670+0000] {dag.py:3823} INFO - Setting next_dagrun for example_nested_branch_dag to 2025-11-01 00:00:00+00:00, run_after=2025-11-02 00:00:00+00:00
[2025-11-02T19:18:51.737+0000] {processor.py:183} INFO - Processing /home/airflow/.local/lib/python3.8/site-packages/airflow/example_dags/example_nested_branch_dag.py took 0.301 seconds
[2025-11-02T19:19:22.021+0000] {processor.py:161} INFO - Started process (PID=5930) to work on /home/airflow/.local/lib/python3.8/site-packages/airflow/example_dags/example_nested_branch_dag.py
[2025-11-02T19:19:22.024+0000] {processor.py:830} INFO - Processing file /home/airflow/.local/lib/python3.8/site-packages/airflow/example_dags/example_nested_branch_dag.py for tasks to queue
[2025-11-02T19:19:22.031+0000] {logging_mixin.py:188} INFO - [2025-11-02T19:19:22.030+0000] {dagbag.py:538} INFO - Filling up the DagBag from /home/airflow/.local/lib/python3.8/site-packages/airflow/example_dags/example_nested_branch_dag.py
[2025-11-02T19:19:22.067+0000] {processor.py:840} INFO - DAG(s) 'example_nested_branch_dag' retrieved from /home/airflow/.local/lib/python3.8/site-packages/airflow/example_dags/example_nested_branch_dag.py
[2025-11-02T19:19:22.131+0000] {logging_mixin.py:188} INFO - [2025-11-02T19:19:22.131+0000] {dag.py:3036} INFO - Sync 1 DAGs
[2025-11-02T19:19:22.200+0000] {logging_mixin.py:188} INFO - [2025-11-02T19:19:22.200+0000] {dag.py:3823} INFO - Setting next_dagrun for example_nested_branch_dag to 2025-11-01 00:00:00+00:00, run_after=2025-11-02 00:00:00+00:00
[2025-11-02T19:19:22.288+0000] {processor.py:183} INFO - Processing /home/airflow/.local/lib/python3.8/site-packages/airflow/example_dags/example_nested_branch_dag.py took 0.278 seconds
[2025-11-02T19:19:52.698+0000] {processor.py:161} INFO - Started process (PID=5986) to work on /home/airflow/.local/lib/python3.8/site-packages/airflow/example_dags/example_nested_branch_dag.py
[2025-11-02T19:19:52.717+0000] {processor.py:830} INFO - Processing file /home/airflow/.local/lib/python3.8/site-packages/airflow/example_dags/example_nested_branch_dag.py for tasks to queue
[2025-11-02T19:19:52.729+0000] {logging_mixin.py:188} INFO - [2025-11-02T19:19:52.726+0000] {dagbag.py:538} INFO - Filling up the DagBag from /home/airflow/.local/lib/python3.8/site-packages/airflow/example_dags/example_nested_branch_dag.py
[2025-11-02T19:19:52.792+0000] {processor.py:840} INFO - DAG(s) 'example_nested_branch_dag' retrieved from /home/airflow/.local/lib/python3.8/site-packages/airflow/example_dags/example_nested_branch_dag.py
[2025-11-02T19:19:52.862+0000] {logging_mixin.py:188} INFO - [2025-11-02T19:19:52.861+0000] {dag.py:3036} INFO - Sync 1 DAGs
[2025-11-02T19:19:52.946+0000] {logging_mixin.py:188} INFO - [2025-11-02T19:19:52.945+0000] {dag.py:3823} INFO - Setting next_dagrun for example_nested_branch_dag to 2025-11-01 00:00:00+00:00, run_after=2025-11-02 00:00:00+00:00
[2025-11-02T19:19:52.996+0000] {processor.py:183} INFO - Processing /home/airflow/.local/lib/python3.8/site-packages/airflow/example_dags/example_nested_branch_dag.py took 0.316 seconds
[2025-11-02T19:20:23.293+0000] {processor.py:161} INFO - Started process (PID=6040) to work on /home/airflow/.local/lib/python3.8/site-packages/airflow/example_dags/example_nested_branch_dag.py
[2025-11-02T19:20:23.297+0000] {processor.py:830} INFO - Processing file /home/airflow/.local/lib/python3.8/site-packages/airflow/example_dags/example_nested_branch_dag.py for tasks to queue
[2025-11-02T19:20:23.304+0000] {logging_mixin.py:188} INFO - [2025-11-02T19:20:23.303+0000] {dagbag.py:538} INFO - Filling up the DagBag from /home/airflow/.local/lib/python3.8/site-packages/airflow/example_dags/example_nested_branch_dag.py
[2025-11-02T19:20:23.346+0000] {processor.py:840} INFO - DAG(s) 'example_nested_branch_dag' retrieved from /home/airflow/.local/lib/python3.8/site-packages/airflow/example_dags/example_nested_branch_dag.py
[2025-11-02T19:20:23.411+0000] {logging_mixin.py:188} INFO - [2025-11-02T19:20:23.410+0000] {dag.py:3036} INFO - Sync 1 DAGs
[2025-11-02T19:20:23.485+0000] {logging_mixin.py:188} INFO - [2025-11-02T19:20:23.484+0000] {dag.py:3823} INFO - Setting next_dagrun for example_nested_branch_dag to 2025-11-01 00:00:00+00:00, run_after=2025-11-02 00:00:00+00:00
[2025-11-02T19:20:23.545+0000] {processor.py:183} INFO - Processing /home/airflow/.local/lib/python3.8/site-packages/airflow/example_dags/example_nested_branch_dag.py took 0.279 seconds
[2025-11-02T19:20:53.701+0000] {processor.py:161} INFO - Started process (PID=6095) to work on /home/airflow/.local/lib/python3.8/site-packages/airflow/example_dags/example_nested_branch_dag.py
[2025-11-02T19:20:53.704+0000] {processor.py:830} INFO - Processing file /home/airflow/.local/lib/python3.8/site-packages/airflow/example_dags/example_nested_branch_dag.py for tasks to queue
[2025-11-02T19:20:53.709+0000] {logging_mixin.py:188} INFO - [2025-11-02T19:20:53.708+0000] {dagbag.py:538} INFO - Filling up the DagBag from /home/airflow/.local/lib/python3.8/site-packages/airflow/example_dags/example_nested_branch_dag.py
[2025-11-02T19:20:53.743+0000] {processor.py:840} INFO - DAG(s) 'example_nested_branch_dag' retrieved from /home/airflow/.local/lib/python3.8/site-packages/airflow/example_dags/example_nested_branch_dag.py
[2025-11-02T19:20:53.805+0000] {logging_mixin.py:188} INFO - [2025-11-02T19:20:53.804+0000] {dag.py:3036} INFO - Sync 1 DAGs
[2025-11-02T19:20:53.870+0000] {logging_mixin.py:188} INFO - [2025-11-02T19:20:53.869+0000] {dag.py:3823} INFO - Setting next_dagrun for example_nested_branch_dag to 2025-11-01 00:00:00+00:00, run_after=2025-11-02 00:00:00+00:00
[2025-11-02T19:20:53.921+0000] {processor.py:183} INFO - Processing /home/airflow/.local/lib/python3.8/site-packages/airflow/example_dags/example_nested_branch_dag.py took 0.229 seconds
[2025-11-02T19:21:24.189+0000] {processor.py:161} INFO - Started process (PID=6149) to work on /home/airflow/.local/lib/python3.8/site-packages/airflow/example_dags/example_nested_branch_dag.py
[2025-11-02T19:21:24.191+0000] {processor.py:830} INFO - Processing file /home/airflow/.local/lib/python3.8/site-packages/airflow/example_dags/example_nested_branch_dag.py for tasks to queue
[2025-11-02T19:21:24.197+0000] {logging_mixin.py:188} INFO - [2025-11-02T19:21:24.196+0000] {dagbag.py:538} INFO - Filling up the DagBag from /home/airflow/.local/lib/python3.8/site-packages/airflow/example_dags/example_nested_branch_dag.py
[2025-11-02T19:21:24.225+0000] {processor.py:840} INFO - DAG(s) 'example_nested_branch_dag' retrieved from /home/airflow/.local/lib/python3.8/site-packages/airflow/example_dags/example_nested_branch_dag.py
[2025-11-02T19:21:24.287+0000] {logging_mixin.py:188} INFO - [2025-11-02T19:21:24.286+0000] {dag.py:3036} INFO - Sync 1 DAGs
[2025-11-02T19:21:24.344+0000] {logging_mixin.py:188} INFO - [2025-11-02T19:21:24.344+0000] {dag.py:3823} INFO - Setting next_dagrun for example_nested_branch_dag to 2025-11-01 00:00:00+00:00, run_after=2025-11-02 00:00:00+00:00
[2025-11-02T19:21:24.395+0000] {processor.py:183} INFO - Processing /home/airflow/.local/lib/python3.8/site-packages/airflow/example_dags/example_nested_branch_dag.py took 0.215 seconds
[2025-11-02T19:21:54.863+0000] {processor.py:161} INFO - Started process (PID=6203) to work on /home/airflow/.local/lib/python3.8/site-packages/airflow/example_dags/example_nested_branch_dag.py
[2025-11-02T19:21:54.867+0000] {processor.py:830} INFO - Processing file /home/airflow/.local/lib/python3.8/site-packages/airflow/example_dags/example_nested_branch_dag.py for tasks to queue
[2025-11-02T19:21:54.884+0000] {logging_mixin.py:188} INFO - [2025-11-02T19:21:54.881+0000] {dagbag.py:538} INFO - Filling up the DagBag from /home/airflow/.local/lib/python3.8/site-packages/airflow/example_dags/example_nested_branch_dag.py
[2025-11-02T19:21:54.924+0000] {processor.py:840} INFO - DAG(s) 'example_nested_branch_dag' retrieved from /home/airflow/.local/lib/python3.8/site-packages/airflow/example_dags/example_nested_branch_dag.py
[2025-11-02T19:21:54.990+0000] {logging_mixin.py:188} INFO - [2025-11-02T19:21:54.989+0000] {dag.py:3036} INFO - Sync 1 DAGs
[2025-11-02T19:21:55.041+0000] {logging_mixin.py:188} INFO - [2025-11-02T19:21:55.041+0000] {dag.py:3823} INFO - Setting next_dagrun for example_nested_branch_dag to 2025-11-01 00:00:00+00:00, run_after=2025-11-02 00:00:00+00:00
[2025-11-02T19:21:55.099+0000] {processor.py:183} INFO - Processing /home/airflow/.local/lib/python3.8/site-packages/airflow/example_dags/example_nested_branch_dag.py took 0.258 seconds
[2025-11-02T19:22:25.223+0000] {processor.py:161} INFO - Started process (PID=6258) to work on /home/airflow/.local/lib/python3.8/site-packages/airflow/example_dags/example_nested_branch_dag.py
[2025-11-02T19:22:25.227+0000] {processor.py:830} INFO - Processing file /home/airflow/.local/lib/python3.8/site-packages/airflow/example_dags/example_nested_branch_dag.py for tasks to queue
[2025-11-02T19:22:25.236+0000] {logging_mixin.py:188} INFO - [2025-11-02T19:22:25.234+0000] {dagbag.py:538} INFO - Filling up the DagBag from /home/airflow/.local/lib/python3.8/site-packages/airflow/example_dags/example_nested_branch_dag.py
[2025-11-02T19:22:25.270+0000] {processor.py:840} INFO - DAG(s) 'example_nested_branch_dag' retrieved from /home/airflow/.local/lib/python3.8/site-packages/airflow/example_dags/example_nested_branch_dag.py
[2025-11-02T19:22:25.354+0000] {logging_mixin.py:188} INFO - [2025-11-02T19:22:25.354+0000] {dag.py:3036} INFO - Sync 1 DAGs
[2025-11-02T19:22:25.418+0000] {logging_mixin.py:188} INFO - [2025-11-02T19:22:25.417+0000] {dag.py:3823} INFO - Setting next_dagrun for example_nested_branch_dag to 2025-11-01 00:00:00+00:00, run_after=2025-11-02 00:00:00+00:00
[2025-11-02T19:22:25.469+0000] {processor.py:183} INFO - Processing /home/airflow/.local/lib/python3.8/site-packages/airflow/example_dags/example_nested_branch_dag.py took 0.262 seconds
[2025-11-02T19:22:55.887+0000] {processor.py:161} INFO - Started process (PID=6313) to work on /home/airflow/.local/lib/python3.8/site-packages/airflow/example_dags/example_nested_branch_dag.py
[2025-11-02T19:22:55.891+0000] {processor.py:830} INFO - Processing file /home/airflow/.local/lib/python3.8/site-packages/airflow/example_dags/example_nested_branch_dag.py for tasks to queue
[2025-11-02T19:22:55.897+0000] {logging_mixin.py:188} INFO - [2025-11-02T19:22:55.896+0000] {dagbag.py:538} INFO - Filling up the DagBag from /home/airflow/.local/lib/python3.8/site-packages/airflow/example_dags/example_nested_branch_dag.py
[2025-11-02T19:22:55.928+0000] {processor.py:840} INFO - DAG(s) 'example_nested_branch_dag' retrieved from /home/airflow/.local/lib/python3.8/site-packages/airflow/example_dags/example_nested_branch_dag.py
[2025-11-02T19:22:56.012+0000] {logging_mixin.py:188} INFO - [2025-11-02T19:22:56.012+0000] {dag.py:3036} INFO - Sync 1 DAGs
[2025-11-02T19:22:56.148+0000] {logging_mixin.py:188} INFO - [2025-11-02T19:22:56.148+0000] {dag.py:3823} INFO - Setting next_dagrun for example_nested_branch_dag to 2025-11-01 00:00:00+00:00, run_after=2025-11-02 00:00:00+00:00
[2025-11-02T19:22:56.236+0000] {processor.py:183} INFO - Processing /home/airflow/.local/lib/python3.8/site-packages/airflow/example_dags/example_nested_branch_dag.py took 0.359 seconds
[2025-11-02T19:23:28.957+0000] {processor.py:161} INFO - Started process (PID=6367) to work on /home/airflow/.local/lib/python3.8/site-packages/airflow/example_dags/example_nested_branch_dag.py
[2025-11-02T19:23:28.982+0000] {processor.py:830} INFO - Processing file /home/airflow/.local/lib/python3.8/site-packages/airflow/example_dags/example_nested_branch_dag.py for tasks to queue
[2025-11-02T19:23:29.009+0000] {logging_mixin.py:188} INFO - [2025-11-02T19:23:29.003+0000] {dagbag.py:538} INFO - Filling up the DagBag from /home/airflow/.local/lib/python3.8/site-packages/airflow/example_dags/example_nested_branch_dag.py
[2025-11-02T19:23:29.081+0000] {processor.py:840} INFO - DAG(s) 'example_nested_branch_dag' retrieved from /home/airflow/.local/lib/python3.8/site-packages/airflow/example_dags/example_nested_branch_dag.py
[2025-11-02T19:23:29.229+0000] {logging_mixin.py:188} INFO - [2025-11-02T19:23:29.228+0000] {dag.py:3036} INFO - Sync 1 DAGs
[2025-11-02T19:23:29.314+0000] {logging_mixin.py:188} INFO - [2025-11-02T19:23:29.311+0000] {dag.py:3823} INFO - Setting next_dagrun for example_nested_branch_dag to 2025-11-01 00:00:00+00:00, run_after=2025-11-02 00:00:00+00:00
[2025-11-02T19:23:29.375+0000] {processor.py:183} INFO - Processing /home/airflow/.local/lib/python3.8/site-packages/airflow/example_dags/example_nested_branch_dag.py took 0.463 seconds
[2025-11-02T19:23:59.909+0000] {processor.py:161} INFO - Started process (PID=6422) to work on /home/airflow/.local/lib/python3.8/site-packages/airflow/example_dags/example_nested_branch_dag.py
[2025-11-02T19:23:59.913+0000] {processor.py:830} INFO - Processing file /home/airflow/.local/lib/python3.8/site-packages/airflow/example_dags/example_nested_branch_dag.py for tasks to queue
[2025-11-02T19:23:59.919+0000] {logging_mixin.py:188} INFO - [2025-11-02T19:23:59.918+0000] {dagbag.py:538} INFO - Filling up the DagBag from /home/airflow/.local/lib/python3.8/site-packages/airflow/example_dags/example_nested_branch_dag.py
[2025-11-02T19:23:59.951+0000] {processor.py:840} INFO - DAG(s) 'example_nested_branch_dag' retrieved from /home/airflow/.local/lib/python3.8/site-packages/airflow/example_dags/example_nested_branch_dag.py
[2025-11-02T19:24:00.025+0000] {logging_mixin.py:188} INFO - [2025-11-02T19:24:00.024+0000] {dag.py:3036} INFO - Sync 1 DAGs
[2025-11-02T19:24:00.091+0000] {logging_mixin.py:188} INFO - [2025-11-02T19:24:00.090+0000] {dag.py:3823} INFO - Setting next_dagrun for example_nested_branch_dag to 2025-11-01 00:00:00+00:00, run_after=2025-11-02 00:00:00+00:00
[2025-11-02T19:24:00.162+0000] {processor.py:183} INFO - Processing /home/airflow/.local/lib/python3.8/site-packages/airflow/example_dags/example_nested_branch_dag.py took 0.270 seconds
[2025-11-02T19:24:30.407+0000] {processor.py:161} INFO - Started process (PID=6477) to work on /home/airflow/.local/lib/python3.8/site-packages/airflow/example_dags/example_nested_branch_dag.py
[2025-11-02T19:24:30.411+0000] {processor.py:830} INFO - Processing file /home/airflow/.local/lib/python3.8/site-packages/airflow/example_dags/example_nested_branch_dag.py for tasks to queue
[2025-11-02T19:24:30.418+0000] {logging_mixin.py:188} INFO - [2025-11-02T19:24:30.416+0000] {dagbag.py:538} INFO - Filling up the DagBag from /home/airflow/.local/lib/python3.8/site-packages/airflow/example_dags/example_nested_branch_dag.py
[2025-11-02T19:24:30.445+0000] {processor.py:840} INFO - DAG(s) 'example_nested_branch_dag' retrieved from /home/airflow/.local/lib/python3.8/site-packages/airflow/example_dags/example_nested_branch_dag.py
[2025-11-02T19:24:30.506+0000] {logging_mixin.py:188} INFO - [2025-11-02T19:24:30.506+0000] {dag.py:3036} INFO - Sync 1 DAGs
[2025-11-02T19:24:30.596+0000] {logging_mixin.py:188} INFO - [2025-11-02T19:24:30.595+0000] {dag.py:3823} INFO - Setting next_dagrun for example_nested_branch_dag to 2025-11-01 00:00:00+00:00, run_after=2025-11-02 00:00:00+00:00
[2025-11-02T19:24:30.655+0000] {processor.py:183} INFO - Processing /home/airflow/.local/lib/python3.8/site-packages/airflow/example_dags/example_nested_branch_dag.py took 0.259 seconds
[2025-11-02T19:25:01.080+0000] {processor.py:161} INFO - Started process (PID=6532) to work on /home/airflow/.local/lib/python3.8/site-packages/airflow/example_dags/example_nested_branch_dag.py
[2025-11-02T19:25:01.082+0000] {processor.py:830} INFO - Processing file /home/airflow/.local/lib/python3.8/site-packages/airflow/example_dags/example_nested_branch_dag.py for tasks to queue
[2025-11-02T19:25:01.088+0000] {logging_mixin.py:188} INFO - [2025-11-02T19:25:01.087+0000] {dagbag.py:538} INFO - Filling up the DagBag from /home/airflow/.local/lib/python3.8/site-packages/airflow/example_dags/example_nested_branch_dag.py
[2025-11-02T19:25:01.118+0000] {processor.py:840} INFO - DAG(s) 'example_nested_branch_dag' retrieved from /home/airflow/.local/lib/python3.8/site-packages/airflow/example_dags/example_nested_branch_dag.py
[2025-11-02T19:25:01.177+0000] {logging_mixin.py:188} INFO - [2025-11-02T19:25:01.176+0000] {dag.py:3036} INFO - Sync 1 DAGs
[2025-11-02T19:25:01.234+0000] {logging_mixin.py:188} INFO - [2025-11-02T19:25:01.233+0000] {dag.py:3823} INFO - Setting next_dagrun for example_nested_branch_dag to 2025-11-01 00:00:00+00:00, run_after=2025-11-02 00:00:00+00:00
[2025-11-02T19:25:01.277+0000] {processor.py:183} INFO - Processing /home/airflow/.local/lib/python3.8/site-packages/airflow/example_dags/example_nested_branch_dag.py took 0.207 seconds
[2025-11-02T19:25:31.823+0000] {processor.py:161} INFO - Started process (PID=6586) to work on /home/airflow/.local/lib/python3.8/site-packages/airflow/example_dags/example_nested_branch_dag.py
[2025-11-02T19:25:31.826+0000] {processor.py:830} INFO - Processing file /home/airflow/.local/lib/python3.8/site-packages/airflow/example_dags/example_nested_branch_dag.py for tasks to queue
[2025-11-02T19:25:31.848+0000] {logging_mixin.py:188} INFO - [2025-11-02T19:25:31.847+0000] {dagbag.py:538} INFO - Filling up the DagBag from /home/airflow/.local/lib/python3.8/site-packages/airflow/example_dags/example_nested_branch_dag.py
[2025-11-02T19:25:31.922+0000] {processor.py:840} INFO - DAG(s) 'example_nested_branch_dag' retrieved from /home/airflow/.local/lib/python3.8/site-packages/airflow/example_dags/example_nested_branch_dag.py
[2025-11-02T19:25:32.085+0000] {logging_mixin.py:188} INFO - [2025-11-02T19:25:32.084+0000] {dag.py:3036} INFO - Sync 1 DAGs
[2025-11-02T19:25:32.291+0000] {logging_mixin.py:188} INFO - [2025-11-02T19:25:32.279+0000] {dag.py:3823} INFO - Setting next_dagrun for example_nested_branch_dag to 2025-11-01 00:00:00+00:00, run_after=2025-11-02 00:00:00+00:00
[2025-11-02T19:25:32.433+0000] {processor.py:183} INFO - Processing /home/airflow/.local/lib/python3.8/site-packages/airflow/example_dags/example_nested_branch_dag.py took 0.629 seconds
[2025-11-02T19:26:02.747+0000] {processor.py:161} INFO - Started process (PID=6641) to work on /home/airflow/.local/lib/python3.8/site-packages/airflow/example_dags/example_nested_branch_dag.py
[2025-11-02T19:26:02.749+0000] {processor.py:830} INFO - Processing file /home/airflow/.local/lib/python3.8/site-packages/airflow/example_dags/example_nested_branch_dag.py for tasks to queue
[2025-11-02T19:26:02.754+0000] {logging_mixin.py:188} INFO - [2025-11-02T19:26:02.753+0000] {dagbag.py:538} INFO - Filling up the DagBag from /home/airflow/.local/lib/python3.8/site-packages/airflow/example_dags/example_nested_branch_dag.py
[2025-11-02T19:26:02.780+0000] {processor.py:840} INFO - DAG(s) 'example_nested_branch_dag' retrieved from /home/airflow/.local/lib/python3.8/site-packages/airflow/example_dags/example_nested_branch_dag.py
[2025-11-02T19:26:02.835+0000] {logging_mixin.py:188} INFO - [2025-11-02T19:26:02.835+0000] {dag.py:3036} INFO - Sync 1 DAGs
[2025-11-02T19:26:02.914+0000] {logging_mixin.py:188} INFO - [2025-11-02T19:26:02.913+0000] {dag.py:3823} INFO - Setting next_dagrun for example_nested_branch_dag to 2025-11-01 00:00:00+00:00, run_after=2025-11-02 00:00:00+00:00
[2025-11-02T19:26:02.952+0000] {processor.py:183} INFO - Processing /home/airflow/.local/lib/python3.8/site-packages/airflow/example_dags/example_nested_branch_dag.py took 0.213 seconds
[2025-11-02T19:26:33.510+0000] {processor.py:161} INFO - Started process (PID=6696) to work on /home/airflow/.local/lib/python3.8/site-packages/airflow/example_dags/example_nested_branch_dag.py
[2025-11-02T19:26:33.513+0000] {processor.py:830} INFO - Processing file /home/airflow/.local/lib/python3.8/site-packages/airflow/example_dags/example_nested_branch_dag.py for tasks to queue
[2025-11-02T19:26:33.520+0000] {logging_mixin.py:188} INFO - [2025-11-02T19:26:33.519+0000] {dagbag.py:538} INFO - Filling up the DagBag from /home/airflow/.local/lib/python3.8/site-packages/airflow/example_dags/example_nested_branch_dag.py
[2025-11-02T19:26:33.553+0000] {processor.py:840} INFO - DAG(s) 'example_nested_branch_dag' retrieved from /home/airflow/.local/lib/python3.8/site-packages/airflow/example_dags/example_nested_branch_dag.py
[2025-11-02T19:26:33.620+0000] {logging_mixin.py:188} INFO - [2025-11-02T19:26:33.619+0000] {dag.py:3036} INFO - Sync 1 DAGs
[2025-11-02T19:26:33.673+0000] {logging_mixin.py:188} INFO - [2025-11-02T19:26:33.672+0000] {dag.py:3823} INFO - Setting next_dagrun for example_nested_branch_dag to 2025-11-01 00:00:00+00:00, run_after=2025-11-02 00:00:00+00:00
[2025-11-02T19:26:33.725+0000] {processor.py:183} INFO - Processing /home/airflow/.local/lib/python3.8/site-packages/airflow/example_dags/example_nested_branch_dag.py took 0.227 seconds
[2025-11-02T19:27:04.741+0000] {processor.py:161} INFO - Started process (PID=6751) to work on /home/airflow/.local/lib/python3.8/site-packages/airflow/example_dags/example_nested_branch_dag.py
[2025-11-02T19:27:04.744+0000] {processor.py:830} INFO - Processing file /home/airflow/.local/lib/python3.8/site-packages/airflow/example_dags/example_nested_branch_dag.py for tasks to queue
[2025-11-02T19:27:04.750+0000] {logging_mixin.py:188} INFO - [2025-11-02T19:27:04.749+0000] {dagbag.py:538} INFO - Filling up the DagBag from /home/airflow/.local/lib/python3.8/site-packages/airflow/example_dags/example_nested_branch_dag.py
[2025-11-02T19:27:04.777+0000] {processor.py:840} INFO - DAG(s) 'example_nested_branch_dag' retrieved from /home/airflow/.local/lib/python3.8/site-packages/airflow/example_dags/example_nested_branch_dag.py
[2025-11-02T19:27:04.835+0000] {logging_mixin.py:188} INFO - [2025-11-02T19:27:04.834+0000] {dag.py:3036} INFO - Sync 1 DAGs
[2025-11-02T19:27:04.892+0000] {logging_mixin.py:188} INFO - [2025-11-02T19:27:04.892+0000] {dag.py:3823} INFO - Setting next_dagrun for example_nested_branch_dag to 2025-11-01 00:00:00+00:00, run_after=2025-11-02 00:00:00+00:00
[2025-11-02T19:27:04.942+0000] {processor.py:183} INFO - Processing /home/airflow/.local/lib/python3.8/site-packages/airflow/example_dags/example_nested_branch_dag.py took 0.212 seconds
[2025-11-02T19:27:35.271+0000] {processor.py:161} INFO - Started process (PID=6807) to work on /home/airflow/.local/lib/python3.8/site-packages/airflow/example_dags/example_nested_branch_dag.py
[2025-11-02T19:27:35.276+0000] {processor.py:830} INFO - Processing file /home/airflow/.local/lib/python3.8/site-packages/airflow/example_dags/example_nested_branch_dag.py for tasks to queue
[2025-11-02T19:27:35.286+0000] {logging_mixin.py:188} INFO - [2025-11-02T19:27:35.285+0000] {dagbag.py:538} INFO - Filling up the DagBag from /home/airflow/.local/lib/python3.8/site-packages/airflow/example_dags/example_nested_branch_dag.py
[2025-11-02T19:27:35.320+0000] {processor.py:840} INFO - DAG(s) 'example_nested_branch_dag' retrieved from /home/airflow/.local/lib/python3.8/site-packages/airflow/example_dags/example_nested_branch_dag.py
[2025-11-02T19:27:35.382+0000] {logging_mixin.py:188} INFO - [2025-11-02T19:27:35.382+0000] {dag.py:3036} INFO - Sync 1 DAGs
[2025-11-02T19:27:35.446+0000] {logging_mixin.py:188} INFO - [2025-11-02T19:27:35.445+0000] {dag.py:3823} INFO - Setting next_dagrun for example_nested_branch_dag to 2025-11-01 00:00:00+00:00, run_after=2025-11-02 00:00:00+00:00
[2025-11-02T19:27:35.500+0000] {processor.py:183} INFO - Processing /home/airflow/.local/lib/python3.8/site-packages/airflow/example_dags/example_nested_branch_dag.py took 0.243 seconds
[2025-11-02T19:28:06.323+0000] {processor.py:161} INFO - Started process (PID=6862) to work on /home/airflow/.local/lib/python3.8/site-packages/airflow/example_dags/example_nested_branch_dag.py
[2025-11-02T19:28:06.327+0000] {processor.py:830} INFO - Processing file /home/airflow/.local/lib/python3.8/site-packages/airflow/example_dags/example_nested_branch_dag.py for tasks to queue
[2025-11-02T19:28:06.341+0000] {logging_mixin.py:188} INFO - [2025-11-02T19:28:06.337+0000] {dagbag.py:538} INFO - Filling up the DagBag from /home/airflow/.local/lib/python3.8/site-packages/airflow/example_dags/example_nested_branch_dag.py
[2025-11-02T19:28:06.412+0000] {processor.py:840} INFO - DAG(s) 'example_nested_branch_dag' retrieved from /home/airflow/.local/lib/python3.8/site-packages/airflow/example_dags/example_nested_branch_dag.py
[2025-11-02T19:28:06.504+0000] {logging_mixin.py:188} INFO - [2025-11-02T19:28:06.503+0000] {dag.py:3036} INFO - Sync 1 DAGs
[2025-11-02T19:28:06.631+0000] {logging_mixin.py:188} INFO - [2025-11-02T19:28:06.630+0000] {dag.py:3823} INFO - Setting next_dagrun for example_nested_branch_dag to 2025-11-01 00:00:00+00:00, run_after=2025-11-02 00:00:00+00:00
[2025-11-02T19:28:06.743+0000] {processor.py:183} INFO - Processing /home/airflow/.local/lib/python3.8/site-packages/airflow/example_dags/example_nested_branch_dag.py took 0.444 seconds
[2025-11-02T19:28:37.469+0000] {processor.py:161} INFO - Started process (PID=6917) to work on /home/airflow/.local/lib/python3.8/site-packages/airflow/example_dags/example_nested_branch_dag.py
[2025-11-02T19:28:37.472+0000] {processor.py:830} INFO - Processing file /home/airflow/.local/lib/python3.8/site-packages/airflow/example_dags/example_nested_branch_dag.py for tasks to queue
[2025-11-02T19:28:37.478+0000] {logging_mixin.py:188} INFO - [2025-11-02T19:28:37.477+0000] {dagbag.py:538} INFO - Filling up the DagBag from /home/airflow/.local/lib/python3.8/site-packages/airflow/example_dags/example_nested_branch_dag.py
[2025-11-02T19:28:37.514+0000] {processor.py:840} INFO - DAG(s) 'example_nested_branch_dag' retrieved from /home/airflow/.local/lib/python3.8/site-packages/airflow/example_dags/example_nested_branch_dag.py
[2025-11-02T19:28:37.581+0000] {logging_mixin.py:188} INFO - [2025-11-02T19:28:37.581+0000] {dag.py:3036} INFO - Sync 1 DAGs
[2025-11-02T19:28:37.648+0000] {logging_mixin.py:188} INFO - [2025-11-02T19:28:37.647+0000] {dag.py:3823} INFO - Setting next_dagrun for example_nested_branch_dag to 2025-11-01 00:00:00+00:00, run_after=2025-11-02 00:00:00+00:00
[2025-11-02T19:28:37.692+0000] {processor.py:183} INFO - Processing /home/airflow/.local/lib/python3.8/site-packages/airflow/example_dags/example_nested_branch_dag.py took 0.236 seconds
[2025-11-02T19:29:08.286+0000] {processor.py:161} INFO - Started process (PID=6971) to work on /home/airflow/.local/lib/python3.8/site-packages/airflow/example_dags/example_nested_branch_dag.py
[2025-11-02T19:29:08.288+0000] {processor.py:830} INFO - Processing file /home/airflow/.local/lib/python3.8/site-packages/airflow/example_dags/example_nested_branch_dag.py for tasks to queue
[2025-11-02T19:29:08.294+0000] {logging_mixin.py:188} INFO - [2025-11-02T19:29:08.293+0000] {dagbag.py:538} INFO - Filling up the DagBag from /home/airflow/.local/lib/python3.8/site-packages/airflow/example_dags/example_nested_branch_dag.py
[2025-11-02T19:29:08.320+0000] {processor.py:840} INFO - DAG(s) 'example_nested_branch_dag' retrieved from /home/airflow/.local/lib/python3.8/site-packages/airflow/example_dags/example_nested_branch_dag.py
[2025-11-02T19:29:08.382+0000] {logging_mixin.py:188} INFO - [2025-11-02T19:29:08.382+0000] {dag.py:3036} INFO - Sync 1 DAGs
[2025-11-02T19:29:08.438+0000] {logging_mixin.py:188} INFO - [2025-11-02T19:29:08.437+0000] {dag.py:3823} INFO - Setting next_dagrun for example_nested_branch_dag to 2025-11-01 00:00:00+00:00, run_after=2025-11-02 00:00:00+00:00
[2025-11-02T19:29:08.480+0000] {processor.py:183} INFO - Processing /home/airflow/.local/lib/python3.8/site-packages/airflow/example_dags/example_nested_branch_dag.py took 0.204 seconds
[2025-11-02T19:29:38.865+0000] {processor.py:161} INFO - Started process (PID=7027) to work on /home/airflow/.local/lib/python3.8/site-packages/airflow/example_dags/example_nested_branch_dag.py
[2025-11-02T19:29:38.868+0000] {processor.py:830} INFO - Processing file /home/airflow/.local/lib/python3.8/site-packages/airflow/example_dags/example_nested_branch_dag.py for tasks to queue
[2025-11-02T19:29:38.875+0000] {logging_mixin.py:188} INFO - [2025-11-02T19:29:38.874+0000] {dagbag.py:538} INFO - Filling up the DagBag from /home/airflow/.local/lib/python3.8/site-packages/airflow/example_dags/example_nested_branch_dag.py
[2025-11-02T19:29:38.928+0000] {processor.py:840} INFO - DAG(s) 'example_nested_branch_dag' retrieved from /home/airflow/.local/lib/python3.8/site-packages/airflow/example_dags/example_nested_branch_dag.py
[2025-11-02T19:29:39.055+0000] {logging_mixin.py:188} INFO - [2025-11-02T19:29:39.054+0000] {dag.py:3036} INFO - Sync 1 DAGs
[2025-11-02T19:29:39.222+0000] {logging_mixin.py:188} INFO - [2025-11-02T19:29:39.221+0000] {dag.py:3823} INFO - Setting next_dagrun for example_nested_branch_dag to 2025-11-01 00:00:00+00:00, run_after=2025-11-02 00:00:00+00:00
[2025-11-02T19:29:39.318+0000] {processor.py:183} INFO - Processing /home/airflow/.local/lib/python3.8/site-packages/airflow/example_dags/example_nested_branch_dag.py took 0.468 seconds
[2025-11-02T19:30:09.724+0000] {processor.py:161} INFO - Started process (PID=7082) to work on /home/airflow/.local/lib/python3.8/site-packages/airflow/example_dags/example_nested_branch_dag.py
[2025-11-02T19:30:09.729+0000] {processor.py:830} INFO - Processing file /home/airflow/.local/lib/python3.8/site-packages/airflow/example_dags/example_nested_branch_dag.py for tasks to queue
[2025-11-02T19:30:09.736+0000] {logging_mixin.py:188} INFO - [2025-11-02T19:30:09.735+0000] {dagbag.py:538} INFO - Filling up the DagBag from /home/airflow/.local/lib/python3.8/site-packages/airflow/example_dags/example_nested_branch_dag.py
[2025-11-02T19:30:09.786+0000] {processor.py:840} INFO - DAG(s) 'example_nested_branch_dag' retrieved from /home/airflow/.local/lib/python3.8/site-packages/airflow/example_dags/example_nested_branch_dag.py
[2025-11-02T19:30:09.892+0000] {logging_mixin.py:188} INFO - [2025-11-02T19:30:09.891+0000] {dag.py:3036} INFO - Sync 1 DAGs
[2025-11-02T19:30:10.082+0000] {logging_mixin.py:188} INFO - [2025-11-02T19:30:10.081+0000] {dag.py:3823} INFO - Setting next_dagrun for example_nested_branch_dag to 2025-11-01 00:00:00+00:00, run_after=2025-11-02 00:00:00+00:00
[2025-11-02T19:30:10.220+0000] {processor.py:183} INFO - Processing /home/airflow/.local/lib/python3.8/site-packages/airflow/example_dags/example_nested_branch_dag.py took 0.510 seconds
[2025-11-02T19:30:41.035+0000] {processor.py:161} INFO - Started process (PID=7137) to work on /home/airflow/.local/lib/python3.8/site-packages/airflow/example_dags/example_nested_branch_dag.py
[2025-11-02T19:30:41.038+0000] {processor.py:830} INFO - Processing file /home/airflow/.local/lib/python3.8/site-packages/airflow/example_dags/example_nested_branch_dag.py for tasks to queue
[2025-11-02T19:30:41.043+0000] {logging_mixin.py:188} INFO - [2025-11-02T19:30:41.042+0000] {dagbag.py:538} INFO - Filling up the DagBag from /home/airflow/.local/lib/python3.8/site-packages/airflow/example_dags/example_nested_branch_dag.py
[2025-11-02T19:30:41.070+0000] {processor.py:840} INFO - DAG(s) 'example_nested_branch_dag' retrieved from /home/airflow/.local/lib/python3.8/site-packages/airflow/example_dags/example_nested_branch_dag.py
[2025-11-02T19:30:41.163+0000] {logging_mixin.py:188} INFO - [2025-11-02T19:30:41.162+0000] {dag.py:3036} INFO - Sync 1 DAGs
[2025-11-02T19:30:41.219+0000] {logging_mixin.py:188} INFO - [2025-11-02T19:30:41.218+0000] {dag.py:3823} INFO - Setting next_dagrun for example_nested_branch_dag to 2025-11-01 00:00:00+00:00, run_after=2025-11-02 00:00:00+00:00
[2025-11-02T19:30:41.262+0000] {processor.py:183} INFO - Processing /home/airflow/.local/lib/python3.8/site-packages/airflow/example_dags/example_nested_branch_dag.py took 0.238 seconds
[2025-11-02T19:31:11.975+0000] {processor.py:161} INFO - Started process (PID=7192) to work on /home/airflow/.local/lib/python3.8/site-packages/airflow/example_dags/example_nested_branch_dag.py
[2025-11-02T19:31:11.987+0000] {processor.py:830} INFO - Processing file /home/airflow/.local/lib/python3.8/site-packages/airflow/example_dags/example_nested_branch_dag.py for tasks to queue
[2025-11-02T19:31:11.998+0000] {logging_mixin.py:188} INFO - [2025-11-02T19:31:11.997+0000] {dagbag.py:538} INFO - Filling up the DagBag from /home/airflow/.local/lib/python3.8/site-packages/airflow/example_dags/example_nested_branch_dag.py
[2025-11-02T19:31:12.049+0000] {processor.py:840} INFO - DAG(s) 'example_nested_branch_dag' retrieved from /home/airflow/.local/lib/python3.8/site-packages/airflow/example_dags/example_nested_branch_dag.py
[2025-11-02T19:31:12.124+0000] {logging_mixin.py:188} INFO - [2025-11-02T19:31:12.124+0000] {dag.py:3036} INFO - Sync 1 DAGs
[2025-11-02T19:31:12.195+0000] {logging_mixin.py:188} INFO - [2025-11-02T19:31:12.194+0000] {dag.py:3823} INFO - Setting next_dagrun for example_nested_branch_dag to 2025-11-01 00:00:00+00:00, run_after=2025-11-02 00:00:00+00:00
[2025-11-02T19:31:12.243+0000] {processor.py:183} INFO - Processing /home/airflow/.local/lib/python3.8/site-packages/airflow/example_dags/example_nested_branch_dag.py took 0.281 seconds
[2025-11-02T19:31:42.700+0000] {processor.py:161} INFO - Started process (PID=7247) to work on /home/airflow/.local/lib/python3.8/site-packages/airflow/example_dags/example_nested_branch_dag.py
[2025-11-02T19:31:42.703+0000] {processor.py:830} INFO - Processing file /home/airflow/.local/lib/python3.8/site-packages/airflow/example_dags/example_nested_branch_dag.py for tasks to queue
[2025-11-02T19:31:42.708+0000] {logging_mixin.py:188} INFO - [2025-11-02T19:31:42.707+0000] {dagbag.py:538} INFO - Filling up the DagBag from /home/airflow/.local/lib/python3.8/site-packages/airflow/example_dags/example_nested_branch_dag.py
[2025-11-02T19:31:42.733+0000] {processor.py:840} INFO - DAG(s) 'example_nested_branch_dag' retrieved from /home/airflow/.local/lib/python3.8/site-packages/airflow/example_dags/example_nested_branch_dag.py
[2025-11-02T19:31:42.798+0000] {logging_mixin.py:188} INFO - [2025-11-02T19:31:42.798+0000] {dag.py:3036} INFO - Sync 1 DAGs
[2025-11-02T19:31:42.851+0000] {logging_mixin.py:188} INFO - [2025-11-02T19:31:42.850+0000] {dag.py:3823} INFO - Setting next_dagrun for example_nested_branch_dag to 2025-11-01 00:00:00+00:00, run_after=2025-11-02 00:00:00+00:00
[2025-11-02T19:31:42.895+0000] {processor.py:183} INFO - Processing /home/airflow/.local/lib/python3.8/site-packages/airflow/example_dags/example_nested_branch_dag.py took 0.205 seconds
[2025-11-02T19:32:13.570+0000] {processor.py:161} INFO - Started process (PID=7302) to work on /home/airflow/.local/lib/python3.8/site-packages/airflow/example_dags/example_nested_branch_dag.py
[2025-11-02T19:32:13.574+0000] {processor.py:830} INFO - Processing file /home/airflow/.local/lib/python3.8/site-packages/airflow/example_dags/example_nested_branch_dag.py for tasks to queue
[2025-11-02T19:32:13.579+0000] {logging_mixin.py:188} INFO - [2025-11-02T19:32:13.579+0000] {dagbag.py:538} INFO - Filling up the DagBag from /home/airflow/.local/lib/python3.8/site-packages/airflow/example_dags/example_nested_branch_dag.py
[2025-11-02T19:32:13.610+0000] {processor.py:840} INFO - DAG(s) 'example_nested_branch_dag' retrieved from /home/airflow/.local/lib/python3.8/site-packages/airflow/example_dags/example_nested_branch_dag.py
[2025-11-02T19:32:13.668+0000] {logging_mixin.py:188} INFO - [2025-11-02T19:32:13.667+0000] {dag.py:3036} INFO - Sync 1 DAGs
[2025-11-02T19:32:13.721+0000] {logging_mixin.py:188} INFO - [2025-11-02T19:32:13.721+0000] {dag.py:3823} INFO - Setting next_dagrun for example_nested_branch_dag to 2025-11-01 00:00:00+00:00, run_after=2025-11-02 00:00:00+00:00
[2025-11-02T19:32:13.767+0000] {processor.py:183} INFO - Processing /home/airflow/.local/lib/python3.8/site-packages/airflow/example_dags/example_nested_branch_dag.py took 0.206 seconds
[2025-11-02T19:32:44.009+0000] {processor.py:161} INFO - Started process (PID=7357) to work on /home/airflow/.local/lib/python3.8/site-packages/airflow/example_dags/example_nested_branch_dag.py
[2025-11-02T19:32:44.012+0000] {processor.py:830} INFO - Processing file /home/airflow/.local/lib/python3.8/site-packages/airflow/example_dags/example_nested_branch_dag.py for tasks to queue
[2025-11-02T19:32:44.017+0000] {logging_mixin.py:188} INFO - [2025-11-02T19:32:44.016+0000] {dagbag.py:538} INFO - Filling up the DagBag from /home/airflow/.local/lib/python3.8/site-packages/airflow/example_dags/example_nested_branch_dag.py
[2025-11-02T19:32:44.046+0000] {processor.py:840} INFO - DAG(s) 'example_nested_branch_dag' retrieved from /home/airflow/.local/lib/python3.8/site-packages/airflow/example_dags/example_nested_branch_dag.py
[2025-11-02T19:32:44.118+0000] {logging_mixin.py:188} INFO - [2025-11-02T19:32:44.117+0000] {dag.py:3036} INFO - Sync 1 DAGs
[2025-11-02T19:32:44.187+0000] {logging_mixin.py:188} INFO - [2025-11-02T19:32:44.187+0000] {dag.py:3823} INFO - Setting next_dagrun for example_nested_branch_dag to 2025-11-01 00:00:00+00:00, run_after=2025-11-02 00:00:00+00:00
[2025-11-02T19:32:44.243+0000] {processor.py:183} INFO - Processing /home/airflow/.local/lib/python3.8/site-packages/airflow/example_dags/example_nested_branch_dag.py took 0.247 seconds
[2025-11-02T19:33:14.677+0000] {processor.py:161} INFO - Started process (PID=7411) to work on /home/airflow/.local/lib/python3.8/site-packages/airflow/example_dags/example_nested_branch_dag.py
[2025-11-02T19:33:14.680+0000] {processor.py:830} INFO - Processing file /home/airflow/.local/lib/python3.8/site-packages/airflow/example_dags/example_nested_branch_dag.py for tasks to queue
[2025-11-02T19:33:14.685+0000] {logging_mixin.py:188} INFO - [2025-11-02T19:33:14.684+0000] {dagbag.py:538} INFO - Filling up the DagBag from /home/airflow/.local/lib/python3.8/site-packages/airflow/example_dags/example_nested_branch_dag.py
[2025-11-02T19:33:14.711+0000] {processor.py:840} INFO - DAG(s) 'example_nested_branch_dag' retrieved from /home/airflow/.local/lib/python3.8/site-packages/airflow/example_dags/example_nested_branch_dag.py
[2025-11-02T19:33:14.774+0000] {logging_mixin.py:188} INFO - [2025-11-02T19:33:14.774+0000] {dag.py:3036} INFO - Sync 1 DAGs
[2025-11-02T19:33:14.835+0000] {logging_mixin.py:188} INFO - [2025-11-02T19:33:14.834+0000] {dag.py:3823} INFO - Setting next_dagrun for example_nested_branch_dag to 2025-11-01 00:00:00+00:00, run_after=2025-11-02 00:00:00+00:00
[2025-11-02T19:33:14.902+0000] {processor.py:183} INFO - Processing /home/airflow/.local/lib/python3.8/site-packages/airflow/example_dags/example_nested_branch_dag.py took 0.232 seconds
[2025-11-02T19:33:45.181+0000] {processor.py:161} INFO - Started process (PID=7467) to work on /home/airflow/.local/lib/python3.8/site-packages/airflow/example_dags/example_nested_branch_dag.py
[2025-11-02T19:33:45.184+0000] {processor.py:830} INFO - Processing file /home/airflow/.local/lib/python3.8/site-packages/airflow/example_dags/example_nested_branch_dag.py for tasks to queue
[2025-11-02T19:33:45.191+0000] {logging_mixin.py:188} INFO - [2025-11-02T19:33:45.190+0000] {dagbag.py:538} INFO - Filling up the DagBag from /home/airflow/.local/lib/python3.8/site-packages/airflow/example_dags/example_nested_branch_dag.py
[2025-11-02T19:33:45.225+0000] {processor.py:840} INFO - DAG(s) 'example_nested_branch_dag' retrieved from /home/airflow/.local/lib/python3.8/site-packages/airflow/example_dags/example_nested_branch_dag.py
[2025-11-02T19:33:45.304+0000] {logging_mixin.py:188} INFO - [2025-11-02T19:33:45.303+0000] {dag.py:3036} INFO - Sync 1 DAGs
[2025-11-02T19:33:45.377+0000] {logging_mixin.py:188} INFO - [2025-11-02T19:33:45.376+0000] {dag.py:3823} INFO - Setting next_dagrun for example_nested_branch_dag to 2025-11-01 00:00:00+00:00, run_after=2025-11-02 00:00:00+00:00
[2025-11-02T19:33:45.431+0000] {processor.py:183} INFO - Processing /home/airflow/.local/lib/python3.8/site-packages/airflow/example_dags/example_nested_branch_dag.py took 0.263 seconds
[2025-11-02T19:34:16.106+0000] {processor.py:161} INFO - Started process (PID=7521) to work on /home/airflow/.local/lib/python3.8/site-packages/airflow/example_dags/example_nested_branch_dag.py
[2025-11-02T19:34:16.109+0000] {processor.py:830} INFO - Processing file /home/airflow/.local/lib/python3.8/site-packages/airflow/example_dags/example_nested_branch_dag.py for tasks to queue
[2025-11-02T19:34:16.115+0000] {logging_mixin.py:188} INFO - [2025-11-02T19:34:16.114+0000] {dagbag.py:538} INFO - Filling up the DagBag from /home/airflow/.local/lib/python3.8/site-packages/airflow/example_dags/example_nested_branch_dag.py
[2025-11-02T19:34:16.144+0000] {processor.py:840} INFO - DAG(s) 'example_nested_branch_dag' retrieved from /home/airflow/.local/lib/python3.8/site-packages/airflow/example_dags/example_nested_branch_dag.py
[2025-11-02T19:34:16.204+0000] {logging_mixin.py:188} INFO - [2025-11-02T19:34:16.204+0000] {dag.py:3036} INFO - Sync 1 DAGs
[2025-11-02T19:34:16.264+0000] {logging_mixin.py:188} INFO - [2025-11-02T19:34:16.264+0000] {dag.py:3823} INFO - Setting next_dagrun for example_nested_branch_dag to 2025-11-01 00:00:00+00:00, run_after=2025-11-02 00:00:00+00:00
[2025-11-02T19:34:16.308+0000] {processor.py:183} INFO - Processing /home/airflow/.local/lib/python3.8/site-packages/airflow/example_dags/example_nested_branch_dag.py took 0.213 seconds
[2025-11-02T19:34:47.306+0000] {processor.py:161} INFO - Started process (PID=7576) to work on /home/airflow/.local/lib/python3.8/site-packages/airflow/example_dags/example_nested_branch_dag.py
[2025-11-02T19:34:47.311+0000] {processor.py:830} INFO - Processing file /home/airflow/.local/lib/python3.8/site-packages/airflow/example_dags/example_nested_branch_dag.py for tasks to queue
[2025-11-02T19:34:47.320+0000] {logging_mixin.py:188} INFO - [2025-11-02T19:34:47.319+0000] {dagbag.py:538} INFO - Filling up the DagBag from /home/airflow/.local/lib/python3.8/site-packages/airflow/example_dags/example_nested_branch_dag.py
[2025-11-02T19:34:47.355+0000] {processor.py:840} INFO - DAG(s) 'example_nested_branch_dag' retrieved from /home/airflow/.local/lib/python3.8/site-packages/airflow/example_dags/example_nested_branch_dag.py
[2025-11-02T19:34:47.409+0000] {logging_mixin.py:188} INFO - [2025-11-02T19:34:47.409+0000] {dag.py:3036} INFO - Sync 1 DAGs
[2025-11-02T19:34:47.461+0000] {logging_mixin.py:188} INFO - [2025-11-02T19:34:47.461+0000] {dag.py:3823} INFO - Setting next_dagrun for example_nested_branch_dag to 2025-11-01 00:00:00+00:00, run_after=2025-11-02 00:00:00+00:00
[2025-11-02T19:34:47.513+0000] {processor.py:183} INFO - Processing /home/airflow/.local/lib/python3.8/site-packages/airflow/example_dags/example_nested_branch_dag.py took 0.219 seconds
[2025-11-02T19:35:17.774+0000] {processor.py:161} INFO - Started process (PID=7629) to work on /home/airflow/.local/lib/python3.8/site-packages/airflow/example_dags/example_nested_branch_dag.py
[2025-11-02T19:35:17.777+0000] {processor.py:830} INFO - Processing file /home/airflow/.local/lib/python3.8/site-packages/airflow/example_dags/example_nested_branch_dag.py for tasks to queue
[2025-11-02T19:35:17.783+0000] {logging_mixin.py:188} INFO - [2025-11-02T19:35:17.782+0000] {dagbag.py:538} INFO - Filling up the DagBag from /home/airflow/.local/lib/python3.8/site-packages/airflow/example_dags/example_nested_branch_dag.py
[2025-11-02T19:35:17.811+0000] {processor.py:840} INFO - DAG(s) 'example_nested_branch_dag' retrieved from /home/airflow/.local/lib/python3.8/site-packages/airflow/example_dags/example_nested_branch_dag.py
[2025-11-02T19:35:17.869+0000] {logging_mixin.py:188} INFO - [2025-11-02T19:35:17.868+0000] {dag.py:3036} INFO - Sync 1 DAGs
[2025-11-02T19:35:17.924+0000] {logging_mixin.py:188} INFO - [2025-11-02T19:35:17.924+0000] {dag.py:3823} INFO - Setting next_dagrun for example_nested_branch_dag to 2025-11-01 00:00:00+00:00, run_after=2025-11-02 00:00:00+00:00
[2025-11-02T19:35:17.970+0000] {processor.py:183} INFO - Processing /home/airflow/.local/lib/python3.8/site-packages/airflow/example_dags/example_nested_branch_dag.py took 0.204 seconds
[2025-11-02T19:35:48.634+0000] {processor.py:161} INFO - Started process (PID=7684) to work on /home/airflow/.local/lib/python3.8/site-packages/airflow/example_dags/example_nested_branch_dag.py
[2025-11-02T19:35:48.638+0000] {processor.py:830} INFO - Processing file /home/airflow/.local/lib/python3.8/site-packages/airflow/example_dags/example_nested_branch_dag.py for tasks to queue
[2025-11-02T19:35:48.644+0000] {logging_mixin.py:188} INFO - [2025-11-02T19:35:48.643+0000] {dagbag.py:538} INFO - Filling up the DagBag from /home/airflow/.local/lib/python3.8/site-packages/airflow/example_dags/example_nested_branch_dag.py
[2025-11-02T19:35:48.671+0000] {processor.py:840} INFO - DAG(s) 'example_nested_branch_dag' retrieved from /home/airflow/.local/lib/python3.8/site-packages/airflow/example_dags/example_nested_branch_dag.py
[2025-11-02T19:35:48.731+0000] {logging_mixin.py:188} INFO - [2025-11-02T19:35:48.730+0000] {dag.py:3036} INFO - Sync 1 DAGs
[2025-11-02T19:35:48.798+0000] {logging_mixin.py:188} INFO - [2025-11-02T19:35:48.797+0000] {dag.py:3823} INFO - Setting next_dagrun for example_nested_branch_dag to 2025-11-01 00:00:00+00:00, run_after=2025-11-02 00:00:00+00:00
[2025-11-02T19:35:48.857+0000] {processor.py:183} INFO - Processing /home/airflow/.local/lib/python3.8/site-packages/airflow/example_dags/example_nested_branch_dag.py took 0.232 seconds
[2025-11-02T19:36:19.219+0000] {processor.py:161} INFO - Started process (PID=7738) to work on /home/airflow/.local/lib/python3.8/site-packages/airflow/example_dags/example_nested_branch_dag.py
[2025-11-02T19:36:19.223+0000] {processor.py:830} INFO - Processing file /home/airflow/.local/lib/python3.8/site-packages/airflow/example_dags/example_nested_branch_dag.py for tasks to queue
[2025-11-02T19:36:19.240+0000] {logging_mixin.py:188} INFO - [2025-11-02T19:36:19.239+0000] {dagbag.py:538} INFO - Filling up the DagBag from /home/airflow/.local/lib/python3.8/site-packages/airflow/example_dags/example_nested_branch_dag.py
[2025-11-02T19:36:19.331+0000] {processor.py:840} INFO - DAG(s) 'example_nested_branch_dag' retrieved from /home/airflow/.local/lib/python3.8/site-packages/airflow/example_dags/example_nested_branch_dag.py
[2025-11-02T19:36:19.490+0000] {logging_mixin.py:188} INFO - [2025-11-02T19:36:19.489+0000] {dag.py:3036} INFO - Sync 1 DAGs
[2025-11-02T19:36:19.744+0000] {logging_mixin.py:188} INFO - [2025-11-02T19:36:19.709+0000] {dag.py:3823} INFO - Setting next_dagrun for example_nested_branch_dag to 2025-11-01 00:00:00+00:00, run_after=2025-11-02 00:00:00+00:00
[2025-11-02T19:36:19.945+0000] {processor.py:183} INFO - Processing /home/airflow/.local/lib/python3.8/site-packages/airflow/example_dags/example_nested_branch_dag.py took 0.744 seconds
[2025-11-02T19:36:53.742+0000] {processor.py:161} INFO - Started process (PID=7793) to work on /home/airflow/.local/lib/python3.8/site-packages/airflow/example_dags/example_nested_branch_dag.py
[2025-11-02T19:36:53.747+0000] {processor.py:830} INFO - Processing file /home/airflow/.local/lib/python3.8/site-packages/airflow/example_dags/example_nested_branch_dag.py for tasks to queue
[2025-11-02T19:36:53.764+0000] {logging_mixin.py:188} INFO - [2025-11-02T19:36:53.763+0000] {dagbag.py:538} INFO - Filling up the DagBag from /home/airflow/.local/lib/python3.8/site-packages/airflow/example_dags/example_nested_branch_dag.py
[2025-11-02T19:36:53.908+0000] {processor.py:840} INFO - DAG(s) 'example_nested_branch_dag' retrieved from /home/airflow/.local/lib/python3.8/site-packages/airflow/example_dags/example_nested_branch_dag.py
[2025-11-02T19:36:54.088+0000] {logging_mixin.py:188} INFO - [2025-11-02T19:36:54.088+0000] {dag.py:3036} INFO - Sync 1 DAGs
[2025-11-02T19:36:54.224+0000] {logging_mixin.py:188} INFO - [2025-11-02T19:36:54.222+0000] {dag.py:3823} INFO - Setting next_dagrun for example_nested_branch_dag to 2025-11-01 00:00:00+00:00, run_after=2025-11-02 00:00:00+00:00
[2025-11-02T19:36:54.332+0000] {processor.py:183} INFO - Processing /home/airflow/.local/lib/python3.8/site-packages/airflow/example_dags/example_nested_branch_dag.py took 0.607 seconds
[2025-11-02T19:37:24.790+0000] {processor.py:161} INFO - Started process (PID=7848) to work on /home/airflow/.local/lib/python3.8/site-packages/airflow/example_dags/example_nested_branch_dag.py
[2025-11-02T19:37:24.794+0000] {processor.py:830} INFO - Processing file /home/airflow/.local/lib/python3.8/site-packages/airflow/example_dags/example_nested_branch_dag.py for tasks to queue
[2025-11-02T19:37:24.799+0000] {logging_mixin.py:188} INFO - [2025-11-02T19:37:24.798+0000] {dagbag.py:538} INFO - Filling up the DagBag from /home/airflow/.local/lib/python3.8/site-packages/airflow/example_dags/example_nested_branch_dag.py
[2025-11-02T19:37:24.822+0000] {processor.py:840} INFO - DAG(s) 'example_nested_branch_dag' retrieved from /home/airflow/.local/lib/python3.8/site-packages/airflow/example_dags/example_nested_branch_dag.py
[2025-11-02T19:37:24.886+0000] {logging_mixin.py:188} INFO - [2025-11-02T19:37:24.885+0000] {dag.py:3036} INFO - Sync 1 DAGs
[2025-11-02T19:37:24.953+0000] {logging_mixin.py:188} INFO - [2025-11-02T19:37:24.953+0000] {dag.py:3823} INFO - Setting next_dagrun for example_nested_branch_dag to 2025-11-01 00:00:00+00:00, run_after=2025-11-02 00:00:00+00:00
[2025-11-02T19:37:25.003+0000] {processor.py:183} INFO - Processing /home/airflow/.local/lib/python3.8/site-packages/airflow/example_dags/example_nested_branch_dag.py took 0.226 seconds
[2025-11-02T19:37:55.428+0000] {processor.py:161} INFO - Started process (PID=7903) to work on /home/airflow/.local/lib/python3.8/site-packages/airflow/example_dags/example_nested_branch_dag.py
[2025-11-02T19:37:55.431+0000] {processor.py:830} INFO - Processing file /home/airflow/.local/lib/python3.8/site-packages/airflow/example_dags/example_nested_branch_dag.py for tasks to queue
[2025-11-02T19:37:55.438+0000] {logging_mixin.py:188} INFO - [2025-11-02T19:37:55.437+0000] {dagbag.py:538} INFO - Filling up the DagBag from /home/airflow/.local/lib/python3.8/site-packages/airflow/example_dags/example_nested_branch_dag.py
[2025-11-02T19:37:55.468+0000] {processor.py:840} INFO - DAG(s) 'example_nested_branch_dag' retrieved from /home/airflow/.local/lib/python3.8/site-packages/airflow/example_dags/example_nested_branch_dag.py
[2025-11-02T19:37:55.528+0000] {logging_mixin.py:188} INFO - [2025-11-02T19:37:55.528+0000] {dag.py:3036} INFO - Sync 1 DAGs
[2025-11-02T19:37:55.579+0000] {logging_mixin.py:188} INFO - [2025-11-02T19:37:55.579+0000] {dag.py:3823} INFO - Setting next_dagrun for example_nested_branch_dag to 2025-11-01 00:00:00+00:00, run_after=2025-11-02 00:00:00+00:00
[2025-11-02T19:37:55.627+0000] {processor.py:183} INFO - Processing /home/airflow/.local/lib/python3.8/site-packages/airflow/example_dags/example_nested_branch_dag.py took 0.207 seconds
[2025-11-02T19:38:26.558+0000] {processor.py:161} INFO - Started process (PID=7958) to work on /home/airflow/.local/lib/python3.8/site-packages/airflow/example_dags/example_nested_branch_dag.py
[2025-11-02T19:38:26.562+0000] {processor.py:830} INFO - Processing file /home/airflow/.local/lib/python3.8/site-packages/airflow/example_dags/example_nested_branch_dag.py for tasks to queue
[2025-11-02T19:38:26.570+0000] {logging_mixin.py:188} INFO - [2025-11-02T19:38:26.569+0000] {dagbag.py:538} INFO - Filling up the DagBag from /home/airflow/.local/lib/python3.8/site-packages/airflow/example_dags/example_nested_branch_dag.py
[2025-11-02T19:38:26.608+0000] {processor.py:840} INFO - DAG(s) 'example_nested_branch_dag' retrieved from /home/airflow/.local/lib/python3.8/site-packages/airflow/example_dags/example_nested_branch_dag.py
[2025-11-02T19:38:26.684+0000] {logging_mixin.py:188} INFO - [2025-11-02T19:38:26.684+0000] {dag.py:3036} INFO - Sync 1 DAGs
[2025-11-02T19:38:26.781+0000] {logging_mixin.py:188} INFO - [2025-11-02T19:38:26.780+0000] {dag.py:3823} INFO - Setting next_dagrun for example_nested_branch_dag to 2025-11-01 00:00:00+00:00, run_after=2025-11-02 00:00:00+00:00
[2025-11-02T19:38:26.882+0000] {processor.py:183} INFO - Processing /home/airflow/.local/lib/python3.8/site-packages/airflow/example_dags/example_nested_branch_dag.py took 0.336 seconds
[2025-11-02T19:38:57.746+0000] {processor.py:161} INFO - Started process (PID=8014) to work on /home/airflow/.local/lib/python3.8/site-packages/airflow/example_dags/example_nested_branch_dag.py
[2025-11-02T19:38:57.749+0000] {processor.py:830} INFO - Processing file /home/airflow/.local/lib/python3.8/site-packages/airflow/example_dags/example_nested_branch_dag.py for tasks to queue
[2025-11-02T19:38:57.755+0000] {logging_mixin.py:188} INFO - [2025-11-02T19:38:57.755+0000] {dagbag.py:538} INFO - Filling up the DagBag from /home/airflow/.local/lib/python3.8/site-packages/airflow/example_dags/example_nested_branch_dag.py
[2025-11-02T19:38:57.789+0000] {processor.py:840} INFO - DAG(s) 'example_nested_branch_dag' retrieved from /home/airflow/.local/lib/python3.8/site-packages/airflow/example_dags/example_nested_branch_dag.py
[2025-11-02T19:38:57.859+0000] {logging_mixin.py:188} INFO - [2025-11-02T19:38:57.858+0000] {dag.py:3036} INFO - Sync 1 DAGs
[2025-11-02T19:38:57.923+0000] {logging_mixin.py:188} INFO - [2025-11-02T19:38:57.922+0000] {dag.py:3823} INFO - Setting next_dagrun for example_nested_branch_dag to 2025-11-01 00:00:00+00:00, run_after=2025-11-02 00:00:00+00:00
[2025-11-02T19:38:57.988+0000] {processor.py:183} INFO - Processing /home/airflow/.local/lib/python3.8/site-packages/airflow/example_dags/example_nested_branch_dag.py took 0.251 seconds
[2025-11-02T19:39:28.429+0000] {processor.py:161} INFO - Started process (PID=8069) to work on /home/airflow/.local/lib/python3.8/site-packages/airflow/example_dags/example_nested_branch_dag.py
[2025-11-02T19:39:28.432+0000] {processor.py:830} INFO - Processing file /home/airflow/.local/lib/python3.8/site-packages/airflow/example_dags/example_nested_branch_dag.py for tasks to queue
[2025-11-02T19:39:28.437+0000] {logging_mixin.py:188} INFO - [2025-11-02T19:39:28.436+0000] {dagbag.py:538} INFO - Filling up the DagBag from /home/airflow/.local/lib/python3.8/site-packages/airflow/example_dags/example_nested_branch_dag.py
[2025-11-02T19:39:28.464+0000] {processor.py:840} INFO - DAG(s) 'example_nested_branch_dag' retrieved from /home/airflow/.local/lib/python3.8/site-packages/airflow/example_dags/example_nested_branch_dag.py
[2025-11-02T19:39:28.580+0000] {logging_mixin.py:188} INFO - [2025-11-02T19:39:28.579+0000] {dag.py:3036} INFO - Sync 1 DAGs
[2025-11-02T19:39:28.641+0000] {logging_mixin.py:188} INFO - [2025-11-02T19:39:28.640+0000] {dag.py:3823} INFO - Setting next_dagrun for example_nested_branch_dag to 2025-11-01 00:00:00+00:00, run_after=2025-11-02 00:00:00+00:00
[2025-11-02T19:39:28.702+0000] {processor.py:183} INFO - Processing /home/airflow/.local/lib/python3.8/site-packages/airflow/example_dags/example_nested_branch_dag.py took 0.287 seconds
[2025-11-02T19:39:59.038+0000] {processor.py:161} INFO - Started process (PID=8124) to work on /home/airflow/.local/lib/python3.8/site-packages/airflow/example_dags/example_nested_branch_dag.py
[2025-11-02T19:39:59.041+0000] {processor.py:830} INFO - Processing file /home/airflow/.local/lib/python3.8/site-packages/airflow/example_dags/example_nested_branch_dag.py for tasks to queue
[2025-11-02T19:39:59.048+0000] {logging_mixin.py:188} INFO - [2025-11-02T19:39:59.047+0000] {dagbag.py:538} INFO - Filling up the DagBag from /home/airflow/.local/lib/python3.8/site-packages/airflow/example_dags/example_nested_branch_dag.py
[2025-11-02T19:39:59.081+0000] {processor.py:840} INFO - DAG(s) 'example_nested_branch_dag' retrieved from /home/airflow/.local/lib/python3.8/site-packages/airflow/example_dags/example_nested_branch_dag.py
[2025-11-02T19:39:59.160+0000] {logging_mixin.py:188} INFO - [2025-11-02T19:39:59.159+0000] {dag.py:3036} INFO - Sync 1 DAGs
[2025-11-02T19:39:59.223+0000] {logging_mixin.py:188} INFO - [2025-11-02T19:39:59.222+0000] {dag.py:3823} INFO - Setting next_dagrun for example_nested_branch_dag to 2025-11-01 00:00:00+00:00, run_after=2025-11-02 00:00:00+00:00
[2025-11-02T19:39:59.269+0000] {processor.py:183} INFO - Processing /home/airflow/.local/lib/python3.8/site-packages/airflow/example_dags/example_nested_branch_dag.py took 0.242 seconds
[2025-11-02T19:40:29.693+0000] {processor.py:161} INFO - Started process (PID=8179) to work on /home/airflow/.local/lib/python3.8/site-packages/airflow/example_dags/example_nested_branch_dag.py
[2025-11-02T19:40:29.696+0000] {processor.py:830} INFO - Processing file /home/airflow/.local/lib/python3.8/site-packages/airflow/example_dags/example_nested_branch_dag.py for tasks to queue
[2025-11-02T19:40:29.701+0000] {logging_mixin.py:188} INFO - [2025-11-02T19:40:29.700+0000] {dagbag.py:538} INFO - Filling up the DagBag from /home/airflow/.local/lib/python3.8/site-packages/airflow/example_dags/example_nested_branch_dag.py
[2025-11-02T19:40:29.731+0000] {processor.py:840} INFO - DAG(s) 'example_nested_branch_dag' retrieved from /home/airflow/.local/lib/python3.8/site-packages/airflow/example_dags/example_nested_branch_dag.py
[2025-11-02T19:40:29.795+0000] {logging_mixin.py:188} INFO - [2025-11-02T19:40:29.794+0000] {dag.py:3036} INFO - Sync 1 DAGs
[2025-11-02T19:40:29.898+0000] {logging_mixin.py:188} INFO - [2025-11-02T19:40:29.897+0000] {dag.py:3823} INFO - Setting next_dagrun for example_nested_branch_dag to 2025-11-01 00:00:00+00:00, run_after=2025-11-02 00:00:00+00:00
[2025-11-02T19:40:29.961+0000] {processor.py:183} INFO - Processing /home/airflow/.local/lib/python3.8/site-packages/airflow/example_dags/example_nested_branch_dag.py took 0.281 seconds
[2025-11-02T19:41:00.517+0000] {processor.py:161} INFO - Started process (PID=8234) to work on /home/airflow/.local/lib/python3.8/site-packages/airflow/example_dags/example_nested_branch_dag.py
[2025-11-02T19:41:00.521+0000] {processor.py:830} INFO - Processing file /home/airflow/.local/lib/python3.8/site-packages/airflow/example_dags/example_nested_branch_dag.py for tasks to queue
[2025-11-02T19:41:00.528+0000] {logging_mixin.py:188} INFO - [2025-11-02T19:41:00.527+0000] {dagbag.py:538} INFO - Filling up the DagBag from /home/airflow/.local/lib/python3.8/site-packages/airflow/example_dags/example_nested_branch_dag.py
[2025-11-02T19:41:00.566+0000] {processor.py:840} INFO - DAG(s) 'example_nested_branch_dag' retrieved from /home/airflow/.local/lib/python3.8/site-packages/airflow/example_dags/example_nested_branch_dag.py
[2025-11-02T19:41:00.653+0000] {logging_mixin.py:188} INFO - [2025-11-02T19:41:00.652+0000] {dag.py:3036} INFO - Sync 1 DAGs
[2025-11-02T19:41:00.785+0000] {logging_mixin.py:188} INFO - [2025-11-02T19:41:00.784+0000] {dag.py:3823} INFO - Setting next_dagrun for example_nested_branch_dag to 2025-11-01 00:00:00+00:00, run_after=2025-11-02 00:00:00+00:00
[2025-11-02T19:41:00.931+0000] {processor.py:183} INFO - Processing /home/airflow/.local/lib/python3.8/site-packages/airflow/example_dags/example_nested_branch_dag.py took 0.428 seconds
[2025-11-02T19:41:31.207+0000] {processor.py:161} INFO - Started process (PID=8289) to work on /home/airflow/.local/lib/python3.8/site-packages/airflow/example_dags/example_nested_branch_dag.py
[2025-11-02T19:41:31.212+0000] {processor.py:830} INFO - Processing file /home/airflow/.local/lib/python3.8/site-packages/airflow/example_dags/example_nested_branch_dag.py for tasks to queue
[2025-11-02T19:41:31.217+0000] {logging_mixin.py:188} INFO - [2025-11-02T19:41:31.216+0000] {dagbag.py:538} INFO - Filling up the DagBag from /home/airflow/.local/lib/python3.8/site-packages/airflow/example_dags/example_nested_branch_dag.py
[2025-11-02T19:41:31.246+0000] {processor.py:840} INFO - DAG(s) 'example_nested_branch_dag' retrieved from /home/airflow/.local/lib/python3.8/site-packages/airflow/example_dags/example_nested_branch_dag.py
[2025-11-02T19:41:31.310+0000] {logging_mixin.py:188} INFO - [2025-11-02T19:41:31.309+0000] {dag.py:3036} INFO - Sync 1 DAGs
[2025-11-02T19:41:31.370+0000] {logging_mixin.py:188} INFO - [2025-11-02T19:41:31.369+0000] {dag.py:3823} INFO - Setting next_dagrun for example_nested_branch_dag to 2025-11-01 00:00:00+00:00, run_after=2025-11-02 00:00:00+00:00
[2025-11-02T19:41:31.416+0000] {processor.py:183} INFO - Processing /home/airflow/.local/lib/python3.8/site-packages/airflow/example_dags/example_nested_branch_dag.py took 0.220 seconds
[2025-11-02T19:42:01.833+0000] {processor.py:161} INFO - Started process (PID=8343) to work on /home/airflow/.local/lib/python3.8/site-packages/airflow/example_dags/example_nested_branch_dag.py
[2025-11-02T19:42:01.836+0000] {processor.py:830} INFO - Processing file /home/airflow/.local/lib/python3.8/site-packages/airflow/example_dags/example_nested_branch_dag.py for tasks to queue
[2025-11-02T19:42:01.841+0000] {logging_mixin.py:188} INFO - [2025-11-02T19:42:01.840+0000] {dagbag.py:538} INFO - Filling up the DagBag from /home/airflow/.local/lib/python3.8/site-packages/airflow/example_dags/example_nested_branch_dag.py
[2025-11-02T19:42:01.879+0000] {processor.py:840} INFO - DAG(s) 'example_nested_branch_dag' retrieved from /home/airflow/.local/lib/python3.8/site-packages/airflow/example_dags/example_nested_branch_dag.py
[2025-11-02T19:42:01.950+0000] {logging_mixin.py:188} INFO - [2025-11-02T19:42:01.949+0000] {dag.py:3036} INFO - Sync 1 DAGs
[2025-11-02T19:42:02.023+0000] {logging_mixin.py:188} INFO - [2025-11-02T19:42:02.022+0000] {dag.py:3823} INFO - Setting next_dagrun for example_nested_branch_dag to 2025-11-01 00:00:00+00:00, run_after=2025-11-02 00:00:00+00:00
[2025-11-02T19:42:02.094+0000] {processor.py:183} INFO - Processing /home/airflow/.local/lib/python3.8/site-packages/airflow/example_dags/example_nested_branch_dag.py took 0.270 seconds
[2025-11-02T19:42:33.001+0000] {processor.py:161} INFO - Started process (PID=8398) to work on /home/airflow/.local/lib/python3.8/site-packages/airflow/example_dags/example_nested_branch_dag.py
[2025-11-02T19:42:33.005+0000] {processor.py:830} INFO - Processing file /home/airflow/.local/lib/python3.8/site-packages/airflow/example_dags/example_nested_branch_dag.py for tasks to queue
[2025-11-02T19:42:33.012+0000] {logging_mixin.py:188} INFO - [2025-11-02T19:42:33.011+0000] {dagbag.py:538} INFO - Filling up the DagBag from /home/airflow/.local/lib/python3.8/site-packages/airflow/example_dags/example_nested_branch_dag.py
[2025-11-02T19:42:33.041+0000] {processor.py:840} INFO - DAG(s) 'example_nested_branch_dag' retrieved from /home/airflow/.local/lib/python3.8/site-packages/airflow/example_dags/example_nested_branch_dag.py
[2025-11-02T19:42:33.104+0000] {logging_mixin.py:188} INFO - [2025-11-02T19:42:33.103+0000] {dag.py:3036} INFO - Sync 1 DAGs
[2025-11-02T19:42:33.155+0000] {logging_mixin.py:188} INFO - [2025-11-02T19:42:33.154+0000] {dag.py:3823} INFO - Setting next_dagrun for example_nested_branch_dag to 2025-11-01 00:00:00+00:00, run_after=2025-11-02 00:00:00+00:00
[2025-11-02T19:42:33.201+0000] {processor.py:183} INFO - Processing /home/airflow/.local/lib/python3.8/site-packages/airflow/example_dags/example_nested_branch_dag.py took 0.213 seconds
