[2025-11-02T18:24:29.656+0000] {processor.py:161} INFO - Started process (PID=87) to work on /home/airflow/.local/lib/python3.8/site-packages/airflow/example_dags/example_subdag_operator.py
[2025-11-02T18:24:29.661+0000] {processor.py:830} INFO - Processing file /home/airflow/.local/lib/python3.8/site-packages/airflow/example_dags/example_subdag_operator.py for tasks to queue
[2025-11-02T18:24:29.668+0000] {logging_mixin.py:188} INFO - [2025-11-02T18:24:29.667+0000] {dagbag.py:538} INFO - Filling up the DagBag from /home/airflow/.local/lib/python3.8/site-packages/airflow/example_dags/example_subdag_operator.py
[2025-11-02T18:24:29.822+0000] {processor.py:840} INFO - DAG(s) 'example_subdag_operator.section-1', 'example_subdag_operator.section-2', 'example_subdag_operator' retrieved from /home/airflow/.local/lib/python3.8/site-packages/airflow/example_dags/example_subdag_operator.py
[2025-11-02T18:24:30.289+0000] {logging_mixin.py:188} INFO - [2025-11-02T18:24:30.288+0000] {dag.py:3036} INFO - Sync 3 DAGs
[2025-11-02T18:24:30.351+0000] {logging_mixin.py:188} INFO - [2025-11-02T18:24:30.350+0000] {dag.py:3823} INFO - Setting next_dagrun for example_subdag_operator to 2022-01-01 00:00:00+00:00, run_after=2022-01-01 00:00:00+00:00
[2025-11-02T18:24:30.361+0000] {logging_mixin.py:188} INFO - [2025-11-02T18:24:30.360+0000] {dag.py:3823} INFO - Setting next_dagrun for example_subdag_operator.section-1 to None, run_after=None
[2025-11-02T18:24:30.365+0000] {logging_mixin.py:188} INFO - [2025-11-02T18:24:30.364+0000] {dag.py:3823} INFO - Setting next_dagrun for example_subdag_operator.section-2 to None, run_after=None
[2025-11-02T18:24:30.392+0000] {logging_mixin.py:188} INFO - [2025-11-02T18:24:30.391+0000] {dag.py:3036} INFO - Sync 2 DAGs
[2025-11-02T18:24:30.408+0000] {logging_mixin.py:188} INFO - [2025-11-02T18:24:30.407+0000] {dag.py:3823} INFO - Setting next_dagrun for example_subdag_operator.section-1 to None, run_after=None
[2025-11-02T18:24:30.409+0000] {logging_mixin.py:188} INFO - [2025-11-02T18:24:30.409+0000] {dag.py:3823} INFO - Setting next_dagrun for example_subdag_operator.section-2 to None, run_after=None
[2025-11-02T18:24:30.445+0000] {processor.py:183} INFO - Processing /home/airflow/.local/lib/python3.8/site-packages/airflow/example_dags/example_subdag_operator.py took 0.802 seconds
[2025-11-02T18:25:08.709+0000] {processor.py:161} INFO - Started process (PID=148) to work on /home/airflow/.local/lib/python3.8/site-packages/airflow/example_dags/example_subdag_operator.py
[2025-11-02T18:25:08.712+0000] {processor.py:830} INFO - Processing file /home/airflow/.local/lib/python3.8/site-packages/airflow/example_dags/example_subdag_operator.py for tasks to queue
[2025-11-02T18:25:08.719+0000] {logging_mixin.py:188} INFO - [2025-11-02T18:25:08.717+0000] {dagbag.py:538} INFO - Filling up the DagBag from /home/airflow/.local/lib/python3.8/site-packages/airflow/example_dags/example_subdag_operator.py
[2025-11-02T18:25:08.794+0000] {processor.py:840} INFO - DAG(s) 'example_subdag_operator.section-1', 'example_subdag_operator.section-2', 'example_subdag_operator' retrieved from /home/airflow/.local/lib/python3.8/site-packages/airflow/example_dags/example_subdag_operator.py
[2025-11-02T18:25:08.848+0000] {logging_mixin.py:188} INFO - [2025-11-02T18:25:08.847+0000] {dag.py:3036} INFO - Sync 3 DAGs
[2025-11-02T18:25:08.917+0000] {logging_mixin.py:188} INFO - [2025-11-02T18:25:08.916+0000] {dag.py:3823} INFO - Setting next_dagrun for example_subdag_operator to 2022-01-01 00:00:00+00:00, run_after=2022-01-01 00:00:00+00:00
[2025-11-02T18:25:08.930+0000] {logging_mixin.py:188} INFO - [2025-11-02T18:25:08.929+0000] {dag.py:3823} INFO - Setting next_dagrun for example_subdag_operator.section-1 to None, run_after=None
[2025-11-02T18:25:08.935+0000] {logging_mixin.py:188} INFO - [2025-11-02T18:25:08.934+0000] {dag.py:3823} INFO - Setting next_dagrun for example_subdag_operator.section-2 to None, run_after=None
[2025-11-02T18:25:08.955+0000] {logging_mixin.py:188} INFO - [2025-11-02T18:25:08.954+0000] {dag.py:3036} INFO - Sync 2 DAGs
[2025-11-02T18:25:08.972+0000] {logging_mixin.py:188} INFO - [2025-11-02T18:25:08.971+0000] {dag.py:3823} INFO - Setting next_dagrun for example_subdag_operator.section-1 to None, run_after=None
[2025-11-02T18:25:08.974+0000] {logging_mixin.py:188} INFO - [2025-11-02T18:25:08.973+0000] {dag.py:3823} INFO - Setting next_dagrun for example_subdag_operator.section-2 to None, run_after=None
[2025-11-02T18:25:09.004+0000] {processor.py:183} INFO - Processing /home/airflow/.local/lib/python3.8/site-packages/airflow/example_dags/example_subdag_operator.py took 0.308 seconds
[2025-11-02T18:25:40.164+0000] {processor.py:161} INFO - Started process (PID=203) to work on /home/airflow/.local/lib/python3.8/site-packages/airflow/example_dags/example_subdag_operator.py
[2025-11-02T18:25:40.167+0000] {processor.py:830} INFO - Processing file /home/airflow/.local/lib/python3.8/site-packages/airflow/example_dags/example_subdag_operator.py for tasks to queue
[2025-11-02T18:25:40.172+0000] {logging_mixin.py:188} INFO - [2025-11-02T18:25:40.172+0000] {dagbag.py:538} INFO - Filling up the DagBag from /home/airflow/.local/lib/python3.8/site-packages/airflow/example_dags/example_subdag_operator.py
[2025-11-02T18:25:40.239+0000] {processor.py:840} INFO - DAG(s) 'example_subdag_operator.section-1', 'example_subdag_operator.section-2', 'example_subdag_operator' retrieved from /home/airflow/.local/lib/python3.8/site-packages/airflow/example_dags/example_subdag_operator.py
[2025-11-02T18:25:40.307+0000] {logging_mixin.py:188} INFO - [2025-11-02T18:25:40.307+0000] {dag.py:3036} INFO - Sync 3 DAGs
[2025-11-02T18:25:40.368+0000] {logging_mixin.py:188} INFO - [2025-11-02T18:25:40.367+0000] {dag.py:3823} INFO - Setting next_dagrun for example_subdag_operator to 2022-01-01 00:00:00+00:00, run_after=2022-01-01 00:00:00+00:00
[2025-11-02T18:25:40.379+0000] {logging_mixin.py:188} INFO - [2025-11-02T18:25:40.379+0000] {dag.py:3823} INFO - Setting next_dagrun for example_subdag_operator.section-1 to None, run_after=None
[2025-11-02T18:25:40.387+0000] {logging_mixin.py:188} INFO - [2025-11-02T18:25:40.387+0000] {dag.py:3823} INFO - Setting next_dagrun for example_subdag_operator.section-2 to None, run_after=None
[2025-11-02T18:25:40.406+0000] {logging_mixin.py:188} INFO - [2025-11-02T18:25:40.406+0000] {dag.py:3036} INFO - Sync 2 DAGs
[2025-11-02T18:25:40.426+0000] {logging_mixin.py:188} INFO - [2025-11-02T18:25:40.425+0000] {dag.py:3823} INFO - Setting next_dagrun for example_subdag_operator.section-1 to None, run_after=None
[2025-11-02T18:25:40.429+0000] {logging_mixin.py:188} INFO - [2025-11-02T18:25:40.428+0000] {dag.py:3823} INFO - Setting next_dagrun for example_subdag_operator.section-2 to None, run_after=None
[2025-11-02T18:25:40.462+0000] {processor.py:183} INFO - Processing /home/airflow/.local/lib/python3.8/site-packages/airflow/example_dags/example_subdag_operator.py took 0.310 seconds
[2025-11-02T18:26:12.833+0000] {processor.py:161} INFO - Started process (PID=258) to work on /home/airflow/.local/lib/python3.8/site-packages/airflow/example_dags/example_subdag_operator.py
[2025-11-02T18:26:12.836+0000] {processor.py:830} INFO - Processing file /home/airflow/.local/lib/python3.8/site-packages/airflow/example_dags/example_subdag_operator.py for tasks to queue
[2025-11-02T18:26:12.843+0000] {logging_mixin.py:188} INFO - [2025-11-02T18:26:12.842+0000] {dagbag.py:538} INFO - Filling up the DagBag from /home/airflow/.local/lib/python3.8/site-packages/airflow/example_dags/example_subdag_operator.py
[2025-11-02T18:26:12.950+0000] {processor.py:840} INFO - DAG(s) 'example_subdag_operator.section-1', 'example_subdag_operator.section-2', 'example_subdag_operator' retrieved from /home/airflow/.local/lib/python3.8/site-packages/airflow/example_dags/example_subdag_operator.py
[2025-11-02T18:26:13.011+0000] {logging_mixin.py:188} INFO - [2025-11-02T18:26:13.011+0000] {dag.py:3036} INFO - Sync 3 DAGs
[2025-11-02T18:26:13.114+0000] {logging_mixin.py:188} INFO - [2025-11-02T18:26:13.113+0000] {dag.py:3823} INFO - Setting next_dagrun for example_subdag_operator to 2022-01-01 00:00:00+00:00, run_after=2022-01-01 00:00:00+00:00
[2025-11-02T18:26:13.178+0000] {logging_mixin.py:188} INFO - [2025-11-02T18:26:13.177+0000] {dag.py:3823} INFO - Setting next_dagrun for example_subdag_operator.section-1 to None, run_after=None
[2025-11-02T18:26:13.192+0000] {logging_mixin.py:188} INFO - [2025-11-02T18:26:13.191+0000] {dag.py:3823} INFO - Setting next_dagrun for example_subdag_operator.section-2 to None, run_after=None
[2025-11-02T18:26:13.299+0000] {logging_mixin.py:188} INFO - [2025-11-02T18:26:13.298+0000] {dag.py:3036} INFO - Sync 2 DAGs
[2025-11-02T18:26:13.384+0000] {logging_mixin.py:188} INFO - [2025-11-02T18:26:13.383+0000] {dag.py:3823} INFO - Setting next_dagrun for example_subdag_operator.section-1 to None, run_after=None
[2025-11-02T18:26:13.394+0000] {logging_mixin.py:188} INFO - [2025-11-02T18:26:13.392+0000] {dag.py:3823} INFO - Setting next_dagrun for example_subdag_operator.section-2 to None, run_after=None
[2025-11-02T18:26:13.465+0000] {processor.py:183} INFO - Processing /home/airflow/.local/lib/python3.8/site-packages/airflow/example_dags/example_subdag_operator.py took 0.643 seconds
[2025-11-02T18:26:43.690+0000] {processor.py:161} INFO - Started process (PID=313) to work on /home/airflow/.local/lib/python3.8/site-packages/airflow/example_dags/example_subdag_operator.py
[2025-11-02T18:26:43.693+0000] {processor.py:830} INFO - Processing file /home/airflow/.local/lib/python3.8/site-packages/airflow/example_dags/example_subdag_operator.py for tasks to queue
[2025-11-02T18:26:43.704+0000] {logging_mixin.py:188} INFO - [2025-11-02T18:26:43.698+0000] {dagbag.py:538} INFO - Filling up the DagBag from /home/airflow/.local/lib/python3.8/site-packages/airflow/example_dags/example_subdag_operator.py
[2025-11-02T18:26:43.772+0000] {processor.py:840} INFO - DAG(s) 'example_subdag_operator.section-1', 'example_subdag_operator.section-2', 'example_subdag_operator' retrieved from /home/airflow/.local/lib/python3.8/site-packages/airflow/example_dags/example_subdag_operator.py
[2025-11-02T18:26:43.816+0000] {logging_mixin.py:188} INFO - [2025-11-02T18:26:43.816+0000] {dag.py:3036} INFO - Sync 3 DAGs
[2025-11-02T18:26:43.876+0000] {logging_mixin.py:188} INFO - [2025-11-02T18:26:43.876+0000] {dag.py:3823} INFO - Setting next_dagrun for example_subdag_operator to 2022-01-01 00:00:00+00:00, run_after=2022-01-01 00:00:00+00:00
[2025-11-02T18:26:43.890+0000] {logging_mixin.py:188} INFO - [2025-11-02T18:26:43.889+0000] {dag.py:3823} INFO - Setting next_dagrun for example_subdag_operator.section-1 to None, run_after=None
[2025-11-02T18:26:43.895+0000] {logging_mixin.py:188} INFO - [2025-11-02T18:26:43.895+0000] {dag.py:3823} INFO - Setting next_dagrun for example_subdag_operator.section-2 to None, run_after=None
[2025-11-02T18:26:43.921+0000] {logging_mixin.py:188} INFO - [2025-11-02T18:26:43.921+0000] {dag.py:3036} INFO - Sync 2 DAGs
[2025-11-02T18:26:43.943+0000] {logging_mixin.py:188} INFO - [2025-11-02T18:26:43.941+0000] {dag.py:3823} INFO - Setting next_dagrun for example_subdag_operator.section-1 to None, run_after=None
[2025-11-02T18:26:43.945+0000] {logging_mixin.py:188} INFO - [2025-11-02T18:26:43.944+0000] {dag.py:3823} INFO - Setting next_dagrun for example_subdag_operator.section-2 to None, run_after=None
[2025-11-02T18:26:43.985+0000] {processor.py:183} INFO - Processing /home/airflow/.local/lib/python3.8/site-packages/airflow/example_dags/example_subdag_operator.py took 0.310 seconds
[2025-11-02T18:27:14.448+0000] {processor.py:161} INFO - Started process (PID=366) to work on /home/airflow/.local/lib/python3.8/site-packages/airflow/example_dags/example_subdag_operator.py
[2025-11-02T18:27:14.452+0000] {processor.py:830} INFO - Processing file /home/airflow/.local/lib/python3.8/site-packages/airflow/example_dags/example_subdag_operator.py for tasks to queue
[2025-11-02T18:27:14.458+0000] {logging_mixin.py:188} INFO - [2025-11-02T18:27:14.457+0000] {dagbag.py:538} INFO - Filling up the DagBag from /home/airflow/.local/lib/python3.8/site-packages/airflow/example_dags/example_subdag_operator.py
[2025-11-02T18:27:14.528+0000] {processor.py:840} INFO - DAG(s) 'example_subdag_operator.section-1', 'example_subdag_operator.section-2', 'example_subdag_operator' retrieved from /home/airflow/.local/lib/python3.8/site-packages/airflow/example_dags/example_subdag_operator.py
[2025-11-02T18:27:14.571+0000] {logging_mixin.py:188} INFO - [2025-11-02T18:27:14.570+0000] {dag.py:3036} INFO - Sync 3 DAGs
[2025-11-02T18:27:14.626+0000] {logging_mixin.py:188} INFO - [2025-11-02T18:27:14.625+0000] {dag.py:3823} INFO - Setting next_dagrun for example_subdag_operator to 2022-01-01 00:00:00+00:00, run_after=2022-01-01 00:00:00+00:00
[2025-11-02T18:27:14.634+0000] {logging_mixin.py:188} INFO - [2025-11-02T18:27:14.634+0000] {dag.py:3823} INFO - Setting next_dagrun for example_subdag_operator.section-1 to None, run_after=None
[2025-11-02T18:27:14.638+0000] {logging_mixin.py:188} INFO - [2025-11-02T18:27:14.637+0000] {dag.py:3823} INFO - Setting next_dagrun for example_subdag_operator.section-2 to None, run_after=None
[2025-11-02T18:27:14.657+0000] {logging_mixin.py:188} INFO - [2025-11-02T18:27:14.657+0000] {dag.py:3036} INFO - Sync 2 DAGs
[2025-11-02T18:27:14.673+0000] {logging_mixin.py:188} INFO - [2025-11-02T18:27:14.673+0000] {dag.py:3823} INFO - Setting next_dagrun for example_subdag_operator.section-1 to None, run_after=None
[2025-11-02T18:27:14.678+0000] {logging_mixin.py:188} INFO - [2025-11-02T18:27:14.678+0000] {dag.py:3823} INFO - Setting next_dagrun for example_subdag_operator.section-2 to None, run_after=None
[2025-11-02T18:27:14.710+0000] {processor.py:183} INFO - Processing /home/airflow/.local/lib/python3.8/site-packages/airflow/example_dags/example_subdag_operator.py took 0.270 seconds
[2025-11-02T18:27:44.924+0000] {processor.py:161} INFO - Started process (PID=421) to work on /home/airflow/.local/lib/python3.8/site-packages/airflow/example_dags/example_subdag_operator.py
[2025-11-02T18:27:44.930+0000] {processor.py:830} INFO - Processing file /home/airflow/.local/lib/python3.8/site-packages/airflow/example_dags/example_subdag_operator.py for tasks to queue
[2025-11-02T18:27:44.937+0000] {logging_mixin.py:188} INFO - [2025-11-02T18:27:44.936+0000] {dagbag.py:538} INFO - Filling up the DagBag from /home/airflow/.local/lib/python3.8/site-packages/airflow/example_dags/example_subdag_operator.py
[2025-11-02T18:27:45.008+0000] {processor.py:840} INFO - DAG(s) 'example_subdag_operator.section-1', 'example_subdag_operator.section-2', 'example_subdag_operator' retrieved from /home/airflow/.local/lib/python3.8/site-packages/airflow/example_dags/example_subdag_operator.py
[2025-11-02T18:27:45.052+0000] {logging_mixin.py:188} INFO - [2025-11-02T18:27:45.052+0000] {dag.py:3036} INFO - Sync 3 DAGs
[2025-11-02T18:27:45.105+0000] {logging_mixin.py:188} INFO - [2025-11-02T18:27:45.105+0000] {dag.py:3823} INFO - Setting next_dagrun for example_subdag_operator to 2022-01-01 00:00:00+00:00, run_after=2022-01-01 00:00:00+00:00
[2025-11-02T18:27:45.113+0000] {logging_mixin.py:188} INFO - [2025-11-02T18:27:45.113+0000] {dag.py:3823} INFO - Setting next_dagrun for example_subdag_operator.section-1 to None, run_after=None
[2025-11-02T18:27:45.125+0000] {logging_mixin.py:188} INFO - [2025-11-02T18:27:45.124+0000] {dag.py:3823} INFO - Setting next_dagrun for example_subdag_operator.section-2 to None, run_after=None
[2025-11-02T18:27:45.142+0000] {logging_mixin.py:188} INFO - [2025-11-02T18:27:45.141+0000] {dag.py:3036} INFO - Sync 2 DAGs
[2025-11-02T18:27:45.154+0000] {logging_mixin.py:188} INFO - [2025-11-02T18:27:45.154+0000] {dag.py:3823} INFO - Setting next_dagrun for example_subdag_operator.section-1 to None, run_after=None
[2025-11-02T18:27:45.156+0000] {logging_mixin.py:188} INFO - [2025-11-02T18:27:45.155+0000] {dag.py:3823} INFO - Setting next_dagrun for example_subdag_operator.section-2 to None, run_after=None
[2025-11-02T18:27:45.186+0000] {processor.py:183} INFO - Processing /home/airflow/.local/lib/python3.8/site-packages/airflow/example_dags/example_subdag_operator.py took 0.272 seconds
[2025-11-02T18:28:15.700+0000] {processor.py:161} INFO - Started process (PID=476) to work on /home/airflow/.local/lib/python3.8/site-packages/airflow/example_dags/example_subdag_operator.py
[2025-11-02T18:28:15.703+0000] {processor.py:830} INFO - Processing file /home/airflow/.local/lib/python3.8/site-packages/airflow/example_dags/example_subdag_operator.py for tasks to queue
[2025-11-02T18:28:15.708+0000] {logging_mixin.py:188} INFO - [2025-11-02T18:28:15.707+0000] {dagbag.py:538} INFO - Filling up the DagBag from /home/airflow/.local/lib/python3.8/site-packages/airflow/example_dags/example_subdag_operator.py
[2025-11-02T18:28:15.766+0000] {processor.py:840} INFO - DAG(s) 'example_subdag_operator.section-1', 'example_subdag_operator.section-2', 'example_subdag_operator' retrieved from /home/airflow/.local/lib/python3.8/site-packages/airflow/example_dags/example_subdag_operator.py
[2025-11-02T18:28:15.799+0000] {logging_mixin.py:188} INFO - [2025-11-02T18:28:15.798+0000] {dag.py:3036} INFO - Sync 3 DAGs
[2025-11-02T18:28:15.886+0000] {logging_mixin.py:188} INFO - [2025-11-02T18:28:15.885+0000] {dag.py:3823} INFO - Setting next_dagrun for example_subdag_operator to 2022-01-01 00:00:00+00:00, run_after=2022-01-01 00:00:00+00:00
[2025-11-02T18:28:15.897+0000] {logging_mixin.py:188} INFO - [2025-11-02T18:28:15.897+0000] {dag.py:3823} INFO - Setting next_dagrun for example_subdag_operator.section-1 to None, run_after=None
[2025-11-02T18:28:15.902+0000] {logging_mixin.py:188} INFO - [2025-11-02T18:28:15.902+0000] {dag.py:3823} INFO - Setting next_dagrun for example_subdag_operator.section-2 to None, run_after=None
[2025-11-02T18:28:15.930+0000] {logging_mixin.py:188} INFO - [2025-11-02T18:28:15.928+0000] {dag.py:3036} INFO - Sync 2 DAGs
[2025-11-02T18:28:15.961+0000] {logging_mixin.py:188} INFO - [2025-11-02T18:28:15.960+0000] {dag.py:3823} INFO - Setting next_dagrun for example_subdag_operator.section-1 to None, run_after=None
[2025-11-02T18:28:15.964+0000] {logging_mixin.py:188} INFO - [2025-11-02T18:28:15.963+0000] {dag.py:3823} INFO - Setting next_dagrun for example_subdag_operator.section-2 to None, run_after=None
[2025-11-02T18:28:16.006+0000] {processor.py:183} INFO - Processing /home/airflow/.local/lib/python3.8/site-packages/airflow/example_dags/example_subdag_operator.py took 0.314 seconds
[2025-11-02T18:28:46.564+0000] {processor.py:161} INFO - Started process (PID=532) to work on /home/airflow/.local/lib/python3.8/site-packages/airflow/example_dags/example_subdag_operator.py
[2025-11-02T18:28:46.580+0000] {processor.py:830} INFO - Processing file /home/airflow/.local/lib/python3.8/site-packages/airflow/example_dags/example_subdag_operator.py for tasks to queue
[2025-11-02T18:28:46.598+0000] {logging_mixin.py:188} INFO - [2025-11-02T18:28:46.587+0000] {dagbag.py:538} INFO - Filling up the DagBag from /home/airflow/.local/lib/python3.8/site-packages/airflow/example_dags/example_subdag_operator.py
[2025-11-02T18:28:46.765+0000] {processor.py:840} INFO - DAG(s) 'example_subdag_operator.section-1', 'example_subdag_operator.section-2', 'example_subdag_operator' retrieved from /home/airflow/.local/lib/python3.8/site-packages/airflow/example_dags/example_subdag_operator.py
[2025-11-02T18:28:46.832+0000] {logging_mixin.py:188} INFO - [2025-11-02T18:28:46.832+0000] {dag.py:3036} INFO - Sync 3 DAGs
[2025-11-02T18:28:46.920+0000] {logging_mixin.py:188} INFO - [2025-11-02T18:28:46.920+0000] {dag.py:3823} INFO - Setting next_dagrun for example_subdag_operator to 2022-01-01 00:00:00+00:00, run_after=2022-01-01 00:00:00+00:00
[2025-11-02T18:28:46.935+0000] {logging_mixin.py:188} INFO - [2025-11-02T18:28:46.934+0000] {dag.py:3823} INFO - Setting next_dagrun for example_subdag_operator.section-1 to None, run_after=None
[2025-11-02T18:28:46.942+0000] {logging_mixin.py:188} INFO - [2025-11-02T18:28:46.940+0000] {dag.py:3823} INFO - Setting next_dagrun for example_subdag_operator.section-2 to None, run_after=None
[2025-11-02T18:28:46.969+0000] {logging_mixin.py:188} INFO - [2025-11-02T18:28:46.969+0000] {dag.py:3036} INFO - Sync 2 DAGs
[2025-11-02T18:28:46.990+0000] {logging_mixin.py:188} INFO - [2025-11-02T18:28:46.989+0000] {dag.py:3823} INFO - Setting next_dagrun for example_subdag_operator.section-1 to None, run_after=None
[2025-11-02T18:28:47.000+0000] {logging_mixin.py:188} INFO - [2025-11-02T18:28:46.995+0000] {dag.py:3823} INFO - Setting next_dagrun for example_subdag_operator.section-2 to None, run_after=None
[2025-11-02T18:28:47.052+0000] {processor.py:183} INFO - Processing /home/airflow/.local/lib/python3.8/site-packages/airflow/example_dags/example_subdag_operator.py took 0.515 seconds
[2025-11-02T18:29:17.268+0000] {processor.py:161} INFO - Started process (PID=587) to work on /home/airflow/.local/lib/python3.8/site-packages/airflow/example_dags/example_subdag_operator.py
[2025-11-02T18:29:17.272+0000] {processor.py:830} INFO - Processing file /home/airflow/.local/lib/python3.8/site-packages/airflow/example_dags/example_subdag_operator.py for tasks to queue
[2025-11-02T18:29:17.278+0000] {logging_mixin.py:188} INFO - [2025-11-02T18:29:17.277+0000] {dagbag.py:538} INFO - Filling up the DagBag from /home/airflow/.local/lib/python3.8/site-packages/airflow/example_dags/example_subdag_operator.py
[2025-11-02T18:29:17.352+0000] {processor.py:840} INFO - DAG(s) 'example_subdag_operator.section-1', 'example_subdag_operator.section-2', 'example_subdag_operator' retrieved from /home/airflow/.local/lib/python3.8/site-packages/airflow/example_dags/example_subdag_operator.py
[2025-11-02T18:29:17.398+0000] {logging_mixin.py:188} INFO - [2025-11-02T18:29:17.397+0000] {dag.py:3036} INFO - Sync 3 DAGs
[2025-11-02T18:29:17.461+0000] {logging_mixin.py:188} INFO - [2025-11-02T18:29:17.460+0000] {dag.py:3823} INFO - Setting next_dagrun for example_subdag_operator to 2022-01-01 00:00:00+00:00, run_after=2022-01-01 00:00:00+00:00
[2025-11-02T18:29:17.473+0000] {logging_mixin.py:188} INFO - [2025-11-02T18:29:17.472+0000] {dag.py:3823} INFO - Setting next_dagrun for example_subdag_operator.section-1 to None, run_after=None
[2025-11-02T18:29:17.478+0000] {logging_mixin.py:188} INFO - [2025-11-02T18:29:17.477+0000] {dag.py:3823} INFO - Setting next_dagrun for example_subdag_operator.section-2 to None, run_after=None
[2025-11-02T18:29:17.497+0000] {logging_mixin.py:188} INFO - [2025-11-02T18:29:17.497+0000] {dag.py:3036} INFO - Sync 2 DAGs
[2025-11-02T18:29:17.513+0000] {logging_mixin.py:188} INFO - [2025-11-02T18:29:17.512+0000] {dag.py:3823} INFO - Setting next_dagrun for example_subdag_operator.section-1 to None, run_after=None
[2025-11-02T18:29:17.514+0000] {logging_mixin.py:188} INFO - [2025-11-02T18:29:17.514+0000] {dag.py:3823} INFO - Setting next_dagrun for example_subdag_operator.section-2 to None, run_after=None
[2025-11-02T18:29:17.549+0000] {processor.py:183} INFO - Processing /home/airflow/.local/lib/python3.8/site-packages/airflow/example_dags/example_subdag_operator.py took 0.295 seconds
[2025-11-02T18:29:47.958+0000] {processor.py:161} INFO - Started process (PID=642) to work on /home/airflow/.local/lib/python3.8/site-packages/airflow/example_dags/example_subdag_operator.py
[2025-11-02T18:29:47.961+0000] {processor.py:830} INFO - Processing file /home/airflow/.local/lib/python3.8/site-packages/airflow/example_dags/example_subdag_operator.py for tasks to queue
[2025-11-02T18:29:47.967+0000] {logging_mixin.py:188} INFO - [2025-11-02T18:29:47.966+0000] {dagbag.py:538} INFO - Filling up the DagBag from /home/airflow/.local/lib/python3.8/site-packages/airflow/example_dags/example_subdag_operator.py
[2025-11-02T18:29:48.034+0000] {processor.py:840} INFO - DAG(s) 'example_subdag_operator.section-1', 'example_subdag_operator.section-2', 'example_subdag_operator' retrieved from /home/airflow/.local/lib/python3.8/site-packages/airflow/example_dags/example_subdag_operator.py
[2025-11-02T18:29:48.077+0000] {logging_mixin.py:188} INFO - [2025-11-02T18:29:48.077+0000] {dag.py:3036} INFO - Sync 3 DAGs
[2025-11-02T18:29:48.135+0000] {logging_mixin.py:188} INFO - [2025-11-02T18:29:48.134+0000] {dag.py:3823} INFO - Setting next_dagrun for example_subdag_operator to 2022-01-01 00:00:00+00:00, run_after=2022-01-01 00:00:00+00:00
[2025-11-02T18:29:48.144+0000] {logging_mixin.py:188} INFO - [2025-11-02T18:29:48.143+0000] {dag.py:3823} INFO - Setting next_dagrun for example_subdag_operator.section-1 to None, run_after=None
[2025-11-02T18:29:48.148+0000] {logging_mixin.py:188} INFO - [2025-11-02T18:29:48.147+0000] {dag.py:3823} INFO - Setting next_dagrun for example_subdag_operator.section-2 to None, run_after=None
[2025-11-02T18:29:48.166+0000] {logging_mixin.py:188} INFO - [2025-11-02T18:29:48.166+0000] {dag.py:3036} INFO - Sync 2 DAGs
[2025-11-02T18:29:48.184+0000] {logging_mixin.py:188} INFO - [2025-11-02T18:29:48.184+0000] {dag.py:3823} INFO - Setting next_dagrun for example_subdag_operator.section-1 to None, run_after=None
[2025-11-02T18:29:48.185+0000] {logging_mixin.py:188} INFO - [2025-11-02T18:29:48.185+0000] {dag.py:3823} INFO - Setting next_dagrun for example_subdag_operator.section-2 to None, run_after=None
[2025-11-02T18:29:48.214+0000] {processor.py:183} INFO - Processing /home/airflow/.local/lib/python3.8/site-packages/airflow/example_dags/example_subdag_operator.py took 0.265 seconds
[2025-11-02T18:30:18.378+0000] {processor.py:161} INFO - Started process (PID=697) to work on /home/airflow/.local/lib/python3.8/site-packages/airflow/example_dags/example_subdag_operator.py
[2025-11-02T18:30:18.382+0000] {processor.py:830} INFO - Processing file /home/airflow/.local/lib/python3.8/site-packages/airflow/example_dags/example_subdag_operator.py for tasks to queue
[2025-11-02T18:30:18.390+0000] {logging_mixin.py:188} INFO - [2025-11-02T18:30:18.389+0000] {dagbag.py:538} INFO - Filling up the DagBag from /home/airflow/.local/lib/python3.8/site-packages/airflow/example_dags/example_subdag_operator.py
[2025-11-02T18:30:18.458+0000] {processor.py:840} INFO - DAG(s) 'example_subdag_operator.section-1', 'example_subdag_operator.section-2', 'example_subdag_operator' retrieved from /home/airflow/.local/lib/python3.8/site-packages/airflow/example_dags/example_subdag_operator.py
[2025-11-02T18:30:18.498+0000] {logging_mixin.py:188} INFO - [2025-11-02T18:30:18.498+0000] {dag.py:3036} INFO - Sync 3 DAGs
[2025-11-02T18:30:18.543+0000] {logging_mixin.py:188} INFO - [2025-11-02T18:30:18.543+0000] {dag.py:3823} INFO - Setting next_dagrun for example_subdag_operator to 2022-01-01 00:00:00+00:00, run_after=2022-01-01 00:00:00+00:00
[2025-11-02T18:30:18.551+0000] {logging_mixin.py:188} INFO - [2025-11-02T18:30:18.550+0000] {dag.py:3823} INFO - Setting next_dagrun for example_subdag_operator.section-1 to None, run_after=None
[2025-11-02T18:30:18.554+0000] {logging_mixin.py:188} INFO - [2025-11-02T18:30:18.554+0000] {dag.py:3823} INFO - Setting next_dagrun for example_subdag_operator.section-2 to None, run_after=None
[2025-11-02T18:30:18.573+0000] {logging_mixin.py:188} INFO - [2025-11-02T18:30:18.572+0000] {dag.py:3036} INFO - Sync 2 DAGs
[2025-11-02T18:30:18.586+0000] {logging_mixin.py:188} INFO - [2025-11-02T18:30:18.585+0000] {dag.py:3823} INFO - Setting next_dagrun for example_subdag_operator.section-1 to None, run_after=None
[2025-11-02T18:30:18.588+0000] {logging_mixin.py:188} INFO - [2025-11-02T18:30:18.588+0000] {dag.py:3823} INFO - Setting next_dagrun for example_subdag_operator.section-2 to None, run_after=None
[2025-11-02T18:30:18.624+0000] {processor.py:183} INFO - Processing /home/airflow/.local/lib/python3.8/site-packages/airflow/example_dags/example_subdag_operator.py took 0.256 seconds
[2025-11-02T18:30:48.882+0000] {processor.py:161} INFO - Started process (PID=752) to work on /home/airflow/.local/lib/python3.8/site-packages/airflow/example_dags/example_subdag_operator.py
[2025-11-02T18:30:48.887+0000] {processor.py:830} INFO - Processing file /home/airflow/.local/lib/python3.8/site-packages/airflow/example_dags/example_subdag_operator.py for tasks to queue
[2025-11-02T18:30:48.904+0000] {logging_mixin.py:188} INFO - [2025-11-02T18:30:48.903+0000] {dagbag.py:538} INFO - Filling up the DagBag from /home/airflow/.local/lib/python3.8/site-packages/airflow/example_dags/example_subdag_operator.py
[2025-11-02T18:30:48.986+0000] {processor.py:840} INFO - DAG(s) 'example_subdag_operator.section-1', 'example_subdag_operator.section-2', 'example_subdag_operator' retrieved from /home/airflow/.local/lib/python3.8/site-packages/airflow/example_dags/example_subdag_operator.py
[2025-11-02T18:30:49.025+0000] {logging_mixin.py:188} INFO - [2025-11-02T18:30:49.025+0000] {dag.py:3036} INFO - Sync 3 DAGs
[2025-11-02T18:30:49.102+0000] {logging_mixin.py:188} INFO - [2025-11-02T18:30:49.101+0000] {dag.py:3823} INFO - Setting next_dagrun for example_subdag_operator to 2022-01-01 00:00:00+00:00, run_after=2022-01-01 00:00:00+00:00
[2025-11-02T18:30:49.111+0000] {logging_mixin.py:188} INFO - [2025-11-02T18:30:49.110+0000] {dag.py:3823} INFO - Setting next_dagrun for example_subdag_operator.section-1 to None, run_after=None
[2025-11-02T18:30:49.114+0000] {logging_mixin.py:188} INFO - [2025-11-02T18:30:49.114+0000] {dag.py:3823} INFO - Setting next_dagrun for example_subdag_operator.section-2 to None, run_after=None
[2025-11-02T18:30:49.134+0000] {logging_mixin.py:188} INFO - [2025-11-02T18:30:49.133+0000] {dag.py:3036} INFO - Sync 2 DAGs
[2025-11-02T18:30:49.146+0000] {logging_mixin.py:188} INFO - [2025-11-02T18:30:49.145+0000] {dag.py:3823} INFO - Setting next_dagrun for example_subdag_operator.section-1 to None, run_after=None
[2025-11-02T18:30:49.147+0000] {logging_mixin.py:188} INFO - [2025-11-02T18:30:49.147+0000] {dag.py:3823} INFO - Setting next_dagrun for example_subdag_operator.section-2 to None, run_after=None
[2025-11-02T18:30:49.176+0000] {processor.py:183} INFO - Processing /home/airflow/.local/lib/python3.8/site-packages/airflow/example_dags/example_subdag_operator.py took 0.308 seconds
[2025-11-02T18:31:19.566+0000] {processor.py:161} INFO - Started process (PID=807) to work on /home/airflow/.local/lib/python3.8/site-packages/airflow/example_dags/example_subdag_operator.py
[2025-11-02T18:31:19.569+0000] {processor.py:830} INFO - Processing file /home/airflow/.local/lib/python3.8/site-packages/airflow/example_dags/example_subdag_operator.py for tasks to queue
[2025-11-02T18:31:19.580+0000] {logging_mixin.py:188} INFO - [2025-11-02T18:31:19.579+0000] {dagbag.py:538} INFO - Filling up the DagBag from /home/airflow/.local/lib/python3.8/site-packages/airflow/example_dags/example_subdag_operator.py
[2025-11-02T18:31:19.734+0000] {processor.py:840} INFO - DAG(s) 'example_subdag_operator.section-1', 'example_subdag_operator.section-2', 'example_subdag_operator' retrieved from /home/airflow/.local/lib/python3.8/site-packages/airflow/example_dags/example_subdag_operator.py
[2025-11-02T18:31:19.795+0000] {logging_mixin.py:188} INFO - [2025-11-02T18:31:19.795+0000] {dag.py:3036} INFO - Sync 3 DAGs
[2025-11-02T18:31:19.872+0000] {logging_mixin.py:188} INFO - [2025-11-02T18:31:19.871+0000] {dag.py:3823} INFO - Setting next_dagrun for example_subdag_operator to 2022-01-01 00:00:00+00:00, run_after=2022-01-01 00:00:00+00:00
[2025-11-02T18:31:19.886+0000] {logging_mixin.py:188} INFO - [2025-11-02T18:31:19.885+0000] {dag.py:3823} INFO - Setting next_dagrun for example_subdag_operator.section-1 to None, run_after=None
[2025-11-02T18:31:19.891+0000] {logging_mixin.py:188} INFO - [2025-11-02T18:31:19.890+0000] {dag.py:3823} INFO - Setting next_dagrun for example_subdag_operator.section-2 to None, run_after=None
[2025-11-02T18:31:19.916+0000] {logging_mixin.py:188} INFO - [2025-11-02T18:31:19.915+0000] {dag.py:3036} INFO - Sync 2 DAGs
[2025-11-02T18:31:19.943+0000] {logging_mixin.py:188} INFO - [2025-11-02T18:31:19.942+0000] {dag.py:3823} INFO - Setting next_dagrun for example_subdag_operator.section-1 to None, run_after=None
[2025-11-02T18:31:19.948+0000] {logging_mixin.py:188} INFO - [2025-11-02T18:31:19.947+0000] {dag.py:3823} INFO - Setting next_dagrun for example_subdag_operator.section-2 to None, run_after=None
[2025-11-02T18:31:20.001+0000] {processor.py:183} INFO - Processing /home/airflow/.local/lib/python3.8/site-packages/airflow/example_dags/example_subdag_operator.py took 0.443 seconds
[2025-11-02T18:31:50.433+0000] {processor.py:161} INFO - Started process (PID=862) to work on /home/airflow/.local/lib/python3.8/site-packages/airflow/example_dags/example_subdag_operator.py
[2025-11-02T18:31:50.437+0000] {processor.py:830} INFO - Processing file /home/airflow/.local/lib/python3.8/site-packages/airflow/example_dags/example_subdag_operator.py for tasks to queue
[2025-11-02T18:31:50.444+0000] {logging_mixin.py:188} INFO - [2025-11-02T18:31:50.443+0000] {dagbag.py:538} INFO - Filling up the DagBag from /home/airflow/.local/lib/python3.8/site-packages/airflow/example_dags/example_subdag_operator.py
[2025-11-02T18:31:50.519+0000] {processor.py:840} INFO - DAG(s) 'example_subdag_operator.section-1', 'example_subdag_operator.section-2', 'example_subdag_operator' retrieved from /home/airflow/.local/lib/python3.8/site-packages/airflow/example_dags/example_subdag_operator.py
[2025-11-02T18:31:50.561+0000] {logging_mixin.py:188} INFO - [2025-11-02T18:31:50.561+0000] {dag.py:3036} INFO - Sync 3 DAGs
[2025-11-02T18:31:50.625+0000] {logging_mixin.py:188} INFO - [2025-11-02T18:31:50.624+0000] {dag.py:3823} INFO - Setting next_dagrun for example_subdag_operator to 2022-01-01 00:00:00+00:00, run_after=2022-01-01 00:00:00+00:00
[2025-11-02T18:31:50.637+0000] {logging_mixin.py:188} INFO - [2025-11-02T18:31:50.637+0000] {dag.py:3823} INFO - Setting next_dagrun for example_subdag_operator.section-1 to None, run_after=None
[2025-11-02T18:31:50.642+0000] {logging_mixin.py:188} INFO - [2025-11-02T18:31:50.641+0000] {dag.py:3823} INFO - Setting next_dagrun for example_subdag_operator.section-2 to None, run_after=None
[2025-11-02T18:31:50.668+0000] {logging_mixin.py:188} INFO - [2025-11-02T18:31:50.666+0000] {dag.py:3036} INFO - Sync 2 DAGs
[2025-11-02T18:31:50.686+0000] {logging_mixin.py:188} INFO - [2025-11-02T18:31:50.685+0000] {dag.py:3823} INFO - Setting next_dagrun for example_subdag_operator.section-1 to None, run_after=None
[2025-11-02T18:31:50.688+0000] {logging_mixin.py:188} INFO - [2025-11-02T18:31:50.687+0000] {dag.py:3823} INFO - Setting next_dagrun for example_subdag_operator.section-2 to None, run_after=None
[2025-11-02T18:31:50.724+0000] {processor.py:183} INFO - Processing /home/airflow/.local/lib/python3.8/site-packages/airflow/example_dags/example_subdag_operator.py took 0.302 seconds
[2025-11-02T18:32:21.395+0000] {processor.py:161} INFO - Started process (PID=916) to work on /home/airflow/.local/lib/python3.8/site-packages/airflow/example_dags/example_subdag_operator.py
[2025-11-02T18:32:21.399+0000] {processor.py:830} INFO - Processing file /home/airflow/.local/lib/python3.8/site-packages/airflow/example_dags/example_subdag_operator.py for tasks to queue
[2025-11-02T18:32:21.405+0000] {logging_mixin.py:188} INFO - [2025-11-02T18:32:21.404+0000] {dagbag.py:538} INFO - Filling up the DagBag from /home/airflow/.local/lib/python3.8/site-packages/airflow/example_dags/example_subdag_operator.py
[2025-11-02T18:32:21.475+0000] {processor.py:840} INFO - DAG(s) 'example_subdag_operator.section-1', 'example_subdag_operator.section-2', 'example_subdag_operator' retrieved from /home/airflow/.local/lib/python3.8/site-packages/airflow/example_dags/example_subdag_operator.py
[2025-11-02T18:32:21.544+0000] {logging_mixin.py:188} INFO - [2025-11-02T18:32:21.544+0000] {dag.py:3036} INFO - Sync 3 DAGs
[2025-11-02T18:32:21.611+0000] {logging_mixin.py:188} INFO - [2025-11-02T18:32:21.611+0000] {dag.py:3823} INFO - Setting next_dagrun for example_subdag_operator to 2022-01-01 00:00:00+00:00, run_after=2022-01-01 00:00:00+00:00
[2025-11-02T18:32:21.622+0000] {logging_mixin.py:188} INFO - [2025-11-02T18:32:21.621+0000] {dag.py:3823} INFO - Setting next_dagrun for example_subdag_operator.section-1 to None, run_after=None
[2025-11-02T18:32:21.626+0000] {logging_mixin.py:188} INFO - [2025-11-02T18:32:21.626+0000] {dag.py:3823} INFO - Setting next_dagrun for example_subdag_operator.section-2 to None, run_after=None
[2025-11-02T18:32:21.648+0000] {logging_mixin.py:188} INFO - [2025-11-02T18:32:21.647+0000] {dag.py:3036} INFO - Sync 2 DAGs
[2025-11-02T18:32:21.663+0000] {logging_mixin.py:188} INFO - [2025-11-02T18:32:21.662+0000] {dag.py:3823} INFO - Setting next_dagrun for example_subdag_operator.section-1 to None, run_after=None
[2025-11-02T18:32:21.665+0000] {logging_mixin.py:188} INFO - [2025-11-02T18:32:21.664+0000] {dag.py:3823} INFO - Setting next_dagrun for example_subdag_operator.section-2 to None, run_after=None
[2025-11-02T18:32:21.712+0000] {processor.py:183} INFO - Processing /home/airflow/.local/lib/python3.8/site-packages/airflow/example_dags/example_subdag_operator.py took 0.331 seconds
[2025-11-02T18:32:51.912+0000] {processor.py:161} INFO - Started process (PID=971) to work on /home/airflow/.local/lib/python3.8/site-packages/airflow/example_dags/example_subdag_operator.py
[2025-11-02T18:32:51.914+0000] {processor.py:830} INFO - Processing file /home/airflow/.local/lib/python3.8/site-packages/airflow/example_dags/example_subdag_operator.py for tasks to queue
[2025-11-02T18:32:51.922+0000] {logging_mixin.py:188} INFO - [2025-11-02T18:32:51.921+0000] {dagbag.py:538} INFO - Filling up the DagBag from /home/airflow/.local/lib/python3.8/site-packages/airflow/example_dags/example_subdag_operator.py
[2025-11-02T18:32:51.978+0000] {processor.py:840} INFO - DAG(s) 'example_subdag_operator.section-1', 'example_subdag_operator.section-2', 'example_subdag_operator' retrieved from /home/airflow/.local/lib/python3.8/site-packages/airflow/example_dags/example_subdag_operator.py
[2025-11-02T18:32:52.010+0000] {logging_mixin.py:188} INFO - [2025-11-02T18:32:52.009+0000] {dag.py:3036} INFO - Sync 3 DAGs
[2025-11-02T18:32:52.056+0000] {logging_mixin.py:188} INFO - [2025-11-02T18:32:52.056+0000] {dag.py:3823} INFO - Setting next_dagrun for example_subdag_operator to 2022-01-01 00:00:00+00:00, run_after=2022-01-01 00:00:00+00:00
[2025-11-02T18:32:52.066+0000] {logging_mixin.py:188} INFO - [2025-11-02T18:32:52.065+0000] {dag.py:3823} INFO - Setting next_dagrun for example_subdag_operator.section-1 to None, run_after=None
[2025-11-02T18:32:52.071+0000] {logging_mixin.py:188} INFO - [2025-11-02T18:32:52.070+0000] {dag.py:3823} INFO - Setting next_dagrun for example_subdag_operator.section-2 to None, run_after=None
[2025-11-02T18:32:52.095+0000] {logging_mixin.py:188} INFO - [2025-11-02T18:32:52.095+0000] {dag.py:3036} INFO - Sync 2 DAGs
[2025-11-02T18:32:52.129+0000] {logging_mixin.py:188} INFO - [2025-11-02T18:32:52.129+0000] {dag.py:3823} INFO - Setting next_dagrun for example_subdag_operator.section-1 to None, run_after=None
[2025-11-02T18:32:52.131+0000] {logging_mixin.py:188} INFO - [2025-11-02T18:32:52.131+0000] {dag.py:3823} INFO - Setting next_dagrun for example_subdag_operator.section-2 to None, run_after=None
[2025-11-02T18:32:52.165+0000] {processor.py:183} INFO - Processing /home/airflow/.local/lib/python3.8/site-packages/airflow/example_dags/example_subdag_operator.py took 0.262 seconds
[2025-11-02T18:33:22.885+0000] {processor.py:161} INFO - Started process (PID=1026) to work on /home/airflow/.local/lib/python3.8/site-packages/airflow/example_dags/example_subdag_operator.py
[2025-11-02T18:33:22.887+0000] {processor.py:830} INFO - Processing file /home/airflow/.local/lib/python3.8/site-packages/airflow/example_dags/example_subdag_operator.py for tasks to queue
[2025-11-02T18:33:22.893+0000] {logging_mixin.py:188} INFO - [2025-11-02T18:33:22.892+0000] {dagbag.py:538} INFO - Filling up the DagBag from /home/airflow/.local/lib/python3.8/site-packages/airflow/example_dags/example_subdag_operator.py
[2025-11-02T18:33:22.990+0000] {processor.py:840} INFO - DAG(s) 'example_subdag_operator.section-1', 'example_subdag_operator.section-2', 'example_subdag_operator' retrieved from /home/airflow/.local/lib/python3.8/site-packages/airflow/example_dags/example_subdag_operator.py
[2025-11-02T18:33:23.037+0000] {logging_mixin.py:188} INFO - [2025-11-02T18:33:23.036+0000] {dag.py:3036} INFO - Sync 3 DAGs
[2025-11-02T18:33:23.108+0000] {logging_mixin.py:188} INFO - [2025-11-02T18:33:23.107+0000] {dag.py:3823} INFO - Setting next_dagrun for example_subdag_operator to 2022-01-01 00:00:00+00:00, run_after=2022-01-01 00:00:00+00:00
[2025-11-02T18:33:23.117+0000] {logging_mixin.py:188} INFO - [2025-11-02T18:33:23.116+0000] {dag.py:3823} INFO - Setting next_dagrun for example_subdag_operator.section-1 to None, run_after=None
[2025-11-02T18:33:23.121+0000] {logging_mixin.py:188} INFO - [2025-11-02T18:33:23.121+0000] {dag.py:3823} INFO - Setting next_dagrun for example_subdag_operator.section-2 to None, run_after=None
[2025-11-02T18:33:23.142+0000] {logging_mixin.py:188} INFO - [2025-11-02T18:33:23.142+0000] {dag.py:3036} INFO - Sync 2 DAGs
[2025-11-02T18:33:23.161+0000] {logging_mixin.py:188} INFO - [2025-11-02T18:33:23.160+0000] {dag.py:3823} INFO - Setting next_dagrun for example_subdag_operator.section-1 to None, run_after=None
[2025-11-02T18:33:23.163+0000] {logging_mixin.py:188} INFO - [2025-11-02T18:33:23.163+0000] {dag.py:3823} INFO - Setting next_dagrun for example_subdag_operator.section-2 to None, run_after=None
[2025-11-02T18:33:23.209+0000] {processor.py:183} INFO - Processing /home/airflow/.local/lib/python3.8/site-packages/airflow/example_dags/example_subdag_operator.py took 0.335 seconds
[2025-11-02T18:33:53.442+0000] {processor.py:161} INFO - Started process (PID=1081) to work on /home/airflow/.local/lib/python3.8/site-packages/airflow/example_dags/example_subdag_operator.py
[2025-11-02T18:33:53.446+0000] {processor.py:830} INFO - Processing file /home/airflow/.local/lib/python3.8/site-packages/airflow/example_dags/example_subdag_operator.py for tasks to queue
[2025-11-02T18:33:53.452+0000] {logging_mixin.py:188} INFO - [2025-11-02T18:33:53.451+0000] {dagbag.py:538} INFO - Filling up the DagBag from /home/airflow/.local/lib/python3.8/site-packages/airflow/example_dags/example_subdag_operator.py
[2025-11-02T18:33:53.513+0000] {processor.py:840} INFO - DAG(s) 'example_subdag_operator.section-1', 'example_subdag_operator.section-2', 'example_subdag_operator' retrieved from /home/airflow/.local/lib/python3.8/site-packages/airflow/example_dags/example_subdag_operator.py
[2025-11-02T18:33:53.553+0000] {logging_mixin.py:188} INFO - [2025-11-02T18:33:53.552+0000] {dag.py:3036} INFO - Sync 3 DAGs
[2025-11-02T18:33:53.604+0000] {logging_mixin.py:188} INFO - [2025-11-02T18:33:53.604+0000] {dag.py:3823} INFO - Setting next_dagrun for example_subdag_operator to 2022-01-01 00:00:00+00:00, run_after=2022-01-01 00:00:00+00:00
[2025-11-02T18:33:53.612+0000] {logging_mixin.py:188} INFO - [2025-11-02T18:33:53.611+0000] {dag.py:3823} INFO - Setting next_dagrun for example_subdag_operator.section-1 to None, run_after=None
[2025-11-02T18:33:53.615+0000] {logging_mixin.py:188} INFO - [2025-11-02T18:33:53.615+0000] {dag.py:3823} INFO - Setting next_dagrun for example_subdag_operator.section-2 to None, run_after=None
[2025-11-02T18:33:53.632+0000] {logging_mixin.py:188} INFO - [2025-11-02T18:33:53.631+0000] {dag.py:3036} INFO - Sync 2 DAGs
[2025-11-02T18:33:53.645+0000] {logging_mixin.py:188} INFO - [2025-11-02T18:33:53.645+0000] {dag.py:3823} INFO - Setting next_dagrun for example_subdag_operator.section-1 to None, run_after=None
[2025-11-02T18:33:53.646+0000] {logging_mixin.py:188} INFO - [2025-11-02T18:33:53.646+0000] {dag.py:3823} INFO - Setting next_dagrun for example_subdag_operator.section-2 to None, run_after=None
[2025-11-02T18:33:53.683+0000] {processor.py:183} INFO - Processing /home/airflow/.local/lib/python3.8/site-packages/airflow/example_dags/example_subdag_operator.py took 0.253 seconds
[2025-11-02T18:34:23.983+0000] {processor.py:161} INFO - Started process (PID=1136) to work on /home/airflow/.local/lib/python3.8/site-packages/airflow/example_dags/example_subdag_operator.py
[2025-11-02T18:34:23.988+0000] {processor.py:830} INFO - Processing file /home/airflow/.local/lib/python3.8/site-packages/airflow/example_dags/example_subdag_operator.py for tasks to queue
[2025-11-02T18:34:23.995+0000] {logging_mixin.py:188} INFO - [2025-11-02T18:34:23.994+0000] {dagbag.py:538} INFO - Filling up the DagBag from /home/airflow/.local/lib/python3.8/site-packages/airflow/example_dags/example_subdag_operator.py
[2025-11-02T18:34:24.077+0000] {processor.py:840} INFO - DAG(s) 'example_subdag_operator.section-1', 'example_subdag_operator.section-2', 'example_subdag_operator' retrieved from /home/airflow/.local/lib/python3.8/site-packages/airflow/example_dags/example_subdag_operator.py
[2025-11-02T18:34:24.159+0000] {logging_mixin.py:188} INFO - [2025-11-02T18:34:24.149+0000] {dag.py:3036} INFO - Sync 3 DAGs
[2025-11-02T18:34:24.267+0000] {logging_mixin.py:188} INFO - [2025-11-02T18:34:24.266+0000] {dag.py:3823} INFO - Setting next_dagrun for example_subdag_operator to 2022-01-01 00:00:00+00:00, run_after=2022-01-01 00:00:00+00:00
[2025-11-02T18:34:24.279+0000] {logging_mixin.py:188} INFO - [2025-11-02T18:34:24.279+0000] {dag.py:3823} INFO - Setting next_dagrun for example_subdag_operator.section-1 to None, run_after=None
[2025-11-02T18:34:24.284+0000] {logging_mixin.py:188} INFO - [2025-11-02T18:34:24.283+0000] {dag.py:3823} INFO - Setting next_dagrun for example_subdag_operator.section-2 to None, run_after=None
[2025-11-02T18:34:24.313+0000] {logging_mixin.py:188} INFO - [2025-11-02T18:34:24.313+0000] {dag.py:3036} INFO - Sync 2 DAGs
[2025-11-02T18:34:24.338+0000] {logging_mixin.py:188} INFO - [2025-11-02T18:34:24.337+0000] {dag.py:3823} INFO - Setting next_dagrun for example_subdag_operator.section-1 to None, run_after=None
[2025-11-02T18:34:24.345+0000] {logging_mixin.py:188} INFO - [2025-11-02T18:34:24.344+0000] {dag.py:3823} INFO - Setting next_dagrun for example_subdag_operator.section-2 to None, run_after=None
[2025-11-02T18:34:24.395+0000] {processor.py:183} INFO - Processing /home/airflow/.local/lib/python3.8/site-packages/airflow/example_dags/example_subdag_operator.py took 0.424 seconds
[2025-11-02T18:34:54.965+0000] {processor.py:161} INFO - Started process (PID=1192) to work on /home/airflow/.local/lib/python3.8/site-packages/airflow/example_dags/example_subdag_operator.py
[2025-11-02T18:34:54.968+0000] {processor.py:830} INFO - Processing file /home/airflow/.local/lib/python3.8/site-packages/airflow/example_dags/example_subdag_operator.py for tasks to queue
[2025-11-02T18:34:54.975+0000] {logging_mixin.py:188} INFO - [2025-11-02T18:34:54.974+0000] {dagbag.py:538} INFO - Filling up the DagBag from /home/airflow/.local/lib/python3.8/site-packages/airflow/example_dags/example_subdag_operator.py
[2025-11-02T18:34:55.046+0000] {processor.py:840} INFO - DAG(s) 'example_subdag_operator.section-1', 'example_subdag_operator.section-2', 'example_subdag_operator' retrieved from /home/airflow/.local/lib/python3.8/site-packages/airflow/example_dags/example_subdag_operator.py
[2025-11-02T18:34:55.090+0000] {logging_mixin.py:188} INFO - [2025-11-02T18:34:55.090+0000] {dag.py:3036} INFO - Sync 3 DAGs
[2025-11-02T18:34:55.149+0000] {logging_mixin.py:188} INFO - [2025-11-02T18:34:55.149+0000] {dag.py:3823} INFO - Setting next_dagrun for example_subdag_operator to 2022-01-01 00:00:00+00:00, run_after=2022-01-01 00:00:00+00:00
[2025-11-02T18:34:55.159+0000] {logging_mixin.py:188} INFO - [2025-11-02T18:34:55.158+0000] {dag.py:3823} INFO - Setting next_dagrun for example_subdag_operator.section-1 to None, run_after=None
[2025-11-02T18:34:55.163+0000] {logging_mixin.py:188} INFO - [2025-11-02T18:34:55.162+0000] {dag.py:3823} INFO - Setting next_dagrun for example_subdag_operator.section-2 to None, run_after=None
[2025-11-02T18:34:55.188+0000] {logging_mixin.py:188} INFO - [2025-11-02T18:34:55.186+0000] {dag.py:3036} INFO - Sync 2 DAGs
[2025-11-02T18:34:55.202+0000] {logging_mixin.py:188} INFO - [2025-11-02T18:34:55.202+0000] {dag.py:3823} INFO - Setting next_dagrun for example_subdag_operator.section-1 to None, run_after=None
[2025-11-02T18:34:55.204+0000] {logging_mixin.py:188} INFO - [2025-11-02T18:34:55.204+0000] {dag.py:3823} INFO - Setting next_dagrun for example_subdag_operator.section-2 to None, run_after=None
[2025-11-02T18:34:55.236+0000] {processor.py:183} INFO - Processing /home/airflow/.local/lib/python3.8/site-packages/airflow/example_dags/example_subdag_operator.py took 0.289 seconds
[2025-11-02T18:35:25.502+0000] {processor.py:161} INFO - Started process (PID=1247) to work on /home/airflow/.local/lib/python3.8/site-packages/airflow/example_dags/example_subdag_operator.py
[2025-11-02T18:35:25.508+0000] {processor.py:830} INFO - Processing file /home/airflow/.local/lib/python3.8/site-packages/airflow/example_dags/example_subdag_operator.py for tasks to queue
[2025-11-02T18:35:25.525+0000] {logging_mixin.py:188} INFO - [2025-11-02T18:35:25.523+0000] {dagbag.py:538} INFO - Filling up the DagBag from /home/airflow/.local/lib/python3.8/site-packages/airflow/example_dags/example_subdag_operator.py
[2025-11-02T18:35:25.645+0000] {processor.py:840} INFO - DAG(s) 'example_subdag_operator.section-1', 'example_subdag_operator.section-2', 'example_subdag_operator' retrieved from /home/airflow/.local/lib/python3.8/site-packages/airflow/example_dags/example_subdag_operator.py
[2025-11-02T18:35:25.688+0000] {logging_mixin.py:188} INFO - [2025-11-02T18:35:25.687+0000] {dag.py:3036} INFO - Sync 3 DAGs
[2025-11-02T18:35:25.750+0000] {logging_mixin.py:188} INFO - [2025-11-02T18:35:25.749+0000] {dag.py:3823} INFO - Setting next_dagrun for example_subdag_operator to 2022-01-01 00:00:00+00:00, run_after=2022-01-01 00:00:00+00:00
[2025-11-02T18:35:25.759+0000] {logging_mixin.py:188} INFO - [2025-11-02T18:35:25.759+0000] {dag.py:3823} INFO - Setting next_dagrun for example_subdag_operator.section-1 to None, run_after=None
[2025-11-02T18:35:25.766+0000] {logging_mixin.py:188} INFO - [2025-11-02T18:35:25.766+0000] {dag.py:3823} INFO - Setting next_dagrun for example_subdag_operator.section-2 to None, run_after=None
[2025-11-02T18:35:25.792+0000] {logging_mixin.py:188} INFO - [2025-11-02T18:35:25.791+0000] {dag.py:3036} INFO - Sync 2 DAGs
[2025-11-02T18:35:25.813+0000] {logging_mixin.py:188} INFO - [2025-11-02T18:35:25.812+0000] {dag.py:3823} INFO - Setting next_dagrun for example_subdag_operator.section-1 to None, run_after=None
[2025-11-02T18:35:25.814+0000] {logging_mixin.py:188} INFO - [2025-11-02T18:35:25.814+0000] {dag.py:3823} INFO - Setting next_dagrun for example_subdag_operator.section-2 to None, run_after=None
[2025-11-02T18:35:25.861+0000] {processor.py:183} INFO - Processing /home/airflow/.local/lib/python3.8/site-packages/airflow/example_dags/example_subdag_operator.py took 0.369 seconds
[2025-11-02T18:35:56.051+0000] {processor.py:161} INFO - Started process (PID=1303) to work on /home/airflow/.local/lib/python3.8/site-packages/airflow/example_dags/example_subdag_operator.py
[2025-11-02T18:35:56.058+0000] {processor.py:830} INFO - Processing file /home/airflow/.local/lib/python3.8/site-packages/airflow/example_dags/example_subdag_operator.py for tasks to queue
[2025-11-02T18:35:56.067+0000] {logging_mixin.py:188} INFO - [2025-11-02T18:35:56.066+0000] {dagbag.py:538} INFO - Filling up the DagBag from /home/airflow/.local/lib/python3.8/site-packages/airflow/example_dags/example_subdag_operator.py
[2025-11-02T18:35:56.208+0000] {processor.py:840} INFO - DAG(s) 'example_subdag_operator.section-1', 'example_subdag_operator.section-2', 'example_subdag_operator' retrieved from /home/airflow/.local/lib/python3.8/site-packages/airflow/example_dags/example_subdag_operator.py
[2025-11-02T18:35:56.309+0000] {logging_mixin.py:188} INFO - [2025-11-02T18:35:56.308+0000] {dag.py:3036} INFO - Sync 3 DAGs
[2025-11-02T18:35:56.454+0000] {logging_mixin.py:188} INFO - [2025-11-02T18:35:56.453+0000] {dag.py:3823} INFO - Setting next_dagrun for example_subdag_operator to 2022-01-01 00:00:00+00:00, run_after=2022-01-01 00:00:00+00:00
[2025-11-02T18:35:56.488+0000] {logging_mixin.py:188} INFO - [2025-11-02T18:35:56.488+0000] {dag.py:3823} INFO - Setting next_dagrun for example_subdag_operator.section-1 to None, run_after=None
[2025-11-02T18:35:56.515+0000] {logging_mixin.py:188} INFO - [2025-11-02T18:35:56.515+0000] {dag.py:3823} INFO - Setting next_dagrun for example_subdag_operator.section-2 to None, run_after=None
[2025-11-02T18:35:56.608+0000] {logging_mixin.py:188} INFO - [2025-11-02T18:35:56.605+0000] {dag.py:3036} INFO - Sync 2 DAGs
[2025-11-02T18:35:56.667+0000] {logging_mixin.py:188} INFO - [2025-11-02T18:35:56.667+0000] {dag.py:3823} INFO - Setting next_dagrun for example_subdag_operator.section-1 to None, run_after=None
[2025-11-02T18:35:56.675+0000] {logging_mixin.py:188} INFO - [2025-11-02T18:35:56.674+0000] {dag.py:3823} INFO - Setting next_dagrun for example_subdag_operator.section-2 to None, run_after=None
[2025-11-02T18:35:56.749+0000] {processor.py:183} INFO - Processing /home/airflow/.local/lib/python3.8/site-packages/airflow/example_dags/example_subdag_operator.py took 0.718 seconds
[2025-11-02T18:36:27.090+0000] {processor.py:161} INFO - Started process (PID=1358) to work on /home/airflow/.local/lib/python3.8/site-packages/airflow/example_dags/example_subdag_operator.py
[2025-11-02T18:36:27.094+0000] {processor.py:830} INFO - Processing file /home/airflow/.local/lib/python3.8/site-packages/airflow/example_dags/example_subdag_operator.py for tasks to queue
[2025-11-02T18:36:27.100+0000] {logging_mixin.py:188} INFO - [2025-11-02T18:36:27.099+0000] {dagbag.py:538} INFO - Filling up the DagBag from /home/airflow/.local/lib/python3.8/site-packages/airflow/example_dags/example_subdag_operator.py
[2025-11-02T18:36:27.203+0000] {processor.py:840} INFO - DAG(s) 'example_subdag_operator.section-1', 'example_subdag_operator.section-2', 'example_subdag_operator' retrieved from /home/airflow/.local/lib/python3.8/site-packages/airflow/example_dags/example_subdag_operator.py
[2025-11-02T18:36:27.408+0000] {logging_mixin.py:188} INFO - [2025-11-02T18:36:27.408+0000] {dag.py:3036} INFO - Sync 3 DAGs
[2025-11-02T18:36:27.735+0000] {logging_mixin.py:188} INFO - [2025-11-02T18:36:27.735+0000] {dag.py:3823} INFO - Setting next_dagrun for example_subdag_operator to 2022-01-01 00:00:00+00:00, run_after=2022-01-01 00:00:00+00:00
[2025-11-02T18:36:27.746+0000] {logging_mixin.py:188} INFO - [2025-11-02T18:36:27.745+0000] {dag.py:3823} INFO - Setting next_dagrun for example_subdag_operator.section-1 to None, run_after=None
[2025-11-02T18:36:27.750+0000] {logging_mixin.py:188} INFO - [2025-11-02T18:36:27.749+0000] {dag.py:3823} INFO - Setting next_dagrun for example_subdag_operator.section-2 to None, run_after=None
[2025-11-02T18:36:27.777+0000] {logging_mixin.py:188} INFO - [2025-11-02T18:36:27.777+0000] {dag.py:3036} INFO - Sync 2 DAGs
[2025-11-02T18:36:27.789+0000] {logging_mixin.py:188} INFO - [2025-11-02T18:36:27.788+0000] {dag.py:3823} INFO - Setting next_dagrun for example_subdag_operator.section-1 to None, run_after=None
[2025-11-02T18:36:27.790+0000] {logging_mixin.py:188} INFO - [2025-11-02T18:36:27.790+0000] {dag.py:3823} INFO - Setting next_dagrun for example_subdag_operator.section-2 to None, run_after=None
[2025-11-02T18:36:27.817+0000] {processor.py:183} INFO - Processing /home/airflow/.local/lib/python3.8/site-packages/airflow/example_dags/example_subdag_operator.py took 0.738 seconds
[2025-11-02T18:36:58.537+0000] {processor.py:161} INFO - Started process (PID=1413) to work on /home/airflow/.local/lib/python3.8/site-packages/airflow/example_dags/example_subdag_operator.py
[2025-11-02T18:36:58.541+0000] {processor.py:830} INFO - Processing file /home/airflow/.local/lib/python3.8/site-packages/airflow/example_dags/example_subdag_operator.py for tasks to queue
[2025-11-02T18:36:58.548+0000] {logging_mixin.py:188} INFO - [2025-11-02T18:36:58.547+0000] {dagbag.py:538} INFO - Filling up the DagBag from /home/airflow/.local/lib/python3.8/site-packages/airflow/example_dags/example_subdag_operator.py
[2025-11-02T18:36:58.674+0000] {processor.py:840} INFO - DAG(s) 'example_subdag_operator.section-1', 'example_subdag_operator.section-2', 'example_subdag_operator' retrieved from /home/airflow/.local/lib/python3.8/site-packages/airflow/example_dags/example_subdag_operator.py
[2025-11-02T18:36:58.728+0000] {logging_mixin.py:188} INFO - [2025-11-02T18:36:58.727+0000] {dag.py:3036} INFO - Sync 3 DAGs
[2025-11-02T18:36:58.870+0000] {logging_mixin.py:188} INFO - [2025-11-02T18:36:58.866+0000] {dag.py:3823} INFO - Setting next_dagrun for example_subdag_operator to 2022-01-01 00:00:00+00:00, run_after=2022-01-01 00:00:00+00:00
[2025-11-02T18:36:58.905+0000] {logging_mixin.py:188} INFO - [2025-11-02T18:36:58.905+0000] {dag.py:3823} INFO - Setting next_dagrun for example_subdag_operator.section-1 to None, run_after=None
[2025-11-02T18:36:58.914+0000] {logging_mixin.py:188} INFO - [2025-11-02T18:36:58.913+0000] {dag.py:3823} INFO - Setting next_dagrun for example_subdag_operator.section-2 to None, run_after=None
[2025-11-02T18:36:58.947+0000] {logging_mixin.py:188} INFO - [2025-11-02T18:36:58.947+0000] {dag.py:3036} INFO - Sync 2 DAGs
[2025-11-02T18:36:58.963+0000] {logging_mixin.py:188} INFO - [2025-11-02T18:36:58.962+0000] {dag.py:3823} INFO - Setting next_dagrun for example_subdag_operator.section-1 to None, run_after=None
[2025-11-02T18:36:58.965+0000] {logging_mixin.py:188} INFO - [2025-11-02T18:36:58.964+0000] {dag.py:3823} INFO - Setting next_dagrun for example_subdag_operator.section-2 to None, run_after=None
[2025-11-02T18:36:58.992+0000] {processor.py:183} INFO - Processing /home/airflow/.local/lib/python3.8/site-packages/airflow/example_dags/example_subdag_operator.py took 0.467 seconds
[2025-11-02T18:37:29.553+0000] {processor.py:161} INFO - Started process (PID=1470) to work on /home/airflow/.local/lib/python3.8/site-packages/airflow/example_dags/example_subdag_operator.py
[2025-11-02T18:37:29.569+0000] {processor.py:830} INFO - Processing file /home/airflow/.local/lib/python3.8/site-packages/airflow/example_dags/example_subdag_operator.py for tasks to queue
[2025-11-02T18:37:29.575+0000] {logging_mixin.py:188} INFO - [2025-11-02T18:37:29.574+0000] {dagbag.py:538} INFO - Filling up the DagBag from /home/airflow/.local/lib/python3.8/site-packages/airflow/example_dags/example_subdag_operator.py
[2025-11-02T18:37:29.699+0000] {processor.py:840} INFO - DAG(s) 'example_subdag_operator.section-1', 'example_subdag_operator.section-2', 'example_subdag_operator' retrieved from /home/airflow/.local/lib/python3.8/site-packages/airflow/example_dags/example_subdag_operator.py
[2025-11-02T18:37:29.837+0000] {logging_mixin.py:188} INFO - [2025-11-02T18:37:29.825+0000] {dag.py:3036} INFO - Sync 3 DAGs
[2025-11-02T18:37:30.139+0000] {logging_mixin.py:188} INFO - [2025-11-02T18:37:30.126+0000] {dag.py:3823} INFO - Setting next_dagrun for example_subdag_operator to 2022-01-01 00:00:00+00:00, run_after=2022-01-01 00:00:00+00:00
[2025-11-02T18:37:30.186+0000] {logging_mixin.py:188} INFO - [2025-11-02T18:37:30.185+0000] {dag.py:3823} INFO - Setting next_dagrun for example_subdag_operator.section-1 to None, run_after=None
[2025-11-02T18:37:30.192+0000] {logging_mixin.py:188} INFO - [2025-11-02T18:37:30.191+0000] {dag.py:3823} INFO - Setting next_dagrun for example_subdag_operator.section-2 to None, run_after=None
[2025-11-02T18:37:30.276+0000] {logging_mixin.py:188} INFO - [2025-11-02T18:37:30.275+0000] {dag.py:3036} INFO - Sync 2 DAGs
[2025-11-02T18:37:30.311+0000] {logging_mixin.py:188} INFO - [2025-11-02T18:37:30.311+0000] {dag.py:3823} INFO - Setting next_dagrun for example_subdag_operator.section-1 to None, run_after=None
[2025-11-02T18:37:30.315+0000] {logging_mixin.py:188} INFO - [2025-11-02T18:37:30.315+0000] {dag.py:3823} INFO - Setting next_dagrun for example_subdag_operator.section-2 to None, run_after=None
[2025-11-02T18:37:30.435+0000] {processor.py:183} INFO - Processing /home/airflow/.local/lib/python3.8/site-packages/airflow/example_dags/example_subdag_operator.py took 0.897 seconds
[2025-11-02T18:38:01.219+0000] {processor.py:161} INFO - Started process (PID=1524) to work on /home/airflow/.local/lib/python3.8/site-packages/airflow/example_dags/example_subdag_operator.py
[2025-11-02T18:38:01.224+0000] {processor.py:830} INFO - Processing file /home/airflow/.local/lib/python3.8/site-packages/airflow/example_dags/example_subdag_operator.py for tasks to queue
[2025-11-02T18:38:01.232+0000] {logging_mixin.py:188} INFO - [2025-11-02T18:38:01.231+0000] {dagbag.py:538} INFO - Filling up the DagBag from /home/airflow/.local/lib/python3.8/site-packages/airflow/example_dags/example_subdag_operator.py
[2025-11-02T18:38:01.338+0000] {processor.py:840} INFO - DAG(s) 'example_subdag_operator.section-1', 'example_subdag_operator.section-2', 'example_subdag_operator' retrieved from /home/airflow/.local/lib/python3.8/site-packages/airflow/example_dags/example_subdag_operator.py
[2025-11-02T18:38:01.466+0000] {logging_mixin.py:188} INFO - [2025-11-02T18:38:01.465+0000] {dag.py:3036} INFO - Sync 3 DAGs
[2025-11-02T18:38:01.649+0000] {logging_mixin.py:188} INFO - [2025-11-02T18:38:01.648+0000] {dag.py:3823} INFO - Setting next_dagrun for example_subdag_operator to 2022-01-01 00:00:00+00:00, run_after=2022-01-01 00:00:00+00:00
[2025-11-02T18:38:01.663+0000] {logging_mixin.py:188} INFO - [2025-11-02T18:38:01.662+0000] {dag.py:3823} INFO - Setting next_dagrun for example_subdag_operator.section-1 to None, run_after=None
[2025-11-02T18:38:01.668+0000] {logging_mixin.py:188} INFO - [2025-11-02T18:38:01.668+0000] {dag.py:3823} INFO - Setting next_dagrun for example_subdag_operator.section-2 to None, run_after=None
[2025-11-02T18:38:01.699+0000] {logging_mixin.py:188} INFO - [2025-11-02T18:38:01.698+0000] {dag.py:3036} INFO - Sync 2 DAGs
[2025-11-02T18:38:01.722+0000] {logging_mixin.py:188} INFO - [2025-11-02T18:38:01.721+0000] {dag.py:3823} INFO - Setting next_dagrun for example_subdag_operator.section-1 to None, run_after=None
[2025-11-02T18:38:01.727+0000] {logging_mixin.py:188} INFO - [2025-11-02T18:38:01.723+0000] {dag.py:3823} INFO - Setting next_dagrun for example_subdag_operator.section-2 to None, run_after=None
[2025-11-02T18:38:01.793+0000] {processor.py:183} INFO - Processing /home/airflow/.local/lib/python3.8/site-packages/airflow/example_dags/example_subdag_operator.py took 0.586 seconds
[2025-11-02T18:38:32.753+0000] {processor.py:161} INFO - Started process (PID=1579) to work on /home/airflow/.local/lib/python3.8/site-packages/airflow/example_dags/example_subdag_operator.py
[2025-11-02T18:38:32.757+0000] {processor.py:830} INFO - Processing file /home/airflow/.local/lib/python3.8/site-packages/airflow/example_dags/example_subdag_operator.py for tasks to queue
[2025-11-02T18:38:32.764+0000] {logging_mixin.py:188} INFO - [2025-11-02T18:38:32.763+0000] {dagbag.py:538} INFO - Filling up the DagBag from /home/airflow/.local/lib/python3.8/site-packages/airflow/example_dags/example_subdag_operator.py
[2025-11-02T18:38:32.876+0000] {processor.py:840} INFO - DAG(s) 'example_subdag_operator.section-1', 'example_subdag_operator.section-2', 'example_subdag_operator' retrieved from /home/airflow/.local/lib/python3.8/site-packages/airflow/example_dags/example_subdag_operator.py
[2025-11-02T18:38:32.969+0000] {logging_mixin.py:188} INFO - [2025-11-02T18:38:32.968+0000] {dag.py:3036} INFO - Sync 3 DAGs
[2025-11-02T18:38:33.178+0000] {logging_mixin.py:188} INFO - [2025-11-02T18:38:33.177+0000] {dag.py:3823} INFO - Setting next_dagrun for example_subdag_operator to 2022-01-01 00:00:00+00:00, run_after=2022-01-01 00:00:00+00:00
[2025-11-02T18:38:33.208+0000] {logging_mixin.py:188} INFO - [2025-11-02T18:38:33.207+0000] {dag.py:3823} INFO - Setting next_dagrun for example_subdag_operator.section-1 to None, run_after=None
[2025-11-02T18:38:33.219+0000] {logging_mixin.py:188} INFO - [2025-11-02T18:38:33.219+0000] {dag.py:3823} INFO - Setting next_dagrun for example_subdag_operator.section-2 to None, run_after=None
[2025-11-02T18:38:33.298+0000] {logging_mixin.py:188} INFO - [2025-11-02T18:38:33.298+0000] {dag.py:3036} INFO - Sync 2 DAGs
[2025-11-02T18:38:33.337+0000] {logging_mixin.py:188} INFO - [2025-11-02T18:38:33.336+0000] {dag.py:3823} INFO - Setting next_dagrun for example_subdag_operator.section-1 to None, run_after=None
[2025-11-02T18:38:33.339+0000] {logging_mixin.py:188} INFO - [2025-11-02T18:38:33.338+0000] {dag.py:3823} INFO - Setting next_dagrun for example_subdag_operator.section-2 to None, run_after=None
[2025-11-02T18:38:33.387+0000] {processor.py:183} INFO - Processing /home/airflow/.local/lib/python3.8/site-packages/airflow/example_dags/example_subdag_operator.py took 0.647 seconds
[2025-11-02T18:39:05.346+0000] {processor.py:161} INFO - Started process (PID=1634) to work on /home/airflow/.local/lib/python3.8/site-packages/airflow/example_dags/example_subdag_operator.py
[2025-11-02T18:39:05.350+0000] {processor.py:830} INFO - Processing file /home/airflow/.local/lib/python3.8/site-packages/airflow/example_dags/example_subdag_operator.py for tasks to queue
[2025-11-02T18:39:05.357+0000] {logging_mixin.py:188} INFO - [2025-11-02T18:39:05.356+0000] {dagbag.py:538} INFO - Filling up the DagBag from /home/airflow/.local/lib/python3.8/site-packages/airflow/example_dags/example_subdag_operator.py
[2025-11-02T18:39:05.478+0000] {processor.py:840} INFO - DAG(s) 'example_subdag_operator.section-1', 'example_subdag_operator.section-2', 'example_subdag_operator' retrieved from /home/airflow/.local/lib/python3.8/site-packages/airflow/example_dags/example_subdag_operator.py
[2025-11-02T18:39:05.569+0000] {logging_mixin.py:188} INFO - [2025-11-02T18:39:05.568+0000] {dag.py:3036} INFO - Sync 3 DAGs
[2025-11-02T18:39:05.720+0000] {logging_mixin.py:188} INFO - [2025-11-02T18:39:05.719+0000] {dag.py:3823} INFO - Setting next_dagrun for example_subdag_operator to 2022-01-01 00:00:00+00:00, run_after=2022-01-01 00:00:00+00:00
[2025-11-02T18:39:05.739+0000] {logging_mixin.py:188} INFO - [2025-11-02T18:39:05.738+0000] {dag.py:3823} INFO - Setting next_dagrun for example_subdag_operator.section-1 to None, run_after=None
[2025-11-02T18:39:05.743+0000] {logging_mixin.py:188} INFO - [2025-11-02T18:39:05.742+0000] {dag.py:3823} INFO - Setting next_dagrun for example_subdag_operator.section-2 to None, run_after=None
[2025-11-02T18:39:05.805+0000] {logging_mixin.py:188} INFO - [2025-11-02T18:39:05.804+0000] {dag.py:3036} INFO - Sync 2 DAGs
[2025-11-02T18:39:05.834+0000] {logging_mixin.py:188} INFO - [2025-11-02T18:39:05.829+0000] {dag.py:3823} INFO - Setting next_dagrun for example_subdag_operator.section-1 to None, run_after=None
[2025-11-02T18:39:05.836+0000] {logging_mixin.py:188} INFO - [2025-11-02T18:39:05.836+0000] {dag.py:3823} INFO - Setting next_dagrun for example_subdag_operator.section-2 to None, run_after=None
[2025-11-02T18:39:05.876+0000] {processor.py:183} INFO - Processing /home/airflow/.local/lib/python3.8/site-packages/airflow/example_dags/example_subdag_operator.py took 0.544 seconds
[2025-11-02T18:39:43.093+0000] {processor.py:161} INFO - Started process (PID=1689) to work on /home/airflow/.local/lib/python3.8/site-packages/airflow/example_dags/example_subdag_operator.py
[2025-11-02T18:39:43.099+0000] {processor.py:830} INFO - Processing file /home/airflow/.local/lib/python3.8/site-packages/airflow/example_dags/example_subdag_operator.py for tasks to queue
[2025-11-02T18:39:43.150+0000] {logging_mixin.py:188} INFO - [2025-11-02T18:39:43.149+0000] {dagbag.py:538} INFO - Filling up the DagBag from /home/airflow/.local/lib/python3.8/site-packages/airflow/example_dags/example_subdag_operator.py
[2025-11-02T18:39:43.369+0000] {processor.py:840} INFO - DAG(s) 'example_subdag_operator.section-1', 'example_subdag_operator.section-2', 'example_subdag_operator' retrieved from /home/airflow/.local/lib/python3.8/site-packages/airflow/example_dags/example_subdag_operator.py
[2025-11-02T18:39:43.531+0000] {logging_mixin.py:188} INFO - [2025-11-02T18:39:43.531+0000] {dag.py:3036} INFO - Sync 3 DAGs
[2025-11-02T18:39:43.779+0000] {logging_mixin.py:188} INFO - [2025-11-02T18:39:43.778+0000] {dag.py:3823} INFO - Setting next_dagrun for example_subdag_operator to 2022-01-01 00:00:00+00:00, run_after=2022-01-01 00:00:00+00:00
[2025-11-02T18:39:43.812+0000] {logging_mixin.py:188} INFO - [2025-11-02T18:39:43.811+0000] {dag.py:3823} INFO - Setting next_dagrun for example_subdag_operator.section-1 to None, run_after=None
[2025-11-02T18:39:43.829+0000] {logging_mixin.py:188} INFO - [2025-11-02T18:39:43.828+0000] {dag.py:3823} INFO - Setting next_dagrun for example_subdag_operator.section-2 to None, run_after=None
[2025-11-02T18:39:43.889+0000] {logging_mixin.py:188} INFO - [2025-11-02T18:39:43.888+0000] {dag.py:3036} INFO - Sync 2 DAGs
[2025-11-02T18:39:43.932+0000] {logging_mixin.py:188} INFO - [2025-11-02T18:39:43.931+0000] {dag.py:3823} INFO - Setting next_dagrun for example_subdag_operator.section-1 to None, run_after=None
[2025-11-02T18:39:43.938+0000] {logging_mixin.py:188} INFO - [2025-11-02T18:39:43.938+0000] {dag.py:3823} INFO - Setting next_dagrun for example_subdag_operator.section-2 to None, run_after=None
[2025-11-02T18:39:44.023+0000] {processor.py:183} INFO - Processing /home/airflow/.local/lib/python3.8/site-packages/airflow/example_dags/example_subdag_operator.py took 0.979 seconds
[2025-11-02T18:40:14.300+0000] {processor.py:161} INFO - Started process (PID=1741) to work on /home/airflow/.local/lib/python3.8/site-packages/airflow/example_dags/example_subdag_operator.py
[2025-11-02T18:40:14.304+0000] {processor.py:830} INFO - Processing file /home/airflow/.local/lib/python3.8/site-packages/airflow/example_dags/example_subdag_operator.py for tasks to queue
[2025-11-02T18:40:14.317+0000] {logging_mixin.py:188} INFO - [2025-11-02T18:40:14.316+0000] {dagbag.py:538} INFO - Filling up the DagBag from /home/airflow/.local/lib/python3.8/site-packages/airflow/example_dags/example_subdag_operator.py
[2025-11-02T18:40:14.458+0000] {processor.py:840} INFO - DAG(s) 'example_subdag_operator.section-1', 'example_subdag_operator.section-2', 'example_subdag_operator' retrieved from /home/airflow/.local/lib/python3.8/site-packages/airflow/example_dags/example_subdag_operator.py
[2025-11-02T18:40:14.529+0000] {logging_mixin.py:188} INFO - [2025-11-02T18:40:14.529+0000] {dag.py:3036} INFO - Sync 3 DAGs
[2025-11-02T18:40:14.620+0000] {logging_mixin.py:188} INFO - [2025-11-02T18:40:14.619+0000] {dag.py:3823} INFO - Setting next_dagrun for example_subdag_operator to 2022-01-01 00:00:00+00:00, run_after=2022-01-01 00:00:00+00:00
[2025-11-02T18:40:14.630+0000] {logging_mixin.py:188} INFO - [2025-11-02T18:40:14.630+0000] {dag.py:3823} INFO - Setting next_dagrun for example_subdag_operator.section-1 to None, run_after=None
[2025-11-02T18:40:14.634+0000] {logging_mixin.py:188} INFO - [2025-11-02T18:40:14.634+0000] {dag.py:3823} INFO - Setting next_dagrun for example_subdag_operator.section-2 to None, run_after=None
[2025-11-02T18:40:14.661+0000] {logging_mixin.py:188} INFO - [2025-11-02T18:40:14.657+0000] {dag.py:3036} INFO - Sync 2 DAGs
[2025-11-02T18:40:14.683+0000] {logging_mixin.py:188} INFO - [2025-11-02T18:40:14.682+0000] {dag.py:3823} INFO - Setting next_dagrun for example_subdag_operator.section-1 to None, run_after=None
[2025-11-02T18:40:14.689+0000] {logging_mixin.py:188} INFO - [2025-11-02T18:40:14.688+0000] {dag.py:3823} INFO - Setting next_dagrun for example_subdag_operator.section-2 to None, run_after=None
[2025-11-02T18:40:14.768+0000] {processor.py:183} INFO - Processing /home/airflow/.local/lib/python3.8/site-packages/airflow/example_dags/example_subdag_operator.py took 0.491 seconds
[2025-11-02T18:40:45.265+0000] {processor.py:161} INFO - Started process (PID=1797) to work on /home/airflow/.local/lib/python3.8/site-packages/airflow/example_dags/example_subdag_operator.py
[2025-11-02T18:40:45.268+0000] {processor.py:830} INFO - Processing file /home/airflow/.local/lib/python3.8/site-packages/airflow/example_dags/example_subdag_operator.py for tasks to queue
[2025-11-02T18:40:45.296+0000] {logging_mixin.py:188} INFO - [2025-11-02T18:40:45.284+0000] {dagbag.py:538} INFO - Filling up the DagBag from /home/airflow/.local/lib/python3.8/site-packages/airflow/example_dags/example_subdag_operator.py
[2025-11-02T18:40:45.500+0000] {processor.py:840} INFO - DAG(s) 'example_subdag_operator.section-1', 'example_subdag_operator.section-2', 'example_subdag_operator' retrieved from /home/airflow/.local/lib/python3.8/site-packages/airflow/example_dags/example_subdag_operator.py
[2025-11-02T18:40:45.636+0000] {logging_mixin.py:188} INFO - [2025-11-02T18:40:45.635+0000] {dag.py:3036} INFO - Sync 3 DAGs
[2025-11-02T18:40:45.819+0000] {logging_mixin.py:188} INFO - [2025-11-02T18:40:45.818+0000] {dag.py:3823} INFO - Setting next_dagrun for example_subdag_operator to 2022-01-01 00:00:00+00:00, run_after=2022-01-01 00:00:00+00:00
[2025-11-02T18:40:45.852+0000] {logging_mixin.py:188} INFO - [2025-11-02T18:40:45.852+0000] {dag.py:3823} INFO - Setting next_dagrun for example_subdag_operator.section-1 to None, run_after=None
[2025-11-02T18:40:45.867+0000] {logging_mixin.py:188} INFO - [2025-11-02T18:40:45.867+0000] {dag.py:3823} INFO - Setting next_dagrun for example_subdag_operator.section-2 to None, run_after=None
[2025-11-02T18:40:45.923+0000] {logging_mixin.py:188} INFO - [2025-11-02T18:40:45.922+0000] {dag.py:3036} INFO - Sync 2 DAGs
[2025-11-02T18:40:45.970+0000] {logging_mixin.py:188} INFO - [2025-11-02T18:40:45.969+0000] {dag.py:3823} INFO - Setting next_dagrun for example_subdag_operator.section-1 to None, run_after=None
[2025-11-02T18:40:45.972+0000] {logging_mixin.py:188} INFO - [2025-11-02T18:40:45.971+0000] {dag.py:3823} INFO - Setting next_dagrun for example_subdag_operator.section-2 to None, run_after=None
[2025-11-02T18:40:46.056+0000] {processor.py:183} INFO - Processing /home/airflow/.local/lib/python3.8/site-packages/airflow/example_dags/example_subdag_operator.py took 0.825 seconds
[2025-11-02T18:41:17.520+0000] {processor.py:161} INFO - Started process (PID=1851) to work on /home/airflow/.local/lib/python3.8/site-packages/airflow/example_dags/example_subdag_operator.py
[2025-11-02T18:41:17.523+0000] {processor.py:830} INFO - Processing file /home/airflow/.local/lib/python3.8/site-packages/airflow/example_dags/example_subdag_operator.py for tasks to queue
[2025-11-02T18:41:17.533+0000] {logging_mixin.py:188} INFO - [2025-11-02T18:41:17.531+0000] {dagbag.py:538} INFO - Filling up the DagBag from /home/airflow/.local/lib/python3.8/site-packages/airflow/example_dags/example_subdag_operator.py
[2025-11-02T18:41:17.616+0000] {processor.py:840} INFO - DAG(s) 'example_subdag_operator.section-1', 'example_subdag_operator.section-2', 'example_subdag_operator' retrieved from /home/airflow/.local/lib/python3.8/site-packages/airflow/example_dags/example_subdag_operator.py
[2025-11-02T18:41:17.666+0000] {logging_mixin.py:188} INFO - [2025-11-02T18:41:17.665+0000] {dag.py:3036} INFO - Sync 3 DAGs
[2025-11-02T18:41:17.749+0000] {logging_mixin.py:188} INFO - [2025-11-02T18:41:17.748+0000] {dag.py:3823} INFO - Setting next_dagrun for example_subdag_operator to 2022-01-01 00:00:00+00:00, run_after=2022-01-01 00:00:00+00:00
[2025-11-02T18:41:17.761+0000] {logging_mixin.py:188} INFO - [2025-11-02T18:41:17.761+0000] {dag.py:3823} INFO - Setting next_dagrun for example_subdag_operator.section-1 to None, run_after=None
[2025-11-02T18:41:17.765+0000] {logging_mixin.py:188} INFO - [2025-11-02T18:41:17.765+0000] {dag.py:3823} INFO - Setting next_dagrun for example_subdag_operator.section-2 to None, run_after=None
[2025-11-02T18:41:17.787+0000] {logging_mixin.py:188} INFO - [2025-11-02T18:41:17.786+0000] {dag.py:3036} INFO - Sync 2 DAGs
[2025-11-02T18:41:17.813+0000] {logging_mixin.py:188} INFO - [2025-11-02T18:41:17.813+0000] {dag.py:3823} INFO - Setting next_dagrun for example_subdag_operator.section-1 to None, run_after=None
[2025-11-02T18:41:17.815+0000] {logging_mixin.py:188} INFO - [2025-11-02T18:41:17.815+0000] {dag.py:3823} INFO - Setting next_dagrun for example_subdag_operator.section-2 to None, run_after=None
[2025-11-02T18:41:17.879+0000] {processor.py:183} INFO - Processing /home/airflow/.local/lib/python3.8/site-packages/airflow/example_dags/example_subdag_operator.py took 0.370 seconds
[2025-11-02T18:41:48.230+0000] {processor.py:161} INFO - Started process (PID=1906) to work on /home/airflow/.local/lib/python3.8/site-packages/airflow/example_dags/example_subdag_operator.py
[2025-11-02T18:41:48.233+0000] {processor.py:830} INFO - Processing file /home/airflow/.local/lib/python3.8/site-packages/airflow/example_dags/example_subdag_operator.py for tasks to queue
[2025-11-02T18:41:48.238+0000] {logging_mixin.py:188} INFO - [2025-11-02T18:41:48.237+0000] {dagbag.py:538} INFO - Filling up the DagBag from /home/airflow/.local/lib/python3.8/site-packages/airflow/example_dags/example_subdag_operator.py
[2025-11-02T18:41:48.300+0000] {processor.py:840} INFO - DAG(s) 'example_subdag_operator.section-1', 'example_subdag_operator.section-2', 'example_subdag_operator' retrieved from /home/airflow/.local/lib/python3.8/site-packages/airflow/example_dags/example_subdag_operator.py
[2025-11-02T18:41:48.334+0000] {logging_mixin.py:188} INFO - [2025-11-02T18:41:48.334+0000] {dag.py:3036} INFO - Sync 3 DAGs
[2025-11-02T18:41:48.386+0000] {logging_mixin.py:188} INFO - [2025-11-02T18:41:48.385+0000] {dag.py:3823} INFO - Setting next_dagrun for example_subdag_operator to 2022-01-01 00:00:00+00:00, run_after=2022-01-01 00:00:00+00:00
[2025-11-02T18:41:48.396+0000] {logging_mixin.py:188} INFO - [2025-11-02T18:41:48.396+0000] {dag.py:3823} INFO - Setting next_dagrun for example_subdag_operator.section-1 to None, run_after=None
[2025-11-02T18:41:48.400+0000] {logging_mixin.py:188} INFO - [2025-11-02T18:41:48.400+0000] {dag.py:3823} INFO - Setting next_dagrun for example_subdag_operator.section-2 to None, run_after=None
[2025-11-02T18:41:48.418+0000] {logging_mixin.py:188} INFO - [2025-11-02T18:41:48.418+0000] {dag.py:3036} INFO - Sync 2 DAGs
[2025-11-02T18:41:48.432+0000] {logging_mixin.py:188} INFO - [2025-11-02T18:41:48.432+0000] {dag.py:3823} INFO - Setting next_dagrun for example_subdag_operator.section-1 to None, run_after=None
[2025-11-02T18:41:48.434+0000] {logging_mixin.py:188} INFO - [2025-11-02T18:41:48.433+0000] {dag.py:3823} INFO - Setting next_dagrun for example_subdag_operator.section-2 to None, run_after=None
[2025-11-02T18:41:48.462+0000] {processor.py:183} INFO - Processing /home/airflow/.local/lib/python3.8/site-packages/airflow/example_dags/example_subdag_operator.py took 0.242 seconds
[2025-11-02T18:42:18.661+0000] {processor.py:161} INFO - Started process (PID=1960) to work on /home/airflow/.local/lib/python3.8/site-packages/airflow/example_dags/example_subdag_operator.py
[2025-11-02T18:42:18.664+0000] {processor.py:830} INFO - Processing file /home/airflow/.local/lib/python3.8/site-packages/airflow/example_dags/example_subdag_operator.py for tasks to queue
[2025-11-02T18:42:18.670+0000] {logging_mixin.py:188} INFO - [2025-11-02T18:42:18.669+0000] {dagbag.py:538} INFO - Filling up the DagBag from /home/airflow/.local/lib/python3.8/site-packages/airflow/example_dags/example_subdag_operator.py
[2025-11-02T18:42:18.749+0000] {processor.py:840} INFO - DAG(s) 'example_subdag_operator.section-1', 'example_subdag_operator.section-2', 'example_subdag_operator' retrieved from /home/airflow/.local/lib/python3.8/site-packages/airflow/example_dags/example_subdag_operator.py
[2025-11-02T18:42:18.804+0000] {logging_mixin.py:188} INFO - [2025-11-02T18:42:18.803+0000] {dag.py:3036} INFO - Sync 3 DAGs
[2025-11-02T18:42:18.868+0000] {logging_mixin.py:188} INFO - [2025-11-02T18:42:18.867+0000] {dag.py:3823} INFO - Setting next_dagrun for example_subdag_operator to 2022-01-01 00:00:00+00:00, run_after=2022-01-01 00:00:00+00:00
[2025-11-02T18:42:18.878+0000] {logging_mixin.py:188} INFO - [2025-11-02T18:42:18.877+0000] {dag.py:3823} INFO - Setting next_dagrun for example_subdag_operator.section-1 to None, run_after=None
[2025-11-02T18:42:18.881+0000] {logging_mixin.py:188} INFO - [2025-11-02T18:42:18.881+0000] {dag.py:3823} INFO - Setting next_dagrun for example_subdag_operator.section-2 to None, run_after=None
[2025-11-02T18:42:18.904+0000] {logging_mixin.py:188} INFO - [2025-11-02T18:42:18.903+0000] {dag.py:3036} INFO - Sync 2 DAGs
[2025-11-02T18:42:18.916+0000] {logging_mixin.py:188} INFO - [2025-11-02T18:42:18.915+0000] {dag.py:3823} INFO - Setting next_dagrun for example_subdag_operator.section-1 to None, run_after=None
[2025-11-02T18:42:18.917+0000] {logging_mixin.py:188} INFO - [2025-11-02T18:42:18.917+0000] {dag.py:3823} INFO - Setting next_dagrun for example_subdag_operator.section-2 to None, run_after=None
[2025-11-02T18:42:18.963+0000] {processor.py:183} INFO - Processing /home/airflow/.local/lib/python3.8/site-packages/airflow/example_dags/example_subdag_operator.py took 0.316 seconds
[2025-11-02T18:42:49.319+0000] {processor.py:161} INFO - Started process (PID=2015) to work on /home/airflow/.local/lib/python3.8/site-packages/airflow/example_dags/example_subdag_operator.py
[2025-11-02T18:42:49.323+0000] {processor.py:830} INFO - Processing file /home/airflow/.local/lib/python3.8/site-packages/airflow/example_dags/example_subdag_operator.py for tasks to queue
[2025-11-02T18:42:49.329+0000] {logging_mixin.py:188} INFO - [2025-11-02T18:42:49.328+0000] {dagbag.py:538} INFO - Filling up the DagBag from /home/airflow/.local/lib/python3.8/site-packages/airflow/example_dags/example_subdag_operator.py
[2025-11-02T18:42:49.418+0000] {processor.py:840} INFO - DAG(s) 'example_subdag_operator.section-1', 'example_subdag_operator.section-2', 'example_subdag_operator' retrieved from /home/airflow/.local/lib/python3.8/site-packages/airflow/example_dags/example_subdag_operator.py
[2025-11-02T18:42:49.521+0000] {logging_mixin.py:188} INFO - [2025-11-02T18:42:49.520+0000] {dag.py:3036} INFO - Sync 3 DAGs
[2025-11-02T18:42:49.649+0000] {logging_mixin.py:188} INFO - [2025-11-02T18:42:49.648+0000] {dag.py:3823} INFO - Setting next_dagrun for example_subdag_operator to 2022-01-01 00:00:00+00:00, run_after=2022-01-01 00:00:00+00:00
[2025-11-02T18:42:49.666+0000] {logging_mixin.py:188} INFO - [2025-11-02T18:42:49.662+0000] {dag.py:3823} INFO - Setting next_dagrun for example_subdag_operator.section-1 to None, run_after=None
[2025-11-02T18:42:49.673+0000] {logging_mixin.py:188} INFO - [2025-11-02T18:42:49.672+0000] {dag.py:3823} INFO - Setting next_dagrun for example_subdag_operator.section-2 to None, run_after=None
[2025-11-02T18:42:49.708+0000] {logging_mixin.py:188} INFO - [2025-11-02T18:42:49.708+0000] {dag.py:3036} INFO - Sync 2 DAGs
[2025-11-02T18:42:49.735+0000] {logging_mixin.py:188} INFO - [2025-11-02T18:42:49.734+0000] {dag.py:3823} INFO - Setting next_dagrun for example_subdag_operator.section-1 to None, run_after=None
[2025-11-02T18:42:49.738+0000] {logging_mixin.py:188} INFO - [2025-11-02T18:42:49.737+0000] {dag.py:3823} INFO - Setting next_dagrun for example_subdag_operator.section-2 to None, run_after=None
[2025-11-02T18:42:49.788+0000] {processor.py:183} INFO - Processing /home/airflow/.local/lib/python3.8/site-packages/airflow/example_dags/example_subdag_operator.py took 0.481 seconds
[2025-11-02T18:43:20.035+0000] {processor.py:161} INFO - Started process (PID=2070) to work on /home/airflow/.local/lib/python3.8/site-packages/airflow/example_dags/example_subdag_operator.py
[2025-11-02T18:43:20.040+0000] {processor.py:830} INFO - Processing file /home/airflow/.local/lib/python3.8/site-packages/airflow/example_dags/example_subdag_operator.py for tasks to queue
[2025-11-02T18:43:20.065+0000] {logging_mixin.py:188} INFO - [2025-11-02T18:43:20.056+0000] {dagbag.py:538} INFO - Filling up the DagBag from /home/airflow/.local/lib/python3.8/site-packages/airflow/example_dags/example_subdag_operator.py
[2025-11-02T18:43:20.294+0000] {processor.py:840} INFO - DAG(s) 'example_subdag_operator.section-1', 'example_subdag_operator.section-2', 'example_subdag_operator' retrieved from /home/airflow/.local/lib/python3.8/site-packages/airflow/example_dags/example_subdag_operator.py
[2025-11-02T18:43:20.455+0000] {logging_mixin.py:188} INFO - [2025-11-02T18:43:20.454+0000] {dag.py:3036} INFO - Sync 3 DAGs
[2025-11-02T18:43:20.801+0000] {logging_mixin.py:188} INFO - [2025-11-02T18:43:20.790+0000] {dag.py:3823} INFO - Setting next_dagrun for example_subdag_operator to 2022-01-01 00:00:00+00:00, run_after=2022-01-01 00:00:00+00:00
[2025-11-02T18:43:20.902+0000] {logging_mixin.py:188} INFO - [2025-11-02T18:43:20.895+0000] {dag.py:3823} INFO - Setting next_dagrun for example_subdag_operator.section-1 to None, run_after=None
[2025-11-02T18:43:20.924+0000] {logging_mixin.py:188} INFO - [2025-11-02T18:43:20.923+0000] {dag.py:3823} INFO - Setting next_dagrun for example_subdag_operator.section-2 to None, run_after=None
[2025-11-02T18:43:21.062+0000] {logging_mixin.py:188} INFO - [2025-11-02T18:43:21.061+0000] {dag.py:3036} INFO - Sync 2 DAGs
[2025-11-02T18:43:21.133+0000] {logging_mixin.py:188} INFO - [2025-11-02T18:43:21.133+0000] {dag.py:3823} INFO - Setting next_dagrun for example_subdag_operator.section-1 to None, run_after=None
[2025-11-02T18:43:21.153+0000] {logging_mixin.py:188} INFO - [2025-11-02T18:43:21.152+0000] {dag.py:3823} INFO - Setting next_dagrun for example_subdag_operator.section-2 to None, run_after=None
[2025-11-02T18:43:21.298+0000] {processor.py:183} INFO - Processing /home/airflow/.local/lib/python3.8/site-packages/airflow/example_dags/example_subdag_operator.py took 1.277 seconds
[2025-11-02T18:43:51.703+0000] {processor.py:161} INFO - Started process (PID=2125) to work on /home/airflow/.local/lib/python3.8/site-packages/airflow/example_dags/example_subdag_operator.py
[2025-11-02T18:43:51.707+0000] {processor.py:830} INFO - Processing file /home/airflow/.local/lib/python3.8/site-packages/airflow/example_dags/example_subdag_operator.py for tasks to queue
[2025-11-02T18:43:51.720+0000] {logging_mixin.py:188} INFO - [2025-11-02T18:43:51.719+0000] {dagbag.py:538} INFO - Filling up the DagBag from /home/airflow/.local/lib/python3.8/site-packages/airflow/example_dags/example_subdag_operator.py
[2025-11-02T18:43:51.861+0000] {processor.py:840} INFO - DAG(s) 'example_subdag_operator.section-1', 'example_subdag_operator.section-2', 'example_subdag_operator' retrieved from /home/airflow/.local/lib/python3.8/site-packages/airflow/example_dags/example_subdag_operator.py
[2025-11-02T18:43:52.003+0000] {logging_mixin.py:188} INFO - [2025-11-02T18:43:52.002+0000] {dag.py:3036} INFO - Sync 3 DAGs
[2025-11-02T18:43:52.153+0000] {logging_mixin.py:188} INFO - [2025-11-02T18:43:52.152+0000] {dag.py:3823} INFO - Setting next_dagrun for example_subdag_operator to 2022-01-01 00:00:00+00:00, run_after=2022-01-01 00:00:00+00:00
[2025-11-02T18:43:52.175+0000] {logging_mixin.py:188} INFO - [2025-11-02T18:43:52.174+0000] {dag.py:3823} INFO - Setting next_dagrun for example_subdag_operator.section-1 to None, run_after=None
[2025-11-02T18:43:52.184+0000] {logging_mixin.py:188} INFO - [2025-11-02T18:43:52.183+0000] {dag.py:3823} INFO - Setting next_dagrun for example_subdag_operator.section-2 to None, run_after=None
[2025-11-02T18:43:52.224+0000] {logging_mixin.py:188} INFO - [2025-11-02T18:43:52.223+0000] {dag.py:3036} INFO - Sync 2 DAGs
[2025-11-02T18:43:52.306+0000] {logging_mixin.py:188} INFO - [2025-11-02T18:43:52.305+0000] {dag.py:3823} INFO - Setting next_dagrun for example_subdag_operator.section-1 to None, run_after=None
[2025-11-02T18:43:52.317+0000] {logging_mixin.py:188} INFO - [2025-11-02T18:43:52.317+0000] {dag.py:3823} INFO - Setting next_dagrun for example_subdag_operator.section-2 to None, run_after=None
[2025-11-02T18:43:52.379+0000] {processor.py:183} INFO - Processing /home/airflow/.local/lib/python3.8/site-packages/airflow/example_dags/example_subdag_operator.py took 0.690 seconds
[2025-11-02T18:44:22.887+0000] {processor.py:161} INFO - Started process (PID=2180) to work on /home/airflow/.local/lib/python3.8/site-packages/airflow/example_dags/example_subdag_operator.py
[2025-11-02T18:44:22.892+0000] {processor.py:830} INFO - Processing file /home/airflow/.local/lib/python3.8/site-packages/airflow/example_dags/example_subdag_operator.py for tasks to queue
[2025-11-02T18:44:22.899+0000] {logging_mixin.py:188} INFO - [2025-11-02T18:44:22.898+0000] {dagbag.py:538} INFO - Filling up the DagBag from /home/airflow/.local/lib/python3.8/site-packages/airflow/example_dags/example_subdag_operator.py
[2025-11-02T18:44:23.015+0000] {processor.py:840} INFO - DAG(s) 'example_subdag_operator.section-1', 'example_subdag_operator.section-2', 'example_subdag_operator' retrieved from /home/airflow/.local/lib/python3.8/site-packages/airflow/example_dags/example_subdag_operator.py
[2025-11-02T18:44:23.122+0000] {logging_mixin.py:188} INFO - [2025-11-02T18:44:23.121+0000] {dag.py:3036} INFO - Sync 3 DAGs
[2025-11-02T18:44:23.233+0000] {logging_mixin.py:188} INFO - [2025-11-02T18:44:23.232+0000] {dag.py:3823} INFO - Setting next_dagrun for example_subdag_operator to 2022-01-01 00:00:00+00:00, run_after=2022-01-01 00:00:00+00:00
[2025-11-02T18:44:23.249+0000] {logging_mixin.py:188} INFO - [2025-11-02T18:44:23.248+0000] {dag.py:3823} INFO - Setting next_dagrun for example_subdag_operator.section-1 to None, run_after=None
[2025-11-02T18:44:23.259+0000] {logging_mixin.py:188} INFO - [2025-11-02T18:44:23.258+0000] {dag.py:3823} INFO - Setting next_dagrun for example_subdag_operator.section-2 to None, run_after=None
[2025-11-02T18:44:23.289+0000] {logging_mixin.py:188} INFO - [2025-11-02T18:44:23.288+0000] {dag.py:3036} INFO - Sync 2 DAGs
[2025-11-02T18:44:23.328+0000] {logging_mixin.py:188} INFO - [2025-11-02T18:44:23.327+0000] {dag.py:3823} INFO - Setting next_dagrun for example_subdag_operator.section-1 to None, run_after=None
[2025-11-02T18:44:23.361+0000] {logging_mixin.py:188} INFO - [2025-11-02T18:44:23.360+0000] {dag.py:3823} INFO - Setting next_dagrun for example_subdag_operator.section-2 to None, run_after=None
[2025-11-02T18:44:23.494+0000] {processor.py:183} INFO - Processing /home/airflow/.local/lib/python3.8/site-packages/airflow/example_dags/example_subdag_operator.py took 0.622 seconds
[2025-11-02T18:44:53.624+0000] {processor.py:161} INFO - Started process (PID=2235) to work on /home/airflow/.local/lib/python3.8/site-packages/airflow/example_dags/example_subdag_operator.py
[2025-11-02T18:44:53.627+0000] {processor.py:830} INFO - Processing file /home/airflow/.local/lib/python3.8/site-packages/airflow/example_dags/example_subdag_operator.py for tasks to queue
[2025-11-02T18:44:53.634+0000] {logging_mixin.py:188} INFO - [2025-11-02T18:44:53.634+0000] {dagbag.py:538} INFO - Filling up the DagBag from /home/airflow/.local/lib/python3.8/site-packages/airflow/example_dags/example_subdag_operator.py
[2025-11-02T18:44:53.700+0000] {processor.py:840} INFO - DAG(s) 'example_subdag_operator.section-1', 'example_subdag_operator.section-2', 'example_subdag_operator' retrieved from /home/airflow/.local/lib/python3.8/site-packages/airflow/example_dags/example_subdag_operator.py
[2025-11-02T18:44:53.739+0000] {logging_mixin.py:188} INFO - [2025-11-02T18:44:53.739+0000] {dag.py:3036} INFO - Sync 3 DAGs
[2025-11-02T18:44:53.793+0000] {logging_mixin.py:188} INFO - [2025-11-02T18:44:53.792+0000] {dag.py:3823} INFO - Setting next_dagrun for example_subdag_operator to 2022-01-01 00:00:00+00:00, run_after=2022-01-01 00:00:00+00:00
[2025-11-02T18:44:53.815+0000] {logging_mixin.py:188} INFO - [2025-11-02T18:44:53.815+0000] {dag.py:3823} INFO - Setting next_dagrun for example_subdag_operator.section-1 to None, run_after=None
[2025-11-02T18:44:53.830+0000] {logging_mixin.py:188} INFO - [2025-11-02T18:44:53.829+0000] {dag.py:3823} INFO - Setting next_dagrun for example_subdag_operator.section-2 to None, run_after=None
[2025-11-02T18:44:53.855+0000] {logging_mixin.py:188} INFO - [2025-11-02T18:44:53.854+0000] {dag.py:3036} INFO - Sync 2 DAGs
[2025-11-02T18:44:53.873+0000] {logging_mixin.py:188} INFO - [2025-11-02T18:44:53.872+0000] {dag.py:3823} INFO - Setting next_dagrun for example_subdag_operator.section-1 to None, run_after=None
[2025-11-02T18:44:53.875+0000] {logging_mixin.py:188} INFO - [2025-11-02T18:44:53.874+0000] {dag.py:3823} INFO - Setting next_dagrun for example_subdag_operator.section-2 to None, run_after=None
[2025-11-02T18:44:53.914+0000] {processor.py:183} INFO - Processing /home/airflow/.local/lib/python3.8/site-packages/airflow/example_dags/example_subdag_operator.py took 0.300 seconds
[2025-11-02T18:45:24.042+0000] {processor.py:161} INFO - Started process (PID=2290) to work on /home/airflow/.local/lib/python3.8/site-packages/airflow/example_dags/example_subdag_operator.py
[2025-11-02T18:45:24.047+0000] {processor.py:830} INFO - Processing file /home/airflow/.local/lib/python3.8/site-packages/airflow/example_dags/example_subdag_operator.py for tasks to queue
[2025-11-02T18:45:24.057+0000] {logging_mixin.py:188} INFO - [2025-11-02T18:45:24.056+0000] {dagbag.py:538} INFO - Filling up the DagBag from /home/airflow/.local/lib/python3.8/site-packages/airflow/example_dags/example_subdag_operator.py
[2025-11-02T18:45:24.123+0000] {processor.py:840} INFO - DAG(s) 'example_subdag_operator.section-1', 'example_subdag_operator.section-2', 'example_subdag_operator' retrieved from /home/airflow/.local/lib/python3.8/site-packages/airflow/example_dags/example_subdag_operator.py
[2025-11-02T18:45:24.165+0000] {logging_mixin.py:188} INFO - [2025-11-02T18:45:24.164+0000] {dag.py:3036} INFO - Sync 3 DAGs
[2025-11-02T18:45:24.216+0000] {logging_mixin.py:188} INFO - [2025-11-02T18:45:24.216+0000] {dag.py:3823} INFO - Setting next_dagrun for example_subdag_operator to 2022-01-01 00:00:00+00:00, run_after=2022-01-01 00:00:00+00:00
[2025-11-02T18:45:24.227+0000] {logging_mixin.py:188} INFO - [2025-11-02T18:45:24.226+0000] {dag.py:3823} INFO - Setting next_dagrun for example_subdag_operator.section-1 to None, run_after=None
[2025-11-02T18:45:24.234+0000] {logging_mixin.py:188} INFO - [2025-11-02T18:45:24.234+0000] {dag.py:3823} INFO - Setting next_dagrun for example_subdag_operator.section-2 to None, run_after=None
[2025-11-02T18:45:24.253+0000] {logging_mixin.py:188} INFO - [2025-11-02T18:45:24.253+0000] {dag.py:3036} INFO - Sync 2 DAGs
[2025-11-02T18:45:24.268+0000] {logging_mixin.py:188} INFO - [2025-11-02T18:45:24.267+0000] {dag.py:3823} INFO - Setting next_dagrun for example_subdag_operator.section-1 to None, run_after=None
[2025-11-02T18:45:24.270+0000] {logging_mixin.py:188} INFO - [2025-11-02T18:45:24.269+0000] {dag.py:3823} INFO - Setting next_dagrun for example_subdag_operator.section-2 to None, run_after=None
[2025-11-02T18:45:24.299+0000] {processor.py:183} INFO - Processing /home/airflow/.local/lib/python3.8/site-packages/airflow/example_dags/example_subdag_operator.py took 0.270 seconds
[2025-11-02T18:45:54.890+0000] {processor.py:161} INFO - Started process (PID=2345) to work on /home/airflow/.local/lib/python3.8/site-packages/airflow/example_dags/example_subdag_operator.py
[2025-11-02T18:45:54.894+0000] {processor.py:830} INFO - Processing file /home/airflow/.local/lib/python3.8/site-packages/airflow/example_dags/example_subdag_operator.py for tasks to queue
[2025-11-02T18:45:54.907+0000] {logging_mixin.py:188} INFO - [2025-11-02T18:45:54.905+0000] {dagbag.py:538} INFO - Filling up the DagBag from /home/airflow/.local/lib/python3.8/site-packages/airflow/example_dags/example_subdag_operator.py
[2025-11-02T18:45:55.062+0000] {processor.py:840} INFO - DAG(s) 'example_subdag_operator.section-1', 'example_subdag_operator.section-2', 'example_subdag_operator' retrieved from /home/airflow/.local/lib/python3.8/site-packages/airflow/example_dags/example_subdag_operator.py
[2025-11-02T18:45:55.121+0000] {logging_mixin.py:188} INFO - [2025-11-02T18:45:55.121+0000] {dag.py:3036} INFO - Sync 3 DAGs
[2025-11-02T18:45:55.198+0000] {logging_mixin.py:188} INFO - [2025-11-02T18:45:55.198+0000] {dag.py:3823} INFO - Setting next_dagrun for example_subdag_operator to 2022-01-01 00:00:00+00:00, run_after=2022-01-01 00:00:00+00:00
[2025-11-02T18:45:55.206+0000] {logging_mixin.py:188} INFO - [2025-11-02T18:45:55.205+0000] {dag.py:3823} INFO - Setting next_dagrun for example_subdag_operator.section-1 to None, run_after=None
[2025-11-02T18:45:55.211+0000] {logging_mixin.py:188} INFO - [2025-11-02T18:45:55.211+0000] {dag.py:3823} INFO - Setting next_dagrun for example_subdag_operator.section-2 to None, run_after=None
[2025-11-02T18:45:55.227+0000] {logging_mixin.py:188} INFO - [2025-11-02T18:45:55.226+0000] {dag.py:3036} INFO - Sync 2 DAGs
[2025-11-02T18:45:55.240+0000] {logging_mixin.py:188} INFO - [2025-11-02T18:45:55.239+0000] {dag.py:3823} INFO - Setting next_dagrun for example_subdag_operator.section-1 to None, run_after=None
[2025-11-02T18:45:55.241+0000] {logging_mixin.py:188} INFO - [2025-11-02T18:45:55.241+0000] {dag.py:3823} INFO - Setting next_dagrun for example_subdag_operator.section-2 to None, run_after=None
[2025-11-02T18:45:55.270+0000] {processor.py:183} INFO - Processing /home/airflow/.local/lib/python3.8/site-packages/airflow/example_dags/example_subdag_operator.py took 0.400 seconds
[2025-11-02T18:46:25.740+0000] {processor.py:161} INFO - Started process (PID=2400) to work on /home/airflow/.local/lib/python3.8/site-packages/airflow/example_dags/example_subdag_operator.py
[2025-11-02T18:46:25.743+0000] {processor.py:830} INFO - Processing file /home/airflow/.local/lib/python3.8/site-packages/airflow/example_dags/example_subdag_operator.py for tasks to queue
[2025-11-02T18:46:25.750+0000] {logging_mixin.py:188} INFO - [2025-11-02T18:46:25.749+0000] {dagbag.py:538} INFO - Filling up the DagBag from /home/airflow/.local/lib/python3.8/site-packages/airflow/example_dags/example_subdag_operator.py
[2025-11-02T18:46:25.827+0000] {processor.py:840} INFO - DAG(s) 'example_subdag_operator.section-1', 'example_subdag_operator.section-2', 'example_subdag_operator' retrieved from /home/airflow/.local/lib/python3.8/site-packages/airflow/example_dags/example_subdag_operator.py
[2025-11-02T18:46:25.879+0000] {logging_mixin.py:188} INFO - [2025-11-02T18:46:25.879+0000] {dag.py:3036} INFO - Sync 3 DAGs
[2025-11-02T18:46:25.939+0000] {logging_mixin.py:188} INFO - [2025-11-02T18:46:25.938+0000] {dag.py:3823} INFO - Setting next_dagrun for example_subdag_operator to 2022-01-01 00:00:00+00:00, run_after=2022-01-01 00:00:00+00:00
[2025-11-02T18:46:25.946+0000] {logging_mixin.py:188} INFO - [2025-11-02T18:46:25.945+0000] {dag.py:3823} INFO - Setting next_dagrun for example_subdag_operator.section-1 to None, run_after=None
[2025-11-02T18:46:25.949+0000] {logging_mixin.py:188} INFO - [2025-11-02T18:46:25.948+0000] {dag.py:3823} INFO - Setting next_dagrun for example_subdag_operator.section-2 to None, run_after=None
[2025-11-02T18:46:25.964+0000] {logging_mixin.py:188} INFO - [2025-11-02T18:46:25.964+0000] {dag.py:3036} INFO - Sync 2 DAGs
[2025-11-02T18:46:25.976+0000] {logging_mixin.py:188} INFO - [2025-11-02T18:46:25.975+0000] {dag.py:3823} INFO - Setting next_dagrun for example_subdag_operator.section-1 to None, run_after=None
[2025-11-02T18:46:25.977+0000] {logging_mixin.py:188} INFO - [2025-11-02T18:46:25.977+0000] {dag.py:3823} INFO - Setting next_dagrun for example_subdag_operator.section-2 to None, run_after=None
[2025-11-02T18:46:26.010+0000] {processor.py:183} INFO - Processing /home/airflow/.local/lib/python3.8/site-packages/airflow/example_dags/example_subdag_operator.py took 0.280 seconds
[2025-11-02T18:46:56.248+0000] {processor.py:161} INFO - Started process (PID=2461) to work on /home/airflow/.local/lib/python3.8/site-packages/airflow/example_dags/example_subdag_operator.py
[2025-11-02T18:46:56.255+0000] {processor.py:830} INFO - Processing file /home/airflow/.local/lib/python3.8/site-packages/airflow/example_dags/example_subdag_operator.py for tasks to queue
[2025-11-02T18:46:56.269+0000] {logging_mixin.py:188} INFO - [2025-11-02T18:46:56.268+0000] {dagbag.py:538} INFO - Filling up the DagBag from /home/airflow/.local/lib/python3.8/site-packages/airflow/example_dags/example_subdag_operator.py
[2025-11-02T18:46:56.413+0000] {processor.py:840} INFO - DAG(s) 'example_subdag_operator.section-1', 'example_subdag_operator.section-2', 'example_subdag_operator' retrieved from /home/airflow/.local/lib/python3.8/site-packages/airflow/example_dags/example_subdag_operator.py
[2025-11-02T18:46:56.491+0000] {logging_mixin.py:188} INFO - [2025-11-02T18:46:56.490+0000] {dag.py:3036} INFO - Sync 3 DAGs
[2025-11-02T18:46:56.623+0000] {logging_mixin.py:188} INFO - [2025-11-02T18:46:56.623+0000] {dag.py:3823} INFO - Setting next_dagrun for example_subdag_operator to 2022-01-01 00:00:00+00:00, run_after=2022-01-01 00:00:00+00:00
[2025-11-02T18:46:56.638+0000] {logging_mixin.py:188} INFO - [2025-11-02T18:46:56.638+0000] {dag.py:3823} INFO - Setting next_dagrun for example_subdag_operator.section-1 to None, run_after=None
[2025-11-02T18:46:56.645+0000] {logging_mixin.py:188} INFO - [2025-11-02T18:46:56.644+0000] {dag.py:3823} INFO - Setting next_dagrun for example_subdag_operator.section-2 to None, run_after=None
[2025-11-02T18:46:56.674+0000] {logging_mixin.py:188} INFO - [2025-11-02T18:46:56.673+0000] {dag.py:3036} INFO - Sync 2 DAGs
[2025-11-02T18:46:56.718+0000] {logging_mixin.py:188} INFO - [2025-11-02T18:46:56.717+0000] {dag.py:3823} INFO - Setting next_dagrun for example_subdag_operator.section-1 to None, run_after=None
[2025-11-02T18:46:56.731+0000] {logging_mixin.py:188} INFO - [2025-11-02T18:46:56.730+0000] {dag.py:3823} INFO - Setting next_dagrun for example_subdag_operator.section-2 to None, run_after=None
[2025-11-02T18:46:56.811+0000] {processor.py:183} INFO - Processing /home/airflow/.local/lib/python3.8/site-packages/airflow/example_dags/example_subdag_operator.py took 0.588 seconds
[2025-11-02T18:47:27.241+0000] {processor.py:161} INFO - Started process (PID=2516) to work on /home/airflow/.local/lib/python3.8/site-packages/airflow/example_dags/example_subdag_operator.py
[2025-11-02T18:47:27.244+0000] {processor.py:830} INFO - Processing file /home/airflow/.local/lib/python3.8/site-packages/airflow/example_dags/example_subdag_operator.py for tasks to queue
[2025-11-02T18:47:27.249+0000] {logging_mixin.py:188} INFO - [2025-11-02T18:47:27.248+0000] {dagbag.py:538} INFO - Filling up the DagBag from /home/airflow/.local/lib/python3.8/site-packages/airflow/example_dags/example_subdag_operator.py
[2025-11-02T18:47:27.307+0000] {processor.py:840} INFO - DAG(s) 'example_subdag_operator.section-1', 'example_subdag_operator.section-2', 'example_subdag_operator' retrieved from /home/airflow/.local/lib/python3.8/site-packages/airflow/example_dags/example_subdag_operator.py
[2025-11-02T18:47:27.344+0000] {logging_mixin.py:188} INFO - [2025-11-02T18:47:27.343+0000] {dag.py:3036} INFO - Sync 3 DAGs
[2025-11-02T18:47:27.402+0000] {logging_mixin.py:188} INFO - [2025-11-02T18:47:27.401+0000] {dag.py:3823} INFO - Setting next_dagrun for example_subdag_operator to 2022-01-01 00:00:00+00:00, run_after=2022-01-01 00:00:00+00:00
[2025-11-02T18:47:27.423+0000] {logging_mixin.py:188} INFO - [2025-11-02T18:47:27.422+0000] {dag.py:3823} INFO - Setting next_dagrun for example_subdag_operator.section-1 to None, run_after=None
[2025-11-02T18:47:27.435+0000] {logging_mixin.py:188} INFO - [2025-11-02T18:47:27.434+0000] {dag.py:3823} INFO - Setting next_dagrun for example_subdag_operator.section-2 to None, run_after=None
[2025-11-02T18:47:27.459+0000] {logging_mixin.py:188} INFO - [2025-11-02T18:47:27.459+0000] {dag.py:3036} INFO - Sync 2 DAGs
[2025-11-02T18:47:27.480+0000] {logging_mixin.py:188} INFO - [2025-11-02T18:47:27.479+0000] {dag.py:3823} INFO - Setting next_dagrun for example_subdag_operator.section-1 to None, run_after=None
[2025-11-02T18:47:27.482+0000] {logging_mixin.py:188} INFO - [2025-11-02T18:47:27.482+0000] {dag.py:3823} INFO - Setting next_dagrun for example_subdag_operator.section-2 to None, run_after=None
[2025-11-02T18:47:27.508+0000] {processor.py:183} INFO - Processing /home/airflow/.local/lib/python3.8/site-packages/airflow/example_dags/example_subdag_operator.py took 0.278 seconds
[2025-11-02T18:47:58.326+0000] {processor.py:161} INFO - Started process (PID=2570) to work on /home/airflow/.local/lib/python3.8/site-packages/airflow/example_dags/example_subdag_operator.py
[2025-11-02T18:47:58.330+0000] {processor.py:830} INFO - Processing file /home/airflow/.local/lib/python3.8/site-packages/airflow/example_dags/example_subdag_operator.py for tasks to queue
[2025-11-02T18:47:58.338+0000] {logging_mixin.py:188} INFO - [2025-11-02T18:47:58.337+0000] {dagbag.py:538} INFO - Filling up the DagBag from /home/airflow/.local/lib/python3.8/site-packages/airflow/example_dags/example_subdag_operator.py
[2025-11-02T18:47:58.439+0000] {processor.py:840} INFO - DAG(s) 'example_subdag_operator.section-1', 'example_subdag_operator.section-2', 'example_subdag_operator' retrieved from /home/airflow/.local/lib/python3.8/site-packages/airflow/example_dags/example_subdag_operator.py
[2025-11-02T18:47:58.508+0000] {logging_mixin.py:188} INFO - [2025-11-02T18:47:58.507+0000] {dag.py:3036} INFO - Sync 3 DAGs
[2025-11-02T18:47:59.015+0000] {logging_mixin.py:188} INFO - [2025-11-02T18:47:59.014+0000] {dag.py:3823} INFO - Setting next_dagrun for example_subdag_operator to 2022-01-01 00:00:00+00:00, run_after=2022-01-01 00:00:00+00:00
[2025-11-02T18:47:59.032+0000] {logging_mixin.py:188} INFO - [2025-11-02T18:47:59.031+0000] {dag.py:3823} INFO - Setting next_dagrun for example_subdag_operator.section-1 to None, run_after=None
[2025-11-02T18:47:59.037+0000] {logging_mixin.py:188} INFO - [2025-11-02T18:47:59.036+0000] {dag.py:3823} INFO - Setting next_dagrun for example_subdag_operator.section-2 to None, run_after=None
[2025-11-02T18:47:59.065+0000] {logging_mixin.py:188} INFO - [2025-11-02T18:47:59.065+0000] {dag.py:3036} INFO - Sync 2 DAGs
[2025-11-02T18:47:59.085+0000] {logging_mixin.py:188} INFO - [2025-11-02T18:47:59.085+0000] {dag.py:3823} INFO - Setting next_dagrun for example_subdag_operator.section-1 to None, run_after=None
[2025-11-02T18:47:59.088+0000] {logging_mixin.py:188} INFO - [2025-11-02T18:47:59.087+0000] {dag.py:3823} INFO - Setting next_dagrun for example_subdag_operator.section-2 to None, run_after=None
[2025-11-02T18:47:59.155+0000] {processor.py:183} INFO - Processing /home/airflow/.local/lib/python3.8/site-packages/airflow/example_dags/example_subdag_operator.py took 0.841 seconds
[2025-11-02T18:48:29.950+0000] {processor.py:161} INFO - Started process (PID=2625) to work on /home/airflow/.local/lib/python3.8/site-packages/airflow/example_dags/example_subdag_operator.py
[2025-11-02T18:48:29.955+0000] {processor.py:830} INFO - Processing file /home/airflow/.local/lib/python3.8/site-packages/airflow/example_dags/example_subdag_operator.py for tasks to queue
[2025-11-02T18:48:29.960+0000] {logging_mixin.py:188} INFO - [2025-11-02T18:48:29.959+0000] {dagbag.py:538} INFO - Filling up the DagBag from /home/airflow/.local/lib/python3.8/site-packages/airflow/example_dags/example_subdag_operator.py
[2025-11-02T18:48:30.019+0000] {processor.py:840} INFO - DAG(s) 'example_subdag_operator.section-1', 'example_subdag_operator.section-2', 'example_subdag_operator' retrieved from /home/airflow/.local/lib/python3.8/site-packages/airflow/example_dags/example_subdag_operator.py
[2025-11-02T18:48:30.054+0000] {logging_mixin.py:188} INFO - [2025-11-02T18:48:30.053+0000] {dag.py:3036} INFO - Sync 3 DAGs
[2025-11-02T18:48:30.106+0000] {logging_mixin.py:188} INFO - [2025-11-02T18:48:30.106+0000] {dag.py:3823} INFO - Setting next_dagrun for example_subdag_operator to 2022-01-01 00:00:00+00:00, run_after=2022-01-01 00:00:00+00:00
[2025-11-02T18:48:30.114+0000] {logging_mixin.py:188} INFO - [2025-11-02T18:48:30.114+0000] {dag.py:3823} INFO - Setting next_dagrun for example_subdag_operator.section-1 to None, run_after=None
[2025-11-02T18:48:30.118+0000] {logging_mixin.py:188} INFO - [2025-11-02T18:48:30.117+0000] {dag.py:3823} INFO - Setting next_dagrun for example_subdag_operator.section-2 to None, run_after=None
[2025-11-02T18:48:30.416+0000] {logging_mixin.py:188} INFO - [2025-11-02T18:48:30.415+0000] {dag.py:3036} INFO - Sync 2 DAGs
[2025-11-02T18:48:30.432+0000] {logging_mixin.py:188} INFO - [2025-11-02T18:48:30.431+0000] {dag.py:3823} INFO - Setting next_dagrun for example_subdag_operator.section-1 to None, run_after=None
[2025-11-02T18:48:30.434+0000] {logging_mixin.py:188} INFO - [2025-11-02T18:48:30.434+0000] {dag.py:3823} INFO - Setting next_dagrun for example_subdag_operator.section-2 to None, run_after=None
[2025-11-02T18:48:30.467+0000] {processor.py:183} INFO - Processing /home/airflow/.local/lib/python3.8/site-packages/airflow/example_dags/example_subdag_operator.py took 0.529 seconds
[2025-11-02T18:49:01.410+0000] {processor.py:161} INFO - Started process (PID=2681) to work on /home/airflow/.local/lib/python3.8/site-packages/airflow/example_dags/example_subdag_operator.py
[2025-11-02T18:49:01.413+0000] {processor.py:830} INFO - Processing file /home/airflow/.local/lib/python3.8/site-packages/airflow/example_dags/example_subdag_operator.py for tasks to queue
[2025-11-02T18:49:01.417+0000] {logging_mixin.py:188} INFO - [2025-11-02T18:49:01.417+0000] {dagbag.py:538} INFO - Filling up the DagBag from /home/airflow/.local/lib/python3.8/site-packages/airflow/example_dags/example_subdag_operator.py
[2025-11-02T18:49:01.471+0000] {processor.py:840} INFO - DAG(s) 'example_subdag_operator.section-1', 'example_subdag_operator.section-2', 'example_subdag_operator' retrieved from /home/airflow/.local/lib/python3.8/site-packages/airflow/example_dags/example_subdag_operator.py
[2025-11-02T18:49:01.501+0000] {logging_mixin.py:188} INFO - [2025-11-02T18:49:01.501+0000] {dag.py:3036} INFO - Sync 3 DAGs
[2025-11-02T18:49:01.542+0000] {logging_mixin.py:188} INFO - [2025-11-02T18:49:01.542+0000] {dag.py:3823} INFO - Setting next_dagrun for example_subdag_operator to 2022-01-01 00:00:00+00:00, run_after=2022-01-01 00:00:00+00:00
[2025-11-02T18:49:01.550+0000] {logging_mixin.py:188} INFO - [2025-11-02T18:49:01.549+0000] {dag.py:3823} INFO - Setting next_dagrun for example_subdag_operator.section-1 to None, run_after=None
[2025-11-02T18:49:01.553+0000] {logging_mixin.py:188} INFO - [2025-11-02T18:49:01.553+0000] {dag.py:3823} INFO - Setting next_dagrun for example_subdag_operator.section-2 to None, run_after=None
[2025-11-02T18:49:01.568+0000] {logging_mixin.py:188} INFO - [2025-11-02T18:49:01.567+0000] {dag.py:3036} INFO - Sync 2 DAGs
[2025-11-02T18:49:01.582+0000] {logging_mixin.py:188} INFO - [2025-11-02T18:49:01.582+0000] {dag.py:3823} INFO - Setting next_dagrun for example_subdag_operator.section-1 to None, run_after=None
[2025-11-02T18:49:01.583+0000] {logging_mixin.py:188} INFO - [2025-11-02T18:49:01.583+0000] {dag.py:3823} INFO - Setting next_dagrun for example_subdag_operator.section-2 to None, run_after=None
[2025-11-02T18:49:01.612+0000] {processor.py:183} INFO - Processing /home/airflow/.local/lib/python3.8/site-packages/airflow/example_dags/example_subdag_operator.py took 0.212 seconds
[2025-11-02T18:49:31.841+0000] {processor.py:161} INFO - Started process (PID=2736) to work on /home/airflow/.local/lib/python3.8/site-packages/airflow/example_dags/example_subdag_operator.py
[2025-11-02T18:49:31.845+0000] {processor.py:830} INFO - Processing file /home/airflow/.local/lib/python3.8/site-packages/airflow/example_dags/example_subdag_operator.py for tasks to queue
[2025-11-02T18:49:31.852+0000] {logging_mixin.py:188} INFO - [2025-11-02T18:49:31.851+0000] {dagbag.py:538} INFO - Filling up the DagBag from /home/airflow/.local/lib/python3.8/site-packages/airflow/example_dags/example_subdag_operator.py
[2025-11-02T18:49:31.959+0000] {processor.py:840} INFO - DAG(s) 'example_subdag_operator.section-1', 'example_subdag_operator.section-2', 'example_subdag_operator' retrieved from /home/airflow/.local/lib/python3.8/site-packages/airflow/example_dags/example_subdag_operator.py
[2025-11-02T18:49:32.006+0000] {logging_mixin.py:188} INFO - [2025-11-02T18:49:32.005+0000] {dag.py:3036} INFO - Sync 3 DAGs
[2025-11-02T18:49:32.087+0000] {logging_mixin.py:188} INFO - [2025-11-02T18:49:32.087+0000] {dag.py:3823} INFO - Setting next_dagrun for example_subdag_operator to 2022-01-01 00:00:00+00:00, run_after=2022-01-01 00:00:00+00:00
[2025-11-02T18:49:32.096+0000] {logging_mixin.py:188} INFO - [2025-11-02T18:49:32.095+0000] {dag.py:3823} INFO - Setting next_dagrun for example_subdag_operator.section-1 to None, run_after=None
[2025-11-02T18:49:32.099+0000] {logging_mixin.py:188} INFO - [2025-11-02T18:49:32.099+0000] {dag.py:3823} INFO - Setting next_dagrun for example_subdag_operator.section-2 to None, run_after=None
[2025-11-02T18:49:32.121+0000] {logging_mixin.py:188} INFO - [2025-11-02T18:49:32.121+0000] {dag.py:3036} INFO - Sync 2 DAGs
[2025-11-02T18:49:32.137+0000] {logging_mixin.py:188} INFO - [2025-11-02T18:49:32.137+0000] {dag.py:3823} INFO - Setting next_dagrun for example_subdag_operator.section-1 to None, run_after=None
[2025-11-02T18:49:32.140+0000] {logging_mixin.py:188} INFO - [2025-11-02T18:49:32.139+0000] {dag.py:3823} INFO - Setting next_dagrun for example_subdag_operator.section-2 to None, run_after=None
[2025-11-02T18:49:32.175+0000] {processor.py:183} INFO - Processing /home/airflow/.local/lib/python3.8/site-packages/airflow/example_dags/example_subdag_operator.py took 0.344 seconds
[2025-11-02T18:50:02.450+0000] {processor.py:161} INFO - Started process (PID=2789) to work on /home/airflow/.local/lib/python3.8/site-packages/airflow/example_dags/example_subdag_operator.py
[2025-11-02T18:50:02.454+0000] {processor.py:830} INFO - Processing file /home/airflow/.local/lib/python3.8/site-packages/airflow/example_dags/example_subdag_operator.py for tasks to queue
[2025-11-02T18:50:02.463+0000] {logging_mixin.py:188} INFO - [2025-11-02T18:50:02.462+0000] {dagbag.py:538} INFO - Filling up the DagBag from /home/airflow/.local/lib/python3.8/site-packages/airflow/example_dags/example_subdag_operator.py
[2025-11-02T18:50:02.549+0000] {processor.py:840} INFO - DAG(s) 'example_subdag_operator.section-1', 'example_subdag_operator.section-2', 'example_subdag_operator' retrieved from /home/airflow/.local/lib/python3.8/site-packages/airflow/example_dags/example_subdag_operator.py
[2025-11-02T18:50:02.941+0000] {logging_mixin.py:188} INFO - [2025-11-02T18:50:02.940+0000] {dag.py:3036} INFO - Sync 3 DAGs
[2025-11-02T18:50:02.990+0000] {logging_mixin.py:188} INFO - [2025-11-02T18:50:02.989+0000] {dag.py:3823} INFO - Setting next_dagrun for example_subdag_operator to 2022-01-01 00:00:00+00:00, run_after=2022-01-01 00:00:00+00:00
[2025-11-02T18:50:02.997+0000] {logging_mixin.py:188} INFO - [2025-11-02T18:50:02.997+0000] {dag.py:3823} INFO - Setting next_dagrun for example_subdag_operator.section-1 to None, run_after=None
[2025-11-02T18:50:03.001+0000] {logging_mixin.py:188} INFO - [2025-11-02T18:50:03.000+0000] {dag.py:3823} INFO - Setting next_dagrun for example_subdag_operator.section-2 to None, run_after=None
[2025-11-02T18:50:03.018+0000] {logging_mixin.py:188} INFO - [2025-11-02T18:50:03.017+0000] {dag.py:3036} INFO - Sync 2 DAGs
[2025-11-02T18:50:03.033+0000] {logging_mixin.py:188} INFO - [2025-11-02T18:50:03.032+0000] {dag.py:3823} INFO - Setting next_dagrun for example_subdag_operator.section-1 to None, run_after=None
[2025-11-02T18:50:03.034+0000] {logging_mixin.py:188} INFO - [2025-11-02T18:50:03.034+0000] {dag.py:3823} INFO - Setting next_dagrun for example_subdag_operator.section-2 to None, run_after=None
[2025-11-02T18:50:03.101+0000] {processor.py:183} INFO - Processing /home/airflow/.local/lib/python3.8/site-packages/airflow/example_dags/example_subdag_operator.py took 0.666 seconds
[2025-11-02T18:50:33.417+0000] {processor.py:161} INFO - Started process (PID=2844) to work on /home/airflow/.local/lib/python3.8/site-packages/airflow/example_dags/example_subdag_operator.py
[2025-11-02T18:50:33.421+0000] {processor.py:830} INFO - Processing file /home/airflow/.local/lib/python3.8/site-packages/airflow/example_dags/example_subdag_operator.py for tasks to queue
[2025-11-02T18:50:33.427+0000] {logging_mixin.py:188} INFO - [2025-11-02T18:50:33.426+0000] {dagbag.py:538} INFO - Filling up the DagBag from /home/airflow/.local/lib/python3.8/site-packages/airflow/example_dags/example_subdag_operator.py
[2025-11-02T18:50:33.503+0000] {processor.py:840} INFO - DAG(s) 'example_subdag_operator.section-1', 'example_subdag_operator.section-2', 'example_subdag_operator' retrieved from /home/airflow/.local/lib/python3.8/site-packages/airflow/example_dags/example_subdag_operator.py
[2025-11-02T18:50:33.551+0000] {logging_mixin.py:188} INFO - [2025-11-02T18:50:33.550+0000] {dag.py:3036} INFO - Sync 3 DAGs
[2025-11-02T18:50:33.954+0000] {logging_mixin.py:188} INFO - [2025-11-02T18:50:33.954+0000] {dag.py:3823} INFO - Setting next_dagrun for example_subdag_operator to 2022-01-01 00:00:00+00:00, run_after=2022-01-01 00:00:00+00:00
[2025-11-02T18:50:33.963+0000] {logging_mixin.py:188} INFO - [2025-11-02T18:50:33.963+0000] {dag.py:3823} INFO - Setting next_dagrun for example_subdag_operator.section-1 to None, run_after=None
[2025-11-02T18:50:33.969+0000] {logging_mixin.py:188} INFO - [2025-11-02T18:50:33.968+0000] {dag.py:3823} INFO - Setting next_dagrun for example_subdag_operator.section-2 to None, run_after=None
[2025-11-02T18:50:33.991+0000] {logging_mixin.py:188} INFO - [2025-11-02T18:50:33.990+0000] {dag.py:3036} INFO - Sync 2 DAGs
[2025-11-02T18:50:34.005+0000] {logging_mixin.py:188} INFO - [2025-11-02T18:50:34.004+0000] {dag.py:3823} INFO - Setting next_dagrun for example_subdag_operator.section-1 to None, run_after=None
[2025-11-02T18:50:34.007+0000] {logging_mixin.py:188} INFO - [2025-11-02T18:50:34.006+0000] {dag.py:3823} INFO - Setting next_dagrun for example_subdag_operator.section-2 to None, run_after=None
[2025-11-02T18:50:34.049+0000] {processor.py:183} INFO - Processing /home/airflow/.local/lib/python3.8/site-packages/airflow/example_dags/example_subdag_operator.py took 0.641 seconds
[2025-11-02T18:51:05.091+0000] {processor.py:161} INFO - Started process (PID=2899) to work on /home/airflow/.local/lib/python3.8/site-packages/airflow/example_dags/example_subdag_operator.py
[2025-11-02T18:51:05.100+0000] {processor.py:830} INFO - Processing file /home/airflow/.local/lib/python3.8/site-packages/airflow/example_dags/example_subdag_operator.py for tasks to queue
[2025-11-02T18:51:05.110+0000] {logging_mixin.py:188} INFO - [2025-11-02T18:51:05.109+0000] {dagbag.py:538} INFO - Filling up the DagBag from /home/airflow/.local/lib/python3.8/site-packages/airflow/example_dags/example_subdag_operator.py
[2025-11-02T18:51:05.264+0000] {processor.py:840} INFO - DAG(s) 'example_subdag_operator.section-1', 'example_subdag_operator.section-2', 'example_subdag_operator' retrieved from /home/airflow/.local/lib/python3.8/site-packages/airflow/example_dags/example_subdag_operator.py
[2025-11-02T18:51:05.307+0000] {logging_mixin.py:188} INFO - [2025-11-02T18:51:05.305+0000] {dag.py:3036} INFO - Sync 3 DAGs
[2025-11-02T18:51:05.370+0000] {logging_mixin.py:188} INFO - [2025-11-02T18:51:05.370+0000] {dag.py:3823} INFO - Setting next_dagrun for example_subdag_operator to 2022-01-01 00:00:00+00:00, run_after=2022-01-01 00:00:00+00:00
[2025-11-02T18:51:05.383+0000] {logging_mixin.py:188} INFO - [2025-11-02T18:51:05.383+0000] {dag.py:3823} INFO - Setting next_dagrun for example_subdag_operator.section-1 to None, run_after=None
[2025-11-02T18:51:05.389+0000] {logging_mixin.py:188} INFO - [2025-11-02T18:51:05.388+0000] {dag.py:3823} INFO - Setting next_dagrun for example_subdag_operator.section-2 to None, run_after=None
[2025-11-02T18:51:05.411+0000] {logging_mixin.py:188} INFO - [2025-11-02T18:51:05.410+0000] {dag.py:3036} INFO - Sync 2 DAGs
[2025-11-02T18:51:05.427+0000] {logging_mixin.py:188} INFO - [2025-11-02T18:51:05.427+0000] {dag.py:3823} INFO - Setting next_dagrun for example_subdag_operator.section-1 to None, run_after=None
[2025-11-02T18:51:05.429+0000] {logging_mixin.py:188} INFO - [2025-11-02T18:51:05.428+0000] {dag.py:3823} INFO - Setting next_dagrun for example_subdag_operator.section-2 to None, run_after=None
[2025-11-02T18:51:05.474+0000] {processor.py:183} INFO - Processing /home/airflow/.local/lib/python3.8/site-packages/airflow/example_dags/example_subdag_operator.py took 0.408 seconds
[2025-11-02T18:51:36.328+0000] {processor.py:161} INFO - Started process (PID=2954) to work on /home/airflow/.local/lib/python3.8/site-packages/airflow/example_dags/example_subdag_operator.py
[2025-11-02T18:51:36.331+0000] {processor.py:830} INFO - Processing file /home/airflow/.local/lib/python3.8/site-packages/airflow/example_dags/example_subdag_operator.py for tasks to queue
[2025-11-02T18:51:36.338+0000] {logging_mixin.py:188} INFO - [2025-11-02T18:51:36.337+0000] {dagbag.py:538} INFO - Filling up the DagBag from /home/airflow/.local/lib/python3.8/site-packages/airflow/example_dags/example_subdag_operator.py
[2025-11-02T18:51:36.394+0000] {processor.py:840} INFO - DAG(s) 'example_subdag_operator.section-1', 'example_subdag_operator.section-2', 'example_subdag_operator' retrieved from /home/airflow/.local/lib/python3.8/site-packages/airflow/example_dags/example_subdag_operator.py
[2025-11-02T18:51:36.446+0000] {logging_mixin.py:188} INFO - [2025-11-02T18:51:36.445+0000] {dag.py:3036} INFO - Sync 3 DAGs
[2025-11-02T18:51:36.509+0000] {logging_mixin.py:188} INFO - [2025-11-02T18:51:36.508+0000] {dag.py:3823} INFO - Setting next_dagrun for example_subdag_operator to 2022-01-01 00:00:00+00:00, run_after=2022-01-01 00:00:00+00:00
[2025-11-02T18:51:36.521+0000] {logging_mixin.py:188} INFO - [2025-11-02T18:51:36.520+0000] {dag.py:3823} INFO - Setting next_dagrun for example_subdag_operator.section-1 to None, run_after=None
[2025-11-02T18:51:36.525+0000] {logging_mixin.py:188} INFO - [2025-11-02T18:51:36.524+0000] {dag.py:3823} INFO - Setting next_dagrun for example_subdag_operator.section-2 to None, run_after=None
[2025-11-02T18:51:36.547+0000] {logging_mixin.py:188} INFO - [2025-11-02T18:51:36.546+0000] {dag.py:3036} INFO - Sync 2 DAGs
[2025-11-02T18:51:36.560+0000] {logging_mixin.py:188} INFO - [2025-11-02T18:51:36.559+0000] {dag.py:3823} INFO - Setting next_dagrun for example_subdag_operator.section-1 to None, run_after=None
[2025-11-02T18:51:36.561+0000] {logging_mixin.py:188} INFO - [2025-11-02T18:51:36.561+0000] {dag.py:3823} INFO - Setting next_dagrun for example_subdag_operator.section-2 to None, run_after=None
[2025-11-02T18:51:36.596+0000] {processor.py:183} INFO - Processing /home/airflow/.local/lib/python3.8/site-packages/airflow/example_dags/example_subdag_operator.py took 0.280 seconds
[2025-11-02T18:52:06.929+0000] {processor.py:161} INFO - Started process (PID=3009) to work on /home/airflow/.local/lib/python3.8/site-packages/airflow/example_dags/example_subdag_operator.py
[2025-11-02T18:52:06.932+0000] {processor.py:830} INFO - Processing file /home/airflow/.local/lib/python3.8/site-packages/airflow/example_dags/example_subdag_operator.py for tasks to queue
[2025-11-02T18:52:06.941+0000] {logging_mixin.py:188} INFO - [2025-11-02T18:52:06.940+0000] {dagbag.py:538} INFO - Filling up the DagBag from /home/airflow/.local/lib/python3.8/site-packages/airflow/example_dags/example_subdag_operator.py
[2025-11-02T18:52:07.008+0000] {processor.py:840} INFO - DAG(s) 'example_subdag_operator.section-1', 'example_subdag_operator.section-2', 'example_subdag_operator' retrieved from /home/airflow/.local/lib/python3.8/site-packages/airflow/example_dags/example_subdag_operator.py
[2025-11-02T18:52:07.077+0000] {logging_mixin.py:188} INFO - [2025-11-02T18:52:07.075+0000] {dag.py:3036} INFO - Sync 3 DAGs
[2025-11-02T18:52:07.163+0000] {logging_mixin.py:188} INFO - [2025-11-02T18:52:07.162+0000] {dag.py:3823} INFO - Setting next_dagrun for example_subdag_operator to 2022-01-01 00:00:00+00:00, run_after=2022-01-01 00:00:00+00:00
[2025-11-02T18:52:07.177+0000] {logging_mixin.py:188} INFO - [2025-11-02T18:52:07.176+0000] {dag.py:3823} INFO - Setting next_dagrun for example_subdag_operator.section-1 to None, run_after=None
[2025-11-02T18:52:07.181+0000] {logging_mixin.py:188} INFO - [2025-11-02T18:52:07.180+0000] {dag.py:3823} INFO - Setting next_dagrun for example_subdag_operator.section-2 to None, run_after=None
[2025-11-02T18:52:07.204+0000] {logging_mixin.py:188} INFO - [2025-11-02T18:52:07.203+0000] {dag.py:3036} INFO - Sync 2 DAGs
[2025-11-02T18:52:07.229+0000] {logging_mixin.py:188} INFO - [2025-11-02T18:52:07.229+0000] {dag.py:3823} INFO - Setting next_dagrun for example_subdag_operator.section-1 to None, run_after=None
[2025-11-02T18:52:07.231+0000] {logging_mixin.py:188} INFO - [2025-11-02T18:52:07.231+0000] {dag.py:3823} INFO - Setting next_dagrun for example_subdag_operator.section-2 to None, run_after=None
[2025-11-02T18:52:07.273+0000] {processor.py:183} INFO - Processing /home/airflow/.local/lib/python3.8/site-packages/airflow/example_dags/example_subdag_operator.py took 0.360 seconds
[2025-11-02T18:52:37.542+0000] {processor.py:161} INFO - Started process (PID=3064) to work on /home/airflow/.local/lib/python3.8/site-packages/airflow/example_dags/example_subdag_operator.py
[2025-11-02T18:52:37.545+0000] {processor.py:830} INFO - Processing file /home/airflow/.local/lib/python3.8/site-packages/airflow/example_dags/example_subdag_operator.py for tasks to queue
[2025-11-02T18:52:37.553+0000] {logging_mixin.py:188} INFO - [2025-11-02T18:52:37.553+0000] {dagbag.py:538} INFO - Filling up the DagBag from /home/airflow/.local/lib/python3.8/site-packages/airflow/example_dags/example_subdag_operator.py
[2025-11-02T18:52:37.642+0000] {processor.py:840} INFO - DAG(s) 'example_subdag_operator.section-1', 'example_subdag_operator.section-2', 'example_subdag_operator' retrieved from /home/airflow/.local/lib/python3.8/site-packages/airflow/example_dags/example_subdag_operator.py
[2025-11-02T18:52:37.694+0000] {logging_mixin.py:188} INFO - [2025-11-02T18:52:37.693+0000] {dag.py:3036} INFO - Sync 3 DAGs
[2025-11-02T18:52:37.759+0000] {logging_mixin.py:188} INFO - [2025-11-02T18:52:37.758+0000] {dag.py:3823} INFO - Setting next_dagrun for example_subdag_operator to 2022-01-01 00:00:00+00:00, run_after=2022-01-01 00:00:00+00:00
[2025-11-02T18:52:37.781+0000] {logging_mixin.py:188} INFO - [2025-11-02T18:52:37.780+0000] {dag.py:3823} INFO - Setting next_dagrun for example_subdag_operator.section-1 to None, run_after=None
[2025-11-02T18:52:37.788+0000] {logging_mixin.py:188} INFO - [2025-11-02T18:52:37.787+0000] {dag.py:3823} INFO - Setting next_dagrun for example_subdag_operator.section-2 to None, run_after=None
[2025-11-02T18:52:37.827+0000] {logging_mixin.py:188} INFO - [2025-11-02T18:52:37.826+0000] {dag.py:3036} INFO - Sync 2 DAGs
[2025-11-02T18:52:37.846+0000] {logging_mixin.py:188} INFO - [2025-11-02T18:52:37.845+0000] {dag.py:3823} INFO - Setting next_dagrun for example_subdag_operator.section-1 to None, run_after=None
[2025-11-02T18:52:37.850+0000] {logging_mixin.py:188} INFO - [2025-11-02T18:52:37.849+0000] {dag.py:3823} INFO - Setting next_dagrun for example_subdag_operator.section-2 to None, run_after=None
[2025-11-02T18:52:37.926+0000] {processor.py:183} INFO - Processing /home/airflow/.local/lib/python3.8/site-packages/airflow/example_dags/example_subdag_operator.py took 0.392 seconds
[2025-11-02T18:53:08.309+0000] {processor.py:161} INFO - Started process (PID=3119) to work on /home/airflow/.local/lib/python3.8/site-packages/airflow/example_dags/example_subdag_operator.py
[2025-11-02T18:53:08.312+0000] {processor.py:830} INFO - Processing file /home/airflow/.local/lib/python3.8/site-packages/airflow/example_dags/example_subdag_operator.py for tasks to queue
[2025-11-02T18:53:08.319+0000] {logging_mixin.py:188} INFO - [2025-11-02T18:53:08.318+0000] {dagbag.py:538} INFO - Filling up the DagBag from /home/airflow/.local/lib/python3.8/site-packages/airflow/example_dags/example_subdag_operator.py
[2025-11-02T18:53:08.397+0000] {processor.py:840} INFO - DAG(s) 'example_subdag_operator.section-1', 'example_subdag_operator.section-2', 'example_subdag_operator' retrieved from /home/airflow/.local/lib/python3.8/site-packages/airflow/example_dags/example_subdag_operator.py
[2025-11-02T18:53:08.456+0000] {logging_mixin.py:188} INFO - [2025-11-02T18:53:08.455+0000] {dag.py:3036} INFO - Sync 3 DAGs
[2025-11-02T18:53:08.512+0000] {logging_mixin.py:188} INFO - [2025-11-02T18:53:08.511+0000] {dag.py:3823} INFO - Setting next_dagrun for example_subdag_operator to 2022-01-01 00:00:00+00:00, run_after=2022-01-01 00:00:00+00:00
[2025-11-02T18:53:08.521+0000] {logging_mixin.py:188} INFO - [2025-11-02T18:53:08.520+0000] {dag.py:3823} INFO - Setting next_dagrun for example_subdag_operator.section-1 to None, run_after=None
[2025-11-02T18:53:08.524+0000] {logging_mixin.py:188} INFO - [2025-11-02T18:53:08.524+0000] {dag.py:3823} INFO - Setting next_dagrun for example_subdag_operator.section-2 to None, run_after=None
[2025-11-02T18:53:08.540+0000] {logging_mixin.py:188} INFO - [2025-11-02T18:53:08.540+0000] {dag.py:3036} INFO - Sync 2 DAGs
[2025-11-02T18:53:08.554+0000] {logging_mixin.py:188} INFO - [2025-11-02T18:53:08.553+0000] {dag.py:3823} INFO - Setting next_dagrun for example_subdag_operator.section-1 to None, run_after=None
[2025-11-02T18:53:08.555+0000] {logging_mixin.py:188} INFO - [2025-11-02T18:53:08.555+0000] {dag.py:3823} INFO - Setting next_dagrun for example_subdag_operator.section-2 to None, run_after=None
[2025-11-02T18:53:08.589+0000] {processor.py:183} INFO - Processing /home/airflow/.local/lib/python3.8/site-packages/airflow/example_dags/example_subdag_operator.py took 0.293 seconds
[2025-11-02T18:53:39.065+0000] {processor.py:161} INFO - Started process (PID=3174) to work on /home/airflow/.local/lib/python3.8/site-packages/airflow/example_dags/example_subdag_operator.py
[2025-11-02T18:53:39.078+0000] {processor.py:830} INFO - Processing file /home/airflow/.local/lib/python3.8/site-packages/airflow/example_dags/example_subdag_operator.py for tasks to queue
[2025-11-02T18:53:39.093+0000] {logging_mixin.py:188} INFO - [2025-11-02T18:53:39.091+0000] {dagbag.py:538} INFO - Filling up the DagBag from /home/airflow/.local/lib/python3.8/site-packages/airflow/example_dags/example_subdag_operator.py
[2025-11-02T18:53:39.259+0000] {processor.py:840} INFO - DAG(s) 'example_subdag_operator.section-1', 'example_subdag_operator.section-2', 'example_subdag_operator' retrieved from /home/airflow/.local/lib/python3.8/site-packages/airflow/example_dags/example_subdag_operator.py
[2025-11-02T18:53:39.323+0000] {logging_mixin.py:188} INFO - [2025-11-02T18:53:39.322+0000] {dag.py:3036} INFO - Sync 3 DAGs
[2025-11-02T18:53:39.410+0000] {logging_mixin.py:188} INFO - [2025-11-02T18:53:39.409+0000] {dag.py:3823} INFO - Setting next_dagrun for example_subdag_operator to 2022-01-01 00:00:00+00:00, run_after=2022-01-01 00:00:00+00:00
[2025-11-02T18:53:39.426+0000] {logging_mixin.py:188} INFO - [2025-11-02T18:53:39.425+0000] {dag.py:3823} INFO - Setting next_dagrun for example_subdag_operator.section-1 to None, run_after=None
[2025-11-02T18:53:39.433+0000] {logging_mixin.py:188} INFO - [2025-11-02T18:53:39.432+0000] {dag.py:3823} INFO - Setting next_dagrun for example_subdag_operator.section-2 to None, run_after=None
[2025-11-02T18:53:39.460+0000] {logging_mixin.py:188} INFO - [2025-11-02T18:53:39.459+0000] {dag.py:3036} INFO - Sync 2 DAGs
[2025-11-02T18:53:39.478+0000] {logging_mixin.py:188} INFO - [2025-11-02T18:53:39.477+0000] {dag.py:3823} INFO - Setting next_dagrun for example_subdag_operator.section-1 to None, run_after=None
[2025-11-02T18:53:39.480+0000] {logging_mixin.py:188} INFO - [2025-11-02T18:53:39.479+0000] {dag.py:3823} INFO - Setting next_dagrun for example_subdag_operator.section-2 to None, run_after=None
[2025-11-02T18:53:39.520+0000] {processor.py:183} INFO - Processing /home/airflow/.local/lib/python3.8/site-packages/airflow/example_dags/example_subdag_operator.py took 0.489 seconds
[2025-11-02T18:54:09.992+0000] {processor.py:161} INFO - Started process (PID=3229) to work on /home/airflow/.local/lib/python3.8/site-packages/airflow/example_dags/example_subdag_operator.py
[2025-11-02T18:54:09.996+0000] {processor.py:830} INFO - Processing file /home/airflow/.local/lib/python3.8/site-packages/airflow/example_dags/example_subdag_operator.py for tasks to queue
[2025-11-02T18:54:10.006+0000] {logging_mixin.py:188} INFO - [2025-11-02T18:54:10.004+0000] {dagbag.py:538} INFO - Filling up the DagBag from /home/airflow/.local/lib/python3.8/site-packages/airflow/example_dags/example_subdag_operator.py
[2025-11-02T18:54:10.090+0000] {processor.py:840} INFO - DAG(s) 'example_subdag_operator.section-1', 'example_subdag_operator.section-2', 'example_subdag_operator' retrieved from /home/airflow/.local/lib/python3.8/site-packages/airflow/example_dags/example_subdag_operator.py
[2025-11-02T18:54:10.125+0000] {logging_mixin.py:188} INFO - [2025-11-02T18:54:10.124+0000] {dag.py:3036} INFO - Sync 3 DAGs
[2025-11-02T18:54:10.178+0000] {logging_mixin.py:188} INFO - [2025-11-02T18:54:10.177+0000] {dag.py:3823} INFO - Setting next_dagrun for example_subdag_operator to 2022-01-01 00:00:00+00:00, run_after=2022-01-01 00:00:00+00:00
[2025-11-02T18:54:10.188+0000] {logging_mixin.py:188} INFO - [2025-11-02T18:54:10.188+0000] {dag.py:3823} INFO - Setting next_dagrun for example_subdag_operator.section-1 to None, run_after=None
[2025-11-02T18:54:10.193+0000] {logging_mixin.py:188} INFO - [2025-11-02T18:54:10.192+0000] {dag.py:3823} INFO - Setting next_dagrun for example_subdag_operator.section-2 to None, run_after=None
[2025-11-02T18:54:10.216+0000] {logging_mixin.py:188} INFO - [2025-11-02T18:54:10.215+0000] {dag.py:3036} INFO - Sync 2 DAGs
[2025-11-02T18:54:10.232+0000] {logging_mixin.py:188} INFO - [2025-11-02T18:54:10.232+0000] {dag.py:3823} INFO - Setting next_dagrun for example_subdag_operator.section-1 to None, run_after=None
[2025-11-02T18:54:10.233+0000] {logging_mixin.py:188} INFO - [2025-11-02T18:54:10.233+0000] {dag.py:3823} INFO - Setting next_dagrun for example_subdag_operator.section-2 to None, run_after=None
[2025-11-02T18:54:10.258+0000] {processor.py:183} INFO - Processing /home/airflow/.local/lib/python3.8/site-packages/airflow/example_dags/example_subdag_operator.py took 0.277 seconds
[2025-11-02T18:54:40.465+0000] {processor.py:161} INFO - Started process (PID=3284) to work on /home/airflow/.local/lib/python3.8/site-packages/airflow/example_dags/example_subdag_operator.py
[2025-11-02T18:54:40.468+0000] {processor.py:830} INFO - Processing file /home/airflow/.local/lib/python3.8/site-packages/airflow/example_dags/example_subdag_operator.py for tasks to queue
[2025-11-02T18:54:40.475+0000] {logging_mixin.py:188} INFO - [2025-11-02T18:54:40.474+0000] {dagbag.py:538} INFO - Filling up the DagBag from /home/airflow/.local/lib/python3.8/site-packages/airflow/example_dags/example_subdag_operator.py
[2025-11-02T18:54:40.543+0000] {processor.py:840} INFO - DAG(s) 'example_subdag_operator.section-1', 'example_subdag_operator.section-2', 'example_subdag_operator' retrieved from /home/airflow/.local/lib/python3.8/site-packages/airflow/example_dags/example_subdag_operator.py
[2025-11-02T18:54:40.587+0000] {logging_mixin.py:188} INFO - [2025-11-02T18:54:40.586+0000] {dag.py:3036} INFO - Sync 3 DAGs
[2025-11-02T18:54:40.638+0000] {logging_mixin.py:188} INFO - [2025-11-02T18:54:40.637+0000] {dag.py:3823} INFO - Setting next_dagrun for example_subdag_operator to 2022-01-01 00:00:00+00:00, run_after=2022-01-01 00:00:00+00:00
[2025-11-02T18:54:40.647+0000] {logging_mixin.py:188} INFO - [2025-11-02T18:54:40.647+0000] {dag.py:3823} INFO - Setting next_dagrun for example_subdag_operator.section-1 to None, run_after=None
[2025-11-02T18:54:40.651+0000] {logging_mixin.py:188} INFO - [2025-11-02T18:54:40.650+0000] {dag.py:3823} INFO - Setting next_dagrun for example_subdag_operator.section-2 to None, run_after=None
[2025-11-02T18:54:40.669+0000] {logging_mixin.py:188} INFO - [2025-11-02T18:54:40.669+0000] {dag.py:3036} INFO - Sync 2 DAGs
[2025-11-02T18:54:40.687+0000] {logging_mixin.py:188} INFO - [2025-11-02T18:54:40.686+0000] {dag.py:3823} INFO - Setting next_dagrun for example_subdag_operator.section-1 to None, run_after=None
[2025-11-02T18:54:40.688+0000] {logging_mixin.py:188} INFO - [2025-11-02T18:54:40.688+0000] {dag.py:3823} INFO - Setting next_dagrun for example_subdag_operator.section-2 to None, run_after=None
[2025-11-02T18:54:40.714+0000] {processor.py:183} INFO - Processing /home/airflow/.local/lib/python3.8/site-packages/airflow/example_dags/example_subdag_operator.py took 0.259 seconds
[2025-11-02T18:55:10.840+0000] {processor.py:161} INFO - Started process (PID=3339) to work on /home/airflow/.local/lib/python3.8/site-packages/airflow/example_dags/example_subdag_operator.py
[2025-11-02T18:55:10.844+0000] {processor.py:830} INFO - Processing file /home/airflow/.local/lib/python3.8/site-packages/airflow/example_dags/example_subdag_operator.py for tasks to queue
[2025-11-02T18:55:10.850+0000] {logging_mixin.py:188} INFO - [2025-11-02T18:55:10.849+0000] {dagbag.py:538} INFO - Filling up the DagBag from /home/airflow/.local/lib/python3.8/site-packages/airflow/example_dags/example_subdag_operator.py
[2025-11-02T18:55:10.934+0000] {processor.py:840} INFO - DAG(s) 'example_subdag_operator.section-1', 'example_subdag_operator.section-2', 'example_subdag_operator' retrieved from /home/airflow/.local/lib/python3.8/site-packages/airflow/example_dags/example_subdag_operator.py
[2025-11-02T18:55:10.997+0000] {logging_mixin.py:188} INFO - [2025-11-02T18:55:10.996+0000] {dag.py:3036} INFO - Sync 3 DAGs
[2025-11-02T18:55:11.068+0000] {logging_mixin.py:188} INFO - [2025-11-02T18:55:11.067+0000] {dag.py:3823} INFO - Setting next_dagrun for example_subdag_operator to 2022-01-01 00:00:00+00:00, run_after=2022-01-01 00:00:00+00:00
[2025-11-02T18:55:11.082+0000] {logging_mixin.py:188} INFO - [2025-11-02T18:55:11.081+0000] {dag.py:3823} INFO - Setting next_dagrun for example_subdag_operator.section-1 to None, run_after=None
[2025-11-02T18:55:11.087+0000] {logging_mixin.py:188} INFO - [2025-11-02T18:55:11.086+0000] {dag.py:3823} INFO - Setting next_dagrun for example_subdag_operator.section-2 to None, run_after=None
[2025-11-02T18:55:11.111+0000] {logging_mixin.py:188} INFO - [2025-11-02T18:55:11.111+0000] {dag.py:3036} INFO - Sync 2 DAGs
[2025-11-02T18:55:11.132+0000] {logging_mixin.py:188} INFO - [2025-11-02T18:55:11.131+0000] {dag.py:3823} INFO - Setting next_dagrun for example_subdag_operator.section-1 to None, run_after=None
[2025-11-02T18:55:11.135+0000] {logging_mixin.py:188} INFO - [2025-11-02T18:55:11.134+0000] {dag.py:3823} INFO - Setting next_dagrun for example_subdag_operator.section-2 to None, run_after=None
[2025-11-02T18:55:11.173+0000] {processor.py:183} INFO - Processing /home/airflow/.local/lib/python3.8/site-packages/airflow/example_dags/example_subdag_operator.py took 0.347 seconds
[2025-11-02T18:55:41.428+0000] {processor.py:161} INFO - Started process (PID=3395) to work on /home/airflow/.local/lib/python3.8/site-packages/airflow/example_dags/example_subdag_operator.py
[2025-11-02T18:55:41.431+0000] {processor.py:830} INFO - Processing file /home/airflow/.local/lib/python3.8/site-packages/airflow/example_dags/example_subdag_operator.py for tasks to queue
[2025-11-02T18:55:41.439+0000] {logging_mixin.py:188} INFO - [2025-11-02T18:55:41.438+0000] {dagbag.py:538} INFO - Filling up the DagBag from /home/airflow/.local/lib/python3.8/site-packages/airflow/example_dags/example_subdag_operator.py
[2025-11-02T18:55:41.494+0000] {processor.py:840} INFO - DAG(s) 'example_subdag_operator.section-1', 'example_subdag_operator.section-2', 'example_subdag_operator' retrieved from /home/airflow/.local/lib/python3.8/site-packages/airflow/example_dags/example_subdag_operator.py
[2025-11-02T18:55:41.534+0000] {logging_mixin.py:188} INFO - [2025-11-02T18:55:41.534+0000] {dag.py:3036} INFO - Sync 3 DAGs
[2025-11-02T18:55:41.578+0000] {logging_mixin.py:188} INFO - [2025-11-02T18:55:41.577+0000] {dag.py:3823} INFO - Setting next_dagrun for example_subdag_operator to 2022-01-01 00:00:00+00:00, run_after=2022-01-01 00:00:00+00:00
[2025-11-02T18:55:41.585+0000] {logging_mixin.py:188} INFO - [2025-11-02T18:55:41.585+0000] {dag.py:3823} INFO - Setting next_dagrun for example_subdag_operator.section-1 to None, run_after=None
[2025-11-02T18:55:41.588+0000] {logging_mixin.py:188} INFO - [2025-11-02T18:55:41.588+0000] {dag.py:3823} INFO - Setting next_dagrun for example_subdag_operator.section-2 to None, run_after=None
[2025-11-02T18:55:41.602+0000] {logging_mixin.py:188} INFO - [2025-11-02T18:55:41.602+0000] {dag.py:3036} INFO - Sync 2 DAGs
[2025-11-02T18:55:41.612+0000] {logging_mixin.py:188} INFO - [2025-11-02T18:55:41.612+0000] {dag.py:3823} INFO - Setting next_dagrun for example_subdag_operator.section-1 to None, run_after=None
[2025-11-02T18:55:41.614+0000] {logging_mixin.py:188} INFO - [2025-11-02T18:55:41.613+0000] {dag.py:3823} INFO - Setting next_dagrun for example_subdag_operator.section-2 to None, run_after=None
[2025-11-02T18:55:41.637+0000] {processor.py:183} INFO - Processing /home/airflow/.local/lib/python3.8/site-packages/airflow/example_dags/example_subdag_operator.py took 0.219 seconds
[2025-11-02T18:56:11.946+0000] {processor.py:161} INFO - Started process (PID=3450) to work on /home/airflow/.local/lib/python3.8/site-packages/airflow/example_dags/example_subdag_operator.py
[2025-11-02T18:56:11.950+0000] {processor.py:830} INFO - Processing file /home/airflow/.local/lib/python3.8/site-packages/airflow/example_dags/example_subdag_operator.py for tasks to queue
[2025-11-02T18:56:11.959+0000] {logging_mixin.py:188} INFO - [2025-11-02T18:56:11.957+0000] {dagbag.py:538} INFO - Filling up the DagBag from /home/airflow/.local/lib/python3.8/site-packages/airflow/example_dags/example_subdag_operator.py
[2025-11-02T18:56:12.066+0000] {processor.py:840} INFO - DAG(s) 'example_subdag_operator.section-1', 'example_subdag_operator.section-2', 'example_subdag_operator' retrieved from /home/airflow/.local/lib/python3.8/site-packages/airflow/example_dags/example_subdag_operator.py
[2025-11-02T18:56:12.138+0000] {logging_mixin.py:188} INFO - [2025-11-02T18:56:12.137+0000] {dag.py:3036} INFO - Sync 3 DAGs
[2025-11-02T18:56:12.233+0000] {logging_mixin.py:188} INFO - [2025-11-02T18:56:12.232+0000] {dag.py:3823} INFO - Setting next_dagrun for example_subdag_operator to 2022-01-01 00:00:00+00:00, run_after=2022-01-01 00:00:00+00:00
[2025-11-02T18:56:12.247+0000] {logging_mixin.py:188} INFO - [2025-11-02T18:56:12.246+0000] {dag.py:3823} INFO - Setting next_dagrun for example_subdag_operator.section-1 to None, run_after=None
[2025-11-02T18:56:12.254+0000] {logging_mixin.py:188} INFO - [2025-11-02T18:56:12.253+0000] {dag.py:3823} INFO - Setting next_dagrun for example_subdag_operator.section-2 to None, run_after=None
[2025-11-02T18:56:12.285+0000] {logging_mixin.py:188} INFO - [2025-11-02T18:56:12.285+0000] {dag.py:3036} INFO - Sync 2 DAGs
[2025-11-02T18:56:12.325+0000] {logging_mixin.py:188} INFO - [2025-11-02T18:56:12.324+0000] {dag.py:3823} INFO - Setting next_dagrun for example_subdag_operator.section-1 to None, run_after=None
[2025-11-02T18:56:12.327+0000] {logging_mixin.py:188} INFO - [2025-11-02T18:56:12.326+0000] {dag.py:3823} INFO - Setting next_dagrun for example_subdag_operator.section-2 to None, run_after=None
[2025-11-02T18:56:12.364+0000] {processor.py:183} INFO - Processing /home/airflow/.local/lib/python3.8/site-packages/airflow/example_dags/example_subdag_operator.py took 0.434 seconds
[2025-11-02T18:56:42.563+0000] {processor.py:161} INFO - Started process (PID=3505) to work on /home/airflow/.local/lib/python3.8/site-packages/airflow/example_dags/example_subdag_operator.py
[2025-11-02T18:56:42.566+0000] {processor.py:830} INFO - Processing file /home/airflow/.local/lib/python3.8/site-packages/airflow/example_dags/example_subdag_operator.py for tasks to queue
[2025-11-02T18:56:42.573+0000] {logging_mixin.py:188} INFO - [2025-11-02T18:56:42.573+0000] {dagbag.py:538} INFO - Filling up the DagBag from /home/airflow/.local/lib/python3.8/site-packages/airflow/example_dags/example_subdag_operator.py
[2025-11-02T18:56:42.653+0000] {processor.py:840} INFO - DAG(s) 'example_subdag_operator.section-1', 'example_subdag_operator.section-2', 'example_subdag_operator' retrieved from /home/airflow/.local/lib/python3.8/site-packages/airflow/example_dags/example_subdag_operator.py
[2025-11-02T18:56:42.695+0000] {logging_mixin.py:188} INFO - [2025-11-02T18:56:42.695+0000] {dag.py:3036} INFO - Sync 3 DAGs
[2025-11-02T18:56:42.747+0000] {logging_mixin.py:188} INFO - [2025-11-02T18:56:42.747+0000] {dag.py:3823} INFO - Setting next_dagrun for example_subdag_operator to 2022-01-01 00:00:00+00:00, run_after=2022-01-01 00:00:00+00:00
[2025-11-02T18:56:42.756+0000] {logging_mixin.py:188} INFO - [2025-11-02T18:56:42.755+0000] {dag.py:3823} INFO - Setting next_dagrun for example_subdag_operator.section-1 to None, run_after=None
[2025-11-02T18:56:42.763+0000] {logging_mixin.py:188} INFO - [2025-11-02T18:56:42.762+0000] {dag.py:3823} INFO - Setting next_dagrun for example_subdag_operator.section-2 to None, run_after=None
[2025-11-02T18:56:42.784+0000] {logging_mixin.py:188} INFO - [2025-11-02T18:56:42.784+0000] {dag.py:3036} INFO - Sync 2 DAGs
[2025-11-02T18:56:42.796+0000] {logging_mixin.py:188} INFO - [2025-11-02T18:56:42.795+0000] {dag.py:3823} INFO - Setting next_dagrun for example_subdag_operator.section-1 to None, run_after=None
[2025-11-02T18:56:42.797+0000] {logging_mixin.py:188} INFO - [2025-11-02T18:56:42.797+0000] {dag.py:3823} INFO - Setting next_dagrun for example_subdag_operator.section-2 to None, run_after=None
[2025-11-02T18:56:42.824+0000] {processor.py:183} INFO - Processing /home/airflow/.local/lib/python3.8/site-packages/airflow/example_dags/example_subdag_operator.py took 0.277 seconds
[2025-11-02T18:57:12.956+0000] {processor.py:161} INFO - Started process (PID=3560) to work on /home/airflow/.local/lib/python3.8/site-packages/airflow/example_dags/example_subdag_operator.py
[2025-11-02T18:57:12.958+0000] {processor.py:830} INFO - Processing file /home/airflow/.local/lib/python3.8/site-packages/airflow/example_dags/example_subdag_operator.py for tasks to queue
[2025-11-02T18:57:12.964+0000] {logging_mixin.py:188} INFO - [2025-11-02T18:57:12.963+0000] {dagbag.py:538} INFO - Filling up the DagBag from /home/airflow/.local/lib/python3.8/site-packages/airflow/example_dags/example_subdag_operator.py
[2025-11-02T18:57:13.027+0000] {processor.py:840} INFO - DAG(s) 'example_subdag_operator.section-1', 'example_subdag_operator.section-2', 'example_subdag_operator' retrieved from /home/airflow/.local/lib/python3.8/site-packages/airflow/example_dags/example_subdag_operator.py
[2025-11-02T18:57:13.075+0000] {logging_mixin.py:188} INFO - [2025-11-02T18:57:13.075+0000] {dag.py:3036} INFO - Sync 3 DAGs
[2025-11-02T18:57:13.130+0000] {logging_mixin.py:188} INFO - [2025-11-02T18:57:13.130+0000] {dag.py:3823} INFO - Setting next_dagrun for example_subdag_operator to 2022-01-01 00:00:00+00:00, run_after=2022-01-01 00:00:00+00:00
[2025-11-02T18:57:13.141+0000] {logging_mixin.py:188} INFO - [2025-11-02T18:57:13.140+0000] {dag.py:3823} INFO - Setting next_dagrun for example_subdag_operator.section-1 to None, run_after=None
[2025-11-02T18:57:13.145+0000] {logging_mixin.py:188} INFO - [2025-11-02T18:57:13.144+0000] {dag.py:3823} INFO - Setting next_dagrun for example_subdag_operator.section-2 to None, run_after=None
[2025-11-02T18:57:13.164+0000] {logging_mixin.py:188} INFO - [2025-11-02T18:57:13.163+0000] {dag.py:3036} INFO - Sync 2 DAGs
[2025-11-02T18:57:13.179+0000] {logging_mixin.py:188} INFO - [2025-11-02T18:57:13.179+0000] {dag.py:3823} INFO - Setting next_dagrun for example_subdag_operator.section-1 to None, run_after=None
[2025-11-02T18:57:13.180+0000] {logging_mixin.py:188} INFO - [2025-11-02T18:57:13.180+0000] {dag.py:3823} INFO - Setting next_dagrun for example_subdag_operator.section-2 to None, run_after=None
[2025-11-02T18:57:13.204+0000] {processor.py:183} INFO - Processing /home/airflow/.local/lib/python3.8/site-packages/airflow/example_dags/example_subdag_operator.py took 0.259 seconds
[2025-11-02T18:57:43.288+0000] {processor.py:161} INFO - Started process (PID=3615) to work on /home/airflow/.local/lib/python3.8/site-packages/airflow/example_dags/example_subdag_operator.py
[2025-11-02T18:57:43.291+0000] {processor.py:830} INFO - Processing file /home/airflow/.local/lib/python3.8/site-packages/airflow/example_dags/example_subdag_operator.py for tasks to queue
[2025-11-02T18:57:43.296+0000] {logging_mixin.py:188} INFO - [2025-11-02T18:57:43.295+0000] {dagbag.py:538} INFO - Filling up the DagBag from /home/airflow/.local/lib/python3.8/site-packages/airflow/example_dags/example_subdag_operator.py
[2025-11-02T18:57:43.360+0000] {processor.py:840} INFO - DAG(s) 'example_subdag_operator.section-1', 'example_subdag_operator.section-2', 'example_subdag_operator' retrieved from /home/airflow/.local/lib/python3.8/site-packages/airflow/example_dags/example_subdag_operator.py
[2025-11-02T18:57:43.399+0000] {logging_mixin.py:188} INFO - [2025-11-02T18:57:43.398+0000] {dag.py:3036} INFO - Sync 3 DAGs
[2025-11-02T18:57:43.455+0000] {logging_mixin.py:188} INFO - [2025-11-02T18:57:43.454+0000] {dag.py:3823} INFO - Setting next_dagrun for example_subdag_operator to 2022-01-01 00:00:00+00:00, run_after=2022-01-01 00:00:00+00:00
[2025-11-02T18:57:43.463+0000] {logging_mixin.py:188} INFO - [2025-11-02T18:57:43.463+0000] {dag.py:3823} INFO - Setting next_dagrun for example_subdag_operator.section-1 to None, run_after=None
[2025-11-02T18:57:43.467+0000] {logging_mixin.py:188} INFO - [2025-11-02T18:57:43.467+0000] {dag.py:3823} INFO - Setting next_dagrun for example_subdag_operator.section-2 to None, run_after=None
[2025-11-02T18:57:43.483+0000] {logging_mixin.py:188} INFO - [2025-11-02T18:57:43.483+0000] {dag.py:3036} INFO - Sync 2 DAGs
[2025-11-02T18:57:43.498+0000] {logging_mixin.py:188} INFO - [2025-11-02T18:57:43.497+0000] {dag.py:3823} INFO - Setting next_dagrun for example_subdag_operator.section-1 to None, run_after=None
[2025-11-02T18:57:43.499+0000] {logging_mixin.py:188} INFO - [2025-11-02T18:57:43.499+0000] {dag.py:3823} INFO - Setting next_dagrun for example_subdag_operator.section-2 to None, run_after=None
[2025-11-02T18:57:43.527+0000] {processor.py:183} INFO - Processing /home/airflow/.local/lib/python3.8/site-packages/airflow/example_dags/example_subdag_operator.py took 0.247 seconds
[2025-11-02T18:58:13.748+0000] {processor.py:161} INFO - Started process (PID=3670) to work on /home/airflow/.local/lib/python3.8/site-packages/airflow/example_dags/example_subdag_operator.py
[2025-11-02T18:58:13.752+0000] {processor.py:830} INFO - Processing file /home/airflow/.local/lib/python3.8/site-packages/airflow/example_dags/example_subdag_operator.py for tasks to queue
[2025-11-02T18:58:13.759+0000] {logging_mixin.py:188} INFO - [2025-11-02T18:58:13.758+0000] {dagbag.py:538} INFO - Filling up the DagBag from /home/airflow/.local/lib/python3.8/site-packages/airflow/example_dags/example_subdag_operator.py
[2025-11-02T18:58:13.833+0000] {processor.py:840} INFO - DAG(s) 'example_subdag_operator.section-1', 'example_subdag_operator.section-2', 'example_subdag_operator' retrieved from /home/airflow/.local/lib/python3.8/site-packages/airflow/example_dags/example_subdag_operator.py
[2025-11-02T18:58:13.893+0000] {logging_mixin.py:188} INFO - [2025-11-02T18:58:13.892+0000] {dag.py:3036} INFO - Sync 3 DAGs
[2025-11-02T18:58:13.994+0000] {logging_mixin.py:188} INFO - [2025-11-02T18:58:13.993+0000] {dag.py:3823} INFO - Setting next_dagrun for example_subdag_operator to 2022-01-01 00:00:00+00:00, run_after=2022-01-01 00:00:00+00:00
[2025-11-02T18:58:14.007+0000] {logging_mixin.py:188} INFO - [2025-11-02T18:58:14.006+0000] {dag.py:3823} INFO - Setting next_dagrun for example_subdag_operator.section-1 to None, run_after=None
[2025-11-02T18:58:14.012+0000] {logging_mixin.py:188} INFO - [2025-11-02T18:58:14.011+0000] {dag.py:3823} INFO - Setting next_dagrun for example_subdag_operator.section-2 to None, run_after=None
[2025-11-02T18:58:14.037+0000] {logging_mixin.py:188} INFO - [2025-11-02T18:58:14.036+0000] {dag.py:3036} INFO - Sync 2 DAGs
[2025-11-02T18:58:14.058+0000] {logging_mixin.py:188} INFO - [2025-11-02T18:58:14.058+0000] {dag.py:3823} INFO - Setting next_dagrun for example_subdag_operator.section-1 to None, run_after=None
[2025-11-02T18:58:14.060+0000] {logging_mixin.py:188} INFO - [2025-11-02T18:58:14.060+0000] {dag.py:3823} INFO - Setting next_dagrun for example_subdag_operator.section-2 to None, run_after=None
[2025-11-02T18:58:14.089+0000] {processor.py:183} INFO - Processing /home/airflow/.local/lib/python3.8/site-packages/airflow/example_dags/example_subdag_operator.py took 0.351 seconds
[2025-11-02T18:58:44.709+0000] {processor.py:161} INFO - Started process (PID=3725) to work on /home/airflow/.local/lib/python3.8/site-packages/airflow/example_dags/example_subdag_operator.py
[2025-11-02T18:58:44.713+0000] {processor.py:830} INFO - Processing file /home/airflow/.local/lib/python3.8/site-packages/airflow/example_dags/example_subdag_operator.py for tasks to queue
[2025-11-02T18:58:44.717+0000] {logging_mixin.py:188} INFO - [2025-11-02T18:58:44.717+0000] {dagbag.py:538} INFO - Filling up the DagBag from /home/airflow/.local/lib/python3.8/site-packages/airflow/example_dags/example_subdag_operator.py
[2025-11-02T18:58:44.879+0000] {processor.py:840} INFO - DAG(s) 'example_subdag_operator.section-1', 'example_subdag_operator.section-2', 'example_subdag_operator' retrieved from /home/airflow/.local/lib/python3.8/site-packages/airflow/example_dags/example_subdag_operator.py
[2025-11-02T18:58:44.979+0000] {logging_mixin.py:188} INFO - [2025-11-02T18:58:44.978+0000] {dag.py:3036} INFO - Sync 3 DAGs
[2025-11-02T18:58:45.120+0000] {logging_mixin.py:188} INFO - [2025-11-02T18:58:45.119+0000] {dag.py:3823} INFO - Setting next_dagrun for example_subdag_operator to 2022-01-01 00:00:00+00:00, run_after=2022-01-01 00:00:00+00:00
[2025-11-02T18:58:45.136+0000] {logging_mixin.py:188} INFO - [2025-11-02T18:58:45.135+0000] {dag.py:3823} INFO - Setting next_dagrun for example_subdag_operator.section-1 to None, run_after=None
[2025-11-02T18:58:45.142+0000] {logging_mixin.py:188} INFO - [2025-11-02T18:58:45.142+0000] {dag.py:3823} INFO - Setting next_dagrun for example_subdag_operator.section-2 to None, run_after=None
[2025-11-02T18:58:45.181+0000] {logging_mixin.py:188} INFO - [2025-11-02T18:58:45.180+0000] {dag.py:3036} INFO - Sync 2 DAGs
[2025-11-02T18:58:45.220+0000] {logging_mixin.py:188} INFO - [2025-11-02T18:58:45.219+0000] {dag.py:3823} INFO - Setting next_dagrun for example_subdag_operator.section-1 to None, run_after=None
[2025-11-02T18:58:45.223+0000] {logging_mixin.py:188} INFO - [2025-11-02T18:58:45.223+0000] {dag.py:3823} INFO - Setting next_dagrun for example_subdag_operator.section-2 to None, run_after=None
[2025-11-02T18:58:45.285+0000] {processor.py:183} INFO - Processing /home/airflow/.local/lib/python3.8/site-packages/airflow/example_dags/example_subdag_operator.py took 0.588 seconds
[2025-11-02T18:59:15.492+0000] {processor.py:161} INFO - Started process (PID=3779) to work on /home/airflow/.local/lib/python3.8/site-packages/airflow/example_dags/example_subdag_operator.py
[2025-11-02T18:59:15.496+0000] {processor.py:830} INFO - Processing file /home/airflow/.local/lib/python3.8/site-packages/airflow/example_dags/example_subdag_operator.py for tasks to queue
[2025-11-02T18:59:15.502+0000] {logging_mixin.py:188} INFO - [2025-11-02T18:59:15.501+0000] {dagbag.py:538} INFO - Filling up the DagBag from /home/airflow/.local/lib/python3.8/site-packages/airflow/example_dags/example_subdag_operator.py
[2025-11-02T18:59:15.583+0000] {processor.py:840} INFO - DAG(s) 'example_subdag_operator.section-1', 'example_subdag_operator.section-2', 'example_subdag_operator' retrieved from /home/airflow/.local/lib/python3.8/site-packages/airflow/example_dags/example_subdag_operator.py
[2025-11-02T18:59:15.643+0000] {logging_mixin.py:188} INFO - [2025-11-02T18:59:15.642+0000] {dag.py:3036} INFO - Sync 3 DAGs
[2025-11-02T18:59:15.714+0000] {logging_mixin.py:188} INFO - [2025-11-02T18:59:15.714+0000] {dag.py:3823} INFO - Setting next_dagrun for example_subdag_operator to 2022-01-01 00:00:00+00:00, run_after=2022-01-01 00:00:00+00:00
[2025-11-02T18:59:15.726+0000] {logging_mixin.py:188} INFO - [2025-11-02T18:59:15.725+0000] {dag.py:3823} INFO - Setting next_dagrun for example_subdag_operator.section-1 to None, run_after=None
[2025-11-02T18:59:15.733+0000] {logging_mixin.py:188} INFO - [2025-11-02T18:59:15.732+0000] {dag.py:3823} INFO - Setting next_dagrun for example_subdag_operator.section-2 to None, run_after=None
[2025-11-02T18:59:15.758+0000] {logging_mixin.py:188} INFO - [2025-11-02T18:59:15.758+0000] {dag.py:3036} INFO - Sync 2 DAGs
[2025-11-02T18:59:15.775+0000] {logging_mixin.py:188} INFO - [2025-11-02T18:59:15.775+0000] {dag.py:3823} INFO - Setting next_dagrun for example_subdag_operator.section-1 to None, run_after=None
[2025-11-02T18:59:15.776+0000] {logging_mixin.py:188} INFO - [2025-11-02T18:59:15.776+0000] {dag.py:3823} INFO - Setting next_dagrun for example_subdag_operator.section-2 to None, run_after=None
[2025-11-02T18:59:15.807+0000] {processor.py:183} INFO - Processing /home/airflow/.local/lib/python3.8/site-packages/airflow/example_dags/example_subdag_operator.py took 0.326 seconds
[2025-11-02T18:59:45.998+0000] {processor.py:161} INFO - Started process (PID=3834) to work on /home/airflow/.local/lib/python3.8/site-packages/airflow/example_dags/example_subdag_operator.py
[2025-11-02T18:59:46.001+0000] {processor.py:830} INFO - Processing file /home/airflow/.local/lib/python3.8/site-packages/airflow/example_dags/example_subdag_operator.py for tasks to queue
[2025-11-02T18:59:46.009+0000] {logging_mixin.py:188} INFO - [2025-11-02T18:59:46.008+0000] {dagbag.py:538} INFO - Filling up the DagBag from /home/airflow/.local/lib/python3.8/site-packages/airflow/example_dags/example_subdag_operator.py
[2025-11-02T18:59:46.104+0000] {processor.py:840} INFO - DAG(s) 'example_subdag_operator.section-1', 'example_subdag_operator.section-2', 'example_subdag_operator' retrieved from /home/airflow/.local/lib/python3.8/site-packages/airflow/example_dags/example_subdag_operator.py
[2025-11-02T18:59:46.166+0000] {logging_mixin.py:188} INFO - [2025-11-02T18:59:46.165+0000] {dag.py:3036} INFO - Sync 3 DAGs
[2025-11-02T18:59:46.223+0000] {logging_mixin.py:188} INFO - [2025-11-02T18:59:46.222+0000] {dag.py:3823} INFO - Setting next_dagrun for example_subdag_operator to 2022-01-01 00:00:00+00:00, run_after=2022-01-01 00:00:00+00:00
[2025-11-02T18:59:46.234+0000] {logging_mixin.py:188} INFO - [2025-11-02T18:59:46.233+0000] {dag.py:3823} INFO - Setting next_dagrun for example_subdag_operator.section-1 to None, run_after=None
[2025-11-02T18:59:46.238+0000] {logging_mixin.py:188} INFO - [2025-11-02T18:59:46.238+0000] {dag.py:3823} INFO - Setting next_dagrun for example_subdag_operator.section-2 to None, run_after=None
[2025-11-02T18:59:46.260+0000] {logging_mixin.py:188} INFO - [2025-11-02T18:59:46.259+0000] {dag.py:3036} INFO - Sync 2 DAGs
[2025-11-02T18:59:46.276+0000] {logging_mixin.py:188} INFO - [2025-11-02T18:59:46.275+0000] {dag.py:3823} INFO - Setting next_dagrun for example_subdag_operator.section-1 to None, run_after=None
[2025-11-02T18:59:46.279+0000] {logging_mixin.py:188} INFO - [2025-11-02T18:59:46.279+0000] {dag.py:3823} INFO - Setting next_dagrun for example_subdag_operator.section-2 to None, run_after=None
[2025-11-02T18:59:46.312+0000] {processor.py:183} INFO - Processing /home/airflow/.local/lib/python3.8/site-packages/airflow/example_dags/example_subdag_operator.py took 0.329 seconds
[2025-11-02T19:00:16.604+0000] {processor.py:161} INFO - Started process (PID=3889) to work on /home/airflow/.local/lib/python3.8/site-packages/airflow/example_dags/example_subdag_operator.py
[2025-11-02T19:00:16.607+0000] {processor.py:830} INFO - Processing file /home/airflow/.local/lib/python3.8/site-packages/airflow/example_dags/example_subdag_operator.py for tasks to queue
[2025-11-02T19:00:16.612+0000] {logging_mixin.py:188} INFO - [2025-11-02T19:00:16.611+0000] {dagbag.py:538} INFO - Filling up the DagBag from /home/airflow/.local/lib/python3.8/site-packages/airflow/example_dags/example_subdag_operator.py
[2025-11-02T19:00:16.669+0000] {processor.py:840} INFO - DAG(s) 'example_subdag_operator.section-1', 'example_subdag_operator.section-2', 'example_subdag_operator' retrieved from /home/airflow/.local/lib/python3.8/site-packages/airflow/example_dags/example_subdag_operator.py
[2025-11-02T19:00:16.701+0000] {logging_mixin.py:188} INFO - [2025-11-02T19:00:16.700+0000] {dag.py:3036} INFO - Sync 3 DAGs
[2025-11-02T19:00:16.745+0000] {logging_mixin.py:188} INFO - [2025-11-02T19:00:16.744+0000] {dag.py:3823} INFO - Setting next_dagrun for example_subdag_operator to 2022-01-01 00:00:00+00:00, run_after=2022-01-01 00:00:00+00:00
[2025-11-02T19:00:16.753+0000] {logging_mixin.py:188} INFO - [2025-11-02T19:00:16.752+0000] {dag.py:3823} INFO - Setting next_dagrun for example_subdag_operator.section-1 to None, run_after=None
[2025-11-02T19:00:16.756+0000] {logging_mixin.py:188} INFO - [2025-11-02T19:00:16.756+0000] {dag.py:3823} INFO - Setting next_dagrun for example_subdag_operator.section-2 to None, run_after=None
[2025-11-02T19:00:16.782+0000] {logging_mixin.py:188} INFO - [2025-11-02T19:00:16.782+0000] {dag.py:3036} INFO - Sync 2 DAGs
[2025-11-02T19:00:16.801+0000] {logging_mixin.py:188} INFO - [2025-11-02T19:00:16.801+0000] {dag.py:3823} INFO - Setting next_dagrun for example_subdag_operator.section-1 to None, run_after=None
[2025-11-02T19:00:16.803+0000] {logging_mixin.py:188} INFO - [2025-11-02T19:00:16.803+0000] {dag.py:3823} INFO - Setting next_dagrun for example_subdag_operator.section-2 to None, run_after=None
[2025-11-02T19:00:16.837+0000] {processor.py:183} INFO - Processing /home/airflow/.local/lib/python3.8/site-packages/airflow/example_dags/example_subdag_operator.py took 0.242 seconds
[2025-11-02T19:00:46.965+0000] {processor.py:161} INFO - Started process (PID=3944) to work on /home/airflow/.local/lib/python3.8/site-packages/airflow/example_dags/example_subdag_operator.py
[2025-11-02T19:00:46.968+0000] {processor.py:830} INFO - Processing file /home/airflow/.local/lib/python3.8/site-packages/airflow/example_dags/example_subdag_operator.py for tasks to queue
[2025-11-02T19:00:46.974+0000] {logging_mixin.py:188} INFO - [2025-11-02T19:00:46.973+0000] {dagbag.py:538} INFO - Filling up the DagBag from /home/airflow/.local/lib/python3.8/site-packages/airflow/example_dags/example_subdag_operator.py
[2025-11-02T19:00:47.046+0000] {processor.py:840} INFO - DAG(s) 'example_subdag_operator.section-1', 'example_subdag_operator.section-2', 'example_subdag_operator' retrieved from /home/airflow/.local/lib/python3.8/site-packages/airflow/example_dags/example_subdag_operator.py
[2025-11-02T19:00:47.089+0000] {logging_mixin.py:188} INFO - [2025-11-02T19:00:47.089+0000] {dag.py:3036} INFO - Sync 3 DAGs
[2025-11-02T19:00:47.164+0000] {logging_mixin.py:188} INFO - [2025-11-02T19:00:47.163+0000] {dag.py:3823} INFO - Setting next_dagrun for example_subdag_operator to 2022-01-01 00:00:00+00:00, run_after=2022-01-01 00:00:00+00:00
[2025-11-02T19:00:47.176+0000] {logging_mixin.py:188} INFO - [2025-11-02T19:00:47.175+0000] {dag.py:3823} INFO - Setting next_dagrun for example_subdag_operator.section-1 to None, run_after=None
[2025-11-02T19:00:47.180+0000] {logging_mixin.py:188} INFO - [2025-11-02T19:00:47.179+0000] {dag.py:3823} INFO - Setting next_dagrun for example_subdag_operator.section-2 to None, run_after=None
[2025-11-02T19:00:47.203+0000] {logging_mixin.py:188} INFO - [2025-11-02T19:00:47.202+0000] {dag.py:3036} INFO - Sync 2 DAGs
[2025-11-02T19:00:47.219+0000] {logging_mixin.py:188} INFO - [2025-11-02T19:00:47.218+0000] {dag.py:3823} INFO - Setting next_dagrun for example_subdag_operator.section-1 to None, run_after=None
[2025-11-02T19:00:47.220+0000] {logging_mixin.py:188} INFO - [2025-11-02T19:00:47.220+0000] {dag.py:3823} INFO - Setting next_dagrun for example_subdag_operator.section-2 to None, run_after=None
[2025-11-02T19:00:47.245+0000] {processor.py:183} INFO - Processing /home/airflow/.local/lib/python3.8/site-packages/airflow/example_dags/example_subdag_operator.py took 0.291 seconds
[2025-11-02T19:01:17.764+0000] {processor.py:161} INFO - Started process (PID=3999) to work on /home/airflow/.local/lib/python3.8/site-packages/airflow/example_dags/example_subdag_operator.py
[2025-11-02T19:01:17.769+0000] {processor.py:830} INFO - Processing file /home/airflow/.local/lib/python3.8/site-packages/airflow/example_dags/example_subdag_operator.py for tasks to queue
[2025-11-02T19:01:17.777+0000] {logging_mixin.py:188} INFO - [2025-11-02T19:01:17.776+0000] {dagbag.py:538} INFO - Filling up the DagBag from /home/airflow/.local/lib/python3.8/site-packages/airflow/example_dags/example_subdag_operator.py
[2025-11-02T19:01:17.882+0000] {processor.py:840} INFO - DAG(s) 'example_subdag_operator.section-1', 'example_subdag_operator.section-2', 'example_subdag_operator' retrieved from /home/airflow/.local/lib/python3.8/site-packages/airflow/example_dags/example_subdag_operator.py
[2025-11-02T19:01:17.939+0000] {logging_mixin.py:188} INFO - [2025-11-02T19:01:17.938+0000] {dag.py:3036} INFO - Sync 3 DAGs
[2025-11-02T19:01:17.994+0000] {logging_mixin.py:188} INFO - [2025-11-02T19:01:17.993+0000] {dag.py:3823} INFO - Setting next_dagrun for example_subdag_operator to 2022-01-01 00:00:00+00:00, run_after=2022-01-01 00:00:00+00:00
[2025-11-02T19:01:18.003+0000] {logging_mixin.py:188} INFO - [2025-11-02T19:01:18.002+0000] {dag.py:3823} INFO - Setting next_dagrun for example_subdag_operator.section-1 to None, run_after=None
[2025-11-02T19:01:18.007+0000] {logging_mixin.py:188} INFO - [2025-11-02T19:01:18.007+0000] {dag.py:3823} INFO - Setting next_dagrun for example_subdag_operator.section-2 to None, run_after=None
[2025-11-02T19:01:18.032+0000] {logging_mixin.py:188} INFO - [2025-11-02T19:01:18.032+0000] {dag.py:3036} INFO - Sync 2 DAGs
[2025-11-02T19:01:18.046+0000] {logging_mixin.py:188} INFO - [2025-11-02T19:01:18.046+0000] {dag.py:3823} INFO - Setting next_dagrun for example_subdag_operator.section-1 to None, run_after=None
[2025-11-02T19:01:18.048+0000] {logging_mixin.py:188} INFO - [2025-11-02T19:01:18.047+0000] {dag.py:3823} INFO - Setting next_dagrun for example_subdag_operator.section-2 to None, run_after=None
[2025-11-02T19:01:18.075+0000] {processor.py:183} INFO - Processing /home/airflow/.local/lib/python3.8/site-packages/airflow/example_dags/example_subdag_operator.py took 0.327 seconds
[2025-11-02T19:01:48.694+0000] {processor.py:161} INFO - Started process (PID=4054) to work on /home/airflow/.local/lib/python3.8/site-packages/airflow/example_dags/example_subdag_operator.py
[2025-11-02T19:01:48.698+0000] {processor.py:830} INFO - Processing file /home/airflow/.local/lib/python3.8/site-packages/airflow/example_dags/example_subdag_operator.py for tasks to queue
[2025-11-02T19:01:48.715+0000] {logging_mixin.py:188} INFO - [2025-11-02T19:01:48.713+0000] {dagbag.py:538} INFO - Filling up the DagBag from /home/airflow/.local/lib/python3.8/site-packages/airflow/example_dags/example_subdag_operator.py
[2025-11-02T19:01:48.813+0000] {processor.py:840} INFO - DAG(s) 'example_subdag_operator.section-1', 'example_subdag_operator.section-2', 'example_subdag_operator' retrieved from /home/airflow/.local/lib/python3.8/site-packages/airflow/example_dags/example_subdag_operator.py
[2025-11-02T19:01:48.879+0000] {logging_mixin.py:188} INFO - [2025-11-02T19:01:48.879+0000] {dag.py:3036} INFO - Sync 3 DAGs
[2025-11-02T19:01:48.976+0000] {logging_mixin.py:188} INFO - [2025-11-02T19:01:48.975+0000] {dag.py:3823} INFO - Setting next_dagrun for example_subdag_operator to 2022-01-01 00:00:00+00:00, run_after=2022-01-01 00:00:00+00:00
[2025-11-02T19:01:48.988+0000] {logging_mixin.py:188} INFO - [2025-11-02T19:01:48.987+0000] {dag.py:3823} INFO - Setting next_dagrun for example_subdag_operator.section-1 to None, run_after=None
[2025-11-02T19:01:48.993+0000] {logging_mixin.py:188} INFO - [2025-11-02T19:01:48.992+0000] {dag.py:3823} INFO - Setting next_dagrun for example_subdag_operator.section-2 to None, run_after=None
[2025-11-02T19:01:49.033+0000] {logging_mixin.py:188} INFO - [2025-11-02T19:01:49.033+0000] {dag.py:3036} INFO - Sync 2 DAGs
[2025-11-02T19:01:49.046+0000] {logging_mixin.py:188} INFO - [2025-11-02T19:01:49.045+0000] {dag.py:3823} INFO - Setting next_dagrun for example_subdag_operator.section-1 to None, run_after=None
[2025-11-02T19:01:49.047+0000] {logging_mixin.py:188} INFO - [2025-11-02T19:01:49.047+0000] {dag.py:3823} INFO - Setting next_dagrun for example_subdag_operator.section-2 to None, run_after=None
[2025-11-02T19:01:49.073+0000] {processor.py:183} INFO - Processing /home/airflow/.local/lib/python3.8/site-packages/airflow/example_dags/example_subdag_operator.py took 0.398 seconds
[2025-11-02T19:02:19.495+0000] {processor.py:161} INFO - Started process (PID=4109) to work on /home/airflow/.local/lib/python3.8/site-packages/airflow/example_dags/example_subdag_operator.py
[2025-11-02T19:02:19.498+0000] {processor.py:830} INFO - Processing file /home/airflow/.local/lib/python3.8/site-packages/airflow/example_dags/example_subdag_operator.py for tasks to queue
[2025-11-02T19:02:19.503+0000] {logging_mixin.py:188} INFO - [2025-11-02T19:02:19.503+0000] {dagbag.py:538} INFO - Filling up the DagBag from /home/airflow/.local/lib/python3.8/site-packages/airflow/example_dags/example_subdag_operator.py
[2025-11-02T19:02:19.571+0000] {processor.py:840} INFO - DAG(s) 'example_subdag_operator.section-1', 'example_subdag_operator.section-2', 'example_subdag_operator' retrieved from /home/airflow/.local/lib/python3.8/site-packages/airflow/example_dags/example_subdag_operator.py
[2025-11-02T19:02:19.643+0000] {logging_mixin.py:188} INFO - [2025-11-02T19:02:19.643+0000] {dag.py:3036} INFO - Sync 3 DAGs
[2025-11-02T19:02:19.719+0000] {logging_mixin.py:188} INFO - [2025-11-02T19:02:19.718+0000] {dag.py:3823} INFO - Setting next_dagrun for example_subdag_operator to 2022-01-01 00:00:00+00:00, run_after=2022-01-01 00:00:00+00:00
[2025-11-02T19:02:19.727+0000] {logging_mixin.py:188} INFO - [2025-11-02T19:02:19.726+0000] {dag.py:3823} INFO - Setting next_dagrun for example_subdag_operator.section-1 to None, run_after=None
[2025-11-02T19:02:19.730+0000] {logging_mixin.py:188} INFO - [2025-11-02T19:02:19.729+0000] {dag.py:3823} INFO - Setting next_dagrun for example_subdag_operator.section-2 to None, run_after=None
[2025-11-02T19:02:19.744+0000] {logging_mixin.py:188} INFO - [2025-11-02T19:02:19.744+0000] {dag.py:3036} INFO - Sync 2 DAGs
[2025-11-02T19:02:19.755+0000] {logging_mixin.py:188} INFO - [2025-11-02T19:02:19.755+0000] {dag.py:3823} INFO - Setting next_dagrun for example_subdag_operator.section-1 to None, run_after=None
[2025-11-02T19:02:19.757+0000] {logging_mixin.py:188} INFO - [2025-11-02T19:02:19.756+0000] {dag.py:3823} INFO - Setting next_dagrun for example_subdag_operator.section-2 to None, run_after=None
[2025-11-02T19:02:19.784+0000] {processor.py:183} INFO - Processing /home/airflow/.local/lib/python3.8/site-packages/airflow/example_dags/example_subdag_operator.py took 0.301 seconds
[2025-11-02T19:02:51.141+0000] {processor.py:161} INFO - Started process (PID=4164) to work on /home/airflow/.local/lib/python3.8/site-packages/airflow/example_dags/example_subdag_operator.py
[2025-11-02T19:02:51.144+0000] {processor.py:830} INFO - Processing file /home/airflow/.local/lib/python3.8/site-packages/airflow/example_dags/example_subdag_operator.py for tasks to queue
[2025-11-02T19:02:51.150+0000] {logging_mixin.py:188} INFO - [2025-11-02T19:02:51.149+0000] {dagbag.py:538} INFO - Filling up the DagBag from /home/airflow/.local/lib/python3.8/site-packages/airflow/example_dags/example_subdag_operator.py
[2025-11-02T19:02:51.219+0000] {processor.py:840} INFO - DAG(s) 'example_subdag_operator.section-1', 'example_subdag_operator.section-2', 'example_subdag_operator' retrieved from /home/airflow/.local/lib/python3.8/site-packages/airflow/example_dags/example_subdag_operator.py
[2025-11-02T19:02:51.278+0000] {logging_mixin.py:188} INFO - [2025-11-02T19:02:51.277+0000] {dag.py:3036} INFO - Sync 3 DAGs
[2025-11-02T19:02:51.337+0000] {logging_mixin.py:188} INFO - [2025-11-02T19:02:51.336+0000] {dag.py:3823} INFO - Setting next_dagrun for example_subdag_operator to 2022-01-01 00:00:00+00:00, run_after=2022-01-01 00:00:00+00:00
[2025-11-02T19:02:51.345+0000] {logging_mixin.py:188} INFO - [2025-11-02T19:02:51.344+0000] {dag.py:3823} INFO - Setting next_dagrun for example_subdag_operator.section-1 to None, run_after=None
[2025-11-02T19:02:51.349+0000] {logging_mixin.py:188} INFO - [2025-11-02T19:02:51.348+0000] {dag.py:3823} INFO - Setting next_dagrun for example_subdag_operator.section-2 to None, run_after=None
[2025-11-02T19:02:51.367+0000] {logging_mixin.py:188} INFO - [2025-11-02T19:02:51.366+0000] {dag.py:3036} INFO - Sync 2 DAGs
[2025-11-02T19:02:51.379+0000] {logging_mixin.py:188} INFO - [2025-11-02T19:02:51.379+0000] {dag.py:3823} INFO - Setting next_dagrun for example_subdag_operator.section-1 to None, run_after=None
[2025-11-02T19:02:51.381+0000] {logging_mixin.py:188} INFO - [2025-11-02T19:02:51.380+0000] {dag.py:3823} INFO - Setting next_dagrun for example_subdag_operator.section-2 to None, run_after=None
[2025-11-02T19:02:51.407+0000] {processor.py:183} INFO - Processing /home/airflow/.local/lib/python3.8/site-packages/airflow/example_dags/example_subdag_operator.py took 0.277 seconds
[2025-11-02T19:03:21.703+0000] {processor.py:161} INFO - Started process (PID=4219) to work on /home/airflow/.local/lib/python3.8/site-packages/airflow/example_dags/example_subdag_operator.py
[2025-11-02T19:03:21.706+0000] {processor.py:830} INFO - Processing file /home/airflow/.local/lib/python3.8/site-packages/airflow/example_dags/example_subdag_operator.py for tasks to queue
[2025-11-02T19:03:21.711+0000] {logging_mixin.py:188} INFO - [2025-11-02T19:03:21.710+0000] {dagbag.py:538} INFO - Filling up the DagBag from /home/airflow/.local/lib/python3.8/site-packages/airflow/example_dags/example_subdag_operator.py
[2025-11-02T19:03:21.765+0000] {processor.py:840} INFO - DAG(s) 'example_subdag_operator.section-1', 'example_subdag_operator.section-2', 'example_subdag_operator' retrieved from /home/airflow/.local/lib/python3.8/site-packages/airflow/example_dags/example_subdag_operator.py
[2025-11-02T19:03:21.798+0000] {logging_mixin.py:188} INFO - [2025-11-02T19:03:21.797+0000] {dag.py:3036} INFO - Sync 3 DAGs
[2025-11-02T19:03:21.840+0000] {logging_mixin.py:188} INFO - [2025-11-02T19:03:21.839+0000] {dag.py:3823} INFO - Setting next_dagrun for example_subdag_operator to 2022-01-01 00:00:00+00:00, run_after=2022-01-01 00:00:00+00:00
[2025-11-02T19:03:21.847+0000] {logging_mixin.py:188} INFO - [2025-11-02T19:03:21.847+0000] {dag.py:3823} INFO - Setting next_dagrun for example_subdag_operator.section-1 to None, run_after=None
[2025-11-02T19:03:21.851+0000] {logging_mixin.py:188} INFO - [2025-11-02T19:03:21.850+0000] {dag.py:3823} INFO - Setting next_dagrun for example_subdag_operator.section-2 to None, run_after=None
[2025-11-02T19:03:21.866+0000] {logging_mixin.py:188} INFO - [2025-11-02T19:03:21.865+0000] {dag.py:3036} INFO - Sync 2 DAGs
[2025-11-02T19:03:21.877+0000] {logging_mixin.py:188} INFO - [2025-11-02T19:03:21.876+0000] {dag.py:3823} INFO - Setting next_dagrun for example_subdag_operator.section-1 to None, run_after=None
[2025-11-02T19:03:21.878+0000] {logging_mixin.py:188} INFO - [2025-11-02T19:03:21.878+0000] {dag.py:3823} INFO - Setting next_dagrun for example_subdag_operator.section-2 to None, run_after=None
[2025-11-02T19:03:21.905+0000] {processor.py:183} INFO - Processing /home/airflow/.local/lib/python3.8/site-packages/airflow/example_dags/example_subdag_operator.py took 0.210 seconds
[2025-11-02T19:03:52.330+0000] {processor.py:161} INFO - Started process (PID=4274) to work on /home/airflow/.local/lib/python3.8/site-packages/airflow/example_dags/example_subdag_operator.py
[2025-11-02T19:03:52.334+0000] {processor.py:830} INFO - Processing file /home/airflow/.local/lib/python3.8/site-packages/airflow/example_dags/example_subdag_operator.py for tasks to queue
[2025-11-02T19:03:52.341+0000] {logging_mixin.py:188} INFO - [2025-11-02T19:03:52.340+0000] {dagbag.py:538} INFO - Filling up the DagBag from /home/airflow/.local/lib/python3.8/site-packages/airflow/example_dags/example_subdag_operator.py
[2025-11-02T19:03:52.415+0000] {processor.py:840} INFO - DAG(s) 'example_subdag_operator.section-1', 'example_subdag_operator.section-2', 'example_subdag_operator' retrieved from /home/airflow/.local/lib/python3.8/site-packages/airflow/example_dags/example_subdag_operator.py
[2025-11-02T19:03:52.464+0000] {logging_mixin.py:188} INFO - [2025-11-02T19:03:52.464+0000] {dag.py:3036} INFO - Sync 3 DAGs
[2025-11-02T19:03:52.506+0000] {logging_mixin.py:188} INFO - [2025-11-02T19:03:52.506+0000] {dag.py:3823} INFO - Setting next_dagrun for example_subdag_operator to 2022-01-01 00:00:00+00:00, run_after=2022-01-01 00:00:00+00:00
[2025-11-02T19:03:52.514+0000] {logging_mixin.py:188} INFO - [2025-11-02T19:03:52.513+0000] {dag.py:3823} INFO - Setting next_dagrun for example_subdag_operator.section-1 to None, run_after=None
[2025-11-02T19:03:52.517+0000] {logging_mixin.py:188} INFO - [2025-11-02T19:03:52.516+0000] {dag.py:3823} INFO - Setting next_dagrun for example_subdag_operator.section-2 to None, run_after=None
[2025-11-02T19:03:52.530+0000] {logging_mixin.py:188} INFO - [2025-11-02T19:03:52.530+0000] {dag.py:3036} INFO - Sync 2 DAGs
[2025-11-02T19:03:52.541+0000] {logging_mixin.py:188} INFO - [2025-11-02T19:03:52.540+0000] {dag.py:3823} INFO - Setting next_dagrun for example_subdag_operator.section-1 to None, run_after=None
[2025-11-02T19:03:52.542+0000] {logging_mixin.py:188} INFO - [2025-11-02T19:03:52.542+0000] {dag.py:3823} INFO - Setting next_dagrun for example_subdag_operator.section-2 to None, run_after=None
[2025-11-02T19:03:52.565+0000] {processor.py:183} INFO - Processing /home/airflow/.local/lib/python3.8/site-packages/airflow/example_dags/example_subdag_operator.py took 0.248 seconds
[2025-11-02T19:04:23.295+0000] {processor.py:161} INFO - Started process (PID=4329) to work on /home/airflow/.local/lib/python3.8/site-packages/airflow/example_dags/example_subdag_operator.py
[2025-11-02T19:04:23.297+0000] {processor.py:830} INFO - Processing file /home/airflow/.local/lib/python3.8/site-packages/airflow/example_dags/example_subdag_operator.py for tasks to queue
[2025-11-02T19:04:23.302+0000] {logging_mixin.py:188} INFO - [2025-11-02T19:04:23.302+0000] {dagbag.py:538} INFO - Filling up the DagBag from /home/airflow/.local/lib/python3.8/site-packages/airflow/example_dags/example_subdag_operator.py
[2025-11-02T19:04:23.354+0000] {processor.py:840} INFO - DAG(s) 'example_subdag_operator.section-1', 'example_subdag_operator.section-2', 'example_subdag_operator' retrieved from /home/airflow/.local/lib/python3.8/site-packages/airflow/example_dags/example_subdag_operator.py
[2025-11-02T19:04:23.386+0000] {logging_mixin.py:188} INFO - [2025-11-02T19:04:23.386+0000] {dag.py:3036} INFO - Sync 3 DAGs
[2025-11-02T19:04:23.433+0000] {logging_mixin.py:188} INFO - [2025-11-02T19:04:23.433+0000] {dag.py:3823} INFO - Setting next_dagrun for example_subdag_operator to 2022-01-01 00:00:00+00:00, run_after=2022-01-01 00:00:00+00:00
[2025-11-02T19:04:23.441+0000] {logging_mixin.py:188} INFO - [2025-11-02T19:04:23.440+0000] {dag.py:3823} INFO - Setting next_dagrun for example_subdag_operator.section-1 to None, run_after=None
[2025-11-02T19:04:23.444+0000] {logging_mixin.py:188} INFO - [2025-11-02T19:04:23.443+0000] {dag.py:3823} INFO - Setting next_dagrun for example_subdag_operator.section-2 to None, run_after=None
[2025-11-02T19:04:23.459+0000] {logging_mixin.py:188} INFO - [2025-11-02T19:04:23.458+0000] {dag.py:3036} INFO - Sync 2 DAGs
[2025-11-02T19:04:23.469+0000] {logging_mixin.py:188} INFO - [2025-11-02T19:04:23.469+0000] {dag.py:3823} INFO - Setting next_dagrun for example_subdag_operator.section-1 to None, run_after=None
[2025-11-02T19:04:23.470+0000] {logging_mixin.py:188} INFO - [2025-11-02T19:04:23.470+0000] {dag.py:3823} INFO - Setting next_dagrun for example_subdag_operator.section-2 to None, run_after=None
[2025-11-02T19:04:23.495+0000] {processor.py:183} INFO - Processing /home/airflow/.local/lib/python3.8/site-packages/airflow/example_dags/example_subdag_operator.py took 0.209 seconds
[2025-11-02T19:04:53.777+0000] {processor.py:161} INFO - Started process (PID=4384) to work on /home/airflow/.local/lib/python3.8/site-packages/airflow/example_dags/example_subdag_operator.py
[2025-11-02T19:04:53.780+0000] {processor.py:830} INFO - Processing file /home/airflow/.local/lib/python3.8/site-packages/airflow/example_dags/example_subdag_operator.py for tasks to queue
[2025-11-02T19:04:53.785+0000] {logging_mixin.py:188} INFO - [2025-11-02T19:04:53.784+0000] {dagbag.py:538} INFO - Filling up the DagBag from /home/airflow/.local/lib/python3.8/site-packages/airflow/example_dags/example_subdag_operator.py
[2025-11-02T19:04:53.843+0000] {processor.py:840} INFO - DAG(s) 'example_subdag_operator.section-1', 'example_subdag_operator.section-2', 'example_subdag_operator' retrieved from /home/airflow/.local/lib/python3.8/site-packages/airflow/example_dags/example_subdag_operator.py
[2025-11-02T19:04:53.874+0000] {logging_mixin.py:188} INFO - [2025-11-02T19:04:53.874+0000] {dag.py:3036} INFO - Sync 3 DAGs
[2025-11-02T19:04:53.919+0000] {logging_mixin.py:188} INFO - [2025-11-02T19:04:53.918+0000] {dag.py:3823} INFO - Setting next_dagrun for example_subdag_operator to 2022-01-01 00:00:00+00:00, run_after=2022-01-01 00:00:00+00:00
[2025-11-02T19:04:53.929+0000] {logging_mixin.py:188} INFO - [2025-11-02T19:04:53.929+0000] {dag.py:3823} INFO - Setting next_dagrun for example_subdag_operator.section-1 to None, run_after=None
[2025-11-02T19:04:53.934+0000] {logging_mixin.py:188} INFO - [2025-11-02T19:04:53.933+0000] {dag.py:3823} INFO - Setting next_dagrun for example_subdag_operator.section-2 to None, run_after=None
[2025-11-02T19:04:53.949+0000] {logging_mixin.py:188} INFO - [2025-11-02T19:04:53.949+0000] {dag.py:3036} INFO - Sync 2 DAGs
[2025-11-02T19:04:53.960+0000] {logging_mixin.py:188} INFO - [2025-11-02T19:04:53.960+0000] {dag.py:3823} INFO - Setting next_dagrun for example_subdag_operator.section-1 to None, run_after=None
[2025-11-02T19:04:53.962+0000] {logging_mixin.py:188} INFO - [2025-11-02T19:04:53.961+0000] {dag.py:3823} INFO - Setting next_dagrun for example_subdag_operator.section-2 to None, run_after=None
[2025-11-02T19:04:53.992+0000] {processor.py:183} INFO - Processing /home/airflow/.local/lib/python3.8/site-packages/airflow/example_dags/example_subdag_operator.py took 0.223 seconds
[2025-11-02T19:05:27.675+0000] {processor.py:161} INFO - Started process (PID=4439) to work on /home/airflow/.local/lib/python3.8/site-packages/airflow/example_dags/example_subdag_operator.py
[2025-11-02T19:05:27.678+0000] {processor.py:830} INFO - Processing file /home/airflow/.local/lib/python3.8/site-packages/airflow/example_dags/example_subdag_operator.py for tasks to queue
[2025-11-02T19:05:27.690+0000] {logging_mixin.py:188} INFO - [2025-11-02T19:05:27.688+0000] {dagbag.py:538} INFO - Filling up the DagBag from /home/airflow/.local/lib/python3.8/site-packages/airflow/example_dags/example_subdag_operator.py
[2025-11-02T19:05:27.852+0000] {processor.py:840} INFO - DAG(s) 'example_subdag_operator.section-1', 'example_subdag_operator.section-2', 'example_subdag_operator' retrieved from /home/airflow/.local/lib/python3.8/site-packages/airflow/example_dags/example_subdag_operator.py
[2025-11-02T19:05:28.009+0000] {logging_mixin.py:188} INFO - [2025-11-02T19:05:28.007+0000] {dag.py:3036} INFO - Sync 3 DAGs
[2025-11-02T19:05:28.209+0000] {logging_mixin.py:188} INFO - [2025-11-02T19:05:28.205+0000] {dag.py:3823} INFO - Setting next_dagrun for example_subdag_operator to 2022-01-01 00:00:00+00:00, run_after=2022-01-01 00:00:00+00:00
[2025-11-02T19:05:28.250+0000] {logging_mixin.py:188} INFO - [2025-11-02T19:05:28.249+0000] {dag.py:3823} INFO - Setting next_dagrun for example_subdag_operator.section-1 to None, run_after=None
[2025-11-02T19:05:28.276+0000] {logging_mixin.py:188} INFO - [2025-11-02T19:05:28.275+0000] {dag.py:3823} INFO - Setting next_dagrun for example_subdag_operator.section-2 to None, run_after=None
[2025-11-02T19:05:28.332+0000] {logging_mixin.py:188} INFO - [2025-11-02T19:05:28.332+0000] {dag.py:3036} INFO - Sync 2 DAGs
[2025-11-02T19:05:28.364+0000] {logging_mixin.py:188} INFO - [2025-11-02T19:05:28.363+0000] {dag.py:3823} INFO - Setting next_dagrun for example_subdag_operator.section-1 to None, run_after=None
[2025-11-02T19:05:28.368+0000] {logging_mixin.py:188} INFO - [2025-11-02T19:05:28.368+0000] {dag.py:3823} INFO - Setting next_dagrun for example_subdag_operator.section-2 to None, run_after=None
[2025-11-02T19:05:28.437+0000] {processor.py:183} INFO - Processing /home/airflow/.local/lib/python3.8/site-packages/airflow/example_dags/example_subdag_operator.py took 0.776 seconds
[2025-11-02T19:05:58.599+0000] {processor.py:161} INFO - Started process (PID=4494) to work on /home/airflow/.local/lib/python3.8/site-packages/airflow/example_dags/example_subdag_operator.py
[2025-11-02T19:05:58.604+0000] {processor.py:830} INFO - Processing file /home/airflow/.local/lib/python3.8/site-packages/airflow/example_dags/example_subdag_operator.py for tasks to queue
[2025-11-02T19:05:58.611+0000] {logging_mixin.py:188} INFO - [2025-11-02T19:05:58.610+0000] {dagbag.py:538} INFO - Filling up the DagBag from /home/airflow/.local/lib/python3.8/site-packages/airflow/example_dags/example_subdag_operator.py
[2025-11-02T19:05:58.708+0000] {processor.py:840} INFO - DAG(s) 'example_subdag_operator.section-1', 'example_subdag_operator.section-2', 'example_subdag_operator' retrieved from /home/airflow/.local/lib/python3.8/site-packages/airflow/example_dags/example_subdag_operator.py
[2025-11-02T19:05:58.799+0000] {logging_mixin.py:188} INFO - [2025-11-02T19:05:58.798+0000] {dag.py:3036} INFO - Sync 3 DAGs
[2025-11-02T19:05:58.910+0000] {logging_mixin.py:188} INFO - [2025-11-02T19:05:58.909+0000] {dag.py:3823} INFO - Setting next_dagrun for example_subdag_operator to 2022-01-01 00:00:00+00:00, run_after=2022-01-01 00:00:00+00:00
[2025-11-02T19:05:58.922+0000] {logging_mixin.py:188} INFO - [2025-11-02T19:05:58.921+0000] {dag.py:3823} INFO - Setting next_dagrun for example_subdag_operator.section-1 to None, run_after=None
[2025-11-02T19:05:58.927+0000] {logging_mixin.py:188} INFO - [2025-11-02T19:05:58.926+0000] {dag.py:3823} INFO - Setting next_dagrun for example_subdag_operator.section-2 to None, run_after=None
[2025-11-02T19:05:58.956+0000] {logging_mixin.py:188} INFO - [2025-11-02T19:05:58.955+0000] {dag.py:3036} INFO - Sync 2 DAGs
[2025-11-02T19:05:58.982+0000] {logging_mixin.py:188} INFO - [2025-11-02T19:05:58.982+0000] {dag.py:3823} INFO - Setting next_dagrun for example_subdag_operator.section-1 to None, run_after=None
[2025-11-02T19:05:58.987+0000] {logging_mixin.py:188} INFO - [2025-11-02T19:05:58.986+0000] {dag.py:3823} INFO - Setting next_dagrun for example_subdag_operator.section-2 to None, run_after=None
[2025-11-02T19:05:59.022+0000] {processor.py:183} INFO - Processing /home/airflow/.local/lib/python3.8/site-packages/airflow/example_dags/example_subdag_operator.py took 0.436 seconds
[2025-11-02T19:06:29.205+0000] {processor.py:161} INFO - Started process (PID=4549) to work on /home/airflow/.local/lib/python3.8/site-packages/airflow/example_dags/example_subdag_operator.py
[2025-11-02T19:06:29.209+0000] {processor.py:830} INFO - Processing file /home/airflow/.local/lib/python3.8/site-packages/airflow/example_dags/example_subdag_operator.py for tasks to queue
[2025-11-02T19:06:29.220+0000] {logging_mixin.py:188} INFO - [2025-11-02T19:06:29.219+0000] {dagbag.py:538} INFO - Filling up the DagBag from /home/airflow/.local/lib/python3.8/site-packages/airflow/example_dags/example_subdag_operator.py
[2025-11-02T19:06:29.292+0000] {processor.py:840} INFO - DAG(s) 'example_subdag_operator.section-1', 'example_subdag_operator.section-2', 'example_subdag_operator' retrieved from /home/airflow/.local/lib/python3.8/site-packages/airflow/example_dags/example_subdag_operator.py
[2025-11-02T19:06:29.348+0000] {logging_mixin.py:188} INFO - [2025-11-02T19:06:29.348+0000] {dag.py:3036} INFO - Sync 3 DAGs
[2025-11-02T19:06:29.400+0000] {logging_mixin.py:188} INFO - [2025-11-02T19:06:29.399+0000] {dag.py:3823} INFO - Setting next_dagrun for example_subdag_operator to 2022-01-01 00:00:00+00:00, run_after=2022-01-01 00:00:00+00:00
[2025-11-02T19:06:29.407+0000] {logging_mixin.py:188} INFO - [2025-11-02T19:06:29.406+0000] {dag.py:3823} INFO - Setting next_dagrun for example_subdag_operator.section-1 to None, run_after=None
[2025-11-02T19:06:29.410+0000] {logging_mixin.py:188} INFO - [2025-11-02T19:06:29.409+0000] {dag.py:3823} INFO - Setting next_dagrun for example_subdag_operator.section-2 to None, run_after=None
[2025-11-02T19:06:29.424+0000] {logging_mixin.py:188} INFO - [2025-11-02T19:06:29.424+0000] {dag.py:3036} INFO - Sync 2 DAGs
[2025-11-02T19:06:29.435+0000] {logging_mixin.py:188} INFO - [2025-11-02T19:06:29.434+0000] {dag.py:3823} INFO - Setting next_dagrun for example_subdag_operator.section-1 to None, run_after=None
[2025-11-02T19:06:29.436+0000] {logging_mixin.py:188} INFO - [2025-11-02T19:06:29.436+0000] {dag.py:3823} INFO - Setting next_dagrun for example_subdag_operator.section-2 to None, run_after=None
[2025-11-02T19:06:29.489+0000] {processor.py:183} INFO - Processing /home/airflow/.local/lib/python3.8/site-packages/airflow/example_dags/example_subdag_operator.py took 0.298 seconds
[2025-11-02T19:06:59.649+0000] {processor.py:161} INFO - Started process (PID=4604) to work on /home/airflow/.local/lib/python3.8/site-packages/airflow/example_dags/example_subdag_operator.py
[2025-11-02T19:06:59.653+0000] {processor.py:830} INFO - Processing file /home/airflow/.local/lib/python3.8/site-packages/airflow/example_dags/example_subdag_operator.py for tasks to queue
[2025-11-02T19:06:59.659+0000] {logging_mixin.py:188} INFO - [2025-11-02T19:06:59.658+0000] {dagbag.py:538} INFO - Filling up the DagBag from /home/airflow/.local/lib/python3.8/site-packages/airflow/example_dags/example_subdag_operator.py
[2025-11-02T19:06:59.737+0000] {processor.py:840} INFO - DAG(s) 'example_subdag_operator.section-1', 'example_subdag_operator.section-2', 'example_subdag_operator' retrieved from /home/airflow/.local/lib/python3.8/site-packages/airflow/example_dags/example_subdag_operator.py
[2025-11-02T19:06:59.809+0000] {logging_mixin.py:188} INFO - [2025-11-02T19:06:59.808+0000] {dag.py:3036} INFO - Sync 3 DAGs
[2025-11-02T19:06:59.879+0000] {logging_mixin.py:188} INFO - [2025-11-02T19:06:59.879+0000] {dag.py:3823} INFO - Setting next_dagrun for example_subdag_operator to 2022-01-01 00:00:00+00:00, run_after=2022-01-01 00:00:00+00:00
[2025-11-02T19:06:59.889+0000] {logging_mixin.py:188} INFO - [2025-11-02T19:06:59.888+0000] {dag.py:3823} INFO - Setting next_dagrun for example_subdag_operator.section-1 to None, run_after=None
[2025-11-02T19:06:59.894+0000] {logging_mixin.py:188} INFO - [2025-11-02T19:06:59.893+0000] {dag.py:3823} INFO - Setting next_dagrun for example_subdag_operator.section-2 to None, run_after=None
[2025-11-02T19:06:59.910+0000] {logging_mixin.py:188} INFO - [2025-11-02T19:06:59.910+0000] {dag.py:3036} INFO - Sync 2 DAGs
[2025-11-02T19:06:59.923+0000] {logging_mixin.py:188} INFO - [2025-11-02T19:06:59.922+0000] {dag.py:3823} INFO - Setting next_dagrun for example_subdag_operator.section-1 to None, run_after=None
[2025-11-02T19:06:59.925+0000] {logging_mixin.py:188} INFO - [2025-11-02T19:06:59.924+0000] {dag.py:3823} INFO - Setting next_dagrun for example_subdag_operator.section-2 to None, run_after=None
[2025-11-02T19:06:59.969+0000] {processor.py:183} INFO - Processing /home/airflow/.local/lib/python3.8/site-packages/airflow/example_dags/example_subdag_operator.py took 0.331 seconds
[2025-11-02T19:07:30.501+0000] {processor.py:161} INFO - Started process (PID=4658) to work on /home/airflow/.local/lib/python3.8/site-packages/airflow/example_dags/example_subdag_operator.py
[2025-11-02T19:07:30.504+0000] {processor.py:830} INFO - Processing file /home/airflow/.local/lib/python3.8/site-packages/airflow/example_dags/example_subdag_operator.py for tasks to queue
[2025-11-02T19:07:30.510+0000] {logging_mixin.py:188} INFO - [2025-11-02T19:07:30.509+0000] {dagbag.py:538} INFO - Filling up the DagBag from /home/airflow/.local/lib/python3.8/site-packages/airflow/example_dags/example_subdag_operator.py
[2025-11-02T19:07:30.574+0000] {processor.py:840} INFO - DAG(s) 'example_subdag_operator.section-1', 'example_subdag_operator.section-2', 'example_subdag_operator' retrieved from /home/airflow/.local/lib/python3.8/site-packages/airflow/example_dags/example_subdag_operator.py
[2025-11-02T19:07:30.623+0000] {logging_mixin.py:188} INFO - [2025-11-02T19:07:30.623+0000] {dag.py:3036} INFO - Sync 3 DAGs
[2025-11-02T19:07:30.690+0000] {logging_mixin.py:188} INFO - [2025-11-02T19:07:30.690+0000] {dag.py:3823} INFO - Setting next_dagrun for example_subdag_operator to 2022-01-01 00:00:00+00:00, run_after=2022-01-01 00:00:00+00:00
[2025-11-02T19:07:30.703+0000] {logging_mixin.py:188} INFO - [2025-11-02T19:07:30.702+0000] {dag.py:3823} INFO - Setting next_dagrun for example_subdag_operator.section-1 to None, run_after=None
[2025-11-02T19:07:30.709+0000] {logging_mixin.py:188} INFO - [2025-11-02T19:07:30.708+0000] {dag.py:3823} INFO - Setting next_dagrun for example_subdag_operator.section-2 to None, run_after=None
[2025-11-02T19:07:30.731+0000] {logging_mixin.py:188} INFO - [2025-11-02T19:07:30.730+0000] {dag.py:3036} INFO - Sync 2 DAGs
[2025-11-02T19:07:30.749+0000] {logging_mixin.py:188} INFO - [2025-11-02T19:07:30.748+0000] {dag.py:3823} INFO - Setting next_dagrun for example_subdag_operator.section-1 to None, run_after=None
[2025-11-02T19:07:30.751+0000] {logging_mixin.py:188} INFO - [2025-11-02T19:07:30.750+0000] {dag.py:3823} INFO - Setting next_dagrun for example_subdag_operator.section-2 to None, run_after=None
[2025-11-02T19:07:30.792+0000] {processor.py:183} INFO - Processing /home/airflow/.local/lib/python3.8/site-packages/airflow/example_dags/example_subdag_operator.py took 0.303 seconds
[2025-11-02T19:08:01.001+0000] {processor.py:161} INFO - Started process (PID=4713) to work on /home/airflow/.local/lib/python3.8/site-packages/airflow/example_dags/example_subdag_operator.py
[2025-11-02T19:08:01.004+0000] {processor.py:830} INFO - Processing file /home/airflow/.local/lib/python3.8/site-packages/airflow/example_dags/example_subdag_operator.py for tasks to queue
[2025-11-02T19:08:01.010+0000] {logging_mixin.py:188} INFO - [2025-11-02T19:08:01.009+0000] {dagbag.py:538} INFO - Filling up the DagBag from /home/airflow/.local/lib/python3.8/site-packages/airflow/example_dags/example_subdag_operator.py
[2025-11-02T19:08:01.072+0000] {processor.py:840} INFO - DAG(s) 'example_subdag_operator.section-1', 'example_subdag_operator.section-2', 'example_subdag_operator' retrieved from /home/airflow/.local/lib/python3.8/site-packages/airflow/example_dags/example_subdag_operator.py
[2025-11-02T19:08:01.108+0000] {logging_mixin.py:188} INFO - [2025-11-02T19:08:01.107+0000] {dag.py:3036} INFO - Sync 3 DAGs
[2025-11-02T19:08:01.158+0000] {logging_mixin.py:188} INFO - [2025-11-02T19:08:01.157+0000] {dag.py:3823} INFO - Setting next_dagrun for example_subdag_operator to 2022-01-01 00:00:00+00:00, run_after=2022-01-01 00:00:00+00:00
[2025-11-02T19:08:01.171+0000] {logging_mixin.py:188} INFO - [2025-11-02T19:08:01.171+0000] {dag.py:3823} INFO - Setting next_dagrun for example_subdag_operator.section-1 to None, run_after=None
[2025-11-02T19:08:01.175+0000] {logging_mixin.py:188} INFO - [2025-11-02T19:08:01.174+0000] {dag.py:3823} INFO - Setting next_dagrun for example_subdag_operator.section-2 to None, run_after=None
[2025-11-02T19:08:01.191+0000] {logging_mixin.py:188} INFO - [2025-11-02T19:08:01.190+0000] {dag.py:3036} INFO - Sync 2 DAGs
[2025-11-02T19:08:01.204+0000] {logging_mixin.py:188} INFO - [2025-11-02T19:08:01.203+0000] {dag.py:3823} INFO - Setting next_dagrun for example_subdag_operator.section-1 to None, run_after=None
[2025-11-02T19:08:01.206+0000] {logging_mixin.py:188} INFO - [2025-11-02T19:08:01.205+0000] {dag.py:3823} INFO - Setting next_dagrun for example_subdag_operator.section-2 to None, run_after=None
[2025-11-02T19:08:01.242+0000] {processor.py:183} INFO - Processing /home/airflow/.local/lib/python3.8/site-packages/airflow/example_dags/example_subdag_operator.py took 0.250 seconds
[2025-11-02T19:08:31.549+0000] {processor.py:161} INFO - Started process (PID=4768) to work on /home/airflow/.local/lib/python3.8/site-packages/airflow/example_dags/example_subdag_operator.py
[2025-11-02T19:08:31.556+0000] {processor.py:830} INFO - Processing file /home/airflow/.local/lib/python3.8/site-packages/airflow/example_dags/example_subdag_operator.py for tasks to queue
[2025-11-02T19:08:31.564+0000] {logging_mixin.py:188} INFO - [2025-11-02T19:08:31.563+0000] {dagbag.py:538} INFO - Filling up the DagBag from /home/airflow/.local/lib/python3.8/site-packages/airflow/example_dags/example_subdag_operator.py
[2025-11-02T19:08:31.670+0000] {processor.py:840} INFO - DAG(s) 'example_subdag_operator.section-1', 'example_subdag_operator.section-2', 'example_subdag_operator' retrieved from /home/airflow/.local/lib/python3.8/site-packages/airflow/example_dags/example_subdag_operator.py
[2025-11-02T19:08:31.739+0000] {logging_mixin.py:188} INFO - [2025-11-02T19:08:31.738+0000] {dag.py:3036} INFO - Sync 3 DAGs
[2025-11-02T19:08:31.811+0000] {logging_mixin.py:188} INFO - [2025-11-02T19:08:31.810+0000] {dag.py:3823} INFO - Setting next_dagrun for example_subdag_operator to 2022-01-01 00:00:00+00:00, run_after=2022-01-01 00:00:00+00:00
[2025-11-02T19:08:31.829+0000] {logging_mixin.py:188} INFO - [2025-11-02T19:08:31.828+0000] {dag.py:3823} INFO - Setting next_dagrun for example_subdag_operator.section-1 to None, run_after=None
[2025-11-02T19:08:31.833+0000] {logging_mixin.py:188} INFO - [2025-11-02T19:08:31.833+0000] {dag.py:3823} INFO - Setting next_dagrun for example_subdag_operator.section-2 to None, run_after=None
[2025-11-02T19:08:31.856+0000] {logging_mixin.py:188} INFO - [2025-11-02T19:08:31.856+0000] {dag.py:3036} INFO - Sync 2 DAGs
[2025-11-02T19:08:31.874+0000] {logging_mixin.py:188} INFO - [2025-11-02T19:08:31.873+0000] {dag.py:3823} INFO - Setting next_dagrun for example_subdag_operator.section-1 to None, run_after=None
[2025-11-02T19:08:31.876+0000] {logging_mixin.py:188} INFO - [2025-11-02T19:08:31.875+0000] {dag.py:3823} INFO - Setting next_dagrun for example_subdag_operator.section-2 to None, run_after=None
[2025-11-02T19:08:31.929+0000] {processor.py:183} INFO - Processing /home/airflow/.local/lib/python3.8/site-packages/airflow/example_dags/example_subdag_operator.py took 0.396 seconds
[2025-11-02T19:09:02.112+0000] {processor.py:161} INFO - Started process (PID=4823) to work on /home/airflow/.local/lib/python3.8/site-packages/airflow/example_dags/example_subdag_operator.py
[2025-11-02T19:09:02.114+0000] {processor.py:830} INFO - Processing file /home/airflow/.local/lib/python3.8/site-packages/airflow/example_dags/example_subdag_operator.py for tasks to queue
[2025-11-02T19:09:02.119+0000] {logging_mixin.py:188} INFO - [2025-11-02T19:09:02.118+0000] {dagbag.py:538} INFO - Filling up the DagBag from /home/airflow/.local/lib/python3.8/site-packages/airflow/example_dags/example_subdag_operator.py
[2025-11-02T19:09:02.181+0000] {processor.py:840} INFO - DAG(s) 'example_subdag_operator.section-1', 'example_subdag_operator.section-2', 'example_subdag_operator' retrieved from /home/airflow/.local/lib/python3.8/site-packages/airflow/example_dags/example_subdag_operator.py
[2025-11-02T19:09:02.219+0000] {logging_mixin.py:188} INFO - [2025-11-02T19:09:02.218+0000] {dag.py:3036} INFO - Sync 3 DAGs
[2025-11-02T19:09:02.270+0000] {logging_mixin.py:188} INFO - [2025-11-02T19:09:02.269+0000] {dag.py:3823} INFO - Setting next_dagrun for example_subdag_operator to 2022-01-01 00:00:00+00:00, run_after=2022-01-01 00:00:00+00:00
[2025-11-02T19:09:02.279+0000] {logging_mixin.py:188} INFO - [2025-11-02T19:09:02.278+0000] {dag.py:3823} INFO - Setting next_dagrun for example_subdag_operator.section-1 to None, run_after=None
[2025-11-02T19:09:02.282+0000] {logging_mixin.py:188} INFO - [2025-11-02T19:09:02.281+0000] {dag.py:3823} INFO - Setting next_dagrun for example_subdag_operator.section-2 to None, run_after=None
[2025-11-02T19:09:02.302+0000] {logging_mixin.py:188} INFO - [2025-11-02T19:09:02.301+0000] {dag.py:3036} INFO - Sync 2 DAGs
[2025-11-02T19:09:02.319+0000] {logging_mixin.py:188} INFO - [2025-11-02T19:09:02.319+0000] {dag.py:3823} INFO - Setting next_dagrun for example_subdag_operator.section-1 to None, run_after=None
[2025-11-02T19:09:02.321+0000] {logging_mixin.py:188} INFO - [2025-11-02T19:09:02.320+0000] {dag.py:3823} INFO - Setting next_dagrun for example_subdag_operator.section-2 to None, run_after=None
[2025-11-02T19:09:02.358+0000] {processor.py:183} INFO - Processing /home/airflow/.local/lib/python3.8/site-packages/airflow/example_dags/example_subdag_operator.py took 0.256 seconds
[2025-11-02T19:09:33.078+0000] {processor.py:161} INFO - Started process (PID=4878) to work on /home/airflow/.local/lib/python3.8/site-packages/airflow/example_dags/example_subdag_operator.py
[2025-11-02T19:09:33.081+0000] {processor.py:830} INFO - Processing file /home/airflow/.local/lib/python3.8/site-packages/airflow/example_dags/example_subdag_operator.py for tasks to queue
[2025-11-02T19:09:33.086+0000] {logging_mixin.py:188} INFO - [2025-11-02T19:09:33.086+0000] {dagbag.py:538} INFO - Filling up the DagBag from /home/airflow/.local/lib/python3.8/site-packages/airflow/example_dags/example_subdag_operator.py
[2025-11-02T19:09:33.145+0000] {processor.py:840} INFO - DAG(s) 'example_subdag_operator.section-1', 'example_subdag_operator.section-2', 'example_subdag_operator' retrieved from /home/airflow/.local/lib/python3.8/site-packages/airflow/example_dags/example_subdag_operator.py
[2025-11-02T19:09:33.182+0000] {logging_mixin.py:188} INFO - [2025-11-02T19:09:33.181+0000] {dag.py:3036} INFO - Sync 3 DAGs
[2025-11-02T19:09:33.237+0000] {logging_mixin.py:188} INFO - [2025-11-02T19:09:33.236+0000] {dag.py:3823} INFO - Setting next_dagrun for example_subdag_operator to 2022-01-01 00:00:00+00:00, run_after=2022-01-01 00:00:00+00:00
[2025-11-02T19:09:33.249+0000] {logging_mixin.py:188} INFO - [2025-11-02T19:09:33.248+0000] {dag.py:3823} INFO - Setting next_dagrun for example_subdag_operator.section-1 to None, run_after=None
[2025-11-02T19:09:33.253+0000] {logging_mixin.py:188} INFO - [2025-11-02T19:09:33.253+0000] {dag.py:3823} INFO - Setting next_dagrun for example_subdag_operator.section-2 to None, run_after=None
[2025-11-02T19:09:33.273+0000] {logging_mixin.py:188} INFO - [2025-11-02T19:09:33.273+0000] {dag.py:3036} INFO - Sync 2 DAGs
[2025-11-02T19:09:33.291+0000] {logging_mixin.py:188} INFO - [2025-11-02T19:09:33.290+0000] {dag.py:3823} INFO - Setting next_dagrun for example_subdag_operator.section-1 to None, run_after=None
[2025-11-02T19:09:33.293+0000] {logging_mixin.py:188} INFO - [2025-11-02T19:09:33.293+0000] {dag.py:3823} INFO - Setting next_dagrun for example_subdag_operator.section-2 to None, run_after=None
[2025-11-02T19:09:33.330+0000] {processor.py:183} INFO - Processing /home/airflow/.local/lib/python3.8/site-packages/airflow/example_dags/example_subdag_operator.py took 0.262 seconds
[2025-11-02T19:10:03.443+0000] {processor.py:161} INFO - Started process (PID=4933) to work on /home/airflow/.local/lib/python3.8/site-packages/airflow/example_dags/example_subdag_operator.py
[2025-11-02T19:10:03.447+0000] {processor.py:830} INFO - Processing file /home/airflow/.local/lib/python3.8/site-packages/airflow/example_dags/example_subdag_operator.py for tasks to queue
[2025-11-02T19:10:03.453+0000] {logging_mixin.py:188} INFO - [2025-11-02T19:10:03.452+0000] {dagbag.py:538} INFO - Filling up the DagBag from /home/airflow/.local/lib/python3.8/site-packages/airflow/example_dags/example_subdag_operator.py
[2025-11-02T19:10:03.539+0000] {processor.py:840} INFO - DAG(s) 'example_subdag_operator.section-1', 'example_subdag_operator.section-2', 'example_subdag_operator' retrieved from /home/airflow/.local/lib/python3.8/site-packages/airflow/example_dags/example_subdag_operator.py
[2025-11-02T19:10:03.575+0000] {logging_mixin.py:188} INFO - [2025-11-02T19:10:03.574+0000] {dag.py:3036} INFO - Sync 3 DAGs
[2025-11-02T19:10:03.631+0000] {logging_mixin.py:188} INFO - [2025-11-02T19:10:03.631+0000] {dag.py:3823} INFO - Setting next_dagrun for example_subdag_operator to 2022-01-01 00:00:00+00:00, run_after=2022-01-01 00:00:00+00:00
[2025-11-02T19:10:03.641+0000] {logging_mixin.py:188} INFO - [2025-11-02T19:10:03.640+0000] {dag.py:3823} INFO - Setting next_dagrun for example_subdag_operator.section-1 to None, run_after=None
[2025-11-02T19:10:03.644+0000] {logging_mixin.py:188} INFO - [2025-11-02T19:10:03.644+0000] {dag.py:3823} INFO - Setting next_dagrun for example_subdag_operator.section-2 to None, run_after=None
[2025-11-02T19:10:03.661+0000] {logging_mixin.py:188} INFO - [2025-11-02T19:10:03.660+0000] {dag.py:3036} INFO - Sync 2 DAGs
[2025-11-02T19:10:03.677+0000] {logging_mixin.py:188} INFO - [2025-11-02T19:10:03.676+0000] {dag.py:3823} INFO - Setting next_dagrun for example_subdag_operator.section-1 to None, run_after=None
[2025-11-02T19:10:03.679+0000] {logging_mixin.py:188} INFO - [2025-11-02T19:10:03.678+0000] {dag.py:3823} INFO - Setting next_dagrun for example_subdag_operator.section-2 to None, run_after=None
[2025-11-02T19:10:03.710+0000] {processor.py:183} INFO - Processing /home/airflow/.local/lib/python3.8/site-packages/airflow/example_dags/example_subdag_operator.py took 0.278 seconds
[2025-11-02T19:10:35.041+0000] {processor.py:161} INFO - Started process (PID=4988) to work on /home/airflow/.local/lib/python3.8/site-packages/airflow/example_dags/example_subdag_operator.py
[2025-11-02T19:10:35.046+0000] {processor.py:830} INFO - Processing file /home/airflow/.local/lib/python3.8/site-packages/airflow/example_dags/example_subdag_operator.py for tasks to queue
[2025-11-02T19:10:35.055+0000] {logging_mixin.py:188} INFO - [2025-11-02T19:10:35.054+0000] {dagbag.py:538} INFO - Filling up the DagBag from /home/airflow/.local/lib/python3.8/site-packages/airflow/example_dags/example_subdag_operator.py
[2025-11-02T19:10:35.160+0000] {processor.py:840} INFO - DAG(s) 'example_subdag_operator.section-1', 'example_subdag_operator.section-2', 'example_subdag_operator' retrieved from /home/airflow/.local/lib/python3.8/site-packages/airflow/example_dags/example_subdag_operator.py
[2025-11-02T19:10:35.244+0000] {logging_mixin.py:188} INFO - [2025-11-02T19:10:35.243+0000] {dag.py:3036} INFO - Sync 3 DAGs
[2025-11-02T19:10:35.353+0000] {logging_mixin.py:188} INFO - [2025-11-02T19:10:35.352+0000] {dag.py:3823} INFO - Setting next_dagrun for example_subdag_operator to 2022-01-01 00:00:00+00:00, run_after=2022-01-01 00:00:00+00:00
[2025-11-02T19:10:35.386+0000] {logging_mixin.py:188} INFO - [2025-11-02T19:10:35.385+0000] {dag.py:3823} INFO - Setting next_dagrun for example_subdag_operator.section-1 to None, run_after=None
[2025-11-02T19:10:35.419+0000] {logging_mixin.py:188} INFO - [2025-11-02T19:10:35.418+0000] {dag.py:3823} INFO - Setting next_dagrun for example_subdag_operator.section-2 to None, run_after=None
[2025-11-02T19:10:35.466+0000] {logging_mixin.py:188} INFO - [2025-11-02T19:10:35.465+0000] {dag.py:3036} INFO - Sync 2 DAGs
[2025-11-02T19:10:35.503+0000] {logging_mixin.py:188} INFO - [2025-11-02T19:10:35.502+0000] {dag.py:3823} INFO - Setting next_dagrun for example_subdag_operator.section-1 to None, run_after=None
[2025-11-02T19:10:35.509+0000] {logging_mixin.py:188} INFO - [2025-11-02T19:10:35.509+0000] {dag.py:3823} INFO - Setting next_dagrun for example_subdag_operator.section-2 to None, run_after=None
[2025-11-02T19:10:35.589+0000] {processor.py:183} INFO - Processing /home/airflow/.local/lib/python3.8/site-packages/airflow/example_dags/example_subdag_operator.py took 0.564 seconds
[2025-11-02T19:11:06.080+0000] {processor.py:161} INFO - Started process (PID=5043) to work on /home/airflow/.local/lib/python3.8/site-packages/airflow/example_dags/example_subdag_operator.py
[2025-11-02T19:11:06.088+0000] {processor.py:830} INFO - Processing file /home/airflow/.local/lib/python3.8/site-packages/airflow/example_dags/example_subdag_operator.py for tasks to queue
[2025-11-02T19:11:06.095+0000] {logging_mixin.py:188} INFO - [2025-11-02T19:11:06.094+0000] {dagbag.py:538} INFO - Filling up the DagBag from /home/airflow/.local/lib/python3.8/site-packages/airflow/example_dags/example_subdag_operator.py
[2025-11-02T19:11:06.172+0000] {processor.py:840} INFO - DAG(s) 'example_subdag_operator.section-1', 'example_subdag_operator.section-2', 'example_subdag_operator' retrieved from /home/airflow/.local/lib/python3.8/site-packages/airflow/example_dags/example_subdag_operator.py
[2025-11-02T19:11:06.260+0000] {logging_mixin.py:188} INFO - [2025-11-02T19:11:06.259+0000] {dag.py:3036} INFO - Sync 3 DAGs
[2025-11-02T19:11:06.323+0000] {logging_mixin.py:188} INFO - [2025-11-02T19:11:06.322+0000] {dag.py:3823} INFO - Setting next_dagrun for example_subdag_operator to 2022-01-01 00:00:00+00:00, run_after=2022-01-01 00:00:00+00:00
[2025-11-02T19:11:06.335+0000] {logging_mixin.py:188} INFO - [2025-11-02T19:11:06.335+0000] {dag.py:3823} INFO - Setting next_dagrun for example_subdag_operator.section-1 to None, run_after=None
[2025-11-02T19:11:06.346+0000] {logging_mixin.py:188} INFO - [2025-11-02T19:11:06.346+0000] {dag.py:3823} INFO - Setting next_dagrun for example_subdag_operator.section-2 to None, run_after=None
[2025-11-02T19:11:06.388+0000] {logging_mixin.py:188} INFO - [2025-11-02T19:11:06.387+0000] {dag.py:3036} INFO - Sync 2 DAGs
[2025-11-02T19:11:06.423+0000] {logging_mixin.py:188} INFO - [2025-11-02T19:11:06.420+0000] {dag.py:3823} INFO - Setting next_dagrun for example_subdag_operator.section-1 to None, run_after=None
[2025-11-02T19:11:06.426+0000] {logging_mixin.py:188} INFO - [2025-11-02T19:11:06.425+0000] {dag.py:3823} INFO - Setting next_dagrun for example_subdag_operator.section-2 to None, run_after=None
[2025-11-02T19:11:06.468+0000] {processor.py:183} INFO - Processing /home/airflow/.local/lib/python3.8/site-packages/airflow/example_dags/example_subdag_operator.py took 0.400 seconds
[2025-11-02T19:11:36.575+0000] {processor.py:161} INFO - Started process (PID=5098) to work on /home/airflow/.local/lib/python3.8/site-packages/airflow/example_dags/example_subdag_operator.py
[2025-11-02T19:11:36.578+0000] {processor.py:830} INFO - Processing file /home/airflow/.local/lib/python3.8/site-packages/airflow/example_dags/example_subdag_operator.py for tasks to queue
[2025-11-02T19:11:36.585+0000] {logging_mixin.py:188} INFO - [2025-11-02T19:11:36.584+0000] {dagbag.py:538} INFO - Filling up the DagBag from /home/airflow/.local/lib/python3.8/site-packages/airflow/example_dags/example_subdag_operator.py
[2025-11-02T19:11:36.652+0000] {processor.py:840} INFO - DAG(s) 'example_subdag_operator.section-1', 'example_subdag_operator.section-2', 'example_subdag_operator' retrieved from /home/airflow/.local/lib/python3.8/site-packages/airflow/example_dags/example_subdag_operator.py
[2025-11-02T19:11:36.688+0000] {logging_mixin.py:188} INFO - [2025-11-02T19:11:36.687+0000] {dag.py:3036} INFO - Sync 3 DAGs
[2025-11-02T19:11:36.747+0000] {logging_mixin.py:188} INFO - [2025-11-02T19:11:36.746+0000] {dag.py:3823} INFO - Setting next_dagrun for example_subdag_operator to 2022-01-01 00:00:00+00:00, run_after=2022-01-01 00:00:00+00:00
[2025-11-02T19:11:36.757+0000] {logging_mixin.py:188} INFO - [2025-11-02T19:11:36.756+0000] {dag.py:3823} INFO - Setting next_dagrun for example_subdag_operator.section-1 to None, run_after=None
[2025-11-02T19:11:36.761+0000] {logging_mixin.py:188} INFO - [2025-11-02T19:11:36.760+0000] {dag.py:3823} INFO - Setting next_dagrun for example_subdag_operator.section-2 to None, run_after=None
[2025-11-02T19:11:36.778+0000] {logging_mixin.py:188} INFO - [2025-11-02T19:11:36.777+0000] {dag.py:3036} INFO - Sync 2 DAGs
[2025-11-02T19:11:36.796+0000] {logging_mixin.py:188} INFO - [2025-11-02T19:11:36.795+0000] {dag.py:3823} INFO - Setting next_dagrun for example_subdag_operator.section-1 to None, run_after=None
[2025-11-02T19:11:36.800+0000] {logging_mixin.py:188} INFO - [2025-11-02T19:11:36.800+0000] {dag.py:3823} INFO - Setting next_dagrun for example_subdag_operator.section-2 to None, run_after=None
[2025-11-02T19:11:36.843+0000] {processor.py:183} INFO - Processing /home/airflow/.local/lib/python3.8/site-packages/airflow/example_dags/example_subdag_operator.py took 0.280 seconds
[2025-11-02T19:12:07.423+0000] {processor.py:161} INFO - Started process (PID=5153) to work on /home/airflow/.local/lib/python3.8/site-packages/airflow/example_dags/example_subdag_operator.py
[2025-11-02T19:12:07.426+0000] {processor.py:830} INFO - Processing file /home/airflow/.local/lib/python3.8/site-packages/airflow/example_dags/example_subdag_operator.py for tasks to queue
[2025-11-02T19:12:07.432+0000] {logging_mixin.py:188} INFO - [2025-11-02T19:12:07.431+0000] {dagbag.py:538} INFO - Filling up the DagBag from /home/airflow/.local/lib/python3.8/site-packages/airflow/example_dags/example_subdag_operator.py
[2025-11-02T19:12:07.511+0000] {processor.py:840} INFO - DAG(s) 'example_subdag_operator.section-1', 'example_subdag_operator.section-2', 'example_subdag_operator' retrieved from /home/airflow/.local/lib/python3.8/site-packages/airflow/example_dags/example_subdag_operator.py
[2025-11-02T19:12:07.569+0000] {logging_mixin.py:188} INFO - [2025-11-02T19:12:07.569+0000] {dag.py:3036} INFO - Sync 3 DAGs
[2025-11-02T19:12:07.636+0000] {logging_mixin.py:188} INFO - [2025-11-02T19:12:07.635+0000] {dag.py:3823} INFO - Setting next_dagrun for example_subdag_operator to 2022-01-01 00:00:00+00:00, run_after=2022-01-01 00:00:00+00:00
[2025-11-02T19:12:07.645+0000] {logging_mixin.py:188} INFO - [2025-11-02T19:12:07.645+0000] {dag.py:3823} INFO - Setting next_dagrun for example_subdag_operator.section-1 to None, run_after=None
[2025-11-02T19:12:07.651+0000] {logging_mixin.py:188} INFO - [2025-11-02T19:12:07.650+0000] {dag.py:3823} INFO - Setting next_dagrun for example_subdag_operator.section-2 to None, run_after=None
[2025-11-02T19:12:07.686+0000] {logging_mixin.py:188} INFO - [2025-11-02T19:12:07.685+0000] {dag.py:3036} INFO - Sync 2 DAGs
[2025-11-02T19:12:07.717+0000] {logging_mixin.py:188} INFO - [2025-11-02T19:12:07.716+0000] {dag.py:3823} INFO - Setting next_dagrun for example_subdag_operator.section-1 to None, run_after=None
[2025-11-02T19:12:07.719+0000] {logging_mixin.py:188} INFO - [2025-11-02T19:12:07.718+0000] {dag.py:3823} INFO - Setting next_dagrun for example_subdag_operator.section-2 to None, run_after=None
[2025-11-02T19:12:07.787+0000] {processor.py:183} INFO - Processing /home/airflow/.local/lib/python3.8/site-packages/airflow/example_dags/example_subdag_operator.py took 0.375 seconds
[2025-11-02T19:12:38.694+0000] {processor.py:161} INFO - Started process (PID=5208) to work on /home/airflow/.local/lib/python3.8/site-packages/airflow/example_dags/example_subdag_operator.py
[2025-11-02T19:12:38.698+0000] {processor.py:830} INFO - Processing file /home/airflow/.local/lib/python3.8/site-packages/airflow/example_dags/example_subdag_operator.py for tasks to queue
[2025-11-02T19:12:38.704+0000] {logging_mixin.py:188} INFO - [2025-11-02T19:12:38.703+0000] {dagbag.py:538} INFO - Filling up the DagBag from /home/airflow/.local/lib/python3.8/site-packages/airflow/example_dags/example_subdag_operator.py
[2025-11-02T19:12:38.803+0000] {processor.py:840} INFO - DAG(s) 'example_subdag_operator.section-1', 'example_subdag_operator.section-2', 'example_subdag_operator' retrieved from /home/airflow/.local/lib/python3.8/site-packages/airflow/example_dags/example_subdag_operator.py
[2025-11-02T19:12:38.891+0000] {logging_mixin.py:188} INFO - [2025-11-02T19:12:38.890+0000] {dag.py:3036} INFO - Sync 3 DAGs
[2025-11-02T19:12:38.968+0000] {logging_mixin.py:188} INFO - [2025-11-02T19:12:38.967+0000] {dag.py:3823} INFO - Setting next_dagrun for example_subdag_operator to 2022-01-01 00:00:00+00:00, run_after=2022-01-01 00:00:00+00:00
[2025-11-02T19:12:38.980+0000] {logging_mixin.py:188} INFO - [2025-11-02T19:12:38.979+0000] {dag.py:3823} INFO - Setting next_dagrun for example_subdag_operator.section-1 to None, run_after=None
[2025-11-02T19:12:38.985+0000] {logging_mixin.py:188} INFO - [2025-11-02T19:12:38.984+0000] {dag.py:3823} INFO - Setting next_dagrun for example_subdag_operator.section-2 to None, run_after=None
[2025-11-02T19:12:39.010+0000] {logging_mixin.py:188} INFO - [2025-11-02T19:12:39.009+0000] {dag.py:3036} INFO - Sync 2 DAGs
[2025-11-02T19:12:39.026+0000] {logging_mixin.py:188} INFO - [2025-11-02T19:12:39.026+0000] {dag.py:3823} INFO - Setting next_dagrun for example_subdag_operator.section-1 to None, run_after=None
[2025-11-02T19:12:39.028+0000] {logging_mixin.py:188} INFO - [2025-11-02T19:12:39.027+0000] {dag.py:3823} INFO - Setting next_dagrun for example_subdag_operator.section-2 to None, run_after=None
[2025-11-02T19:12:39.065+0000] {processor.py:183} INFO - Processing /home/airflow/.local/lib/python3.8/site-packages/airflow/example_dags/example_subdag_operator.py took 0.384 seconds
[2025-11-02T19:13:09.266+0000] {processor.py:161} INFO - Started process (PID=5264) to work on /home/airflow/.local/lib/python3.8/site-packages/airflow/example_dags/example_subdag_operator.py
[2025-11-02T19:13:09.269+0000] {processor.py:830} INFO - Processing file /home/airflow/.local/lib/python3.8/site-packages/airflow/example_dags/example_subdag_operator.py for tasks to queue
[2025-11-02T19:13:09.275+0000] {logging_mixin.py:188} INFO - [2025-11-02T19:13:09.274+0000] {dagbag.py:538} INFO - Filling up the DagBag from /home/airflow/.local/lib/python3.8/site-packages/airflow/example_dags/example_subdag_operator.py
[2025-11-02T19:13:09.354+0000] {processor.py:840} INFO - DAG(s) 'example_subdag_operator.section-1', 'example_subdag_operator.section-2', 'example_subdag_operator' retrieved from /home/airflow/.local/lib/python3.8/site-packages/airflow/example_dags/example_subdag_operator.py
[2025-11-02T19:13:09.409+0000] {logging_mixin.py:188} INFO - [2025-11-02T19:13:09.408+0000] {dag.py:3036} INFO - Sync 3 DAGs
[2025-11-02T19:13:09.476+0000] {logging_mixin.py:188} INFO - [2025-11-02T19:13:09.476+0000] {dag.py:3823} INFO - Setting next_dagrun for example_subdag_operator to 2022-01-01 00:00:00+00:00, run_after=2022-01-01 00:00:00+00:00
[2025-11-02T19:13:09.486+0000] {logging_mixin.py:188} INFO - [2025-11-02T19:13:09.485+0000] {dag.py:3823} INFO - Setting next_dagrun for example_subdag_operator.section-1 to None, run_after=None
[2025-11-02T19:13:09.489+0000] {logging_mixin.py:188} INFO - [2025-11-02T19:13:09.489+0000] {dag.py:3823} INFO - Setting next_dagrun for example_subdag_operator.section-2 to None, run_after=None
[2025-11-02T19:13:09.505+0000] {logging_mixin.py:188} INFO - [2025-11-02T19:13:09.505+0000] {dag.py:3036} INFO - Sync 2 DAGs
[2025-11-02T19:13:09.516+0000] {logging_mixin.py:188} INFO - [2025-11-02T19:13:09.515+0000] {dag.py:3823} INFO - Setting next_dagrun for example_subdag_operator.section-1 to None, run_after=None
[2025-11-02T19:13:09.517+0000] {logging_mixin.py:188} INFO - [2025-11-02T19:13:09.517+0000] {dag.py:3823} INFO - Setting next_dagrun for example_subdag_operator.section-2 to None, run_after=None
[2025-11-02T19:13:09.547+0000] {processor.py:183} INFO - Processing /home/airflow/.local/lib/python3.8/site-packages/airflow/example_dags/example_subdag_operator.py took 0.293 seconds
[2025-11-02T19:13:40.964+0000] {processor.py:161} INFO - Started process (PID=5318) to work on /home/airflow/.local/lib/python3.8/site-packages/airflow/example_dags/example_subdag_operator.py
[2025-11-02T19:13:40.968+0000] {processor.py:830} INFO - Processing file /home/airflow/.local/lib/python3.8/site-packages/airflow/example_dags/example_subdag_operator.py for tasks to queue
[2025-11-02T19:13:40.976+0000] {logging_mixin.py:188} INFO - [2025-11-02T19:13:40.975+0000] {dagbag.py:538} INFO - Filling up the DagBag from /home/airflow/.local/lib/python3.8/site-packages/airflow/example_dags/example_subdag_operator.py
[2025-11-02T19:13:41.116+0000] {processor.py:840} INFO - DAG(s) 'example_subdag_operator.section-1', 'example_subdag_operator.section-2', 'example_subdag_operator' retrieved from /home/airflow/.local/lib/python3.8/site-packages/airflow/example_dags/example_subdag_operator.py
[2025-11-02T19:13:41.193+0000] {logging_mixin.py:188} INFO - [2025-11-02T19:13:41.193+0000] {dag.py:3036} INFO - Sync 3 DAGs
[2025-11-02T19:13:41.253+0000] {logging_mixin.py:188} INFO - [2025-11-02T19:13:41.253+0000] {dag.py:3823} INFO - Setting next_dagrun for example_subdag_operator to 2022-01-01 00:00:00+00:00, run_after=2022-01-01 00:00:00+00:00
[2025-11-02T19:13:41.262+0000] {logging_mixin.py:188} INFO - [2025-11-02T19:13:41.262+0000] {dag.py:3823} INFO - Setting next_dagrun for example_subdag_operator.section-1 to None, run_after=None
[2025-11-02T19:13:41.266+0000] {logging_mixin.py:188} INFO - [2025-11-02T19:13:41.265+0000] {dag.py:3823} INFO - Setting next_dagrun for example_subdag_operator.section-2 to None, run_after=None
[2025-11-02T19:13:41.285+0000] {logging_mixin.py:188} INFO - [2025-11-02T19:13:41.285+0000] {dag.py:3036} INFO - Sync 2 DAGs
[2025-11-02T19:13:41.300+0000] {logging_mixin.py:188} INFO - [2025-11-02T19:13:41.299+0000] {dag.py:3823} INFO - Setting next_dagrun for example_subdag_operator.section-1 to None, run_after=None
[2025-11-02T19:13:41.302+0000] {logging_mixin.py:188} INFO - [2025-11-02T19:13:41.302+0000] {dag.py:3823} INFO - Setting next_dagrun for example_subdag_operator.section-2 to None, run_after=None
[2025-11-02T19:13:41.349+0000] {processor.py:183} INFO - Processing /home/airflow/.local/lib/python3.8/site-packages/airflow/example_dags/example_subdag_operator.py took 0.398 seconds
[2025-11-02T19:14:12.746+0000] {processor.py:161} INFO - Started process (PID=5373) to work on /home/airflow/.local/lib/python3.8/site-packages/airflow/example_dags/example_subdag_operator.py
[2025-11-02T19:14:12.757+0000] {processor.py:830} INFO - Processing file /home/airflow/.local/lib/python3.8/site-packages/airflow/example_dags/example_subdag_operator.py for tasks to queue
[2025-11-02T19:14:12.764+0000] {logging_mixin.py:188} INFO - [2025-11-02T19:14:12.762+0000] {dagbag.py:538} INFO - Filling up the DagBag from /home/airflow/.local/lib/python3.8/site-packages/airflow/example_dags/example_subdag_operator.py
[2025-11-02T19:14:12.970+0000] {processor.py:840} INFO - DAG(s) 'example_subdag_operator.section-1', 'example_subdag_operator.section-2', 'example_subdag_operator' retrieved from /home/airflow/.local/lib/python3.8/site-packages/airflow/example_dags/example_subdag_operator.py
[2025-11-02T19:14:13.093+0000] {logging_mixin.py:188} INFO - [2025-11-02T19:14:13.082+0000] {dag.py:3036} INFO - Sync 3 DAGs
[2025-11-02T19:14:13.276+0000] {logging_mixin.py:188} INFO - [2025-11-02T19:14:13.276+0000] {dag.py:3823} INFO - Setting next_dagrun for example_subdag_operator to 2022-01-01 00:00:00+00:00, run_after=2022-01-01 00:00:00+00:00
[2025-11-02T19:14:13.296+0000] {logging_mixin.py:188} INFO - [2025-11-02T19:14:13.295+0000] {dag.py:3823} INFO - Setting next_dagrun for example_subdag_operator.section-1 to None, run_after=None
[2025-11-02T19:14:13.314+0000] {logging_mixin.py:188} INFO - [2025-11-02T19:14:13.313+0000] {dag.py:3823} INFO - Setting next_dagrun for example_subdag_operator.section-2 to None, run_after=None
[2025-11-02T19:14:13.347+0000] {logging_mixin.py:188} INFO - [2025-11-02T19:14:13.347+0000] {dag.py:3036} INFO - Sync 2 DAGs
[2025-11-02T19:14:13.376+0000] {logging_mixin.py:188} INFO - [2025-11-02T19:14:13.375+0000] {dag.py:3823} INFO - Setting next_dagrun for example_subdag_operator.section-1 to None, run_after=None
[2025-11-02T19:14:13.377+0000] {logging_mixin.py:188} INFO - [2025-11-02T19:14:13.377+0000] {dag.py:3823} INFO - Setting next_dagrun for example_subdag_operator.section-2 to None, run_after=None
[2025-11-02T19:14:13.438+0000] {processor.py:183} INFO - Processing /home/airflow/.local/lib/python3.8/site-packages/airflow/example_dags/example_subdag_operator.py took 0.709 seconds
[2025-11-02T19:14:43.589+0000] {processor.py:161} INFO - Started process (PID=5428) to work on /home/airflow/.local/lib/python3.8/site-packages/airflow/example_dags/example_subdag_operator.py
[2025-11-02T19:14:43.593+0000] {processor.py:830} INFO - Processing file /home/airflow/.local/lib/python3.8/site-packages/airflow/example_dags/example_subdag_operator.py for tasks to queue
[2025-11-02T19:14:43.599+0000] {logging_mixin.py:188} INFO - [2025-11-02T19:14:43.599+0000] {dagbag.py:538} INFO - Filling up the DagBag from /home/airflow/.local/lib/python3.8/site-packages/airflow/example_dags/example_subdag_operator.py
[2025-11-02T19:14:43.659+0000] {processor.py:840} INFO - DAG(s) 'example_subdag_operator.section-1', 'example_subdag_operator.section-2', 'example_subdag_operator' retrieved from /home/airflow/.local/lib/python3.8/site-packages/airflow/example_dags/example_subdag_operator.py
[2025-11-02T19:14:43.691+0000] {logging_mixin.py:188} INFO - [2025-11-02T19:14:43.690+0000] {dag.py:3036} INFO - Sync 3 DAGs
[2025-11-02T19:14:43.737+0000] {logging_mixin.py:188} INFO - [2025-11-02T19:14:43.737+0000] {dag.py:3823} INFO - Setting next_dagrun for example_subdag_operator to 2022-01-01 00:00:00+00:00, run_after=2022-01-01 00:00:00+00:00
[2025-11-02T19:14:43.745+0000] {logging_mixin.py:188} INFO - [2025-11-02T19:14:43.745+0000] {dag.py:3823} INFO - Setting next_dagrun for example_subdag_operator.section-1 to None, run_after=None
[2025-11-02T19:14:43.749+0000] {logging_mixin.py:188} INFO - [2025-11-02T19:14:43.748+0000] {dag.py:3823} INFO - Setting next_dagrun for example_subdag_operator.section-2 to None, run_after=None
[2025-11-02T19:14:43.768+0000] {logging_mixin.py:188} INFO - [2025-11-02T19:14:43.768+0000] {dag.py:3036} INFO - Sync 2 DAGs
[2025-11-02T19:14:43.782+0000] {logging_mixin.py:188} INFO - [2025-11-02T19:14:43.782+0000] {dag.py:3823} INFO - Setting next_dagrun for example_subdag_operator.section-1 to None, run_after=None
[2025-11-02T19:14:43.784+0000] {logging_mixin.py:188} INFO - [2025-11-02T19:14:43.783+0000] {dag.py:3823} INFO - Setting next_dagrun for example_subdag_operator.section-2 to None, run_after=None
[2025-11-02T19:14:43.810+0000] {processor.py:183} INFO - Processing /home/airflow/.local/lib/python3.8/site-packages/airflow/example_dags/example_subdag_operator.py took 0.232 seconds
[2025-11-02T19:15:13.983+0000] {processor.py:161} INFO - Started process (PID=5482) to work on /home/airflow/.local/lib/python3.8/site-packages/airflow/example_dags/example_subdag_operator.py
[2025-11-02T19:15:13.985+0000] {processor.py:830} INFO - Processing file /home/airflow/.local/lib/python3.8/site-packages/airflow/example_dags/example_subdag_operator.py for tasks to queue
[2025-11-02T19:15:13.991+0000] {logging_mixin.py:188} INFO - [2025-11-02T19:15:13.990+0000] {dagbag.py:538} INFO - Filling up the DagBag from /home/airflow/.local/lib/python3.8/site-packages/airflow/example_dags/example_subdag_operator.py
[2025-11-02T19:15:14.054+0000] {processor.py:840} INFO - DAG(s) 'example_subdag_operator.section-1', 'example_subdag_operator.section-2', 'example_subdag_operator' retrieved from /home/airflow/.local/lib/python3.8/site-packages/airflow/example_dags/example_subdag_operator.py
[2025-11-02T19:15:14.095+0000] {logging_mixin.py:188} INFO - [2025-11-02T19:15:14.095+0000] {dag.py:3036} INFO - Sync 3 DAGs
[2025-11-02T19:15:14.152+0000] {logging_mixin.py:188} INFO - [2025-11-02T19:15:14.151+0000] {dag.py:3823} INFO - Setting next_dagrun for example_subdag_operator to 2022-01-01 00:00:00+00:00, run_after=2022-01-01 00:00:00+00:00
[2025-11-02T19:15:14.161+0000] {logging_mixin.py:188} INFO - [2025-11-02T19:15:14.160+0000] {dag.py:3823} INFO - Setting next_dagrun for example_subdag_operator.section-1 to None, run_after=None
[2025-11-02T19:15:14.164+0000] {logging_mixin.py:188} INFO - [2025-11-02T19:15:14.164+0000] {dag.py:3823} INFO - Setting next_dagrun for example_subdag_operator.section-2 to None, run_after=None
[2025-11-02T19:15:14.185+0000] {logging_mixin.py:188} INFO - [2025-11-02T19:15:14.185+0000] {dag.py:3036} INFO - Sync 2 DAGs
[2025-11-02T19:15:14.198+0000] {logging_mixin.py:188} INFO - [2025-11-02T19:15:14.197+0000] {dag.py:3823} INFO - Setting next_dagrun for example_subdag_operator.section-1 to None, run_after=None
[2025-11-02T19:15:14.199+0000] {logging_mixin.py:188} INFO - [2025-11-02T19:15:14.199+0000] {dag.py:3823} INFO - Setting next_dagrun for example_subdag_operator.section-2 to None, run_after=None
[2025-11-02T19:15:14.232+0000] {processor.py:183} INFO - Processing /home/airflow/.local/lib/python3.8/site-packages/airflow/example_dags/example_subdag_operator.py took 0.260 seconds
[2025-11-02T19:15:44.715+0000] {processor.py:161} INFO - Started process (PID=5537) to work on /home/airflow/.local/lib/python3.8/site-packages/airflow/example_dags/example_subdag_operator.py
[2025-11-02T19:15:44.718+0000] {processor.py:830} INFO - Processing file /home/airflow/.local/lib/python3.8/site-packages/airflow/example_dags/example_subdag_operator.py for tasks to queue
[2025-11-02T19:15:44.723+0000] {logging_mixin.py:188} INFO - [2025-11-02T19:15:44.722+0000] {dagbag.py:538} INFO - Filling up the DagBag from /home/airflow/.local/lib/python3.8/site-packages/airflow/example_dags/example_subdag_operator.py
[2025-11-02T19:15:44.779+0000] {processor.py:840} INFO - DAG(s) 'example_subdag_operator.section-1', 'example_subdag_operator.section-2', 'example_subdag_operator' retrieved from /home/airflow/.local/lib/python3.8/site-packages/airflow/example_dags/example_subdag_operator.py
[2025-11-02T19:15:44.834+0000] {logging_mixin.py:188} INFO - [2025-11-02T19:15:44.833+0000] {dag.py:3036} INFO - Sync 3 DAGs
[2025-11-02T19:15:44.886+0000] {logging_mixin.py:188} INFO - [2025-11-02T19:15:44.885+0000] {dag.py:3823} INFO - Setting next_dagrun for example_subdag_operator to 2022-01-01 00:00:00+00:00, run_after=2022-01-01 00:00:00+00:00
[2025-11-02T19:15:44.894+0000] {logging_mixin.py:188} INFO - [2025-11-02T19:15:44.893+0000] {dag.py:3823} INFO - Setting next_dagrun for example_subdag_operator.section-1 to None, run_after=None
[2025-11-02T19:15:44.897+0000] {logging_mixin.py:188} INFO - [2025-11-02T19:15:44.897+0000] {dag.py:3823} INFO - Setting next_dagrun for example_subdag_operator.section-2 to None, run_after=None
[2025-11-02T19:15:44.920+0000] {logging_mixin.py:188} INFO - [2025-11-02T19:15:44.919+0000] {dag.py:3036} INFO - Sync 2 DAGs
[2025-11-02T19:15:44.933+0000] {logging_mixin.py:188} INFO - [2025-11-02T19:15:44.932+0000] {dag.py:3823} INFO - Setting next_dagrun for example_subdag_operator.section-1 to None, run_after=None
[2025-11-02T19:15:44.934+0000] {logging_mixin.py:188} INFO - [2025-11-02T19:15:44.934+0000] {dag.py:3823} INFO - Setting next_dagrun for example_subdag_operator.section-2 to None, run_after=None
[2025-11-02T19:15:44.970+0000] {processor.py:183} INFO - Processing /home/airflow/.local/lib/python3.8/site-packages/airflow/example_dags/example_subdag_operator.py took 0.265 seconds
[2025-11-02T19:16:15.315+0000] {processor.py:161} INFO - Started process (PID=5592) to work on /home/airflow/.local/lib/python3.8/site-packages/airflow/example_dags/example_subdag_operator.py
[2025-11-02T19:16:15.319+0000] {processor.py:830} INFO - Processing file /home/airflow/.local/lib/python3.8/site-packages/airflow/example_dags/example_subdag_operator.py for tasks to queue
[2025-11-02T19:16:15.325+0000] {logging_mixin.py:188} INFO - [2025-11-02T19:16:15.324+0000] {dagbag.py:538} INFO - Filling up the DagBag from /home/airflow/.local/lib/python3.8/site-packages/airflow/example_dags/example_subdag_operator.py
[2025-11-02T19:16:15.402+0000] {processor.py:840} INFO - DAG(s) 'example_subdag_operator.section-1', 'example_subdag_operator.section-2', 'example_subdag_operator' retrieved from /home/airflow/.local/lib/python3.8/site-packages/airflow/example_dags/example_subdag_operator.py
[2025-11-02T19:16:15.441+0000] {logging_mixin.py:188} INFO - [2025-11-02T19:16:15.441+0000] {dag.py:3036} INFO - Sync 3 DAGs
[2025-11-02T19:16:15.495+0000] {logging_mixin.py:188} INFO - [2025-11-02T19:16:15.495+0000] {dag.py:3823} INFO - Setting next_dagrun for example_subdag_operator to 2022-01-01 00:00:00+00:00, run_after=2022-01-01 00:00:00+00:00
[2025-11-02T19:16:15.505+0000] {logging_mixin.py:188} INFO - [2025-11-02T19:16:15.504+0000] {dag.py:3823} INFO - Setting next_dagrun for example_subdag_operator.section-1 to None, run_after=None
[2025-11-02T19:16:15.510+0000] {logging_mixin.py:188} INFO - [2025-11-02T19:16:15.509+0000] {dag.py:3823} INFO - Setting next_dagrun for example_subdag_operator.section-2 to None, run_after=None
[2025-11-02T19:16:15.543+0000] {logging_mixin.py:188} INFO - [2025-11-02T19:16:15.543+0000] {dag.py:3036} INFO - Sync 2 DAGs
[2025-11-02T19:16:15.575+0000] {logging_mixin.py:188} INFO - [2025-11-02T19:16:15.575+0000] {dag.py:3823} INFO - Setting next_dagrun for example_subdag_operator.section-1 to None, run_after=None
[2025-11-02T19:16:15.584+0000] {logging_mixin.py:188} INFO - [2025-11-02T19:16:15.583+0000] {dag.py:3823} INFO - Setting next_dagrun for example_subdag_operator.section-2 to None, run_after=None
[2025-11-02T19:16:15.674+0000] {processor.py:183} INFO - Processing /home/airflow/.local/lib/python3.8/site-packages/airflow/example_dags/example_subdag_operator.py took 0.371 seconds
[2025-11-02T19:16:46.026+0000] {processor.py:161} INFO - Started process (PID=5647) to work on /home/airflow/.local/lib/python3.8/site-packages/airflow/example_dags/example_subdag_operator.py
[2025-11-02T19:16:46.034+0000] {processor.py:830} INFO - Processing file /home/airflow/.local/lib/python3.8/site-packages/airflow/example_dags/example_subdag_operator.py for tasks to queue
[2025-11-02T19:16:46.060+0000] {logging_mixin.py:188} INFO - [2025-11-02T19:16:46.059+0000] {dagbag.py:538} INFO - Filling up the DagBag from /home/airflow/.local/lib/python3.8/site-packages/airflow/example_dags/example_subdag_operator.py
[2025-11-02T19:16:46.292+0000] {processor.py:840} INFO - DAG(s) 'example_subdag_operator.section-1', 'example_subdag_operator.section-2', 'example_subdag_operator' retrieved from /home/airflow/.local/lib/python3.8/site-packages/airflow/example_dags/example_subdag_operator.py
[2025-11-02T19:16:46.350+0000] {logging_mixin.py:188} INFO - [2025-11-02T19:16:46.349+0000] {dag.py:3036} INFO - Sync 3 DAGs
[2025-11-02T19:16:46.432+0000] {logging_mixin.py:188} INFO - [2025-11-02T19:16:46.431+0000] {dag.py:3823} INFO - Setting next_dagrun for example_subdag_operator to 2022-01-01 00:00:00+00:00, run_after=2022-01-01 00:00:00+00:00
[2025-11-02T19:16:46.449+0000] {logging_mixin.py:188} INFO - [2025-11-02T19:16:46.448+0000] {dag.py:3823} INFO - Setting next_dagrun for example_subdag_operator.section-1 to None, run_after=None
[2025-11-02T19:16:46.455+0000] {logging_mixin.py:188} INFO - [2025-11-02T19:16:46.454+0000] {dag.py:3823} INFO - Setting next_dagrun for example_subdag_operator.section-2 to None, run_after=None
[2025-11-02T19:16:46.491+0000] {logging_mixin.py:188} INFO - [2025-11-02T19:16:46.491+0000] {dag.py:3036} INFO - Sync 2 DAGs
[2025-11-02T19:16:46.504+0000] {logging_mixin.py:188} INFO - [2025-11-02T19:16:46.504+0000] {dag.py:3823} INFO - Setting next_dagrun for example_subdag_operator.section-1 to None, run_after=None
[2025-11-02T19:16:46.508+0000] {logging_mixin.py:188} INFO - [2025-11-02T19:16:46.507+0000] {dag.py:3823} INFO - Setting next_dagrun for example_subdag_operator.section-2 to None, run_after=None
[2025-11-02T19:16:46.539+0000] {processor.py:183} INFO - Processing /home/airflow/.local/lib/python3.8/site-packages/airflow/example_dags/example_subdag_operator.py took 0.539 seconds
[2025-11-02T19:17:17.044+0000] {processor.py:161} INFO - Started process (PID=5701) to work on /home/airflow/.local/lib/python3.8/site-packages/airflow/example_dags/example_subdag_operator.py
[2025-11-02T19:17:17.047+0000] {processor.py:830} INFO - Processing file /home/airflow/.local/lib/python3.8/site-packages/airflow/example_dags/example_subdag_operator.py for tasks to queue
[2025-11-02T19:17:17.053+0000] {logging_mixin.py:188} INFO - [2025-11-02T19:17:17.052+0000] {dagbag.py:538} INFO - Filling up the DagBag from /home/airflow/.local/lib/python3.8/site-packages/airflow/example_dags/example_subdag_operator.py
[2025-11-02T19:17:17.121+0000] {processor.py:840} INFO - DAG(s) 'example_subdag_operator.section-1', 'example_subdag_operator.section-2', 'example_subdag_operator' retrieved from /home/airflow/.local/lib/python3.8/site-packages/airflow/example_dags/example_subdag_operator.py
[2025-11-02T19:17:17.169+0000] {logging_mixin.py:188} INFO - [2025-11-02T19:17:17.168+0000] {dag.py:3036} INFO - Sync 3 DAGs
[2025-11-02T19:17:17.233+0000] {logging_mixin.py:188} INFO - [2025-11-02T19:17:17.232+0000] {dag.py:3823} INFO - Setting next_dagrun for example_subdag_operator to 2022-01-01 00:00:00+00:00, run_after=2022-01-01 00:00:00+00:00
[2025-11-02T19:17:17.242+0000] {logging_mixin.py:188} INFO - [2025-11-02T19:17:17.241+0000] {dag.py:3823} INFO - Setting next_dagrun for example_subdag_operator.section-1 to None, run_after=None
[2025-11-02T19:17:17.246+0000] {logging_mixin.py:188} INFO - [2025-11-02T19:17:17.246+0000] {dag.py:3823} INFO - Setting next_dagrun for example_subdag_operator.section-2 to None, run_after=None
[2025-11-02T19:17:17.275+0000] {logging_mixin.py:188} INFO - [2025-11-02T19:17:17.271+0000] {dag.py:3036} INFO - Sync 2 DAGs
[2025-11-02T19:17:17.292+0000] {logging_mixin.py:188} INFO - [2025-11-02T19:17:17.291+0000] {dag.py:3823} INFO - Setting next_dagrun for example_subdag_operator.section-1 to None, run_after=None
[2025-11-02T19:17:17.295+0000] {logging_mixin.py:188} INFO - [2025-11-02T19:17:17.294+0000] {dag.py:3823} INFO - Setting next_dagrun for example_subdag_operator.section-2 to None, run_after=None
[2025-11-02T19:17:17.334+0000] {processor.py:183} INFO - Processing /home/airflow/.local/lib/python3.8/site-packages/airflow/example_dags/example_subdag_operator.py took 0.299 seconds
[2025-11-02T19:17:47.496+0000] {processor.py:161} INFO - Started process (PID=5755) to work on /home/airflow/.local/lib/python3.8/site-packages/airflow/example_dags/example_subdag_operator.py
[2025-11-02T19:17:47.498+0000] {processor.py:830} INFO - Processing file /home/airflow/.local/lib/python3.8/site-packages/airflow/example_dags/example_subdag_operator.py for tasks to queue
[2025-11-02T19:17:47.503+0000] {logging_mixin.py:188} INFO - [2025-11-02T19:17:47.502+0000] {dagbag.py:538} INFO - Filling up the DagBag from /home/airflow/.local/lib/python3.8/site-packages/airflow/example_dags/example_subdag_operator.py
[2025-11-02T19:17:47.567+0000] {processor.py:840} INFO - DAG(s) 'example_subdag_operator.section-1', 'example_subdag_operator.section-2', 'example_subdag_operator' retrieved from /home/airflow/.local/lib/python3.8/site-packages/airflow/example_dags/example_subdag_operator.py
[2025-11-02T19:17:47.598+0000] {logging_mixin.py:188} INFO - [2025-11-02T19:17:47.598+0000] {dag.py:3036} INFO - Sync 3 DAGs
[2025-11-02T19:17:47.644+0000] {logging_mixin.py:188} INFO - [2025-11-02T19:17:47.643+0000] {dag.py:3823} INFO - Setting next_dagrun for example_subdag_operator to 2022-01-01 00:00:00+00:00, run_after=2022-01-01 00:00:00+00:00
[2025-11-02T19:17:47.652+0000] {logging_mixin.py:188} INFO - [2025-11-02T19:17:47.652+0000] {dag.py:3823} INFO - Setting next_dagrun for example_subdag_operator.section-1 to None, run_after=None
[2025-11-02T19:17:47.657+0000] {logging_mixin.py:188} INFO - [2025-11-02T19:17:47.657+0000] {dag.py:3823} INFO - Setting next_dagrun for example_subdag_operator.section-2 to None, run_after=None
[2025-11-02T19:17:47.674+0000] {logging_mixin.py:188} INFO - [2025-11-02T19:17:47.674+0000] {dag.py:3036} INFO - Sync 2 DAGs
[2025-11-02T19:17:47.688+0000] {logging_mixin.py:188} INFO - [2025-11-02T19:17:47.688+0000] {dag.py:3823} INFO - Setting next_dagrun for example_subdag_operator.section-1 to None, run_after=None
[2025-11-02T19:17:47.691+0000] {logging_mixin.py:188} INFO - [2025-11-02T19:17:47.690+0000] {dag.py:3823} INFO - Setting next_dagrun for example_subdag_operator.section-2 to None, run_after=None
[2025-11-02T19:17:47.728+0000] {processor.py:183} INFO - Processing /home/airflow/.local/lib/python3.8/site-packages/airflow/example_dags/example_subdag_operator.py took 0.241 seconds
[2025-11-02T19:18:18.008+0000] {processor.py:161} INFO - Started process (PID=5810) to work on /home/airflow/.local/lib/python3.8/site-packages/airflow/example_dags/example_subdag_operator.py
[2025-11-02T19:18:18.011+0000] {processor.py:830} INFO - Processing file /home/airflow/.local/lib/python3.8/site-packages/airflow/example_dags/example_subdag_operator.py for tasks to queue
[2025-11-02T19:18:18.015+0000] {logging_mixin.py:188} INFO - [2025-11-02T19:18:18.015+0000] {dagbag.py:538} INFO - Filling up the DagBag from /home/airflow/.local/lib/python3.8/site-packages/airflow/example_dags/example_subdag_operator.py
[2025-11-02T19:18:18.071+0000] {processor.py:840} INFO - DAG(s) 'example_subdag_operator.section-1', 'example_subdag_operator.section-2', 'example_subdag_operator' retrieved from /home/airflow/.local/lib/python3.8/site-packages/airflow/example_dags/example_subdag_operator.py
[2025-11-02T19:18:18.103+0000] {logging_mixin.py:188} INFO - [2025-11-02T19:18:18.102+0000] {dag.py:3036} INFO - Sync 3 DAGs
[2025-11-02T19:18:18.184+0000] {logging_mixin.py:188} INFO - [2025-11-02T19:18:18.184+0000] {dag.py:3823} INFO - Setting next_dagrun for example_subdag_operator to 2022-01-01 00:00:00+00:00, run_after=2022-01-01 00:00:00+00:00
[2025-11-02T19:18:18.197+0000] {logging_mixin.py:188} INFO - [2025-11-02T19:18:18.197+0000] {dag.py:3823} INFO - Setting next_dagrun for example_subdag_operator.section-1 to None, run_after=None
[2025-11-02T19:18:18.201+0000] {logging_mixin.py:188} INFO - [2025-11-02T19:18:18.201+0000] {dag.py:3823} INFO - Setting next_dagrun for example_subdag_operator.section-2 to None, run_after=None
[2025-11-02T19:18:18.224+0000] {logging_mixin.py:188} INFO - [2025-11-02T19:18:18.224+0000] {dag.py:3036} INFO - Sync 2 DAGs
[2025-11-02T19:18:18.240+0000] {logging_mixin.py:188} INFO - [2025-11-02T19:18:18.240+0000] {dag.py:3823} INFO - Setting next_dagrun for example_subdag_operator.section-1 to None, run_after=None
[2025-11-02T19:18:18.243+0000] {logging_mixin.py:188} INFO - [2025-11-02T19:18:18.242+0000] {dag.py:3823} INFO - Setting next_dagrun for example_subdag_operator.section-2 to None, run_after=None
[2025-11-02T19:18:18.315+0000] {processor.py:183} INFO - Processing /home/airflow/.local/lib/python3.8/site-packages/airflow/example_dags/example_subdag_operator.py took 0.318 seconds
[2025-11-02T19:18:48.636+0000] {processor.py:161} INFO - Started process (PID=5865) to work on /home/airflow/.local/lib/python3.8/site-packages/airflow/example_dags/example_subdag_operator.py
[2025-11-02T19:18:48.642+0000] {processor.py:830} INFO - Processing file /home/airflow/.local/lib/python3.8/site-packages/airflow/example_dags/example_subdag_operator.py for tasks to queue
[2025-11-02T19:18:48.657+0000] {logging_mixin.py:188} INFO - [2025-11-02T19:18:48.655+0000] {dagbag.py:538} INFO - Filling up the DagBag from /home/airflow/.local/lib/python3.8/site-packages/airflow/example_dags/example_subdag_operator.py
[2025-11-02T19:18:48.824+0000] {processor.py:840} INFO - DAG(s) 'example_subdag_operator.section-1', 'example_subdag_operator.section-2', 'example_subdag_operator' retrieved from /home/airflow/.local/lib/python3.8/site-packages/airflow/example_dags/example_subdag_operator.py
[2025-11-02T19:18:48.909+0000] {logging_mixin.py:188} INFO - [2025-11-02T19:18:48.909+0000] {dag.py:3036} INFO - Sync 3 DAGs
[2025-11-02T19:18:49.010+0000] {logging_mixin.py:188} INFO - [2025-11-02T19:18:49.009+0000] {dag.py:3823} INFO - Setting next_dagrun for example_subdag_operator to 2022-01-01 00:00:00+00:00, run_after=2022-01-01 00:00:00+00:00
[2025-11-02T19:18:49.036+0000] {logging_mixin.py:188} INFO - [2025-11-02T19:18:49.035+0000] {dag.py:3823} INFO - Setting next_dagrun for example_subdag_operator.section-1 to None, run_after=None
[2025-11-02T19:18:49.043+0000] {logging_mixin.py:188} INFO - [2025-11-02T19:18:49.043+0000] {dag.py:3823} INFO - Setting next_dagrun for example_subdag_operator.section-2 to None, run_after=None
[2025-11-02T19:18:49.094+0000] {logging_mixin.py:188} INFO - [2025-11-02T19:18:49.094+0000] {dag.py:3036} INFO - Sync 2 DAGs
[2025-11-02T19:18:49.127+0000] {logging_mixin.py:188} INFO - [2025-11-02T19:18:49.127+0000] {dag.py:3823} INFO - Setting next_dagrun for example_subdag_operator.section-1 to None, run_after=None
[2025-11-02T19:18:49.129+0000] {logging_mixin.py:188} INFO - [2025-11-02T19:18:49.129+0000] {dag.py:3823} INFO - Setting next_dagrun for example_subdag_operator.section-2 to None, run_after=None
[2025-11-02T19:18:49.209+0000] {processor.py:183} INFO - Processing /home/airflow/.local/lib/python3.8/site-packages/airflow/example_dags/example_subdag_operator.py took 0.615 seconds
[2025-11-02T19:19:19.375+0000] {processor.py:161} INFO - Started process (PID=5919) to work on /home/airflow/.local/lib/python3.8/site-packages/airflow/example_dags/example_subdag_operator.py
[2025-11-02T19:19:19.378+0000] {processor.py:830} INFO - Processing file /home/airflow/.local/lib/python3.8/site-packages/airflow/example_dags/example_subdag_operator.py for tasks to queue
[2025-11-02T19:19:19.385+0000] {logging_mixin.py:188} INFO - [2025-11-02T19:19:19.384+0000] {dagbag.py:538} INFO - Filling up the DagBag from /home/airflow/.local/lib/python3.8/site-packages/airflow/example_dags/example_subdag_operator.py
[2025-11-02T19:19:19.472+0000] {processor.py:840} INFO - DAG(s) 'example_subdag_operator.section-1', 'example_subdag_operator.section-2', 'example_subdag_operator' retrieved from /home/airflow/.local/lib/python3.8/site-packages/airflow/example_dags/example_subdag_operator.py
[2025-11-02T19:19:19.536+0000] {logging_mixin.py:188} INFO - [2025-11-02T19:19:19.535+0000] {dag.py:3036} INFO - Sync 3 DAGs
[2025-11-02T19:19:19.613+0000] {logging_mixin.py:188} INFO - [2025-11-02T19:19:19.613+0000] {dag.py:3823} INFO - Setting next_dagrun for example_subdag_operator to 2022-01-01 00:00:00+00:00, run_after=2022-01-01 00:00:00+00:00
[2025-11-02T19:19:19.624+0000] {logging_mixin.py:188} INFO - [2025-11-02T19:19:19.623+0000] {dag.py:3823} INFO - Setting next_dagrun for example_subdag_operator.section-1 to None, run_after=None
[2025-11-02T19:19:19.627+0000] {logging_mixin.py:188} INFO - [2025-11-02T19:19:19.626+0000] {dag.py:3823} INFO - Setting next_dagrun for example_subdag_operator.section-2 to None, run_after=None
[2025-11-02T19:19:19.643+0000] {logging_mixin.py:188} INFO - [2025-11-02T19:19:19.643+0000] {dag.py:3036} INFO - Sync 2 DAGs
[2025-11-02T19:19:19.655+0000] {logging_mixin.py:188} INFO - [2025-11-02T19:19:19.655+0000] {dag.py:3823} INFO - Setting next_dagrun for example_subdag_operator.section-1 to None, run_after=None
[2025-11-02T19:19:19.657+0000] {logging_mixin.py:188} INFO - [2025-11-02T19:19:19.657+0000] {dag.py:3823} INFO - Setting next_dagrun for example_subdag_operator.section-2 to None, run_after=None
[2025-11-02T19:19:19.685+0000] {processor.py:183} INFO - Processing /home/airflow/.local/lib/python3.8/site-packages/airflow/example_dags/example_subdag_operator.py took 0.323 seconds
[2025-11-02T19:19:49.864+0000] {processor.py:161} INFO - Started process (PID=5974) to work on /home/airflow/.local/lib/python3.8/site-packages/airflow/example_dags/example_subdag_operator.py
[2025-11-02T19:19:49.868+0000] {processor.py:830} INFO - Processing file /home/airflow/.local/lib/python3.8/site-packages/airflow/example_dags/example_subdag_operator.py for tasks to queue
[2025-11-02T19:19:49.876+0000] {logging_mixin.py:188} INFO - [2025-11-02T19:19:49.874+0000] {dagbag.py:538} INFO - Filling up the DagBag from /home/airflow/.local/lib/python3.8/site-packages/airflow/example_dags/example_subdag_operator.py
[2025-11-02T19:19:49.947+0000] {processor.py:840} INFO - DAG(s) 'example_subdag_operator.section-1', 'example_subdag_operator.section-2', 'example_subdag_operator' retrieved from /home/airflow/.local/lib/python3.8/site-packages/airflow/example_dags/example_subdag_operator.py
[2025-11-02T19:19:49.989+0000] {logging_mixin.py:188} INFO - [2025-11-02T19:19:49.988+0000] {dag.py:3036} INFO - Sync 3 DAGs
[2025-11-02T19:19:50.030+0000] {logging_mixin.py:188} INFO - [2025-11-02T19:19:50.029+0000] {dag.py:3823} INFO - Setting next_dagrun for example_subdag_operator to 2022-01-01 00:00:00+00:00, run_after=2022-01-01 00:00:00+00:00
[2025-11-02T19:19:50.037+0000] {logging_mixin.py:188} INFO - [2025-11-02T19:19:50.037+0000] {dag.py:3823} INFO - Setting next_dagrun for example_subdag_operator.section-1 to None, run_after=None
[2025-11-02T19:19:50.040+0000] {logging_mixin.py:188} INFO - [2025-11-02T19:19:50.040+0000] {dag.py:3823} INFO - Setting next_dagrun for example_subdag_operator.section-2 to None, run_after=None
[2025-11-02T19:19:50.054+0000] {logging_mixin.py:188} INFO - [2025-11-02T19:19:50.054+0000] {dag.py:3036} INFO - Sync 2 DAGs
[2025-11-02T19:19:50.065+0000] {logging_mixin.py:188} INFO - [2025-11-02T19:19:50.065+0000] {dag.py:3823} INFO - Setting next_dagrun for example_subdag_operator.section-1 to None, run_after=None
[2025-11-02T19:19:50.066+0000] {logging_mixin.py:188} INFO - [2025-11-02T19:19:50.066+0000] {dag.py:3823} INFO - Setting next_dagrun for example_subdag_operator.section-2 to None, run_after=None
[2025-11-02T19:19:50.093+0000] {processor.py:183} INFO - Processing /home/airflow/.local/lib/python3.8/site-packages/airflow/example_dags/example_subdag_operator.py took 0.241 seconds
[2025-11-02T19:20:21.025+0000] {processor.py:161} INFO - Started process (PID=6035) to work on /home/airflow/.local/lib/python3.8/site-packages/airflow/example_dags/example_subdag_operator.py
[2025-11-02T19:20:21.029+0000] {processor.py:830} INFO - Processing file /home/airflow/.local/lib/python3.8/site-packages/airflow/example_dags/example_subdag_operator.py for tasks to queue
[2025-11-02T19:20:21.034+0000] {logging_mixin.py:188} INFO - [2025-11-02T19:20:21.033+0000] {dagbag.py:538} INFO - Filling up the DagBag from /home/airflow/.local/lib/python3.8/site-packages/airflow/example_dags/example_subdag_operator.py
[2025-11-02T19:20:21.102+0000] {processor.py:840} INFO - DAG(s) 'example_subdag_operator.section-1', 'example_subdag_operator.section-2', 'example_subdag_operator' retrieved from /home/airflow/.local/lib/python3.8/site-packages/airflow/example_dags/example_subdag_operator.py
[2025-11-02T19:20:21.137+0000] {logging_mixin.py:188} INFO - [2025-11-02T19:20:21.137+0000] {dag.py:3036} INFO - Sync 3 DAGs
[2025-11-02T19:20:21.186+0000] {logging_mixin.py:188} INFO - [2025-11-02T19:20:21.185+0000] {dag.py:3823} INFO - Setting next_dagrun for example_subdag_operator to 2022-01-01 00:00:00+00:00, run_after=2022-01-01 00:00:00+00:00
[2025-11-02T19:20:21.196+0000] {logging_mixin.py:188} INFO - [2025-11-02T19:20:21.195+0000] {dag.py:3823} INFO - Setting next_dagrun for example_subdag_operator.section-1 to None, run_after=None
[2025-11-02T19:20:21.199+0000] {logging_mixin.py:188} INFO - [2025-11-02T19:20:21.199+0000] {dag.py:3823} INFO - Setting next_dagrun for example_subdag_operator.section-2 to None, run_after=None
[2025-11-02T19:20:21.218+0000] {logging_mixin.py:188} INFO - [2025-11-02T19:20:21.218+0000] {dag.py:3036} INFO - Sync 2 DAGs
[2025-11-02T19:20:21.231+0000] {logging_mixin.py:188} INFO - [2025-11-02T19:20:21.231+0000] {dag.py:3823} INFO - Setting next_dagrun for example_subdag_operator.section-1 to None, run_after=None
[2025-11-02T19:20:21.233+0000] {logging_mixin.py:188} INFO - [2025-11-02T19:20:21.232+0000] {dag.py:3823} INFO - Setting next_dagrun for example_subdag_operator.section-2 to None, run_after=None
[2025-11-02T19:20:21.261+0000] {processor.py:183} INFO - Processing /home/airflow/.local/lib/python3.8/site-packages/airflow/example_dags/example_subdag_operator.py took 0.245 seconds
[2025-11-02T19:20:52.027+0000] {processor.py:161} INFO - Started process (PID=6090) to work on /home/airflow/.local/lib/python3.8/site-packages/airflow/example_dags/example_subdag_operator.py
[2025-11-02T19:20:52.030+0000] {processor.py:830} INFO - Processing file /home/airflow/.local/lib/python3.8/site-packages/airflow/example_dags/example_subdag_operator.py for tasks to queue
[2025-11-02T19:20:52.035+0000] {logging_mixin.py:188} INFO - [2025-11-02T19:20:52.034+0000] {dagbag.py:538} INFO - Filling up the DagBag from /home/airflow/.local/lib/python3.8/site-packages/airflow/example_dags/example_subdag_operator.py
[2025-11-02T19:20:52.108+0000] {processor.py:840} INFO - DAG(s) 'example_subdag_operator.section-1', 'example_subdag_operator.section-2', 'example_subdag_operator' retrieved from /home/airflow/.local/lib/python3.8/site-packages/airflow/example_dags/example_subdag_operator.py
[2025-11-02T19:20:52.152+0000] {logging_mixin.py:188} INFO - [2025-11-02T19:20:52.151+0000] {dag.py:3036} INFO - Sync 3 DAGs
[2025-11-02T19:20:52.217+0000] {logging_mixin.py:188} INFO - [2025-11-02T19:20:52.216+0000] {dag.py:3823} INFO - Setting next_dagrun for example_subdag_operator to 2022-01-01 00:00:00+00:00, run_after=2022-01-01 00:00:00+00:00
[2025-11-02T19:20:52.228+0000] {logging_mixin.py:188} INFO - [2025-11-02T19:20:52.228+0000] {dag.py:3823} INFO - Setting next_dagrun for example_subdag_operator.section-1 to None, run_after=None
[2025-11-02T19:20:52.233+0000] {logging_mixin.py:188} INFO - [2025-11-02T19:20:52.233+0000] {dag.py:3823} INFO - Setting next_dagrun for example_subdag_operator.section-2 to None, run_after=None
[2025-11-02T19:20:52.256+0000] {logging_mixin.py:188} INFO - [2025-11-02T19:20:52.255+0000] {dag.py:3036} INFO - Sync 2 DAGs
[2025-11-02T19:20:52.271+0000] {logging_mixin.py:188} INFO - [2025-11-02T19:20:52.271+0000] {dag.py:3823} INFO - Setting next_dagrun for example_subdag_operator.section-1 to None, run_after=None
[2025-11-02T19:20:52.274+0000] {logging_mixin.py:188} INFO - [2025-11-02T19:20:52.273+0000] {dag.py:3823} INFO - Setting next_dagrun for example_subdag_operator.section-2 to None, run_after=None
[2025-11-02T19:20:52.315+0000] {processor.py:183} INFO - Processing /home/airflow/.local/lib/python3.8/site-packages/airflow/example_dags/example_subdag_operator.py took 0.297 seconds
[2025-11-02T19:21:22.544+0000] {processor.py:161} INFO - Started process (PID=6144) to work on /home/airflow/.local/lib/python3.8/site-packages/airflow/example_dags/example_subdag_operator.py
[2025-11-02T19:21:22.547+0000] {processor.py:830} INFO - Processing file /home/airflow/.local/lib/python3.8/site-packages/airflow/example_dags/example_subdag_operator.py for tasks to queue
[2025-11-02T19:21:22.553+0000] {logging_mixin.py:188} INFO - [2025-11-02T19:21:22.552+0000] {dagbag.py:538} INFO - Filling up the DagBag from /home/airflow/.local/lib/python3.8/site-packages/airflow/example_dags/example_subdag_operator.py
[2025-11-02T19:21:22.624+0000] {processor.py:840} INFO - DAG(s) 'example_subdag_operator.section-1', 'example_subdag_operator.section-2', 'example_subdag_operator' retrieved from /home/airflow/.local/lib/python3.8/site-packages/airflow/example_dags/example_subdag_operator.py
[2025-11-02T19:21:22.660+0000] {logging_mixin.py:188} INFO - [2025-11-02T19:21:22.659+0000] {dag.py:3036} INFO - Sync 3 DAGs
[2025-11-02T19:21:22.716+0000] {logging_mixin.py:188} INFO - [2025-11-02T19:21:22.716+0000] {dag.py:3823} INFO - Setting next_dagrun for example_subdag_operator to 2022-01-01 00:00:00+00:00, run_after=2022-01-01 00:00:00+00:00
[2025-11-02T19:21:22.725+0000] {logging_mixin.py:188} INFO - [2025-11-02T19:21:22.724+0000] {dag.py:3823} INFO - Setting next_dagrun for example_subdag_operator.section-1 to None, run_after=None
[2025-11-02T19:21:22.728+0000] {logging_mixin.py:188} INFO - [2025-11-02T19:21:22.728+0000] {dag.py:3823} INFO - Setting next_dagrun for example_subdag_operator.section-2 to None, run_after=None
[2025-11-02T19:21:22.749+0000] {logging_mixin.py:188} INFO - [2025-11-02T19:21:22.749+0000] {dag.py:3036} INFO - Sync 2 DAGs
[2025-11-02T19:21:22.766+0000] {logging_mixin.py:188} INFO - [2025-11-02T19:21:22.765+0000] {dag.py:3823} INFO - Setting next_dagrun for example_subdag_operator.section-1 to None, run_after=None
[2025-11-02T19:21:22.768+0000] {logging_mixin.py:188} INFO - [2025-11-02T19:21:22.768+0000] {dag.py:3823} INFO - Setting next_dagrun for example_subdag_operator.section-2 to None, run_after=None
[2025-11-02T19:21:22.803+0000] {processor.py:183} INFO - Processing /home/airflow/.local/lib/python3.8/site-packages/airflow/example_dags/example_subdag_operator.py took 0.271 seconds
[2025-11-02T19:21:53.049+0000] {processor.py:161} INFO - Started process (PID=6198) to work on /home/airflow/.local/lib/python3.8/site-packages/airflow/example_dags/example_subdag_operator.py
[2025-11-02T19:21:53.052+0000] {processor.py:830} INFO - Processing file /home/airflow/.local/lib/python3.8/site-packages/airflow/example_dags/example_subdag_operator.py for tasks to queue
[2025-11-02T19:21:53.058+0000] {logging_mixin.py:188} INFO - [2025-11-02T19:21:53.057+0000] {dagbag.py:538} INFO - Filling up the DagBag from /home/airflow/.local/lib/python3.8/site-packages/airflow/example_dags/example_subdag_operator.py
[2025-11-02T19:21:53.133+0000] {processor.py:840} INFO - DAG(s) 'example_subdag_operator.section-1', 'example_subdag_operator.section-2', 'example_subdag_operator' retrieved from /home/airflow/.local/lib/python3.8/site-packages/airflow/example_dags/example_subdag_operator.py
[2025-11-02T19:21:53.175+0000] {logging_mixin.py:188} INFO - [2025-11-02T19:21:53.175+0000] {dag.py:3036} INFO - Sync 3 DAGs
[2025-11-02T19:21:53.254+0000] {logging_mixin.py:188} INFO - [2025-11-02T19:21:53.253+0000] {dag.py:3823} INFO - Setting next_dagrun for example_subdag_operator to 2022-01-01 00:00:00+00:00, run_after=2022-01-01 00:00:00+00:00
[2025-11-02T19:21:53.265+0000] {logging_mixin.py:188} INFO - [2025-11-02T19:21:53.265+0000] {dag.py:3823} INFO - Setting next_dagrun for example_subdag_operator.section-1 to None, run_after=None
[2025-11-02T19:21:53.271+0000] {logging_mixin.py:188} INFO - [2025-11-02T19:21:53.270+0000] {dag.py:3823} INFO - Setting next_dagrun for example_subdag_operator.section-2 to None, run_after=None
[2025-11-02T19:21:53.290+0000] {logging_mixin.py:188} INFO - [2025-11-02T19:21:53.289+0000] {dag.py:3036} INFO - Sync 2 DAGs
[2025-11-02T19:21:53.306+0000] {logging_mixin.py:188} INFO - [2025-11-02T19:21:53.305+0000] {dag.py:3823} INFO - Setting next_dagrun for example_subdag_operator.section-1 to None, run_after=None
[2025-11-02T19:21:53.309+0000] {logging_mixin.py:188} INFO - [2025-11-02T19:21:53.308+0000] {dag.py:3823} INFO - Setting next_dagrun for example_subdag_operator.section-2 to None, run_after=None
[2025-11-02T19:21:53.351+0000] {processor.py:183} INFO - Processing /home/airflow/.local/lib/python3.8/site-packages/airflow/example_dags/example_subdag_operator.py took 0.312 seconds
[2025-11-02T19:22:24.224+0000] {processor.py:161} INFO - Started process (PID=6253) to work on /home/airflow/.local/lib/python3.8/site-packages/airflow/example_dags/example_subdag_operator.py
[2025-11-02T19:22:24.228+0000] {processor.py:830} INFO - Processing file /home/airflow/.local/lib/python3.8/site-packages/airflow/example_dags/example_subdag_operator.py for tasks to queue
[2025-11-02T19:22:24.236+0000] {logging_mixin.py:188} INFO - [2025-11-02T19:22:24.235+0000] {dagbag.py:538} INFO - Filling up the DagBag from /home/airflow/.local/lib/python3.8/site-packages/airflow/example_dags/example_subdag_operator.py
[2025-11-02T19:22:24.318+0000] {processor.py:840} INFO - DAG(s) 'example_subdag_operator.section-1', 'example_subdag_operator.section-2', 'example_subdag_operator' retrieved from /home/airflow/.local/lib/python3.8/site-packages/airflow/example_dags/example_subdag_operator.py
[2025-11-02T19:22:24.361+0000] {logging_mixin.py:188} INFO - [2025-11-02T19:22:24.361+0000] {dag.py:3036} INFO - Sync 3 DAGs
[2025-11-02T19:22:24.426+0000] {logging_mixin.py:188} INFO - [2025-11-02T19:22:24.425+0000] {dag.py:3823} INFO - Setting next_dagrun for example_subdag_operator to 2022-01-01 00:00:00+00:00, run_after=2022-01-01 00:00:00+00:00
[2025-11-02T19:22:24.437+0000] {logging_mixin.py:188} INFO - [2025-11-02T19:22:24.435+0000] {dag.py:3823} INFO - Setting next_dagrun for example_subdag_operator.section-1 to None, run_after=None
[2025-11-02T19:22:24.442+0000] {logging_mixin.py:188} INFO - [2025-11-02T19:22:24.441+0000] {dag.py:3823} INFO - Setting next_dagrun for example_subdag_operator.section-2 to None, run_after=None
[2025-11-02T19:22:24.464+0000] {logging_mixin.py:188} INFO - [2025-11-02T19:22:24.463+0000] {dag.py:3036} INFO - Sync 2 DAGs
[2025-11-02T19:22:24.479+0000] {logging_mixin.py:188} INFO - [2025-11-02T19:22:24.479+0000] {dag.py:3823} INFO - Setting next_dagrun for example_subdag_operator.section-1 to None, run_after=None
[2025-11-02T19:22:24.481+0000] {logging_mixin.py:188} INFO - [2025-11-02T19:22:24.481+0000] {dag.py:3823} INFO - Setting next_dagrun for example_subdag_operator.section-2 to None, run_after=None
[2025-11-02T19:22:24.515+0000] {processor.py:183} INFO - Processing /home/airflow/.local/lib/python3.8/site-packages/airflow/example_dags/example_subdag_operator.py took 0.305 seconds
[2025-11-02T19:22:54.758+0000] {processor.py:161} INFO - Started process (PID=6308) to work on /home/airflow/.local/lib/python3.8/site-packages/airflow/example_dags/example_subdag_operator.py
[2025-11-02T19:22:54.762+0000] {processor.py:830} INFO - Processing file /home/airflow/.local/lib/python3.8/site-packages/airflow/example_dags/example_subdag_operator.py for tasks to queue
[2025-11-02T19:22:54.769+0000] {logging_mixin.py:188} INFO - [2025-11-02T19:22:54.768+0000] {dagbag.py:538} INFO - Filling up the DagBag from /home/airflow/.local/lib/python3.8/site-packages/airflow/example_dags/example_subdag_operator.py
[2025-11-02T19:22:54.887+0000] {processor.py:840} INFO - DAG(s) 'example_subdag_operator.section-1', 'example_subdag_operator.section-2', 'example_subdag_operator' retrieved from /home/airflow/.local/lib/python3.8/site-packages/airflow/example_dags/example_subdag_operator.py
[2025-11-02T19:22:54.940+0000] {logging_mixin.py:188} INFO - [2025-11-02T19:22:54.939+0000] {dag.py:3036} INFO - Sync 3 DAGs
[2025-11-02T19:22:54.984+0000] {logging_mixin.py:188} INFO - [2025-11-02T19:22:54.984+0000] {dag.py:3823} INFO - Setting next_dagrun for example_subdag_operator to 2022-01-01 00:00:00+00:00, run_after=2022-01-01 00:00:00+00:00
[2025-11-02T19:22:54.992+0000] {logging_mixin.py:188} INFO - [2025-11-02T19:22:54.992+0000] {dag.py:3823} INFO - Setting next_dagrun for example_subdag_operator.section-1 to None, run_after=None
[2025-11-02T19:22:54.995+0000] {logging_mixin.py:188} INFO - [2025-11-02T19:22:54.995+0000] {dag.py:3823} INFO - Setting next_dagrun for example_subdag_operator.section-2 to None, run_after=None
[2025-11-02T19:22:55.010+0000] {logging_mixin.py:188} INFO - [2025-11-02T19:22:55.009+0000] {dag.py:3036} INFO - Sync 2 DAGs
[2025-11-02T19:22:55.020+0000] {logging_mixin.py:188} INFO - [2025-11-02T19:22:55.020+0000] {dag.py:3823} INFO - Setting next_dagrun for example_subdag_operator.section-1 to None, run_after=None
[2025-11-02T19:22:55.021+0000] {logging_mixin.py:188} INFO - [2025-11-02T19:22:55.021+0000] {dag.py:3823} INFO - Setting next_dagrun for example_subdag_operator.section-2 to None, run_after=None
[2025-11-02T19:22:55.064+0000] {processor.py:183} INFO - Processing /home/airflow/.local/lib/python3.8/site-packages/airflow/example_dags/example_subdag_operator.py took 0.318 seconds
[2025-11-02T19:23:27.754+0000] {processor.py:161} INFO - Started process (PID=6363) to work on /home/airflow/.local/lib/python3.8/site-packages/airflow/example_dags/example_subdag_operator.py
[2025-11-02T19:23:27.758+0000] {processor.py:830} INFO - Processing file /home/airflow/.local/lib/python3.8/site-packages/airflow/example_dags/example_subdag_operator.py for tasks to queue
[2025-11-02T19:23:27.767+0000] {logging_mixin.py:188} INFO - [2025-11-02T19:23:27.766+0000] {dagbag.py:538} INFO - Filling up the DagBag from /home/airflow/.local/lib/python3.8/site-packages/airflow/example_dags/example_subdag_operator.py
[2025-11-02T19:23:27.861+0000] {processor.py:840} INFO - DAG(s) 'example_subdag_operator.section-1', 'example_subdag_operator.section-2', 'example_subdag_operator' retrieved from /home/airflow/.local/lib/python3.8/site-packages/airflow/example_dags/example_subdag_operator.py
[2025-11-02T19:23:27.923+0000] {logging_mixin.py:188} INFO - [2025-11-02T19:23:27.923+0000] {dag.py:3036} INFO - Sync 3 DAGs
[2025-11-02T19:23:28.020+0000] {logging_mixin.py:188} INFO - [2025-11-02T19:23:28.019+0000] {dag.py:3823} INFO - Setting next_dagrun for example_subdag_operator to 2022-01-01 00:00:00+00:00, run_after=2022-01-01 00:00:00+00:00
[2025-11-02T19:23:28.037+0000] {logging_mixin.py:188} INFO - [2025-11-02T19:23:28.036+0000] {dag.py:3823} INFO - Setting next_dagrun for example_subdag_operator.section-1 to None, run_after=None
[2025-11-02T19:23:28.043+0000] {logging_mixin.py:188} INFO - [2025-11-02T19:23:28.042+0000] {dag.py:3823} INFO - Setting next_dagrun for example_subdag_operator.section-2 to None, run_after=None
[2025-11-02T19:23:28.068+0000] {logging_mixin.py:188} INFO - [2025-11-02T19:23:28.067+0000] {dag.py:3036} INFO - Sync 2 DAGs
[2025-11-02T19:23:28.093+0000] {logging_mixin.py:188} INFO - [2025-11-02T19:23:28.092+0000] {dag.py:3823} INFO - Setting next_dagrun for example_subdag_operator.section-1 to None, run_after=None
[2025-11-02T19:23:28.107+0000] {logging_mixin.py:188} INFO - [2025-11-02T19:23:28.106+0000] {dag.py:3823} INFO - Setting next_dagrun for example_subdag_operator.section-2 to None, run_after=None
[2025-11-02T19:23:28.169+0000] {processor.py:183} INFO - Processing /home/airflow/.local/lib/python3.8/site-packages/airflow/example_dags/example_subdag_operator.py took 0.430 seconds
[2025-11-02T19:23:59.040+0000] {processor.py:161} INFO - Started process (PID=6418) to work on /home/airflow/.local/lib/python3.8/site-packages/airflow/example_dags/example_subdag_operator.py
[2025-11-02T19:23:59.044+0000] {processor.py:830} INFO - Processing file /home/airflow/.local/lib/python3.8/site-packages/airflow/example_dags/example_subdag_operator.py for tasks to queue
[2025-11-02T19:23:59.055+0000] {logging_mixin.py:188} INFO - [2025-11-02T19:23:59.053+0000] {dagbag.py:538} INFO - Filling up the DagBag from /home/airflow/.local/lib/python3.8/site-packages/airflow/example_dags/example_subdag_operator.py
[2025-11-02T19:23:59.174+0000] {processor.py:840} INFO - DAG(s) 'example_subdag_operator.section-1', 'example_subdag_operator.section-2', 'example_subdag_operator' retrieved from /home/airflow/.local/lib/python3.8/site-packages/airflow/example_dags/example_subdag_operator.py
[2025-11-02T19:23:59.236+0000] {logging_mixin.py:188} INFO - [2025-11-02T19:23:59.235+0000] {dag.py:3036} INFO - Sync 3 DAGs
[2025-11-02T19:23:59.298+0000] {logging_mixin.py:188} INFO - [2025-11-02T19:23:59.297+0000] {dag.py:3823} INFO - Setting next_dagrun for example_subdag_operator to 2022-01-01 00:00:00+00:00, run_after=2022-01-01 00:00:00+00:00
[2025-11-02T19:23:59.307+0000] {logging_mixin.py:188} INFO - [2025-11-02T19:23:59.306+0000] {dag.py:3823} INFO - Setting next_dagrun for example_subdag_operator.section-1 to None, run_after=None
[2025-11-02T19:23:59.311+0000] {logging_mixin.py:188} INFO - [2025-11-02T19:23:59.310+0000] {dag.py:3823} INFO - Setting next_dagrun for example_subdag_operator.section-2 to None, run_after=None
[2025-11-02T19:23:59.329+0000] {logging_mixin.py:188} INFO - [2025-11-02T19:23:59.328+0000] {dag.py:3036} INFO - Sync 2 DAGs
[2025-11-02T19:23:59.348+0000] {logging_mixin.py:188} INFO - [2025-11-02T19:23:59.347+0000] {dag.py:3823} INFO - Setting next_dagrun for example_subdag_operator.section-1 to None, run_after=None
[2025-11-02T19:23:59.355+0000] {logging_mixin.py:188} INFO - [2025-11-02T19:23:59.352+0000] {dag.py:3823} INFO - Setting next_dagrun for example_subdag_operator.section-2 to None, run_after=None
[2025-11-02T19:23:59.425+0000] {processor.py:183} INFO - Processing /home/airflow/.local/lib/python3.8/site-packages/airflow/example_dags/example_subdag_operator.py took 0.402 seconds
[2025-11-02T19:24:29.724+0000] {processor.py:161} INFO - Started process (PID=6473) to work on /home/airflow/.local/lib/python3.8/site-packages/airflow/example_dags/example_subdag_operator.py
[2025-11-02T19:24:29.727+0000] {processor.py:830} INFO - Processing file /home/airflow/.local/lib/python3.8/site-packages/airflow/example_dags/example_subdag_operator.py for tasks to queue
[2025-11-02T19:24:29.732+0000] {logging_mixin.py:188} INFO - [2025-11-02T19:24:29.731+0000] {dagbag.py:538} INFO - Filling up the DagBag from /home/airflow/.local/lib/python3.8/site-packages/airflow/example_dags/example_subdag_operator.py
[2025-11-02T19:24:29.797+0000] {processor.py:840} INFO - DAG(s) 'example_subdag_operator.section-1', 'example_subdag_operator.section-2', 'example_subdag_operator' retrieved from /home/airflow/.local/lib/python3.8/site-packages/airflow/example_dags/example_subdag_operator.py
[2025-11-02T19:24:29.844+0000] {logging_mixin.py:188} INFO - [2025-11-02T19:24:29.843+0000] {dag.py:3036} INFO - Sync 3 DAGs
[2025-11-02T19:24:29.900+0000] {logging_mixin.py:188} INFO - [2025-11-02T19:24:29.899+0000] {dag.py:3823} INFO - Setting next_dagrun for example_subdag_operator to 2022-01-01 00:00:00+00:00, run_after=2022-01-01 00:00:00+00:00
[2025-11-02T19:24:29.913+0000] {logging_mixin.py:188} INFO - [2025-11-02T19:24:29.912+0000] {dag.py:3823} INFO - Setting next_dagrun for example_subdag_operator.section-1 to None, run_after=None
[2025-11-02T19:24:29.920+0000] {logging_mixin.py:188} INFO - [2025-11-02T19:24:29.920+0000] {dag.py:3823} INFO - Setting next_dagrun for example_subdag_operator.section-2 to None, run_after=None
[2025-11-02T19:24:29.947+0000] {logging_mixin.py:188} INFO - [2025-11-02T19:24:29.947+0000] {dag.py:3036} INFO - Sync 2 DAGs
[2025-11-02T19:24:29.962+0000] {logging_mixin.py:188} INFO - [2025-11-02T19:24:29.961+0000] {dag.py:3823} INFO - Setting next_dagrun for example_subdag_operator.section-1 to None, run_after=None
[2025-11-02T19:24:29.963+0000] {logging_mixin.py:188} INFO - [2025-11-02T19:24:29.963+0000] {dag.py:3823} INFO - Setting next_dagrun for example_subdag_operator.section-2 to None, run_after=None
[2025-11-02T19:24:30.002+0000] {processor.py:183} INFO - Processing /home/airflow/.local/lib/python3.8/site-packages/airflow/example_dags/example_subdag_operator.py took 0.287 seconds
[2025-11-02T19:25:00.421+0000] {processor.py:161} INFO - Started process (PID=6528) to work on /home/airflow/.local/lib/python3.8/site-packages/airflow/example_dags/example_subdag_operator.py
[2025-11-02T19:25:00.425+0000] {processor.py:830} INFO - Processing file /home/airflow/.local/lib/python3.8/site-packages/airflow/example_dags/example_subdag_operator.py for tasks to queue
[2025-11-02T19:25:00.430+0000] {logging_mixin.py:188} INFO - [2025-11-02T19:25:00.429+0000] {dagbag.py:538} INFO - Filling up the DagBag from /home/airflow/.local/lib/python3.8/site-packages/airflow/example_dags/example_subdag_operator.py
[2025-11-02T19:25:00.492+0000] {processor.py:840} INFO - DAG(s) 'example_subdag_operator.section-1', 'example_subdag_operator.section-2', 'example_subdag_operator' retrieved from /home/airflow/.local/lib/python3.8/site-packages/airflow/example_dags/example_subdag_operator.py
[2025-11-02T19:25:00.555+0000] {logging_mixin.py:188} INFO - [2025-11-02T19:25:00.554+0000] {dag.py:3036} INFO - Sync 3 DAGs
[2025-11-02T19:25:00.607+0000] {logging_mixin.py:188} INFO - [2025-11-02T19:25:00.607+0000] {dag.py:3823} INFO - Setting next_dagrun for example_subdag_operator to 2022-01-01 00:00:00+00:00, run_after=2022-01-01 00:00:00+00:00
[2025-11-02T19:25:00.617+0000] {logging_mixin.py:188} INFO - [2025-11-02T19:25:00.617+0000] {dag.py:3823} INFO - Setting next_dagrun for example_subdag_operator.section-1 to None, run_after=None
[2025-11-02T19:25:00.621+0000] {logging_mixin.py:188} INFO - [2025-11-02T19:25:00.620+0000] {dag.py:3823} INFO - Setting next_dagrun for example_subdag_operator.section-2 to None, run_after=None
[2025-11-02T19:25:00.647+0000] {logging_mixin.py:188} INFO - [2025-11-02T19:25:00.646+0000] {dag.py:3036} INFO - Sync 2 DAGs
[2025-11-02T19:25:00.659+0000] {logging_mixin.py:188} INFO - [2025-11-02T19:25:00.659+0000] {dag.py:3823} INFO - Setting next_dagrun for example_subdag_operator.section-1 to None, run_after=None
[2025-11-02T19:25:00.661+0000] {logging_mixin.py:188} INFO - [2025-11-02T19:25:00.660+0000] {dag.py:3823} INFO - Setting next_dagrun for example_subdag_operator.section-2 to None, run_after=None
[2025-11-02T19:25:00.691+0000] {processor.py:183} INFO - Processing /home/airflow/.local/lib/python3.8/site-packages/airflow/example_dags/example_subdag_operator.py took 0.280 seconds
[2025-11-02T19:25:30.815+0000] {processor.py:161} INFO - Started process (PID=6582) to work on /home/airflow/.local/lib/python3.8/site-packages/airflow/example_dags/example_subdag_operator.py
[2025-11-02T19:25:30.817+0000] {processor.py:830} INFO - Processing file /home/airflow/.local/lib/python3.8/site-packages/airflow/example_dags/example_subdag_operator.py for tasks to queue
[2025-11-02T19:25:30.824+0000] {logging_mixin.py:188} INFO - [2025-11-02T19:25:30.823+0000] {dagbag.py:538} INFO - Filling up the DagBag from /home/airflow/.local/lib/python3.8/site-packages/airflow/example_dags/example_subdag_operator.py
[2025-11-02T19:25:30.902+0000] {processor.py:840} INFO - DAG(s) 'example_subdag_operator.section-1', 'example_subdag_operator.section-2', 'example_subdag_operator' retrieved from /home/airflow/.local/lib/python3.8/site-packages/airflow/example_dags/example_subdag_operator.py
[2025-11-02T19:25:30.949+0000] {logging_mixin.py:188} INFO - [2025-11-02T19:25:30.948+0000] {dag.py:3036} INFO - Sync 3 DAGs
[2025-11-02T19:25:31.007+0000] {logging_mixin.py:188} INFO - [2025-11-02T19:25:31.006+0000] {dag.py:3823} INFO - Setting next_dagrun for example_subdag_operator to 2022-01-01 00:00:00+00:00, run_after=2022-01-01 00:00:00+00:00
[2025-11-02T19:25:31.017+0000] {logging_mixin.py:188} INFO - [2025-11-02T19:25:31.016+0000] {dag.py:3823} INFO - Setting next_dagrun for example_subdag_operator.section-1 to None, run_after=None
[2025-11-02T19:25:31.021+0000] {logging_mixin.py:188} INFO - [2025-11-02T19:25:31.020+0000] {dag.py:3823} INFO - Setting next_dagrun for example_subdag_operator.section-2 to None, run_after=None
[2025-11-02T19:25:31.074+0000] {logging_mixin.py:188} INFO - [2025-11-02T19:25:31.074+0000] {dag.py:3036} INFO - Sync 2 DAGs
[2025-11-02T19:25:31.119+0000] {logging_mixin.py:188} INFO - [2025-11-02T19:25:31.118+0000] {dag.py:3823} INFO - Setting next_dagrun for example_subdag_operator.section-1 to None, run_after=None
[2025-11-02T19:25:31.123+0000] {logging_mixin.py:188} INFO - [2025-11-02T19:25:31.123+0000] {dag.py:3823} INFO - Setting next_dagrun for example_subdag_operator.section-2 to None, run_after=None
[2025-11-02T19:25:31.164+0000] {processor.py:183} INFO - Processing /home/airflow/.local/lib/python3.8/site-packages/airflow/example_dags/example_subdag_operator.py took 0.360 seconds
[2025-11-02T19:26:01.896+0000] {processor.py:161} INFO - Started process (PID=6637) to work on /home/airflow/.local/lib/python3.8/site-packages/airflow/example_dags/example_subdag_operator.py
[2025-11-02T19:26:01.899+0000] {processor.py:830} INFO - Processing file /home/airflow/.local/lib/python3.8/site-packages/airflow/example_dags/example_subdag_operator.py for tasks to queue
[2025-11-02T19:26:01.904+0000] {logging_mixin.py:188} INFO - [2025-11-02T19:26:01.903+0000] {dagbag.py:538} INFO - Filling up the DagBag from /home/airflow/.local/lib/python3.8/site-packages/airflow/example_dags/example_subdag_operator.py
[2025-11-02T19:26:01.964+0000] {processor.py:840} INFO - DAG(s) 'example_subdag_operator.section-1', 'example_subdag_operator.section-2', 'example_subdag_operator' retrieved from /home/airflow/.local/lib/python3.8/site-packages/airflow/example_dags/example_subdag_operator.py
[2025-11-02T19:26:02.009+0000] {logging_mixin.py:188} INFO - [2025-11-02T19:26:02.008+0000] {dag.py:3036} INFO - Sync 3 DAGs
[2025-11-02T19:26:02.063+0000] {logging_mixin.py:188} INFO - [2025-11-02T19:26:02.062+0000] {dag.py:3823} INFO - Setting next_dagrun for example_subdag_operator to 2022-01-01 00:00:00+00:00, run_after=2022-01-01 00:00:00+00:00
[2025-11-02T19:26:02.070+0000] {logging_mixin.py:188} INFO - [2025-11-02T19:26:02.070+0000] {dag.py:3823} INFO - Setting next_dagrun for example_subdag_operator.section-1 to None, run_after=None
[2025-11-02T19:26:02.074+0000] {logging_mixin.py:188} INFO - [2025-11-02T19:26:02.073+0000] {dag.py:3823} INFO - Setting next_dagrun for example_subdag_operator.section-2 to None, run_after=None
[2025-11-02T19:26:02.093+0000] {logging_mixin.py:188} INFO - [2025-11-02T19:26:02.092+0000] {dag.py:3036} INFO - Sync 2 DAGs
[2025-11-02T19:26:02.109+0000] {logging_mixin.py:188} INFO - [2025-11-02T19:26:02.108+0000] {dag.py:3823} INFO - Setting next_dagrun for example_subdag_operator.section-1 to None, run_after=None
[2025-11-02T19:26:02.110+0000] {logging_mixin.py:188} INFO - [2025-11-02T19:26:02.110+0000] {dag.py:3823} INFO - Setting next_dagrun for example_subdag_operator.section-2 to None, run_after=None
[2025-11-02T19:26:02.147+0000] {processor.py:183} INFO - Processing /home/airflow/.local/lib/python3.8/site-packages/airflow/example_dags/example_subdag_operator.py took 0.263 seconds
[2025-11-02T19:26:32.781+0000] {processor.py:161} INFO - Started process (PID=6692) to work on /home/airflow/.local/lib/python3.8/site-packages/airflow/example_dags/example_subdag_operator.py
[2025-11-02T19:26:32.783+0000] {processor.py:830} INFO - Processing file /home/airflow/.local/lib/python3.8/site-packages/airflow/example_dags/example_subdag_operator.py for tasks to queue
[2025-11-02T19:26:32.790+0000] {logging_mixin.py:188} INFO - [2025-11-02T19:26:32.789+0000] {dagbag.py:538} INFO - Filling up the DagBag from /home/airflow/.local/lib/python3.8/site-packages/airflow/example_dags/example_subdag_operator.py
[2025-11-02T19:26:32.866+0000] {processor.py:840} INFO - DAG(s) 'example_subdag_operator.section-1', 'example_subdag_operator.section-2', 'example_subdag_operator' retrieved from /home/airflow/.local/lib/python3.8/site-packages/airflow/example_dags/example_subdag_operator.py
[2025-11-02T19:26:32.927+0000] {logging_mixin.py:188} INFO - [2025-11-02T19:26:32.926+0000] {dag.py:3036} INFO - Sync 3 DAGs
[2025-11-02T19:26:32.999+0000] {logging_mixin.py:188} INFO - [2025-11-02T19:26:32.998+0000] {dag.py:3823} INFO - Setting next_dagrun for example_subdag_operator to 2022-01-01 00:00:00+00:00, run_after=2022-01-01 00:00:00+00:00
[2025-11-02T19:26:33.011+0000] {logging_mixin.py:188} INFO - [2025-11-02T19:26:33.010+0000] {dag.py:3823} INFO - Setting next_dagrun for example_subdag_operator.section-1 to None, run_after=None
[2025-11-02T19:26:33.019+0000] {logging_mixin.py:188} INFO - [2025-11-02T19:26:33.018+0000] {dag.py:3823} INFO - Setting next_dagrun for example_subdag_operator.section-2 to None, run_after=None
[2025-11-02T19:26:33.038+0000] {logging_mixin.py:188} INFO - [2025-11-02T19:26:33.037+0000] {dag.py:3036} INFO - Sync 2 DAGs
[2025-11-02T19:26:33.055+0000] {logging_mixin.py:188} INFO - [2025-11-02T19:26:33.054+0000] {dag.py:3823} INFO - Setting next_dagrun for example_subdag_operator.section-1 to None, run_after=None
[2025-11-02T19:26:33.057+0000] {logging_mixin.py:188} INFO - [2025-11-02T19:26:33.056+0000] {dag.py:3823} INFO - Setting next_dagrun for example_subdag_operator.section-2 to None, run_after=None
[2025-11-02T19:26:33.096+0000] {processor.py:183} INFO - Processing /home/airflow/.local/lib/python3.8/site-packages/airflow/example_dags/example_subdag_operator.py took 0.325 seconds
[2025-11-02T19:27:04.132+0000] {processor.py:161} INFO - Started process (PID=6747) to work on /home/airflow/.local/lib/python3.8/site-packages/airflow/example_dags/example_subdag_operator.py
[2025-11-02T19:27:04.136+0000] {processor.py:830} INFO - Processing file /home/airflow/.local/lib/python3.8/site-packages/airflow/example_dags/example_subdag_operator.py for tasks to queue
[2025-11-02T19:27:04.143+0000] {logging_mixin.py:188} INFO - [2025-11-02T19:27:04.141+0000] {dagbag.py:538} INFO - Filling up the DagBag from /home/airflow/.local/lib/python3.8/site-packages/airflow/example_dags/example_subdag_operator.py
[2025-11-02T19:27:04.205+0000] {processor.py:840} INFO - DAG(s) 'example_subdag_operator.section-1', 'example_subdag_operator.section-2', 'example_subdag_operator' retrieved from /home/airflow/.local/lib/python3.8/site-packages/airflow/example_dags/example_subdag_operator.py
[2025-11-02T19:27:04.249+0000] {logging_mixin.py:188} INFO - [2025-11-02T19:27:04.248+0000] {dag.py:3036} INFO - Sync 3 DAGs
[2025-11-02T19:27:04.299+0000] {logging_mixin.py:188} INFO - [2025-11-02T19:27:04.299+0000] {dag.py:3823} INFO - Setting next_dagrun for example_subdag_operator to 2022-01-01 00:00:00+00:00, run_after=2022-01-01 00:00:00+00:00
[2025-11-02T19:27:04.307+0000] {logging_mixin.py:188} INFO - [2025-11-02T19:27:04.307+0000] {dag.py:3823} INFO - Setting next_dagrun for example_subdag_operator.section-1 to None, run_after=None
[2025-11-02T19:27:04.311+0000] {logging_mixin.py:188} INFO - [2025-11-02T19:27:04.310+0000] {dag.py:3823} INFO - Setting next_dagrun for example_subdag_operator.section-2 to None, run_after=None
[2025-11-02T19:27:04.326+0000] {logging_mixin.py:188} INFO - [2025-11-02T19:27:04.326+0000] {dag.py:3036} INFO - Sync 2 DAGs
[2025-11-02T19:27:04.341+0000] {logging_mixin.py:188} INFO - [2025-11-02T19:27:04.341+0000] {dag.py:3823} INFO - Setting next_dagrun for example_subdag_operator.section-1 to None, run_after=None
[2025-11-02T19:27:04.343+0000] {logging_mixin.py:188} INFO - [2025-11-02T19:27:04.343+0000] {dag.py:3823} INFO - Setting next_dagrun for example_subdag_operator.section-2 to None, run_after=None
[2025-11-02T19:27:04.375+0000] {processor.py:183} INFO - Processing /home/airflow/.local/lib/python3.8/site-packages/airflow/example_dags/example_subdag_operator.py took 0.251 seconds
[2025-11-02T19:27:34.566+0000] {processor.py:161} INFO - Started process (PID=6803) to work on /home/airflow/.local/lib/python3.8/site-packages/airflow/example_dags/example_subdag_operator.py
[2025-11-02T19:27:34.569+0000] {processor.py:830} INFO - Processing file /home/airflow/.local/lib/python3.8/site-packages/airflow/example_dags/example_subdag_operator.py for tasks to queue
[2025-11-02T19:27:34.580+0000] {logging_mixin.py:188} INFO - [2025-11-02T19:27:34.578+0000] {dagbag.py:538} INFO - Filling up the DagBag from /home/airflow/.local/lib/python3.8/site-packages/airflow/example_dags/example_subdag_operator.py
[2025-11-02T19:27:34.662+0000] {processor.py:840} INFO - DAG(s) 'example_subdag_operator.section-1', 'example_subdag_operator.section-2', 'example_subdag_operator' retrieved from /home/airflow/.local/lib/python3.8/site-packages/airflow/example_dags/example_subdag_operator.py
[2025-11-02T19:27:34.719+0000] {logging_mixin.py:188} INFO - [2025-11-02T19:27:34.718+0000] {dag.py:3036} INFO - Sync 3 DAGs
[2025-11-02T19:27:34.778+0000] {logging_mixin.py:188} INFO - [2025-11-02T19:27:34.777+0000] {dag.py:3823} INFO - Setting next_dagrun for example_subdag_operator to 2022-01-01 00:00:00+00:00, run_after=2022-01-01 00:00:00+00:00
[2025-11-02T19:27:34.786+0000] {logging_mixin.py:188} INFO - [2025-11-02T19:27:34.785+0000] {dag.py:3823} INFO - Setting next_dagrun for example_subdag_operator.section-1 to None, run_after=None
[2025-11-02T19:27:34.789+0000] {logging_mixin.py:188} INFO - [2025-11-02T19:27:34.789+0000] {dag.py:3823} INFO - Setting next_dagrun for example_subdag_operator.section-2 to None, run_after=None
[2025-11-02T19:27:34.808+0000] {logging_mixin.py:188} INFO - [2025-11-02T19:27:34.807+0000] {dag.py:3036} INFO - Sync 2 DAGs
[2025-11-02T19:27:34.822+0000] {logging_mixin.py:188} INFO - [2025-11-02T19:27:34.821+0000] {dag.py:3823} INFO - Setting next_dagrun for example_subdag_operator.section-1 to None, run_after=None
[2025-11-02T19:27:34.823+0000] {logging_mixin.py:188} INFO - [2025-11-02T19:27:34.822+0000] {dag.py:3823} INFO - Setting next_dagrun for example_subdag_operator.section-2 to None, run_after=None
[2025-11-02T19:27:34.864+0000] {processor.py:183} INFO - Processing /home/airflow/.local/lib/python3.8/site-packages/airflow/example_dags/example_subdag_operator.py took 0.310 seconds
[2025-11-02T19:28:05.469+0000] {processor.py:161} INFO - Started process (PID=6858) to work on /home/airflow/.local/lib/python3.8/site-packages/airflow/example_dags/example_subdag_operator.py
[2025-11-02T19:28:05.472+0000] {processor.py:830} INFO - Processing file /home/airflow/.local/lib/python3.8/site-packages/airflow/example_dags/example_subdag_operator.py for tasks to queue
[2025-11-02T19:28:05.484+0000] {logging_mixin.py:188} INFO - [2025-11-02T19:28:05.483+0000] {dagbag.py:538} INFO - Filling up the DagBag from /home/airflow/.local/lib/python3.8/site-packages/airflow/example_dags/example_subdag_operator.py
[2025-11-02T19:28:05.592+0000] {processor.py:840} INFO - DAG(s) 'example_subdag_operator.section-1', 'example_subdag_operator.section-2', 'example_subdag_operator' retrieved from /home/airflow/.local/lib/python3.8/site-packages/airflow/example_dags/example_subdag_operator.py
[2025-11-02T19:28:05.658+0000] {logging_mixin.py:188} INFO - [2025-11-02T19:28:05.657+0000] {dag.py:3036} INFO - Sync 3 DAGs
[2025-11-02T19:28:05.735+0000] {logging_mixin.py:188} INFO - [2025-11-02T19:28:05.734+0000] {dag.py:3823} INFO - Setting next_dagrun for example_subdag_operator to 2022-01-01 00:00:00+00:00, run_after=2022-01-01 00:00:00+00:00
[2025-11-02T19:28:05.745+0000] {logging_mixin.py:188} INFO - [2025-11-02T19:28:05.744+0000] {dag.py:3823} INFO - Setting next_dagrun for example_subdag_operator.section-1 to None, run_after=None
[2025-11-02T19:28:05.749+0000] {logging_mixin.py:188} INFO - [2025-11-02T19:28:05.748+0000] {dag.py:3823} INFO - Setting next_dagrun for example_subdag_operator.section-2 to None, run_after=None
[2025-11-02T19:28:05.770+0000] {logging_mixin.py:188} INFO - [2025-11-02T19:28:05.770+0000] {dag.py:3036} INFO - Sync 2 DAGs
[2025-11-02T19:28:05.784+0000] {logging_mixin.py:188} INFO - [2025-11-02T19:28:05.783+0000] {dag.py:3823} INFO - Setting next_dagrun for example_subdag_operator.section-1 to None, run_after=None
[2025-11-02T19:28:05.786+0000] {logging_mixin.py:188} INFO - [2025-11-02T19:28:05.785+0000] {dag.py:3823} INFO - Setting next_dagrun for example_subdag_operator.section-2 to None, run_after=None
[2025-11-02T19:28:05.828+0000] {processor.py:183} INFO - Processing /home/airflow/.local/lib/python3.8/site-packages/airflow/example_dags/example_subdag_operator.py took 0.369 seconds
[2025-11-02T19:28:35.912+0000] {processor.py:161} INFO - Started process (PID=6913) to work on /home/airflow/.local/lib/python3.8/site-packages/airflow/example_dags/example_subdag_operator.py
[2025-11-02T19:28:35.916+0000] {processor.py:830} INFO - Processing file /home/airflow/.local/lib/python3.8/site-packages/airflow/example_dags/example_subdag_operator.py for tasks to queue
[2025-11-02T19:28:35.925+0000] {logging_mixin.py:188} INFO - [2025-11-02T19:28:35.924+0000] {dagbag.py:538} INFO - Filling up the DagBag from /home/airflow/.local/lib/python3.8/site-packages/airflow/example_dags/example_subdag_operator.py
[2025-11-02T19:28:35.990+0000] {processor.py:840} INFO - DAG(s) 'example_subdag_operator.section-1', 'example_subdag_operator.section-2', 'example_subdag_operator' retrieved from /home/airflow/.local/lib/python3.8/site-packages/airflow/example_dags/example_subdag_operator.py
[2025-11-02T19:28:36.030+0000] {logging_mixin.py:188} INFO - [2025-11-02T19:28:36.030+0000] {dag.py:3036} INFO - Sync 3 DAGs
[2025-11-02T19:28:36.079+0000] {logging_mixin.py:188} INFO - [2025-11-02T19:28:36.078+0000] {dag.py:3823} INFO - Setting next_dagrun for example_subdag_operator to 2022-01-01 00:00:00+00:00, run_after=2022-01-01 00:00:00+00:00
[2025-11-02T19:28:36.087+0000] {logging_mixin.py:188} INFO - [2025-11-02T19:28:36.087+0000] {dag.py:3823} INFO - Setting next_dagrun for example_subdag_operator.section-1 to None, run_after=None
[2025-11-02T19:28:36.090+0000] {logging_mixin.py:188} INFO - [2025-11-02T19:28:36.090+0000] {dag.py:3823} INFO - Setting next_dagrun for example_subdag_operator.section-2 to None, run_after=None
[2025-11-02T19:28:36.108+0000] {logging_mixin.py:188} INFO - [2025-11-02T19:28:36.108+0000] {dag.py:3036} INFO - Sync 2 DAGs
[2025-11-02T19:28:36.126+0000] {logging_mixin.py:188} INFO - [2025-11-02T19:28:36.125+0000] {dag.py:3823} INFO - Setting next_dagrun for example_subdag_operator.section-1 to None, run_after=None
[2025-11-02T19:28:36.127+0000] {logging_mixin.py:188} INFO - [2025-11-02T19:28:36.127+0000] {dag.py:3823} INFO - Setting next_dagrun for example_subdag_operator.section-2 to None, run_after=None
[2025-11-02T19:28:36.155+0000] {processor.py:183} INFO - Processing /home/airflow/.local/lib/python3.8/site-packages/airflow/example_dags/example_subdag_operator.py took 0.257 seconds
[2025-11-02T19:29:06.410+0000] {processor.py:161} INFO - Started process (PID=6967) to work on /home/airflow/.local/lib/python3.8/site-packages/airflow/example_dags/example_subdag_operator.py
[2025-11-02T19:29:06.413+0000] {processor.py:830} INFO - Processing file /home/airflow/.local/lib/python3.8/site-packages/airflow/example_dags/example_subdag_operator.py for tasks to queue
[2025-11-02T19:29:06.420+0000] {logging_mixin.py:188} INFO - [2025-11-02T19:29:06.419+0000] {dagbag.py:538} INFO - Filling up the DagBag from /home/airflow/.local/lib/python3.8/site-packages/airflow/example_dags/example_subdag_operator.py
[2025-11-02T19:29:06.528+0000] {processor.py:840} INFO - DAG(s) 'example_subdag_operator.section-1', 'example_subdag_operator.section-2', 'example_subdag_operator' retrieved from /home/airflow/.local/lib/python3.8/site-packages/airflow/example_dags/example_subdag_operator.py
[2025-11-02T19:29:06.643+0000] {logging_mixin.py:188} INFO - [2025-11-02T19:29:06.642+0000] {dag.py:3036} INFO - Sync 3 DAGs
[2025-11-02T19:29:06.729+0000] {logging_mixin.py:188} INFO - [2025-11-02T19:29:06.728+0000] {dag.py:3823} INFO - Setting next_dagrun for example_subdag_operator to 2022-01-01 00:00:00+00:00, run_after=2022-01-01 00:00:00+00:00
[2025-11-02T19:29:06.742+0000] {logging_mixin.py:188} INFO - [2025-11-02T19:29:06.741+0000] {dag.py:3823} INFO - Setting next_dagrun for example_subdag_operator.section-1 to None, run_after=None
[2025-11-02T19:29:06.752+0000] {logging_mixin.py:188} INFO - [2025-11-02T19:29:06.751+0000] {dag.py:3823} INFO - Setting next_dagrun for example_subdag_operator.section-2 to None, run_after=None
[2025-11-02T19:29:06.814+0000] {logging_mixin.py:188} INFO - [2025-11-02T19:29:06.813+0000] {dag.py:3036} INFO - Sync 2 DAGs
[2025-11-02T19:29:06.834+0000] {logging_mixin.py:188} INFO - [2025-11-02T19:29:06.834+0000] {dag.py:3823} INFO - Setting next_dagrun for example_subdag_operator.section-1 to None, run_after=None
[2025-11-02T19:29:06.837+0000] {logging_mixin.py:188} INFO - [2025-11-02T19:29:06.836+0000] {dag.py:3823} INFO - Setting next_dagrun for example_subdag_operator.section-2 to None, run_after=None
[2025-11-02T19:29:06.897+0000] {processor.py:183} INFO - Processing /home/airflow/.local/lib/python3.8/site-packages/airflow/example_dags/example_subdag_operator.py took 0.495 seconds
[2025-11-02T19:29:37.095+0000] {processor.py:161} INFO - Started process (PID=7023) to work on /home/airflow/.local/lib/python3.8/site-packages/airflow/example_dags/example_subdag_operator.py
[2025-11-02T19:29:37.097+0000] {processor.py:830} INFO - Processing file /home/airflow/.local/lib/python3.8/site-packages/airflow/example_dags/example_subdag_operator.py for tasks to queue
[2025-11-02T19:29:37.105+0000] {logging_mixin.py:188} INFO - [2025-11-02T19:29:37.104+0000] {dagbag.py:538} INFO - Filling up the DagBag from /home/airflow/.local/lib/python3.8/site-packages/airflow/example_dags/example_subdag_operator.py
[2025-11-02T19:29:37.173+0000] {processor.py:840} INFO - DAG(s) 'example_subdag_operator.section-1', 'example_subdag_operator.section-2', 'example_subdag_operator' retrieved from /home/airflow/.local/lib/python3.8/site-packages/airflow/example_dags/example_subdag_operator.py
[2025-11-02T19:29:37.213+0000] {logging_mixin.py:188} INFO - [2025-11-02T19:29:37.213+0000] {dag.py:3036} INFO - Sync 3 DAGs
[2025-11-02T19:29:37.283+0000] {logging_mixin.py:188} INFO - [2025-11-02T19:29:37.282+0000] {dag.py:3823} INFO - Setting next_dagrun for example_subdag_operator to 2022-01-01 00:00:00+00:00, run_after=2022-01-01 00:00:00+00:00
[2025-11-02T19:29:37.292+0000] {logging_mixin.py:188} INFO - [2025-11-02T19:29:37.292+0000] {dag.py:3823} INFO - Setting next_dagrun for example_subdag_operator.section-1 to None, run_after=None
[2025-11-02T19:29:37.301+0000] {logging_mixin.py:188} INFO - [2025-11-02T19:29:37.300+0000] {dag.py:3823} INFO - Setting next_dagrun for example_subdag_operator.section-2 to None, run_after=None
[2025-11-02T19:29:37.331+0000] {logging_mixin.py:188} INFO - [2025-11-02T19:29:37.331+0000] {dag.py:3036} INFO - Sync 2 DAGs
[2025-11-02T19:29:37.348+0000] {logging_mixin.py:188} INFO - [2025-11-02T19:29:37.346+0000] {dag.py:3823} INFO - Setting next_dagrun for example_subdag_operator.section-1 to None, run_after=None
[2025-11-02T19:29:37.350+0000] {logging_mixin.py:188} INFO - [2025-11-02T19:29:37.350+0000] {dag.py:3823} INFO - Setting next_dagrun for example_subdag_operator.section-2 to None, run_after=None
[2025-11-02T19:29:37.403+0000] {processor.py:183} INFO - Processing /home/airflow/.local/lib/python3.8/site-packages/airflow/example_dags/example_subdag_operator.py took 0.318 seconds
[2025-11-02T19:30:07.872+0000] {processor.py:161} INFO - Started process (PID=7078) to work on /home/airflow/.local/lib/python3.8/site-packages/airflow/example_dags/example_subdag_operator.py
[2025-11-02T19:30:07.875+0000] {processor.py:830} INFO - Processing file /home/airflow/.local/lib/python3.8/site-packages/airflow/example_dags/example_subdag_operator.py for tasks to queue
[2025-11-02T19:30:07.882+0000] {logging_mixin.py:188} INFO - [2025-11-02T19:30:07.881+0000] {dagbag.py:538} INFO - Filling up the DagBag from /home/airflow/.local/lib/python3.8/site-packages/airflow/example_dags/example_subdag_operator.py
[2025-11-02T19:30:07.954+0000] {processor.py:840} INFO - DAG(s) 'example_subdag_operator.section-1', 'example_subdag_operator.section-2', 'example_subdag_operator' retrieved from /home/airflow/.local/lib/python3.8/site-packages/airflow/example_dags/example_subdag_operator.py
[2025-11-02T19:30:08.061+0000] {logging_mixin.py:188} INFO - [2025-11-02T19:30:08.060+0000] {dag.py:3036} INFO - Sync 3 DAGs
[2025-11-02T19:30:08.137+0000] {logging_mixin.py:188} INFO - [2025-11-02T19:30:08.136+0000] {dag.py:3823} INFO - Setting next_dagrun for example_subdag_operator to 2022-01-01 00:00:00+00:00, run_after=2022-01-01 00:00:00+00:00
[2025-11-02T19:30:08.147+0000] {logging_mixin.py:188} INFO - [2025-11-02T19:30:08.147+0000] {dag.py:3823} INFO - Setting next_dagrun for example_subdag_operator.section-1 to None, run_after=None
[2025-11-02T19:30:08.151+0000] {logging_mixin.py:188} INFO - [2025-11-02T19:30:08.150+0000] {dag.py:3823} INFO - Setting next_dagrun for example_subdag_operator.section-2 to None, run_after=None
[2025-11-02T19:30:08.173+0000] {logging_mixin.py:188} INFO - [2025-11-02T19:30:08.173+0000] {dag.py:3036} INFO - Sync 2 DAGs
[2025-11-02T19:30:08.193+0000] {logging_mixin.py:188} INFO - [2025-11-02T19:30:08.193+0000] {dag.py:3823} INFO - Setting next_dagrun for example_subdag_operator.section-1 to None, run_after=None
[2025-11-02T19:30:08.196+0000] {logging_mixin.py:188} INFO - [2025-11-02T19:30:08.195+0000] {dag.py:3823} INFO - Setting next_dagrun for example_subdag_operator.section-2 to None, run_after=None
[2025-11-02T19:30:08.249+0000] {processor.py:183} INFO - Processing /home/airflow/.local/lib/python3.8/site-packages/airflow/example_dags/example_subdag_operator.py took 0.387 seconds
[2025-11-02T19:30:39.244+0000] {processor.py:161} INFO - Started process (PID=7133) to work on /home/airflow/.local/lib/python3.8/site-packages/airflow/example_dags/example_subdag_operator.py
[2025-11-02T19:30:39.248+0000] {processor.py:830} INFO - Processing file /home/airflow/.local/lib/python3.8/site-packages/airflow/example_dags/example_subdag_operator.py for tasks to queue
[2025-11-02T19:30:39.254+0000] {logging_mixin.py:188} INFO - [2025-11-02T19:30:39.253+0000] {dagbag.py:538} INFO - Filling up the DagBag from /home/airflow/.local/lib/python3.8/site-packages/airflow/example_dags/example_subdag_operator.py
[2025-11-02T19:30:39.354+0000] {processor.py:840} INFO - DAG(s) 'example_subdag_operator.section-1', 'example_subdag_operator.section-2', 'example_subdag_operator' retrieved from /home/airflow/.local/lib/python3.8/site-packages/airflow/example_dags/example_subdag_operator.py
[2025-11-02T19:30:39.432+0000] {logging_mixin.py:188} INFO - [2025-11-02T19:30:39.430+0000] {dag.py:3036} INFO - Sync 3 DAGs
[2025-11-02T19:30:39.507+0000] {logging_mixin.py:188} INFO - [2025-11-02T19:30:39.507+0000] {dag.py:3823} INFO - Setting next_dagrun for example_subdag_operator to 2022-01-01 00:00:00+00:00, run_after=2022-01-01 00:00:00+00:00
[2025-11-02T19:30:39.516+0000] {logging_mixin.py:188} INFO - [2025-11-02T19:30:39.516+0000] {dag.py:3823} INFO - Setting next_dagrun for example_subdag_operator.section-1 to None, run_after=None
[2025-11-02T19:30:39.520+0000] {logging_mixin.py:188} INFO - [2025-11-02T19:30:39.519+0000] {dag.py:3823} INFO - Setting next_dagrun for example_subdag_operator.section-2 to None, run_after=None
[2025-11-02T19:30:39.539+0000] {logging_mixin.py:188} INFO - [2025-11-02T19:30:39.539+0000] {dag.py:3036} INFO - Sync 2 DAGs
[2025-11-02T19:30:39.556+0000] {logging_mixin.py:188} INFO - [2025-11-02T19:30:39.555+0000] {dag.py:3823} INFO - Setting next_dagrun for example_subdag_operator.section-1 to None, run_after=None
[2025-11-02T19:30:39.557+0000] {logging_mixin.py:188} INFO - [2025-11-02T19:30:39.557+0000] {dag.py:3823} INFO - Setting next_dagrun for example_subdag_operator.section-2 to None, run_after=None
[2025-11-02T19:30:39.626+0000] {processor.py:183} INFO - Processing /home/airflow/.local/lib/python3.8/site-packages/airflow/example_dags/example_subdag_operator.py took 0.394 seconds
[2025-11-02T19:31:10.081+0000] {processor.py:161} INFO - Started process (PID=7188) to work on /home/airflow/.local/lib/python3.8/site-packages/airflow/example_dags/example_subdag_operator.py
[2025-11-02T19:31:10.085+0000] {processor.py:830} INFO - Processing file /home/airflow/.local/lib/python3.8/site-packages/airflow/example_dags/example_subdag_operator.py for tasks to queue
[2025-11-02T19:31:10.093+0000] {logging_mixin.py:188} INFO - [2025-11-02T19:31:10.092+0000] {dagbag.py:538} INFO - Filling up the DagBag from /home/airflow/.local/lib/python3.8/site-packages/airflow/example_dags/example_subdag_operator.py
[2025-11-02T19:31:10.188+0000] {processor.py:840} INFO - DAG(s) 'example_subdag_operator.section-1', 'example_subdag_operator.section-2', 'example_subdag_operator' retrieved from /home/airflow/.local/lib/python3.8/site-packages/airflow/example_dags/example_subdag_operator.py
[2025-11-02T19:31:10.304+0000] {logging_mixin.py:188} INFO - [2025-11-02T19:31:10.303+0000] {dag.py:3036} INFO - Sync 3 DAGs
[2025-11-02T19:31:10.438+0000] {logging_mixin.py:188} INFO - [2025-11-02T19:31:10.437+0000] {dag.py:3823} INFO - Setting next_dagrun for example_subdag_operator to 2022-01-01 00:00:00+00:00, run_after=2022-01-01 00:00:00+00:00
[2025-11-02T19:31:10.453+0000] {logging_mixin.py:188} INFO - [2025-11-02T19:31:10.452+0000] {dag.py:3823} INFO - Setting next_dagrun for example_subdag_operator.section-1 to None, run_after=None
[2025-11-02T19:31:10.458+0000] {logging_mixin.py:188} INFO - [2025-11-02T19:31:10.457+0000] {dag.py:3823} INFO - Setting next_dagrun for example_subdag_operator.section-2 to None, run_after=None
[2025-11-02T19:31:10.489+0000] {logging_mixin.py:188} INFO - [2025-11-02T19:31:10.489+0000] {dag.py:3036} INFO - Sync 2 DAGs
[2025-11-02T19:31:10.520+0000] {logging_mixin.py:188} INFO - [2025-11-02T19:31:10.519+0000] {dag.py:3823} INFO - Setting next_dagrun for example_subdag_operator.section-1 to None, run_after=None
[2025-11-02T19:31:10.522+0000] {logging_mixin.py:188} INFO - [2025-11-02T19:31:10.521+0000] {dag.py:3823} INFO - Setting next_dagrun for example_subdag_operator.section-2 to None, run_after=None
[2025-11-02T19:31:10.565+0000] {processor.py:183} INFO - Processing /home/airflow/.local/lib/python3.8/site-packages/airflow/example_dags/example_subdag_operator.py took 0.501 seconds
[2025-11-02T19:31:41.080+0000] {processor.py:161} INFO - Started process (PID=7243) to work on /home/airflow/.local/lib/python3.8/site-packages/airflow/example_dags/example_subdag_operator.py
[2025-11-02T19:31:41.083+0000] {processor.py:830} INFO - Processing file /home/airflow/.local/lib/python3.8/site-packages/airflow/example_dags/example_subdag_operator.py for tasks to queue
[2025-11-02T19:31:41.091+0000] {logging_mixin.py:188} INFO - [2025-11-02T19:31:41.090+0000] {dagbag.py:538} INFO - Filling up the DagBag from /home/airflow/.local/lib/python3.8/site-packages/airflow/example_dags/example_subdag_operator.py
[2025-11-02T19:31:41.158+0000] {processor.py:840} INFO - DAG(s) 'example_subdag_operator.section-1', 'example_subdag_operator.section-2', 'example_subdag_operator' retrieved from /home/airflow/.local/lib/python3.8/site-packages/airflow/example_dags/example_subdag_operator.py
[2025-11-02T19:31:41.193+0000] {logging_mixin.py:188} INFO - [2025-11-02T19:31:41.192+0000] {dag.py:3036} INFO - Sync 3 DAGs
[2025-11-02T19:31:41.274+0000] {logging_mixin.py:188} INFO - [2025-11-02T19:31:41.273+0000] {dag.py:3823} INFO - Setting next_dagrun for example_subdag_operator to 2022-01-01 00:00:00+00:00, run_after=2022-01-01 00:00:00+00:00
[2025-11-02T19:31:41.283+0000] {logging_mixin.py:188} INFO - [2025-11-02T19:31:41.283+0000] {dag.py:3823} INFO - Setting next_dagrun for example_subdag_operator.section-1 to None, run_after=None
[2025-11-02T19:31:41.287+0000] {logging_mixin.py:188} INFO - [2025-11-02T19:31:41.287+0000] {dag.py:3823} INFO - Setting next_dagrun for example_subdag_operator.section-2 to None, run_after=None
[2025-11-02T19:31:41.310+0000] {logging_mixin.py:188} INFO - [2025-11-02T19:31:41.310+0000] {dag.py:3036} INFO - Sync 2 DAGs
[2025-11-02T19:31:41.326+0000] {logging_mixin.py:188} INFO - [2025-11-02T19:31:41.326+0000] {dag.py:3823} INFO - Setting next_dagrun for example_subdag_operator.section-1 to None, run_after=None
[2025-11-02T19:31:41.328+0000] {logging_mixin.py:188} INFO - [2025-11-02T19:31:41.328+0000] {dag.py:3823} INFO - Setting next_dagrun for example_subdag_operator.section-2 to None, run_after=None
[2025-11-02T19:31:41.360+0000] {processor.py:183} INFO - Processing /home/airflow/.local/lib/python3.8/site-packages/airflow/example_dags/example_subdag_operator.py took 0.292 seconds
[2025-11-02T19:32:11.984+0000] {processor.py:161} INFO - Started process (PID=7298) to work on /home/airflow/.local/lib/python3.8/site-packages/airflow/example_dags/example_subdag_operator.py
[2025-11-02T19:32:11.987+0000] {processor.py:830} INFO - Processing file /home/airflow/.local/lib/python3.8/site-packages/airflow/example_dags/example_subdag_operator.py for tasks to queue
[2025-11-02T19:32:11.995+0000] {logging_mixin.py:188} INFO - [2025-11-02T19:32:11.994+0000] {dagbag.py:538} INFO - Filling up the DagBag from /home/airflow/.local/lib/python3.8/site-packages/airflow/example_dags/example_subdag_operator.py
[2025-11-02T19:32:12.060+0000] {processor.py:840} INFO - DAG(s) 'example_subdag_operator.section-1', 'example_subdag_operator.section-2', 'example_subdag_operator' retrieved from /home/airflow/.local/lib/python3.8/site-packages/airflow/example_dags/example_subdag_operator.py
[2025-11-02T19:32:12.097+0000] {logging_mixin.py:188} INFO - [2025-11-02T19:32:12.096+0000] {dag.py:3036} INFO - Sync 3 DAGs
[2025-11-02T19:32:12.154+0000] {logging_mixin.py:188} INFO - [2025-11-02T19:32:12.153+0000] {dag.py:3823} INFO - Setting next_dagrun for example_subdag_operator to 2022-01-01 00:00:00+00:00, run_after=2022-01-01 00:00:00+00:00
[2025-11-02T19:32:12.162+0000] {logging_mixin.py:188} INFO - [2025-11-02T19:32:12.161+0000] {dag.py:3823} INFO - Setting next_dagrun for example_subdag_operator.section-1 to None, run_after=None
[2025-11-02T19:32:12.165+0000] {logging_mixin.py:188} INFO - [2025-11-02T19:32:12.165+0000] {dag.py:3823} INFO - Setting next_dagrun for example_subdag_operator.section-2 to None, run_after=None
[2025-11-02T19:32:12.189+0000] {logging_mixin.py:188} INFO - [2025-11-02T19:32:12.188+0000] {dag.py:3036} INFO - Sync 2 DAGs
[2025-11-02T19:32:12.204+0000] {logging_mixin.py:188} INFO - [2025-11-02T19:32:12.204+0000] {dag.py:3823} INFO - Setting next_dagrun for example_subdag_operator.section-1 to None, run_after=None
[2025-11-02T19:32:12.206+0000] {logging_mixin.py:188} INFO - [2025-11-02T19:32:12.206+0000] {dag.py:3823} INFO - Setting next_dagrun for example_subdag_operator.section-2 to None, run_after=None
[2025-11-02T19:32:12.239+0000] {processor.py:183} INFO - Processing /home/airflow/.local/lib/python3.8/site-packages/airflow/example_dags/example_subdag_operator.py took 0.267 seconds
[2025-11-02T19:32:42.335+0000] {processor.py:161} INFO - Started process (PID=7353) to work on /home/airflow/.local/lib/python3.8/site-packages/airflow/example_dags/example_subdag_operator.py
[2025-11-02T19:32:42.338+0000] {processor.py:830} INFO - Processing file /home/airflow/.local/lib/python3.8/site-packages/airflow/example_dags/example_subdag_operator.py for tasks to queue
[2025-11-02T19:32:42.345+0000] {logging_mixin.py:188} INFO - [2025-11-02T19:32:42.344+0000] {dagbag.py:538} INFO - Filling up the DagBag from /home/airflow/.local/lib/python3.8/site-packages/airflow/example_dags/example_subdag_operator.py
[2025-11-02T19:32:42.422+0000] {processor.py:840} INFO - DAG(s) 'example_subdag_operator.section-1', 'example_subdag_operator.section-2', 'example_subdag_operator' retrieved from /home/airflow/.local/lib/python3.8/site-packages/airflow/example_dags/example_subdag_operator.py
[2025-11-02T19:32:42.468+0000] {logging_mixin.py:188} INFO - [2025-11-02T19:32:42.468+0000] {dag.py:3036} INFO - Sync 3 DAGs
[2025-11-02T19:32:42.533+0000] {logging_mixin.py:188} INFO - [2025-11-02T19:32:42.532+0000] {dag.py:3823} INFO - Setting next_dagrun for example_subdag_operator to 2022-01-01 00:00:00+00:00, run_after=2022-01-01 00:00:00+00:00
[2025-11-02T19:32:42.551+0000] {logging_mixin.py:188} INFO - [2025-11-02T19:32:42.550+0000] {dag.py:3823} INFO - Setting next_dagrun for example_subdag_operator.section-1 to None, run_after=None
[2025-11-02T19:32:42.556+0000] {logging_mixin.py:188} INFO - [2025-11-02T19:32:42.556+0000] {dag.py:3823} INFO - Setting next_dagrun for example_subdag_operator.section-2 to None, run_after=None
[2025-11-02T19:32:42.585+0000] {logging_mixin.py:188} INFO - [2025-11-02T19:32:42.584+0000] {dag.py:3036} INFO - Sync 2 DAGs
[2025-11-02T19:32:42.600+0000] {logging_mixin.py:188} INFO - [2025-11-02T19:32:42.599+0000] {dag.py:3823} INFO - Setting next_dagrun for example_subdag_operator.section-1 to None, run_after=None
[2025-11-02T19:32:42.602+0000] {logging_mixin.py:188} INFO - [2025-11-02T19:32:42.601+0000] {dag.py:3823} INFO - Setting next_dagrun for example_subdag_operator.section-2 to None, run_after=None
[2025-11-02T19:32:42.637+0000] {processor.py:183} INFO - Processing /home/airflow/.local/lib/python3.8/site-packages/airflow/example_dags/example_subdag_operator.py took 0.313 seconds
[2025-11-02T19:33:13.111+0000] {processor.py:161} INFO - Started process (PID=7407) to work on /home/airflow/.local/lib/python3.8/site-packages/airflow/example_dags/example_subdag_operator.py
[2025-11-02T19:33:13.113+0000] {processor.py:830} INFO - Processing file /home/airflow/.local/lib/python3.8/site-packages/airflow/example_dags/example_subdag_operator.py for tasks to queue
[2025-11-02T19:33:13.118+0000] {logging_mixin.py:188} INFO - [2025-11-02T19:33:13.117+0000] {dagbag.py:538} INFO - Filling up the DagBag from /home/airflow/.local/lib/python3.8/site-packages/airflow/example_dags/example_subdag_operator.py
[2025-11-02T19:33:13.179+0000] {processor.py:840} INFO - DAG(s) 'example_subdag_operator.section-1', 'example_subdag_operator.section-2', 'example_subdag_operator' retrieved from /home/airflow/.local/lib/python3.8/site-packages/airflow/example_dags/example_subdag_operator.py
[2025-11-02T19:33:13.216+0000] {logging_mixin.py:188} INFO - [2025-11-02T19:33:13.216+0000] {dag.py:3036} INFO - Sync 3 DAGs
[2025-11-02T19:33:13.273+0000] {logging_mixin.py:188} INFO - [2025-11-02T19:33:13.273+0000] {dag.py:3823} INFO - Setting next_dagrun for example_subdag_operator to 2022-01-01 00:00:00+00:00, run_after=2022-01-01 00:00:00+00:00
[2025-11-02T19:33:13.285+0000] {logging_mixin.py:188} INFO - [2025-11-02T19:33:13.284+0000] {dag.py:3823} INFO - Setting next_dagrun for example_subdag_operator.section-1 to None, run_after=None
[2025-11-02T19:33:13.289+0000] {logging_mixin.py:188} INFO - [2025-11-02T19:33:13.289+0000] {dag.py:3823} INFO - Setting next_dagrun for example_subdag_operator.section-2 to None, run_after=None
[2025-11-02T19:33:13.306+0000] {logging_mixin.py:188} INFO - [2025-11-02T19:33:13.306+0000] {dag.py:3036} INFO - Sync 2 DAGs
[2025-11-02T19:33:13.322+0000] {logging_mixin.py:188} INFO - [2025-11-02T19:33:13.322+0000] {dag.py:3823} INFO - Setting next_dagrun for example_subdag_operator.section-1 to None, run_after=None
[2025-11-02T19:33:13.324+0000] {logging_mixin.py:188} INFO - [2025-11-02T19:33:13.324+0000] {dag.py:3823} INFO - Setting next_dagrun for example_subdag_operator.section-2 to None, run_after=None
[2025-11-02T19:33:13.358+0000] {processor.py:183} INFO - Processing /home/airflow/.local/lib/python3.8/site-packages/airflow/example_dags/example_subdag_operator.py took 0.255 seconds
[2025-11-02T19:33:43.552+0000] {processor.py:161} INFO - Started process (PID=7463) to work on /home/airflow/.local/lib/python3.8/site-packages/airflow/example_dags/example_subdag_operator.py
[2025-11-02T19:33:43.555+0000] {processor.py:830} INFO - Processing file /home/airflow/.local/lib/python3.8/site-packages/airflow/example_dags/example_subdag_operator.py for tasks to queue
[2025-11-02T19:33:43.561+0000] {logging_mixin.py:188} INFO - [2025-11-02T19:33:43.560+0000] {dagbag.py:538} INFO - Filling up the DagBag from /home/airflow/.local/lib/python3.8/site-packages/airflow/example_dags/example_subdag_operator.py
[2025-11-02T19:33:43.642+0000] {processor.py:840} INFO - DAG(s) 'example_subdag_operator.section-1', 'example_subdag_operator.section-2', 'example_subdag_operator' retrieved from /home/airflow/.local/lib/python3.8/site-packages/airflow/example_dags/example_subdag_operator.py
[2025-11-02T19:33:43.698+0000] {logging_mixin.py:188} INFO - [2025-11-02T19:33:43.697+0000] {dag.py:3036} INFO - Sync 3 DAGs
[2025-11-02T19:33:43.791+0000] {logging_mixin.py:188} INFO - [2025-11-02T19:33:43.790+0000] {dag.py:3823} INFO - Setting next_dagrun for example_subdag_operator to 2022-01-01 00:00:00+00:00, run_after=2022-01-01 00:00:00+00:00
[2025-11-02T19:33:43.804+0000] {logging_mixin.py:188} INFO - [2025-11-02T19:33:43.804+0000] {dag.py:3823} INFO - Setting next_dagrun for example_subdag_operator.section-1 to None, run_after=None
[2025-11-02T19:33:43.809+0000] {logging_mixin.py:188} INFO - [2025-11-02T19:33:43.808+0000] {dag.py:3823} INFO - Setting next_dagrun for example_subdag_operator.section-2 to None, run_after=None
[2025-11-02T19:33:43.831+0000] {logging_mixin.py:188} INFO - [2025-11-02T19:33:43.830+0000] {dag.py:3036} INFO - Sync 2 DAGs
[2025-11-02T19:33:43.843+0000] {logging_mixin.py:188} INFO - [2025-11-02T19:33:43.843+0000] {dag.py:3823} INFO - Setting next_dagrun for example_subdag_operator.section-1 to None, run_after=None
[2025-11-02T19:33:43.845+0000] {logging_mixin.py:188} INFO - [2025-11-02T19:33:43.845+0000] {dag.py:3823} INFO - Setting next_dagrun for example_subdag_operator.section-2 to None, run_after=None
[2025-11-02T19:33:43.872+0000] {processor.py:183} INFO - Processing /home/airflow/.local/lib/python3.8/site-packages/airflow/example_dags/example_subdag_operator.py took 0.336 seconds
[2025-11-02T19:34:14.467+0000] {processor.py:161} INFO - Started process (PID=7517) to work on /home/airflow/.local/lib/python3.8/site-packages/airflow/example_dags/example_subdag_operator.py
[2025-11-02T19:34:14.471+0000] {processor.py:830} INFO - Processing file /home/airflow/.local/lib/python3.8/site-packages/airflow/example_dags/example_subdag_operator.py for tasks to queue
[2025-11-02T19:34:14.477+0000] {logging_mixin.py:188} INFO - [2025-11-02T19:34:14.476+0000] {dagbag.py:538} INFO - Filling up the DagBag from /home/airflow/.local/lib/python3.8/site-packages/airflow/example_dags/example_subdag_operator.py
[2025-11-02T19:34:14.552+0000] {processor.py:840} INFO - DAG(s) 'example_subdag_operator.section-1', 'example_subdag_operator.section-2', 'example_subdag_operator' retrieved from /home/airflow/.local/lib/python3.8/site-packages/airflow/example_dags/example_subdag_operator.py
[2025-11-02T19:34:14.615+0000] {logging_mixin.py:188} INFO - [2025-11-02T19:34:14.614+0000] {dag.py:3036} INFO - Sync 3 DAGs
[2025-11-02T19:34:14.676+0000] {logging_mixin.py:188} INFO - [2025-11-02T19:34:14.676+0000] {dag.py:3823} INFO - Setting next_dagrun for example_subdag_operator to 2022-01-01 00:00:00+00:00, run_after=2022-01-01 00:00:00+00:00
[2025-11-02T19:34:14.686+0000] {logging_mixin.py:188} INFO - [2025-11-02T19:34:14.685+0000] {dag.py:3823} INFO - Setting next_dagrun for example_subdag_operator.section-1 to None, run_after=None
[2025-11-02T19:34:14.690+0000] {logging_mixin.py:188} INFO - [2025-11-02T19:34:14.690+0000] {dag.py:3823} INFO - Setting next_dagrun for example_subdag_operator.section-2 to None, run_after=None
[2025-11-02T19:34:14.712+0000] {logging_mixin.py:188} INFO - [2025-11-02T19:34:14.712+0000] {dag.py:3036} INFO - Sync 2 DAGs
[2025-11-02T19:34:14.728+0000] {logging_mixin.py:188} INFO - [2025-11-02T19:34:14.728+0000] {dag.py:3823} INFO - Setting next_dagrun for example_subdag_operator.section-1 to None, run_after=None
[2025-11-02T19:34:14.730+0000] {logging_mixin.py:188} INFO - [2025-11-02T19:34:14.730+0000] {dag.py:3823} INFO - Setting next_dagrun for example_subdag_operator.section-2 to None, run_after=None
[2025-11-02T19:34:14.763+0000] {processor.py:183} INFO - Processing /home/airflow/.local/lib/python3.8/site-packages/airflow/example_dags/example_subdag_operator.py took 0.306 seconds
[2025-11-02T19:34:45.760+0000] {processor.py:161} INFO - Started process (PID=7570) to work on /home/airflow/.local/lib/python3.8/site-packages/airflow/example_dags/example_subdag_operator.py
[2025-11-02T19:34:45.762+0000] {processor.py:830} INFO - Processing file /home/airflow/.local/lib/python3.8/site-packages/airflow/example_dags/example_subdag_operator.py for tasks to queue
[2025-11-02T19:34:45.770+0000] {logging_mixin.py:188} INFO - [2025-11-02T19:34:45.769+0000] {dagbag.py:538} INFO - Filling up the DagBag from /home/airflow/.local/lib/python3.8/site-packages/airflow/example_dags/example_subdag_operator.py
[2025-11-02T19:34:45.827+0000] {processor.py:840} INFO - DAG(s) 'example_subdag_operator.section-1', 'example_subdag_operator.section-2', 'example_subdag_operator' retrieved from /home/airflow/.local/lib/python3.8/site-packages/airflow/example_dags/example_subdag_operator.py
[2025-11-02T19:34:45.862+0000] {logging_mixin.py:188} INFO - [2025-11-02T19:34:45.861+0000] {dag.py:3036} INFO - Sync 3 DAGs
[2025-11-02T19:34:45.914+0000] {logging_mixin.py:188} INFO - [2025-11-02T19:34:45.913+0000] {dag.py:3823} INFO - Setting next_dagrun for example_subdag_operator to 2022-01-01 00:00:00+00:00, run_after=2022-01-01 00:00:00+00:00
[2025-11-02T19:34:45.923+0000] {logging_mixin.py:188} INFO - [2025-11-02T19:34:45.922+0000] {dag.py:3823} INFO - Setting next_dagrun for example_subdag_operator.section-1 to None, run_after=None
[2025-11-02T19:34:45.927+0000] {logging_mixin.py:188} INFO - [2025-11-02T19:34:45.926+0000] {dag.py:3823} INFO - Setting next_dagrun for example_subdag_operator.section-2 to None, run_after=None
[2025-11-02T19:34:45.945+0000] {logging_mixin.py:188} INFO - [2025-11-02T19:34:45.945+0000] {dag.py:3036} INFO - Sync 2 DAGs
[2025-11-02T19:34:45.961+0000] {logging_mixin.py:188} INFO - [2025-11-02T19:34:45.961+0000] {dag.py:3823} INFO - Setting next_dagrun for example_subdag_operator.section-1 to None, run_after=None
[2025-11-02T19:34:45.963+0000] {logging_mixin.py:188} INFO - [2025-11-02T19:34:45.963+0000] {dag.py:3823} INFO - Setting next_dagrun for example_subdag_operator.section-2 to None, run_after=None
[2025-11-02T19:34:46.000+0000] {processor.py:183} INFO - Processing /home/airflow/.local/lib/python3.8/site-packages/airflow/example_dags/example_subdag_operator.py took 0.251 seconds
[2025-11-02T19:35:16.390+0000] {processor.py:161} INFO - Started process (PID=7625) to work on /home/airflow/.local/lib/python3.8/site-packages/airflow/example_dags/example_subdag_operator.py
[2025-11-02T19:35:16.392+0000] {processor.py:830} INFO - Processing file /home/airflow/.local/lib/python3.8/site-packages/airflow/example_dags/example_subdag_operator.py for tasks to queue
[2025-11-02T19:35:16.399+0000] {logging_mixin.py:188} INFO - [2025-11-02T19:35:16.398+0000] {dagbag.py:538} INFO - Filling up the DagBag from /home/airflow/.local/lib/python3.8/site-packages/airflow/example_dags/example_subdag_operator.py
[2025-11-02T19:35:16.466+0000] {processor.py:840} INFO - DAG(s) 'example_subdag_operator.section-1', 'example_subdag_operator.section-2', 'example_subdag_operator' retrieved from /home/airflow/.local/lib/python3.8/site-packages/airflow/example_dags/example_subdag_operator.py
[2025-11-02T19:35:16.504+0000] {logging_mixin.py:188} INFO - [2025-11-02T19:35:16.504+0000] {dag.py:3036} INFO - Sync 3 DAGs
[2025-11-02T19:35:16.560+0000] {logging_mixin.py:188} INFO - [2025-11-02T19:35:16.559+0000] {dag.py:3823} INFO - Setting next_dagrun for example_subdag_operator to 2022-01-01 00:00:00+00:00, run_after=2022-01-01 00:00:00+00:00
[2025-11-02T19:35:16.569+0000] {logging_mixin.py:188} INFO - [2025-11-02T19:35:16.568+0000] {dag.py:3823} INFO - Setting next_dagrun for example_subdag_operator.section-1 to None, run_after=None
[2025-11-02T19:35:16.573+0000] {logging_mixin.py:188} INFO - [2025-11-02T19:35:16.572+0000] {dag.py:3823} INFO - Setting next_dagrun for example_subdag_operator.section-2 to None, run_after=None
[2025-11-02T19:35:16.593+0000] {logging_mixin.py:188} INFO - [2025-11-02T19:35:16.592+0000] {dag.py:3036} INFO - Sync 2 DAGs
[2025-11-02T19:35:16.607+0000] {logging_mixin.py:188} INFO - [2025-11-02T19:35:16.607+0000] {dag.py:3823} INFO - Setting next_dagrun for example_subdag_operator.section-1 to None, run_after=None
[2025-11-02T19:35:16.609+0000] {logging_mixin.py:188} INFO - [2025-11-02T19:35:16.609+0000] {dag.py:3823} INFO - Setting next_dagrun for example_subdag_operator.section-2 to None, run_after=None
[2025-11-02T19:35:16.649+0000] {processor.py:183} INFO - Processing /home/airflow/.local/lib/python3.8/site-packages/airflow/example_dags/example_subdag_operator.py took 0.270 seconds
[2025-11-02T19:35:46.987+0000] {processor.py:161} INFO - Started process (PID=7680) to work on /home/airflow/.local/lib/python3.8/site-packages/airflow/example_dags/example_subdag_operator.py
[2025-11-02T19:35:46.990+0000] {processor.py:830} INFO - Processing file /home/airflow/.local/lib/python3.8/site-packages/airflow/example_dags/example_subdag_operator.py for tasks to queue
[2025-11-02T19:35:47.000+0000] {logging_mixin.py:188} INFO - [2025-11-02T19:35:46.999+0000] {dagbag.py:538} INFO - Filling up the DagBag from /home/airflow/.local/lib/python3.8/site-packages/airflow/example_dags/example_subdag_operator.py
[2025-11-02T19:35:47.126+0000] {processor.py:840} INFO - DAG(s) 'example_subdag_operator.section-1', 'example_subdag_operator.section-2', 'example_subdag_operator' retrieved from /home/airflow/.local/lib/python3.8/site-packages/airflow/example_dags/example_subdag_operator.py
[2025-11-02T19:35:47.268+0000] {logging_mixin.py:188} INFO - [2025-11-02T19:35:47.268+0000] {dag.py:3036} INFO - Sync 3 DAGs
[2025-11-02T19:35:47.421+0000] {logging_mixin.py:188} INFO - [2025-11-02T19:35:47.421+0000] {dag.py:3823} INFO - Setting next_dagrun for example_subdag_operator to 2022-01-01 00:00:00+00:00, run_after=2022-01-01 00:00:00+00:00
[2025-11-02T19:35:47.434+0000] {logging_mixin.py:188} INFO - [2025-11-02T19:35:47.433+0000] {dag.py:3823} INFO - Setting next_dagrun for example_subdag_operator.section-1 to None, run_after=None
[2025-11-02T19:35:47.438+0000] {logging_mixin.py:188} INFO - [2025-11-02T19:35:47.438+0000] {dag.py:3823} INFO - Setting next_dagrun for example_subdag_operator.section-2 to None, run_after=None
[2025-11-02T19:35:47.457+0000] {logging_mixin.py:188} INFO - [2025-11-02T19:35:47.456+0000] {dag.py:3036} INFO - Sync 2 DAGs
[2025-11-02T19:35:47.472+0000] {logging_mixin.py:188} INFO - [2025-11-02T19:35:47.472+0000] {dag.py:3823} INFO - Setting next_dagrun for example_subdag_operator.section-1 to None, run_after=None
[2025-11-02T19:35:47.474+0000] {logging_mixin.py:188} INFO - [2025-11-02T19:35:47.473+0000] {dag.py:3823} INFO - Setting next_dagrun for example_subdag_operator.section-2 to None, run_after=None
[2025-11-02T19:35:47.512+0000] {processor.py:183} INFO - Processing /home/airflow/.local/lib/python3.8/site-packages/airflow/example_dags/example_subdag_operator.py took 0.556 seconds
[2025-11-02T19:36:18.082+0000] {processor.py:161} INFO - Started process (PID=7734) to work on /home/airflow/.local/lib/python3.8/site-packages/airflow/example_dags/example_subdag_operator.py
[2025-11-02T19:36:18.097+0000] {processor.py:830} INFO - Processing file /home/airflow/.local/lib/python3.8/site-packages/airflow/example_dags/example_subdag_operator.py for tasks to queue
[2025-11-02T19:36:18.111+0000] {logging_mixin.py:188} INFO - [2025-11-02T19:36:18.109+0000] {dagbag.py:538} INFO - Filling up the DagBag from /home/airflow/.local/lib/python3.8/site-packages/airflow/example_dags/example_subdag_operator.py
[2025-11-02T19:36:18.248+0000] {processor.py:840} INFO - DAG(s) 'example_subdag_operator.section-1', 'example_subdag_operator.section-2', 'example_subdag_operator' retrieved from /home/airflow/.local/lib/python3.8/site-packages/airflow/example_dags/example_subdag_operator.py
[2025-11-02T19:36:18.311+0000] {logging_mixin.py:188} INFO - [2025-11-02T19:36:18.310+0000] {dag.py:3036} INFO - Sync 3 DAGs
[2025-11-02T19:36:18.393+0000] {logging_mixin.py:188} INFO - [2025-11-02T19:36:18.393+0000] {dag.py:3823} INFO - Setting next_dagrun for example_subdag_operator to 2022-01-01 00:00:00+00:00, run_after=2022-01-01 00:00:00+00:00
[2025-11-02T19:36:18.423+0000] {logging_mixin.py:188} INFO - [2025-11-02T19:36:18.419+0000] {dag.py:3823} INFO - Setting next_dagrun for example_subdag_operator.section-1 to None, run_after=None
[2025-11-02T19:36:18.449+0000] {logging_mixin.py:188} INFO - [2025-11-02T19:36:18.449+0000] {dag.py:3823} INFO - Setting next_dagrun for example_subdag_operator.section-2 to None, run_after=None
[2025-11-02T19:36:18.508+0000] {logging_mixin.py:188} INFO - [2025-11-02T19:36:18.507+0000] {dag.py:3036} INFO - Sync 2 DAGs
[2025-11-02T19:36:18.535+0000] {logging_mixin.py:188} INFO - [2025-11-02T19:36:18.534+0000] {dag.py:3823} INFO - Setting next_dagrun for example_subdag_operator.section-1 to None, run_after=None
[2025-11-02T19:36:18.537+0000] {logging_mixin.py:188} INFO - [2025-11-02T19:36:18.536+0000] {dag.py:3823} INFO - Setting next_dagrun for example_subdag_operator.section-2 to None, run_after=None
[2025-11-02T19:36:18.631+0000] {processor.py:183} INFO - Processing /home/airflow/.local/lib/python3.8/site-packages/airflow/example_dags/example_subdag_operator.py took 0.601 seconds
[2025-11-02T19:36:49.485+0000] {processor.py:161} INFO - Started process (PID=7789) to work on /home/airflow/.local/lib/python3.8/site-packages/airflow/example_dags/example_subdag_operator.py
[2025-11-02T19:36:49.499+0000] {processor.py:830} INFO - Processing file /home/airflow/.local/lib/python3.8/site-packages/airflow/example_dags/example_subdag_operator.py for tasks to queue
[2025-11-02T19:36:49.547+0000] {logging_mixin.py:188} INFO - [2025-11-02T19:36:49.546+0000] {dagbag.py:538} INFO - Filling up the DagBag from /home/airflow/.local/lib/python3.8/site-packages/airflow/example_dags/example_subdag_operator.py
[2025-11-02T19:36:50.062+0000] {processor.py:840} INFO - DAG(s) 'example_subdag_operator.section-1', 'example_subdag_operator.section-2', 'example_subdag_operator' retrieved from /home/airflow/.local/lib/python3.8/site-packages/airflow/example_dags/example_subdag_operator.py
[2025-11-02T19:36:50.410+0000] {logging_mixin.py:188} INFO - [2025-11-02T19:36:50.410+0000] {dag.py:3036} INFO - Sync 3 DAGs
[2025-11-02T19:36:50.788+0000] {logging_mixin.py:188} INFO - [2025-11-02T19:36:50.787+0000] {dag.py:3823} INFO - Setting next_dagrun for example_subdag_operator to 2022-01-01 00:00:00+00:00, run_after=2022-01-01 00:00:00+00:00
[2025-11-02T19:36:50.836+0000] {logging_mixin.py:188} INFO - [2025-11-02T19:36:50.835+0000] {dag.py:3823} INFO - Setting next_dagrun for example_subdag_operator.section-1 to None, run_after=None
[2025-11-02T19:36:50.882+0000] {logging_mixin.py:188} INFO - [2025-11-02T19:36:50.881+0000] {dag.py:3823} INFO - Setting next_dagrun for example_subdag_operator.section-2 to None, run_after=None
[2025-11-02T19:36:51.014+0000] {logging_mixin.py:188} INFO - [2025-11-02T19:36:51.008+0000] {dag.py:3036} INFO - Sync 2 DAGs
[2025-11-02T19:36:51.100+0000] {logging_mixin.py:188} INFO - [2025-11-02T19:36:51.099+0000] {dag.py:3823} INFO - Setting next_dagrun for example_subdag_operator.section-1 to None, run_after=None
[2025-11-02T19:36:51.119+0000] {logging_mixin.py:188} INFO - [2025-11-02T19:36:51.116+0000] {dag.py:3823} INFO - Setting next_dagrun for example_subdag_operator.section-2 to None, run_after=None
[2025-11-02T19:36:51.261+0000] {processor.py:183} INFO - Processing /home/airflow/.local/lib/python3.8/site-packages/airflow/example_dags/example_subdag_operator.py took 1.811 seconds
[2025-11-02T19:37:21.681+0000] {processor.py:161} INFO - Started process (PID=7843) to work on /home/airflow/.local/lib/python3.8/site-packages/airflow/example_dags/example_subdag_operator.py
[2025-11-02T19:37:21.684+0000] {processor.py:830} INFO - Processing file /home/airflow/.local/lib/python3.8/site-packages/airflow/example_dags/example_subdag_operator.py for tasks to queue
[2025-11-02T19:37:21.689+0000] {logging_mixin.py:188} INFO - [2025-11-02T19:37:21.688+0000] {dagbag.py:538} INFO - Filling up the DagBag from /home/airflow/.local/lib/python3.8/site-packages/airflow/example_dags/example_subdag_operator.py
[2025-11-02T19:37:21.746+0000] {processor.py:840} INFO - DAG(s) 'example_subdag_operator.section-1', 'example_subdag_operator.section-2', 'example_subdag_operator' retrieved from /home/airflow/.local/lib/python3.8/site-packages/airflow/example_dags/example_subdag_operator.py
[2025-11-02T19:37:21.778+0000] {logging_mixin.py:188} INFO - [2025-11-02T19:37:21.777+0000] {dag.py:3036} INFO - Sync 3 DAGs
[2025-11-02T19:37:21.822+0000] {logging_mixin.py:188} INFO - [2025-11-02T19:37:21.821+0000] {dag.py:3823} INFO - Setting next_dagrun for example_subdag_operator to 2022-01-01 00:00:00+00:00, run_after=2022-01-01 00:00:00+00:00
[2025-11-02T19:37:21.829+0000] {logging_mixin.py:188} INFO - [2025-11-02T19:37:21.829+0000] {dag.py:3823} INFO - Setting next_dagrun for example_subdag_operator.section-1 to None, run_after=None
[2025-11-02T19:37:21.833+0000] {logging_mixin.py:188} INFO - [2025-11-02T19:37:21.832+0000] {dag.py:3823} INFO - Setting next_dagrun for example_subdag_operator.section-2 to None, run_after=None
[2025-11-02T19:37:21.847+0000] {logging_mixin.py:188} INFO - [2025-11-02T19:37:21.847+0000] {dag.py:3036} INFO - Sync 2 DAGs
[2025-11-02T19:37:21.858+0000] {logging_mixin.py:188} INFO - [2025-11-02T19:37:21.858+0000] {dag.py:3823} INFO - Setting next_dagrun for example_subdag_operator.section-1 to None, run_after=None
[2025-11-02T19:37:21.860+0000] {logging_mixin.py:188} INFO - [2025-11-02T19:37:21.859+0000] {dag.py:3823} INFO - Setting next_dagrun for example_subdag_operator.section-2 to None, run_after=None
[2025-11-02T19:37:21.888+0000] {processor.py:183} INFO - Processing /home/airflow/.local/lib/python3.8/site-packages/airflow/example_dags/example_subdag_operator.py took 0.216 seconds
[2025-11-02T19:37:52.592+0000] {processor.py:161} INFO - Started process (PID=7898) to work on /home/airflow/.local/lib/python3.8/site-packages/airflow/example_dags/example_subdag_operator.py
[2025-11-02T19:37:52.595+0000] {processor.py:830} INFO - Processing file /home/airflow/.local/lib/python3.8/site-packages/airflow/example_dags/example_subdag_operator.py for tasks to queue
[2025-11-02T19:37:52.601+0000] {logging_mixin.py:188} INFO - [2025-11-02T19:37:52.600+0000] {dagbag.py:538} INFO - Filling up the DagBag from /home/airflow/.local/lib/python3.8/site-packages/airflow/example_dags/example_subdag_operator.py
[2025-11-02T19:37:52.651+0000] {processor.py:840} INFO - DAG(s) 'example_subdag_operator.section-1', 'example_subdag_operator.section-2', 'example_subdag_operator' retrieved from /home/airflow/.local/lib/python3.8/site-packages/airflow/example_dags/example_subdag_operator.py
[2025-11-02T19:37:52.682+0000] {logging_mixin.py:188} INFO - [2025-11-02T19:37:52.682+0000] {dag.py:3036} INFO - Sync 3 DAGs
[2025-11-02T19:37:52.724+0000] {logging_mixin.py:188} INFO - [2025-11-02T19:37:52.724+0000] {dag.py:3823} INFO - Setting next_dagrun for example_subdag_operator to 2022-01-01 00:00:00+00:00, run_after=2022-01-01 00:00:00+00:00
[2025-11-02T19:37:52.732+0000] {logging_mixin.py:188} INFO - [2025-11-02T19:37:52.731+0000] {dag.py:3823} INFO - Setting next_dagrun for example_subdag_operator.section-1 to None, run_after=None
[2025-11-02T19:37:52.735+0000] {logging_mixin.py:188} INFO - [2025-11-02T19:37:52.734+0000] {dag.py:3823} INFO - Setting next_dagrun for example_subdag_operator.section-2 to None, run_after=None
[2025-11-02T19:37:52.749+0000] {logging_mixin.py:188} INFO - [2025-11-02T19:37:52.749+0000] {dag.py:3036} INFO - Sync 2 DAGs
[2025-11-02T19:37:52.762+0000] {logging_mixin.py:188} INFO - [2025-11-02T19:37:52.762+0000] {dag.py:3823} INFO - Setting next_dagrun for example_subdag_operator.section-1 to None, run_after=None
[2025-11-02T19:37:52.763+0000] {logging_mixin.py:188} INFO - [2025-11-02T19:37:52.763+0000] {dag.py:3823} INFO - Setting next_dagrun for example_subdag_operator.section-2 to None, run_after=None
[2025-11-02T19:37:52.788+0000] {processor.py:183} INFO - Processing /home/airflow/.local/lib/python3.8/site-packages/airflow/example_dags/example_subdag_operator.py took 0.203 seconds
[2025-11-02T19:38:23.127+0000] {processor.py:161} INFO - Started process (PID=7953) to work on /home/airflow/.local/lib/python3.8/site-packages/airflow/example_dags/example_subdag_operator.py
[2025-11-02T19:38:23.131+0000] {processor.py:830} INFO - Processing file /home/airflow/.local/lib/python3.8/site-packages/airflow/example_dags/example_subdag_operator.py for tasks to queue
[2025-11-02T19:38:23.138+0000] {logging_mixin.py:188} INFO - [2025-11-02T19:38:23.138+0000] {dagbag.py:538} INFO - Filling up the DagBag from /home/airflow/.local/lib/python3.8/site-packages/airflow/example_dags/example_subdag_operator.py
[2025-11-02T19:38:23.197+0000] {processor.py:840} INFO - DAG(s) 'example_subdag_operator.section-1', 'example_subdag_operator.section-2', 'example_subdag_operator' retrieved from /home/airflow/.local/lib/python3.8/site-packages/airflow/example_dags/example_subdag_operator.py
[2025-11-02T19:38:23.233+0000] {logging_mixin.py:188} INFO - [2025-11-02T19:38:23.232+0000] {dag.py:3036} INFO - Sync 3 DAGs
[2025-11-02T19:38:23.282+0000] {logging_mixin.py:188} INFO - [2025-11-02T19:38:23.282+0000] {dag.py:3823} INFO - Setting next_dagrun for example_subdag_operator to 2022-01-01 00:00:00+00:00, run_after=2022-01-01 00:00:00+00:00
[2025-11-02T19:38:23.293+0000] {logging_mixin.py:188} INFO - [2025-11-02T19:38:23.292+0000] {dag.py:3823} INFO - Setting next_dagrun for example_subdag_operator.section-1 to None, run_after=None
[2025-11-02T19:38:23.296+0000] {logging_mixin.py:188} INFO - [2025-11-02T19:38:23.296+0000] {dag.py:3823} INFO - Setting next_dagrun for example_subdag_operator.section-2 to None, run_after=None
[2025-11-02T19:38:23.311+0000] {logging_mixin.py:188} INFO - [2025-11-02T19:38:23.311+0000] {dag.py:3036} INFO - Sync 2 DAGs
[2025-11-02T19:38:23.323+0000] {logging_mixin.py:188} INFO - [2025-11-02T19:38:23.322+0000] {dag.py:3823} INFO - Setting next_dagrun for example_subdag_operator.section-1 to None, run_after=None
[2025-11-02T19:38:23.325+0000] {logging_mixin.py:188} INFO - [2025-11-02T19:38:23.324+0000] {dag.py:3823} INFO - Setting next_dagrun for example_subdag_operator.section-2 to None, run_after=None
[2025-11-02T19:38:23.362+0000] {processor.py:183} INFO - Processing /home/airflow/.local/lib/python3.8/site-packages/airflow/example_dags/example_subdag_operator.py took 0.244 seconds
[2025-11-02T19:38:53.892+0000] {processor.py:161} INFO - Started process (PID=8009) to work on /home/airflow/.local/lib/python3.8/site-packages/airflow/example_dags/example_subdag_operator.py
[2025-11-02T19:38:53.896+0000] {processor.py:830} INFO - Processing file /home/airflow/.local/lib/python3.8/site-packages/airflow/example_dags/example_subdag_operator.py for tasks to queue
[2025-11-02T19:38:53.905+0000] {logging_mixin.py:188} INFO - [2025-11-02T19:38:53.904+0000] {dagbag.py:538} INFO - Filling up the DagBag from /home/airflow/.local/lib/python3.8/site-packages/airflow/example_dags/example_subdag_operator.py
[2025-11-02T19:38:53.984+0000] {processor.py:840} INFO - DAG(s) 'example_subdag_operator.section-1', 'example_subdag_operator.section-2', 'example_subdag_operator' retrieved from /home/airflow/.local/lib/python3.8/site-packages/airflow/example_dags/example_subdag_operator.py
[2025-11-02T19:38:54.028+0000] {logging_mixin.py:188} INFO - [2025-11-02T19:38:54.027+0000] {dag.py:3036} INFO - Sync 3 DAGs
[2025-11-02T19:38:54.078+0000] {logging_mixin.py:188} INFO - [2025-11-02T19:38:54.077+0000] {dag.py:3823} INFO - Setting next_dagrun for example_subdag_operator to 2022-01-01 00:00:00+00:00, run_after=2022-01-01 00:00:00+00:00
[2025-11-02T19:38:54.085+0000] {logging_mixin.py:188} INFO - [2025-11-02T19:38:54.085+0000] {dag.py:3823} INFO - Setting next_dagrun for example_subdag_operator.section-1 to None, run_after=None
[2025-11-02T19:38:54.088+0000] {logging_mixin.py:188} INFO - [2025-11-02T19:38:54.088+0000] {dag.py:3823} INFO - Setting next_dagrun for example_subdag_operator.section-2 to None, run_after=None
[2025-11-02T19:38:54.107+0000] {logging_mixin.py:188} INFO - [2025-11-02T19:38:54.106+0000] {dag.py:3036} INFO - Sync 2 DAGs
[2025-11-02T19:38:54.123+0000] {logging_mixin.py:188} INFO - [2025-11-02T19:38:54.123+0000] {dag.py:3823} INFO - Setting next_dagrun for example_subdag_operator.section-1 to None, run_after=None
[2025-11-02T19:38:54.125+0000] {logging_mixin.py:188} INFO - [2025-11-02T19:38:54.125+0000] {dag.py:3823} INFO - Setting next_dagrun for example_subdag_operator.section-2 to None, run_after=None
[2025-11-02T19:38:54.165+0000] {processor.py:183} INFO - Processing /home/airflow/.local/lib/python3.8/site-packages/airflow/example_dags/example_subdag_operator.py took 0.281 seconds
[2025-11-02T19:39:24.514+0000] {processor.py:161} INFO - Started process (PID=8065) to work on /home/airflow/.local/lib/python3.8/site-packages/airflow/example_dags/example_subdag_operator.py
[2025-11-02T19:39:24.518+0000] {processor.py:830} INFO - Processing file /home/airflow/.local/lib/python3.8/site-packages/airflow/example_dags/example_subdag_operator.py for tasks to queue
[2025-11-02T19:39:24.525+0000] {logging_mixin.py:188} INFO - [2025-11-02T19:39:24.523+0000] {dagbag.py:538} INFO - Filling up the DagBag from /home/airflow/.local/lib/python3.8/site-packages/airflow/example_dags/example_subdag_operator.py
[2025-11-02T19:39:24.674+0000] {processor.py:840} INFO - DAG(s) 'example_subdag_operator.section-1', 'example_subdag_operator.section-2', 'example_subdag_operator' retrieved from /home/airflow/.local/lib/python3.8/site-packages/airflow/example_dags/example_subdag_operator.py
[2025-11-02T19:39:24.737+0000] {logging_mixin.py:188} INFO - [2025-11-02T19:39:24.736+0000] {dag.py:3036} INFO - Sync 3 DAGs
[2025-11-02T19:39:24.809+0000] {logging_mixin.py:188} INFO - [2025-11-02T19:39:24.808+0000] {dag.py:3823} INFO - Setting next_dagrun for example_subdag_operator to 2022-01-01 00:00:00+00:00, run_after=2022-01-01 00:00:00+00:00
[2025-11-02T19:39:24.837+0000] {logging_mixin.py:188} INFO - [2025-11-02T19:39:24.836+0000] {dag.py:3823} INFO - Setting next_dagrun for example_subdag_operator.section-1 to None, run_after=None
[2025-11-02T19:39:24.845+0000] {logging_mixin.py:188} INFO - [2025-11-02T19:39:24.844+0000] {dag.py:3823} INFO - Setting next_dagrun for example_subdag_operator.section-2 to None, run_after=None
[2025-11-02T19:39:24.870+0000] {logging_mixin.py:188} INFO - [2025-11-02T19:39:24.869+0000] {dag.py:3036} INFO - Sync 2 DAGs
[2025-11-02T19:39:24.890+0000] {logging_mixin.py:188} INFO - [2025-11-02T19:39:24.890+0000] {dag.py:3823} INFO - Setting next_dagrun for example_subdag_operator.section-1 to None, run_after=None
[2025-11-02T19:39:24.892+0000] {logging_mixin.py:188} INFO - [2025-11-02T19:39:24.892+0000] {dag.py:3823} INFO - Setting next_dagrun for example_subdag_operator.section-2 to None, run_after=None
[2025-11-02T19:39:24.933+0000] {processor.py:183} INFO - Processing /home/airflow/.local/lib/python3.8/site-packages/airflow/example_dags/example_subdag_operator.py took 0.433 seconds
[2025-11-02T19:39:55.311+0000] {processor.py:161} INFO - Started process (PID=8120) to work on /home/airflow/.local/lib/python3.8/site-packages/airflow/example_dags/example_subdag_operator.py
[2025-11-02T19:39:55.313+0000] {processor.py:830} INFO - Processing file /home/airflow/.local/lib/python3.8/site-packages/airflow/example_dags/example_subdag_operator.py for tasks to queue
[2025-11-02T19:39:55.317+0000] {logging_mixin.py:188} INFO - [2025-11-02T19:39:55.317+0000] {dagbag.py:538} INFO - Filling up the DagBag from /home/airflow/.local/lib/python3.8/site-packages/airflow/example_dags/example_subdag_operator.py
[2025-11-02T19:39:55.375+0000] {processor.py:840} INFO - DAG(s) 'example_subdag_operator.section-1', 'example_subdag_operator.section-2', 'example_subdag_operator' retrieved from /home/airflow/.local/lib/python3.8/site-packages/airflow/example_dags/example_subdag_operator.py
[2025-11-02T19:39:55.413+0000] {logging_mixin.py:188} INFO - [2025-11-02T19:39:55.412+0000] {dag.py:3036} INFO - Sync 3 DAGs
[2025-11-02T19:39:55.465+0000] {logging_mixin.py:188} INFO - [2025-11-02T19:39:55.465+0000] {dag.py:3823} INFO - Setting next_dagrun for example_subdag_operator to 2022-01-01 00:00:00+00:00, run_after=2022-01-01 00:00:00+00:00
[2025-11-02T19:39:55.473+0000] {logging_mixin.py:188} INFO - [2025-11-02T19:39:55.473+0000] {dag.py:3823} INFO - Setting next_dagrun for example_subdag_operator.section-1 to None, run_after=None
[2025-11-02T19:39:55.476+0000] {logging_mixin.py:188} INFO - [2025-11-02T19:39:55.476+0000] {dag.py:3823} INFO - Setting next_dagrun for example_subdag_operator.section-2 to None, run_after=None
[2025-11-02T19:39:55.491+0000] {logging_mixin.py:188} INFO - [2025-11-02T19:39:55.490+0000] {dag.py:3036} INFO - Sync 2 DAGs
[2025-11-02T19:39:55.504+0000] {logging_mixin.py:188} INFO - [2025-11-02T19:39:55.503+0000] {dag.py:3823} INFO - Setting next_dagrun for example_subdag_operator.section-1 to None, run_after=None
[2025-11-02T19:39:55.505+0000] {logging_mixin.py:188} INFO - [2025-11-02T19:39:55.505+0000] {dag.py:3823} INFO - Setting next_dagrun for example_subdag_operator.section-2 to None, run_after=None
[2025-11-02T19:39:55.533+0000] {processor.py:183} INFO - Processing /home/airflow/.local/lib/python3.8/site-packages/airflow/example_dags/example_subdag_operator.py took 0.230 seconds
[2025-11-02T19:40:26.048+0000] {processor.py:161} INFO - Started process (PID=8175) to work on /home/airflow/.local/lib/python3.8/site-packages/airflow/example_dags/example_subdag_operator.py
[2025-11-02T19:40:26.051+0000] {processor.py:830} INFO - Processing file /home/airflow/.local/lib/python3.8/site-packages/airflow/example_dags/example_subdag_operator.py for tasks to queue
[2025-11-02T19:40:26.057+0000] {logging_mixin.py:188} INFO - [2025-11-02T19:40:26.057+0000] {dagbag.py:538} INFO - Filling up the DagBag from /home/airflow/.local/lib/python3.8/site-packages/airflow/example_dags/example_subdag_operator.py
[2025-11-02T19:40:26.128+0000] {processor.py:840} INFO - DAG(s) 'example_subdag_operator.section-1', 'example_subdag_operator.section-2', 'example_subdag_operator' retrieved from /home/airflow/.local/lib/python3.8/site-packages/airflow/example_dags/example_subdag_operator.py
[2025-11-02T19:40:26.237+0000] {logging_mixin.py:188} INFO - [2025-11-02T19:40:26.237+0000] {dag.py:3036} INFO - Sync 3 DAGs
[2025-11-02T19:40:26.280+0000] {logging_mixin.py:188} INFO - [2025-11-02T19:40:26.280+0000] {dag.py:3823} INFO - Setting next_dagrun for example_subdag_operator to 2022-01-01 00:00:00+00:00, run_after=2022-01-01 00:00:00+00:00
[2025-11-02T19:40:26.287+0000] {logging_mixin.py:188} INFO - [2025-11-02T19:40:26.287+0000] {dag.py:3823} INFO - Setting next_dagrun for example_subdag_operator.section-1 to None, run_after=None
[2025-11-02T19:40:26.290+0000] {logging_mixin.py:188} INFO - [2025-11-02T19:40:26.290+0000] {dag.py:3823} INFO - Setting next_dagrun for example_subdag_operator.section-2 to None, run_after=None
[2025-11-02T19:40:26.305+0000] {logging_mixin.py:188} INFO - [2025-11-02T19:40:26.305+0000] {dag.py:3036} INFO - Sync 2 DAGs
[2025-11-02T19:40:26.315+0000] {logging_mixin.py:188} INFO - [2025-11-02T19:40:26.315+0000] {dag.py:3823} INFO - Setting next_dagrun for example_subdag_operator.section-1 to None, run_after=None
[2025-11-02T19:40:26.317+0000] {logging_mixin.py:188} INFO - [2025-11-02T19:40:26.316+0000] {dag.py:3823} INFO - Setting next_dagrun for example_subdag_operator.section-2 to None, run_after=None
[2025-11-02T19:40:26.339+0000] {processor.py:183} INFO - Processing /home/airflow/.local/lib/python3.8/site-packages/airflow/example_dags/example_subdag_operator.py took 0.304 seconds
[2025-11-02T19:40:57.407+0000] {processor.py:161} INFO - Started process (PID=8230) to work on /home/airflow/.local/lib/python3.8/site-packages/airflow/example_dags/example_subdag_operator.py
[2025-11-02T19:40:57.413+0000] {processor.py:830} INFO - Processing file /home/airflow/.local/lib/python3.8/site-packages/airflow/example_dags/example_subdag_operator.py for tasks to queue
[2025-11-02T19:40:57.421+0000] {logging_mixin.py:188} INFO - [2025-11-02T19:40:57.420+0000] {dagbag.py:538} INFO - Filling up the DagBag from /home/airflow/.local/lib/python3.8/site-packages/airflow/example_dags/example_subdag_operator.py
[2025-11-02T19:40:57.520+0000] {processor.py:840} INFO - DAG(s) 'example_subdag_operator.section-1', 'example_subdag_operator.section-2', 'example_subdag_operator' retrieved from /home/airflow/.local/lib/python3.8/site-packages/airflow/example_dags/example_subdag_operator.py
[2025-11-02T19:40:57.652+0000] {logging_mixin.py:188} INFO - [2025-11-02T19:40:57.651+0000] {dag.py:3036} INFO - Sync 3 DAGs
[2025-11-02T19:40:57.759+0000] {logging_mixin.py:188} INFO - [2025-11-02T19:40:57.758+0000] {dag.py:3823} INFO - Setting next_dagrun for example_subdag_operator to 2022-01-01 00:00:00+00:00, run_after=2022-01-01 00:00:00+00:00
[2025-11-02T19:40:57.768+0000] {logging_mixin.py:188} INFO - [2025-11-02T19:40:57.767+0000] {dag.py:3823} INFO - Setting next_dagrun for example_subdag_operator.section-1 to None, run_after=None
[2025-11-02T19:40:57.773+0000] {logging_mixin.py:188} INFO - [2025-11-02T19:40:57.772+0000] {dag.py:3823} INFO - Setting next_dagrun for example_subdag_operator.section-2 to None, run_after=None
[2025-11-02T19:40:57.800+0000] {logging_mixin.py:188} INFO - [2025-11-02T19:40:57.799+0000] {dag.py:3036} INFO - Sync 2 DAGs
[2025-11-02T19:40:57.819+0000] {logging_mixin.py:188} INFO - [2025-11-02T19:40:57.818+0000] {dag.py:3823} INFO - Setting next_dagrun for example_subdag_operator.section-1 to None, run_after=None
[2025-11-02T19:40:57.825+0000] {logging_mixin.py:188} INFO - [2025-11-02T19:40:57.824+0000] {dag.py:3823} INFO - Setting next_dagrun for example_subdag_operator.section-2 to None, run_after=None
[2025-11-02T19:40:57.866+0000] {processor.py:183} INFO - Processing /home/airflow/.local/lib/python3.8/site-packages/airflow/example_dags/example_subdag_operator.py took 0.497 seconds
[2025-11-02T19:41:28.685+0000] {processor.py:161} INFO - Started process (PID=8285) to work on /home/airflow/.local/lib/python3.8/site-packages/airflow/example_dags/example_subdag_operator.py
[2025-11-02T19:41:28.689+0000] {processor.py:830} INFO - Processing file /home/airflow/.local/lib/python3.8/site-packages/airflow/example_dags/example_subdag_operator.py for tasks to queue
[2025-11-02T19:41:28.698+0000] {logging_mixin.py:188} INFO - [2025-11-02T19:41:28.696+0000] {dagbag.py:538} INFO - Filling up the DagBag from /home/airflow/.local/lib/python3.8/site-packages/airflow/example_dags/example_subdag_operator.py
[2025-11-02T19:41:28.786+0000] {processor.py:840} INFO - DAG(s) 'example_subdag_operator.section-1', 'example_subdag_operator.section-2', 'example_subdag_operator' retrieved from /home/airflow/.local/lib/python3.8/site-packages/airflow/example_dags/example_subdag_operator.py
[2025-11-02T19:41:28.831+0000] {logging_mixin.py:188} INFO - [2025-11-02T19:41:28.830+0000] {dag.py:3036} INFO - Sync 3 DAGs
[2025-11-02T19:41:28.909+0000] {logging_mixin.py:188} INFO - [2025-11-02T19:41:28.908+0000] {dag.py:3823} INFO - Setting next_dagrun for example_subdag_operator to 2022-01-01 00:00:00+00:00, run_after=2022-01-01 00:00:00+00:00
[2025-11-02T19:41:28.922+0000] {logging_mixin.py:188} INFO - [2025-11-02T19:41:28.922+0000] {dag.py:3823} INFO - Setting next_dagrun for example_subdag_operator.section-1 to None, run_after=None
[2025-11-02T19:41:28.928+0000] {logging_mixin.py:188} INFO - [2025-11-02T19:41:28.927+0000] {dag.py:3823} INFO - Setting next_dagrun for example_subdag_operator.section-2 to None, run_after=None
[2025-11-02T19:41:28.950+0000] {logging_mixin.py:188} INFO - [2025-11-02T19:41:28.949+0000] {dag.py:3036} INFO - Sync 2 DAGs
[2025-11-02T19:41:28.964+0000] {logging_mixin.py:188} INFO - [2025-11-02T19:41:28.964+0000] {dag.py:3823} INFO - Setting next_dagrun for example_subdag_operator.section-1 to None, run_after=None
[2025-11-02T19:41:28.966+0000] {logging_mixin.py:188} INFO - [2025-11-02T19:41:28.966+0000] {dag.py:3823} INFO - Setting next_dagrun for example_subdag_operator.section-2 to None, run_after=None
[2025-11-02T19:41:29.042+0000] {processor.py:183} INFO - Processing /home/airflow/.local/lib/python3.8/site-packages/airflow/example_dags/example_subdag_operator.py took 0.370 seconds
[2025-11-02T19:41:59.221+0000] {processor.py:161} INFO - Started process (PID=8339) to work on /home/airflow/.local/lib/python3.8/site-packages/airflow/example_dags/example_subdag_operator.py
[2025-11-02T19:41:59.224+0000] {processor.py:830} INFO - Processing file /home/airflow/.local/lib/python3.8/site-packages/airflow/example_dags/example_subdag_operator.py for tasks to queue
[2025-11-02T19:41:59.229+0000] {logging_mixin.py:188} INFO - [2025-11-02T19:41:59.228+0000] {dagbag.py:538} INFO - Filling up the DagBag from /home/airflow/.local/lib/python3.8/site-packages/airflow/example_dags/example_subdag_operator.py
[2025-11-02T19:41:59.285+0000] {processor.py:840} INFO - DAG(s) 'example_subdag_operator.section-1', 'example_subdag_operator.section-2', 'example_subdag_operator' retrieved from /home/airflow/.local/lib/python3.8/site-packages/airflow/example_dags/example_subdag_operator.py
[2025-11-02T19:41:59.317+0000] {logging_mixin.py:188} INFO - [2025-11-02T19:41:59.316+0000] {dag.py:3036} INFO - Sync 3 DAGs
[2025-11-02T19:41:59.380+0000] {logging_mixin.py:188} INFO - [2025-11-02T19:41:59.379+0000] {dag.py:3823} INFO - Setting next_dagrun for example_subdag_operator to 2022-01-01 00:00:00+00:00, run_after=2022-01-01 00:00:00+00:00
[2025-11-02T19:41:59.390+0000] {logging_mixin.py:188} INFO - [2025-11-02T19:41:59.389+0000] {dag.py:3823} INFO - Setting next_dagrun for example_subdag_operator.section-1 to None, run_after=None
[2025-11-02T19:41:59.394+0000] {logging_mixin.py:188} INFO - [2025-11-02T19:41:59.393+0000] {dag.py:3823} INFO - Setting next_dagrun for example_subdag_operator.section-2 to None, run_after=None
[2025-11-02T19:41:59.410+0000] {logging_mixin.py:188} INFO - [2025-11-02T19:41:59.409+0000] {dag.py:3036} INFO - Sync 2 DAGs
[2025-11-02T19:41:59.424+0000] {logging_mixin.py:188} INFO - [2025-11-02T19:41:59.423+0000] {dag.py:3823} INFO - Setting next_dagrun for example_subdag_operator.section-1 to None, run_after=None
[2025-11-02T19:41:59.425+0000] {logging_mixin.py:188} INFO - [2025-11-02T19:41:59.425+0000] {dag.py:3823} INFO - Setting next_dagrun for example_subdag_operator.section-2 to None, run_after=None
[2025-11-02T19:41:59.483+0000] {processor.py:183} INFO - Processing /home/airflow/.local/lib/python3.8/site-packages/airflow/example_dags/example_subdag_operator.py took 0.273 seconds
[2025-11-02T19:42:30.220+0000] {processor.py:161} INFO - Started process (PID=8394) to work on /home/airflow/.local/lib/python3.8/site-packages/airflow/example_dags/example_subdag_operator.py
[2025-11-02T19:42:30.223+0000] {processor.py:830} INFO - Processing file /home/airflow/.local/lib/python3.8/site-packages/airflow/example_dags/example_subdag_operator.py for tasks to queue
[2025-11-02T19:42:30.228+0000] {logging_mixin.py:188} INFO - [2025-11-02T19:42:30.228+0000] {dagbag.py:538} INFO - Filling up the DagBag from /home/airflow/.local/lib/python3.8/site-packages/airflow/example_dags/example_subdag_operator.py
[2025-11-02T19:42:30.304+0000] {processor.py:840} INFO - DAG(s) 'example_subdag_operator.section-1', 'example_subdag_operator.section-2', 'example_subdag_operator' retrieved from /home/airflow/.local/lib/python3.8/site-packages/airflow/example_dags/example_subdag_operator.py
[2025-11-02T19:42:30.348+0000] {logging_mixin.py:188} INFO - [2025-11-02T19:42:30.348+0000] {dag.py:3036} INFO - Sync 3 DAGs
[2025-11-02T19:42:30.427+0000] {logging_mixin.py:188} INFO - [2025-11-02T19:42:30.426+0000] {dag.py:3823} INFO - Setting next_dagrun for example_subdag_operator to 2022-01-01 00:00:00+00:00, run_after=2022-01-01 00:00:00+00:00
[2025-11-02T19:42:30.444+0000] {logging_mixin.py:188} INFO - [2025-11-02T19:42:30.441+0000] {dag.py:3823} INFO - Setting next_dagrun for example_subdag_operator.section-1 to None, run_after=None
[2025-11-02T19:42:30.455+0000] {logging_mixin.py:188} INFO - [2025-11-02T19:42:30.451+0000] {dag.py:3823} INFO - Setting next_dagrun for example_subdag_operator.section-2 to None, run_after=None
[2025-11-02T19:42:30.484+0000] {logging_mixin.py:188} INFO - [2025-11-02T19:42:30.483+0000] {dag.py:3036} INFO - Sync 2 DAGs
[2025-11-02T19:42:30.502+0000] {logging_mixin.py:188} INFO - [2025-11-02T19:42:30.501+0000] {dag.py:3823} INFO - Setting next_dagrun for example_subdag_operator.section-1 to None, run_after=None
[2025-11-02T19:42:30.505+0000] {logging_mixin.py:188} INFO - [2025-11-02T19:42:30.505+0000] {dag.py:3823} INFO - Setting next_dagrun for example_subdag_operator.section-2 to None, run_after=None
[2025-11-02T19:42:30.535+0000] {processor.py:183} INFO - Processing /home/airflow/.local/lib/python3.8/site-packages/airflow/example_dags/example_subdag_operator.py took 0.329 seconds
