[2025-11-02T18:24:38.891+0000] {processor.py:161} INFO - Started process (PID=107) to work on /home/airflow/.local/lib/python3.8/site-packages/airflow/example_dags/example_setup_teardown_taskflow.py
[2025-11-02T18:24:38.895+0000] {processor.py:830} INFO - Processing file /home/airflow/.local/lib/python3.8/site-packages/airflow/example_dags/example_setup_teardown_taskflow.py for tasks to queue
[2025-11-02T18:24:38.910+0000] {logging_mixin.py:188} INFO - [2025-11-02T18:24:38.907+0000] {dagbag.py:538} INFO - Filling up the DagBag from /home/airflow/.local/lib/python3.8/site-packages/airflow/example_dags/example_setup_teardown_taskflow.py
[2025-11-02T18:24:38.950+0000] {processor.py:840} INFO - DAG(s) 'example_setup_teardown_taskflow' retrieved from /home/airflow/.local/lib/python3.8/site-packages/airflow/example_dags/example_setup_teardown_taskflow.py
[2025-11-02T18:24:40.170+0000] {logging_mixin.py:188} INFO - [2025-11-02T18:24:40.169+0000] {dag.py:3036} INFO - Sync 1 DAGs
[2025-11-02T18:24:40.349+0000] {logging_mixin.py:188} INFO - [2025-11-02T18:24:40.348+0000] {dag.py:3823} INFO - Setting next_dagrun for example_setup_teardown_taskflow to 2025-11-01 00:00:00+00:00, run_after=2025-11-02 00:00:00+00:00
[2025-11-02T18:24:41.638+0000] {processor.py:183} INFO - Processing /home/airflow/.local/lib/python3.8/site-packages/airflow/example_dags/example_setup_teardown_taskflow.py took 2.761 seconds
[2025-11-02T18:25:12.167+0000] {processor.py:161} INFO - Started process (PID=162) to work on /home/airflow/.local/lib/python3.8/site-packages/airflow/example_dags/example_setup_teardown_taskflow.py
[2025-11-02T18:25:12.170+0000] {processor.py:830} INFO - Processing file /home/airflow/.local/lib/python3.8/site-packages/airflow/example_dags/example_setup_teardown_taskflow.py for tasks to queue
[2025-11-02T18:25:12.175+0000] {logging_mixin.py:188} INFO - [2025-11-02T18:25:12.175+0000] {dagbag.py:538} INFO - Filling up the DagBag from /home/airflow/.local/lib/python3.8/site-packages/airflow/example_dags/example_setup_teardown_taskflow.py
[2025-11-02T18:25:12.206+0000] {processor.py:840} INFO - DAG(s) 'example_setup_teardown_taskflow' retrieved from /home/airflow/.local/lib/python3.8/site-packages/airflow/example_dags/example_setup_teardown_taskflow.py
[2025-11-02T18:25:12.259+0000] {logging_mixin.py:188} INFO - [2025-11-02T18:25:12.258+0000] {dag.py:3036} INFO - Sync 1 DAGs
[2025-11-02T18:25:12.310+0000] {logging_mixin.py:188} INFO - [2025-11-02T18:25:12.309+0000] {dag.py:3823} INFO - Setting next_dagrun for example_setup_teardown_taskflow to 2025-11-01 00:00:00+00:00, run_after=2025-11-02 00:00:00+00:00
[2025-11-02T18:25:12.389+0000] {processor.py:183} INFO - Processing /home/airflow/.local/lib/python3.8/site-packages/airflow/example_dags/example_setup_teardown_taskflow.py took 0.231 seconds
[2025-11-02T18:25:42.451+0000] {processor.py:161} INFO - Started process (PID=217) to work on /home/airflow/.local/lib/python3.8/site-packages/airflow/example_dags/example_setup_teardown_taskflow.py
[2025-11-02T18:25:42.454+0000] {processor.py:830} INFO - Processing file /home/airflow/.local/lib/python3.8/site-packages/airflow/example_dags/example_setup_teardown_taskflow.py for tasks to queue
[2025-11-02T18:25:42.459+0000] {logging_mixin.py:188} INFO - [2025-11-02T18:25:42.458+0000] {dagbag.py:538} INFO - Filling up the DagBag from /home/airflow/.local/lib/python3.8/site-packages/airflow/example_dags/example_setup_teardown_taskflow.py
[2025-11-02T18:25:42.489+0000] {processor.py:840} INFO - DAG(s) 'example_setup_teardown_taskflow' retrieved from /home/airflow/.local/lib/python3.8/site-packages/airflow/example_dags/example_setup_teardown_taskflow.py
[2025-11-02T18:25:42.544+0000] {logging_mixin.py:188} INFO - [2025-11-02T18:25:42.544+0000] {dag.py:3036} INFO - Sync 1 DAGs
[2025-11-02T18:25:42.601+0000] {logging_mixin.py:188} INFO - [2025-11-02T18:25:42.600+0000] {dag.py:3823} INFO - Setting next_dagrun for example_setup_teardown_taskflow to 2025-11-01 00:00:00+00:00, run_after=2025-11-02 00:00:00+00:00
[2025-11-02T18:25:42.638+0000] {processor.py:183} INFO - Processing /home/airflow/.local/lib/python3.8/site-packages/airflow/example_dags/example_setup_teardown_taskflow.py took 0.196 seconds
[2025-11-02T18:26:16.379+0000] {processor.py:161} INFO - Started process (PID=272) to work on /home/airflow/.local/lib/python3.8/site-packages/airflow/example_dags/example_setup_teardown_taskflow.py
[2025-11-02T18:26:16.385+0000] {processor.py:830} INFO - Processing file /home/airflow/.local/lib/python3.8/site-packages/airflow/example_dags/example_setup_teardown_taskflow.py for tasks to queue
[2025-11-02T18:26:16.397+0000] {logging_mixin.py:188} INFO - [2025-11-02T18:26:16.395+0000] {dagbag.py:538} INFO - Filling up the DagBag from /home/airflow/.local/lib/python3.8/site-packages/airflow/example_dags/example_setup_teardown_taskflow.py
[2025-11-02T18:26:16.456+0000] {processor.py:840} INFO - DAG(s) 'example_setup_teardown_taskflow' retrieved from /home/airflow/.local/lib/python3.8/site-packages/airflow/example_dags/example_setup_teardown_taskflow.py
[2025-11-02T18:26:16.677+0000] {logging_mixin.py:188} INFO - [2025-11-02T18:26:16.670+0000] {dag.py:3036} INFO - Sync 1 DAGs
[2025-11-02T18:26:16.767+0000] {logging_mixin.py:188} INFO - [2025-11-02T18:26:16.766+0000] {dag.py:3823} INFO - Setting next_dagrun for example_setup_teardown_taskflow to 2025-11-01 00:00:00+00:00, run_after=2025-11-02 00:00:00+00:00
[2025-11-02T18:26:16.821+0000] {processor.py:183} INFO - Processing /home/airflow/.local/lib/python3.8/site-packages/airflow/example_dags/example_setup_teardown_taskflow.py took 0.471 seconds
[2025-11-02T18:26:51.289+0000] {processor.py:161} INFO - Started process (PID=327) to work on /home/airflow/.local/lib/python3.8/site-packages/airflow/example_dags/example_setup_teardown_taskflow.py
[2025-11-02T18:26:51.296+0000] {processor.py:830} INFO - Processing file /home/airflow/.local/lib/python3.8/site-packages/airflow/example_dags/example_setup_teardown_taskflow.py for tasks to queue
[2025-11-02T18:26:51.309+0000] {logging_mixin.py:188} INFO - [2025-11-02T18:26:51.308+0000] {dagbag.py:538} INFO - Filling up the DagBag from /home/airflow/.local/lib/python3.8/site-packages/airflow/example_dags/example_setup_teardown_taskflow.py
[2025-11-02T18:26:51.362+0000] {processor.py:840} INFO - DAG(s) 'example_setup_teardown_taskflow' retrieved from /home/airflow/.local/lib/python3.8/site-packages/airflow/example_dags/example_setup_teardown_taskflow.py
[2025-11-02T18:26:51.515+0000] {logging_mixin.py:188} INFO - [2025-11-02T18:26:51.512+0000] {dag.py:3036} INFO - Sync 1 DAGs
[2025-11-02T18:26:51.616+0000] {logging_mixin.py:188} INFO - [2025-11-02T18:26:51.615+0000] {dag.py:3823} INFO - Setting next_dagrun for example_setup_teardown_taskflow to 2025-11-01 00:00:00+00:00, run_after=2025-11-02 00:00:00+00:00
[2025-11-02T18:26:51.730+0000] {processor.py:183} INFO - Processing /home/airflow/.local/lib/python3.8/site-packages/airflow/example_dags/example_setup_teardown_taskflow.py took 0.460 seconds
[2025-11-02T18:27:21.937+0000] {processor.py:161} INFO - Started process (PID=382) to work on /home/airflow/.local/lib/python3.8/site-packages/airflow/example_dags/example_setup_teardown_taskflow.py
[2025-11-02T18:27:21.939+0000] {processor.py:830} INFO - Processing file /home/airflow/.local/lib/python3.8/site-packages/airflow/example_dags/example_setup_teardown_taskflow.py for tasks to queue
[2025-11-02T18:27:21.944+0000] {logging_mixin.py:188} INFO - [2025-11-02T18:27:21.943+0000] {dagbag.py:538} INFO - Filling up the DagBag from /home/airflow/.local/lib/python3.8/site-packages/airflow/example_dags/example_setup_teardown_taskflow.py
[2025-11-02T18:27:21.964+0000] {processor.py:840} INFO - DAG(s) 'example_setup_teardown_taskflow' retrieved from /home/airflow/.local/lib/python3.8/site-packages/airflow/example_dags/example_setup_teardown_taskflow.py
[2025-11-02T18:27:22.009+0000] {logging_mixin.py:188} INFO - [2025-11-02T18:27:22.009+0000] {dag.py:3036} INFO - Sync 1 DAGs
[2025-11-02T18:27:22.051+0000] {logging_mixin.py:188} INFO - [2025-11-02T18:27:22.051+0000] {dag.py:3823} INFO - Setting next_dagrun for example_setup_teardown_taskflow to 2025-11-01 00:00:00+00:00, run_after=2025-11-02 00:00:00+00:00
[2025-11-02T18:27:22.096+0000] {processor.py:183} INFO - Processing /home/airflow/.local/lib/python3.8/site-packages/airflow/example_dags/example_setup_teardown_taskflow.py took 0.168 seconds
[2025-11-02T18:27:52.703+0000] {processor.py:161} INFO - Started process (PID=437) to work on /home/airflow/.local/lib/python3.8/site-packages/airflow/example_dags/example_setup_teardown_taskflow.py
[2025-11-02T18:27:52.708+0000] {processor.py:830} INFO - Processing file /home/airflow/.local/lib/python3.8/site-packages/airflow/example_dags/example_setup_teardown_taskflow.py for tasks to queue
[2025-11-02T18:27:52.713+0000] {logging_mixin.py:188} INFO - [2025-11-02T18:27:52.712+0000] {dagbag.py:538} INFO - Filling up the DagBag from /home/airflow/.local/lib/python3.8/site-packages/airflow/example_dags/example_setup_teardown_taskflow.py
[2025-11-02T18:27:52.744+0000] {processor.py:840} INFO - DAG(s) 'example_setup_teardown_taskflow' retrieved from /home/airflow/.local/lib/python3.8/site-packages/airflow/example_dags/example_setup_teardown_taskflow.py
[2025-11-02T18:27:52.815+0000] {logging_mixin.py:188} INFO - [2025-11-02T18:27:52.814+0000] {dag.py:3036} INFO - Sync 1 DAGs
[2025-11-02T18:27:52.872+0000] {logging_mixin.py:188} INFO - [2025-11-02T18:27:52.872+0000] {dag.py:3823} INFO - Setting next_dagrun for example_setup_teardown_taskflow to 2025-11-01 00:00:00+00:00, run_after=2025-11-02 00:00:00+00:00
[2025-11-02T18:27:52.915+0000] {processor.py:183} INFO - Processing /home/airflow/.local/lib/python3.8/site-packages/airflow/example_dags/example_setup_teardown_taskflow.py took 0.222 seconds
[2025-11-02T18:28:23.198+0000] {processor.py:161} INFO - Started process (PID=492) to work on /home/airflow/.local/lib/python3.8/site-packages/airflow/example_dags/example_setup_teardown_taskflow.py
[2025-11-02T18:28:23.200+0000] {processor.py:830} INFO - Processing file /home/airflow/.local/lib/python3.8/site-packages/airflow/example_dags/example_setup_teardown_taskflow.py for tasks to queue
[2025-11-02T18:28:23.209+0000] {logging_mixin.py:188} INFO - [2025-11-02T18:28:23.208+0000] {dagbag.py:538} INFO - Filling up the DagBag from /home/airflow/.local/lib/python3.8/site-packages/airflow/example_dags/example_setup_teardown_taskflow.py
[2025-11-02T18:28:23.237+0000] {processor.py:840} INFO - DAG(s) 'example_setup_teardown_taskflow' retrieved from /home/airflow/.local/lib/python3.8/site-packages/airflow/example_dags/example_setup_teardown_taskflow.py
[2025-11-02T18:28:23.306+0000] {logging_mixin.py:188} INFO - [2025-11-02T18:28:23.306+0000] {dag.py:3036} INFO - Sync 1 DAGs
[2025-11-02T18:28:23.355+0000] {logging_mixin.py:188} INFO - [2025-11-02T18:28:23.354+0000] {dag.py:3823} INFO - Setting next_dagrun for example_setup_teardown_taskflow to 2025-11-01 00:00:00+00:00, run_after=2025-11-02 00:00:00+00:00
[2025-11-02T18:28:23.404+0000] {processor.py:183} INFO - Processing /home/airflow/.local/lib/python3.8/site-packages/airflow/example_dags/example_setup_teardown_taskflow.py took 0.216 seconds
[2025-11-02T18:28:54.962+0000] {processor.py:161} INFO - Started process (PID=548) to work on /home/airflow/.local/lib/python3.8/site-packages/airflow/example_dags/example_setup_teardown_taskflow.py
[2025-11-02T18:28:54.971+0000] {processor.py:830} INFO - Processing file /home/airflow/.local/lib/python3.8/site-packages/airflow/example_dags/example_setup_teardown_taskflow.py for tasks to queue
[2025-11-02T18:28:54.984+0000] {logging_mixin.py:188} INFO - [2025-11-02T18:28:54.977+0000] {dagbag.py:538} INFO - Filling up the DagBag from /home/airflow/.local/lib/python3.8/site-packages/airflow/example_dags/example_setup_teardown_taskflow.py
[2025-11-02T18:28:55.043+0000] {processor.py:840} INFO - DAG(s) 'example_setup_teardown_taskflow' retrieved from /home/airflow/.local/lib/python3.8/site-packages/airflow/example_dags/example_setup_teardown_taskflow.py
[2025-11-02T18:28:55.139+0000] {logging_mixin.py:188} INFO - [2025-11-02T18:28:55.139+0000] {dag.py:3036} INFO - Sync 1 DAGs
[2025-11-02T18:28:55.221+0000] {logging_mixin.py:188} INFO - [2025-11-02T18:28:55.220+0000] {dag.py:3823} INFO - Setting next_dagrun for example_setup_teardown_taskflow to 2025-11-01 00:00:00+00:00, run_after=2025-11-02 00:00:00+00:00
[2025-11-02T18:28:55.295+0000] {processor.py:183} INFO - Processing /home/airflow/.local/lib/python3.8/site-packages/airflow/example_dags/example_setup_teardown_taskflow.py took 0.366 seconds
[2025-11-02T18:29:26.079+0000] {processor.py:161} INFO - Started process (PID=603) to work on /home/airflow/.local/lib/python3.8/site-packages/airflow/example_dags/example_setup_teardown_taskflow.py
[2025-11-02T18:29:26.087+0000] {processor.py:830} INFO - Processing file /home/airflow/.local/lib/python3.8/site-packages/airflow/example_dags/example_setup_teardown_taskflow.py for tasks to queue
[2025-11-02T18:29:26.098+0000] {logging_mixin.py:188} INFO - [2025-11-02T18:29:26.097+0000] {dagbag.py:538} INFO - Filling up the DagBag from /home/airflow/.local/lib/python3.8/site-packages/airflow/example_dags/example_setup_teardown_taskflow.py
[2025-11-02T18:29:26.170+0000] {processor.py:840} INFO - DAG(s) 'example_setup_teardown_taskflow' retrieved from /home/airflow/.local/lib/python3.8/site-packages/airflow/example_dags/example_setup_teardown_taskflow.py
[2025-11-02T18:29:26.272+0000] {logging_mixin.py:188} INFO - [2025-11-02T18:29:26.271+0000] {dag.py:3036} INFO - Sync 1 DAGs
[2025-11-02T18:29:26.331+0000] {logging_mixin.py:188} INFO - [2025-11-02T18:29:26.331+0000] {dag.py:3823} INFO - Setting next_dagrun for example_setup_teardown_taskflow to 2025-11-01 00:00:00+00:00, run_after=2025-11-02 00:00:00+00:00
[2025-11-02T18:29:26.382+0000] {processor.py:183} INFO - Processing /home/airflow/.local/lib/python3.8/site-packages/airflow/example_dags/example_setup_teardown_taskflow.py took 0.329 seconds
[2025-11-02T18:29:56.916+0000] {processor.py:161} INFO - Started process (PID=658) to work on /home/airflow/.local/lib/python3.8/site-packages/airflow/example_dags/example_setup_teardown_taskflow.py
[2025-11-02T18:29:56.919+0000] {processor.py:830} INFO - Processing file /home/airflow/.local/lib/python3.8/site-packages/airflow/example_dags/example_setup_teardown_taskflow.py for tasks to queue
[2025-11-02T18:29:56.925+0000] {logging_mixin.py:188} INFO - [2025-11-02T18:29:56.924+0000] {dagbag.py:538} INFO - Filling up the DagBag from /home/airflow/.local/lib/python3.8/site-packages/airflow/example_dags/example_setup_teardown_taskflow.py
[2025-11-02T18:29:56.957+0000] {processor.py:840} INFO - DAG(s) 'example_setup_teardown_taskflow' retrieved from /home/airflow/.local/lib/python3.8/site-packages/airflow/example_dags/example_setup_teardown_taskflow.py
[2025-11-02T18:29:57.018+0000] {logging_mixin.py:188} INFO - [2025-11-02T18:29:57.017+0000] {dag.py:3036} INFO - Sync 1 DAGs
[2025-11-02T18:29:57.093+0000] {logging_mixin.py:188} INFO - [2025-11-02T18:29:57.092+0000] {dag.py:3823} INFO - Setting next_dagrun for example_setup_teardown_taskflow to 2025-11-01 00:00:00+00:00, run_after=2025-11-02 00:00:00+00:00
[2025-11-02T18:29:57.177+0000] {processor.py:183} INFO - Processing /home/airflow/.local/lib/python3.8/site-packages/airflow/example_dags/example_setup_teardown_taskflow.py took 0.271 seconds
[2025-11-02T18:30:27.869+0000] {processor.py:161} INFO - Started process (PID=713) to work on /home/airflow/.local/lib/python3.8/site-packages/airflow/example_dags/example_setup_teardown_taskflow.py
[2025-11-02T18:30:27.872+0000] {processor.py:830} INFO - Processing file /home/airflow/.local/lib/python3.8/site-packages/airflow/example_dags/example_setup_teardown_taskflow.py for tasks to queue
[2025-11-02T18:30:27.878+0000] {logging_mixin.py:188} INFO - [2025-11-02T18:30:27.877+0000] {dagbag.py:538} INFO - Filling up the DagBag from /home/airflow/.local/lib/python3.8/site-packages/airflow/example_dags/example_setup_teardown_taskflow.py
[2025-11-02T18:30:27.906+0000] {processor.py:840} INFO - DAG(s) 'example_setup_teardown_taskflow' retrieved from /home/airflow/.local/lib/python3.8/site-packages/airflow/example_dags/example_setup_teardown_taskflow.py
[2025-11-02T18:30:27.976+0000] {logging_mixin.py:188} INFO - [2025-11-02T18:30:27.975+0000] {dag.py:3036} INFO - Sync 1 DAGs
[2025-11-02T18:30:28.038+0000] {logging_mixin.py:188} INFO - [2025-11-02T18:30:28.037+0000] {dag.py:3823} INFO - Setting next_dagrun for example_setup_teardown_taskflow to 2025-11-01 00:00:00+00:00, run_after=2025-11-02 00:00:00+00:00
[2025-11-02T18:30:28.109+0000] {processor.py:183} INFO - Processing /home/airflow/.local/lib/python3.8/site-packages/airflow/example_dags/example_setup_teardown_taskflow.py took 0.250 seconds
[2025-11-02T18:30:58.903+0000] {processor.py:161} INFO - Started process (PID=768) to work on /home/airflow/.local/lib/python3.8/site-packages/airflow/example_dags/example_setup_teardown_taskflow.py
[2025-11-02T18:30:58.906+0000] {processor.py:830} INFO - Processing file /home/airflow/.local/lib/python3.8/site-packages/airflow/example_dags/example_setup_teardown_taskflow.py for tasks to queue
[2025-11-02T18:30:58.911+0000] {logging_mixin.py:188} INFO - [2025-11-02T18:30:58.911+0000] {dagbag.py:538} INFO - Filling up the DagBag from /home/airflow/.local/lib/python3.8/site-packages/airflow/example_dags/example_setup_teardown_taskflow.py
[2025-11-02T18:30:58.942+0000] {processor.py:840} INFO - DAG(s) 'example_setup_teardown_taskflow' retrieved from /home/airflow/.local/lib/python3.8/site-packages/airflow/example_dags/example_setup_teardown_taskflow.py
[2025-11-02T18:30:59.027+0000] {logging_mixin.py:188} INFO - [2025-11-02T18:30:59.026+0000] {dag.py:3036} INFO - Sync 1 DAGs
[2025-11-02T18:30:59.088+0000] {logging_mixin.py:188} INFO - [2025-11-02T18:30:59.087+0000] {dag.py:3823} INFO - Setting next_dagrun for example_setup_teardown_taskflow to 2025-11-01 00:00:00+00:00, run_after=2025-11-02 00:00:00+00:00
[2025-11-02T18:30:59.145+0000] {processor.py:183} INFO - Processing /home/airflow/.local/lib/python3.8/site-packages/airflow/example_dags/example_setup_teardown_taskflow.py took 0.251 seconds
[2025-11-02T18:31:29.373+0000] {processor.py:161} INFO - Started process (PID=821) to work on /home/airflow/.local/lib/python3.8/site-packages/airflow/example_dags/example_setup_teardown_taskflow.py
[2025-11-02T18:31:29.375+0000] {processor.py:830} INFO - Processing file /home/airflow/.local/lib/python3.8/site-packages/airflow/example_dags/example_setup_teardown_taskflow.py for tasks to queue
[2025-11-02T18:31:29.380+0000] {logging_mixin.py:188} INFO - [2025-11-02T18:31:29.379+0000] {dagbag.py:538} INFO - Filling up the DagBag from /home/airflow/.local/lib/python3.8/site-packages/airflow/example_dags/example_setup_teardown_taskflow.py
[2025-11-02T18:31:29.407+0000] {processor.py:840} INFO - DAG(s) 'example_setup_teardown_taskflow' retrieved from /home/airflow/.local/lib/python3.8/site-packages/airflow/example_dags/example_setup_teardown_taskflow.py
[2025-11-02T18:31:29.462+0000] {logging_mixin.py:188} INFO - [2025-11-02T18:31:29.461+0000] {dag.py:3036} INFO - Sync 1 DAGs
[2025-11-02T18:31:29.596+0000] {logging_mixin.py:188} INFO - [2025-11-02T18:31:29.595+0000] {dag.py:3823} INFO - Setting next_dagrun for example_setup_teardown_taskflow to 2025-11-01 00:00:00+00:00, run_after=2025-11-02 00:00:00+00:00
[2025-11-02T18:31:29.713+0000] {processor.py:183} INFO - Processing /home/airflow/.local/lib/python3.8/site-packages/airflow/example_dags/example_setup_teardown_taskflow.py took 0.349 seconds
[2025-11-02T18:31:59.949+0000] {processor.py:161} INFO - Started process (PID=875) to work on /home/airflow/.local/lib/python3.8/site-packages/airflow/example_dags/example_setup_teardown_taskflow.py
[2025-11-02T18:31:59.952+0000] {processor.py:830} INFO - Processing file /home/airflow/.local/lib/python3.8/site-packages/airflow/example_dags/example_setup_teardown_taskflow.py for tasks to queue
[2025-11-02T18:31:59.957+0000] {logging_mixin.py:188} INFO - [2025-11-02T18:31:59.956+0000] {dagbag.py:538} INFO - Filling up the DagBag from /home/airflow/.local/lib/python3.8/site-packages/airflow/example_dags/example_setup_teardown_taskflow.py
[2025-11-02T18:31:59.996+0000] {processor.py:840} INFO - DAG(s) 'example_setup_teardown_taskflow' retrieved from /home/airflow/.local/lib/python3.8/site-packages/airflow/example_dags/example_setup_teardown_taskflow.py
[2025-11-02T18:32:00.043+0000] {logging_mixin.py:188} INFO - [2025-11-02T18:32:00.043+0000] {dag.py:3036} INFO - Sync 1 DAGs
[2025-11-02T18:32:00.086+0000] {logging_mixin.py:188} INFO - [2025-11-02T18:32:00.085+0000] {dag.py:3823} INFO - Setting next_dagrun for example_setup_teardown_taskflow to 2025-11-01 00:00:00+00:00, run_after=2025-11-02 00:00:00+00:00
[2025-11-02T18:32:00.127+0000] {processor.py:183} INFO - Processing /home/airflow/.local/lib/python3.8/site-packages/airflow/example_dags/example_setup_teardown_taskflow.py took 0.186 seconds
[2025-11-02T18:32:30.369+0000] {processor.py:161} INFO - Started process (PID=929) to work on /home/airflow/.local/lib/python3.8/site-packages/airflow/example_dags/example_setup_teardown_taskflow.py
[2025-11-02T18:32:30.371+0000] {processor.py:830} INFO - Processing file /home/airflow/.local/lib/python3.8/site-packages/airflow/example_dags/example_setup_teardown_taskflow.py for tasks to queue
[2025-11-02T18:32:30.376+0000] {logging_mixin.py:188} INFO - [2025-11-02T18:32:30.375+0000] {dagbag.py:538} INFO - Filling up the DagBag from /home/airflow/.local/lib/python3.8/site-packages/airflow/example_dags/example_setup_teardown_taskflow.py
[2025-11-02T18:32:30.398+0000] {processor.py:840} INFO - DAG(s) 'example_setup_teardown_taskflow' retrieved from /home/airflow/.local/lib/python3.8/site-packages/airflow/example_dags/example_setup_teardown_taskflow.py
[2025-11-02T18:32:30.449+0000] {logging_mixin.py:188} INFO - [2025-11-02T18:32:30.448+0000] {dag.py:3036} INFO - Sync 1 DAGs
[2025-11-02T18:32:30.502+0000] {logging_mixin.py:188} INFO - [2025-11-02T18:32:30.502+0000] {dag.py:3823} INFO - Setting next_dagrun for example_setup_teardown_taskflow to 2025-11-01 00:00:00+00:00, run_after=2025-11-02 00:00:00+00:00
[2025-11-02T18:32:30.551+0000] {processor.py:183} INFO - Processing /home/airflow/.local/lib/python3.8/site-packages/airflow/example_dags/example_setup_teardown_taskflow.py took 0.191 seconds
[2025-11-02T18:33:00.907+0000] {processor.py:161} INFO - Started process (PID=984) to work on /home/airflow/.local/lib/python3.8/site-packages/airflow/example_dags/example_setup_teardown_taskflow.py
[2025-11-02T18:33:00.910+0000] {processor.py:830} INFO - Processing file /home/airflow/.local/lib/python3.8/site-packages/airflow/example_dags/example_setup_teardown_taskflow.py for tasks to queue
[2025-11-02T18:33:00.916+0000] {logging_mixin.py:188} INFO - [2025-11-02T18:33:00.915+0000] {dagbag.py:538} INFO - Filling up the DagBag from /home/airflow/.local/lib/python3.8/site-packages/airflow/example_dags/example_setup_teardown_taskflow.py
[2025-11-02T18:33:00.940+0000] {processor.py:840} INFO - DAG(s) 'example_setup_teardown_taskflow' retrieved from /home/airflow/.local/lib/python3.8/site-packages/airflow/example_dags/example_setup_teardown_taskflow.py
[2025-11-02T18:33:00.994+0000] {logging_mixin.py:188} INFO - [2025-11-02T18:33:00.993+0000] {dag.py:3036} INFO - Sync 1 DAGs
[2025-11-02T18:33:01.052+0000] {logging_mixin.py:188} INFO - [2025-11-02T18:33:01.052+0000] {dag.py:3823} INFO - Setting next_dagrun for example_setup_teardown_taskflow to 2025-11-01 00:00:00+00:00, run_after=2025-11-02 00:00:00+00:00
[2025-11-02T18:33:01.101+0000] {processor.py:183} INFO - Processing /home/airflow/.local/lib/python3.8/site-packages/airflow/example_dags/example_setup_teardown_taskflow.py took 0.204 seconds
[2025-11-02T18:33:31.604+0000] {processor.py:161} INFO - Started process (PID=1039) to work on /home/airflow/.local/lib/python3.8/site-packages/airflow/example_dags/example_setup_teardown_taskflow.py
[2025-11-02T18:33:31.606+0000] {processor.py:830} INFO - Processing file /home/airflow/.local/lib/python3.8/site-packages/airflow/example_dags/example_setup_teardown_taskflow.py for tasks to queue
[2025-11-02T18:33:31.611+0000] {logging_mixin.py:188} INFO - [2025-11-02T18:33:31.610+0000] {dagbag.py:538} INFO - Filling up the DagBag from /home/airflow/.local/lib/python3.8/site-packages/airflow/example_dags/example_setup_teardown_taskflow.py
[2025-11-02T18:33:31.632+0000] {processor.py:840} INFO - DAG(s) 'example_setup_teardown_taskflow' retrieved from /home/airflow/.local/lib/python3.8/site-packages/airflow/example_dags/example_setup_teardown_taskflow.py
[2025-11-02T18:33:31.686+0000] {logging_mixin.py:188} INFO - [2025-11-02T18:33:31.685+0000] {dag.py:3036} INFO - Sync 1 DAGs
[2025-11-02T18:33:31.759+0000] {logging_mixin.py:188} INFO - [2025-11-02T18:33:31.758+0000] {dag.py:3823} INFO - Setting next_dagrun for example_setup_teardown_taskflow to 2025-11-01 00:00:00+00:00, run_after=2025-11-02 00:00:00+00:00
[2025-11-02T18:33:31.802+0000] {processor.py:183} INFO - Processing /home/airflow/.local/lib/python3.8/site-packages/airflow/example_dags/example_setup_teardown_taskflow.py took 0.208 seconds
[2025-11-02T18:34:02.311+0000] {processor.py:161} INFO - Started process (PID=1094) to work on /home/airflow/.local/lib/python3.8/site-packages/airflow/example_dags/example_setup_teardown_taskflow.py
[2025-11-02T18:34:02.314+0000] {processor.py:830} INFO - Processing file /home/airflow/.local/lib/python3.8/site-packages/airflow/example_dags/example_setup_teardown_taskflow.py for tasks to queue
[2025-11-02T18:34:02.319+0000] {logging_mixin.py:188} INFO - [2025-11-02T18:34:02.318+0000] {dagbag.py:538} INFO - Filling up the DagBag from /home/airflow/.local/lib/python3.8/site-packages/airflow/example_dags/example_setup_teardown_taskflow.py
[2025-11-02T18:34:02.359+0000] {processor.py:840} INFO - DAG(s) 'example_setup_teardown_taskflow' retrieved from /home/airflow/.local/lib/python3.8/site-packages/airflow/example_dags/example_setup_teardown_taskflow.py
[2025-11-02T18:34:02.415+0000] {logging_mixin.py:188} INFO - [2025-11-02T18:34:02.414+0000] {dag.py:3036} INFO - Sync 1 DAGs
[2025-11-02T18:34:02.475+0000] {logging_mixin.py:188} INFO - [2025-11-02T18:34:02.474+0000] {dag.py:3823} INFO - Setting next_dagrun for example_setup_teardown_taskflow to 2025-11-01 00:00:00+00:00, run_after=2025-11-02 00:00:00+00:00
[2025-11-02T18:34:02.536+0000] {processor.py:183} INFO - Processing /home/airflow/.local/lib/python3.8/site-packages/airflow/example_dags/example_setup_teardown_taskflow.py took 0.233 seconds
[2025-11-02T18:34:32.930+0000] {processor.py:161} INFO - Started process (PID=1149) to work on /home/airflow/.local/lib/python3.8/site-packages/airflow/example_dags/example_setup_teardown_taskflow.py
[2025-11-02T18:34:32.934+0000] {processor.py:830} INFO - Processing file /home/airflow/.local/lib/python3.8/site-packages/airflow/example_dags/example_setup_teardown_taskflow.py for tasks to queue
[2025-11-02T18:34:32.944+0000] {logging_mixin.py:188} INFO - [2025-11-02T18:34:32.942+0000] {dagbag.py:538} INFO - Filling up the DagBag from /home/airflow/.local/lib/python3.8/site-packages/airflow/example_dags/example_setup_teardown_taskflow.py
[2025-11-02T18:34:32.985+0000] {processor.py:840} INFO - DAG(s) 'example_setup_teardown_taskflow' retrieved from /home/airflow/.local/lib/python3.8/site-packages/airflow/example_dags/example_setup_teardown_taskflow.py
[2025-11-02T18:34:33.045+0000] {logging_mixin.py:188} INFO - [2025-11-02T18:34:33.045+0000] {dag.py:3036} INFO - Sync 1 DAGs
[2025-11-02T18:34:33.098+0000] {logging_mixin.py:188} INFO - [2025-11-02T18:34:33.098+0000] {dag.py:3823} INFO - Setting next_dagrun for example_setup_teardown_taskflow to 2025-11-01 00:00:00+00:00, run_after=2025-11-02 00:00:00+00:00
[2025-11-02T18:34:33.182+0000] {processor.py:183} INFO - Processing /home/airflow/.local/lib/python3.8/site-packages/airflow/example_dags/example_setup_teardown_taskflow.py took 0.268 seconds
[2025-11-02T18:35:03.435+0000] {processor.py:161} INFO - Started process (PID=1205) to work on /home/airflow/.local/lib/python3.8/site-packages/airflow/example_dags/example_setup_teardown_taskflow.py
[2025-11-02T18:35:03.438+0000] {processor.py:830} INFO - Processing file /home/airflow/.local/lib/python3.8/site-packages/airflow/example_dags/example_setup_teardown_taskflow.py for tasks to queue
[2025-11-02T18:35:03.443+0000] {logging_mixin.py:188} INFO - [2025-11-02T18:35:03.442+0000] {dagbag.py:538} INFO - Filling up the DagBag from /home/airflow/.local/lib/python3.8/site-packages/airflow/example_dags/example_setup_teardown_taskflow.py
[2025-11-02T18:35:03.465+0000] {processor.py:840} INFO - DAG(s) 'example_setup_teardown_taskflow' retrieved from /home/airflow/.local/lib/python3.8/site-packages/airflow/example_dags/example_setup_teardown_taskflow.py
[2025-11-02T18:35:03.512+0000] {logging_mixin.py:188} INFO - [2025-11-02T18:35:03.512+0000] {dag.py:3036} INFO - Sync 1 DAGs
[2025-11-02T18:35:03.556+0000] {logging_mixin.py:188} INFO - [2025-11-02T18:35:03.556+0000] {dag.py:3823} INFO - Setting next_dagrun for example_setup_teardown_taskflow to 2025-11-01 00:00:00+00:00, run_after=2025-11-02 00:00:00+00:00
[2025-11-02T18:35:03.597+0000] {processor.py:183} INFO - Processing /home/airflow/.local/lib/python3.8/site-packages/airflow/example_dags/example_setup_teardown_taskflow.py took 0.169 seconds
[2025-11-02T18:35:33.797+0000] {processor.py:161} INFO - Started process (PID=1260) to work on /home/airflow/.local/lib/python3.8/site-packages/airflow/example_dags/example_setup_teardown_taskflow.py
[2025-11-02T18:35:33.801+0000] {processor.py:830} INFO - Processing file /home/airflow/.local/lib/python3.8/site-packages/airflow/example_dags/example_setup_teardown_taskflow.py for tasks to queue
[2025-11-02T18:35:33.820+0000] {logging_mixin.py:188} INFO - [2025-11-02T18:35:33.819+0000] {dagbag.py:538} INFO - Filling up the DagBag from /home/airflow/.local/lib/python3.8/site-packages/airflow/example_dags/example_setup_teardown_taskflow.py
[2025-11-02T18:35:33.874+0000] {processor.py:840} INFO - DAG(s) 'example_setup_teardown_taskflow' retrieved from /home/airflow/.local/lib/python3.8/site-packages/airflow/example_dags/example_setup_teardown_taskflow.py
[2025-11-02T18:35:33.985+0000] {logging_mixin.py:188} INFO - [2025-11-02T18:35:33.984+0000] {dag.py:3036} INFO - Sync 1 DAGs
[2025-11-02T18:35:34.102+0000] {logging_mixin.py:188} INFO - [2025-11-02T18:35:34.101+0000] {dag.py:3823} INFO - Setting next_dagrun for example_setup_teardown_taskflow to 2025-11-01 00:00:00+00:00, run_after=2025-11-02 00:00:00+00:00
[2025-11-02T18:35:34.227+0000] {processor.py:183} INFO - Processing /home/airflow/.local/lib/python3.8/site-packages/airflow/example_dags/example_setup_teardown_taskflow.py took 0.463 seconds
[2025-11-02T18:36:04.362+0000] {processor.py:161} INFO - Started process (PID=1316) to work on /home/airflow/.local/lib/python3.8/site-packages/airflow/example_dags/example_setup_teardown_taskflow.py
[2025-11-02T18:36:04.367+0000] {processor.py:830} INFO - Processing file /home/airflow/.local/lib/python3.8/site-packages/airflow/example_dags/example_setup_teardown_taskflow.py for tasks to queue
[2025-11-02T18:36:04.375+0000] {logging_mixin.py:188} INFO - [2025-11-02T18:36:04.374+0000] {dagbag.py:538} INFO - Filling up the DagBag from /home/airflow/.local/lib/python3.8/site-packages/airflow/example_dags/example_setup_teardown_taskflow.py
[2025-11-02T18:36:04.438+0000] {processor.py:840} INFO - DAG(s) 'example_setup_teardown_taskflow' retrieved from /home/airflow/.local/lib/python3.8/site-packages/airflow/example_dags/example_setup_teardown_taskflow.py
[2025-11-02T18:36:04.499+0000] {logging_mixin.py:188} INFO - [2025-11-02T18:36:04.499+0000] {dag.py:3036} INFO - Sync 1 DAGs
[2025-11-02T18:36:04.553+0000] {logging_mixin.py:188} INFO - [2025-11-02T18:36:04.553+0000] {dag.py:3823} INFO - Setting next_dagrun for example_setup_teardown_taskflow to 2025-11-01 00:00:00+00:00, run_after=2025-11-02 00:00:00+00:00
[2025-11-02T18:36:04.617+0000] {processor.py:183} INFO - Processing /home/airflow/.local/lib/python3.8/site-packages/airflow/example_dags/example_setup_teardown_taskflow.py took 0.268 seconds
[2025-11-02T18:36:35.428+0000] {processor.py:161} INFO - Started process (PID=1371) to work on /home/airflow/.local/lib/python3.8/site-packages/airflow/example_dags/example_setup_teardown_taskflow.py
[2025-11-02T18:36:35.431+0000] {processor.py:830} INFO - Processing file /home/airflow/.local/lib/python3.8/site-packages/airflow/example_dags/example_setup_teardown_taskflow.py for tasks to queue
[2025-11-02T18:36:35.437+0000] {logging_mixin.py:188} INFO - [2025-11-02T18:36:35.436+0000] {dagbag.py:538} INFO - Filling up the DagBag from /home/airflow/.local/lib/python3.8/site-packages/airflow/example_dags/example_setup_teardown_taskflow.py
[2025-11-02T18:36:35.467+0000] {processor.py:840} INFO - DAG(s) 'example_setup_teardown_taskflow' retrieved from /home/airflow/.local/lib/python3.8/site-packages/airflow/example_dags/example_setup_teardown_taskflow.py
[2025-11-02T18:36:35.528+0000] {logging_mixin.py:188} INFO - [2025-11-02T18:36:35.527+0000] {dag.py:3036} INFO - Sync 1 DAGs
[2025-11-02T18:36:35.582+0000] {logging_mixin.py:188} INFO - [2025-11-02T18:36:35.581+0000] {dag.py:3823} INFO - Setting next_dagrun for example_setup_teardown_taskflow to 2025-11-01 00:00:00+00:00, run_after=2025-11-02 00:00:00+00:00
[2025-11-02T18:36:35.636+0000] {processor.py:183} INFO - Processing /home/airflow/.local/lib/python3.8/site-packages/airflow/example_dags/example_setup_teardown_taskflow.py took 0.218 seconds
[2025-11-02T18:37:06.969+0000] {processor.py:161} INFO - Started process (PID=1426) to work on /home/airflow/.local/lib/python3.8/site-packages/airflow/example_dags/example_setup_teardown_taskflow.py
[2025-11-02T18:37:07.014+0000] {processor.py:830} INFO - Processing file /home/airflow/.local/lib/python3.8/site-packages/airflow/example_dags/example_setup_teardown_taskflow.py for tasks to queue
[2025-11-02T18:37:07.056+0000] {logging_mixin.py:188} INFO - [2025-11-02T18:37:07.054+0000] {dagbag.py:538} INFO - Filling up the DagBag from /home/airflow/.local/lib/python3.8/site-packages/airflow/example_dags/example_setup_teardown_taskflow.py
[2025-11-02T18:37:07.136+0000] {processor.py:840} INFO - DAG(s) 'example_setup_teardown_taskflow' retrieved from /home/airflow/.local/lib/python3.8/site-packages/airflow/example_dags/example_setup_teardown_taskflow.py
[2025-11-02T18:37:07.285+0000] {logging_mixin.py:188} INFO - [2025-11-02T18:37:07.284+0000] {dag.py:3036} INFO - Sync 1 DAGs
[2025-11-02T18:37:07.399+0000] {logging_mixin.py:188} INFO - [2025-11-02T18:37:07.398+0000] {dag.py:3823} INFO - Setting next_dagrun for example_setup_teardown_taskflow to 2025-11-01 00:00:00+00:00, run_after=2025-11-02 00:00:00+00:00
[2025-11-02T18:37:07.492+0000] {processor.py:183} INFO - Processing /home/airflow/.local/lib/python3.8/site-packages/airflow/example_dags/example_setup_teardown_taskflow.py took 0.546 seconds
[2025-11-02T18:37:38.218+0000] {processor.py:161} INFO - Started process (PID=1482) to work on /home/airflow/.local/lib/python3.8/site-packages/airflow/example_dags/example_setup_teardown_taskflow.py
[2025-11-02T18:37:38.231+0000] {processor.py:830} INFO - Processing file /home/airflow/.local/lib/python3.8/site-packages/airflow/example_dags/example_setup_teardown_taskflow.py for tasks to queue
[2025-11-02T18:37:38.255+0000] {logging_mixin.py:188} INFO - [2025-11-02T18:37:38.254+0000] {dagbag.py:538} INFO - Filling up the DagBag from /home/airflow/.local/lib/python3.8/site-packages/airflow/example_dags/example_setup_teardown_taskflow.py
[2025-11-02T18:37:38.448+0000] {processor.py:840} INFO - DAG(s) 'example_setup_teardown_taskflow' retrieved from /home/airflow/.local/lib/python3.8/site-packages/airflow/example_dags/example_setup_teardown_taskflow.py
[2025-11-02T18:37:38.608+0000] {logging_mixin.py:188} INFO - [2025-11-02T18:37:38.607+0000] {dag.py:3036} INFO - Sync 1 DAGs
[2025-11-02T18:37:38.710+0000] {logging_mixin.py:188} INFO - [2025-11-02T18:37:38.709+0000] {dag.py:3823} INFO - Setting next_dagrun for example_setup_teardown_taskflow to 2025-11-01 00:00:00+00:00, run_after=2025-11-02 00:00:00+00:00
[2025-11-02T18:37:38.819+0000] {processor.py:183} INFO - Processing /home/airflow/.local/lib/python3.8/site-packages/airflow/example_dags/example_setup_teardown_taskflow.py took 0.630 seconds
[2025-11-02T18:38:09.731+0000] {processor.py:161} INFO - Started process (PID=1537) to work on /home/airflow/.local/lib/python3.8/site-packages/airflow/example_dags/example_setup_teardown_taskflow.py
[2025-11-02T18:38:09.735+0000] {processor.py:830} INFO - Processing file /home/airflow/.local/lib/python3.8/site-packages/airflow/example_dags/example_setup_teardown_taskflow.py for tasks to queue
[2025-11-02T18:38:09.747+0000] {logging_mixin.py:188} INFO - [2025-11-02T18:38:09.746+0000] {dagbag.py:538} INFO - Filling up the DagBag from /home/airflow/.local/lib/python3.8/site-packages/airflow/example_dags/example_setup_teardown_taskflow.py
[2025-11-02T18:38:09.789+0000] {processor.py:840} INFO - DAG(s) 'example_setup_teardown_taskflow' retrieved from /home/airflow/.local/lib/python3.8/site-packages/airflow/example_dags/example_setup_teardown_taskflow.py
[2025-11-02T18:38:10.029+0000] {logging_mixin.py:188} INFO - [2025-11-02T18:38:10.029+0000] {dag.py:3036} INFO - Sync 1 DAGs
[2025-11-02T18:38:10.273+0000] {logging_mixin.py:188} INFO - [2025-11-02T18:38:10.266+0000] {dag.py:3823} INFO - Setting next_dagrun for example_setup_teardown_taskflow to 2025-11-01 00:00:00+00:00, run_after=2025-11-02 00:00:00+00:00
[2025-11-02T18:38:10.416+0000] {processor.py:183} INFO - Processing /home/airflow/.local/lib/python3.8/site-packages/airflow/example_dags/example_setup_teardown_taskflow.py took 0.707 seconds
[2025-11-02T18:38:40.774+0000] {processor.py:161} INFO - Started process (PID=1592) to work on /home/airflow/.local/lib/python3.8/site-packages/airflow/example_dags/example_setup_teardown_taskflow.py
[2025-11-02T18:38:40.778+0000] {processor.py:830} INFO - Processing file /home/airflow/.local/lib/python3.8/site-packages/airflow/example_dags/example_setup_teardown_taskflow.py for tasks to queue
[2025-11-02T18:38:40.788+0000] {logging_mixin.py:188} INFO - [2025-11-02T18:38:40.787+0000] {dagbag.py:538} INFO - Filling up the DagBag from /home/airflow/.local/lib/python3.8/site-packages/airflow/example_dags/example_setup_teardown_taskflow.py
[2025-11-02T18:38:40.851+0000] {processor.py:840} INFO - DAG(s) 'example_setup_teardown_taskflow' retrieved from /home/airflow/.local/lib/python3.8/site-packages/airflow/example_dags/example_setup_teardown_taskflow.py
[2025-11-02T18:38:40.966+0000] {logging_mixin.py:188} INFO - [2025-11-02T18:38:40.966+0000] {dag.py:3036} INFO - Sync 1 DAGs
[2025-11-02T18:38:41.068+0000] {logging_mixin.py:188} INFO - [2025-11-02T18:38:41.067+0000] {dag.py:3823} INFO - Setting next_dagrun for example_setup_teardown_taskflow to 2025-11-01 00:00:00+00:00, run_after=2025-11-02 00:00:00+00:00
[2025-11-02T18:38:41.169+0000] {processor.py:183} INFO - Processing /home/airflow/.local/lib/python3.8/site-packages/airflow/example_dags/example_setup_teardown_taskflow.py took 0.410 seconds
[2025-11-02T18:39:11.490+0000] {processor.py:161} INFO - Started process (PID=1647) to work on /home/airflow/.local/lib/python3.8/site-packages/airflow/example_dags/example_setup_teardown_taskflow.py
[2025-11-02T18:39:11.505+0000] {processor.py:830} INFO - Processing file /home/airflow/.local/lib/python3.8/site-packages/airflow/example_dags/example_setup_teardown_taskflow.py for tasks to queue
[2025-11-02T18:39:11.524+0000] {logging_mixin.py:188} INFO - [2025-11-02T18:39:11.523+0000] {dagbag.py:538} INFO - Filling up the DagBag from /home/airflow/.local/lib/python3.8/site-packages/airflow/example_dags/example_setup_teardown_taskflow.py
[2025-11-02T18:39:11.619+0000] {processor.py:840} INFO - DAG(s) 'example_setup_teardown_taskflow' retrieved from /home/airflow/.local/lib/python3.8/site-packages/airflow/example_dags/example_setup_teardown_taskflow.py
[2025-11-02T18:39:11.819+0000] {logging_mixin.py:188} INFO - [2025-11-02T18:39:11.818+0000] {dag.py:3036} INFO - Sync 1 DAGs
[2025-11-02T18:39:11.949+0000] {logging_mixin.py:188} INFO - [2025-11-02T18:39:11.948+0000] {dag.py:3823} INFO - Setting next_dagrun for example_setup_teardown_taskflow to 2025-11-01 00:00:00+00:00, run_after=2025-11-02 00:00:00+00:00
[2025-11-02T18:39:12.082+0000] {processor.py:183} INFO - Processing /home/airflow/.local/lib/python3.8/site-packages/airflow/example_dags/example_setup_teardown_taskflow.py took 0.623 seconds
[2025-11-02T18:39:50.042+0000] {processor.py:161} INFO - Started process (PID=1707) to work on /home/airflow/.local/lib/python3.8/site-packages/airflow/example_dags/example_setup_teardown_taskflow.py
[2025-11-02T18:39:50.058+0000] {processor.py:830} INFO - Processing file /home/airflow/.local/lib/python3.8/site-packages/airflow/example_dags/example_setup_teardown_taskflow.py for tasks to queue
[2025-11-02T18:39:50.133+0000] {logging_mixin.py:188} INFO - [2025-11-02T18:39:50.129+0000] {dagbag.py:538} INFO - Filling up the DagBag from /home/airflow/.local/lib/python3.8/site-packages/airflow/example_dags/example_setup_teardown_taskflow.py
[2025-11-02T18:39:50.256+0000] {processor.py:840} INFO - DAG(s) 'example_setup_teardown_taskflow' retrieved from /home/airflow/.local/lib/python3.8/site-packages/airflow/example_dags/example_setup_teardown_taskflow.py
[2025-11-02T18:39:50.541+0000] {logging_mixin.py:188} INFO - [2025-11-02T18:39:50.541+0000] {dag.py:3036} INFO - Sync 1 DAGs
[2025-11-02T18:39:50.804+0000] {logging_mixin.py:188} INFO - [2025-11-02T18:39:50.804+0000] {dag.py:3823} INFO - Setting next_dagrun for example_setup_teardown_taskflow to 2025-11-01 00:00:00+00:00, run_after=2025-11-02 00:00:00+00:00
[2025-11-02T18:39:51.197+0000] {processor.py:183} INFO - Processing /home/airflow/.local/lib/python3.8/site-packages/airflow/example_dags/example_setup_teardown_taskflow.py took 1.202 seconds
[2025-11-02T18:40:22.132+0000] {processor.py:161} INFO - Started process (PID=1763) to work on /home/airflow/.local/lib/python3.8/site-packages/airflow/example_dags/example_setup_teardown_taskflow.py
[2025-11-02T18:40:22.135+0000] {processor.py:830} INFO - Processing file /home/airflow/.local/lib/python3.8/site-packages/airflow/example_dags/example_setup_teardown_taskflow.py for tasks to queue
[2025-11-02T18:40:22.146+0000] {logging_mixin.py:188} INFO - [2025-11-02T18:40:22.146+0000] {dagbag.py:538} INFO - Filling up the DagBag from /home/airflow/.local/lib/python3.8/site-packages/airflow/example_dags/example_setup_teardown_taskflow.py
[2025-11-02T18:40:22.186+0000] {processor.py:840} INFO - DAG(s) 'example_setup_teardown_taskflow' retrieved from /home/airflow/.local/lib/python3.8/site-packages/airflow/example_dags/example_setup_teardown_taskflow.py
[2025-11-02T18:40:22.291+0000] {logging_mixin.py:188} INFO - [2025-11-02T18:40:22.291+0000] {dag.py:3036} INFO - Sync 1 DAGs
[2025-11-02T18:40:22.420+0000] {logging_mixin.py:188} INFO - [2025-11-02T18:40:22.419+0000] {dag.py:3823} INFO - Setting next_dagrun for example_setup_teardown_taskflow to 2025-11-01 00:00:00+00:00, run_after=2025-11-02 00:00:00+00:00
[2025-11-02T18:40:22.481+0000] {processor.py:183} INFO - Processing /home/airflow/.local/lib/python3.8/site-packages/airflow/example_dags/example_setup_teardown_taskflow.py took 0.362 seconds
[2025-11-02T18:40:53.574+0000] {processor.py:161} INFO - Started process (PID=1817) to work on /home/airflow/.local/lib/python3.8/site-packages/airflow/example_dags/example_setup_teardown_taskflow.py
[2025-11-02T18:40:53.579+0000] {processor.py:830} INFO - Processing file /home/airflow/.local/lib/python3.8/site-packages/airflow/example_dags/example_setup_teardown_taskflow.py for tasks to queue
[2025-11-02T18:40:53.586+0000] {logging_mixin.py:188} INFO - [2025-11-02T18:40:53.585+0000] {dagbag.py:538} INFO - Filling up the DagBag from /home/airflow/.local/lib/python3.8/site-packages/airflow/example_dags/example_setup_teardown_taskflow.py
[2025-11-02T18:40:53.628+0000] {processor.py:840} INFO - DAG(s) 'example_setup_teardown_taskflow' retrieved from /home/airflow/.local/lib/python3.8/site-packages/airflow/example_dags/example_setup_teardown_taskflow.py
[2025-11-02T18:40:53.807+0000] {logging_mixin.py:188} INFO - [2025-11-02T18:40:53.806+0000] {dag.py:3036} INFO - Sync 1 DAGs
[2025-11-02T18:40:53.941+0000] {logging_mixin.py:188} INFO - [2025-11-02T18:40:53.940+0000] {dag.py:3823} INFO - Setting next_dagrun for example_setup_teardown_taskflow to 2025-11-01 00:00:00+00:00, run_after=2025-11-02 00:00:00+00:00
[2025-11-02T18:40:54.026+0000] {processor.py:183} INFO - Processing /home/airflow/.local/lib/python3.8/site-packages/airflow/example_dags/example_setup_teardown_taskflow.py took 0.474 seconds
[2025-11-02T18:41:25.081+0000] {processor.py:161} INFO - Started process (PID=1872) to work on /home/airflow/.local/lib/python3.8/site-packages/airflow/example_dags/example_setup_teardown_taskflow.py
[2025-11-02T18:41:25.085+0000] {processor.py:830} INFO - Processing file /home/airflow/.local/lib/python3.8/site-packages/airflow/example_dags/example_setup_teardown_taskflow.py for tasks to queue
[2025-11-02T18:41:25.090+0000] {logging_mixin.py:188} INFO - [2025-11-02T18:41:25.089+0000] {dagbag.py:538} INFO - Filling up the DagBag from /home/airflow/.local/lib/python3.8/site-packages/airflow/example_dags/example_setup_teardown_taskflow.py
[2025-11-02T18:41:25.142+0000] {processor.py:840} INFO - DAG(s) 'example_setup_teardown_taskflow' retrieved from /home/airflow/.local/lib/python3.8/site-packages/airflow/example_dags/example_setup_teardown_taskflow.py
[2025-11-02T18:41:25.237+0000] {logging_mixin.py:188} INFO - [2025-11-02T18:41:25.237+0000] {dag.py:3036} INFO - Sync 1 DAGs
[2025-11-02T18:41:25.318+0000] {logging_mixin.py:188} INFO - [2025-11-02T18:41:25.317+0000] {dag.py:3823} INFO - Setting next_dagrun for example_setup_teardown_taskflow to 2025-11-01 00:00:00+00:00, run_after=2025-11-02 00:00:00+00:00
[2025-11-02T18:41:25.411+0000] {processor.py:183} INFO - Processing /home/airflow/.local/lib/python3.8/site-packages/airflow/example_dags/example_setup_teardown_taskflow.py took 0.343 seconds
[2025-11-02T18:41:57.897+0000] {processor.py:161} INFO - Started process (PID=1926) to work on /home/airflow/.local/lib/python3.8/site-packages/airflow/example_dags/example_setup_teardown_taskflow.py
[2025-11-02T18:41:57.907+0000] {processor.py:830} INFO - Processing file /home/airflow/.local/lib/python3.8/site-packages/airflow/example_dags/example_setup_teardown_taskflow.py for tasks to queue
[2025-11-02T18:41:57.934+0000] {logging_mixin.py:188} INFO - [2025-11-02T18:41:57.932+0000] {dagbag.py:538} INFO - Filling up the DagBag from /home/airflow/.local/lib/python3.8/site-packages/airflow/example_dags/example_setup_teardown_taskflow.py
[2025-11-02T18:41:58.035+0000] {processor.py:840} INFO - DAG(s) 'example_setup_teardown_taskflow' retrieved from /home/airflow/.local/lib/python3.8/site-packages/airflow/example_dags/example_setup_teardown_taskflow.py
[2025-11-02T18:41:58.208+0000] {logging_mixin.py:188} INFO - [2025-11-02T18:41:58.207+0000] {dag.py:3036} INFO - Sync 1 DAGs
[2025-11-02T18:41:58.390+0000] {logging_mixin.py:188} INFO - [2025-11-02T18:41:58.390+0000] {dag.py:3823} INFO - Setting next_dagrun for example_setup_teardown_taskflow to 2025-11-01 00:00:00+00:00, run_after=2025-11-02 00:00:00+00:00
[2025-11-02T18:41:58.516+0000] {processor.py:183} INFO - Processing /home/airflow/.local/lib/python3.8/site-packages/airflow/example_dags/example_setup_teardown_taskflow.py took 0.644 seconds
[2025-11-02T18:42:28.659+0000] {processor.py:161} INFO - Started process (PID=1979) to work on /home/airflow/.local/lib/python3.8/site-packages/airflow/example_dags/example_setup_teardown_taskflow.py
[2025-11-02T18:42:28.662+0000] {processor.py:830} INFO - Processing file /home/airflow/.local/lib/python3.8/site-packages/airflow/example_dags/example_setup_teardown_taskflow.py for tasks to queue
[2025-11-02T18:42:28.670+0000] {logging_mixin.py:188} INFO - [2025-11-02T18:42:28.669+0000] {dagbag.py:538} INFO - Filling up the DagBag from /home/airflow/.local/lib/python3.8/site-packages/airflow/example_dags/example_setup_teardown_taskflow.py
[2025-11-02T18:42:28.699+0000] {processor.py:840} INFO - DAG(s) 'example_setup_teardown_taskflow' retrieved from /home/airflow/.local/lib/python3.8/site-packages/airflow/example_dags/example_setup_teardown_taskflow.py
[2025-11-02T18:42:28.759+0000] {logging_mixin.py:188} INFO - [2025-11-02T18:42:28.758+0000] {dag.py:3036} INFO - Sync 1 DAGs
[2025-11-02T18:42:28.822+0000] {logging_mixin.py:188} INFO - [2025-11-02T18:42:28.821+0000] {dag.py:3823} INFO - Setting next_dagrun for example_setup_teardown_taskflow to 2025-11-01 00:00:00+00:00, run_after=2025-11-02 00:00:00+00:00
[2025-11-02T18:42:28.875+0000] {processor.py:183} INFO - Processing /home/airflow/.local/lib/python3.8/site-packages/airflow/example_dags/example_setup_teardown_taskflow.py took 0.233 seconds
[2025-11-02T18:42:59.963+0000] {processor.py:161} INFO - Started process (PID=2034) to work on /home/airflow/.local/lib/python3.8/site-packages/airflow/example_dags/example_setup_teardown_taskflow.py
[2025-11-02T18:42:59.985+0000] {processor.py:830} INFO - Processing file /home/airflow/.local/lib/python3.8/site-packages/airflow/example_dags/example_setup_teardown_taskflow.py for tasks to queue
[2025-11-02T18:43:00.005+0000] {logging_mixin.py:188} INFO - [2025-11-02T18:43:00.004+0000] {dagbag.py:538} INFO - Filling up the DagBag from /home/airflow/.local/lib/python3.8/site-packages/airflow/example_dags/example_setup_teardown_taskflow.py
[2025-11-02T18:43:00.151+0000] {processor.py:840} INFO - DAG(s) 'example_setup_teardown_taskflow' retrieved from /home/airflow/.local/lib/python3.8/site-packages/airflow/example_dags/example_setup_teardown_taskflow.py
[2025-11-02T18:43:00.355+0000] {logging_mixin.py:188} INFO - [2025-11-02T18:43:00.354+0000] {dag.py:3036} INFO - Sync 1 DAGs
[2025-11-02T18:43:00.564+0000] {logging_mixin.py:188} INFO - [2025-11-02T18:43:00.564+0000] {dag.py:3823} INFO - Setting next_dagrun for example_setup_teardown_taskflow to 2025-11-01 00:00:00+00:00, run_after=2025-11-02 00:00:00+00:00
[2025-11-02T18:43:00.854+0000] {processor.py:183} INFO - Processing /home/airflow/.local/lib/python3.8/site-packages/airflow/example_dags/example_setup_teardown_taskflow.py took 0.906 seconds
[2025-11-02T18:43:31.907+0000] {processor.py:161} INFO - Started process (PID=2089) to work on /home/airflow/.local/lib/python3.8/site-packages/airflow/example_dags/example_setup_teardown_taskflow.py
[2025-11-02T18:43:31.920+0000] {processor.py:830} INFO - Processing file /home/airflow/.local/lib/python3.8/site-packages/airflow/example_dags/example_setup_teardown_taskflow.py for tasks to queue
[2025-11-02T18:43:31.940+0000] {logging_mixin.py:188} INFO - [2025-11-02T18:43:31.939+0000] {dagbag.py:538} INFO - Filling up the DagBag from /home/airflow/.local/lib/python3.8/site-packages/airflow/example_dags/example_setup_teardown_taskflow.py
[2025-11-02T18:43:31.982+0000] {processor.py:840} INFO - DAG(s) 'example_setup_teardown_taskflow' retrieved from /home/airflow/.local/lib/python3.8/site-packages/airflow/example_dags/example_setup_teardown_taskflow.py
[2025-11-02T18:43:32.075+0000] {logging_mixin.py:188} INFO - [2025-11-02T18:43:32.074+0000] {dag.py:3036} INFO - Sync 1 DAGs
[2025-11-02T18:43:32.186+0000] {logging_mixin.py:188} INFO - [2025-11-02T18:43:32.185+0000] {dag.py:3823} INFO - Setting next_dagrun for example_setup_teardown_taskflow to 2025-11-01 00:00:00+00:00, run_after=2025-11-02 00:00:00+00:00
[2025-11-02T18:43:32.286+0000] {processor.py:183} INFO - Processing /home/airflow/.local/lib/python3.8/site-packages/airflow/example_dags/example_setup_teardown_taskflow.py took 0.409 seconds
[2025-11-02T18:44:02.530+0000] {processor.py:161} INFO - Started process (PID=2144) to work on /home/airflow/.local/lib/python3.8/site-packages/airflow/example_dags/example_setup_teardown_taskflow.py
[2025-11-02T18:44:02.533+0000] {processor.py:830} INFO - Processing file /home/airflow/.local/lib/python3.8/site-packages/airflow/example_dags/example_setup_teardown_taskflow.py for tasks to queue
[2025-11-02T18:44:02.542+0000] {logging_mixin.py:188} INFO - [2025-11-02T18:44:02.540+0000] {dagbag.py:538} INFO - Filling up the DagBag from /home/airflow/.local/lib/python3.8/site-packages/airflow/example_dags/example_setup_teardown_taskflow.py
[2025-11-02T18:44:02.580+0000] {processor.py:840} INFO - DAG(s) 'example_setup_teardown_taskflow' retrieved from /home/airflow/.local/lib/python3.8/site-packages/airflow/example_dags/example_setup_teardown_taskflow.py
[2025-11-02T18:44:02.674+0000] {logging_mixin.py:188} INFO - [2025-11-02T18:44:02.674+0000] {dag.py:3036} INFO - Sync 1 DAGs
[2025-11-02T18:44:02.761+0000] {logging_mixin.py:188} INFO - [2025-11-02T18:44:02.760+0000] {dag.py:3823} INFO - Setting next_dagrun for example_setup_teardown_taskflow to 2025-11-01 00:00:00+00:00, run_after=2025-11-02 00:00:00+00:00
[2025-11-02T18:44:02.860+0000] {processor.py:183} INFO - Processing /home/airflow/.local/lib/python3.8/site-packages/airflow/example_dags/example_setup_teardown_taskflow.py took 0.346 seconds
[2025-11-02T18:44:33.336+0000] {processor.py:161} INFO - Started process (PID=2199) to work on /home/airflow/.local/lib/python3.8/site-packages/airflow/example_dags/example_setup_teardown_taskflow.py
[2025-11-02T18:44:33.348+0000] {processor.py:830} INFO - Processing file /home/airflow/.local/lib/python3.8/site-packages/airflow/example_dags/example_setup_teardown_taskflow.py for tasks to queue
[2025-11-02T18:44:33.362+0000] {logging_mixin.py:188} INFO - [2025-11-02T18:44:33.362+0000] {dagbag.py:538} INFO - Filling up the DagBag from /home/airflow/.local/lib/python3.8/site-packages/airflow/example_dags/example_setup_teardown_taskflow.py
[2025-11-02T18:44:33.399+0000] {processor.py:840} INFO - DAG(s) 'example_setup_teardown_taskflow' retrieved from /home/airflow/.local/lib/python3.8/site-packages/airflow/example_dags/example_setup_teardown_taskflow.py
[2025-11-02T18:44:33.477+0000] {logging_mixin.py:188} INFO - [2025-11-02T18:44:33.476+0000] {dag.py:3036} INFO - Sync 1 DAGs
[2025-11-02T18:44:33.577+0000] {logging_mixin.py:188} INFO - [2025-11-02T18:44:33.576+0000] {dag.py:3823} INFO - Setting next_dagrun for example_setup_teardown_taskflow to 2025-11-01 00:00:00+00:00, run_after=2025-11-02 00:00:00+00:00
[2025-11-02T18:44:33.823+0000] {processor.py:183} INFO - Processing /home/airflow/.local/lib/python3.8/site-packages/airflow/example_dags/example_setup_teardown_taskflow.py took 0.501 seconds
[2025-11-02T18:45:04.117+0000] {processor.py:161} INFO - Started process (PID=2254) to work on /home/airflow/.local/lib/python3.8/site-packages/airflow/example_dags/example_setup_teardown_taskflow.py
[2025-11-02T18:45:04.121+0000] {processor.py:830} INFO - Processing file /home/airflow/.local/lib/python3.8/site-packages/airflow/example_dags/example_setup_teardown_taskflow.py for tasks to queue
[2025-11-02T18:45:04.127+0000] {logging_mixin.py:188} INFO - [2025-11-02T18:45:04.126+0000] {dagbag.py:538} INFO - Filling up the DagBag from /home/airflow/.local/lib/python3.8/site-packages/airflow/example_dags/example_setup_teardown_taskflow.py
[2025-11-02T18:45:04.153+0000] {processor.py:840} INFO - DAG(s) 'example_setup_teardown_taskflow' retrieved from /home/airflow/.local/lib/python3.8/site-packages/airflow/example_dags/example_setup_teardown_taskflow.py
[2025-11-02T18:45:04.208+0000] {logging_mixin.py:188} INFO - [2025-11-02T18:45:04.208+0000] {dag.py:3036} INFO - Sync 1 DAGs
[2025-11-02T18:45:04.257+0000] {logging_mixin.py:188} INFO - [2025-11-02T18:45:04.257+0000] {dag.py:3823} INFO - Setting next_dagrun for example_setup_teardown_taskflow to 2025-11-01 00:00:00+00:00, run_after=2025-11-02 00:00:00+00:00
[2025-11-02T18:45:04.302+0000] {processor.py:183} INFO - Processing /home/airflow/.local/lib/python3.8/site-packages/airflow/example_dags/example_setup_teardown_taskflow.py took 0.197 seconds
[2025-11-02T18:45:34.599+0000] {processor.py:161} INFO - Started process (PID=2309) to work on /home/airflow/.local/lib/python3.8/site-packages/airflow/example_dags/example_setup_teardown_taskflow.py
[2025-11-02T18:45:34.602+0000] {processor.py:830} INFO - Processing file /home/airflow/.local/lib/python3.8/site-packages/airflow/example_dags/example_setup_teardown_taskflow.py for tasks to queue
[2025-11-02T18:45:34.613+0000] {logging_mixin.py:188} INFO - [2025-11-02T18:45:34.609+0000] {dagbag.py:538} INFO - Filling up the DagBag from /home/airflow/.local/lib/python3.8/site-packages/airflow/example_dags/example_setup_teardown_taskflow.py
[2025-11-02T18:45:34.664+0000] {processor.py:840} INFO - DAG(s) 'example_setup_teardown_taskflow' retrieved from /home/airflow/.local/lib/python3.8/site-packages/airflow/example_dags/example_setup_teardown_taskflow.py
[2025-11-02T18:45:34.827+0000] {logging_mixin.py:188} INFO - [2025-11-02T18:45:34.826+0000] {dag.py:3036} INFO - Sync 1 DAGs
[2025-11-02T18:45:34.947+0000] {logging_mixin.py:188} INFO - [2025-11-02T18:45:34.942+0000] {dag.py:3823} INFO - Setting next_dagrun for example_setup_teardown_taskflow to 2025-11-01 00:00:00+00:00, run_after=2025-11-02 00:00:00+00:00
[2025-11-02T18:45:35.050+0000] {processor.py:183} INFO - Processing /home/airflow/.local/lib/python3.8/site-packages/airflow/example_dags/example_setup_teardown_taskflow.py took 0.466 seconds
[2025-11-02T18:46:05.687+0000] {processor.py:161} INFO - Started process (PID=2364) to work on /home/airflow/.local/lib/python3.8/site-packages/airflow/example_dags/example_setup_teardown_taskflow.py
[2025-11-02T18:46:05.690+0000] {processor.py:830} INFO - Processing file /home/airflow/.local/lib/python3.8/site-packages/airflow/example_dags/example_setup_teardown_taskflow.py for tasks to queue
[2025-11-02T18:46:05.697+0000] {logging_mixin.py:188} INFO - [2025-11-02T18:46:05.696+0000] {dagbag.py:538} INFO - Filling up the DagBag from /home/airflow/.local/lib/python3.8/site-packages/airflow/example_dags/example_setup_teardown_taskflow.py
[2025-11-02T18:46:05.726+0000] {processor.py:840} INFO - DAG(s) 'example_setup_teardown_taskflow' retrieved from /home/airflow/.local/lib/python3.8/site-packages/airflow/example_dags/example_setup_teardown_taskflow.py
[2025-11-02T18:46:05.791+0000] {logging_mixin.py:188} INFO - [2025-11-02T18:46:05.790+0000] {dag.py:3036} INFO - Sync 1 DAGs
[2025-11-02T18:46:05.849+0000] {logging_mixin.py:188} INFO - [2025-11-02T18:46:05.848+0000] {dag.py:3823} INFO - Setting next_dagrun for example_setup_teardown_taskflow to 2025-11-01 00:00:00+00:00, run_after=2025-11-02 00:00:00+00:00
[2025-11-02T18:46:05.896+0000] {processor.py:183} INFO - Processing /home/airflow/.local/lib/python3.8/site-packages/airflow/example_dags/example_setup_teardown_taskflow.py took 0.222 seconds
[2025-11-02T18:46:36.060+0000] {processor.py:161} INFO - Started process (PID=2419) to work on /home/airflow/.local/lib/python3.8/site-packages/airflow/example_dags/example_setup_teardown_taskflow.py
[2025-11-02T18:46:36.065+0000] {processor.py:830} INFO - Processing file /home/airflow/.local/lib/python3.8/site-packages/airflow/example_dags/example_setup_teardown_taskflow.py for tasks to queue
[2025-11-02T18:46:36.073+0000] {logging_mixin.py:188} INFO - [2025-11-02T18:46:36.072+0000] {dagbag.py:538} INFO - Filling up the DagBag from /home/airflow/.local/lib/python3.8/site-packages/airflow/example_dags/example_setup_teardown_taskflow.py
[2025-11-02T18:46:36.107+0000] {processor.py:840} INFO - DAG(s) 'example_setup_teardown_taskflow' retrieved from /home/airflow/.local/lib/python3.8/site-packages/airflow/example_dags/example_setup_teardown_taskflow.py
[2025-11-02T18:46:36.163+0000] {logging_mixin.py:188} INFO - [2025-11-02T18:46:36.163+0000] {dag.py:3036} INFO - Sync 1 DAGs
[2025-11-02T18:46:36.216+0000] {logging_mixin.py:188} INFO - [2025-11-02T18:46:36.216+0000] {dag.py:3823} INFO - Setting next_dagrun for example_setup_teardown_taskflow to 2025-11-01 00:00:00+00:00, run_after=2025-11-02 00:00:00+00:00
[2025-11-02T18:46:36.269+0000] {processor.py:183} INFO - Processing /home/airflow/.local/lib/python3.8/site-packages/airflow/example_dags/example_setup_teardown_taskflow.py took 0.222 seconds
[2025-11-02T18:47:06.644+0000] {processor.py:161} INFO - Started process (PID=2475) to work on /home/airflow/.local/lib/python3.8/site-packages/airflow/example_dags/example_setup_teardown_taskflow.py
[2025-11-02T18:47:06.646+0000] {processor.py:830} INFO - Processing file /home/airflow/.local/lib/python3.8/site-packages/airflow/example_dags/example_setup_teardown_taskflow.py for tasks to queue
[2025-11-02T18:47:06.651+0000] {logging_mixin.py:188} INFO - [2025-11-02T18:47:06.650+0000] {dagbag.py:538} INFO - Filling up the DagBag from /home/airflow/.local/lib/python3.8/site-packages/airflow/example_dags/example_setup_teardown_taskflow.py
[2025-11-02T18:47:06.703+0000] {processor.py:840} INFO - DAG(s) 'example_setup_teardown_taskflow' retrieved from /home/airflow/.local/lib/python3.8/site-packages/airflow/example_dags/example_setup_teardown_taskflow.py
[2025-11-02T18:47:06.801+0000] {logging_mixin.py:188} INFO - [2025-11-02T18:47:06.800+0000] {dag.py:3036} INFO - Sync 1 DAGs
[2025-11-02T18:47:06.896+0000] {logging_mixin.py:188} INFO - [2025-11-02T18:47:06.893+0000] {dag.py:3823} INFO - Setting next_dagrun for example_setup_teardown_taskflow to 2025-11-01 00:00:00+00:00, run_after=2025-11-02 00:00:00+00:00
[2025-11-02T18:47:06.988+0000] {processor.py:183} INFO - Processing /home/airflow/.local/lib/python3.8/site-packages/airflow/example_dags/example_setup_teardown_taskflow.py took 0.353 seconds
[2025-11-02T18:47:37.404+0000] {processor.py:161} INFO - Started process (PID=2530) to work on /home/airflow/.local/lib/python3.8/site-packages/airflow/example_dags/example_setup_teardown_taskflow.py
[2025-11-02T18:47:37.407+0000] {processor.py:830} INFO - Processing file /home/airflow/.local/lib/python3.8/site-packages/airflow/example_dags/example_setup_teardown_taskflow.py for tasks to queue
[2025-11-02T18:47:37.413+0000] {logging_mixin.py:188} INFO - [2025-11-02T18:47:37.413+0000] {dagbag.py:538} INFO - Filling up the DagBag from /home/airflow/.local/lib/python3.8/site-packages/airflow/example_dags/example_setup_teardown_taskflow.py
[2025-11-02T18:47:37.434+0000] {processor.py:840} INFO - DAG(s) 'example_setup_teardown_taskflow' retrieved from /home/airflow/.local/lib/python3.8/site-packages/airflow/example_dags/example_setup_teardown_taskflow.py
[2025-11-02T18:47:37.490+0000] {logging_mixin.py:188} INFO - [2025-11-02T18:47:37.490+0000] {dag.py:3036} INFO - Sync 1 DAGs
[2025-11-02T18:47:37.540+0000] {logging_mixin.py:188} INFO - [2025-11-02T18:47:37.539+0000] {dag.py:3823} INFO - Setting next_dagrun for example_setup_teardown_taskflow to 2025-11-01 00:00:00+00:00, run_after=2025-11-02 00:00:00+00:00
[2025-11-02T18:47:37.583+0000] {processor.py:183} INFO - Processing /home/airflow/.local/lib/python3.8/site-packages/airflow/example_dags/example_setup_teardown_taskflow.py took 0.207 seconds
[2025-11-02T18:48:07.874+0000] {processor.py:161} INFO - Started process (PID=2584) to work on /home/airflow/.local/lib/python3.8/site-packages/airflow/example_dags/example_setup_teardown_taskflow.py
[2025-11-02T18:48:07.877+0000] {processor.py:830} INFO - Processing file /home/airflow/.local/lib/python3.8/site-packages/airflow/example_dags/example_setup_teardown_taskflow.py for tasks to queue
[2025-11-02T18:48:07.882+0000] {logging_mixin.py:188} INFO - [2025-11-02T18:48:07.882+0000] {dagbag.py:538} INFO - Filling up the DagBag from /home/airflow/.local/lib/python3.8/site-packages/airflow/example_dags/example_setup_teardown_taskflow.py
[2025-11-02T18:48:07.906+0000] {processor.py:840} INFO - DAG(s) 'example_setup_teardown_taskflow' retrieved from /home/airflow/.local/lib/python3.8/site-packages/airflow/example_dags/example_setup_teardown_taskflow.py
[2025-11-02T18:48:07.963+0000] {logging_mixin.py:188} INFO - [2025-11-02T18:48:07.963+0000] {dag.py:3036} INFO - Sync 1 DAGs
[2025-11-02T18:48:08.025+0000] {logging_mixin.py:188} INFO - [2025-11-02T18:48:08.024+0000] {dag.py:3823} INFO - Setting next_dagrun for example_setup_teardown_taskflow to 2025-11-01 00:00:00+00:00, run_after=2025-11-02 00:00:00+00:00
[2025-11-02T18:48:08.083+0000] {processor.py:183} INFO - Processing /home/airflow/.local/lib/python3.8/site-packages/airflow/example_dags/example_setup_teardown_taskflow.py took 0.217 seconds
[2025-11-02T18:48:38.535+0000] {processor.py:161} INFO - Started process (PID=2639) to work on /home/airflow/.local/lib/python3.8/site-packages/airflow/example_dags/example_setup_teardown_taskflow.py
[2025-11-02T18:48:38.538+0000] {processor.py:830} INFO - Processing file /home/airflow/.local/lib/python3.8/site-packages/airflow/example_dags/example_setup_teardown_taskflow.py for tasks to queue
[2025-11-02T18:48:38.546+0000] {logging_mixin.py:188} INFO - [2025-11-02T18:48:38.545+0000] {dagbag.py:538} INFO - Filling up the DagBag from /home/airflow/.local/lib/python3.8/site-packages/airflow/example_dags/example_setup_teardown_taskflow.py
[2025-11-02T18:48:38.577+0000] {processor.py:840} INFO - DAG(s) 'example_setup_teardown_taskflow' retrieved from /home/airflow/.local/lib/python3.8/site-packages/airflow/example_dags/example_setup_teardown_taskflow.py
[2025-11-02T18:48:38.647+0000] {logging_mixin.py:188} INFO - [2025-11-02T18:48:38.646+0000] {dag.py:3036} INFO - Sync 1 DAGs
[2025-11-02T18:48:39.042+0000] {logging_mixin.py:188} INFO - [2025-11-02T18:48:39.041+0000] {dag.py:3823} INFO - Setting next_dagrun for example_setup_teardown_taskflow to 2025-11-01 00:00:00+00:00, run_after=2025-11-02 00:00:00+00:00
[2025-11-02T18:48:39.110+0000] {processor.py:183} INFO - Processing /home/airflow/.local/lib/python3.8/site-packages/airflow/example_dags/example_setup_teardown_taskflow.py took 0.587 seconds
[2025-11-02T18:49:09.936+0000] {processor.py:161} INFO - Started process (PID=2695) to work on /home/airflow/.local/lib/python3.8/site-packages/airflow/example_dags/example_setup_teardown_taskflow.py
[2025-11-02T18:49:09.939+0000] {processor.py:830} INFO - Processing file /home/airflow/.local/lib/python3.8/site-packages/airflow/example_dags/example_setup_teardown_taskflow.py for tasks to queue
[2025-11-02T18:49:09.946+0000] {logging_mixin.py:188} INFO - [2025-11-02T18:49:09.945+0000] {dagbag.py:538} INFO - Filling up the DagBag from /home/airflow/.local/lib/python3.8/site-packages/airflow/example_dags/example_setup_teardown_taskflow.py
[2025-11-02T18:49:09.968+0000] {processor.py:840} INFO - DAG(s) 'example_setup_teardown_taskflow' retrieved from /home/airflow/.local/lib/python3.8/site-packages/airflow/example_dags/example_setup_teardown_taskflow.py
[2025-11-02T18:49:10.049+0000] {logging_mixin.py:188} INFO - [2025-11-02T18:49:10.037+0000] {dag.py:3036} INFO - Sync 1 DAGs
[2025-11-02T18:49:10.135+0000] {logging_mixin.py:188} INFO - [2025-11-02T18:49:10.135+0000] {dag.py:3823} INFO - Setting next_dagrun for example_setup_teardown_taskflow to 2025-11-01 00:00:00+00:00, run_after=2025-11-02 00:00:00+00:00
[2025-11-02T18:49:10.191+0000] {processor.py:183} INFO - Processing /home/airflow/.local/lib/python3.8/site-packages/airflow/example_dags/example_setup_teardown_taskflow.py took 0.267 seconds
[2025-11-02T18:49:40.632+0000] {processor.py:161} INFO - Started process (PID=2750) to work on /home/airflow/.local/lib/python3.8/site-packages/airflow/example_dags/example_setup_teardown_taskflow.py
[2025-11-02T18:49:40.636+0000] {processor.py:830} INFO - Processing file /home/airflow/.local/lib/python3.8/site-packages/airflow/example_dags/example_setup_teardown_taskflow.py for tasks to queue
[2025-11-02T18:49:40.643+0000] {logging_mixin.py:188} INFO - [2025-11-02T18:49:40.642+0000] {dagbag.py:538} INFO - Filling up the DagBag from /home/airflow/.local/lib/python3.8/site-packages/airflow/example_dags/example_setup_teardown_taskflow.py
[2025-11-02T18:49:40.694+0000] {processor.py:840} INFO - DAG(s) 'example_setup_teardown_taskflow' retrieved from /home/airflow/.local/lib/python3.8/site-packages/airflow/example_dags/example_setup_teardown_taskflow.py
[2025-11-02T18:49:40.790+0000] {logging_mixin.py:188} INFO - [2025-11-02T18:49:40.790+0000] {dag.py:3036} INFO - Sync 1 DAGs
[2025-11-02T18:49:40.867+0000] {logging_mixin.py:188} INFO - [2025-11-02T18:49:40.866+0000] {dag.py:3823} INFO - Setting next_dagrun for example_setup_teardown_taskflow to 2025-11-01 00:00:00+00:00, run_after=2025-11-02 00:00:00+00:00
[2025-11-02T18:49:40.928+0000] {processor.py:183} INFO - Processing /home/airflow/.local/lib/python3.8/site-packages/airflow/example_dags/example_setup_teardown_taskflow.py took 0.314 seconds
[2025-11-02T18:50:11.018+0000] {processor.py:161} INFO - Started process (PID=2805) to work on /home/airflow/.local/lib/python3.8/site-packages/airflow/example_dags/example_setup_teardown_taskflow.py
[2025-11-02T18:50:11.021+0000] {processor.py:830} INFO - Processing file /home/airflow/.local/lib/python3.8/site-packages/airflow/example_dags/example_setup_teardown_taskflow.py for tasks to queue
[2025-11-02T18:50:11.026+0000] {logging_mixin.py:188} INFO - [2025-11-02T18:50:11.025+0000] {dagbag.py:538} INFO - Filling up the DagBag from /home/airflow/.local/lib/python3.8/site-packages/airflow/example_dags/example_setup_teardown_taskflow.py
[2025-11-02T18:50:11.048+0000] {processor.py:840} INFO - DAG(s) 'example_setup_teardown_taskflow' retrieved from /home/airflow/.local/lib/python3.8/site-packages/airflow/example_dags/example_setup_teardown_taskflow.py
[2025-11-02T18:50:11.112+0000] {logging_mixin.py:188} INFO - [2025-11-02T18:50:11.111+0000] {dag.py:3036} INFO - Sync 1 DAGs
[2025-11-02T18:50:11.165+0000] {logging_mixin.py:188} INFO - [2025-11-02T18:50:11.164+0000] {dag.py:3823} INFO - Setting next_dagrun for example_setup_teardown_taskflow to 2025-11-01 00:00:00+00:00, run_after=2025-11-02 00:00:00+00:00
[2025-11-02T18:50:11.215+0000] {processor.py:183} INFO - Processing /home/airflow/.local/lib/python3.8/site-packages/airflow/example_dags/example_setup_teardown_taskflow.py took 0.206 seconds
[2025-11-02T18:50:41.562+0000] {processor.py:161} INFO - Started process (PID=2860) to work on /home/airflow/.local/lib/python3.8/site-packages/airflow/example_dags/example_setup_teardown_taskflow.py
[2025-11-02T18:50:41.564+0000] {processor.py:830} INFO - Processing file /home/airflow/.local/lib/python3.8/site-packages/airflow/example_dags/example_setup_teardown_taskflow.py for tasks to queue
[2025-11-02T18:50:41.570+0000] {logging_mixin.py:188} INFO - [2025-11-02T18:50:41.569+0000] {dagbag.py:538} INFO - Filling up the DagBag from /home/airflow/.local/lib/python3.8/site-packages/airflow/example_dags/example_setup_teardown_taskflow.py
[2025-11-02T18:50:41.603+0000] {processor.py:840} INFO - DAG(s) 'example_setup_teardown_taskflow' retrieved from /home/airflow/.local/lib/python3.8/site-packages/airflow/example_dags/example_setup_teardown_taskflow.py
[2025-11-02T18:50:42.195+0000] {logging_mixin.py:188} INFO - [2025-11-02T18:50:42.194+0000] {dag.py:3036} INFO - Sync 1 DAGs
[2025-11-02T18:50:42.309+0000] {logging_mixin.py:188} INFO - [2025-11-02T18:50:42.308+0000] {dag.py:3823} INFO - Setting next_dagrun for example_setup_teardown_taskflow to 2025-11-01 00:00:00+00:00, run_after=2025-11-02 00:00:00+00:00
[2025-11-02T18:50:42.393+0000] {processor.py:183} INFO - Processing /home/airflow/.local/lib/python3.8/site-packages/airflow/example_dags/example_setup_teardown_taskflow.py took 0.707 seconds
[2025-11-02T18:51:12.523+0000] {processor.py:161} INFO - Started process (PID=2916) to work on /home/airflow/.local/lib/python3.8/site-packages/airflow/example_dags/example_setup_teardown_taskflow.py
[2025-11-02T18:51:12.526+0000] {processor.py:830} INFO - Processing file /home/airflow/.local/lib/python3.8/site-packages/airflow/example_dags/example_setup_teardown_taskflow.py for tasks to queue
[2025-11-02T18:51:12.531+0000] {logging_mixin.py:188} INFO - [2025-11-02T18:51:12.530+0000] {dagbag.py:538} INFO - Filling up the DagBag from /home/airflow/.local/lib/python3.8/site-packages/airflow/example_dags/example_setup_teardown_taskflow.py
[2025-11-02T18:51:12.561+0000] {processor.py:840} INFO - DAG(s) 'example_setup_teardown_taskflow' retrieved from /home/airflow/.local/lib/python3.8/site-packages/airflow/example_dags/example_setup_teardown_taskflow.py
[2025-11-02T18:51:12.617+0000] {logging_mixin.py:188} INFO - [2025-11-02T18:51:12.617+0000] {dag.py:3036} INFO - Sync 1 DAGs
[2025-11-02T18:51:12.683+0000] {logging_mixin.py:188} INFO - [2025-11-02T18:51:12.683+0000] {dag.py:3823} INFO - Setting next_dagrun for example_setup_teardown_taskflow to 2025-11-01 00:00:00+00:00, run_after=2025-11-02 00:00:00+00:00
[2025-11-02T18:51:12.734+0000] {processor.py:183} INFO - Processing /home/airflow/.local/lib/python3.8/site-packages/airflow/example_dags/example_setup_teardown_taskflow.py took 0.220 seconds
[2025-11-02T18:51:42.917+0000] {processor.py:161} INFO - Started process (PID=2970) to work on /home/airflow/.local/lib/python3.8/site-packages/airflow/example_dags/example_setup_teardown_taskflow.py
[2025-11-02T18:51:42.920+0000] {processor.py:830} INFO - Processing file /home/airflow/.local/lib/python3.8/site-packages/airflow/example_dags/example_setup_teardown_taskflow.py for tasks to queue
[2025-11-02T18:51:42.928+0000] {logging_mixin.py:188} INFO - [2025-11-02T18:51:42.927+0000] {dagbag.py:538} INFO - Filling up the DagBag from /home/airflow/.local/lib/python3.8/site-packages/airflow/example_dags/example_setup_teardown_taskflow.py
[2025-11-02T18:51:42.967+0000] {processor.py:840} INFO - DAG(s) 'example_setup_teardown_taskflow' retrieved from /home/airflow/.local/lib/python3.8/site-packages/airflow/example_dags/example_setup_teardown_taskflow.py
[2025-11-02T18:51:43.040+0000] {logging_mixin.py:188} INFO - [2025-11-02T18:51:43.039+0000] {dag.py:3036} INFO - Sync 1 DAGs
[2025-11-02T18:51:43.113+0000] {logging_mixin.py:188} INFO - [2025-11-02T18:51:43.112+0000] {dag.py:3823} INFO - Setting next_dagrun for example_setup_teardown_taskflow to 2025-11-01 00:00:00+00:00, run_after=2025-11-02 00:00:00+00:00
[2025-11-02T18:51:43.195+0000] {processor.py:183} INFO - Processing /home/airflow/.local/lib/python3.8/site-packages/airflow/example_dags/example_setup_teardown_taskflow.py took 0.290 seconds
[2025-11-02T18:52:13.950+0000] {processor.py:161} INFO - Started process (PID=3025) to work on /home/airflow/.local/lib/python3.8/site-packages/airflow/example_dags/example_setup_teardown_taskflow.py
[2025-11-02T18:52:13.953+0000] {processor.py:830} INFO - Processing file /home/airflow/.local/lib/python3.8/site-packages/airflow/example_dags/example_setup_teardown_taskflow.py for tasks to queue
[2025-11-02T18:52:13.958+0000] {logging_mixin.py:188} INFO - [2025-11-02T18:52:13.957+0000] {dagbag.py:538} INFO - Filling up the DagBag from /home/airflow/.local/lib/python3.8/site-packages/airflow/example_dags/example_setup_teardown_taskflow.py
[2025-11-02T18:52:13.979+0000] {processor.py:840} INFO - DAG(s) 'example_setup_teardown_taskflow' retrieved from /home/airflow/.local/lib/python3.8/site-packages/airflow/example_dags/example_setup_teardown_taskflow.py
[2025-11-02T18:52:14.027+0000] {logging_mixin.py:188} INFO - [2025-11-02T18:52:14.027+0000] {dag.py:3036} INFO - Sync 1 DAGs
[2025-11-02T18:52:14.072+0000] {logging_mixin.py:188} INFO - [2025-11-02T18:52:14.071+0000] {dag.py:3823} INFO - Setting next_dagrun for example_setup_teardown_taskflow to 2025-11-01 00:00:00+00:00, run_after=2025-11-02 00:00:00+00:00
[2025-11-02T18:52:14.114+0000] {processor.py:183} INFO - Processing /home/airflow/.local/lib/python3.8/site-packages/airflow/example_dags/example_setup_teardown_taskflow.py took 0.173 seconds
[2025-11-02T18:52:44.603+0000] {processor.py:161} INFO - Started process (PID=3080) to work on /home/airflow/.local/lib/python3.8/site-packages/airflow/example_dags/example_setup_teardown_taskflow.py
[2025-11-02T18:52:44.607+0000] {processor.py:830} INFO - Processing file /home/airflow/.local/lib/python3.8/site-packages/airflow/example_dags/example_setup_teardown_taskflow.py for tasks to queue
[2025-11-02T18:52:44.619+0000] {logging_mixin.py:188} INFO - [2025-11-02T18:52:44.618+0000] {dagbag.py:538} INFO - Filling up the DagBag from /home/airflow/.local/lib/python3.8/site-packages/airflow/example_dags/example_setup_teardown_taskflow.py
[2025-11-02T18:52:44.677+0000] {processor.py:840} INFO - DAG(s) 'example_setup_teardown_taskflow' retrieved from /home/airflow/.local/lib/python3.8/site-packages/airflow/example_dags/example_setup_teardown_taskflow.py
[2025-11-02T18:52:44.760+0000] {logging_mixin.py:188} INFO - [2025-11-02T18:52:44.759+0000] {dag.py:3036} INFO - Sync 1 DAGs
[2025-11-02T18:52:44.837+0000] {logging_mixin.py:188} INFO - [2025-11-02T18:52:44.836+0000] {dag.py:3823} INFO - Setting next_dagrun for example_setup_teardown_taskflow to 2025-11-01 00:00:00+00:00, run_after=2025-11-02 00:00:00+00:00
[2025-11-02T18:52:44.987+0000] {processor.py:183} INFO - Processing /home/airflow/.local/lib/python3.8/site-packages/airflow/example_dags/example_setup_teardown_taskflow.py took 0.390 seconds
[2025-11-02T18:53:15.491+0000] {processor.py:161} INFO - Started process (PID=3135) to work on /home/airflow/.local/lib/python3.8/site-packages/airflow/example_dags/example_setup_teardown_taskflow.py
[2025-11-02T18:53:15.495+0000] {processor.py:830} INFO - Processing file /home/airflow/.local/lib/python3.8/site-packages/airflow/example_dags/example_setup_teardown_taskflow.py for tasks to queue
[2025-11-02T18:53:15.505+0000] {logging_mixin.py:188} INFO - [2025-11-02T18:53:15.504+0000] {dagbag.py:538} INFO - Filling up the DagBag from /home/airflow/.local/lib/python3.8/site-packages/airflow/example_dags/example_setup_teardown_taskflow.py
[2025-11-02T18:53:15.536+0000] {processor.py:840} INFO - DAG(s) 'example_setup_teardown_taskflow' retrieved from /home/airflow/.local/lib/python3.8/site-packages/airflow/example_dags/example_setup_teardown_taskflow.py
[2025-11-02T18:53:15.611+0000] {logging_mixin.py:188} INFO - [2025-11-02T18:53:15.611+0000] {dag.py:3036} INFO - Sync 1 DAGs
[2025-11-02T18:53:15.675+0000] {logging_mixin.py:188} INFO - [2025-11-02T18:53:15.674+0000] {dag.py:3823} INFO - Setting next_dagrun for example_setup_teardown_taskflow to 2025-11-01 00:00:00+00:00, run_after=2025-11-02 00:00:00+00:00
[2025-11-02T18:53:15.741+0000] {processor.py:183} INFO - Processing /home/airflow/.local/lib/python3.8/site-packages/airflow/example_dags/example_setup_teardown_taskflow.py took 0.260 seconds
[2025-11-02T18:53:46.503+0000] {processor.py:161} INFO - Started process (PID=3190) to work on /home/airflow/.local/lib/python3.8/site-packages/airflow/example_dags/example_setup_teardown_taskflow.py
[2025-11-02T18:53:46.507+0000] {processor.py:830} INFO - Processing file /home/airflow/.local/lib/python3.8/site-packages/airflow/example_dags/example_setup_teardown_taskflow.py for tasks to queue
[2025-11-02T18:53:46.512+0000] {logging_mixin.py:188} INFO - [2025-11-02T18:53:46.512+0000] {dagbag.py:538} INFO - Filling up the DagBag from /home/airflow/.local/lib/python3.8/site-packages/airflow/example_dags/example_setup_teardown_taskflow.py
[2025-11-02T18:53:46.549+0000] {processor.py:840} INFO - DAG(s) 'example_setup_teardown_taskflow' retrieved from /home/airflow/.local/lib/python3.8/site-packages/airflow/example_dags/example_setup_teardown_taskflow.py
[2025-11-02T18:53:46.616+0000] {logging_mixin.py:188} INFO - [2025-11-02T18:53:46.615+0000] {dag.py:3036} INFO - Sync 1 DAGs
[2025-11-02T18:53:46.679+0000] {logging_mixin.py:188} INFO - [2025-11-02T18:53:46.679+0000] {dag.py:3823} INFO - Setting next_dagrun for example_setup_teardown_taskflow to 2025-11-01 00:00:00+00:00, run_after=2025-11-02 00:00:00+00:00
[2025-11-02T18:53:46.741+0000] {processor.py:183} INFO - Processing /home/airflow/.local/lib/python3.8/site-packages/airflow/example_dags/example_setup_teardown_taskflow.py took 0.252 seconds
[2025-11-02T18:54:17.812+0000] {processor.py:161} INFO - Started process (PID=3245) to work on /home/airflow/.local/lib/python3.8/site-packages/airflow/example_dags/example_setup_teardown_taskflow.py
[2025-11-02T18:54:17.816+0000] {processor.py:830} INFO - Processing file /home/airflow/.local/lib/python3.8/site-packages/airflow/example_dags/example_setup_teardown_taskflow.py for tasks to queue
[2025-11-02T18:54:17.832+0000] {logging_mixin.py:188} INFO - [2025-11-02T18:54:17.830+0000] {dagbag.py:538} INFO - Filling up the DagBag from /home/airflow/.local/lib/python3.8/site-packages/airflow/example_dags/example_setup_teardown_taskflow.py
[2025-11-02T18:54:17.889+0000] {processor.py:840} INFO - DAG(s) 'example_setup_teardown_taskflow' retrieved from /home/airflow/.local/lib/python3.8/site-packages/airflow/example_dags/example_setup_teardown_taskflow.py
[2025-11-02T18:54:17.982+0000] {logging_mixin.py:188} INFO - [2025-11-02T18:54:17.981+0000] {dag.py:3036} INFO - Sync 1 DAGs
[2025-11-02T18:54:18.080+0000] {logging_mixin.py:188} INFO - [2025-11-02T18:54:18.080+0000] {dag.py:3823} INFO - Setting next_dagrun for example_setup_teardown_taskflow to 2025-11-01 00:00:00+00:00, run_after=2025-11-02 00:00:00+00:00
[2025-11-02T18:54:18.153+0000] {processor.py:183} INFO - Processing /home/airflow/.local/lib/python3.8/site-packages/airflow/example_dags/example_setup_teardown_taskflow.py took 0.367 seconds
[2025-11-02T18:54:48.683+0000] {processor.py:161} INFO - Started process (PID=3300) to work on /home/airflow/.local/lib/python3.8/site-packages/airflow/example_dags/example_setup_teardown_taskflow.py
[2025-11-02T18:54:48.690+0000] {processor.py:830} INFO - Processing file /home/airflow/.local/lib/python3.8/site-packages/airflow/example_dags/example_setup_teardown_taskflow.py for tasks to queue
[2025-11-02T18:54:48.700+0000] {logging_mixin.py:188} INFO - [2025-11-02T18:54:48.699+0000] {dagbag.py:538} INFO - Filling up the DagBag from /home/airflow/.local/lib/python3.8/site-packages/airflow/example_dags/example_setup_teardown_taskflow.py
[2025-11-02T18:54:48.740+0000] {processor.py:840} INFO - DAG(s) 'example_setup_teardown_taskflow' retrieved from /home/airflow/.local/lib/python3.8/site-packages/airflow/example_dags/example_setup_teardown_taskflow.py
[2025-11-02T18:54:48.825+0000] {logging_mixin.py:188} INFO - [2025-11-02T18:54:48.824+0000] {dag.py:3036} INFO - Sync 1 DAGs
[2025-11-02T18:54:48.902+0000] {logging_mixin.py:188} INFO - [2025-11-02T18:54:48.902+0000] {dag.py:3823} INFO - Setting next_dagrun for example_setup_teardown_taskflow to 2025-11-01 00:00:00+00:00, run_after=2025-11-02 00:00:00+00:00
[2025-11-02T18:54:48.963+0000] {processor.py:183} INFO - Processing /home/airflow/.local/lib/python3.8/site-packages/airflow/example_dags/example_setup_teardown_taskflow.py took 0.297 seconds
[2025-11-02T18:55:19.527+0000] {processor.py:161} INFO - Started process (PID=3355) to work on /home/airflow/.local/lib/python3.8/site-packages/airflow/example_dags/example_setup_teardown_taskflow.py
[2025-11-02T18:55:19.530+0000] {processor.py:830} INFO - Processing file /home/airflow/.local/lib/python3.8/site-packages/airflow/example_dags/example_setup_teardown_taskflow.py for tasks to queue
[2025-11-02T18:55:19.534+0000] {logging_mixin.py:188} INFO - [2025-11-02T18:55:19.534+0000] {dagbag.py:538} INFO - Filling up the DagBag from /home/airflow/.local/lib/python3.8/site-packages/airflow/example_dags/example_setup_teardown_taskflow.py
[2025-11-02T18:55:19.559+0000] {processor.py:840} INFO - DAG(s) 'example_setup_teardown_taskflow' retrieved from /home/airflow/.local/lib/python3.8/site-packages/airflow/example_dags/example_setup_teardown_taskflow.py
[2025-11-02T18:55:19.617+0000] {logging_mixin.py:188} INFO - [2025-11-02T18:55:19.616+0000] {dag.py:3036} INFO - Sync 1 DAGs
[2025-11-02T18:55:19.687+0000] {logging_mixin.py:188} INFO - [2025-11-02T18:55:19.687+0000] {dag.py:3823} INFO - Setting next_dagrun for example_setup_teardown_taskflow to 2025-11-01 00:00:00+00:00, run_after=2025-11-02 00:00:00+00:00
[2025-11-02T18:55:19.736+0000] {processor.py:183} INFO - Processing /home/airflow/.local/lib/python3.8/site-packages/airflow/example_dags/example_setup_teardown_taskflow.py took 0.218 seconds
[2025-11-02T18:55:50.301+0000] {processor.py:161} INFO - Started process (PID=3409) to work on /home/airflow/.local/lib/python3.8/site-packages/airflow/example_dags/example_setup_teardown_taskflow.py
[2025-11-02T18:55:50.305+0000] {processor.py:830} INFO - Processing file /home/airflow/.local/lib/python3.8/site-packages/airflow/example_dags/example_setup_teardown_taskflow.py for tasks to queue
[2025-11-02T18:55:50.310+0000] {logging_mixin.py:188} INFO - [2025-11-02T18:55:50.310+0000] {dagbag.py:538} INFO - Filling up the DagBag from /home/airflow/.local/lib/python3.8/site-packages/airflow/example_dags/example_setup_teardown_taskflow.py
[2025-11-02T18:55:50.338+0000] {processor.py:840} INFO - DAG(s) 'example_setup_teardown_taskflow' retrieved from /home/airflow/.local/lib/python3.8/site-packages/airflow/example_dags/example_setup_teardown_taskflow.py
[2025-11-02T18:55:50.395+0000] {logging_mixin.py:188} INFO - [2025-11-02T18:55:50.394+0000] {dag.py:3036} INFO - Sync 1 DAGs
[2025-11-02T18:55:50.506+0000] {logging_mixin.py:188} INFO - [2025-11-02T18:55:50.505+0000] {dag.py:3823} INFO - Setting next_dagrun for example_setup_teardown_taskflow to 2025-11-01 00:00:00+00:00, run_after=2025-11-02 00:00:00+00:00
[2025-11-02T18:55:50.587+0000] {processor.py:183} INFO - Processing /home/airflow/.local/lib/python3.8/site-packages/airflow/example_dags/example_setup_teardown_taskflow.py took 0.297 seconds
[2025-11-02T18:56:20.931+0000] {processor.py:161} INFO - Started process (PID=3464) to work on /home/airflow/.local/lib/python3.8/site-packages/airflow/example_dags/example_setup_teardown_taskflow.py
[2025-11-02T18:56:20.934+0000] {processor.py:830} INFO - Processing file /home/airflow/.local/lib/python3.8/site-packages/airflow/example_dags/example_setup_teardown_taskflow.py for tasks to queue
[2025-11-02T18:56:20.939+0000] {logging_mixin.py:188} INFO - [2025-11-02T18:56:20.939+0000] {dagbag.py:538} INFO - Filling up the DagBag from /home/airflow/.local/lib/python3.8/site-packages/airflow/example_dags/example_setup_teardown_taskflow.py
[2025-11-02T18:56:20.976+0000] {processor.py:840} INFO - DAG(s) 'example_setup_teardown_taskflow' retrieved from /home/airflow/.local/lib/python3.8/site-packages/airflow/example_dags/example_setup_teardown_taskflow.py
[2025-11-02T18:56:21.059+0000] {logging_mixin.py:188} INFO - [2025-11-02T18:56:21.058+0000] {dag.py:3036} INFO - Sync 1 DAGs
[2025-11-02T18:56:21.125+0000] {logging_mixin.py:188} INFO - [2025-11-02T18:56:21.125+0000] {dag.py:3823} INFO - Setting next_dagrun for example_setup_teardown_taskflow to 2025-11-01 00:00:00+00:00, run_after=2025-11-02 00:00:00+00:00
[2025-11-02T18:56:21.208+0000] {processor.py:183} INFO - Processing /home/airflow/.local/lib/python3.8/site-packages/airflow/example_dags/example_setup_teardown_taskflow.py took 0.287 seconds
[2025-11-02T18:56:51.907+0000] {processor.py:161} INFO - Started process (PID=3519) to work on /home/airflow/.local/lib/python3.8/site-packages/airflow/example_dags/example_setup_teardown_taskflow.py
[2025-11-02T18:56:51.911+0000] {processor.py:830} INFO - Processing file /home/airflow/.local/lib/python3.8/site-packages/airflow/example_dags/example_setup_teardown_taskflow.py for tasks to queue
[2025-11-02T18:56:51.918+0000] {logging_mixin.py:188} INFO - [2025-11-02T18:56:51.917+0000] {dagbag.py:538} INFO - Filling up the DagBag from /home/airflow/.local/lib/python3.8/site-packages/airflow/example_dags/example_setup_teardown_taskflow.py
[2025-11-02T18:56:51.953+0000] {processor.py:840} INFO - DAG(s) 'example_setup_teardown_taskflow' retrieved from /home/airflow/.local/lib/python3.8/site-packages/airflow/example_dags/example_setup_teardown_taskflow.py
[2025-11-02T18:56:52.027+0000] {logging_mixin.py:188} INFO - [2025-11-02T18:56:52.026+0000] {dag.py:3036} INFO - Sync 1 DAGs
[2025-11-02T18:56:52.083+0000] {logging_mixin.py:188} INFO - [2025-11-02T18:56:52.082+0000] {dag.py:3823} INFO - Setting next_dagrun for example_setup_teardown_taskflow to 2025-11-01 00:00:00+00:00, run_after=2025-11-02 00:00:00+00:00
[2025-11-02T18:56:52.167+0000] {processor.py:183} INFO - Processing /home/airflow/.local/lib/python3.8/site-packages/airflow/example_dags/example_setup_teardown_taskflow.py took 0.274 seconds
[2025-11-02T18:57:22.359+0000] {processor.py:161} INFO - Started process (PID=3574) to work on /home/airflow/.local/lib/python3.8/site-packages/airflow/example_dags/example_setup_teardown_taskflow.py
[2025-11-02T18:57:22.361+0000] {processor.py:830} INFO - Processing file /home/airflow/.local/lib/python3.8/site-packages/airflow/example_dags/example_setup_teardown_taskflow.py for tasks to queue
[2025-11-02T18:57:22.366+0000] {logging_mixin.py:188} INFO - [2025-11-02T18:57:22.365+0000] {dagbag.py:538} INFO - Filling up the DagBag from /home/airflow/.local/lib/python3.8/site-packages/airflow/example_dags/example_setup_teardown_taskflow.py
[2025-11-02T18:57:22.390+0000] {processor.py:840} INFO - DAG(s) 'example_setup_teardown_taskflow' retrieved from /home/airflow/.local/lib/python3.8/site-packages/airflow/example_dags/example_setup_teardown_taskflow.py
[2025-11-02T18:57:22.448+0000] {logging_mixin.py:188} INFO - [2025-11-02T18:57:22.447+0000] {dag.py:3036} INFO - Sync 1 DAGs
[2025-11-02T18:57:22.504+0000] {logging_mixin.py:188} INFO - [2025-11-02T18:57:22.503+0000] {dag.py:3823} INFO - Setting next_dagrun for example_setup_teardown_taskflow to 2025-11-01 00:00:00+00:00, run_after=2025-11-02 00:00:00+00:00
[2025-11-02T18:57:22.555+0000] {processor.py:183} INFO - Processing /home/airflow/.local/lib/python3.8/site-packages/airflow/example_dags/example_setup_teardown_taskflow.py took 0.205 seconds
[2025-11-02T18:57:52.764+0000] {processor.py:161} INFO - Started process (PID=3628) to work on /home/airflow/.local/lib/python3.8/site-packages/airflow/example_dags/example_setup_teardown_taskflow.py
[2025-11-02T18:57:52.766+0000] {processor.py:830} INFO - Processing file /home/airflow/.local/lib/python3.8/site-packages/airflow/example_dags/example_setup_teardown_taskflow.py for tasks to queue
[2025-11-02T18:57:52.772+0000] {logging_mixin.py:188} INFO - [2025-11-02T18:57:52.771+0000] {dagbag.py:538} INFO - Filling up the DagBag from /home/airflow/.local/lib/python3.8/site-packages/airflow/example_dags/example_setup_teardown_taskflow.py
[2025-11-02T18:57:52.797+0000] {processor.py:840} INFO - DAG(s) 'example_setup_teardown_taskflow' retrieved from /home/airflow/.local/lib/python3.8/site-packages/airflow/example_dags/example_setup_teardown_taskflow.py
[2025-11-02T18:57:52.856+0000] {logging_mixin.py:188} INFO - [2025-11-02T18:57:52.855+0000] {dag.py:3036} INFO - Sync 1 DAGs
[2025-11-02T18:57:52.910+0000] {logging_mixin.py:188} INFO - [2025-11-02T18:57:52.910+0000] {dag.py:3823} INFO - Setting next_dagrun for example_setup_teardown_taskflow to 2025-11-01 00:00:00+00:00, run_after=2025-11-02 00:00:00+00:00
[2025-11-02T18:57:52.967+0000] {processor.py:183} INFO - Processing /home/airflow/.local/lib/python3.8/site-packages/airflow/example_dags/example_setup_teardown_taskflow.py took 0.214 seconds
[2025-11-02T18:58:23.236+0000] {processor.py:161} INFO - Started process (PID=3683) to work on /home/airflow/.local/lib/python3.8/site-packages/airflow/example_dags/example_setup_teardown_taskflow.py
[2025-11-02T18:58:23.239+0000] {processor.py:830} INFO - Processing file /home/airflow/.local/lib/python3.8/site-packages/airflow/example_dags/example_setup_teardown_taskflow.py for tasks to queue
[2025-11-02T18:58:23.245+0000] {logging_mixin.py:188} INFO - [2025-11-02T18:58:23.244+0000] {dagbag.py:538} INFO - Filling up the DagBag from /home/airflow/.local/lib/python3.8/site-packages/airflow/example_dags/example_setup_teardown_taskflow.py
[2025-11-02T18:58:23.272+0000] {processor.py:840} INFO - DAG(s) 'example_setup_teardown_taskflow' retrieved from /home/airflow/.local/lib/python3.8/site-packages/airflow/example_dags/example_setup_teardown_taskflow.py
[2025-11-02T18:58:23.330+0000] {logging_mixin.py:188} INFO - [2025-11-02T18:58:23.329+0000] {dag.py:3036} INFO - Sync 1 DAGs
[2025-11-02T18:58:23.400+0000] {logging_mixin.py:188} INFO - [2025-11-02T18:58:23.400+0000] {dag.py:3823} INFO - Setting next_dagrun for example_setup_teardown_taskflow to 2025-11-01 00:00:00+00:00, run_after=2025-11-02 00:00:00+00:00
[2025-11-02T18:58:23.446+0000] {processor.py:183} INFO - Processing /home/airflow/.local/lib/python3.8/site-packages/airflow/example_dags/example_setup_teardown_taskflow.py took 0.220 seconds
[2025-11-02T18:58:53.870+0000] {processor.py:161} INFO - Started process (PID=3738) to work on /home/airflow/.local/lib/python3.8/site-packages/airflow/example_dags/example_setup_teardown_taskflow.py
[2025-11-02T18:58:53.873+0000] {processor.py:830} INFO - Processing file /home/airflow/.local/lib/python3.8/site-packages/airflow/example_dags/example_setup_teardown_taskflow.py for tasks to queue
[2025-11-02T18:58:53.878+0000] {logging_mixin.py:188} INFO - [2025-11-02T18:58:53.877+0000] {dagbag.py:538} INFO - Filling up the DagBag from /home/airflow/.local/lib/python3.8/site-packages/airflow/example_dags/example_setup_teardown_taskflow.py
[2025-11-02T18:58:53.907+0000] {processor.py:840} INFO - DAG(s) 'example_setup_teardown_taskflow' retrieved from /home/airflow/.local/lib/python3.8/site-packages/airflow/example_dags/example_setup_teardown_taskflow.py
[2025-11-02T18:58:53.965+0000] {logging_mixin.py:188} INFO - [2025-11-02T18:58:53.964+0000] {dag.py:3036} INFO - Sync 1 DAGs
[2025-11-02T18:58:54.041+0000] {logging_mixin.py:188} INFO - [2025-11-02T18:58:54.040+0000] {dag.py:3823} INFO - Setting next_dagrun for example_setup_teardown_taskflow to 2025-11-01 00:00:00+00:00, run_after=2025-11-02 00:00:00+00:00
[2025-11-02T18:58:54.105+0000] {processor.py:183} INFO - Processing /home/airflow/.local/lib/python3.8/site-packages/airflow/example_dags/example_setup_teardown_taskflow.py took 0.246 seconds
[2025-11-02T18:59:24.250+0000] {processor.py:161} INFO - Started process (PID=3792) to work on /home/airflow/.local/lib/python3.8/site-packages/airflow/example_dags/example_setup_teardown_taskflow.py
[2025-11-02T18:59:24.254+0000] {processor.py:830} INFO - Processing file /home/airflow/.local/lib/python3.8/site-packages/airflow/example_dags/example_setup_teardown_taskflow.py for tasks to queue
[2025-11-02T18:59:24.259+0000] {logging_mixin.py:188} INFO - [2025-11-02T18:59:24.258+0000] {dagbag.py:538} INFO - Filling up the DagBag from /home/airflow/.local/lib/python3.8/site-packages/airflow/example_dags/example_setup_teardown_taskflow.py
[2025-11-02T18:59:24.286+0000] {processor.py:840} INFO - DAG(s) 'example_setup_teardown_taskflow' retrieved from /home/airflow/.local/lib/python3.8/site-packages/airflow/example_dags/example_setup_teardown_taskflow.py
[2025-11-02T18:59:24.341+0000] {logging_mixin.py:188} INFO - [2025-11-02T18:59:24.341+0000] {dag.py:3036} INFO - Sync 1 DAGs
[2025-11-02T18:59:24.393+0000] {logging_mixin.py:188} INFO - [2025-11-02T18:59:24.392+0000] {dag.py:3823} INFO - Setting next_dagrun for example_setup_teardown_taskflow to 2025-11-01 00:00:00+00:00, run_after=2025-11-02 00:00:00+00:00
[2025-11-02T18:59:24.435+0000] {processor.py:183} INFO - Processing /home/airflow/.local/lib/python3.8/site-packages/airflow/example_dags/example_setup_teardown_taskflow.py took 0.196 seconds
[2025-11-02T18:59:55.214+0000] {processor.py:161} INFO - Started process (PID=3847) to work on /home/airflow/.local/lib/python3.8/site-packages/airflow/example_dags/example_setup_teardown_taskflow.py
[2025-11-02T18:59:55.224+0000] {processor.py:830} INFO - Processing file /home/airflow/.local/lib/python3.8/site-packages/airflow/example_dags/example_setup_teardown_taskflow.py for tasks to queue
[2025-11-02T18:59:55.242+0000] {logging_mixin.py:188} INFO - [2025-11-02T18:59:55.234+0000] {dagbag.py:538} INFO - Filling up the DagBag from /home/airflow/.local/lib/python3.8/site-packages/airflow/example_dags/example_setup_teardown_taskflow.py
[2025-11-02T18:59:55.337+0000] {processor.py:840} INFO - DAG(s) 'example_setup_teardown_taskflow' retrieved from /home/airflow/.local/lib/python3.8/site-packages/airflow/example_dags/example_setup_teardown_taskflow.py
[2025-11-02T18:59:55.545+0000] {logging_mixin.py:188} INFO - [2025-11-02T18:59:55.544+0000] {dag.py:3036} INFO - Sync 1 DAGs
[2025-11-02T18:59:55.648+0000] {logging_mixin.py:188} INFO - [2025-11-02T18:59:55.647+0000] {dag.py:3823} INFO - Setting next_dagrun for example_setup_teardown_taskflow to 2025-11-01 00:00:00+00:00, run_after=2025-11-02 00:00:00+00:00
[2025-11-02T18:59:55.706+0000] {processor.py:183} INFO - Processing /home/airflow/.local/lib/python3.8/site-packages/airflow/example_dags/example_setup_teardown_taskflow.py took 0.513 seconds
[2025-11-02T19:00:26.179+0000] {processor.py:161} INFO - Started process (PID=3903) to work on /home/airflow/.local/lib/python3.8/site-packages/airflow/example_dags/example_setup_teardown_taskflow.py
[2025-11-02T19:00:26.186+0000] {processor.py:830} INFO - Processing file /home/airflow/.local/lib/python3.8/site-packages/airflow/example_dags/example_setup_teardown_taskflow.py for tasks to queue
[2025-11-02T19:00:26.193+0000] {logging_mixin.py:188} INFO - [2025-11-02T19:00:26.192+0000] {dagbag.py:538} INFO - Filling up the DagBag from /home/airflow/.local/lib/python3.8/site-packages/airflow/example_dags/example_setup_teardown_taskflow.py
[2025-11-02T19:00:26.227+0000] {processor.py:840} INFO - DAG(s) 'example_setup_teardown_taskflow' retrieved from /home/airflow/.local/lib/python3.8/site-packages/airflow/example_dags/example_setup_teardown_taskflow.py
[2025-11-02T19:00:26.311+0000] {logging_mixin.py:188} INFO - [2025-11-02T19:00:26.311+0000] {dag.py:3036} INFO - Sync 1 DAGs
[2025-11-02T19:00:26.383+0000] {logging_mixin.py:188} INFO - [2025-11-02T19:00:26.383+0000] {dag.py:3823} INFO - Setting next_dagrun for example_setup_teardown_taskflow to 2025-11-01 00:00:00+00:00, run_after=2025-11-02 00:00:00+00:00
[2025-11-02T19:00:26.441+0000] {processor.py:183} INFO - Processing /home/airflow/.local/lib/python3.8/site-packages/airflow/example_dags/example_setup_teardown_taskflow.py took 0.278 seconds
[2025-11-02T19:00:56.832+0000] {processor.py:161} INFO - Started process (PID=3957) to work on /home/airflow/.local/lib/python3.8/site-packages/airflow/example_dags/example_setup_teardown_taskflow.py
[2025-11-02T19:00:56.834+0000] {processor.py:830} INFO - Processing file /home/airflow/.local/lib/python3.8/site-packages/airflow/example_dags/example_setup_teardown_taskflow.py for tasks to queue
[2025-11-02T19:00:56.842+0000] {logging_mixin.py:188} INFO - [2025-11-02T19:00:56.841+0000] {dagbag.py:538} INFO - Filling up the DagBag from /home/airflow/.local/lib/python3.8/site-packages/airflow/example_dags/example_setup_teardown_taskflow.py
[2025-11-02T19:00:56.863+0000] {processor.py:840} INFO - DAG(s) 'example_setup_teardown_taskflow' retrieved from /home/airflow/.local/lib/python3.8/site-packages/airflow/example_dags/example_setup_teardown_taskflow.py
[2025-11-02T19:00:56.917+0000] {logging_mixin.py:188} INFO - [2025-11-02T19:00:56.917+0000] {dag.py:3036} INFO - Sync 1 DAGs
[2025-11-02T19:00:56.970+0000] {logging_mixin.py:188} INFO - [2025-11-02T19:00:56.970+0000] {dag.py:3823} INFO - Setting next_dagrun for example_setup_teardown_taskflow to 2025-11-01 00:00:00+00:00, run_after=2025-11-02 00:00:00+00:00
[2025-11-02T19:00:57.014+0000] {processor.py:183} INFO - Processing /home/airflow/.local/lib/python3.8/site-packages/airflow/example_dags/example_setup_teardown_taskflow.py took 0.191 seconds
[2025-11-02T19:01:27.146+0000] {processor.py:161} INFO - Started process (PID=4012) to work on /home/airflow/.local/lib/python3.8/site-packages/airflow/example_dags/example_setup_teardown_taskflow.py
[2025-11-02T19:01:27.149+0000] {processor.py:830} INFO - Processing file /home/airflow/.local/lib/python3.8/site-packages/airflow/example_dags/example_setup_teardown_taskflow.py for tasks to queue
[2025-11-02T19:01:27.155+0000] {logging_mixin.py:188} INFO - [2025-11-02T19:01:27.154+0000] {dagbag.py:538} INFO - Filling up the DagBag from /home/airflow/.local/lib/python3.8/site-packages/airflow/example_dags/example_setup_teardown_taskflow.py
[2025-11-02T19:01:27.178+0000] {processor.py:840} INFO - DAG(s) 'example_setup_teardown_taskflow' retrieved from /home/airflow/.local/lib/python3.8/site-packages/airflow/example_dags/example_setup_teardown_taskflow.py
[2025-11-02T19:01:27.240+0000] {logging_mixin.py:188} INFO - [2025-11-02T19:01:27.239+0000] {dag.py:3036} INFO - Sync 1 DAGs
[2025-11-02T19:01:27.297+0000] {logging_mixin.py:188} INFO - [2025-11-02T19:01:27.297+0000] {dag.py:3823} INFO - Setting next_dagrun for example_setup_teardown_taskflow to 2025-11-01 00:00:00+00:00, run_after=2025-11-02 00:00:00+00:00
[2025-11-02T19:01:27.340+0000] {processor.py:183} INFO - Processing /home/airflow/.local/lib/python3.8/site-packages/airflow/example_dags/example_setup_teardown_taskflow.py took 0.205 seconds
[2025-11-02T19:01:58.215+0000] {processor.py:161} INFO - Started process (PID=4067) to work on /home/airflow/.local/lib/python3.8/site-packages/airflow/example_dags/example_setup_teardown_taskflow.py
[2025-11-02T19:01:58.218+0000] {processor.py:830} INFO - Processing file /home/airflow/.local/lib/python3.8/site-packages/airflow/example_dags/example_setup_teardown_taskflow.py for tasks to queue
[2025-11-02T19:01:58.224+0000] {logging_mixin.py:188} INFO - [2025-11-02T19:01:58.223+0000] {dagbag.py:538} INFO - Filling up the DagBag from /home/airflow/.local/lib/python3.8/site-packages/airflow/example_dags/example_setup_teardown_taskflow.py
[2025-11-02T19:01:58.278+0000] {processor.py:840} INFO - DAG(s) 'example_setup_teardown_taskflow' retrieved from /home/airflow/.local/lib/python3.8/site-packages/airflow/example_dags/example_setup_teardown_taskflow.py
[2025-11-02T19:01:58.362+0000] {logging_mixin.py:188} INFO - [2025-11-02T19:01:58.362+0000] {dag.py:3036} INFO - Sync 1 DAGs
[2025-11-02T19:01:58.428+0000] {logging_mixin.py:188} INFO - [2025-11-02T19:01:58.428+0000] {dag.py:3823} INFO - Setting next_dagrun for example_setup_teardown_taskflow to 2025-11-01 00:00:00+00:00, run_after=2025-11-02 00:00:00+00:00
[2025-11-02T19:01:58.488+0000] {processor.py:183} INFO - Processing /home/airflow/.local/lib/python3.8/site-packages/airflow/example_dags/example_setup_teardown_taskflow.py took 0.284 seconds
[2025-11-02T19:02:29.203+0000] {processor.py:161} INFO - Started process (PID=4122) to work on /home/airflow/.local/lib/python3.8/site-packages/airflow/example_dags/example_setup_teardown_taskflow.py
[2025-11-02T19:02:29.206+0000] {processor.py:830} INFO - Processing file /home/airflow/.local/lib/python3.8/site-packages/airflow/example_dags/example_setup_teardown_taskflow.py for tasks to queue
[2025-11-02T19:02:29.212+0000] {logging_mixin.py:188} INFO - [2025-11-02T19:02:29.212+0000] {dagbag.py:538} INFO - Filling up the DagBag from /home/airflow/.local/lib/python3.8/site-packages/airflow/example_dags/example_setup_teardown_taskflow.py
[2025-11-02T19:02:29.240+0000] {processor.py:840} INFO - DAG(s) 'example_setup_teardown_taskflow' retrieved from /home/airflow/.local/lib/python3.8/site-packages/airflow/example_dags/example_setup_teardown_taskflow.py
[2025-11-02T19:02:29.298+0000] {logging_mixin.py:188} INFO - [2025-11-02T19:02:29.297+0000] {dag.py:3036} INFO - Sync 1 DAGs
[2025-11-02T19:02:29.347+0000] {logging_mixin.py:188} INFO - [2025-11-02T19:02:29.346+0000] {dag.py:3823} INFO - Setting next_dagrun for example_setup_teardown_taskflow to 2025-11-01 00:00:00+00:00, run_after=2025-11-02 00:00:00+00:00
[2025-11-02T19:02:29.393+0000] {processor.py:183} INFO - Processing /home/airflow/.local/lib/python3.8/site-packages/airflow/example_dags/example_setup_teardown_taskflow.py took 0.200 seconds
[2025-11-02T19:02:59.767+0000] {processor.py:161} INFO - Started process (PID=4177) to work on /home/airflow/.local/lib/python3.8/site-packages/airflow/example_dags/example_setup_teardown_taskflow.py
[2025-11-02T19:02:59.771+0000] {processor.py:830} INFO - Processing file /home/airflow/.local/lib/python3.8/site-packages/airflow/example_dags/example_setup_teardown_taskflow.py for tasks to queue
[2025-11-02T19:02:59.779+0000] {logging_mixin.py:188} INFO - [2025-11-02T19:02:59.778+0000] {dagbag.py:538} INFO - Filling up the DagBag from /home/airflow/.local/lib/python3.8/site-packages/airflow/example_dags/example_setup_teardown_taskflow.py
[2025-11-02T19:02:59.810+0000] {processor.py:840} INFO - DAG(s) 'example_setup_teardown_taskflow' retrieved from /home/airflow/.local/lib/python3.8/site-packages/airflow/example_dags/example_setup_teardown_taskflow.py
[2025-11-02T19:02:59.914+0000] {logging_mixin.py:188} INFO - [2025-11-02T19:02:59.914+0000] {dag.py:3036} INFO - Sync 1 DAGs
[2025-11-02T19:02:59.993+0000] {logging_mixin.py:188} INFO - [2025-11-02T19:02:59.993+0000] {dag.py:3823} INFO - Setting next_dagrun for example_setup_teardown_taskflow to 2025-11-01 00:00:00+00:00, run_after=2025-11-02 00:00:00+00:00
[2025-11-02T19:03:00.040+0000] {processor.py:183} INFO - Processing /home/airflow/.local/lib/python3.8/site-packages/airflow/example_dags/example_setup_teardown_taskflow.py took 0.286 seconds
[2025-11-02T19:03:30.801+0000] {processor.py:161} INFO - Started process (PID=4232) to work on /home/airflow/.local/lib/python3.8/site-packages/airflow/example_dags/example_setup_teardown_taskflow.py
[2025-11-02T19:03:30.806+0000] {processor.py:830} INFO - Processing file /home/airflow/.local/lib/python3.8/site-packages/airflow/example_dags/example_setup_teardown_taskflow.py for tasks to queue
[2025-11-02T19:03:30.812+0000] {logging_mixin.py:188} INFO - [2025-11-02T19:03:30.811+0000] {dagbag.py:538} INFO - Filling up the DagBag from /home/airflow/.local/lib/python3.8/site-packages/airflow/example_dags/example_setup_teardown_taskflow.py
[2025-11-02T19:03:30.835+0000] {processor.py:840} INFO - DAG(s) 'example_setup_teardown_taskflow' retrieved from /home/airflow/.local/lib/python3.8/site-packages/airflow/example_dags/example_setup_teardown_taskflow.py
[2025-11-02T19:03:30.901+0000] {logging_mixin.py:188} INFO - [2025-11-02T19:03:30.901+0000] {dag.py:3036} INFO - Sync 1 DAGs
[2025-11-02T19:03:30.967+0000] {logging_mixin.py:188} INFO - [2025-11-02T19:03:30.967+0000] {dag.py:3823} INFO - Setting next_dagrun for example_setup_teardown_taskflow to 2025-11-01 00:00:00+00:00, run_after=2025-11-02 00:00:00+00:00
[2025-11-02T19:03:31.025+0000] {processor.py:183} INFO - Processing /home/airflow/.local/lib/python3.8/site-packages/airflow/example_dags/example_setup_teardown_taskflow.py took 0.235 seconds
[2025-11-02T19:04:01.374+0000] {processor.py:161} INFO - Started process (PID=4287) to work on /home/airflow/.local/lib/python3.8/site-packages/airflow/example_dags/example_setup_teardown_taskflow.py
[2025-11-02T19:04:01.376+0000] {processor.py:830} INFO - Processing file /home/airflow/.local/lib/python3.8/site-packages/airflow/example_dags/example_setup_teardown_taskflow.py for tasks to queue
[2025-11-02T19:04:01.381+0000] {logging_mixin.py:188} INFO - [2025-11-02T19:04:01.380+0000] {dagbag.py:538} INFO - Filling up the DagBag from /home/airflow/.local/lib/python3.8/site-packages/airflow/example_dags/example_setup_teardown_taskflow.py
[2025-11-02T19:04:01.403+0000] {processor.py:840} INFO - DAG(s) 'example_setup_teardown_taskflow' retrieved from /home/airflow/.local/lib/python3.8/site-packages/airflow/example_dags/example_setup_teardown_taskflow.py
[2025-11-02T19:04:01.468+0000] {logging_mixin.py:188} INFO - [2025-11-02T19:04:01.468+0000] {dag.py:3036} INFO - Sync 1 DAGs
[2025-11-02T19:04:01.519+0000] {logging_mixin.py:188} INFO - [2025-11-02T19:04:01.519+0000] {dag.py:3823} INFO - Setting next_dagrun for example_setup_teardown_taskflow to 2025-11-01 00:00:00+00:00, run_after=2025-11-02 00:00:00+00:00
[2025-11-02T19:04:01.560+0000] {processor.py:183} INFO - Processing /home/airflow/.local/lib/python3.8/site-packages/airflow/example_dags/example_setup_teardown_taskflow.py took 0.198 seconds
[2025-11-02T19:04:32.209+0000] {processor.py:161} INFO - Started process (PID=4342) to work on /home/airflow/.local/lib/python3.8/site-packages/airflow/example_dags/example_setup_teardown_taskflow.py
[2025-11-02T19:04:32.212+0000] {processor.py:830} INFO - Processing file /home/airflow/.local/lib/python3.8/site-packages/airflow/example_dags/example_setup_teardown_taskflow.py for tasks to queue
[2025-11-02T19:04:32.217+0000] {logging_mixin.py:188} INFO - [2025-11-02T19:04:32.216+0000] {dagbag.py:538} INFO - Filling up the DagBag from /home/airflow/.local/lib/python3.8/site-packages/airflow/example_dags/example_setup_teardown_taskflow.py
[2025-11-02T19:04:32.244+0000] {processor.py:840} INFO - DAG(s) 'example_setup_teardown_taskflow' retrieved from /home/airflow/.local/lib/python3.8/site-packages/airflow/example_dags/example_setup_teardown_taskflow.py
[2025-11-02T19:04:32.318+0000] {logging_mixin.py:188} INFO - [2025-11-02T19:04:32.318+0000] {dag.py:3036} INFO - Sync 1 DAGs
[2025-11-02T19:04:32.382+0000] {logging_mixin.py:188} INFO - [2025-11-02T19:04:32.381+0000] {dag.py:3823} INFO - Setting next_dagrun for example_setup_teardown_taskflow to 2025-11-01 00:00:00+00:00, run_after=2025-11-02 00:00:00+00:00
[2025-11-02T19:04:32.429+0000] {processor.py:183} INFO - Processing /home/airflow/.local/lib/python3.8/site-packages/airflow/example_dags/example_setup_teardown_taskflow.py took 0.231 seconds
[2025-11-02T19:05:02.834+0000] {processor.py:161} INFO - Started process (PID=4397) to work on /home/airflow/.local/lib/python3.8/site-packages/airflow/example_dags/example_setup_teardown_taskflow.py
[2025-11-02T19:05:02.838+0000] {processor.py:830} INFO - Processing file /home/airflow/.local/lib/python3.8/site-packages/airflow/example_dags/example_setup_teardown_taskflow.py for tasks to queue
[2025-11-02T19:05:02.843+0000] {logging_mixin.py:188} INFO - [2025-11-02T19:05:02.842+0000] {dagbag.py:538} INFO - Filling up the DagBag from /home/airflow/.local/lib/python3.8/site-packages/airflow/example_dags/example_setup_teardown_taskflow.py
[2025-11-02T19:05:02.873+0000] {processor.py:840} INFO - DAG(s) 'example_setup_teardown_taskflow' retrieved from /home/airflow/.local/lib/python3.8/site-packages/airflow/example_dags/example_setup_teardown_taskflow.py
[2025-11-02T19:05:02.932+0000] {logging_mixin.py:188} INFO - [2025-11-02T19:05:02.932+0000] {dag.py:3036} INFO - Sync 1 DAGs
[2025-11-02T19:05:02.986+0000] {logging_mixin.py:188} INFO - [2025-11-02T19:05:02.986+0000] {dag.py:3823} INFO - Setting next_dagrun for example_setup_teardown_taskflow to 2025-11-01 00:00:00+00:00, run_after=2025-11-02 00:00:00+00:00
[2025-11-02T19:05:03.032+0000] {processor.py:183} INFO - Processing /home/airflow/.local/lib/python3.8/site-packages/airflow/example_dags/example_setup_teardown_taskflow.py took 0.209 seconds
[2025-11-02T19:05:33.427+0000] {processor.py:161} INFO - Started process (PID=4452) to work on /home/airflow/.local/lib/python3.8/site-packages/airflow/example_dags/example_setup_teardown_taskflow.py
[2025-11-02T19:05:33.431+0000] {processor.py:830} INFO - Processing file /home/airflow/.local/lib/python3.8/site-packages/airflow/example_dags/example_setup_teardown_taskflow.py for tasks to queue
[2025-11-02T19:05:33.438+0000] {logging_mixin.py:188} INFO - [2025-11-02T19:05:33.437+0000] {dagbag.py:538} INFO - Filling up the DagBag from /home/airflow/.local/lib/python3.8/site-packages/airflow/example_dags/example_setup_teardown_taskflow.py
[2025-11-02T19:05:33.475+0000] {processor.py:840} INFO - DAG(s) 'example_setup_teardown_taskflow' retrieved from /home/airflow/.local/lib/python3.8/site-packages/airflow/example_dags/example_setup_teardown_taskflow.py
[2025-11-02T19:05:33.550+0000] {logging_mixin.py:188} INFO - [2025-11-02T19:05:33.550+0000] {dag.py:3036} INFO - Sync 1 DAGs
[2025-11-02T19:05:33.600+0000] {logging_mixin.py:188} INFO - [2025-11-02T19:05:33.599+0000] {dag.py:3823} INFO - Setting next_dagrun for example_setup_teardown_taskflow to 2025-11-01 00:00:00+00:00, run_after=2025-11-02 00:00:00+00:00
[2025-11-02T19:05:33.652+0000] {processor.py:183} INFO - Processing /home/airflow/.local/lib/python3.8/site-packages/airflow/example_dags/example_setup_teardown_taskflow.py took 0.244 seconds
[2025-11-02T19:06:03.945+0000] {processor.py:161} INFO - Started process (PID=4507) to work on /home/airflow/.local/lib/python3.8/site-packages/airflow/example_dags/example_setup_teardown_taskflow.py
[2025-11-02T19:06:03.948+0000] {processor.py:830} INFO - Processing file /home/airflow/.local/lib/python3.8/site-packages/airflow/example_dags/example_setup_teardown_taskflow.py for tasks to queue
[2025-11-02T19:06:03.959+0000] {logging_mixin.py:188} INFO - [2025-11-02T19:06:03.958+0000] {dagbag.py:538} INFO - Filling up the DagBag from /home/airflow/.local/lib/python3.8/site-packages/airflow/example_dags/example_setup_teardown_taskflow.py
[2025-11-02T19:06:03.995+0000] {processor.py:840} INFO - DAG(s) 'example_setup_teardown_taskflow' retrieved from /home/airflow/.local/lib/python3.8/site-packages/airflow/example_dags/example_setup_teardown_taskflow.py
[2025-11-02T19:06:04.083+0000] {logging_mixin.py:188} INFO - [2025-11-02T19:06:04.082+0000] {dag.py:3036} INFO - Sync 1 DAGs
[2025-11-02T19:06:04.157+0000] {logging_mixin.py:188} INFO - [2025-11-02T19:06:04.157+0000] {dag.py:3823} INFO - Setting next_dagrun for example_setup_teardown_taskflow to 2025-11-01 00:00:00+00:00, run_after=2025-11-02 00:00:00+00:00
[2025-11-02T19:06:04.261+0000] {processor.py:183} INFO - Processing /home/airflow/.local/lib/python3.8/site-packages/airflow/example_dags/example_setup_teardown_taskflow.py took 0.332 seconds
[2025-11-02T19:06:34.781+0000] {processor.py:161} INFO - Started process (PID=4562) to work on /home/airflow/.local/lib/python3.8/site-packages/airflow/example_dags/example_setup_teardown_taskflow.py
[2025-11-02T19:06:34.786+0000] {processor.py:830} INFO - Processing file /home/airflow/.local/lib/python3.8/site-packages/airflow/example_dags/example_setup_teardown_taskflow.py for tasks to queue
[2025-11-02T19:06:34.792+0000] {logging_mixin.py:188} INFO - [2025-11-02T19:06:34.791+0000] {dagbag.py:538} INFO - Filling up the DagBag from /home/airflow/.local/lib/python3.8/site-packages/airflow/example_dags/example_setup_teardown_taskflow.py
[2025-11-02T19:06:34.820+0000] {processor.py:840} INFO - DAG(s) 'example_setup_teardown_taskflow' retrieved from /home/airflow/.local/lib/python3.8/site-packages/airflow/example_dags/example_setup_teardown_taskflow.py
[2025-11-02T19:06:34.913+0000] {logging_mixin.py:188} INFO - [2025-11-02T19:06:34.912+0000] {dag.py:3036} INFO - Sync 1 DAGs
[2025-11-02T19:06:34.999+0000] {logging_mixin.py:188} INFO - [2025-11-02T19:06:34.999+0000] {dag.py:3823} INFO - Setting next_dagrun for example_setup_teardown_taskflow to 2025-11-01 00:00:00+00:00, run_after=2025-11-02 00:00:00+00:00
[2025-11-02T19:06:35.054+0000] {processor.py:183} INFO - Processing /home/airflow/.local/lib/python3.8/site-packages/airflow/example_dags/example_setup_teardown_taskflow.py took 0.286 seconds
[2025-11-02T19:07:05.932+0000] {processor.py:161} INFO - Started process (PID=4617) to work on /home/airflow/.local/lib/python3.8/site-packages/airflow/example_dags/example_setup_teardown_taskflow.py
[2025-11-02T19:07:05.935+0000] {processor.py:830} INFO - Processing file /home/airflow/.local/lib/python3.8/site-packages/airflow/example_dags/example_setup_teardown_taskflow.py for tasks to queue
[2025-11-02T19:07:05.941+0000] {logging_mixin.py:188} INFO - [2025-11-02T19:07:05.940+0000] {dagbag.py:538} INFO - Filling up the DagBag from /home/airflow/.local/lib/python3.8/site-packages/airflow/example_dags/example_setup_teardown_taskflow.py
[2025-11-02T19:07:05.963+0000] {processor.py:840} INFO - DAG(s) 'example_setup_teardown_taskflow' retrieved from /home/airflow/.local/lib/python3.8/site-packages/airflow/example_dags/example_setup_teardown_taskflow.py
[2025-11-02T19:07:06.022+0000] {logging_mixin.py:188} INFO - [2025-11-02T19:07:06.021+0000] {dag.py:3036} INFO - Sync 1 DAGs
[2025-11-02T19:07:06.078+0000] {logging_mixin.py:188} INFO - [2025-11-02T19:07:06.078+0000] {dag.py:3823} INFO - Setting next_dagrun for example_setup_teardown_taskflow to 2025-11-01 00:00:00+00:00, run_after=2025-11-02 00:00:00+00:00
[2025-11-02T19:07:06.129+0000] {processor.py:183} INFO - Processing /home/airflow/.local/lib/python3.8/site-packages/airflow/example_dags/example_setup_teardown_taskflow.py took 0.207 seconds
[2025-11-02T19:07:36.907+0000] {processor.py:161} INFO - Started process (PID=4672) to work on /home/airflow/.local/lib/python3.8/site-packages/airflow/example_dags/example_setup_teardown_taskflow.py
[2025-11-02T19:07:36.911+0000] {processor.py:830} INFO - Processing file /home/airflow/.local/lib/python3.8/site-packages/airflow/example_dags/example_setup_teardown_taskflow.py for tasks to queue
[2025-11-02T19:07:36.917+0000] {logging_mixin.py:188} INFO - [2025-11-02T19:07:36.916+0000] {dagbag.py:538} INFO - Filling up the DagBag from /home/airflow/.local/lib/python3.8/site-packages/airflow/example_dags/example_setup_teardown_taskflow.py
[2025-11-02T19:07:36.953+0000] {processor.py:840} INFO - DAG(s) 'example_setup_teardown_taskflow' retrieved from /home/airflow/.local/lib/python3.8/site-packages/airflow/example_dags/example_setup_teardown_taskflow.py
[2025-11-02T19:07:37.047+0000] {logging_mixin.py:188} INFO - [2025-11-02T19:07:37.047+0000] {dag.py:3036} INFO - Sync 1 DAGs
[2025-11-02T19:07:37.158+0000] {logging_mixin.py:188} INFO - [2025-11-02T19:07:37.157+0000] {dag.py:3823} INFO - Setting next_dagrun for example_setup_teardown_taskflow to 2025-11-01 00:00:00+00:00, run_after=2025-11-02 00:00:00+00:00
[2025-11-02T19:07:37.211+0000] {processor.py:183} INFO - Processing /home/airflow/.local/lib/python3.8/site-packages/airflow/example_dags/example_setup_teardown_taskflow.py took 0.317 seconds
[2025-11-02T19:08:07.339+0000] {processor.py:161} INFO - Started process (PID=4727) to work on /home/airflow/.local/lib/python3.8/site-packages/airflow/example_dags/example_setup_teardown_taskflow.py
[2025-11-02T19:08:07.342+0000] {processor.py:830} INFO - Processing file /home/airflow/.local/lib/python3.8/site-packages/airflow/example_dags/example_setup_teardown_taskflow.py for tasks to queue
[2025-11-02T19:08:07.347+0000] {logging_mixin.py:188} INFO - [2025-11-02T19:08:07.347+0000] {dagbag.py:538} INFO - Filling up the DagBag from /home/airflow/.local/lib/python3.8/site-packages/airflow/example_dags/example_setup_teardown_taskflow.py
[2025-11-02T19:08:07.369+0000] {processor.py:840} INFO - DAG(s) 'example_setup_teardown_taskflow' retrieved from /home/airflow/.local/lib/python3.8/site-packages/airflow/example_dags/example_setup_teardown_taskflow.py
[2025-11-02T19:08:07.424+0000] {logging_mixin.py:188} INFO - [2025-11-02T19:08:07.423+0000] {dag.py:3036} INFO - Sync 1 DAGs
[2025-11-02T19:08:07.466+0000] {logging_mixin.py:188} INFO - [2025-11-02T19:08:07.466+0000] {dag.py:3823} INFO - Setting next_dagrun for example_setup_teardown_taskflow to 2025-11-01 00:00:00+00:00, run_after=2025-11-02 00:00:00+00:00
[2025-11-02T19:08:07.503+0000] {processor.py:183} INFO - Processing /home/airflow/.local/lib/python3.8/site-packages/airflow/example_dags/example_setup_teardown_taskflow.py took 0.174 seconds
[2025-11-02T19:08:38.996+0000] {processor.py:161} INFO - Started process (PID=4782) to work on /home/airflow/.local/lib/python3.8/site-packages/airflow/example_dags/example_setup_teardown_taskflow.py
[2025-11-02T19:08:39.006+0000] {processor.py:830} INFO - Processing file /home/airflow/.local/lib/python3.8/site-packages/airflow/example_dags/example_setup_teardown_taskflow.py for tasks to queue
[2025-11-02T19:08:39.012+0000] {logging_mixin.py:188} INFO - [2025-11-02T19:08:39.011+0000] {dagbag.py:538} INFO - Filling up the DagBag from /home/airflow/.local/lib/python3.8/site-packages/airflow/example_dags/example_setup_teardown_taskflow.py
[2025-11-02T19:08:39.091+0000] {processor.py:840} INFO - DAG(s) 'example_setup_teardown_taskflow' retrieved from /home/airflow/.local/lib/python3.8/site-packages/airflow/example_dags/example_setup_teardown_taskflow.py
[2025-11-02T19:08:39.254+0000] {logging_mixin.py:188} INFO - [2025-11-02T19:08:39.253+0000] {dag.py:3036} INFO - Sync 1 DAGs
[2025-11-02T19:08:39.491+0000] {logging_mixin.py:188} INFO - [2025-11-02T19:08:39.489+0000] {dag.py:3823} INFO - Setting next_dagrun for example_setup_teardown_taskflow to 2025-11-01 00:00:00+00:00, run_after=2025-11-02 00:00:00+00:00
[2025-11-02T19:08:39.632+0000] {processor.py:183} INFO - Processing /home/airflow/.local/lib/python3.8/site-packages/airflow/example_dags/example_setup_teardown_taskflow.py took 0.660 seconds
[2025-11-02T19:09:10.072+0000] {processor.py:161} INFO - Started process (PID=4837) to work on /home/airflow/.local/lib/python3.8/site-packages/airflow/example_dags/example_setup_teardown_taskflow.py
[2025-11-02T19:09:10.076+0000] {processor.py:830} INFO - Processing file /home/airflow/.local/lib/python3.8/site-packages/airflow/example_dags/example_setup_teardown_taskflow.py for tasks to queue
[2025-11-02T19:09:10.083+0000] {logging_mixin.py:188} INFO - [2025-11-02T19:09:10.082+0000] {dagbag.py:538} INFO - Filling up the DagBag from /home/airflow/.local/lib/python3.8/site-packages/airflow/example_dags/example_setup_teardown_taskflow.py
[2025-11-02T19:09:10.114+0000] {processor.py:840} INFO - DAG(s) 'example_setup_teardown_taskflow' retrieved from /home/airflow/.local/lib/python3.8/site-packages/airflow/example_dags/example_setup_teardown_taskflow.py
[2025-11-02T19:09:10.171+0000] {logging_mixin.py:188} INFO - [2025-11-02T19:09:10.170+0000] {dag.py:3036} INFO - Sync 1 DAGs
[2025-11-02T19:09:10.248+0000] {logging_mixin.py:188} INFO - [2025-11-02T19:09:10.248+0000] {dag.py:3823} INFO - Setting next_dagrun for example_setup_teardown_taskflow to 2025-11-01 00:00:00+00:00, run_after=2025-11-02 00:00:00+00:00
[2025-11-02T19:09:10.298+0000] {processor.py:183} INFO - Processing /home/airflow/.local/lib/python3.8/site-packages/airflow/example_dags/example_setup_teardown_taskflow.py took 0.248 seconds
[2025-11-02T19:09:40.616+0000] {processor.py:161} INFO - Started process (PID=4892) to work on /home/airflow/.local/lib/python3.8/site-packages/airflow/example_dags/example_setup_teardown_taskflow.py
[2025-11-02T19:09:40.619+0000] {processor.py:830} INFO - Processing file /home/airflow/.local/lib/python3.8/site-packages/airflow/example_dags/example_setup_teardown_taskflow.py for tasks to queue
[2025-11-02T19:09:40.625+0000] {logging_mixin.py:188} INFO - [2025-11-02T19:09:40.624+0000] {dagbag.py:538} INFO - Filling up the DagBag from /home/airflow/.local/lib/python3.8/site-packages/airflow/example_dags/example_setup_teardown_taskflow.py
[2025-11-02T19:09:40.652+0000] {processor.py:840} INFO - DAG(s) 'example_setup_teardown_taskflow' retrieved from /home/airflow/.local/lib/python3.8/site-packages/airflow/example_dags/example_setup_teardown_taskflow.py
[2025-11-02T19:09:40.707+0000] {logging_mixin.py:188} INFO - [2025-11-02T19:09:40.707+0000] {dag.py:3036} INFO - Sync 1 DAGs
[2025-11-02T19:09:40.756+0000] {logging_mixin.py:188} INFO - [2025-11-02T19:09:40.756+0000] {dag.py:3823} INFO - Setting next_dagrun for example_setup_teardown_taskflow to 2025-11-01 00:00:00+00:00, run_after=2025-11-02 00:00:00+00:00
[2025-11-02T19:09:40.799+0000] {processor.py:183} INFO - Processing /home/airflow/.local/lib/python3.8/site-packages/airflow/example_dags/example_setup_teardown_taskflow.py took 0.195 seconds
[2025-11-02T19:10:11.126+0000] {processor.py:161} INFO - Started process (PID=4947) to work on /home/airflow/.local/lib/python3.8/site-packages/airflow/example_dags/example_setup_teardown_taskflow.py
[2025-11-02T19:10:11.129+0000] {processor.py:830} INFO - Processing file /home/airflow/.local/lib/python3.8/site-packages/airflow/example_dags/example_setup_teardown_taskflow.py for tasks to queue
[2025-11-02T19:10:11.134+0000] {logging_mixin.py:188} INFO - [2025-11-02T19:10:11.133+0000] {dagbag.py:538} INFO - Filling up the DagBag from /home/airflow/.local/lib/python3.8/site-packages/airflow/example_dags/example_setup_teardown_taskflow.py
[2025-11-02T19:10:11.160+0000] {processor.py:840} INFO - DAG(s) 'example_setup_teardown_taskflow' retrieved from /home/airflow/.local/lib/python3.8/site-packages/airflow/example_dags/example_setup_teardown_taskflow.py
[2025-11-02T19:10:11.213+0000] {logging_mixin.py:188} INFO - [2025-11-02T19:10:11.212+0000] {dag.py:3036} INFO - Sync 1 DAGs
[2025-11-02T19:10:11.267+0000] {logging_mixin.py:188} INFO - [2025-11-02T19:10:11.267+0000] {dag.py:3823} INFO - Setting next_dagrun for example_setup_teardown_taskflow to 2025-11-01 00:00:00+00:00, run_after=2025-11-02 00:00:00+00:00
[2025-11-02T19:10:11.314+0000] {processor.py:183} INFO - Processing /home/airflow/.local/lib/python3.8/site-packages/airflow/example_dags/example_setup_teardown_taskflow.py took 0.199 seconds
[2025-11-02T19:10:41.758+0000] {processor.py:161} INFO - Started process (PID=5002) to work on /home/airflow/.local/lib/python3.8/site-packages/airflow/example_dags/example_setup_teardown_taskflow.py
[2025-11-02T19:10:41.761+0000] {processor.py:830} INFO - Processing file /home/airflow/.local/lib/python3.8/site-packages/airflow/example_dags/example_setup_teardown_taskflow.py for tasks to queue
[2025-11-02T19:10:41.766+0000] {logging_mixin.py:188} INFO - [2025-11-02T19:10:41.765+0000] {dagbag.py:538} INFO - Filling up the DagBag from /home/airflow/.local/lib/python3.8/site-packages/airflow/example_dags/example_setup_teardown_taskflow.py
[2025-11-02T19:10:41.789+0000] {processor.py:840} INFO - DAG(s) 'example_setup_teardown_taskflow' retrieved from /home/airflow/.local/lib/python3.8/site-packages/airflow/example_dags/example_setup_teardown_taskflow.py
[2025-11-02T19:10:41.851+0000] {logging_mixin.py:188} INFO - [2025-11-02T19:10:41.851+0000] {dag.py:3036} INFO - Sync 1 DAGs
[2025-11-02T19:10:41.899+0000] {logging_mixin.py:188} INFO - [2025-11-02T19:10:41.899+0000] {dag.py:3823} INFO - Setting next_dagrun for example_setup_teardown_taskflow to 2025-11-01 00:00:00+00:00, run_after=2025-11-02 00:00:00+00:00
[2025-11-02T19:10:41.943+0000] {processor.py:183} INFO - Processing /home/airflow/.local/lib/python3.8/site-packages/airflow/example_dags/example_setup_teardown_taskflow.py took 0.195 seconds
[2025-11-02T19:11:12.905+0000] {processor.py:161} INFO - Started process (PID=5057) to work on /home/airflow/.local/lib/python3.8/site-packages/airflow/example_dags/example_setup_teardown_taskflow.py
[2025-11-02T19:11:12.910+0000] {processor.py:830} INFO - Processing file /home/airflow/.local/lib/python3.8/site-packages/airflow/example_dags/example_setup_teardown_taskflow.py for tasks to queue
[2025-11-02T19:11:12.918+0000] {logging_mixin.py:188} INFO - [2025-11-02T19:11:12.917+0000] {dagbag.py:538} INFO - Filling up the DagBag from /home/airflow/.local/lib/python3.8/site-packages/airflow/example_dags/example_setup_teardown_taskflow.py
[2025-11-02T19:11:12.953+0000] {processor.py:840} INFO - DAG(s) 'example_setup_teardown_taskflow' retrieved from /home/airflow/.local/lib/python3.8/site-packages/airflow/example_dags/example_setup_teardown_taskflow.py
[2025-11-02T19:11:13.032+0000] {logging_mixin.py:188} INFO - [2025-11-02T19:11:13.031+0000] {dag.py:3036} INFO - Sync 1 DAGs
[2025-11-02T19:11:13.118+0000] {logging_mixin.py:188} INFO - [2025-11-02T19:11:13.116+0000] {dag.py:3823} INFO - Setting next_dagrun for example_setup_teardown_taskflow to 2025-11-01 00:00:00+00:00, run_after=2025-11-02 00:00:00+00:00
[2025-11-02T19:11:13.193+0000] {processor.py:183} INFO - Processing /home/airflow/.local/lib/python3.8/site-packages/airflow/example_dags/example_setup_teardown_taskflow.py took 0.303 seconds
[2025-11-02T19:11:43.413+0000] {processor.py:161} INFO - Started process (PID=5112) to work on /home/airflow/.local/lib/python3.8/site-packages/airflow/example_dags/example_setup_teardown_taskflow.py
[2025-11-02T19:11:43.418+0000] {processor.py:830} INFO - Processing file /home/airflow/.local/lib/python3.8/site-packages/airflow/example_dags/example_setup_teardown_taskflow.py for tasks to queue
[2025-11-02T19:11:43.429+0000] {logging_mixin.py:188} INFO - [2025-11-02T19:11:43.428+0000] {dagbag.py:538} INFO - Filling up the DagBag from /home/airflow/.local/lib/python3.8/site-packages/airflow/example_dags/example_setup_teardown_taskflow.py
[2025-11-02T19:11:43.464+0000] {processor.py:840} INFO - DAG(s) 'example_setup_teardown_taskflow' retrieved from /home/airflow/.local/lib/python3.8/site-packages/airflow/example_dags/example_setup_teardown_taskflow.py
[2025-11-02T19:11:43.550+0000] {logging_mixin.py:188} INFO - [2025-11-02T19:11:43.549+0000] {dag.py:3036} INFO - Sync 1 DAGs
[2025-11-02T19:11:43.615+0000] {logging_mixin.py:188} INFO - [2025-11-02T19:11:43.614+0000] {dag.py:3823} INFO - Setting next_dagrun for example_setup_teardown_taskflow to 2025-11-01 00:00:00+00:00, run_after=2025-11-02 00:00:00+00:00
[2025-11-02T19:11:43.661+0000] {processor.py:183} INFO - Processing /home/airflow/.local/lib/python3.8/site-packages/airflow/example_dags/example_setup_teardown_taskflow.py took 0.262 seconds
[2025-11-02T19:12:13.930+0000] {processor.py:161} INFO - Started process (PID=5167) to work on /home/airflow/.local/lib/python3.8/site-packages/airflow/example_dags/example_setup_teardown_taskflow.py
[2025-11-02T19:12:13.936+0000] {processor.py:830} INFO - Processing file /home/airflow/.local/lib/python3.8/site-packages/airflow/example_dags/example_setup_teardown_taskflow.py for tasks to queue
[2025-11-02T19:12:13.944+0000] {logging_mixin.py:188} INFO - [2025-11-02T19:12:13.943+0000] {dagbag.py:538} INFO - Filling up the DagBag from /home/airflow/.local/lib/python3.8/site-packages/airflow/example_dags/example_setup_teardown_taskflow.py
[2025-11-02T19:12:13.969+0000] {processor.py:840} INFO - DAG(s) 'example_setup_teardown_taskflow' retrieved from /home/airflow/.local/lib/python3.8/site-packages/airflow/example_dags/example_setup_teardown_taskflow.py
[2025-11-02T19:12:14.026+0000] {logging_mixin.py:188} INFO - [2025-11-02T19:12:14.026+0000] {dag.py:3036} INFO - Sync 1 DAGs
[2025-11-02T19:12:14.100+0000] {logging_mixin.py:188} INFO - [2025-11-02T19:12:14.099+0000] {dag.py:3823} INFO - Setting next_dagrun for example_setup_teardown_taskflow to 2025-11-01 00:00:00+00:00, run_after=2025-11-02 00:00:00+00:00
[2025-11-02T19:12:14.151+0000] {processor.py:183} INFO - Processing /home/airflow/.local/lib/python3.8/site-packages/airflow/example_dags/example_setup_teardown_taskflow.py took 0.232 seconds
[2025-11-02T19:12:45.006+0000] {processor.py:161} INFO - Started process (PID=5229) to work on /home/airflow/.local/lib/python3.8/site-packages/airflow/example_dags/example_setup_teardown_taskflow.py
[2025-11-02T19:12:45.010+0000] {processor.py:830} INFO - Processing file /home/airflow/.local/lib/python3.8/site-packages/airflow/example_dags/example_setup_teardown_taskflow.py for tasks to queue
[2025-11-02T19:12:45.017+0000] {logging_mixin.py:188} INFO - [2025-11-02T19:12:45.015+0000] {dagbag.py:538} INFO - Filling up the DagBag from /home/airflow/.local/lib/python3.8/site-packages/airflow/example_dags/example_setup_teardown_taskflow.py
[2025-11-02T19:12:45.043+0000] {processor.py:840} INFO - DAG(s) 'example_setup_teardown_taskflow' retrieved from /home/airflow/.local/lib/python3.8/site-packages/airflow/example_dags/example_setup_teardown_taskflow.py
[2025-11-02T19:12:45.107+0000] {logging_mixin.py:188} INFO - [2025-11-02T19:12:45.107+0000] {dag.py:3036} INFO - Sync 1 DAGs
[2025-11-02T19:12:45.161+0000] {logging_mixin.py:188} INFO - [2025-11-02T19:12:45.160+0000] {dag.py:3823} INFO - Setting next_dagrun for example_setup_teardown_taskflow to 2025-11-01 00:00:00+00:00, run_after=2025-11-02 00:00:00+00:00
[2025-11-02T19:12:45.210+0000] {processor.py:183} INFO - Processing /home/airflow/.local/lib/python3.8/site-packages/airflow/example_dags/example_setup_teardown_taskflow.py took 0.218 seconds
[2025-11-02T19:13:15.382+0000] {processor.py:161} INFO - Started process (PID=5283) to work on /home/airflow/.local/lib/python3.8/site-packages/airflow/example_dags/example_setup_teardown_taskflow.py
[2025-11-02T19:13:15.384+0000] {processor.py:830} INFO - Processing file /home/airflow/.local/lib/python3.8/site-packages/airflow/example_dags/example_setup_teardown_taskflow.py for tasks to queue
[2025-11-02T19:13:15.391+0000] {logging_mixin.py:188} INFO - [2025-11-02T19:13:15.390+0000] {dagbag.py:538} INFO - Filling up the DagBag from /home/airflow/.local/lib/python3.8/site-packages/airflow/example_dags/example_setup_teardown_taskflow.py
[2025-11-02T19:13:15.448+0000] {processor.py:840} INFO - DAG(s) 'example_setup_teardown_taskflow' retrieved from /home/airflow/.local/lib/python3.8/site-packages/airflow/example_dags/example_setup_teardown_taskflow.py
[2025-11-02T19:13:15.569+0000] {logging_mixin.py:188} INFO - [2025-11-02T19:13:15.568+0000] {dag.py:3036} INFO - Sync 1 DAGs
[2025-11-02T19:13:15.683+0000] {logging_mixin.py:188} INFO - [2025-11-02T19:13:15.682+0000] {dag.py:3823} INFO - Setting next_dagrun for example_setup_teardown_taskflow to 2025-11-01 00:00:00+00:00, run_after=2025-11-02 00:00:00+00:00
[2025-11-02T19:13:15.773+0000] {processor.py:183} INFO - Processing /home/airflow/.local/lib/python3.8/site-packages/airflow/example_dags/example_setup_teardown_taskflow.py took 0.403 seconds
[2025-11-02T19:13:46.596+0000] {processor.py:161} INFO - Started process (PID=5338) to work on /home/airflow/.local/lib/python3.8/site-packages/airflow/example_dags/example_setup_teardown_taskflow.py
[2025-11-02T19:13:46.599+0000] {processor.py:830} INFO - Processing file /home/airflow/.local/lib/python3.8/site-packages/airflow/example_dags/example_setup_teardown_taskflow.py for tasks to queue
[2025-11-02T19:13:46.606+0000] {logging_mixin.py:188} INFO - [2025-11-02T19:13:46.605+0000] {dagbag.py:538} INFO - Filling up the DagBag from /home/airflow/.local/lib/python3.8/site-packages/airflow/example_dags/example_setup_teardown_taskflow.py
[2025-11-02T19:13:46.636+0000] {processor.py:840} INFO - DAG(s) 'example_setup_teardown_taskflow' retrieved from /home/airflow/.local/lib/python3.8/site-packages/airflow/example_dags/example_setup_teardown_taskflow.py
[2025-11-02T19:13:46.710+0000] {logging_mixin.py:188} INFO - [2025-11-02T19:13:46.709+0000] {dag.py:3036} INFO - Sync 1 DAGs
[2025-11-02T19:13:46.774+0000] {logging_mixin.py:188} INFO - [2025-11-02T19:13:46.773+0000] {dag.py:3823} INFO - Setting next_dagrun for example_setup_teardown_taskflow to 2025-11-01 00:00:00+00:00, run_after=2025-11-02 00:00:00+00:00
[2025-11-02T19:13:46.846+0000] {processor.py:183} INFO - Processing /home/airflow/.local/lib/python3.8/site-packages/airflow/example_dags/example_setup_teardown_taskflow.py took 0.263 seconds
[2025-11-02T19:14:18.358+0000] {processor.py:161} INFO - Started process (PID=5393) to work on /home/airflow/.local/lib/python3.8/site-packages/airflow/example_dags/example_setup_teardown_taskflow.py
[2025-11-02T19:14:18.395+0000] {processor.py:830} INFO - Processing file /home/airflow/.local/lib/python3.8/site-packages/airflow/example_dags/example_setup_teardown_taskflow.py for tasks to queue
[2025-11-02T19:14:18.418+0000] {logging_mixin.py:188} INFO - [2025-11-02T19:14:18.417+0000] {dagbag.py:538} INFO - Filling up the DagBag from /home/airflow/.local/lib/python3.8/site-packages/airflow/example_dags/example_setup_teardown_taskflow.py
[2025-11-02T19:14:18.516+0000] {processor.py:840} INFO - DAG(s) 'example_setup_teardown_taskflow' retrieved from /home/airflow/.local/lib/python3.8/site-packages/airflow/example_dags/example_setup_teardown_taskflow.py
[2025-11-02T19:14:18.713+0000] {logging_mixin.py:188} INFO - [2025-11-02T19:14:18.712+0000] {dag.py:3036} INFO - Sync 1 DAGs
[2025-11-02T19:14:18.819+0000] {logging_mixin.py:188} INFO - [2025-11-02T19:14:18.819+0000] {dag.py:3823} INFO - Setting next_dagrun for example_setup_teardown_taskflow to 2025-11-01 00:00:00+00:00, run_after=2025-11-02 00:00:00+00:00
[2025-11-02T19:14:18.912+0000] {processor.py:183} INFO - Processing /home/airflow/.local/lib/python3.8/site-packages/airflow/example_dags/example_setup_teardown_taskflow.py took 0.637 seconds
[2025-11-02T19:14:49.177+0000] {processor.py:161} INFO - Started process (PID=5449) to work on /home/airflow/.local/lib/python3.8/site-packages/airflow/example_dags/example_setup_teardown_taskflow.py
[2025-11-02T19:14:49.183+0000] {processor.py:830} INFO - Processing file /home/airflow/.local/lib/python3.8/site-packages/airflow/example_dags/example_setup_teardown_taskflow.py for tasks to queue
[2025-11-02T19:14:49.198+0000] {logging_mixin.py:188} INFO - [2025-11-02T19:14:49.197+0000] {dagbag.py:538} INFO - Filling up the DagBag from /home/airflow/.local/lib/python3.8/site-packages/airflow/example_dags/example_setup_teardown_taskflow.py
[2025-11-02T19:14:49.254+0000] {processor.py:840} INFO - DAG(s) 'example_setup_teardown_taskflow' retrieved from /home/airflow/.local/lib/python3.8/site-packages/airflow/example_dags/example_setup_teardown_taskflow.py
[2025-11-02T19:14:49.329+0000] {logging_mixin.py:188} INFO - [2025-11-02T19:14:49.329+0000] {dag.py:3036} INFO - Sync 1 DAGs
[2025-11-02T19:14:49.401+0000] {logging_mixin.py:188} INFO - [2025-11-02T19:14:49.400+0000] {dag.py:3823} INFO - Setting next_dagrun for example_setup_teardown_taskflow to 2025-11-01 00:00:00+00:00, run_after=2025-11-02 00:00:00+00:00
[2025-11-02T19:14:49.454+0000] {processor.py:183} INFO - Processing /home/airflow/.local/lib/python3.8/site-packages/airflow/example_dags/example_setup_teardown_taskflow.py took 0.306 seconds
[2025-11-02T19:15:20.030+0000] {processor.py:161} INFO - Started process (PID=5504) to work on /home/airflow/.local/lib/python3.8/site-packages/airflow/example_dags/example_setup_teardown_taskflow.py
[2025-11-02T19:15:20.034+0000] {processor.py:830} INFO - Processing file /home/airflow/.local/lib/python3.8/site-packages/airflow/example_dags/example_setup_teardown_taskflow.py for tasks to queue
[2025-11-02T19:15:20.041+0000] {logging_mixin.py:188} INFO - [2025-11-02T19:15:20.040+0000] {dagbag.py:538} INFO - Filling up the DagBag from /home/airflow/.local/lib/python3.8/site-packages/airflow/example_dags/example_setup_teardown_taskflow.py
[2025-11-02T19:15:20.067+0000] {processor.py:840} INFO - DAG(s) 'example_setup_teardown_taskflow' retrieved from /home/airflow/.local/lib/python3.8/site-packages/airflow/example_dags/example_setup_teardown_taskflow.py
[2025-11-02T19:15:20.146+0000] {logging_mixin.py:188} INFO - [2025-11-02T19:15:20.146+0000] {dag.py:3036} INFO - Sync 1 DAGs
[2025-11-02T19:15:20.215+0000] {logging_mixin.py:188} INFO - [2025-11-02T19:15:20.214+0000] {dag.py:3823} INFO - Setting next_dagrun for example_setup_teardown_taskflow to 2025-11-01 00:00:00+00:00, run_after=2025-11-02 00:00:00+00:00
[2025-11-02T19:15:20.261+0000] {processor.py:183} INFO - Processing /home/airflow/.local/lib/python3.8/site-packages/airflow/example_dags/example_setup_teardown_taskflow.py took 0.248 seconds
[2025-11-02T19:15:50.796+0000] {processor.py:161} INFO - Started process (PID=5559) to work on /home/airflow/.local/lib/python3.8/site-packages/airflow/example_dags/example_setup_teardown_taskflow.py
[2025-11-02T19:15:50.804+0000] {processor.py:830} INFO - Processing file /home/airflow/.local/lib/python3.8/site-packages/airflow/example_dags/example_setup_teardown_taskflow.py for tasks to queue
[2025-11-02T19:15:50.811+0000] {logging_mixin.py:188} INFO - [2025-11-02T19:15:50.810+0000] {dagbag.py:538} INFO - Filling up the DagBag from /home/airflow/.local/lib/python3.8/site-packages/airflow/example_dags/example_setup_teardown_taskflow.py
[2025-11-02T19:15:50.853+0000] {processor.py:840} INFO - DAG(s) 'example_setup_teardown_taskflow' retrieved from /home/airflow/.local/lib/python3.8/site-packages/airflow/example_dags/example_setup_teardown_taskflow.py
[2025-11-02T19:15:50.924+0000] {logging_mixin.py:188} INFO - [2025-11-02T19:15:50.923+0000] {dag.py:3036} INFO - Sync 1 DAGs
[2025-11-02T19:15:51.028+0000] {logging_mixin.py:188} INFO - [2025-11-02T19:15:51.027+0000] {dag.py:3823} INFO - Setting next_dagrun for example_setup_teardown_taskflow to 2025-11-01 00:00:00+00:00, run_after=2025-11-02 00:00:00+00:00
[2025-11-02T19:15:51.100+0000] {processor.py:183} INFO - Processing /home/airflow/.local/lib/python3.8/site-packages/airflow/example_dags/example_setup_teardown_taskflow.py took 0.332 seconds
[2025-11-02T19:16:22.135+0000] {processor.py:161} INFO - Started process (PID=5614) to work on /home/airflow/.local/lib/python3.8/site-packages/airflow/example_dags/example_setup_teardown_taskflow.py
[2025-11-02T19:16:22.138+0000] {processor.py:830} INFO - Processing file /home/airflow/.local/lib/python3.8/site-packages/airflow/example_dags/example_setup_teardown_taskflow.py for tasks to queue
[2025-11-02T19:16:22.145+0000] {logging_mixin.py:188} INFO - [2025-11-02T19:16:22.144+0000] {dagbag.py:538} INFO - Filling up the DagBag from /home/airflow/.local/lib/python3.8/site-packages/airflow/example_dags/example_setup_teardown_taskflow.py
[2025-11-02T19:16:22.173+0000] {processor.py:840} INFO - DAG(s) 'example_setup_teardown_taskflow' retrieved from /home/airflow/.local/lib/python3.8/site-packages/airflow/example_dags/example_setup_teardown_taskflow.py
[2025-11-02T19:16:22.236+0000] {logging_mixin.py:188} INFO - [2025-11-02T19:16:22.236+0000] {dag.py:3036} INFO - Sync 1 DAGs
[2025-11-02T19:16:22.295+0000] {logging_mixin.py:188} INFO - [2025-11-02T19:16:22.295+0000] {dag.py:3823} INFO - Setting next_dagrun for example_setup_teardown_taskflow to 2025-11-01 00:00:00+00:00, run_after=2025-11-02 00:00:00+00:00
[2025-11-02T19:16:22.344+0000] {processor.py:183} INFO - Processing /home/airflow/.local/lib/python3.8/site-packages/airflow/example_dags/example_setup_teardown_taskflow.py took 0.219 seconds
[2025-11-02T19:16:53.038+0000] {processor.py:161} INFO - Started process (PID=5668) to work on /home/airflow/.local/lib/python3.8/site-packages/airflow/example_dags/example_setup_teardown_taskflow.py
[2025-11-02T19:16:53.042+0000] {processor.py:830} INFO - Processing file /home/airflow/.local/lib/python3.8/site-packages/airflow/example_dags/example_setup_teardown_taskflow.py for tasks to queue
[2025-11-02T19:16:53.050+0000] {logging_mixin.py:188} INFO - [2025-11-02T19:16:53.049+0000] {dagbag.py:538} INFO - Filling up the DagBag from /home/airflow/.local/lib/python3.8/site-packages/airflow/example_dags/example_setup_teardown_taskflow.py
[2025-11-02T19:16:53.092+0000] {processor.py:840} INFO - DAG(s) 'example_setup_teardown_taskflow' retrieved from /home/airflow/.local/lib/python3.8/site-packages/airflow/example_dags/example_setup_teardown_taskflow.py
[2025-11-02T19:16:53.192+0000] {logging_mixin.py:188} INFO - [2025-11-02T19:16:53.191+0000] {dag.py:3036} INFO - Sync 1 DAGs
[2025-11-02T19:16:53.294+0000] {logging_mixin.py:188} INFO - [2025-11-02T19:16:53.293+0000] {dag.py:3823} INFO - Setting next_dagrun for example_setup_teardown_taskflow to 2025-11-01 00:00:00+00:00, run_after=2025-11-02 00:00:00+00:00
[2025-11-02T19:16:53.358+0000] {processor.py:183} INFO - Processing /home/airflow/.local/lib/python3.8/site-packages/airflow/example_dags/example_setup_teardown_taskflow.py took 0.335 seconds
[2025-11-02T19:17:24.148+0000] {processor.py:161} INFO - Started process (PID=5722) to work on /home/airflow/.local/lib/python3.8/site-packages/airflow/example_dags/example_setup_teardown_taskflow.py
[2025-11-02T19:17:24.151+0000] {processor.py:830} INFO - Processing file /home/airflow/.local/lib/python3.8/site-packages/airflow/example_dags/example_setup_teardown_taskflow.py for tasks to queue
[2025-11-02T19:17:24.157+0000] {logging_mixin.py:188} INFO - [2025-11-02T19:17:24.155+0000] {dagbag.py:538} INFO - Filling up the DagBag from /home/airflow/.local/lib/python3.8/site-packages/airflow/example_dags/example_setup_teardown_taskflow.py
[2025-11-02T19:17:24.183+0000] {processor.py:840} INFO - DAG(s) 'example_setup_teardown_taskflow' retrieved from /home/airflow/.local/lib/python3.8/site-packages/airflow/example_dags/example_setup_teardown_taskflow.py
[2025-11-02T19:17:24.241+0000] {logging_mixin.py:188} INFO - [2025-11-02T19:17:24.241+0000] {dag.py:3036} INFO - Sync 1 DAGs
[2025-11-02T19:17:24.322+0000] {logging_mixin.py:188} INFO - [2025-11-02T19:17:24.322+0000] {dag.py:3823} INFO - Setting next_dagrun for example_setup_teardown_taskflow to 2025-11-01 00:00:00+00:00, run_after=2025-11-02 00:00:00+00:00
[2025-11-02T19:17:24.375+0000] {processor.py:183} INFO - Processing /home/airflow/.local/lib/python3.8/site-packages/airflow/example_dags/example_setup_teardown_taskflow.py took 0.243 seconds
[2025-11-02T19:17:54.933+0000] {processor.py:161} INFO - Started process (PID=5777) to work on /home/airflow/.local/lib/python3.8/site-packages/airflow/example_dags/example_setup_teardown_taskflow.py
[2025-11-02T19:17:54.943+0000] {processor.py:830} INFO - Processing file /home/airflow/.local/lib/python3.8/site-packages/airflow/example_dags/example_setup_teardown_taskflow.py for tasks to queue
[2025-11-02T19:17:54.951+0000] {logging_mixin.py:188} INFO - [2025-11-02T19:17:54.950+0000] {dagbag.py:538} INFO - Filling up the DagBag from /home/airflow/.local/lib/python3.8/site-packages/airflow/example_dags/example_setup_teardown_taskflow.py
[2025-11-02T19:17:55.039+0000] {processor.py:840} INFO - DAG(s) 'example_setup_teardown_taskflow' retrieved from /home/airflow/.local/lib/python3.8/site-packages/airflow/example_dags/example_setup_teardown_taskflow.py
[2025-11-02T19:17:55.163+0000] {logging_mixin.py:188} INFO - [2025-11-02T19:17:55.162+0000] {dag.py:3036} INFO - Sync 1 DAGs
[2025-11-02T19:17:55.254+0000] {logging_mixin.py:188} INFO - [2025-11-02T19:17:55.254+0000] {dag.py:3823} INFO - Setting next_dagrun for example_setup_teardown_taskflow to 2025-11-01 00:00:00+00:00, run_after=2025-11-02 00:00:00+00:00
[2025-11-02T19:17:55.315+0000] {processor.py:183} INFO - Processing /home/airflow/.local/lib/python3.8/site-packages/airflow/example_dags/example_setup_teardown_taskflow.py took 0.408 seconds
[2025-11-02T19:18:26.208+0000] {processor.py:161} INFO - Started process (PID=5832) to work on /home/airflow/.local/lib/python3.8/site-packages/airflow/example_dags/example_setup_teardown_taskflow.py
[2025-11-02T19:18:26.215+0000] {processor.py:830} INFO - Processing file /home/airflow/.local/lib/python3.8/site-packages/airflow/example_dags/example_setup_teardown_taskflow.py for tasks to queue
[2025-11-02T19:18:26.223+0000] {logging_mixin.py:188} INFO - [2025-11-02T19:18:26.222+0000] {dagbag.py:538} INFO - Filling up the DagBag from /home/airflow/.local/lib/python3.8/site-packages/airflow/example_dags/example_setup_teardown_taskflow.py
[2025-11-02T19:18:26.282+0000] {processor.py:840} INFO - DAG(s) 'example_setup_teardown_taskflow' retrieved from /home/airflow/.local/lib/python3.8/site-packages/airflow/example_dags/example_setup_teardown_taskflow.py
[2025-11-02T19:18:26.343+0000] {logging_mixin.py:188} INFO - [2025-11-02T19:18:26.343+0000] {dag.py:3036} INFO - Sync 1 DAGs
[2025-11-02T19:18:26.406+0000] {logging_mixin.py:188} INFO - [2025-11-02T19:18:26.405+0000] {dag.py:3823} INFO - Setting next_dagrun for example_setup_teardown_taskflow to 2025-11-01 00:00:00+00:00, run_after=2025-11-02 00:00:00+00:00
[2025-11-02T19:18:26.467+0000] {processor.py:183} INFO - Processing /home/airflow/.local/lib/python3.8/site-packages/airflow/example_dags/example_setup_teardown_taskflow.py took 0.295 seconds
[2025-11-02T19:18:57.057+0000] {processor.py:161} INFO - Started process (PID=5886) to work on /home/airflow/.local/lib/python3.8/site-packages/airflow/example_dags/example_setup_teardown_taskflow.py
[2025-11-02T19:18:57.060+0000] {processor.py:830} INFO - Processing file /home/airflow/.local/lib/python3.8/site-packages/airflow/example_dags/example_setup_teardown_taskflow.py for tasks to queue
[2025-11-02T19:18:57.067+0000] {logging_mixin.py:188} INFO - [2025-11-02T19:18:57.066+0000] {dagbag.py:538} INFO - Filling up the DagBag from /home/airflow/.local/lib/python3.8/site-packages/airflow/example_dags/example_setup_teardown_taskflow.py
[2025-11-02T19:18:57.093+0000] {processor.py:840} INFO - DAG(s) 'example_setup_teardown_taskflow' retrieved from /home/airflow/.local/lib/python3.8/site-packages/airflow/example_dags/example_setup_teardown_taskflow.py
[2025-11-02T19:18:57.145+0000] {logging_mixin.py:188} INFO - [2025-11-02T19:18:57.145+0000] {dag.py:3036} INFO - Sync 1 DAGs
[2025-11-02T19:18:57.199+0000] {logging_mixin.py:188} INFO - [2025-11-02T19:18:57.198+0000] {dag.py:3823} INFO - Setting next_dagrun for example_setup_teardown_taskflow to 2025-11-01 00:00:00+00:00, run_after=2025-11-02 00:00:00+00:00
[2025-11-02T19:18:57.246+0000] {processor.py:183} INFO - Processing /home/airflow/.local/lib/python3.8/site-packages/airflow/example_dags/example_setup_teardown_taskflow.py took 0.203 seconds
[2025-11-02T19:19:27.727+0000] {processor.py:161} INFO - Started process (PID=5941) to work on /home/airflow/.local/lib/python3.8/site-packages/airflow/example_dags/example_setup_teardown_taskflow.py
[2025-11-02T19:19:27.731+0000] {processor.py:830} INFO - Processing file /home/airflow/.local/lib/python3.8/site-packages/airflow/example_dags/example_setup_teardown_taskflow.py for tasks to queue
[2025-11-02T19:19:27.738+0000] {logging_mixin.py:188} INFO - [2025-11-02T19:19:27.737+0000] {dagbag.py:538} INFO - Filling up the DagBag from /home/airflow/.local/lib/python3.8/site-packages/airflow/example_dags/example_setup_teardown_taskflow.py
[2025-11-02T19:19:27.768+0000] {processor.py:840} INFO - DAG(s) 'example_setup_teardown_taskflow' retrieved from /home/airflow/.local/lib/python3.8/site-packages/airflow/example_dags/example_setup_teardown_taskflow.py
[2025-11-02T19:19:27.844+0000] {logging_mixin.py:188} INFO - [2025-11-02T19:19:27.843+0000] {dag.py:3036} INFO - Sync 1 DAGs
[2025-11-02T19:19:27.900+0000] {logging_mixin.py:188} INFO - [2025-11-02T19:19:27.899+0000] {dag.py:3823} INFO - Setting next_dagrun for example_setup_teardown_taskflow to 2025-11-01 00:00:00+00:00, run_after=2025-11-02 00:00:00+00:00
[2025-11-02T19:19:27.944+0000] {processor.py:183} INFO - Processing /home/airflow/.local/lib/python3.8/site-packages/airflow/example_dags/example_setup_teardown_taskflow.py took 0.232 seconds
[2025-11-02T19:19:58.283+0000] {processor.py:161} INFO - Started process (PID=5997) to work on /home/airflow/.local/lib/python3.8/site-packages/airflow/example_dags/example_setup_teardown_taskflow.py
[2025-11-02T19:19:58.287+0000] {processor.py:830} INFO - Processing file /home/airflow/.local/lib/python3.8/site-packages/airflow/example_dags/example_setup_teardown_taskflow.py for tasks to queue
[2025-11-02T19:19:58.298+0000] {logging_mixin.py:188} INFO - [2025-11-02T19:19:58.297+0000] {dagbag.py:538} INFO - Filling up the DagBag from /home/airflow/.local/lib/python3.8/site-packages/airflow/example_dags/example_setup_teardown_taskflow.py
[2025-11-02T19:19:58.345+0000] {processor.py:840} INFO - DAG(s) 'example_setup_teardown_taskflow' retrieved from /home/airflow/.local/lib/python3.8/site-packages/airflow/example_dags/example_setup_teardown_taskflow.py
[2025-11-02T19:19:58.602+0000] {logging_mixin.py:188} INFO - [2025-11-02T19:19:58.601+0000] {dag.py:3036} INFO - Sync 1 DAGs
[2025-11-02T19:19:58.747+0000] {logging_mixin.py:188} INFO - [2025-11-02T19:19:58.746+0000] {dag.py:3823} INFO - Setting next_dagrun for example_setup_teardown_taskflow to 2025-11-01 00:00:00+00:00, run_after=2025-11-02 00:00:00+00:00
[2025-11-02T19:19:58.892+0000] {processor.py:183} INFO - Processing /home/airflow/.local/lib/python3.8/site-packages/airflow/example_dags/example_setup_teardown_taskflow.py took 0.624 seconds
[2025-11-02T19:20:29.589+0000] {processor.py:161} INFO - Started process (PID=6051) to work on /home/airflow/.local/lib/python3.8/site-packages/airflow/example_dags/example_setup_teardown_taskflow.py
[2025-11-02T19:20:29.595+0000] {processor.py:830} INFO - Processing file /home/airflow/.local/lib/python3.8/site-packages/airflow/example_dags/example_setup_teardown_taskflow.py for tasks to queue
[2025-11-02T19:20:29.602+0000] {logging_mixin.py:188} INFO - [2025-11-02T19:20:29.601+0000] {dagbag.py:538} INFO - Filling up the DagBag from /home/airflow/.local/lib/python3.8/site-packages/airflow/example_dags/example_setup_teardown_taskflow.py
[2025-11-02T19:20:29.636+0000] {processor.py:840} INFO - DAG(s) 'example_setup_teardown_taskflow' retrieved from /home/airflow/.local/lib/python3.8/site-packages/airflow/example_dags/example_setup_teardown_taskflow.py
[2025-11-02T19:20:29.709+0000] {logging_mixin.py:188} INFO - [2025-11-02T19:20:29.708+0000] {dag.py:3036} INFO - Sync 1 DAGs
[2025-11-02T19:20:29.779+0000] {logging_mixin.py:188} INFO - [2025-11-02T19:20:29.771+0000] {dag.py:3823} INFO - Setting next_dagrun for example_setup_teardown_taskflow to 2025-11-01 00:00:00+00:00, run_after=2025-11-02 00:00:00+00:00
[2025-11-02T19:20:29.841+0000] {processor.py:183} INFO - Processing /home/airflow/.local/lib/python3.8/site-packages/airflow/example_dags/example_setup_teardown_taskflow.py took 0.272 seconds
[2025-11-02T19:21:00.102+0000] {processor.py:161} INFO - Started process (PID=6104) to work on /home/airflow/.local/lib/python3.8/site-packages/airflow/example_dags/example_setup_teardown_taskflow.py
[2025-11-02T19:21:00.116+0000] {processor.py:830} INFO - Processing file /home/airflow/.local/lib/python3.8/site-packages/airflow/example_dags/example_setup_teardown_taskflow.py for tasks to queue
[2025-11-02T19:21:00.134+0000] {logging_mixin.py:188} INFO - [2025-11-02T19:21:00.133+0000] {dagbag.py:538} INFO - Filling up the DagBag from /home/airflow/.local/lib/python3.8/site-packages/airflow/example_dags/example_setup_teardown_taskflow.py
[2025-11-02T19:21:00.248+0000] {processor.py:840} INFO - DAG(s) 'example_setup_teardown_taskflow' retrieved from /home/airflow/.local/lib/python3.8/site-packages/airflow/example_dags/example_setup_teardown_taskflow.py
[2025-11-02T19:21:00.537+0000] {logging_mixin.py:188} INFO - [2025-11-02T19:21:00.536+0000] {dag.py:3036} INFO - Sync 1 DAGs
[2025-11-02T19:21:00.768+0000] {logging_mixin.py:188} INFO - [2025-11-02T19:21:00.767+0000] {dag.py:3823} INFO - Setting next_dagrun for example_setup_teardown_taskflow to 2025-11-01 00:00:00+00:00, run_after=2025-11-02 00:00:00+00:00
[2025-11-02T19:21:00.940+0000] {processor.py:183} INFO - Processing /home/airflow/.local/lib/python3.8/site-packages/airflow/example_dags/example_setup_teardown_taskflow.py took 0.880 seconds
[2025-11-02T19:21:31.374+0000] {processor.py:161} INFO - Started process (PID=6158) to work on /home/airflow/.local/lib/python3.8/site-packages/airflow/example_dags/example_setup_teardown_taskflow.py
[2025-11-02T19:21:31.377+0000] {processor.py:830} INFO - Processing file /home/airflow/.local/lib/python3.8/site-packages/airflow/example_dags/example_setup_teardown_taskflow.py for tasks to queue
[2025-11-02T19:21:31.382+0000] {logging_mixin.py:188} INFO - [2025-11-02T19:21:31.381+0000] {dagbag.py:538} INFO - Filling up the DagBag from /home/airflow/.local/lib/python3.8/site-packages/airflow/example_dags/example_setup_teardown_taskflow.py
[2025-11-02T19:21:31.409+0000] {processor.py:840} INFO - DAG(s) 'example_setup_teardown_taskflow' retrieved from /home/airflow/.local/lib/python3.8/site-packages/airflow/example_dags/example_setup_teardown_taskflow.py
[2025-11-02T19:21:31.475+0000] {logging_mixin.py:188} INFO - [2025-11-02T19:21:31.475+0000] {dag.py:3036} INFO - Sync 1 DAGs
[2025-11-02T19:21:31.534+0000] {logging_mixin.py:188} INFO - [2025-11-02T19:21:31.533+0000] {dag.py:3823} INFO - Setting next_dagrun for example_setup_teardown_taskflow to 2025-11-01 00:00:00+00:00, run_after=2025-11-02 00:00:00+00:00
[2025-11-02T19:21:31.582+0000] {processor.py:183} INFO - Processing /home/airflow/.local/lib/python3.8/site-packages/airflow/example_dags/example_setup_teardown_taskflow.py took 0.218 seconds
[2025-11-02T19:22:02.163+0000] {processor.py:161} INFO - Started process (PID=6212) to work on /home/airflow/.local/lib/python3.8/site-packages/airflow/example_dags/example_setup_teardown_taskflow.py
[2025-11-02T19:22:02.167+0000] {processor.py:830} INFO - Processing file /home/airflow/.local/lib/python3.8/site-packages/airflow/example_dags/example_setup_teardown_taskflow.py for tasks to queue
[2025-11-02T19:22:02.176+0000] {logging_mixin.py:188} INFO - [2025-11-02T19:22:02.174+0000] {dagbag.py:538} INFO - Filling up the DagBag from /home/airflow/.local/lib/python3.8/site-packages/airflow/example_dags/example_setup_teardown_taskflow.py
[2025-11-02T19:22:02.209+0000] {processor.py:840} INFO - DAG(s) 'example_setup_teardown_taskflow' retrieved from /home/airflow/.local/lib/python3.8/site-packages/airflow/example_dags/example_setup_teardown_taskflow.py
[2025-11-02T19:22:02.291+0000] {logging_mixin.py:188} INFO - [2025-11-02T19:22:02.290+0000] {dag.py:3036} INFO - Sync 1 DAGs
[2025-11-02T19:22:02.362+0000] {logging_mixin.py:188} INFO - [2025-11-02T19:22:02.362+0000] {dag.py:3823} INFO - Setting next_dagrun for example_setup_teardown_taskflow to 2025-11-01 00:00:00+00:00, run_after=2025-11-02 00:00:00+00:00
[2025-11-02T19:22:02.442+0000] {processor.py:183} INFO - Processing /home/airflow/.local/lib/python3.8/site-packages/airflow/example_dags/example_setup_teardown_taskflow.py took 0.294 seconds
[2025-11-02T19:22:32.645+0000] {processor.py:161} INFO - Started process (PID=6267) to work on /home/airflow/.local/lib/python3.8/site-packages/airflow/example_dags/example_setup_teardown_taskflow.py
[2025-11-02T19:22:32.648+0000] {processor.py:830} INFO - Processing file /home/airflow/.local/lib/python3.8/site-packages/airflow/example_dags/example_setup_teardown_taskflow.py for tasks to queue
[2025-11-02T19:22:32.653+0000] {logging_mixin.py:188} INFO - [2025-11-02T19:22:32.653+0000] {dagbag.py:538} INFO - Filling up the DagBag from /home/airflow/.local/lib/python3.8/site-packages/airflow/example_dags/example_setup_teardown_taskflow.py
[2025-11-02T19:22:32.675+0000] {processor.py:840} INFO - DAG(s) 'example_setup_teardown_taskflow' retrieved from /home/airflow/.local/lib/python3.8/site-packages/airflow/example_dags/example_setup_teardown_taskflow.py
[2025-11-02T19:22:32.734+0000] {logging_mixin.py:188} INFO - [2025-11-02T19:22:32.733+0000] {dag.py:3036} INFO - Sync 1 DAGs
[2025-11-02T19:22:32.800+0000] {logging_mixin.py:188} INFO - [2025-11-02T19:22:32.800+0000] {dag.py:3823} INFO - Setting next_dagrun for example_setup_teardown_taskflow to 2025-11-01 00:00:00+00:00, run_after=2025-11-02 00:00:00+00:00
[2025-11-02T19:22:32.846+0000] {processor.py:183} INFO - Processing /home/airflow/.local/lib/python3.8/site-packages/airflow/example_dags/example_setup_teardown_taskflow.py took 0.211 seconds
[2025-11-02T19:23:03.437+0000] {processor.py:161} INFO - Started process (PID=6322) to work on /home/airflow/.local/lib/python3.8/site-packages/airflow/example_dags/example_setup_teardown_taskflow.py
[2025-11-02T19:23:03.441+0000] {processor.py:830} INFO - Processing file /home/airflow/.local/lib/python3.8/site-packages/airflow/example_dags/example_setup_teardown_taskflow.py for tasks to queue
[2025-11-02T19:23:03.449+0000] {logging_mixin.py:188} INFO - [2025-11-02T19:23:03.448+0000] {dagbag.py:538} INFO - Filling up the DagBag from /home/airflow/.local/lib/python3.8/site-packages/airflow/example_dags/example_setup_teardown_taskflow.py
[2025-11-02T19:23:03.494+0000] {processor.py:840} INFO - DAG(s) 'example_setup_teardown_taskflow' retrieved from /home/airflow/.local/lib/python3.8/site-packages/airflow/example_dags/example_setup_teardown_taskflow.py
[2025-11-02T19:23:03.614+0000] {logging_mixin.py:188} INFO - [2025-11-02T19:23:03.613+0000] {dag.py:3036} INFO - Sync 1 DAGs
[2025-11-02T19:23:03.714+0000] {logging_mixin.py:188} INFO - [2025-11-02T19:23:03.713+0000] {dag.py:3823} INFO - Setting next_dagrun for example_setup_teardown_taskflow to 2025-11-01 00:00:00+00:00, run_after=2025-11-02 00:00:00+00:00
[2025-11-02T19:23:03.854+0000] {processor.py:183} INFO - Processing /home/airflow/.local/lib/python3.8/site-packages/airflow/example_dags/example_setup_teardown_taskflow.py took 0.435 seconds
[2025-11-02T19:23:34.097+0000] {processor.py:161} INFO - Started process (PID=6377) to work on /home/airflow/.local/lib/python3.8/site-packages/airflow/example_dags/example_setup_teardown_taskflow.py
[2025-11-02T19:23:34.099+0000] {processor.py:830} INFO - Processing file /home/airflow/.local/lib/python3.8/site-packages/airflow/example_dags/example_setup_teardown_taskflow.py for tasks to queue
[2025-11-02T19:23:34.104+0000] {logging_mixin.py:188} INFO - [2025-11-02T19:23:34.103+0000] {dagbag.py:538} INFO - Filling up the DagBag from /home/airflow/.local/lib/python3.8/site-packages/airflow/example_dags/example_setup_teardown_taskflow.py
[2025-11-02T19:23:34.132+0000] {processor.py:840} INFO - DAG(s) 'example_setup_teardown_taskflow' retrieved from /home/airflow/.local/lib/python3.8/site-packages/airflow/example_dags/example_setup_teardown_taskflow.py
[2025-11-02T19:23:34.190+0000] {logging_mixin.py:188} INFO - [2025-11-02T19:23:34.189+0000] {dag.py:3036} INFO - Sync 1 DAGs
[2025-11-02T19:23:34.263+0000] {logging_mixin.py:188} INFO - [2025-11-02T19:23:34.263+0000] {dag.py:3823} INFO - Setting next_dagrun for example_setup_teardown_taskflow to 2025-11-01 00:00:00+00:00, run_after=2025-11-02 00:00:00+00:00
[2025-11-02T19:23:34.310+0000] {processor.py:183} INFO - Processing /home/airflow/.local/lib/python3.8/site-packages/airflow/example_dags/example_setup_teardown_taskflow.py took 0.224 seconds
[2025-11-02T19:24:04.810+0000] {processor.py:161} INFO - Started process (PID=6432) to work on /home/airflow/.local/lib/python3.8/site-packages/airflow/example_dags/example_setup_teardown_taskflow.py
[2025-11-02T19:24:04.815+0000] {processor.py:830} INFO - Processing file /home/airflow/.local/lib/python3.8/site-packages/airflow/example_dags/example_setup_teardown_taskflow.py for tasks to queue
[2025-11-02T19:24:04.824+0000] {logging_mixin.py:188} INFO - [2025-11-02T19:24:04.823+0000] {dagbag.py:538} INFO - Filling up the DagBag from /home/airflow/.local/lib/python3.8/site-packages/airflow/example_dags/example_setup_teardown_taskflow.py
[2025-11-02T19:24:04.876+0000] {processor.py:840} INFO - DAG(s) 'example_setup_teardown_taskflow' retrieved from /home/airflow/.local/lib/python3.8/site-packages/airflow/example_dags/example_setup_teardown_taskflow.py
[2025-11-02T19:24:04.958+0000] {logging_mixin.py:188} INFO - [2025-11-02T19:24:04.958+0000] {dag.py:3036} INFO - Sync 1 DAGs
[2025-11-02T19:24:05.029+0000] {logging_mixin.py:188} INFO - [2025-11-02T19:24:05.029+0000] {dag.py:3823} INFO - Setting next_dagrun for example_setup_teardown_taskflow to 2025-11-01 00:00:00+00:00, run_after=2025-11-02 00:00:00+00:00
[2025-11-02T19:24:05.101+0000] {processor.py:183} INFO - Processing /home/airflow/.local/lib/python3.8/site-packages/airflow/example_dags/example_setup_teardown_taskflow.py took 0.307 seconds
[2025-11-02T19:24:35.193+0000] {processor.py:161} INFO - Started process (PID=6487) to work on /home/airflow/.local/lib/python3.8/site-packages/airflow/example_dags/example_setup_teardown_taskflow.py
[2025-11-02T19:24:35.195+0000] {processor.py:830} INFO - Processing file /home/airflow/.local/lib/python3.8/site-packages/airflow/example_dags/example_setup_teardown_taskflow.py for tasks to queue
[2025-11-02T19:24:35.202+0000] {logging_mixin.py:188} INFO - [2025-11-02T19:24:35.201+0000] {dagbag.py:538} INFO - Filling up the DagBag from /home/airflow/.local/lib/python3.8/site-packages/airflow/example_dags/example_setup_teardown_taskflow.py
[2025-11-02T19:24:35.233+0000] {processor.py:840} INFO - DAG(s) 'example_setup_teardown_taskflow' retrieved from /home/airflow/.local/lib/python3.8/site-packages/airflow/example_dags/example_setup_teardown_taskflow.py
[2025-11-02T19:24:35.293+0000] {logging_mixin.py:188} INFO - [2025-11-02T19:24:35.292+0000] {dag.py:3036} INFO - Sync 1 DAGs
[2025-11-02T19:24:35.358+0000] {logging_mixin.py:188} INFO - [2025-11-02T19:24:35.357+0000] {dag.py:3823} INFO - Setting next_dagrun for example_setup_teardown_taskflow to 2025-11-01 00:00:00+00:00, run_after=2025-11-02 00:00:00+00:00
[2025-11-02T19:24:35.408+0000] {processor.py:183} INFO - Processing /home/airflow/.local/lib/python3.8/site-packages/airflow/example_dags/example_setup_teardown_taskflow.py took 0.229 seconds
[2025-11-02T19:25:05.612+0000] {processor.py:161} INFO - Started process (PID=6542) to work on /home/airflow/.local/lib/python3.8/site-packages/airflow/example_dags/example_setup_teardown_taskflow.py
[2025-11-02T19:25:05.615+0000] {processor.py:830} INFO - Processing file /home/airflow/.local/lib/python3.8/site-packages/airflow/example_dags/example_setup_teardown_taskflow.py for tasks to queue
[2025-11-02T19:25:05.620+0000] {logging_mixin.py:188} INFO - [2025-11-02T19:25:05.619+0000] {dagbag.py:538} INFO - Filling up the DagBag from /home/airflow/.local/lib/python3.8/site-packages/airflow/example_dags/example_setup_teardown_taskflow.py
[2025-11-02T19:25:05.647+0000] {processor.py:840} INFO - DAG(s) 'example_setup_teardown_taskflow' retrieved from /home/airflow/.local/lib/python3.8/site-packages/airflow/example_dags/example_setup_teardown_taskflow.py
[2025-11-02T19:25:05.709+0000] {logging_mixin.py:188} INFO - [2025-11-02T19:25:05.709+0000] {dag.py:3036} INFO - Sync 1 DAGs
[2025-11-02T19:25:05.759+0000] {logging_mixin.py:188} INFO - [2025-11-02T19:25:05.759+0000] {dag.py:3823} INFO - Setting next_dagrun for example_setup_teardown_taskflow to 2025-11-01 00:00:00+00:00, run_after=2025-11-02 00:00:00+00:00
[2025-11-02T19:25:05.806+0000] {processor.py:183} INFO - Processing /home/airflow/.local/lib/python3.8/site-packages/airflow/example_dags/example_setup_teardown_taskflow.py took 0.203 seconds
[2025-11-02T19:25:36.999+0000] {processor.py:161} INFO - Started process (PID=6596) to work on /home/airflow/.local/lib/python3.8/site-packages/airflow/example_dags/example_setup_teardown_taskflow.py
[2025-11-02T19:25:37.003+0000] {processor.py:830} INFO - Processing file /home/airflow/.local/lib/python3.8/site-packages/airflow/example_dags/example_setup_teardown_taskflow.py for tasks to queue
[2025-11-02T19:25:37.055+0000] {logging_mixin.py:188} INFO - [2025-11-02T19:25:37.042+0000] {dagbag.py:538} INFO - Filling up the DagBag from /home/airflow/.local/lib/python3.8/site-packages/airflow/example_dags/example_setup_teardown_taskflow.py
[2025-11-02T19:25:37.125+0000] {processor.py:840} INFO - DAG(s) 'example_setup_teardown_taskflow' retrieved from /home/airflow/.local/lib/python3.8/site-packages/airflow/example_dags/example_setup_teardown_taskflow.py
[2025-11-02T19:25:37.206+0000] {logging_mixin.py:188} INFO - [2025-11-02T19:25:37.206+0000] {dag.py:3036} INFO - Sync 1 DAGs
[2025-11-02T19:25:37.287+0000] {logging_mixin.py:188} INFO - [2025-11-02T19:25:37.286+0000] {dag.py:3823} INFO - Setting next_dagrun for example_setup_teardown_taskflow to 2025-11-01 00:00:00+00:00, run_after=2025-11-02 00:00:00+00:00
[2025-11-02T19:25:37.363+0000] {processor.py:183} INFO - Processing /home/airflow/.local/lib/python3.8/site-packages/airflow/example_dags/example_setup_teardown_taskflow.py took 0.457 seconds
[2025-11-02T19:26:07.731+0000] {processor.py:161} INFO - Started process (PID=6651) to work on /home/airflow/.local/lib/python3.8/site-packages/airflow/example_dags/example_setup_teardown_taskflow.py
[2025-11-02T19:26:07.734+0000] {processor.py:830} INFO - Processing file /home/airflow/.local/lib/python3.8/site-packages/airflow/example_dags/example_setup_teardown_taskflow.py for tasks to queue
[2025-11-02T19:26:07.739+0000] {logging_mixin.py:188} INFO - [2025-11-02T19:26:07.738+0000] {dagbag.py:538} INFO - Filling up the DagBag from /home/airflow/.local/lib/python3.8/site-packages/airflow/example_dags/example_setup_teardown_taskflow.py
[2025-11-02T19:26:07.761+0000] {processor.py:840} INFO - DAG(s) 'example_setup_teardown_taskflow' retrieved from /home/airflow/.local/lib/python3.8/site-packages/airflow/example_dags/example_setup_teardown_taskflow.py
[2025-11-02T19:26:07.825+0000] {logging_mixin.py:188} INFO - [2025-11-02T19:26:07.825+0000] {dag.py:3036} INFO - Sync 1 DAGs
[2025-11-02T19:26:07.873+0000] {logging_mixin.py:188} INFO - [2025-11-02T19:26:07.873+0000] {dag.py:3823} INFO - Setting next_dagrun for example_setup_teardown_taskflow to 2025-11-01 00:00:00+00:00, run_after=2025-11-02 00:00:00+00:00
[2025-11-02T19:26:07.914+0000] {processor.py:183} INFO - Processing /home/airflow/.local/lib/python3.8/site-packages/airflow/example_dags/example_setup_teardown_taskflow.py took 0.192 seconds
[2025-11-02T19:26:38.184+0000] {processor.py:161} INFO - Started process (PID=6706) to work on /home/airflow/.local/lib/python3.8/site-packages/airflow/example_dags/example_setup_teardown_taskflow.py
[2025-11-02T19:26:38.187+0000] {processor.py:830} INFO - Processing file /home/airflow/.local/lib/python3.8/site-packages/airflow/example_dags/example_setup_teardown_taskflow.py for tasks to queue
[2025-11-02T19:26:38.193+0000] {logging_mixin.py:188} INFO - [2025-11-02T19:26:38.192+0000] {dagbag.py:538} INFO - Filling up the DagBag from /home/airflow/.local/lib/python3.8/site-packages/airflow/example_dags/example_setup_teardown_taskflow.py
[2025-11-02T19:26:38.225+0000] {processor.py:840} INFO - DAG(s) 'example_setup_teardown_taskflow' retrieved from /home/airflow/.local/lib/python3.8/site-packages/airflow/example_dags/example_setup_teardown_taskflow.py
[2025-11-02T19:26:38.335+0000] {logging_mixin.py:188} INFO - [2025-11-02T19:26:38.334+0000] {dag.py:3036} INFO - Sync 1 DAGs
[2025-11-02T19:26:38.436+0000] {logging_mixin.py:188} INFO - [2025-11-02T19:26:38.436+0000] {dag.py:3823} INFO - Setting next_dagrun for example_setup_teardown_taskflow to 2025-11-01 00:00:00+00:00, run_after=2025-11-02 00:00:00+00:00
[2025-11-02T19:26:38.505+0000] {processor.py:183} INFO - Processing /home/airflow/.local/lib/python3.8/site-packages/airflow/example_dags/example_setup_teardown_taskflow.py took 0.329 seconds
[2025-11-02T19:27:09.567+0000] {processor.py:161} INFO - Started process (PID=6761) to work on /home/airflow/.local/lib/python3.8/site-packages/airflow/example_dags/example_setup_teardown_taskflow.py
[2025-11-02T19:27:09.574+0000] {processor.py:830} INFO - Processing file /home/airflow/.local/lib/python3.8/site-packages/airflow/example_dags/example_setup_teardown_taskflow.py for tasks to queue
[2025-11-02T19:27:09.580+0000] {logging_mixin.py:188} INFO - [2025-11-02T19:27:09.579+0000] {dagbag.py:538} INFO - Filling up the DagBag from /home/airflow/.local/lib/python3.8/site-packages/airflow/example_dags/example_setup_teardown_taskflow.py
[2025-11-02T19:27:09.615+0000] {processor.py:840} INFO - DAG(s) 'example_setup_teardown_taskflow' retrieved from /home/airflow/.local/lib/python3.8/site-packages/airflow/example_dags/example_setup_teardown_taskflow.py
[2025-11-02T19:27:09.717+0000] {logging_mixin.py:188} INFO - [2025-11-02T19:27:09.716+0000] {dag.py:3036} INFO - Sync 1 DAGs
[2025-11-02T19:27:09.819+0000] {logging_mixin.py:188} INFO - [2025-11-02T19:27:09.819+0000] {dag.py:3823} INFO - Setting next_dagrun for example_setup_teardown_taskflow to 2025-11-01 00:00:00+00:00, run_after=2025-11-02 00:00:00+00:00
[2025-11-02T19:27:09.891+0000] {processor.py:183} INFO - Processing /home/airflow/.local/lib/python3.8/site-packages/airflow/example_dags/example_setup_teardown_taskflow.py took 0.337 seconds
[2025-11-02T19:27:40.354+0000] {processor.py:161} INFO - Started process (PID=6817) to work on /home/airflow/.local/lib/python3.8/site-packages/airflow/example_dags/example_setup_teardown_taskflow.py
[2025-11-02T19:27:40.357+0000] {processor.py:830} INFO - Processing file /home/airflow/.local/lib/python3.8/site-packages/airflow/example_dags/example_setup_teardown_taskflow.py for tasks to queue
[2025-11-02T19:27:40.363+0000] {logging_mixin.py:188} INFO - [2025-11-02T19:27:40.363+0000] {dagbag.py:538} INFO - Filling up the DagBag from /home/airflow/.local/lib/python3.8/site-packages/airflow/example_dags/example_setup_teardown_taskflow.py
[2025-11-02T19:27:40.389+0000] {processor.py:840} INFO - DAG(s) 'example_setup_teardown_taskflow' retrieved from /home/airflow/.local/lib/python3.8/site-packages/airflow/example_dags/example_setup_teardown_taskflow.py
[2025-11-02T19:27:40.446+0000] {logging_mixin.py:188} INFO - [2025-11-02T19:27:40.446+0000] {dag.py:3036} INFO - Sync 1 DAGs
[2025-11-02T19:27:40.500+0000] {logging_mixin.py:188} INFO - [2025-11-02T19:27:40.499+0000] {dag.py:3823} INFO - Setting next_dagrun for example_setup_teardown_taskflow to 2025-11-01 00:00:00+00:00, run_after=2025-11-02 00:00:00+00:00
[2025-11-02T19:27:40.544+0000] {processor.py:183} INFO - Processing /home/airflow/.local/lib/python3.8/site-packages/airflow/example_dags/example_setup_teardown_taskflow.py took 0.201 seconds
[2025-11-02T19:28:11.549+0000] {processor.py:161} INFO - Started process (PID=6872) to work on /home/airflow/.local/lib/python3.8/site-packages/airflow/example_dags/example_setup_teardown_taskflow.py
[2025-11-02T19:28:11.553+0000] {processor.py:830} INFO - Processing file /home/airflow/.local/lib/python3.8/site-packages/airflow/example_dags/example_setup_teardown_taskflow.py for tasks to queue
[2025-11-02T19:28:11.558+0000] {logging_mixin.py:188} INFO - [2025-11-02T19:28:11.557+0000] {dagbag.py:538} INFO - Filling up the DagBag from /home/airflow/.local/lib/python3.8/site-packages/airflow/example_dags/example_setup_teardown_taskflow.py
[2025-11-02T19:28:11.580+0000] {processor.py:840} INFO - DAG(s) 'example_setup_teardown_taskflow' retrieved from /home/airflow/.local/lib/python3.8/site-packages/airflow/example_dags/example_setup_teardown_taskflow.py
[2025-11-02T19:28:11.647+0000] {logging_mixin.py:188} INFO - [2025-11-02T19:28:11.646+0000] {dag.py:3036} INFO - Sync 1 DAGs
[2025-11-02T19:28:11.700+0000] {logging_mixin.py:188} INFO - [2025-11-02T19:28:11.699+0000] {dag.py:3823} INFO - Setting next_dagrun for example_setup_teardown_taskflow to 2025-11-01 00:00:00+00:00, run_after=2025-11-02 00:00:00+00:00
[2025-11-02T19:28:11.747+0000] {processor.py:183} INFO - Processing /home/airflow/.local/lib/python3.8/site-packages/airflow/example_dags/example_setup_teardown_taskflow.py took 0.211 seconds
[2025-11-02T19:28:42.365+0000] {processor.py:161} INFO - Started process (PID=6927) to work on /home/airflow/.local/lib/python3.8/site-packages/airflow/example_dags/example_setup_teardown_taskflow.py
[2025-11-02T19:28:42.368+0000] {processor.py:830} INFO - Processing file /home/airflow/.local/lib/python3.8/site-packages/airflow/example_dags/example_setup_teardown_taskflow.py for tasks to queue
[2025-11-02T19:28:42.374+0000] {logging_mixin.py:188} INFO - [2025-11-02T19:28:42.373+0000] {dagbag.py:538} INFO - Filling up the DagBag from /home/airflow/.local/lib/python3.8/site-packages/airflow/example_dags/example_setup_teardown_taskflow.py
[2025-11-02T19:28:42.410+0000] {processor.py:840} INFO - DAG(s) 'example_setup_teardown_taskflow' retrieved from /home/airflow/.local/lib/python3.8/site-packages/airflow/example_dags/example_setup_teardown_taskflow.py
[2025-11-02T19:28:42.481+0000] {logging_mixin.py:188} INFO - [2025-11-02T19:28:42.480+0000] {dag.py:3036} INFO - Sync 1 DAGs
[2025-11-02T19:28:42.543+0000] {logging_mixin.py:188} INFO - [2025-11-02T19:28:42.542+0000] {dag.py:3823} INFO - Setting next_dagrun for example_setup_teardown_taskflow to 2025-11-01 00:00:00+00:00, run_after=2025-11-02 00:00:00+00:00
[2025-11-02T19:28:42.598+0000] {processor.py:183} INFO - Processing /home/airflow/.local/lib/python3.8/site-packages/airflow/example_dags/example_setup_teardown_taskflow.py took 0.245 seconds
[2025-11-02T19:29:12.978+0000] {processor.py:161} INFO - Started process (PID=6981) to work on /home/airflow/.local/lib/python3.8/site-packages/airflow/example_dags/example_setup_teardown_taskflow.py
[2025-11-02T19:29:12.980+0000] {processor.py:830} INFO - Processing file /home/airflow/.local/lib/python3.8/site-packages/airflow/example_dags/example_setup_teardown_taskflow.py for tasks to queue
[2025-11-02T19:29:12.986+0000] {logging_mixin.py:188} INFO - [2025-11-02T19:29:12.985+0000] {dagbag.py:538} INFO - Filling up the DagBag from /home/airflow/.local/lib/python3.8/site-packages/airflow/example_dags/example_setup_teardown_taskflow.py
[2025-11-02T19:29:13.008+0000] {processor.py:840} INFO - DAG(s) 'example_setup_teardown_taskflow' retrieved from /home/airflow/.local/lib/python3.8/site-packages/airflow/example_dags/example_setup_teardown_taskflow.py
[2025-11-02T19:29:13.068+0000] {logging_mixin.py:188} INFO - [2025-11-02T19:29:13.067+0000] {dag.py:3036} INFO - Sync 1 DAGs
[2025-11-02T19:29:13.123+0000] {logging_mixin.py:188} INFO - [2025-11-02T19:29:13.122+0000] {dag.py:3823} INFO - Setting next_dagrun for example_setup_teardown_taskflow to 2025-11-01 00:00:00+00:00, run_after=2025-11-02 00:00:00+00:00
[2025-11-02T19:29:13.168+0000] {processor.py:183} INFO - Processing /home/airflow/.local/lib/python3.8/site-packages/airflow/example_dags/example_setup_teardown_taskflow.py took 0.201 seconds
[2025-11-02T19:29:43.487+0000] {processor.py:161} INFO - Started process (PID=7037) to work on /home/airflow/.local/lib/python3.8/site-packages/airflow/example_dags/example_setup_teardown_taskflow.py
[2025-11-02T19:29:43.489+0000] {processor.py:830} INFO - Processing file /home/airflow/.local/lib/python3.8/site-packages/airflow/example_dags/example_setup_teardown_taskflow.py for tasks to queue
[2025-11-02T19:29:43.494+0000] {logging_mixin.py:188} INFO - [2025-11-02T19:29:43.493+0000] {dagbag.py:538} INFO - Filling up the DagBag from /home/airflow/.local/lib/python3.8/site-packages/airflow/example_dags/example_setup_teardown_taskflow.py
[2025-11-02T19:29:43.517+0000] {processor.py:840} INFO - DAG(s) 'example_setup_teardown_taskflow' retrieved from /home/airflow/.local/lib/python3.8/site-packages/airflow/example_dags/example_setup_teardown_taskflow.py
[2025-11-02T19:29:43.571+0000] {logging_mixin.py:188} INFO - [2025-11-02T19:29:43.571+0000] {dag.py:3036} INFO - Sync 1 DAGs
[2025-11-02T19:29:43.622+0000] {logging_mixin.py:188} INFO - [2025-11-02T19:29:43.622+0000] {dag.py:3823} INFO - Setting next_dagrun for example_setup_teardown_taskflow to 2025-11-01 00:00:00+00:00, run_after=2025-11-02 00:00:00+00:00
[2025-11-02T19:29:43.672+0000] {processor.py:183} INFO - Processing /home/airflow/.local/lib/python3.8/site-packages/airflow/example_dags/example_setup_teardown_taskflow.py took 0.196 seconds
[2025-11-02T19:30:14.241+0000] {processor.py:161} INFO - Started process (PID=7092) to work on /home/airflow/.local/lib/python3.8/site-packages/airflow/example_dags/example_setup_teardown_taskflow.py
[2025-11-02T19:30:14.244+0000] {processor.py:830} INFO - Processing file /home/airflow/.local/lib/python3.8/site-packages/airflow/example_dags/example_setup_teardown_taskflow.py for tasks to queue
[2025-11-02T19:30:14.255+0000] {logging_mixin.py:188} INFO - [2025-11-02T19:30:14.254+0000] {dagbag.py:538} INFO - Filling up the DagBag from /home/airflow/.local/lib/python3.8/site-packages/airflow/example_dags/example_setup_teardown_taskflow.py
[2025-11-02T19:30:14.289+0000] {processor.py:840} INFO - DAG(s) 'example_setup_teardown_taskflow' retrieved from /home/airflow/.local/lib/python3.8/site-packages/airflow/example_dags/example_setup_teardown_taskflow.py
[2025-11-02T19:30:14.357+0000] {logging_mixin.py:188} INFO - [2025-11-02T19:30:14.357+0000] {dag.py:3036} INFO - Sync 1 DAGs
[2025-11-02T19:30:14.425+0000] {logging_mixin.py:188} INFO - [2025-11-02T19:30:14.425+0000] {dag.py:3823} INFO - Setting next_dagrun for example_setup_teardown_taskflow to 2025-11-01 00:00:00+00:00, run_after=2025-11-02 00:00:00+00:00
[2025-11-02T19:30:14.476+0000] {processor.py:183} INFO - Processing /home/airflow/.local/lib/python3.8/site-packages/airflow/example_dags/example_setup_teardown_taskflow.py took 0.246 seconds
[2025-11-02T19:30:44.646+0000] {processor.py:161} INFO - Started process (PID=7147) to work on /home/airflow/.local/lib/python3.8/site-packages/airflow/example_dags/example_setup_teardown_taskflow.py
[2025-11-02T19:30:44.649+0000] {processor.py:830} INFO - Processing file /home/airflow/.local/lib/python3.8/site-packages/airflow/example_dags/example_setup_teardown_taskflow.py for tasks to queue
[2025-11-02T19:30:44.655+0000] {logging_mixin.py:188} INFO - [2025-11-02T19:30:44.654+0000] {dagbag.py:538} INFO - Filling up the DagBag from /home/airflow/.local/lib/python3.8/site-packages/airflow/example_dags/example_setup_teardown_taskflow.py
[2025-11-02T19:30:44.681+0000] {processor.py:840} INFO - DAG(s) 'example_setup_teardown_taskflow' retrieved from /home/airflow/.local/lib/python3.8/site-packages/airflow/example_dags/example_setup_teardown_taskflow.py
[2025-11-02T19:30:44.741+0000] {logging_mixin.py:188} INFO - [2025-11-02T19:30:44.741+0000] {dag.py:3036} INFO - Sync 1 DAGs
[2025-11-02T19:30:44.791+0000] {logging_mixin.py:188} INFO - [2025-11-02T19:30:44.790+0000] {dag.py:3823} INFO - Setting next_dagrun for example_setup_teardown_taskflow to 2025-11-01 00:00:00+00:00, run_after=2025-11-02 00:00:00+00:00
[2025-11-02T19:30:44.839+0000] {processor.py:183} INFO - Processing /home/airflow/.local/lib/python3.8/site-packages/airflow/example_dags/example_setup_teardown_taskflow.py took 0.202 seconds
[2025-11-02T19:31:14.974+0000] {processor.py:161} INFO - Started process (PID=7202) to work on /home/airflow/.local/lib/python3.8/site-packages/airflow/example_dags/example_setup_teardown_taskflow.py
[2025-11-02T19:31:14.977+0000] {processor.py:830} INFO - Processing file /home/airflow/.local/lib/python3.8/site-packages/airflow/example_dags/example_setup_teardown_taskflow.py for tasks to queue
[2025-11-02T19:31:14.983+0000] {logging_mixin.py:188} INFO - [2025-11-02T19:31:14.982+0000] {dagbag.py:538} INFO - Filling up the DagBag from /home/airflow/.local/lib/python3.8/site-packages/airflow/example_dags/example_setup_teardown_taskflow.py
[2025-11-02T19:31:15.027+0000] {processor.py:840} INFO - DAG(s) 'example_setup_teardown_taskflow' retrieved from /home/airflow/.local/lib/python3.8/site-packages/airflow/example_dags/example_setup_teardown_taskflow.py
[2025-11-02T19:31:15.093+0000] {logging_mixin.py:188} INFO - [2025-11-02T19:31:15.092+0000] {dag.py:3036} INFO - Sync 1 DAGs
[2025-11-02T19:31:15.158+0000] {logging_mixin.py:188} INFO - [2025-11-02T19:31:15.158+0000] {dag.py:3823} INFO - Setting next_dagrun for example_setup_teardown_taskflow to 2025-11-01 00:00:00+00:00, run_after=2025-11-02 00:00:00+00:00
[2025-11-02T19:31:15.207+0000] {processor.py:183} INFO - Processing /home/airflow/.local/lib/python3.8/site-packages/airflow/example_dags/example_setup_teardown_taskflow.py took 0.246 seconds
[2025-11-02T19:31:45.490+0000] {processor.py:161} INFO - Started process (PID=7258) to work on /home/airflow/.local/lib/python3.8/site-packages/airflow/example_dags/example_setup_teardown_taskflow.py
[2025-11-02T19:31:45.496+0000] {processor.py:830} INFO - Processing file /home/airflow/.local/lib/python3.8/site-packages/airflow/example_dags/example_setup_teardown_taskflow.py for tasks to queue
[2025-11-02T19:31:45.501+0000] {logging_mixin.py:188} INFO - [2025-11-02T19:31:45.500+0000] {dagbag.py:538} INFO - Filling up the DagBag from /home/airflow/.local/lib/python3.8/site-packages/airflow/example_dags/example_setup_teardown_taskflow.py
[2025-11-02T19:31:45.523+0000] {processor.py:840} INFO - DAG(s) 'example_setup_teardown_taskflow' retrieved from /home/airflow/.local/lib/python3.8/site-packages/airflow/example_dags/example_setup_teardown_taskflow.py
[2025-11-02T19:31:45.568+0000] {logging_mixin.py:188} INFO - [2025-11-02T19:31:45.568+0000] {dag.py:3036} INFO - Sync 1 DAGs
[2025-11-02T19:31:45.612+0000] {logging_mixin.py:188} INFO - [2025-11-02T19:31:45.611+0000] {dag.py:3823} INFO - Setting next_dagrun for example_setup_teardown_taskflow to 2025-11-01 00:00:00+00:00, run_after=2025-11-02 00:00:00+00:00
[2025-11-02T19:31:45.651+0000] {processor.py:183} INFO - Processing /home/airflow/.local/lib/python3.8/site-packages/airflow/example_dags/example_setup_teardown_taskflow.py took 0.175 seconds
[2025-11-02T19:32:15.800+0000] {processor.py:161} INFO - Started process (PID=7313) to work on /home/airflow/.local/lib/python3.8/site-packages/airflow/example_dags/example_setup_teardown_taskflow.py
[2025-11-02T19:32:15.803+0000] {processor.py:830} INFO - Processing file /home/airflow/.local/lib/python3.8/site-packages/airflow/example_dags/example_setup_teardown_taskflow.py for tasks to queue
[2025-11-02T19:32:15.807+0000] {logging_mixin.py:188} INFO - [2025-11-02T19:32:15.807+0000] {dagbag.py:538} INFO - Filling up the DagBag from /home/airflow/.local/lib/python3.8/site-packages/airflow/example_dags/example_setup_teardown_taskflow.py
[2025-11-02T19:32:15.828+0000] {processor.py:840} INFO - DAG(s) 'example_setup_teardown_taskflow' retrieved from /home/airflow/.local/lib/python3.8/site-packages/airflow/example_dags/example_setup_teardown_taskflow.py
[2025-11-02T19:32:15.874+0000] {logging_mixin.py:188} INFO - [2025-11-02T19:32:15.874+0000] {dag.py:3036} INFO - Sync 1 DAGs
[2025-11-02T19:32:15.917+0000] {logging_mixin.py:188} INFO - [2025-11-02T19:32:15.916+0000] {dag.py:3823} INFO - Setting next_dagrun for example_setup_teardown_taskflow to 2025-11-01 00:00:00+00:00, run_after=2025-11-02 00:00:00+00:00
[2025-11-02T19:32:15.954+0000] {processor.py:183} INFO - Processing /home/airflow/.local/lib/python3.8/site-packages/airflow/example_dags/example_setup_teardown_taskflow.py took 0.163 seconds
[2025-11-02T19:32:46.138+0000] {processor.py:161} INFO - Started process (PID=7368) to work on /home/airflow/.local/lib/python3.8/site-packages/airflow/example_dags/example_setup_teardown_taskflow.py
[2025-11-02T19:32:46.141+0000] {processor.py:830} INFO - Processing file /home/airflow/.local/lib/python3.8/site-packages/airflow/example_dags/example_setup_teardown_taskflow.py for tasks to queue
[2025-11-02T19:32:46.146+0000] {logging_mixin.py:188} INFO - [2025-11-02T19:32:46.145+0000] {dagbag.py:538} INFO - Filling up the DagBag from /home/airflow/.local/lib/python3.8/site-packages/airflow/example_dags/example_setup_teardown_taskflow.py
[2025-11-02T19:32:46.166+0000] {processor.py:840} INFO - DAG(s) 'example_setup_teardown_taskflow' retrieved from /home/airflow/.local/lib/python3.8/site-packages/airflow/example_dags/example_setup_teardown_taskflow.py
[2025-11-02T19:32:46.212+0000] {logging_mixin.py:188} INFO - [2025-11-02T19:32:46.211+0000] {dag.py:3036} INFO - Sync 1 DAGs
[2025-11-02T19:32:46.265+0000] {logging_mixin.py:188} INFO - [2025-11-02T19:32:46.265+0000] {dag.py:3823} INFO - Setting next_dagrun for example_setup_teardown_taskflow to 2025-11-01 00:00:00+00:00, run_after=2025-11-02 00:00:00+00:00
[2025-11-02T19:32:46.316+0000] {processor.py:183} INFO - Processing /home/airflow/.local/lib/python3.8/site-packages/airflow/example_dags/example_setup_teardown_taskflow.py took 0.187 seconds
[2025-11-02T19:33:16.420+0000] {processor.py:161} INFO - Started process (PID=7422) to work on /home/airflow/.local/lib/python3.8/site-packages/airflow/example_dags/example_setup_teardown_taskflow.py
[2025-11-02T19:33:16.423+0000] {processor.py:830} INFO - Processing file /home/airflow/.local/lib/python3.8/site-packages/airflow/example_dags/example_setup_teardown_taskflow.py for tasks to queue
[2025-11-02T19:33:16.430+0000] {logging_mixin.py:188} INFO - [2025-11-02T19:33:16.429+0000] {dagbag.py:538} INFO - Filling up the DagBag from /home/airflow/.local/lib/python3.8/site-packages/airflow/example_dags/example_setup_teardown_taskflow.py
[2025-11-02T19:33:16.458+0000] {processor.py:840} INFO - DAG(s) 'example_setup_teardown_taskflow' retrieved from /home/airflow/.local/lib/python3.8/site-packages/airflow/example_dags/example_setup_teardown_taskflow.py
[2025-11-02T19:33:16.516+0000] {logging_mixin.py:188} INFO - [2025-11-02T19:33:16.515+0000] {dag.py:3036} INFO - Sync 1 DAGs
[2025-11-02T19:33:16.652+0000] {logging_mixin.py:188} INFO - [2025-11-02T19:33:16.651+0000] {dag.py:3823} INFO - Setting next_dagrun for example_setup_teardown_taskflow to 2025-11-01 00:00:00+00:00, run_after=2025-11-02 00:00:00+00:00
[2025-11-02T19:33:16.764+0000] {processor.py:183} INFO - Processing /home/airflow/.local/lib/python3.8/site-packages/airflow/example_dags/example_setup_teardown_taskflow.py took 0.357 seconds
[2025-11-02T19:33:47.414+0000] {processor.py:161} INFO - Started process (PID=7477) to work on /home/airflow/.local/lib/python3.8/site-packages/airflow/example_dags/example_setup_teardown_taskflow.py
[2025-11-02T19:33:47.418+0000] {processor.py:830} INFO - Processing file /home/airflow/.local/lib/python3.8/site-packages/airflow/example_dags/example_setup_teardown_taskflow.py for tasks to queue
[2025-11-02T19:33:47.425+0000] {logging_mixin.py:188} INFO - [2025-11-02T19:33:47.424+0000] {dagbag.py:538} INFO - Filling up the DagBag from /home/airflow/.local/lib/python3.8/site-packages/airflow/example_dags/example_setup_teardown_taskflow.py
[2025-11-02T19:33:47.458+0000] {processor.py:840} INFO - DAG(s) 'example_setup_teardown_taskflow' retrieved from /home/airflow/.local/lib/python3.8/site-packages/airflow/example_dags/example_setup_teardown_taskflow.py
[2025-11-02T19:33:47.523+0000] {logging_mixin.py:188} INFO - [2025-11-02T19:33:47.522+0000] {dag.py:3036} INFO - Sync 1 DAGs
[2025-11-02T19:33:47.582+0000] {logging_mixin.py:188} INFO - [2025-11-02T19:33:47.581+0000] {dag.py:3823} INFO - Setting next_dagrun for example_setup_teardown_taskflow to 2025-11-01 00:00:00+00:00, run_after=2025-11-02 00:00:00+00:00
[2025-11-02T19:33:47.636+0000] {processor.py:183} INFO - Processing /home/airflow/.local/lib/python3.8/site-packages/airflow/example_dags/example_setup_teardown_taskflow.py took 0.238 seconds
[2025-11-02T19:34:17.926+0000] {processor.py:161} INFO - Started process (PID=7531) to work on /home/airflow/.local/lib/python3.8/site-packages/airflow/example_dags/example_setup_teardown_taskflow.py
[2025-11-02T19:34:17.930+0000] {processor.py:830} INFO - Processing file /home/airflow/.local/lib/python3.8/site-packages/airflow/example_dags/example_setup_teardown_taskflow.py for tasks to queue
[2025-11-02T19:34:17.935+0000] {logging_mixin.py:188} INFO - [2025-11-02T19:34:17.934+0000] {dagbag.py:538} INFO - Filling up the DagBag from /home/airflow/.local/lib/python3.8/site-packages/airflow/example_dags/example_setup_teardown_taskflow.py
[2025-11-02T19:34:17.975+0000] {processor.py:840} INFO - DAG(s) 'example_setup_teardown_taskflow' retrieved from /home/airflow/.local/lib/python3.8/site-packages/airflow/example_dags/example_setup_teardown_taskflow.py
[2025-11-02T19:34:18.044+0000] {logging_mixin.py:188} INFO - [2025-11-02T19:34:18.043+0000] {dag.py:3036} INFO - Sync 1 DAGs
[2025-11-02T19:34:18.095+0000] {logging_mixin.py:188} INFO - [2025-11-02T19:34:18.095+0000] {dag.py:3823} INFO - Setting next_dagrun for example_setup_teardown_taskflow to 2025-11-01 00:00:00+00:00, run_after=2025-11-02 00:00:00+00:00
[2025-11-02T19:34:18.137+0000] {processor.py:183} INFO - Processing /home/airflow/.local/lib/python3.8/site-packages/airflow/example_dags/example_setup_teardown_taskflow.py took 0.224 seconds
[2025-11-02T19:34:49.362+0000] {processor.py:161} INFO - Started process (PID=7586) to work on /home/airflow/.local/lib/python3.8/site-packages/airflow/example_dags/example_setup_teardown_taskflow.py
[2025-11-02T19:34:49.366+0000] {processor.py:830} INFO - Processing file /home/airflow/.local/lib/python3.8/site-packages/airflow/example_dags/example_setup_teardown_taskflow.py for tasks to queue
[2025-11-02T19:34:49.379+0000] {logging_mixin.py:188} INFO - [2025-11-02T19:34:49.378+0000] {dagbag.py:538} INFO - Filling up the DagBag from /home/airflow/.local/lib/python3.8/site-packages/airflow/example_dags/example_setup_teardown_taskflow.py
[2025-11-02T19:34:49.435+0000] {processor.py:840} INFO - DAG(s) 'example_setup_teardown_taskflow' retrieved from /home/airflow/.local/lib/python3.8/site-packages/airflow/example_dags/example_setup_teardown_taskflow.py
[2025-11-02T19:34:49.514+0000] {logging_mixin.py:188} INFO - [2025-11-02T19:34:49.513+0000] {dag.py:3036} INFO - Sync 1 DAGs
[2025-11-02T19:34:49.600+0000] {logging_mixin.py:188} INFO - [2025-11-02T19:34:49.599+0000] {dag.py:3823} INFO - Setting next_dagrun for example_setup_teardown_taskflow to 2025-11-01 00:00:00+00:00, run_after=2025-11-02 00:00:00+00:00
[2025-11-02T19:34:49.676+0000] {processor.py:183} INFO - Processing /home/airflow/.local/lib/python3.8/site-packages/airflow/example_dags/example_setup_teardown_taskflow.py took 0.333 seconds
[2025-11-02T19:35:20.314+0000] {processor.py:161} INFO - Started process (PID=7641) to work on /home/airflow/.local/lib/python3.8/site-packages/airflow/example_dags/example_setup_teardown_taskflow.py
[2025-11-02T19:35:20.318+0000] {processor.py:830} INFO - Processing file /home/airflow/.local/lib/python3.8/site-packages/airflow/example_dags/example_setup_teardown_taskflow.py for tasks to queue
[2025-11-02T19:35:20.326+0000] {logging_mixin.py:188} INFO - [2025-11-02T19:35:20.325+0000] {dagbag.py:538} INFO - Filling up the DagBag from /home/airflow/.local/lib/python3.8/site-packages/airflow/example_dags/example_setup_teardown_taskflow.py
[2025-11-02T19:35:20.363+0000] {processor.py:840} INFO - DAG(s) 'example_setup_teardown_taskflow' retrieved from /home/airflow/.local/lib/python3.8/site-packages/airflow/example_dags/example_setup_teardown_taskflow.py
[2025-11-02T19:35:20.442+0000] {logging_mixin.py:188} INFO - [2025-11-02T19:35:20.441+0000] {dag.py:3036} INFO - Sync 1 DAGs
[2025-11-02T19:35:20.510+0000] {logging_mixin.py:188} INFO - [2025-11-02T19:35:20.509+0000] {dag.py:3823} INFO - Setting next_dagrun for example_setup_teardown_taskflow to 2025-11-01 00:00:00+00:00, run_after=2025-11-02 00:00:00+00:00
[2025-11-02T19:35:20.564+0000] {processor.py:183} INFO - Processing /home/airflow/.local/lib/python3.8/site-packages/airflow/example_dags/example_setup_teardown_taskflow.py took 0.267 seconds
[2025-11-02T19:35:51.240+0000] {processor.py:161} INFO - Started process (PID=7696) to work on /home/airflow/.local/lib/python3.8/site-packages/airflow/example_dags/example_setup_teardown_taskflow.py
[2025-11-02T19:35:51.244+0000] {processor.py:830} INFO - Processing file /home/airflow/.local/lib/python3.8/site-packages/airflow/example_dags/example_setup_teardown_taskflow.py for tasks to queue
[2025-11-02T19:35:51.250+0000] {logging_mixin.py:188} INFO - [2025-11-02T19:35:51.249+0000] {dagbag.py:538} INFO - Filling up the DagBag from /home/airflow/.local/lib/python3.8/site-packages/airflow/example_dags/example_setup_teardown_taskflow.py
[2025-11-02T19:35:51.276+0000] {processor.py:840} INFO - DAG(s) 'example_setup_teardown_taskflow' retrieved from /home/airflow/.local/lib/python3.8/site-packages/airflow/example_dags/example_setup_teardown_taskflow.py
[2025-11-02T19:35:51.342+0000] {logging_mixin.py:188} INFO - [2025-11-02T19:35:51.342+0000] {dag.py:3036} INFO - Sync 1 DAGs
[2025-11-02T19:35:51.401+0000] {logging_mixin.py:188} INFO - [2025-11-02T19:35:51.401+0000] {dag.py:3823} INFO - Setting next_dagrun for example_setup_teardown_taskflow to 2025-11-01 00:00:00+00:00, run_after=2025-11-02 00:00:00+00:00
[2025-11-02T19:35:51.445+0000] {processor.py:183} INFO - Processing /home/airflow/.local/lib/python3.8/site-packages/airflow/example_dags/example_setup_teardown_taskflow.py took 0.216 seconds
[2025-11-02T19:36:22.843+0000] {processor.py:161} INFO - Started process (PID=7747) to work on /home/airflow/.local/lib/python3.8/site-packages/airflow/example_dags/example_setup_teardown_taskflow.py
[2025-11-02T19:36:22.848+0000] {processor.py:830} INFO - Processing file /home/airflow/.local/lib/python3.8/site-packages/airflow/example_dags/example_setup_teardown_taskflow.py for tasks to queue
[2025-11-02T19:36:22.860+0000] {logging_mixin.py:188} INFO - [2025-11-02T19:36:22.860+0000] {dagbag.py:538} INFO - Filling up the DagBag from /home/airflow/.local/lib/python3.8/site-packages/airflow/example_dags/example_setup_teardown_taskflow.py
[2025-11-02T19:36:22.912+0000] {processor.py:840} INFO - DAG(s) 'example_setup_teardown_taskflow' retrieved from /home/airflow/.local/lib/python3.8/site-packages/airflow/example_dags/example_setup_teardown_taskflow.py
[2025-11-02T19:36:23.011+0000] {logging_mixin.py:188} INFO - [2025-11-02T19:36:23.010+0000] {dag.py:3036} INFO - Sync 1 DAGs
[2025-11-02T19:36:23.101+0000] {logging_mixin.py:188} INFO - [2025-11-02T19:36:23.100+0000] {dag.py:3823} INFO - Setting next_dagrun for example_setup_teardown_taskflow to 2025-11-01 00:00:00+00:00, run_after=2025-11-02 00:00:00+00:00
[2025-11-02T19:36:23.200+0000] {processor.py:183} INFO - Processing /home/airflow/.local/lib/python3.8/site-packages/airflow/example_dags/example_setup_teardown_taskflow.py took 0.396 seconds
[2025-11-02T19:37:01.412+0000] {processor.py:161} INFO - Started process (PID=7807) to work on /home/airflow/.local/lib/python3.8/site-packages/airflow/example_dags/example_setup_teardown_taskflow.py
[2025-11-02T19:37:01.420+0000] {processor.py:830} INFO - Processing file /home/airflow/.local/lib/python3.8/site-packages/airflow/example_dags/example_setup_teardown_taskflow.py for tasks to queue
[2025-11-02T19:37:01.432+0000] {logging_mixin.py:188} INFO - [2025-11-02T19:37:01.431+0000] {dagbag.py:538} INFO - Filling up the DagBag from /home/airflow/.local/lib/python3.8/site-packages/airflow/example_dags/example_setup_teardown_taskflow.py
[2025-11-02T19:37:01.489+0000] {processor.py:840} INFO - DAG(s) 'example_setup_teardown_taskflow' retrieved from /home/airflow/.local/lib/python3.8/site-packages/airflow/example_dags/example_setup_teardown_taskflow.py
[2025-11-02T19:37:01.618+0000] {logging_mixin.py:188} INFO - [2025-11-02T19:37:01.618+0000] {dag.py:3036} INFO - Sync 1 DAGs
[2025-11-02T19:37:01.794+0000] {logging_mixin.py:188} INFO - [2025-11-02T19:37:01.793+0000] {dag.py:3823} INFO - Setting next_dagrun for example_setup_teardown_taskflow to 2025-11-01 00:00:00+00:00, run_after=2025-11-02 00:00:00+00:00
[2025-11-02T19:37:01.873+0000] {processor.py:183} INFO - Processing /home/airflow/.local/lib/python3.8/site-packages/airflow/example_dags/example_setup_teardown_taskflow.py took 0.506 seconds
[2025-11-02T19:37:32.108+0000] {processor.py:161} INFO - Started process (PID=7862) to work on /home/airflow/.local/lib/python3.8/site-packages/airflow/example_dags/example_setup_teardown_taskflow.py
[2025-11-02T19:37:32.117+0000] {processor.py:830} INFO - Processing file /home/airflow/.local/lib/python3.8/site-packages/airflow/example_dags/example_setup_teardown_taskflow.py for tasks to queue
[2025-11-02T19:37:32.126+0000] {logging_mixin.py:188} INFO - [2025-11-02T19:37:32.124+0000] {dagbag.py:538} INFO - Filling up the DagBag from /home/airflow/.local/lib/python3.8/site-packages/airflow/example_dags/example_setup_teardown_taskflow.py
[2025-11-02T19:37:32.181+0000] {processor.py:840} INFO - DAG(s) 'example_setup_teardown_taskflow' retrieved from /home/airflow/.local/lib/python3.8/site-packages/airflow/example_dags/example_setup_teardown_taskflow.py
[2025-11-02T19:37:32.290+0000] {logging_mixin.py:188} INFO - [2025-11-02T19:37:32.289+0000] {dag.py:3036} INFO - Sync 1 DAGs
[2025-11-02T19:37:32.429+0000] {logging_mixin.py:188} INFO - [2025-11-02T19:37:32.428+0000] {dag.py:3823} INFO - Setting next_dagrun for example_setup_teardown_taskflow to 2025-11-01 00:00:00+00:00, run_after=2025-11-02 00:00:00+00:00
[2025-11-02T19:37:32.536+0000] {processor.py:183} INFO - Processing /home/airflow/.local/lib/python3.8/site-packages/airflow/example_dags/example_setup_teardown_taskflow.py took 0.443 seconds
[2025-11-02T19:38:03.110+0000] {processor.py:161} INFO - Started process (PID=7917) to work on /home/airflow/.local/lib/python3.8/site-packages/airflow/example_dags/example_setup_teardown_taskflow.py
[2025-11-02T19:38:03.113+0000] {processor.py:830} INFO - Processing file /home/airflow/.local/lib/python3.8/site-packages/airflow/example_dags/example_setup_teardown_taskflow.py for tasks to queue
[2025-11-02T19:38:03.119+0000] {logging_mixin.py:188} INFO - [2025-11-02T19:38:03.118+0000] {dagbag.py:538} INFO - Filling up the DagBag from /home/airflow/.local/lib/python3.8/site-packages/airflow/example_dags/example_setup_teardown_taskflow.py
[2025-11-02T19:38:03.146+0000] {processor.py:840} INFO - DAG(s) 'example_setup_teardown_taskflow' retrieved from /home/airflow/.local/lib/python3.8/site-packages/airflow/example_dags/example_setup_teardown_taskflow.py
[2025-11-02T19:38:03.208+0000] {logging_mixin.py:188} INFO - [2025-11-02T19:38:03.207+0000] {dag.py:3036} INFO - Sync 1 DAGs
[2025-11-02T19:38:03.265+0000] {logging_mixin.py:188} INFO - [2025-11-02T19:38:03.264+0000] {dag.py:3823} INFO - Setting next_dagrun for example_setup_teardown_taskflow to 2025-11-01 00:00:00+00:00, run_after=2025-11-02 00:00:00+00:00
[2025-11-02T19:38:03.314+0000] {processor.py:183} INFO - Processing /home/airflow/.local/lib/python3.8/site-packages/airflow/example_dags/example_setup_teardown_taskflow.py took 0.215 seconds
[2025-11-02T19:38:34.726+0000] {processor.py:161} INFO - Started process (PID=7972) to work on /home/airflow/.local/lib/python3.8/site-packages/airflow/example_dags/example_setup_teardown_taskflow.py
[2025-11-02T19:38:34.736+0000] {processor.py:830} INFO - Processing file /home/airflow/.local/lib/python3.8/site-packages/airflow/example_dags/example_setup_teardown_taskflow.py for tasks to queue
[2025-11-02T19:38:34.748+0000] {logging_mixin.py:188} INFO - [2025-11-02T19:38:34.747+0000] {dagbag.py:538} INFO - Filling up the DagBag from /home/airflow/.local/lib/python3.8/site-packages/airflow/example_dags/example_setup_teardown_taskflow.py
[2025-11-02T19:38:34.835+0000] {processor.py:840} INFO - DAG(s) 'example_setup_teardown_taskflow' retrieved from /home/airflow/.local/lib/python3.8/site-packages/airflow/example_dags/example_setup_teardown_taskflow.py
[2025-11-02T19:38:34.981+0000] {logging_mixin.py:188} INFO - [2025-11-02T19:38:34.980+0000] {dag.py:3036} INFO - Sync 1 DAGs
[2025-11-02T19:38:35.058+0000] {logging_mixin.py:188} INFO - [2025-11-02T19:38:35.057+0000] {dag.py:3823} INFO - Setting next_dagrun for example_setup_teardown_taskflow to 2025-11-01 00:00:00+00:00, run_after=2025-11-02 00:00:00+00:00
[2025-11-02T19:38:35.157+0000] {processor.py:183} INFO - Processing /home/airflow/.local/lib/python3.8/site-packages/airflow/example_dags/example_setup_teardown_taskflow.py took 0.449 seconds
[2025-11-02T19:39:05.694+0000] {processor.py:161} INFO - Started process (PID=8028) to work on /home/airflow/.local/lib/python3.8/site-packages/airflow/example_dags/example_setup_teardown_taskflow.py
[2025-11-02T19:39:05.712+0000] {processor.py:830} INFO - Processing file /home/airflow/.local/lib/python3.8/site-packages/airflow/example_dags/example_setup_teardown_taskflow.py for tasks to queue
[2025-11-02T19:39:05.726+0000] {logging_mixin.py:188} INFO - [2025-11-02T19:39:05.725+0000] {dagbag.py:538} INFO - Filling up the DagBag from /home/airflow/.local/lib/python3.8/site-packages/airflow/example_dags/example_setup_teardown_taskflow.py
[2025-11-02T19:39:05.868+0000] {processor.py:840} INFO - DAG(s) 'example_setup_teardown_taskflow' retrieved from /home/airflow/.local/lib/python3.8/site-packages/airflow/example_dags/example_setup_teardown_taskflow.py
[2025-11-02T19:39:06.046+0000] {logging_mixin.py:188} INFO - [2025-11-02T19:39:06.045+0000] {dag.py:3036} INFO - Sync 1 DAGs
[2025-11-02T19:39:06.132+0000] {logging_mixin.py:188} INFO - [2025-11-02T19:39:06.131+0000] {dag.py:3823} INFO - Setting next_dagrun for example_setup_teardown_taskflow to 2025-11-01 00:00:00+00:00, run_after=2025-11-02 00:00:00+00:00
[2025-11-02T19:39:06.204+0000] {processor.py:183} INFO - Processing /home/airflow/.local/lib/python3.8/site-packages/airflow/example_dags/example_setup_teardown_taskflow.py took 0.543 seconds
[2025-11-02T19:39:36.517+0000] {processor.py:161} INFO - Started process (PID=8084) to work on /home/airflow/.local/lib/python3.8/site-packages/airflow/example_dags/example_setup_teardown_taskflow.py
[2025-11-02T19:39:36.534+0000] {processor.py:830} INFO - Processing file /home/airflow/.local/lib/python3.8/site-packages/airflow/example_dags/example_setup_teardown_taskflow.py for tasks to queue
[2025-11-02T19:39:36.550+0000] {logging_mixin.py:188} INFO - [2025-11-02T19:39:36.549+0000] {dagbag.py:538} INFO - Filling up the DagBag from /home/airflow/.local/lib/python3.8/site-packages/airflow/example_dags/example_setup_teardown_taskflow.py
[2025-11-02T19:39:36.651+0000] {processor.py:840} INFO - DAG(s) 'example_setup_teardown_taskflow' retrieved from /home/airflow/.local/lib/python3.8/site-packages/airflow/example_dags/example_setup_teardown_taskflow.py
[2025-11-02T19:39:36.883+0000] {logging_mixin.py:188} INFO - [2025-11-02T19:39:36.870+0000] {dag.py:3036} INFO - Sync 1 DAGs
[2025-11-02T19:39:37.073+0000] {logging_mixin.py:188} INFO - [2025-11-02T19:39:37.072+0000] {dag.py:3823} INFO - Setting next_dagrun for example_setup_teardown_taskflow to 2025-11-01 00:00:00+00:00, run_after=2025-11-02 00:00:00+00:00
[2025-11-02T19:39:37.227+0000] {processor.py:183} INFO - Processing /home/airflow/.local/lib/python3.8/site-packages/airflow/example_dags/example_setup_teardown_taskflow.py took 0.728 seconds
[2025-11-02T19:40:07.352+0000] {processor.py:161} INFO - Started process (PID=8139) to work on /home/airflow/.local/lib/python3.8/site-packages/airflow/example_dags/example_setup_teardown_taskflow.py
[2025-11-02T19:40:07.355+0000] {processor.py:830} INFO - Processing file /home/airflow/.local/lib/python3.8/site-packages/airflow/example_dags/example_setup_teardown_taskflow.py for tasks to queue
[2025-11-02T19:40:07.362+0000] {logging_mixin.py:188} INFO - [2025-11-02T19:40:07.360+0000] {dagbag.py:538} INFO - Filling up the DagBag from /home/airflow/.local/lib/python3.8/site-packages/airflow/example_dags/example_setup_teardown_taskflow.py
[2025-11-02T19:40:07.386+0000] {processor.py:840} INFO - DAG(s) 'example_setup_teardown_taskflow' retrieved from /home/airflow/.local/lib/python3.8/site-packages/airflow/example_dags/example_setup_teardown_taskflow.py
[2025-11-02T19:40:07.439+0000] {logging_mixin.py:188} INFO - [2025-11-02T19:40:07.438+0000] {dag.py:3036} INFO - Sync 1 DAGs
[2025-11-02T19:40:07.486+0000] {logging_mixin.py:188} INFO - [2025-11-02T19:40:07.486+0000] {dag.py:3823} INFO - Setting next_dagrun for example_setup_teardown_taskflow to 2025-11-01 00:00:00+00:00, run_after=2025-11-02 00:00:00+00:00
[2025-11-02T19:40:07.535+0000] {processor.py:183} INFO - Processing /home/airflow/.local/lib/python3.8/site-packages/airflow/example_dags/example_setup_teardown_taskflow.py took 0.195 seconds
[2025-11-02T19:40:37.703+0000] {processor.py:161} INFO - Started process (PID=8194) to work on /home/airflow/.local/lib/python3.8/site-packages/airflow/example_dags/example_setup_teardown_taskflow.py
[2025-11-02T19:40:37.706+0000] {processor.py:830} INFO - Processing file /home/airflow/.local/lib/python3.8/site-packages/airflow/example_dags/example_setup_teardown_taskflow.py for tasks to queue
[2025-11-02T19:40:37.711+0000] {logging_mixin.py:188} INFO - [2025-11-02T19:40:37.710+0000] {dagbag.py:538} INFO - Filling up the DagBag from /home/airflow/.local/lib/python3.8/site-packages/airflow/example_dags/example_setup_teardown_taskflow.py
[2025-11-02T19:40:37.734+0000] {processor.py:840} INFO - DAG(s) 'example_setup_teardown_taskflow' retrieved from /home/airflow/.local/lib/python3.8/site-packages/airflow/example_dags/example_setup_teardown_taskflow.py
[2025-11-02T19:40:37.782+0000] {logging_mixin.py:188} INFO - [2025-11-02T19:40:37.782+0000] {dag.py:3036} INFO - Sync 1 DAGs
[2025-11-02T19:40:37.854+0000] {logging_mixin.py:188} INFO - [2025-11-02T19:40:37.853+0000] {dag.py:3823} INFO - Setting next_dagrun for example_setup_teardown_taskflow to 2025-11-01 00:00:00+00:00, run_after=2025-11-02 00:00:00+00:00
[2025-11-02T19:40:37.926+0000] {processor.py:183} INFO - Processing /home/airflow/.local/lib/python3.8/site-packages/airflow/example_dags/example_setup_teardown_taskflow.py took 0.231 seconds
[2025-11-02T19:41:08.236+0000] {processor.py:161} INFO - Started process (PID=8249) to work on /home/airflow/.local/lib/python3.8/site-packages/airflow/example_dags/example_setup_teardown_taskflow.py
[2025-11-02T19:41:08.240+0000] {processor.py:830} INFO - Processing file /home/airflow/.local/lib/python3.8/site-packages/airflow/example_dags/example_setup_teardown_taskflow.py for tasks to queue
[2025-11-02T19:41:08.245+0000] {logging_mixin.py:188} INFO - [2025-11-02T19:41:08.244+0000] {dagbag.py:538} INFO - Filling up the DagBag from /home/airflow/.local/lib/python3.8/site-packages/airflow/example_dags/example_setup_teardown_taskflow.py
[2025-11-02T19:41:08.277+0000] {processor.py:840} INFO - DAG(s) 'example_setup_teardown_taskflow' retrieved from /home/airflow/.local/lib/python3.8/site-packages/airflow/example_dags/example_setup_teardown_taskflow.py
[2025-11-02T19:41:08.335+0000] {logging_mixin.py:188} INFO - [2025-11-02T19:41:08.334+0000] {dag.py:3036} INFO - Sync 1 DAGs
[2025-11-02T19:41:08.391+0000] {logging_mixin.py:188} INFO - [2025-11-02T19:41:08.391+0000] {dag.py:3823} INFO - Setting next_dagrun for example_setup_teardown_taskflow to 2025-11-01 00:00:00+00:00, run_after=2025-11-02 00:00:00+00:00
[2025-11-02T19:41:08.447+0000] {processor.py:183} INFO - Processing /home/airflow/.local/lib/python3.8/site-packages/airflow/example_dags/example_setup_teardown_taskflow.py took 0.224 seconds
[2025-11-02T19:41:39.147+0000] {processor.py:161} INFO - Started process (PID=8304) to work on /home/airflow/.local/lib/python3.8/site-packages/airflow/example_dags/example_setup_teardown_taskflow.py
[2025-11-02T19:41:39.151+0000] {processor.py:830} INFO - Processing file /home/airflow/.local/lib/python3.8/site-packages/airflow/example_dags/example_setup_teardown_taskflow.py for tasks to queue
[2025-11-02T19:41:39.160+0000] {logging_mixin.py:188} INFO - [2025-11-02T19:41:39.159+0000] {dagbag.py:538} INFO - Filling up the DagBag from /home/airflow/.local/lib/python3.8/site-packages/airflow/example_dags/example_setup_teardown_taskflow.py
[2025-11-02T19:41:39.239+0000] {processor.py:840} INFO - DAG(s) 'example_setup_teardown_taskflow' retrieved from /home/airflow/.local/lib/python3.8/site-packages/airflow/example_dags/example_setup_teardown_taskflow.py
[2025-11-02T19:41:39.482+0000] {logging_mixin.py:188} INFO - [2025-11-02T19:41:39.482+0000] {dag.py:3036} INFO - Sync 1 DAGs
[2025-11-02T19:41:39.642+0000] {logging_mixin.py:188} INFO - [2025-11-02T19:41:39.642+0000] {dag.py:3823} INFO - Setting next_dagrun for example_setup_teardown_taskflow to 2025-11-01 00:00:00+00:00, run_after=2025-11-02 00:00:00+00:00
[2025-11-02T19:41:39.740+0000] {processor.py:183} INFO - Processing /home/airflow/.local/lib/python3.8/site-packages/airflow/example_dags/example_setup_teardown_taskflow.py took 0.611 seconds
[2025-11-02T19:42:10.302+0000] {processor.py:161} INFO - Started process (PID=8358) to work on /home/airflow/.local/lib/python3.8/site-packages/airflow/example_dags/example_setup_teardown_taskflow.py
[2025-11-02T19:42:10.313+0000] {processor.py:830} INFO - Processing file /home/airflow/.local/lib/python3.8/site-packages/airflow/example_dags/example_setup_teardown_taskflow.py for tasks to queue
[2025-11-02T19:42:10.320+0000] {logging_mixin.py:188} INFO - [2025-11-02T19:42:10.319+0000] {dagbag.py:538} INFO - Filling up the DagBag from /home/airflow/.local/lib/python3.8/site-packages/airflow/example_dags/example_setup_teardown_taskflow.py
[2025-11-02T19:42:10.381+0000] {processor.py:840} INFO - DAG(s) 'example_setup_teardown_taskflow' retrieved from /home/airflow/.local/lib/python3.8/site-packages/airflow/example_dags/example_setup_teardown_taskflow.py
[2025-11-02T19:42:10.476+0000] {logging_mixin.py:188} INFO - [2025-11-02T19:42:10.475+0000] {dag.py:3036} INFO - Sync 1 DAGs
[2025-11-02T19:42:10.596+0000] {logging_mixin.py:188} INFO - [2025-11-02T19:42:10.595+0000] {dag.py:3823} INFO - Setting next_dagrun for example_setup_teardown_taskflow to 2025-11-01 00:00:00+00:00, run_after=2025-11-02 00:00:00+00:00
[2025-11-02T19:42:10.699+0000] {processor.py:183} INFO - Processing /home/airflow/.local/lib/python3.8/site-packages/airflow/example_dags/example_setup_teardown_taskflow.py took 0.414 seconds
[2025-11-02T19:42:41.477+0000] {processor.py:161} INFO - Started process (PID=8413) to work on /home/airflow/.local/lib/python3.8/site-packages/airflow/example_dags/example_setup_teardown_taskflow.py
[2025-11-02T19:42:41.481+0000] {processor.py:830} INFO - Processing file /home/airflow/.local/lib/python3.8/site-packages/airflow/example_dags/example_setup_teardown_taskflow.py for tasks to queue
[2025-11-02T19:42:41.491+0000] {logging_mixin.py:188} INFO - [2025-11-02T19:42:41.488+0000] {dagbag.py:538} INFO - Filling up the DagBag from /home/airflow/.local/lib/python3.8/site-packages/airflow/example_dags/example_setup_teardown_taskflow.py
[2025-11-02T19:42:41.532+0000] {processor.py:840} INFO - DAG(s) 'example_setup_teardown_taskflow' retrieved from /home/airflow/.local/lib/python3.8/site-packages/airflow/example_dags/example_setup_teardown_taskflow.py
[2025-11-02T19:42:41.614+0000] {logging_mixin.py:188} INFO - [2025-11-02T19:42:41.613+0000] {dag.py:3036} INFO - Sync 1 DAGs
[2025-11-02T19:42:41.701+0000] {logging_mixin.py:188} INFO - [2025-11-02T19:42:41.700+0000] {dag.py:3823} INFO - Setting next_dagrun for example_setup_teardown_taskflow to 2025-11-01 00:00:00+00:00, run_after=2025-11-02 00:00:00+00:00
[2025-11-02T19:42:41.783+0000] {processor.py:183} INFO - Processing /home/airflow/.local/lib/python3.8/site-packages/airflow/example_dags/example_setup_teardown_taskflow.py took 0.320 seconds
