[2025-11-02T18:24:45.258+0000] {processor.py:161} INFO - Started process (PID=112) to work on /home/airflow/.local/lib/python3.8/site-packages/airflow/example_dags/example_branch_operator.py
[2025-11-02T18:24:45.302+0000] {processor.py:830} INFO - Processing file /home/airflow/.local/lib/python3.8/site-packages/airflow/example_dags/example_branch_operator.py for tasks to queue
[2025-11-02T18:24:45.362+0000] {logging_mixin.py:188} INFO - [2025-11-02T18:24:45.355+0000] {dagbag.py:538} INFO - Filling up the DagBag from /home/airflow/.local/lib/python3.8/site-packages/airflow/example_dags/example_branch_operator.py
[2025-11-02T18:24:46.227+0000] {processor.py:840} INFO - DAG(s) 'example_branch_operator' retrieved from /home/airflow/.local/lib/python3.8/site-packages/airflow/example_dags/example_branch_operator.py
[2025-11-02T18:24:47.624+0000] {logging_mixin.py:188} INFO - [2025-11-02T18:24:47.623+0000] {dag.py:3036} INFO - Sync 1 DAGs
[2025-11-02T18:24:47.834+0000] {logging_mixin.py:188} INFO - [2025-11-02T18:24:47.829+0000] {dag.py:3823} INFO - Setting next_dagrun for example_branch_operator to 2025-11-01 00:00:00+00:00, run_after=2025-11-02 00:00:00+00:00
[2025-11-02T18:24:48.062+0000] {processor.py:183} INFO - Processing /home/airflow/.local/lib/python3.8/site-packages/airflow/example_dags/example_branch_operator.py took 2.932 seconds
[2025-11-02T18:25:19.024+0000] {processor.py:161} INFO - Started process (PID=167) to work on /home/airflow/.local/lib/python3.8/site-packages/airflow/example_dags/example_branch_operator.py
[2025-11-02T18:25:19.027+0000] {processor.py:830} INFO - Processing file /home/airflow/.local/lib/python3.8/site-packages/airflow/example_dags/example_branch_operator.py for tasks to queue
[2025-11-02T18:25:19.034+0000] {logging_mixin.py:188} INFO - [2025-11-02T18:25:19.033+0000] {dagbag.py:538} INFO - Filling up the DagBag from /home/airflow/.local/lib/python3.8/site-packages/airflow/example_dags/example_branch_operator.py
[2025-11-02T18:25:19.085+0000] {processor.py:840} INFO - DAG(s) 'example_branch_operator' retrieved from /home/airflow/.local/lib/python3.8/site-packages/airflow/example_dags/example_branch_operator.py
[2025-11-02T18:25:19.138+0000] {logging_mixin.py:188} INFO - [2025-11-02T18:25:19.138+0000] {dag.py:3036} INFO - Sync 1 DAGs
[2025-11-02T18:25:19.184+0000] {logging_mixin.py:188} INFO - [2025-11-02T18:25:19.183+0000] {dag.py:3823} INFO - Setting next_dagrun for example_branch_operator to 2025-11-01 00:00:00+00:00, run_after=2025-11-02 00:00:00+00:00
[2025-11-02T18:25:19.225+0000] {processor.py:183} INFO - Processing /home/airflow/.local/lib/python3.8/site-packages/airflow/example_dags/example_branch_operator.py took 0.210 seconds
[2025-11-02T18:25:49.334+0000] {processor.py:161} INFO - Started process (PID=222) to work on /home/airflow/.local/lib/python3.8/site-packages/airflow/example_dags/example_branch_operator.py
[2025-11-02T18:25:49.336+0000] {processor.py:830} INFO - Processing file /home/airflow/.local/lib/python3.8/site-packages/airflow/example_dags/example_branch_operator.py for tasks to queue
[2025-11-02T18:25:49.342+0000] {logging_mixin.py:188} INFO - [2025-11-02T18:25:49.341+0000] {dagbag.py:538} INFO - Filling up the DagBag from /home/airflow/.local/lib/python3.8/site-packages/airflow/example_dags/example_branch_operator.py
[2025-11-02T18:25:49.381+0000] {processor.py:840} INFO - DAG(s) 'example_branch_operator' retrieved from /home/airflow/.local/lib/python3.8/site-packages/airflow/example_dags/example_branch_operator.py
[2025-11-02T18:25:49.443+0000] {logging_mixin.py:188} INFO - [2025-11-02T18:25:49.442+0000] {dag.py:3036} INFO - Sync 1 DAGs
[2025-11-02T18:25:49.500+0000] {logging_mixin.py:188} INFO - [2025-11-02T18:25:49.499+0000] {dag.py:3823} INFO - Setting next_dagrun for example_branch_operator to 2025-11-01 00:00:00+00:00, run_after=2025-11-02 00:00:00+00:00
[2025-11-02T18:25:49.549+0000] {processor.py:183} INFO - Processing /home/airflow/.local/lib/python3.8/site-packages/airflow/example_dags/example_branch_operator.py took 0.224 seconds
[2025-11-02T18:26:20.446+0000] {processor.py:161} INFO - Started process (PID=277) to work on /home/airflow/.local/lib/python3.8/site-packages/airflow/example_dags/example_branch_operator.py
[2025-11-02T18:26:20.449+0000] {processor.py:830} INFO - Processing file /home/airflow/.local/lib/python3.8/site-packages/airflow/example_dags/example_branch_operator.py for tasks to queue
[2025-11-02T18:26:20.455+0000] {logging_mixin.py:188} INFO - [2025-11-02T18:26:20.454+0000] {dagbag.py:538} INFO - Filling up the DagBag from /home/airflow/.local/lib/python3.8/site-packages/airflow/example_dags/example_branch_operator.py
[2025-11-02T18:26:20.504+0000] {processor.py:840} INFO - DAG(s) 'example_branch_operator' retrieved from /home/airflow/.local/lib/python3.8/site-packages/airflow/example_dags/example_branch_operator.py
[2025-11-02T18:26:20.578+0000] {logging_mixin.py:188} INFO - [2025-11-02T18:26:20.577+0000] {dag.py:3036} INFO - Sync 1 DAGs
[2025-11-02T18:26:20.638+0000] {logging_mixin.py:188} INFO - [2025-11-02T18:26:20.637+0000] {dag.py:3823} INFO - Setting next_dagrun for example_branch_operator to 2025-11-01 00:00:00+00:00, run_after=2025-11-02 00:00:00+00:00
[2025-11-02T18:26:20.691+0000] {processor.py:183} INFO - Processing /home/airflow/.local/lib/python3.8/site-packages/airflow/example_dags/example_branch_operator.py took 0.256 seconds
[2025-11-02T18:26:52.735+0000] {processor.py:161} INFO - Started process (PID=332) to work on /home/airflow/.local/lib/python3.8/site-packages/airflow/example_dags/example_branch_operator.py
[2025-11-02T18:26:52.739+0000] {processor.py:830} INFO - Processing file /home/airflow/.local/lib/python3.8/site-packages/airflow/example_dags/example_branch_operator.py for tasks to queue
[2025-11-02T18:26:52.745+0000] {logging_mixin.py:188} INFO - [2025-11-02T18:26:52.744+0000] {dagbag.py:538} INFO - Filling up the DagBag from /home/airflow/.local/lib/python3.8/site-packages/airflow/example_dags/example_branch_operator.py
[2025-11-02T18:26:52.816+0000] {processor.py:840} INFO - DAG(s) 'example_branch_operator' retrieved from /home/airflow/.local/lib/python3.8/site-packages/airflow/example_dags/example_branch_operator.py
[2025-11-02T18:26:52.962+0000] {logging_mixin.py:188} INFO - [2025-11-02T18:26:52.962+0000] {dag.py:3036} INFO - Sync 1 DAGs
[2025-11-02T18:26:53.101+0000] {logging_mixin.py:188} INFO - [2025-11-02T18:26:53.100+0000] {dag.py:3823} INFO - Setting next_dagrun for example_branch_operator to 2025-11-01 00:00:00+00:00, run_after=2025-11-02 00:00:00+00:00
[2025-11-02T18:26:53.166+0000] {processor.py:183} INFO - Processing /home/airflow/.local/lib/python3.8/site-packages/airflow/example_dags/example_branch_operator.py took 0.443 seconds
[2025-11-02T18:27:23.752+0000] {processor.py:161} INFO - Started process (PID=387) to work on /home/airflow/.local/lib/python3.8/site-packages/airflow/example_dags/example_branch_operator.py
[2025-11-02T18:27:23.756+0000] {processor.py:830} INFO - Processing file /home/airflow/.local/lib/python3.8/site-packages/airflow/example_dags/example_branch_operator.py for tasks to queue
[2025-11-02T18:27:23.762+0000] {logging_mixin.py:188} INFO - [2025-11-02T18:27:23.761+0000] {dagbag.py:538} INFO - Filling up the DagBag from /home/airflow/.local/lib/python3.8/site-packages/airflow/example_dags/example_branch_operator.py
[2025-11-02T18:27:23.810+0000] {processor.py:840} INFO - DAG(s) 'example_branch_operator' retrieved from /home/airflow/.local/lib/python3.8/site-packages/airflow/example_dags/example_branch_operator.py
[2025-11-02T18:27:23.896+0000] {logging_mixin.py:188} INFO - [2025-11-02T18:27:23.896+0000] {dag.py:3036} INFO - Sync 1 DAGs
[2025-11-02T18:27:23.963+0000] {logging_mixin.py:188} INFO - [2025-11-02T18:27:23.962+0000] {dag.py:3823} INFO - Setting next_dagrun for example_branch_operator to 2025-11-01 00:00:00+00:00, run_after=2025-11-02 00:00:00+00:00
[2025-11-02T18:27:24.018+0000] {processor.py:183} INFO - Processing /home/airflow/.local/lib/python3.8/site-packages/airflow/example_dags/example_branch_operator.py took 0.276 seconds
[2025-11-02T18:27:54.535+0000] {processor.py:161} INFO - Started process (PID=442) to work on /home/airflow/.local/lib/python3.8/site-packages/airflow/example_dags/example_branch_operator.py
[2025-11-02T18:27:54.538+0000] {processor.py:830} INFO - Processing file /home/airflow/.local/lib/python3.8/site-packages/airflow/example_dags/example_branch_operator.py for tasks to queue
[2025-11-02T18:27:54.544+0000] {logging_mixin.py:188} INFO - [2025-11-02T18:27:54.543+0000] {dagbag.py:538} INFO - Filling up the DagBag from /home/airflow/.local/lib/python3.8/site-packages/airflow/example_dags/example_branch_operator.py
[2025-11-02T18:27:54.588+0000] {processor.py:840} INFO - DAG(s) 'example_branch_operator' retrieved from /home/airflow/.local/lib/python3.8/site-packages/airflow/example_dags/example_branch_operator.py
[2025-11-02T18:27:54.666+0000] {logging_mixin.py:188} INFO - [2025-11-02T18:27:54.666+0000] {dag.py:3036} INFO - Sync 1 DAGs
[2025-11-02T18:27:54.725+0000] {logging_mixin.py:188} INFO - [2025-11-02T18:27:54.725+0000] {dag.py:3823} INFO - Setting next_dagrun for example_branch_operator to 2025-11-01 00:00:00+00:00, run_after=2025-11-02 00:00:00+00:00
[2025-11-02T18:27:54.786+0000] {processor.py:183} INFO - Processing /home/airflow/.local/lib/python3.8/site-packages/airflow/example_dags/example_branch_operator.py took 0.262 seconds
[2025-11-02T18:28:25.008+0000] {processor.py:161} INFO - Started process (PID=497) to work on /home/airflow/.local/lib/python3.8/site-packages/airflow/example_dags/example_branch_operator.py
[2025-11-02T18:28:25.011+0000] {processor.py:830} INFO - Processing file /home/airflow/.local/lib/python3.8/site-packages/airflow/example_dags/example_branch_operator.py for tasks to queue
[2025-11-02T18:28:25.016+0000] {logging_mixin.py:188} INFO - [2025-11-02T18:28:25.015+0000] {dagbag.py:538} INFO - Filling up the DagBag from /home/airflow/.local/lib/python3.8/site-packages/airflow/example_dags/example_branch_operator.py
[2025-11-02T18:28:25.063+0000] {processor.py:840} INFO - DAG(s) 'example_branch_operator' retrieved from /home/airflow/.local/lib/python3.8/site-packages/airflow/example_dags/example_branch_operator.py
[2025-11-02T18:28:25.133+0000] {logging_mixin.py:188} INFO - [2025-11-02T18:28:25.133+0000] {dag.py:3036} INFO - Sync 1 DAGs
[2025-11-02T18:28:25.196+0000] {logging_mixin.py:188} INFO - [2025-11-02T18:28:25.194+0000] {dag.py:3823} INFO - Setting next_dagrun for example_branch_operator to 2025-11-01 00:00:00+00:00, run_after=2025-11-02 00:00:00+00:00
[2025-11-02T18:28:25.254+0000] {processor.py:183} INFO - Processing /home/airflow/.local/lib/python3.8/site-packages/airflow/example_dags/example_branch_operator.py took 0.254 seconds
[2025-11-02T18:28:56.367+0000] {processor.py:161} INFO - Started process (PID=553) to work on /home/airflow/.local/lib/python3.8/site-packages/airflow/example_dags/example_branch_operator.py
[2025-11-02T18:28:56.371+0000] {processor.py:830} INFO - Processing file /home/airflow/.local/lib/python3.8/site-packages/airflow/example_dags/example_branch_operator.py for tasks to queue
[2025-11-02T18:28:56.379+0000] {logging_mixin.py:188} INFO - [2025-11-02T18:28:56.378+0000] {dagbag.py:538} INFO - Filling up the DagBag from /home/airflow/.local/lib/python3.8/site-packages/airflow/example_dags/example_branch_operator.py
[2025-11-02T18:28:56.479+0000] {processor.py:840} INFO - DAG(s) 'example_branch_operator' retrieved from /home/airflow/.local/lib/python3.8/site-packages/airflow/example_dags/example_branch_operator.py
[2025-11-02T18:28:56.620+0000] {logging_mixin.py:188} INFO - [2025-11-02T18:28:56.619+0000] {dag.py:3036} INFO - Sync 1 DAGs
[2025-11-02T18:28:56.721+0000] {logging_mixin.py:188} INFO - [2025-11-02T18:28:56.720+0000] {dag.py:3823} INFO - Setting next_dagrun for example_branch_operator to 2025-11-01 00:00:00+00:00, run_after=2025-11-02 00:00:00+00:00
[2025-11-02T18:28:56.803+0000] {processor.py:183} INFO - Processing /home/airflow/.local/lib/python3.8/site-packages/airflow/example_dags/example_branch_operator.py took 0.452 seconds
[2025-11-02T18:29:27.335+0000] {processor.py:161} INFO - Started process (PID=608) to work on /home/airflow/.local/lib/python3.8/site-packages/airflow/example_dags/example_branch_operator.py
[2025-11-02T18:29:27.338+0000] {processor.py:830} INFO - Processing file /home/airflow/.local/lib/python3.8/site-packages/airflow/example_dags/example_branch_operator.py for tasks to queue
[2025-11-02T18:29:27.346+0000] {logging_mixin.py:188} INFO - [2025-11-02T18:29:27.345+0000] {dagbag.py:538} INFO - Filling up the DagBag from /home/airflow/.local/lib/python3.8/site-packages/airflow/example_dags/example_branch_operator.py
[2025-11-02T18:29:27.402+0000] {processor.py:840} INFO - DAG(s) 'example_branch_operator' retrieved from /home/airflow/.local/lib/python3.8/site-packages/airflow/example_dags/example_branch_operator.py
[2025-11-02T18:29:27.470+0000] {logging_mixin.py:188} INFO - [2025-11-02T18:29:27.469+0000] {dag.py:3036} INFO - Sync 1 DAGs
[2025-11-02T18:29:27.527+0000] {logging_mixin.py:188} INFO - [2025-11-02T18:29:27.526+0000] {dag.py:3823} INFO - Setting next_dagrun for example_branch_operator to 2025-11-01 00:00:00+00:00, run_after=2025-11-02 00:00:00+00:00
[2025-11-02T18:29:27.575+0000] {processor.py:183} INFO - Processing /home/airflow/.local/lib/python3.8/site-packages/airflow/example_dags/example_branch_operator.py took 0.251 seconds
[2025-11-02T18:29:58.096+0000] {processor.py:161} INFO - Started process (PID=663) to work on /home/airflow/.local/lib/python3.8/site-packages/airflow/example_dags/example_branch_operator.py
[2025-11-02T18:29:58.100+0000] {processor.py:830} INFO - Processing file /home/airflow/.local/lib/python3.8/site-packages/airflow/example_dags/example_branch_operator.py for tasks to queue
[2025-11-02T18:29:58.107+0000] {logging_mixin.py:188} INFO - [2025-11-02T18:29:58.106+0000] {dagbag.py:538} INFO - Filling up the DagBag from /home/airflow/.local/lib/python3.8/site-packages/airflow/example_dags/example_branch_operator.py
[2025-11-02T18:29:58.171+0000] {processor.py:840} INFO - DAG(s) 'example_branch_operator' retrieved from /home/airflow/.local/lib/python3.8/site-packages/airflow/example_dags/example_branch_operator.py
[2025-11-02T18:29:58.268+0000] {logging_mixin.py:188} INFO - [2025-11-02T18:29:58.268+0000] {dag.py:3036} INFO - Sync 1 DAGs
[2025-11-02T18:29:58.361+0000] {logging_mixin.py:188} INFO - [2025-11-02T18:29:58.360+0000] {dag.py:3823} INFO - Setting next_dagrun for example_branch_operator to 2025-11-01 00:00:00+00:00, run_after=2025-11-02 00:00:00+00:00
[2025-11-02T18:29:58.412+0000] {processor.py:183} INFO - Processing /home/airflow/.local/lib/python3.8/site-packages/airflow/example_dags/example_branch_operator.py took 0.327 seconds
[2025-11-02T18:30:29.503+0000] {processor.py:161} INFO - Started process (PID=718) to work on /home/airflow/.local/lib/python3.8/site-packages/airflow/example_dags/example_branch_operator.py
[2025-11-02T18:30:29.508+0000] {processor.py:830} INFO - Processing file /home/airflow/.local/lib/python3.8/site-packages/airflow/example_dags/example_branch_operator.py for tasks to queue
[2025-11-02T18:30:29.525+0000] {logging_mixin.py:188} INFO - [2025-11-02T18:30:29.519+0000] {dagbag.py:538} INFO - Filling up the DagBag from /home/airflow/.local/lib/python3.8/site-packages/airflow/example_dags/example_branch_operator.py
[2025-11-02T18:30:29.607+0000] {processor.py:840} INFO - DAG(s) 'example_branch_operator' retrieved from /home/airflow/.local/lib/python3.8/site-packages/airflow/example_dags/example_branch_operator.py
[2025-11-02T18:30:29.718+0000] {logging_mixin.py:188} INFO - [2025-11-02T18:30:29.717+0000] {dag.py:3036} INFO - Sync 1 DAGs
[2025-11-02T18:30:29.801+0000] {logging_mixin.py:188} INFO - [2025-11-02T18:30:29.800+0000] {dag.py:3823} INFO - Setting next_dagrun for example_branch_operator to 2025-11-01 00:00:00+00:00, run_after=2025-11-02 00:00:00+00:00
[2025-11-02T18:30:29.865+0000] {processor.py:183} INFO - Processing /home/airflow/.local/lib/python3.8/site-packages/airflow/example_dags/example_branch_operator.py took 0.376 seconds
[2025-11-02T18:31:00.093+0000] {processor.py:161} INFO - Started process (PID=773) to work on /home/airflow/.local/lib/python3.8/site-packages/airflow/example_dags/example_branch_operator.py
[2025-11-02T18:31:00.096+0000] {processor.py:830} INFO - Processing file /home/airflow/.local/lib/python3.8/site-packages/airflow/example_dags/example_branch_operator.py for tasks to queue
[2025-11-02T18:31:00.100+0000] {logging_mixin.py:188} INFO - [2025-11-02T18:31:00.100+0000] {dagbag.py:538} INFO - Filling up the DagBag from /home/airflow/.local/lib/python3.8/site-packages/airflow/example_dags/example_branch_operator.py
[2025-11-02T18:31:00.143+0000] {processor.py:840} INFO - DAG(s) 'example_branch_operator' retrieved from /home/airflow/.local/lib/python3.8/site-packages/airflow/example_dags/example_branch_operator.py
[2025-11-02T18:31:00.202+0000] {logging_mixin.py:188} INFO - [2025-11-02T18:31:00.201+0000] {dag.py:3036} INFO - Sync 1 DAGs
[2025-11-02T18:31:00.247+0000] {logging_mixin.py:188} INFO - [2025-11-02T18:31:00.247+0000] {dag.py:3823} INFO - Setting next_dagrun for example_branch_operator to 2025-11-01 00:00:00+00:00, run_after=2025-11-02 00:00:00+00:00
[2025-11-02T18:31:00.285+0000] {processor.py:183} INFO - Processing /home/airflow/.local/lib/python3.8/site-packages/airflow/example_dags/example_branch_operator.py took 0.209 seconds
[2025-11-02T18:31:31.213+0000] {processor.py:161} INFO - Started process (PID=828) to work on /home/airflow/.local/lib/python3.8/site-packages/airflow/example_dags/example_branch_operator.py
[2025-11-02T18:31:31.217+0000] {processor.py:830} INFO - Processing file /home/airflow/.local/lib/python3.8/site-packages/airflow/example_dags/example_branch_operator.py for tasks to queue
[2025-11-02T18:31:31.224+0000] {logging_mixin.py:188} INFO - [2025-11-02T18:31:31.223+0000] {dagbag.py:538} INFO - Filling up the DagBag from /home/airflow/.local/lib/python3.8/site-packages/airflow/example_dags/example_branch_operator.py
[2025-11-02T18:31:31.268+0000] {processor.py:840} INFO - DAG(s) 'example_branch_operator' retrieved from /home/airflow/.local/lib/python3.8/site-packages/airflow/example_dags/example_branch_operator.py
[2025-11-02T18:31:31.353+0000] {logging_mixin.py:188} INFO - [2025-11-02T18:31:31.353+0000] {dag.py:3036} INFO - Sync 1 DAGs
[2025-11-02T18:31:31.424+0000] {logging_mixin.py:188} INFO - [2025-11-02T18:31:31.424+0000] {dag.py:3823} INFO - Setting next_dagrun for example_branch_operator to 2025-11-01 00:00:00+00:00, run_after=2025-11-02 00:00:00+00:00
[2025-11-02T18:31:31.479+0000] {processor.py:183} INFO - Processing /home/airflow/.local/lib/python3.8/site-packages/airflow/example_dags/example_branch_operator.py took 0.278 seconds
[2025-11-02T18:32:01.795+0000] {processor.py:161} INFO - Started process (PID=881) to work on /home/airflow/.local/lib/python3.8/site-packages/airflow/example_dags/example_branch_operator.py
[2025-11-02T18:32:01.800+0000] {processor.py:830} INFO - Processing file /home/airflow/.local/lib/python3.8/site-packages/airflow/example_dags/example_branch_operator.py for tasks to queue
[2025-11-02T18:32:01.805+0000] {logging_mixin.py:188} INFO - [2025-11-02T18:32:01.804+0000] {dagbag.py:538} INFO - Filling up the DagBag from /home/airflow/.local/lib/python3.8/site-packages/airflow/example_dags/example_branch_operator.py
[2025-11-02T18:32:01.852+0000] {processor.py:840} INFO - DAG(s) 'example_branch_operator' retrieved from /home/airflow/.local/lib/python3.8/site-packages/airflow/example_dags/example_branch_operator.py
[2025-11-02T18:32:01.970+0000] {logging_mixin.py:188} INFO - [2025-11-02T18:32:01.969+0000] {dag.py:3036} INFO - Sync 1 DAGs
[2025-11-02T18:32:02.036+0000] {logging_mixin.py:188} INFO - [2025-11-02T18:32:02.035+0000] {dag.py:3823} INFO - Setting next_dagrun for example_branch_operator to 2025-11-01 00:00:00+00:00, run_after=2025-11-02 00:00:00+00:00
[2025-11-02T18:32:02.108+0000] {processor.py:183} INFO - Processing /home/airflow/.local/lib/python3.8/site-packages/airflow/example_dags/example_branch_operator.py took 0.322 seconds
[2025-11-02T18:32:32.498+0000] {processor.py:161} INFO - Started process (PID=935) to work on /home/airflow/.local/lib/python3.8/site-packages/airflow/example_dags/example_branch_operator.py
[2025-11-02T18:32:32.501+0000] {processor.py:830} INFO - Processing file /home/airflow/.local/lib/python3.8/site-packages/airflow/example_dags/example_branch_operator.py for tasks to queue
[2025-11-02T18:32:32.507+0000] {logging_mixin.py:188} INFO - [2025-11-02T18:32:32.506+0000] {dagbag.py:538} INFO - Filling up the DagBag from /home/airflow/.local/lib/python3.8/site-packages/airflow/example_dags/example_branch_operator.py
[2025-11-02T18:32:32.549+0000] {processor.py:840} INFO - DAG(s) 'example_branch_operator' retrieved from /home/airflow/.local/lib/python3.8/site-packages/airflow/example_dags/example_branch_operator.py
[2025-11-02T18:32:32.620+0000] {logging_mixin.py:188} INFO - [2025-11-02T18:32:32.619+0000] {dag.py:3036} INFO - Sync 1 DAGs
[2025-11-02T18:32:32.743+0000] {logging_mixin.py:188} INFO - [2025-11-02T18:32:32.742+0000] {dag.py:3823} INFO - Setting next_dagrun for example_branch_operator to 2025-11-01 00:00:00+00:00, run_after=2025-11-02 00:00:00+00:00
[2025-11-02T18:32:32.806+0000] {processor.py:183} INFO - Processing /home/airflow/.local/lib/python3.8/site-packages/airflow/example_dags/example_branch_operator.py took 0.319 seconds
[2025-11-02T18:33:03.628+0000] {processor.py:161} INFO - Started process (PID=990) to work on /home/airflow/.local/lib/python3.8/site-packages/airflow/example_dags/example_branch_operator.py
[2025-11-02T18:33:03.631+0000] {processor.py:830} INFO - Processing file /home/airflow/.local/lib/python3.8/site-packages/airflow/example_dags/example_branch_operator.py for tasks to queue
[2025-11-02T18:33:03.638+0000] {logging_mixin.py:188} INFO - [2025-11-02T18:33:03.637+0000] {dagbag.py:538} INFO - Filling up the DagBag from /home/airflow/.local/lib/python3.8/site-packages/airflow/example_dags/example_branch_operator.py
[2025-11-02T18:33:03.691+0000] {processor.py:840} INFO - DAG(s) 'example_branch_operator' retrieved from /home/airflow/.local/lib/python3.8/site-packages/airflow/example_dags/example_branch_operator.py
[2025-11-02T18:33:03.787+0000] {logging_mixin.py:188} INFO - [2025-11-02T18:33:03.787+0000] {dag.py:3036} INFO - Sync 1 DAGs
[2025-11-02T18:33:03.852+0000] {logging_mixin.py:188} INFO - [2025-11-02T18:33:03.851+0000] {dag.py:3823} INFO - Setting next_dagrun for example_branch_operator to 2025-11-01 00:00:00+00:00, run_after=2025-11-02 00:00:00+00:00
[2025-11-02T18:33:03.914+0000] {processor.py:183} INFO - Processing /home/airflow/.local/lib/python3.8/site-packages/airflow/example_dags/example_branch_operator.py took 0.299 seconds
[2025-11-02T18:33:34.417+0000] {processor.py:161} INFO - Started process (PID=1045) to work on /home/airflow/.local/lib/python3.8/site-packages/airflow/example_dags/example_branch_operator.py
[2025-11-02T18:33:34.421+0000] {processor.py:830} INFO - Processing file /home/airflow/.local/lib/python3.8/site-packages/airflow/example_dags/example_branch_operator.py for tasks to queue
[2025-11-02T18:33:34.425+0000] {logging_mixin.py:188} INFO - [2025-11-02T18:33:34.425+0000] {dagbag.py:538} INFO - Filling up the DagBag from /home/airflow/.local/lib/python3.8/site-packages/airflow/example_dags/example_branch_operator.py
[2025-11-02T18:33:34.490+0000] {processor.py:840} INFO - DAG(s) 'example_branch_operator' retrieved from /home/airflow/.local/lib/python3.8/site-packages/airflow/example_dags/example_branch_operator.py
[2025-11-02T18:33:34.581+0000] {logging_mixin.py:188} INFO - [2025-11-02T18:33:34.581+0000] {dag.py:3036} INFO - Sync 1 DAGs
[2025-11-02T18:33:34.653+0000] {logging_mixin.py:188} INFO - [2025-11-02T18:33:34.652+0000] {dag.py:3823} INFO - Setting next_dagrun for example_branch_operator to 2025-11-01 00:00:00+00:00, run_after=2025-11-02 00:00:00+00:00
[2025-11-02T18:33:34.710+0000] {processor.py:183} INFO - Processing /home/airflow/.local/lib/python3.8/site-packages/airflow/example_dags/example_branch_operator.py took 0.301 seconds
[2025-11-02T18:34:04.982+0000] {processor.py:161} INFO - Started process (PID=1099) to work on /home/airflow/.local/lib/python3.8/site-packages/airflow/example_dags/example_branch_operator.py
[2025-11-02T18:34:04.985+0000] {processor.py:830} INFO - Processing file /home/airflow/.local/lib/python3.8/site-packages/airflow/example_dags/example_branch_operator.py for tasks to queue
[2025-11-02T18:34:04.990+0000] {logging_mixin.py:188} INFO - [2025-11-02T18:34:04.989+0000] {dagbag.py:538} INFO - Filling up the DagBag from /home/airflow/.local/lib/python3.8/site-packages/airflow/example_dags/example_branch_operator.py
[2025-11-02T18:34:05.027+0000] {processor.py:840} INFO - DAG(s) 'example_branch_operator' retrieved from /home/airflow/.local/lib/python3.8/site-packages/airflow/example_dags/example_branch_operator.py
[2025-11-02T18:34:05.090+0000] {logging_mixin.py:188} INFO - [2025-11-02T18:34:05.089+0000] {dag.py:3036} INFO - Sync 1 DAGs
[2025-11-02T18:34:05.151+0000] {logging_mixin.py:188} INFO - [2025-11-02T18:34:05.151+0000] {dag.py:3823} INFO - Setting next_dagrun for example_branch_operator to 2025-11-01 00:00:00+00:00, run_after=2025-11-02 00:00:00+00:00
[2025-11-02T18:34:05.194+0000] {processor.py:183} INFO - Processing /home/airflow/.local/lib/python3.8/site-packages/airflow/example_dags/example_branch_operator.py took 0.220 seconds
[2025-11-02T18:34:35.497+0000] {processor.py:161} INFO - Started process (PID=1154) to work on /home/airflow/.local/lib/python3.8/site-packages/airflow/example_dags/example_branch_operator.py
[2025-11-02T18:34:35.501+0000] {processor.py:830} INFO - Processing file /home/airflow/.local/lib/python3.8/site-packages/airflow/example_dags/example_branch_operator.py for tasks to queue
[2025-11-02T18:34:35.508+0000] {logging_mixin.py:188} INFO - [2025-11-02T18:34:35.507+0000] {dagbag.py:538} INFO - Filling up the DagBag from /home/airflow/.local/lib/python3.8/site-packages/airflow/example_dags/example_branch_operator.py
[2025-11-02T18:34:35.579+0000] {processor.py:840} INFO - DAG(s) 'example_branch_operator' retrieved from /home/airflow/.local/lib/python3.8/site-packages/airflow/example_dags/example_branch_operator.py
[2025-11-02T18:34:35.659+0000] {logging_mixin.py:188} INFO - [2025-11-02T18:34:35.658+0000] {dag.py:3036} INFO - Sync 1 DAGs
[2025-11-02T18:34:35.786+0000] {logging_mixin.py:188} INFO - [2025-11-02T18:34:35.782+0000] {dag.py:3823} INFO - Setting next_dagrun for example_branch_operator to 2025-11-01 00:00:00+00:00, run_after=2025-11-02 00:00:00+00:00
[2025-11-02T18:34:35.835+0000] {processor.py:183} INFO - Processing /home/airflow/.local/lib/python3.8/site-packages/airflow/example_dags/example_branch_operator.py took 0.352 seconds
[2025-11-02T18:35:06.673+0000] {processor.py:161} INFO - Started process (PID=1210) to work on /home/airflow/.local/lib/python3.8/site-packages/airflow/example_dags/example_branch_operator.py
[2025-11-02T18:35:06.700+0000] {processor.py:830} INFO - Processing file /home/airflow/.local/lib/python3.8/site-packages/airflow/example_dags/example_branch_operator.py for tasks to queue
[2025-11-02T18:35:06.733+0000] {logging_mixin.py:188} INFO - [2025-11-02T18:35:06.732+0000] {dagbag.py:538} INFO - Filling up the DagBag from /home/airflow/.local/lib/python3.8/site-packages/airflow/example_dags/example_branch_operator.py
[2025-11-02T18:35:06.890+0000] {processor.py:840} INFO - DAG(s) 'example_branch_operator' retrieved from /home/airflow/.local/lib/python3.8/site-packages/airflow/example_dags/example_branch_operator.py
[2025-11-02T18:35:07.150+0000] {logging_mixin.py:188} INFO - [2025-11-02T18:35:07.150+0000] {dag.py:3036} INFO - Sync 1 DAGs
[2025-11-02T18:35:07.424+0000] {logging_mixin.py:188} INFO - [2025-11-02T18:35:07.423+0000] {dag.py:3823} INFO - Setting next_dagrun for example_branch_operator to 2025-11-01 00:00:00+00:00, run_after=2025-11-02 00:00:00+00:00
[2025-11-02T18:35:07.549+0000] {processor.py:183} INFO - Processing /home/airflow/.local/lib/python3.8/site-packages/airflow/example_dags/example_branch_operator.py took 0.762 seconds
[2025-11-02T18:35:38.115+0000] {processor.py:161} INFO - Started process (PID=1265) to work on /home/airflow/.local/lib/python3.8/site-packages/airflow/example_dags/example_branch_operator.py
[2025-11-02T18:35:38.118+0000] {processor.py:830} INFO - Processing file /home/airflow/.local/lib/python3.8/site-packages/airflow/example_dags/example_branch_operator.py for tasks to queue
[2025-11-02T18:35:38.124+0000] {logging_mixin.py:188} INFO - [2025-11-02T18:35:38.123+0000] {dagbag.py:538} INFO - Filling up the DagBag from /home/airflow/.local/lib/python3.8/site-packages/airflow/example_dags/example_branch_operator.py
[2025-11-02T18:35:38.175+0000] {processor.py:840} INFO - DAG(s) 'example_branch_operator' retrieved from /home/airflow/.local/lib/python3.8/site-packages/airflow/example_dags/example_branch_operator.py
[2025-11-02T18:35:38.245+0000] {logging_mixin.py:188} INFO - [2025-11-02T18:35:38.245+0000] {dag.py:3036} INFO - Sync 1 DAGs
[2025-11-02T18:35:38.309+0000] {logging_mixin.py:188} INFO - [2025-11-02T18:35:38.309+0000] {dag.py:3823} INFO - Setting next_dagrun for example_branch_operator to 2025-11-01 00:00:00+00:00, run_after=2025-11-02 00:00:00+00:00
[2025-11-02T18:35:38.377+0000] {processor.py:183} INFO - Processing /home/airflow/.local/lib/python3.8/site-packages/airflow/example_dags/example_branch_operator.py took 0.274 seconds
[2025-11-02T18:36:08.850+0000] {processor.py:161} INFO - Started process (PID=1321) to work on /home/airflow/.local/lib/python3.8/site-packages/airflow/example_dags/example_branch_operator.py
[2025-11-02T18:36:08.854+0000] {processor.py:830} INFO - Processing file /home/airflow/.local/lib/python3.8/site-packages/airflow/example_dags/example_branch_operator.py for tasks to queue
[2025-11-02T18:36:08.870+0000] {logging_mixin.py:188} INFO - [2025-11-02T18:36:08.868+0000] {dagbag.py:538} INFO - Filling up the DagBag from /home/airflow/.local/lib/python3.8/site-packages/airflow/example_dags/example_branch_operator.py
[2025-11-02T18:36:08.982+0000] {processor.py:840} INFO - DAG(s) 'example_branch_operator' retrieved from /home/airflow/.local/lib/python3.8/site-packages/airflow/example_dags/example_branch_operator.py
[2025-11-02T18:36:09.115+0000] {logging_mixin.py:188} INFO - [2025-11-02T18:36:09.114+0000] {dag.py:3036} INFO - Sync 1 DAGs
[2025-11-02T18:36:09.199+0000] {logging_mixin.py:188} INFO - [2025-11-02T18:36:09.198+0000] {dag.py:3823} INFO - Setting next_dagrun for example_branch_operator to 2025-11-01 00:00:00+00:00, run_after=2025-11-02 00:00:00+00:00
[2025-11-02T18:36:09.279+0000] {processor.py:183} INFO - Processing /home/airflow/.local/lib/python3.8/site-packages/airflow/example_dags/example_branch_operator.py took 0.449 seconds
[2025-11-02T18:36:39.472+0000] {processor.py:161} INFO - Started process (PID=1376) to work on /home/airflow/.local/lib/python3.8/site-packages/airflow/example_dags/example_branch_operator.py
[2025-11-02T18:36:39.475+0000] {processor.py:830} INFO - Processing file /home/airflow/.local/lib/python3.8/site-packages/airflow/example_dags/example_branch_operator.py for tasks to queue
[2025-11-02T18:36:39.480+0000] {logging_mixin.py:188} INFO - [2025-11-02T18:36:39.479+0000] {dagbag.py:538} INFO - Filling up the DagBag from /home/airflow/.local/lib/python3.8/site-packages/airflow/example_dags/example_branch_operator.py
[2025-11-02T18:36:39.547+0000] {processor.py:840} INFO - DAG(s) 'example_branch_operator' retrieved from /home/airflow/.local/lib/python3.8/site-packages/airflow/example_dags/example_branch_operator.py
[2025-11-02T18:36:39.645+0000] {logging_mixin.py:188} INFO - [2025-11-02T18:36:39.644+0000] {dag.py:3036} INFO - Sync 1 DAGs
[2025-11-02T18:36:39.715+0000] {logging_mixin.py:188} INFO - [2025-11-02T18:36:39.714+0000] {dag.py:3823} INFO - Setting next_dagrun for example_branch_operator to 2025-11-01 00:00:00+00:00, run_after=2025-11-02 00:00:00+00:00
[2025-11-02T18:36:39.824+0000] {processor.py:183} INFO - Processing /home/airflow/.local/lib/python3.8/site-packages/airflow/example_dags/example_branch_operator.py took 0.367 seconds
[2025-11-02T18:37:10.803+0000] {processor.py:161} INFO - Started process (PID=1432) to work on /home/airflow/.local/lib/python3.8/site-packages/airflow/example_dags/example_branch_operator.py
[2025-11-02T18:37:10.808+0000] {processor.py:830} INFO - Processing file /home/airflow/.local/lib/python3.8/site-packages/airflow/example_dags/example_branch_operator.py for tasks to queue
[2025-11-02T18:37:10.830+0000] {logging_mixin.py:188} INFO - [2025-11-02T18:37:10.829+0000] {dagbag.py:538} INFO - Filling up the DagBag from /home/airflow/.local/lib/python3.8/site-packages/airflow/example_dags/example_branch_operator.py
[2025-11-02T18:37:11.069+0000] {processor.py:840} INFO - DAG(s) 'example_branch_operator' retrieved from /home/airflow/.local/lib/python3.8/site-packages/airflow/example_dags/example_branch_operator.py
[2025-11-02T18:37:11.238+0000] {logging_mixin.py:188} INFO - [2025-11-02T18:37:11.237+0000] {dag.py:3036} INFO - Sync 1 DAGs
[2025-11-02T18:37:11.443+0000] {logging_mixin.py:188} INFO - [2025-11-02T18:37:11.442+0000] {dag.py:3823} INFO - Setting next_dagrun for example_branch_operator to 2025-11-01 00:00:00+00:00, run_after=2025-11-02 00:00:00+00:00
[2025-11-02T18:37:11.533+0000] {processor.py:183} INFO - Processing /home/airflow/.local/lib/python3.8/site-packages/airflow/example_dags/example_branch_operator.py took 0.770 seconds
[2025-11-02T18:37:41.707+0000] {processor.py:161} INFO - Started process (PID=1487) to work on /home/airflow/.local/lib/python3.8/site-packages/airflow/example_dags/example_branch_operator.py
[2025-11-02T18:37:41.710+0000] {processor.py:830} INFO - Processing file /home/airflow/.local/lib/python3.8/site-packages/airflow/example_dags/example_branch_operator.py for tasks to queue
[2025-11-02T18:37:41.716+0000] {logging_mixin.py:188} INFO - [2025-11-02T18:37:41.715+0000] {dagbag.py:538} INFO - Filling up the DagBag from /home/airflow/.local/lib/python3.8/site-packages/airflow/example_dags/example_branch_operator.py
[2025-11-02T18:37:41.791+0000] {processor.py:840} INFO - DAG(s) 'example_branch_operator' retrieved from /home/airflow/.local/lib/python3.8/site-packages/airflow/example_dags/example_branch_operator.py
[2025-11-02T18:37:41.882+0000] {logging_mixin.py:188} INFO - [2025-11-02T18:37:41.881+0000] {dag.py:3036} INFO - Sync 1 DAGs
[2025-11-02T18:37:41.973+0000] {logging_mixin.py:188} INFO - [2025-11-02T18:37:41.972+0000] {dag.py:3823} INFO - Setting next_dagrun for example_branch_operator to 2025-11-01 00:00:00+00:00, run_after=2025-11-02 00:00:00+00:00
[2025-11-02T18:37:42.058+0000] {processor.py:183} INFO - Processing /home/airflow/.local/lib/python3.8/site-packages/airflow/example_dags/example_branch_operator.py took 0.363 seconds
[2025-11-02T18:38:12.719+0000] {processor.py:161} INFO - Started process (PID=1542) to work on /home/airflow/.local/lib/python3.8/site-packages/airflow/example_dags/example_branch_operator.py
[2025-11-02T18:38:12.725+0000] {processor.py:830} INFO - Processing file /home/airflow/.local/lib/python3.8/site-packages/airflow/example_dags/example_branch_operator.py for tasks to queue
[2025-11-02T18:38:12.734+0000] {logging_mixin.py:188} INFO - [2025-11-02T18:38:12.730+0000] {dagbag.py:538} INFO - Filling up the DagBag from /home/airflow/.local/lib/python3.8/site-packages/airflow/example_dags/example_branch_operator.py
[2025-11-02T18:38:12.837+0000] {processor.py:840} INFO - DAG(s) 'example_branch_operator' retrieved from /home/airflow/.local/lib/python3.8/site-packages/airflow/example_dags/example_branch_operator.py
[2025-11-02T18:38:13.001+0000] {logging_mixin.py:188} INFO - [2025-11-02T18:38:13.000+0000] {dag.py:3036} INFO - Sync 1 DAGs
[2025-11-02T18:38:13.101+0000] {logging_mixin.py:188} INFO - [2025-11-02T18:38:13.098+0000] {dag.py:3823} INFO - Setting next_dagrun for example_branch_operator to 2025-11-01 00:00:00+00:00, run_after=2025-11-02 00:00:00+00:00
[2025-11-02T18:38:13.249+0000] {processor.py:183} INFO - Processing /home/airflow/.local/lib/python3.8/site-packages/airflow/example_dags/example_branch_operator.py took 0.544 seconds
[2025-11-02T18:38:43.766+0000] {processor.py:161} INFO - Started process (PID=1597) to work on /home/airflow/.local/lib/python3.8/site-packages/airflow/example_dags/example_branch_operator.py
[2025-11-02T18:38:43.769+0000] {processor.py:830} INFO - Processing file /home/airflow/.local/lib/python3.8/site-packages/airflow/example_dags/example_branch_operator.py for tasks to queue
[2025-11-02T18:38:43.785+0000] {logging_mixin.py:188} INFO - [2025-11-02T18:38:43.784+0000] {dagbag.py:538} INFO - Filling up the DagBag from /home/airflow/.local/lib/python3.8/site-packages/airflow/example_dags/example_branch_operator.py
[2025-11-02T18:38:43.892+0000] {processor.py:840} INFO - DAG(s) 'example_branch_operator' retrieved from /home/airflow/.local/lib/python3.8/site-packages/airflow/example_dags/example_branch_operator.py
[2025-11-02T18:38:44.026+0000] {logging_mixin.py:188} INFO - [2025-11-02T18:38:44.025+0000] {dag.py:3036} INFO - Sync 1 DAGs
[2025-11-02T18:38:44.145+0000] {logging_mixin.py:188} INFO - [2025-11-02T18:38:44.144+0000] {dag.py:3823} INFO - Setting next_dagrun for example_branch_operator to 2025-11-01 00:00:00+00:00, run_after=2025-11-02 00:00:00+00:00
[2025-11-02T18:38:44.242+0000] {processor.py:183} INFO - Processing /home/airflow/.local/lib/python3.8/site-packages/airflow/example_dags/example_branch_operator.py took 0.498 seconds
[2025-11-02T18:39:15.651+0000] {processor.py:161} INFO - Started process (PID=1652) to work on /home/airflow/.local/lib/python3.8/site-packages/airflow/example_dags/example_branch_operator.py
[2025-11-02T18:39:15.665+0000] {processor.py:830} INFO - Processing file /home/airflow/.local/lib/python3.8/site-packages/airflow/example_dags/example_branch_operator.py for tasks to queue
[2025-11-02T18:39:15.672+0000] {logging_mixin.py:188} INFO - [2025-11-02T18:39:15.671+0000] {dagbag.py:538} INFO - Filling up the DagBag from /home/airflow/.local/lib/python3.8/site-packages/airflow/example_dags/example_branch_operator.py
[2025-11-02T18:39:15.810+0000] {processor.py:840} INFO - DAG(s) 'example_branch_operator' retrieved from /home/airflow/.local/lib/python3.8/site-packages/airflow/example_dags/example_branch_operator.py
[2025-11-02T18:39:16.001+0000] {logging_mixin.py:188} INFO - [2025-11-02T18:39:16.001+0000] {dag.py:3036} INFO - Sync 1 DAGs
[2025-11-02T18:39:16.170+0000] {logging_mixin.py:188} INFO - [2025-11-02T18:39:16.158+0000] {dag.py:3823} INFO - Setting next_dagrun for example_branch_operator to 2025-11-01 00:00:00+00:00, run_after=2025-11-02 00:00:00+00:00
[2025-11-02T18:39:16.360+0000] {processor.py:183} INFO - Processing /home/airflow/.local/lib/python3.8/site-packages/airflow/example_dags/example_branch_operator.py took 0.744 seconds
[2025-11-02T18:39:52.999+0000] {processor.py:161} INFO - Started process (PID=1712) to work on /home/airflow/.local/lib/python3.8/site-packages/airflow/example_dags/example_branch_operator.py
[2025-11-02T18:39:53.004+0000] {processor.py:830} INFO - Processing file /home/airflow/.local/lib/python3.8/site-packages/airflow/example_dags/example_branch_operator.py for tasks to queue
[2025-11-02T18:39:53.020+0000] {logging_mixin.py:188} INFO - [2025-11-02T18:39:53.019+0000] {dagbag.py:538} INFO - Filling up the DagBag from /home/airflow/.local/lib/python3.8/site-packages/airflow/example_dags/example_branch_operator.py
[2025-11-02T18:39:53.109+0000] {processor.py:840} INFO - DAG(s) 'example_branch_operator' retrieved from /home/airflow/.local/lib/python3.8/site-packages/airflow/example_dags/example_branch_operator.py
[2025-11-02T18:39:53.297+0000] {logging_mixin.py:188} INFO - [2025-11-02T18:39:53.296+0000] {dag.py:3036} INFO - Sync 1 DAGs
[2025-11-02T18:39:53.416+0000] {logging_mixin.py:188} INFO - [2025-11-02T18:39:53.407+0000] {dag.py:3823} INFO - Setting next_dagrun for example_branch_operator to 2025-11-01 00:00:00+00:00, run_after=2025-11-02 00:00:00+00:00
[2025-11-02T18:39:53.550+0000] {processor.py:183} INFO - Processing /home/airflow/.local/lib/python3.8/site-packages/airflow/example_dags/example_branch_operator.py took 0.569 seconds
[2025-11-02T18:40:24.040+0000] {processor.py:161} INFO - Started process (PID=1768) to work on /home/airflow/.local/lib/python3.8/site-packages/airflow/example_dags/example_branch_operator.py
[2025-11-02T18:40:24.057+0000] {processor.py:830} INFO - Processing file /home/airflow/.local/lib/python3.8/site-packages/airflow/example_dags/example_branch_operator.py for tasks to queue
[2025-11-02T18:40:24.074+0000] {logging_mixin.py:188} INFO - [2025-11-02T18:40:24.063+0000] {dagbag.py:538} INFO - Filling up the DagBag from /home/airflow/.local/lib/python3.8/site-packages/airflow/example_dags/example_branch_operator.py
[2025-11-02T18:40:24.157+0000] {processor.py:840} INFO - DAG(s) 'example_branch_operator' retrieved from /home/airflow/.local/lib/python3.8/site-packages/airflow/example_dags/example_branch_operator.py
[2025-11-02T18:40:24.319+0000] {logging_mixin.py:188} INFO - [2025-11-02T18:40:24.319+0000] {dag.py:3036} INFO - Sync 1 DAGs
[2025-11-02T18:40:24.447+0000] {logging_mixin.py:188} INFO - [2025-11-02T18:40:24.446+0000] {dag.py:3823} INFO - Setting next_dagrun for example_branch_operator to 2025-11-01 00:00:00+00:00, run_after=2025-11-02 00:00:00+00:00
[2025-11-02T18:40:24.537+0000] {processor.py:183} INFO - Processing /home/airflow/.local/lib/python3.8/site-packages/airflow/example_dags/example_branch_operator.py took 0.514 seconds
[2025-11-02T18:40:55.261+0000] {processor.py:161} INFO - Started process (PID=1822) to work on /home/airflow/.local/lib/python3.8/site-packages/airflow/example_dags/example_branch_operator.py
[2025-11-02T18:40:55.267+0000] {processor.py:830} INFO - Processing file /home/airflow/.local/lib/python3.8/site-packages/airflow/example_dags/example_branch_operator.py for tasks to queue
[2025-11-02T18:40:55.276+0000] {logging_mixin.py:188} INFO - [2025-11-02T18:40:55.274+0000] {dagbag.py:538} INFO - Filling up the DagBag from /home/airflow/.local/lib/python3.8/site-packages/airflow/example_dags/example_branch_operator.py
[2025-11-02T18:40:55.369+0000] {processor.py:840} INFO - DAG(s) 'example_branch_operator' retrieved from /home/airflow/.local/lib/python3.8/site-packages/airflow/example_dags/example_branch_operator.py
[2025-11-02T18:40:55.504+0000] {logging_mixin.py:188} INFO - [2025-11-02T18:40:55.503+0000] {dag.py:3036} INFO - Sync 1 DAGs
[2025-11-02T18:40:55.613+0000] {logging_mixin.py:188} INFO - [2025-11-02T18:40:55.612+0000] {dag.py:3823} INFO - Setting next_dagrun for example_branch_operator to 2025-11-01 00:00:00+00:00, run_after=2025-11-02 00:00:00+00:00
[2025-11-02T18:40:55.701+0000] {processor.py:183} INFO - Processing /home/airflow/.local/lib/python3.8/site-packages/airflow/example_dags/example_branch_operator.py took 0.459 seconds
[2025-11-02T18:41:26.416+0000] {processor.py:161} INFO - Started process (PID=1877) to work on /home/airflow/.local/lib/python3.8/site-packages/airflow/example_dags/example_branch_operator.py
[2025-11-02T18:41:26.419+0000] {processor.py:830} INFO - Processing file /home/airflow/.local/lib/python3.8/site-packages/airflow/example_dags/example_branch_operator.py for tasks to queue
[2025-11-02T18:41:26.426+0000] {logging_mixin.py:188} INFO - [2025-11-02T18:41:26.425+0000] {dagbag.py:538} INFO - Filling up the DagBag from /home/airflow/.local/lib/python3.8/site-packages/airflow/example_dags/example_branch_operator.py
[2025-11-02T18:41:26.516+0000] {processor.py:840} INFO - DAG(s) 'example_branch_operator' retrieved from /home/airflow/.local/lib/python3.8/site-packages/airflow/example_dags/example_branch_operator.py
[2025-11-02T18:41:26.711+0000] {logging_mixin.py:188} INFO - [2025-11-02T18:41:26.711+0000] {dag.py:3036} INFO - Sync 1 DAGs
[2025-11-02T18:41:26.843+0000] {logging_mixin.py:188} INFO - [2025-11-02T18:41:26.842+0000] {dag.py:3823} INFO - Setting next_dagrun for example_branch_operator to 2025-11-01 00:00:00+00:00, run_after=2025-11-02 00:00:00+00:00
[2025-11-02T18:41:26.958+0000] {processor.py:183} INFO - Processing /home/airflow/.local/lib/python3.8/site-packages/airflow/example_dags/example_branch_operator.py took 0.559 seconds
[2025-11-02T18:42:00.821+0000] {processor.py:161} INFO - Started process (PID=1931) to work on /home/airflow/.local/lib/python3.8/site-packages/airflow/example_dags/example_branch_operator.py
[2025-11-02T18:42:00.826+0000] {processor.py:830} INFO - Processing file /home/airflow/.local/lib/python3.8/site-packages/airflow/example_dags/example_branch_operator.py for tasks to queue
[2025-11-02T18:42:00.839+0000] {logging_mixin.py:188} INFO - [2025-11-02T18:42:00.838+0000] {dagbag.py:538} INFO - Filling up the DagBag from /home/airflow/.local/lib/python3.8/site-packages/airflow/example_dags/example_branch_operator.py
[2025-11-02T18:42:01.015+0000] {processor.py:840} INFO - DAG(s) 'example_branch_operator' retrieved from /home/airflow/.local/lib/python3.8/site-packages/airflow/example_dags/example_branch_operator.py
[2025-11-02T18:42:01.221+0000] {logging_mixin.py:188} INFO - [2025-11-02T18:42:01.221+0000] {dag.py:3036} INFO - Sync 1 DAGs
[2025-11-02T18:42:01.321+0000] {logging_mixin.py:188} INFO - [2025-11-02T18:42:01.320+0000] {dag.py:3823} INFO - Setting next_dagrun for example_branch_operator to 2025-11-01 00:00:00+00:00, run_after=2025-11-02 00:00:00+00:00
[2025-11-02T18:42:01.384+0000] {processor.py:183} INFO - Processing /home/airflow/.local/lib/python3.8/site-packages/airflow/example_dags/example_branch_operator.py took 0.583 seconds
[2025-11-02T18:42:31.657+0000] {processor.py:161} INFO - Started process (PID=1986) to work on /home/airflow/.local/lib/python3.8/site-packages/airflow/example_dags/example_branch_operator.py
[2025-11-02T18:42:31.661+0000] {processor.py:830} INFO - Processing file /home/airflow/.local/lib/python3.8/site-packages/airflow/example_dags/example_branch_operator.py for tasks to queue
[2025-11-02T18:42:31.668+0000] {logging_mixin.py:188} INFO - [2025-11-02T18:42:31.667+0000] {dagbag.py:538} INFO - Filling up the DagBag from /home/airflow/.local/lib/python3.8/site-packages/airflow/example_dags/example_branch_operator.py
[2025-11-02T18:42:31.745+0000] {processor.py:840} INFO - DAG(s) 'example_branch_operator' retrieved from /home/airflow/.local/lib/python3.8/site-packages/airflow/example_dags/example_branch_operator.py
[2025-11-02T18:42:31.842+0000] {logging_mixin.py:188} INFO - [2025-11-02T18:42:31.841+0000] {dag.py:3036} INFO - Sync 1 DAGs
[2025-11-02T18:42:31.909+0000] {logging_mixin.py:188} INFO - [2025-11-02T18:42:31.908+0000] {dag.py:3823} INFO - Setting next_dagrun for example_branch_operator to 2025-11-01 00:00:00+00:00, run_after=2025-11-02 00:00:00+00:00
[2025-11-02T18:42:32.020+0000] {processor.py:183} INFO - Processing /home/airflow/.local/lib/python3.8/site-packages/airflow/example_dags/example_branch_operator.py took 0.377 seconds
[2025-11-02T18:43:02.777+0000] {processor.py:161} INFO - Started process (PID=2040) to work on /home/airflow/.local/lib/python3.8/site-packages/airflow/example_dags/example_branch_operator.py
[2025-11-02T18:43:02.834+0000] {processor.py:830} INFO - Processing file /home/airflow/.local/lib/python3.8/site-packages/airflow/example_dags/example_branch_operator.py for tasks to queue
[2025-11-02T18:43:02.877+0000] {logging_mixin.py:188} INFO - [2025-11-02T18:43:02.876+0000] {dagbag.py:538} INFO - Filling up the DagBag from /home/airflow/.local/lib/python3.8/site-packages/airflow/example_dags/example_branch_operator.py
[2025-11-02T18:43:02.997+0000] {processor.py:840} INFO - DAG(s) 'example_branch_operator' retrieved from /home/airflow/.local/lib/python3.8/site-packages/airflow/example_dags/example_branch_operator.py
[2025-11-02T18:43:03.148+0000] {logging_mixin.py:188} INFO - [2025-11-02T18:43:03.148+0000] {dag.py:3036} INFO - Sync 1 DAGs
[2025-11-02T18:43:03.249+0000] {logging_mixin.py:188} INFO - [2025-11-02T18:43:03.248+0000] {dag.py:3823} INFO - Setting next_dagrun for example_branch_operator to 2025-11-01 00:00:00+00:00, run_after=2025-11-02 00:00:00+00:00
[2025-11-02T18:43:03.388+0000] {processor.py:183} INFO - Processing /home/airflow/.local/lib/python3.8/site-packages/airflow/example_dags/example_branch_operator.py took 0.639 seconds
[2025-11-02T18:43:33.991+0000] {processor.py:161} INFO - Started process (PID=2094) to work on /home/airflow/.local/lib/python3.8/site-packages/airflow/example_dags/example_branch_operator.py
[2025-11-02T18:43:33.994+0000] {processor.py:830} INFO - Processing file /home/airflow/.local/lib/python3.8/site-packages/airflow/example_dags/example_branch_operator.py for tasks to queue
[2025-11-02T18:43:34.002+0000] {logging_mixin.py:188} INFO - [2025-11-02T18:43:34.001+0000] {dagbag.py:538} INFO - Filling up the DagBag from /home/airflow/.local/lib/python3.8/site-packages/airflow/example_dags/example_branch_operator.py
[2025-11-02T18:43:34.066+0000] {processor.py:840} INFO - DAG(s) 'example_branch_operator' retrieved from /home/airflow/.local/lib/python3.8/site-packages/airflow/example_dags/example_branch_operator.py
[2025-11-02T18:43:34.163+0000] {logging_mixin.py:188} INFO - [2025-11-02T18:43:34.162+0000] {dag.py:3036} INFO - Sync 1 DAGs
[2025-11-02T18:43:34.296+0000] {logging_mixin.py:188} INFO - [2025-11-02T18:43:34.291+0000] {dag.py:3823} INFO - Setting next_dagrun for example_branch_operator to 2025-11-01 00:00:00+00:00, run_after=2025-11-02 00:00:00+00:00
[2025-11-02T18:43:34.406+0000] {processor.py:183} INFO - Processing /home/airflow/.local/lib/python3.8/site-packages/airflow/example_dags/example_branch_operator.py took 0.434 seconds
[2025-11-02T18:44:04.706+0000] {processor.py:161} INFO - Started process (PID=2149) to work on /home/airflow/.local/lib/python3.8/site-packages/airflow/example_dags/example_branch_operator.py
[2025-11-02T18:44:04.710+0000] {processor.py:830} INFO - Processing file /home/airflow/.local/lib/python3.8/site-packages/airflow/example_dags/example_branch_operator.py for tasks to queue
[2025-11-02T18:44:04.718+0000] {logging_mixin.py:188} INFO - [2025-11-02T18:44:04.716+0000] {dagbag.py:538} INFO - Filling up the DagBag from /home/airflow/.local/lib/python3.8/site-packages/airflow/example_dags/example_branch_operator.py
[2025-11-02T18:44:04.793+0000] {processor.py:840} INFO - DAG(s) 'example_branch_operator' retrieved from /home/airflow/.local/lib/python3.8/site-packages/airflow/example_dags/example_branch_operator.py
[2025-11-02T18:44:04.910+0000] {logging_mixin.py:188} INFO - [2025-11-02T18:44:04.910+0000] {dag.py:3036} INFO - Sync 1 DAGs
[2025-11-02T18:44:04.999+0000] {logging_mixin.py:188} INFO - [2025-11-02T18:44:04.998+0000] {dag.py:3823} INFO - Setting next_dagrun for example_branch_operator to 2025-11-01 00:00:00+00:00, run_after=2025-11-02 00:00:00+00:00
[2025-11-02T18:44:05.070+0000] {processor.py:183} INFO - Processing /home/airflow/.local/lib/python3.8/site-packages/airflow/example_dags/example_branch_operator.py took 0.378 seconds
[2025-11-02T18:44:35.535+0000] {processor.py:161} INFO - Started process (PID=2204) to work on /home/airflow/.local/lib/python3.8/site-packages/airflow/example_dags/example_branch_operator.py
[2025-11-02T18:44:35.538+0000] {processor.py:830} INFO - Processing file /home/airflow/.local/lib/python3.8/site-packages/airflow/example_dags/example_branch_operator.py for tasks to queue
[2025-11-02T18:44:35.552+0000] {logging_mixin.py:188} INFO - [2025-11-02T18:44:35.551+0000] {dagbag.py:538} INFO - Filling up the DagBag from /home/airflow/.local/lib/python3.8/site-packages/airflow/example_dags/example_branch_operator.py
[2025-11-02T18:44:35.674+0000] {processor.py:840} INFO - DAG(s) 'example_branch_operator' retrieved from /home/airflow/.local/lib/python3.8/site-packages/airflow/example_dags/example_branch_operator.py
[2025-11-02T18:44:35.837+0000] {logging_mixin.py:188} INFO - [2025-11-02T18:44:35.836+0000] {dag.py:3036} INFO - Sync 1 DAGs
[2025-11-02T18:44:35.991+0000] {logging_mixin.py:188} INFO - [2025-11-02T18:44:35.990+0000] {dag.py:3823} INFO - Setting next_dagrun for example_branch_operator to 2025-11-01 00:00:00+00:00, run_after=2025-11-02 00:00:00+00:00
[2025-11-02T18:44:36.085+0000] {processor.py:183} INFO - Processing /home/airflow/.local/lib/python3.8/site-packages/airflow/example_dags/example_branch_operator.py took 0.568 seconds
[2025-11-02T18:45:06.418+0000] {processor.py:161} INFO - Started process (PID=2259) to work on /home/airflow/.local/lib/python3.8/site-packages/airflow/example_dags/example_branch_operator.py
[2025-11-02T18:45:06.421+0000] {processor.py:830} INFO - Processing file /home/airflow/.local/lib/python3.8/site-packages/airflow/example_dags/example_branch_operator.py for tasks to queue
[2025-11-02T18:45:06.427+0000] {logging_mixin.py:188} INFO - [2025-11-02T18:45:06.426+0000] {dagbag.py:538} INFO - Filling up the DagBag from /home/airflow/.local/lib/python3.8/site-packages/airflow/example_dags/example_branch_operator.py
[2025-11-02T18:45:06.486+0000] {processor.py:840} INFO - DAG(s) 'example_branch_operator' retrieved from /home/airflow/.local/lib/python3.8/site-packages/airflow/example_dags/example_branch_operator.py
[2025-11-02T18:45:06.556+0000] {logging_mixin.py:188} INFO - [2025-11-02T18:45:06.555+0000] {dag.py:3036} INFO - Sync 1 DAGs
[2025-11-02T18:45:06.696+0000] {logging_mixin.py:188} INFO - [2025-11-02T18:45:06.695+0000] {dag.py:3823} INFO - Setting next_dagrun for example_branch_operator to 2025-11-01 00:00:00+00:00, run_after=2025-11-02 00:00:00+00:00
[2025-11-02T18:45:06.767+0000] {processor.py:183} INFO - Processing /home/airflow/.local/lib/python3.8/site-packages/airflow/example_dags/example_branch_operator.py took 0.357 seconds
[2025-11-02T18:45:37.290+0000] {processor.py:161} INFO - Started process (PID=2314) to work on /home/airflow/.local/lib/python3.8/site-packages/airflow/example_dags/example_branch_operator.py
[2025-11-02T18:45:37.302+0000] {processor.py:830} INFO - Processing file /home/airflow/.local/lib/python3.8/site-packages/airflow/example_dags/example_branch_operator.py for tasks to queue
[2025-11-02T18:45:37.311+0000] {logging_mixin.py:188} INFO - [2025-11-02T18:45:37.310+0000] {dagbag.py:538} INFO - Filling up the DagBag from /home/airflow/.local/lib/python3.8/site-packages/airflow/example_dags/example_branch_operator.py
[2025-11-02T18:45:37.389+0000] {processor.py:840} INFO - DAG(s) 'example_branch_operator' retrieved from /home/airflow/.local/lib/python3.8/site-packages/airflow/example_dags/example_branch_operator.py
[2025-11-02T18:45:37.499+0000] {logging_mixin.py:188} INFO - [2025-11-02T18:45:37.499+0000] {dag.py:3036} INFO - Sync 1 DAGs
[2025-11-02T18:45:37.590+0000] {logging_mixin.py:188} INFO - [2025-11-02T18:45:37.589+0000] {dag.py:3823} INFO - Setting next_dagrun for example_branch_operator to 2025-11-01 00:00:00+00:00, run_after=2025-11-02 00:00:00+00:00
[2025-11-02T18:45:37.683+0000] {processor.py:183} INFO - Processing /home/airflow/.local/lib/python3.8/site-packages/airflow/example_dags/example_branch_operator.py took 0.409 seconds
[2025-11-02T18:46:08.126+0000] {processor.py:161} INFO - Started process (PID=2369) to work on /home/airflow/.local/lib/python3.8/site-packages/airflow/example_dags/example_branch_operator.py
[2025-11-02T18:46:08.129+0000] {processor.py:830} INFO - Processing file /home/airflow/.local/lib/python3.8/site-packages/airflow/example_dags/example_branch_operator.py for tasks to queue
[2025-11-02T18:46:08.134+0000] {logging_mixin.py:188} INFO - [2025-11-02T18:46:08.133+0000] {dagbag.py:538} INFO - Filling up the DagBag from /home/airflow/.local/lib/python3.8/site-packages/airflow/example_dags/example_branch_operator.py
[2025-11-02T18:46:08.185+0000] {processor.py:840} INFO - DAG(s) 'example_branch_operator' retrieved from /home/airflow/.local/lib/python3.8/site-packages/airflow/example_dags/example_branch_operator.py
[2025-11-02T18:46:08.266+0000] {logging_mixin.py:188} INFO - [2025-11-02T18:46:08.266+0000] {dag.py:3036} INFO - Sync 1 DAGs
[2025-11-02T18:46:08.342+0000] {logging_mixin.py:188} INFO - [2025-11-02T18:46:08.341+0000] {dag.py:3823} INFO - Setting next_dagrun for example_branch_operator to 2025-11-01 00:00:00+00:00, run_after=2025-11-02 00:00:00+00:00
[2025-11-02T18:46:08.387+0000] {processor.py:183} INFO - Processing /home/airflow/.local/lib/python3.8/site-packages/airflow/example_dags/example_branch_operator.py took 0.272 seconds
[2025-11-02T18:46:38.830+0000] {processor.py:161} INFO - Started process (PID=2424) to work on /home/airflow/.local/lib/python3.8/site-packages/airflow/example_dags/example_branch_operator.py
[2025-11-02T18:46:38.833+0000] {processor.py:830} INFO - Processing file /home/airflow/.local/lib/python3.8/site-packages/airflow/example_dags/example_branch_operator.py for tasks to queue
[2025-11-02T18:46:38.840+0000] {logging_mixin.py:188} INFO - [2025-11-02T18:46:38.839+0000] {dagbag.py:538} INFO - Filling up the DagBag from /home/airflow/.local/lib/python3.8/site-packages/airflow/example_dags/example_branch_operator.py
[2025-11-02T18:46:38.887+0000] {processor.py:840} INFO - DAG(s) 'example_branch_operator' retrieved from /home/airflow/.local/lib/python3.8/site-packages/airflow/example_dags/example_branch_operator.py
[2025-11-02T18:46:38.978+0000] {logging_mixin.py:188} INFO - [2025-11-02T18:46:38.977+0000] {dag.py:3036} INFO - Sync 1 DAGs
[2025-11-02T18:46:39.355+0000] {logging_mixin.py:188} INFO - [2025-11-02T18:46:39.354+0000] {dag.py:3823} INFO - Setting next_dagrun for example_branch_operator to 2025-11-01 00:00:00+00:00, run_after=2025-11-02 00:00:00+00:00
[2025-11-02T18:46:39.407+0000] {processor.py:183} INFO - Processing /home/airflow/.local/lib/python3.8/site-packages/airflow/example_dags/example_branch_operator.py took 0.587 seconds
[2025-11-02T18:47:09.810+0000] {processor.py:161} INFO - Started process (PID=2480) to work on /home/airflow/.local/lib/python3.8/site-packages/airflow/example_dags/example_branch_operator.py
[2025-11-02T18:47:09.813+0000] {processor.py:830} INFO - Processing file /home/airflow/.local/lib/python3.8/site-packages/airflow/example_dags/example_branch_operator.py for tasks to queue
[2025-11-02T18:47:09.822+0000] {logging_mixin.py:188} INFO - [2025-11-02T18:47:09.821+0000] {dagbag.py:538} INFO - Filling up the DagBag from /home/airflow/.local/lib/python3.8/site-packages/airflow/example_dags/example_branch_operator.py
[2025-11-02T18:47:09.890+0000] {processor.py:840} INFO - DAG(s) 'example_branch_operator' retrieved from /home/airflow/.local/lib/python3.8/site-packages/airflow/example_dags/example_branch_operator.py
[2025-11-02T18:47:09.976+0000] {logging_mixin.py:188} INFO - [2025-11-02T18:47:09.976+0000] {dag.py:3036} INFO - Sync 1 DAGs
[2025-11-02T18:47:10.047+0000] {logging_mixin.py:188} INFO - [2025-11-02T18:47:10.047+0000] {dag.py:3823} INFO - Setting next_dagrun for example_branch_operator to 2025-11-01 00:00:00+00:00, run_after=2025-11-02 00:00:00+00:00
[2025-11-02T18:47:10.116+0000] {processor.py:183} INFO - Processing /home/airflow/.local/lib/python3.8/site-packages/airflow/example_dags/example_branch_operator.py took 0.324 seconds
[2025-11-02T18:47:40.471+0000] {processor.py:161} INFO - Started process (PID=2536) to work on /home/airflow/.local/lib/python3.8/site-packages/airflow/example_dags/example_branch_operator.py
[2025-11-02T18:47:40.474+0000] {processor.py:830} INFO - Processing file /home/airflow/.local/lib/python3.8/site-packages/airflow/example_dags/example_branch_operator.py for tasks to queue
[2025-11-02T18:47:40.486+0000] {logging_mixin.py:188} INFO - [2025-11-02T18:47:40.483+0000] {dagbag.py:538} INFO - Filling up the DagBag from /home/airflow/.local/lib/python3.8/site-packages/airflow/example_dags/example_branch_operator.py
[2025-11-02T18:47:40.594+0000] {processor.py:840} INFO - DAG(s) 'example_branch_operator' retrieved from /home/airflow/.local/lib/python3.8/site-packages/airflow/example_dags/example_branch_operator.py
[2025-11-02T18:47:40.712+0000] {logging_mixin.py:188} INFO - [2025-11-02T18:47:40.711+0000] {dag.py:3036} INFO - Sync 1 DAGs
[2025-11-02T18:47:40.801+0000] {logging_mixin.py:188} INFO - [2025-11-02T18:47:40.799+0000] {dag.py:3823} INFO - Setting next_dagrun for example_branch_operator to 2025-11-01 00:00:00+00:00, run_after=2025-11-02 00:00:00+00:00
[2025-11-02T18:47:40.869+0000] {processor.py:183} INFO - Processing /home/airflow/.local/lib/python3.8/site-packages/airflow/example_dags/example_branch_operator.py took 0.418 seconds
[2025-11-02T18:48:11.300+0000] {processor.py:161} INFO - Started process (PID=2590) to work on /home/airflow/.local/lib/python3.8/site-packages/airflow/example_dags/example_branch_operator.py
[2025-11-02T18:48:11.303+0000] {processor.py:830} INFO - Processing file /home/airflow/.local/lib/python3.8/site-packages/airflow/example_dags/example_branch_operator.py for tasks to queue
[2025-11-02T18:48:11.309+0000] {logging_mixin.py:188} INFO - [2025-11-02T18:48:11.308+0000] {dagbag.py:538} INFO - Filling up the DagBag from /home/airflow/.local/lib/python3.8/site-packages/airflow/example_dags/example_branch_operator.py
[2025-11-02T18:48:11.362+0000] {processor.py:840} INFO - DAG(s) 'example_branch_operator' retrieved from /home/airflow/.local/lib/python3.8/site-packages/airflow/example_dags/example_branch_operator.py
[2025-11-02T18:48:11.426+0000] {logging_mixin.py:188} INFO - [2025-11-02T18:48:11.426+0000] {dag.py:3036} INFO - Sync 1 DAGs
[2025-11-02T18:48:11.484+0000] {logging_mixin.py:188} INFO - [2025-11-02T18:48:11.483+0000] {dag.py:3823} INFO - Setting next_dagrun for example_branch_operator to 2025-11-01 00:00:00+00:00, run_after=2025-11-02 00:00:00+00:00
[2025-11-02T18:48:11.576+0000] {processor.py:183} INFO - Processing /home/airflow/.local/lib/python3.8/site-packages/airflow/example_dags/example_branch_operator.py took 0.286 seconds
[2025-11-02T18:48:42.919+0000] {processor.py:161} INFO - Started process (PID=2645) to work on /home/airflow/.local/lib/python3.8/site-packages/airflow/example_dags/example_branch_operator.py
[2025-11-02T18:48:42.922+0000] {processor.py:830} INFO - Processing file /home/airflow/.local/lib/python3.8/site-packages/airflow/example_dags/example_branch_operator.py for tasks to queue
[2025-11-02T18:48:42.930+0000] {logging_mixin.py:188} INFO - [2025-11-02T18:48:42.929+0000] {dagbag.py:538} INFO - Filling up the DagBag from /home/airflow/.local/lib/python3.8/site-packages/airflow/example_dags/example_branch_operator.py
[2025-11-02T18:48:43.038+0000] {processor.py:840} INFO - DAG(s) 'example_branch_operator' retrieved from /home/airflow/.local/lib/python3.8/site-packages/airflow/example_dags/example_branch_operator.py
[2025-11-02T18:48:43.126+0000] {logging_mixin.py:188} INFO - [2025-11-02T18:48:43.125+0000] {dag.py:3036} INFO - Sync 1 DAGs
[2025-11-02T18:48:43.458+0000] {logging_mixin.py:188} INFO - [2025-11-02T18:48:43.458+0000] {dag.py:3823} INFO - Setting next_dagrun for example_branch_operator to 2025-11-01 00:00:00+00:00, run_after=2025-11-02 00:00:00+00:00
[2025-11-02T18:48:43.506+0000] {processor.py:183} INFO - Processing /home/airflow/.local/lib/python3.8/site-packages/airflow/example_dags/example_branch_operator.py took 0.596 seconds
[2025-11-02T18:49:13.684+0000] {processor.py:161} INFO - Started process (PID=2701) to work on /home/airflow/.local/lib/python3.8/site-packages/airflow/example_dags/example_branch_operator.py
[2025-11-02T18:49:13.691+0000] {processor.py:830} INFO - Processing file /home/airflow/.local/lib/python3.8/site-packages/airflow/example_dags/example_branch_operator.py for tasks to queue
[2025-11-02T18:49:13.697+0000] {logging_mixin.py:188} INFO - [2025-11-02T18:49:13.696+0000] {dagbag.py:538} INFO - Filling up the DagBag from /home/airflow/.local/lib/python3.8/site-packages/airflow/example_dags/example_branch_operator.py
[2025-11-02T18:49:13.787+0000] {processor.py:840} INFO - DAG(s) 'example_branch_operator' retrieved from /home/airflow/.local/lib/python3.8/site-packages/airflow/example_dags/example_branch_operator.py
[2025-11-02T18:49:14.005+0000] {logging_mixin.py:188} INFO - [2025-11-02T18:49:14.004+0000] {dag.py:3036} INFO - Sync 1 DAGs
[2025-11-02T18:49:14.561+0000] {logging_mixin.py:188} INFO - [2025-11-02T18:49:14.560+0000] {dag.py:3823} INFO - Setting next_dagrun for example_branch_operator to 2025-11-01 00:00:00+00:00, run_after=2025-11-02 00:00:00+00:00
[2025-11-02T18:49:14.648+0000] {processor.py:183} INFO - Processing /home/airflow/.local/lib/python3.8/site-packages/airflow/example_dags/example_branch_operator.py took 0.978 seconds
[2025-11-02T18:49:44.880+0000] {processor.py:161} INFO - Started process (PID=2756) to work on /home/airflow/.local/lib/python3.8/site-packages/airflow/example_dags/example_branch_operator.py
[2025-11-02T18:49:44.885+0000] {processor.py:830} INFO - Processing file /home/airflow/.local/lib/python3.8/site-packages/airflow/example_dags/example_branch_operator.py for tasks to queue
[2025-11-02T18:49:44.892+0000] {logging_mixin.py:188} INFO - [2025-11-02T18:49:44.891+0000] {dagbag.py:538} INFO - Filling up the DagBag from /home/airflow/.local/lib/python3.8/site-packages/airflow/example_dags/example_branch_operator.py
[2025-11-02T18:49:44.958+0000] {processor.py:840} INFO - DAG(s) 'example_branch_operator' retrieved from /home/airflow/.local/lib/python3.8/site-packages/airflow/example_dags/example_branch_operator.py
[2025-11-02T18:49:45.033+0000] {logging_mixin.py:188} INFO - [2025-11-02T18:49:45.032+0000] {dag.py:3036} INFO - Sync 1 DAGs
[2025-11-02T18:49:45.383+0000] {logging_mixin.py:188} INFO - [2025-11-02T18:49:45.382+0000] {dag.py:3823} INFO - Setting next_dagrun for example_branch_operator to 2025-11-01 00:00:00+00:00, run_after=2025-11-02 00:00:00+00:00
[2025-11-02T18:49:45.429+0000] {processor.py:183} INFO - Processing /home/airflow/.local/lib/python3.8/site-packages/airflow/example_dags/example_branch_operator.py took 0.563 seconds
[2025-11-02T18:50:16.052+0000] {processor.py:161} INFO - Started process (PID=2811) to work on /home/airflow/.local/lib/python3.8/site-packages/airflow/example_dags/example_branch_operator.py
[2025-11-02T18:50:16.055+0000] {processor.py:830} INFO - Processing file /home/airflow/.local/lib/python3.8/site-packages/airflow/example_dags/example_branch_operator.py for tasks to queue
[2025-11-02T18:50:16.062+0000] {logging_mixin.py:188} INFO - [2025-11-02T18:50:16.061+0000] {dagbag.py:538} INFO - Filling up the DagBag from /home/airflow/.local/lib/python3.8/site-packages/airflow/example_dags/example_branch_operator.py
[2025-11-02T18:50:16.112+0000] {processor.py:840} INFO - DAG(s) 'example_branch_operator' retrieved from /home/airflow/.local/lib/python3.8/site-packages/airflow/example_dags/example_branch_operator.py
[2025-11-02T18:50:16.171+0000] {logging_mixin.py:188} INFO - [2025-11-02T18:50:16.170+0000] {dag.py:3036} INFO - Sync 1 DAGs
[2025-11-02T18:50:16.241+0000] {logging_mixin.py:188} INFO - [2025-11-02T18:50:16.241+0000] {dag.py:3823} INFO - Setting next_dagrun for example_branch_operator to 2025-11-01 00:00:00+00:00, run_after=2025-11-02 00:00:00+00:00
[2025-11-02T18:50:16.322+0000] {processor.py:183} INFO - Processing /home/airflow/.local/lib/python3.8/site-packages/airflow/example_dags/example_branch_operator.py took 0.279 seconds
[2025-11-02T18:50:46.882+0000] {processor.py:161} INFO - Started process (PID=2866) to work on /home/airflow/.local/lib/python3.8/site-packages/airflow/example_dags/example_branch_operator.py
[2025-11-02T18:50:46.886+0000] {processor.py:830} INFO - Processing file /home/airflow/.local/lib/python3.8/site-packages/airflow/example_dags/example_branch_operator.py for tasks to queue
[2025-11-02T18:50:46.894+0000] {logging_mixin.py:188} INFO - [2025-11-02T18:50:46.893+0000] {dagbag.py:538} INFO - Filling up the DagBag from /home/airflow/.local/lib/python3.8/site-packages/airflow/example_dags/example_branch_operator.py
[2025-11-02T18:50:47.644+0000] {processor.py:840} INFO - DAG(s) 'example_branch_operator' retrieved from /home/airflow/.local/lib/python3.8/site-packages/airflow/example_dags/example_branch_operator.py
[2025-11-02T18:50:47.741+0000] {logging_mixin.py:188} INFO - [2025-11-02T18:50:47.740+0000] {dag.py:3036} INFO - Sync 1 DAGs
[2025-11-02T18:50:47.837+0000] {logging_mixin.py:188} INFO - [2025-11-02T18:50:47.836+0000] {dag.py:3823} INFO - Setting next_dagrun for example_branch_operator to 2025-11-01 00:00:00+00:00, run_after=2025-11-02 00:00:00+00:00
[2025-11-02T18:50:47.931+0000] {processor.py:183} INFO - Processing /home/airflow/.local/lib/python3.8/site-packages/airflow/example_dags/example_branch_operator.py took 1.061 seconds
[2025-11-02T18:51:18.401+0000] {processor.py:161} INFO - Started process (PID=2921) to work on /home/airflow/.local/lib/python3.8/site-packages/airflow/example_dags/example_branch_operator.py
[2025-11-02T18:51:18.415+0000] {processor.py:830} INFO - Processing file /home/airflow/.local/lib/python3.8/site-packages/airflow/example_dags/example_branch_operator.py for tasks to queue
[2025-11-02T18:51:18.425+0000] {logging_mixin.py:188} INFO - [2025-11-02T18:51:18.424+0000] {dagbag.py:538} INFO - Filling up the DagBag from /home/airflow/.local/lib/python3.8/site-packages/airflow/example_dags/example_branch_operator.py
[2025-11-02T18:51:18.622+0000] {processor.py:840} INFO - DAG(s) 'example_branch_operator' retrieved from /home/airflow/.local/lib/python3.8/site-packages/airflow/example_dags/example_branch_operator.py
[2025-11-02T18:51:18.790+0000] {logging_mixin.py:188} INFO - [2025-11-02T18:51:18.790+0000] {dag.py:3036} INFO - Sync 1 DAGs
[2025-11-02T18:51:18.894+0000] {logging_mixin.py:188} INFO - [2025-11-02T18:51:18.894+0000] {dag.py:3823} INFO - Setting next_dagrun for example_branch_operator to 2025-11-01 00:00:00+00:00, run_after=2025-11-02 00:00:00+00:00
[2025-11-02T18:51:18.957+0000] {processor.py:183} INFO - Processing /home/airflow/.local/lib/python3.8/site-packages/airflow/example_dags/example_branch_operator.py took 0.582 seconds
[2025-11-02T18:51:49.131+0000] {processor.py:161} INFO - Started process (PID=2976) to work on /home/airflow/.local/lib/python3.8/site-packages/airflow/example_dags/example_branch_operator.py
[2025-11-02T18:51:49.134+0000] {processor.py:830} INFO - Processing file /home/airflow/.local/lib/python3.8/site-packages/airflow/example_dags/example_branch_operator.py for tasks to queue
[2025-11-02T18:51:49.138+0000] {logging_mixin.py:188} INFO - [2025-11-02T18:51:49.138+0000] {dagbag.py:538} INFO - Filling up the DagBag from /home/airflow/.local/lib/python3.8/site-packages/airflow/example_dags/example_branch_operator.py
[2025-11-02T18:51:49.175+0000] {processor.py:840} INFO - DAG(s) 'example_branch_operator' retrieved from /home/airflow/.local/lib/python3.8/site-packages/airflow/example_dags/example_branch_operator.py
[2025-11-02T18:51:49.234+0000] {logging_mixin.py:188} INFO - [2025-11-02T18:51:49.234+0000] {dag.py:3036} INFO - Sync 1 DAGs
[2025-11-02T18:51:49.280+0000] {logging_mixin.py:188} INFO - [2025-11-02T18:51:49.280+0000] {dag.py:3823} INFO - Setting next_dagrun for example_branch_operator to 2025-11-01 00:00:00+00:00, run_after=2025-11-02 00:00:00+00:00
[2025-11-02T18:51:49.328+0000] {processor.py:183} INFO - Processing /home/airflow/.local/lib/python3.8/site-packages/airflow/example_dags/example_branch_operator.py took 0.206 seconds
[2025-11-02T18:52:19.670+0000] {processor.py:161} INFO - Started process (PID=3030) to work on /home/airflow/.local/lib/python3.8/site-packages/airflow/example_dags/example_branch_operator.py
[2025-11-02T18:52:19.674+0000] {processor.py:830} INFO - Processing file /home/airflow/.local/lib/python3.8/site-packages/airflow/example_dags/example_branch_operator.py for tasks to queue
[2025-11-02T18:52:19.681+0000] {logging_mixin.py:188} INFO - [2025-11-02T18:52:19.680+0000] {dagbag.py:538} INFO - Filling up the DagBag from /home/airflow/.local/lib/python3.8/site-packages/airflow/example_dags/example_branch_operator.py
[2025-11-02T18:52:19.726+0000] {processor.py:840} INFO - DAG(s) 'example_branch_operator' retrieved from /home/airflow/.local/lib/python3.8/site-packages/airflow/example_dags/example_branch_operator.py
[2025-11-02T18:52:19.812+0000] {logging_mixin.py:188} INFO - [2025-11-02T18:52:19.811+0000] {dag.py:3036} INFO - Sync 1 DAGs
[2025-11-02T18:52:19.887+0000] {logging_mixin.py:188} INFO - [2025-11-02T18:52:19.886+0000] {dag.py:3823} INFO - Setting next_dagrun for example_branch_operator to 2025-11-01 00:00:00+00:00, run_after=2025-11-02 00:00:00+00:00
[2025-11-02T18:52:19.957+0000] {processor.py:183} INFO - Processing /home/airflow/.local/lib/python3.8/site-packages/airflow/example_dags/example_branch_operator.py took 0.298 seconds
[2025-11-02T18:52:50.438+0000] {processor.py:161} INFO - Started process (PID=3085) to work on /home/airflow/.local/lib/python3.8/site-packages/airflow/example_dags/example_branch_operator.py
[2025-11-02T18:52:50.441+0000] {processor.py:830} INFO - Processing file /home/airflow/.local/lib/python3.8/site-packages/airflow/example_dags/example_branch_operator.py for tasks to queue
[2025-11-02T18:52:50.447+0000] {logging_mixin.py:188} INFO - [2025-11-02T18:52:50.446+0000] {dagbag.py:538} INFO - Filling up the DagBag from /home/airflow/.local/lib/python3.8/site-packages/airflow/example_dags/example_branch_operator.py
[2025-11-02T18:52:50.513+0000] {processor.py:840} INFO - DAG(s) 'example_branch_operator' retrieved from /home/airflow/.local/lib/python3.8/site-packages/airflow/example_dags/example_branch_operator.py
[2025-11-02T18:52:50.582+0000] {logging_mixin.py:188} INFO - [2025-11-02T18:52:50.582+0000] {dag.py:3036} INFO - Sync 1 DAGs
[2025-11-02T18:52:50.635+0000] {logging_mixin.py:188} INFO - [2025-11-02T18:52:50.635+0000] {dag.py:3823} INFO - Setting next_dagrun for example_branch_operator to 2025-11-01 00:00:00+00:00, run_after=2025-11-02 00:00:00+00:00
[2025-11-02T18:52:50.684+0000] {processor.py:183} INFO - Processing /home/airflow/.local/lib/python3.8/site-packages/airflow/example_dags/example_branch_operator.py took 0.259 seconds
[2025-11-02T18:53:21.017+0000] {processor.py:161} INFO - Started process (PID=3140) to work on /home/airflow/.local/lib/python3.8/site-packages/airflow/example_dags/example_branch_operator.py
[2025-11-02T18:53:21.020+0000] {processor.py:830} INFO - Processing file /home/airflow/.local/lib/python3.8/site-packages/airflow/example_dags/example_branch_operator.py for tasks to queue
[2025-11-02T18:53:21.026+0000] {logging_mixin.py:188} INFO - [2025-11-02T18:53:21.025+0000] {dagbag.py:538} INFO - Filling up the DagBag from /home/airflow/.local/lib/python3.8/site-packages/airflow/example_dags/example_branch_operator.py
[2025-11-02T18:53:21.077+0000] {processor.py:840} INFO - DAG(s) 'example_branch_operator' retrieved from /home/airflow/.local/lib/python3.8/site-packages/airflow/example_dags/example_branch_operator.py
[2025-11-02T18:53:21.199+0000] {logging_mixin.py:188} INFO - [2025-11-02T18:53:21.188+0000] {dag.py:3036} INFO - Sync 1 DAGs
[2025-11-02T18:53:21.285+0000] {logging_mixin.py:188} INFO - [2025-11-02T18:53:21.285+0000] {dag.py:3823} INFO - Setting next_dagrun for example_branch_operator to 2025-11-01 00:00:00+00:00, run_after=2025-11-02 00:00:00+00:00
[2025-11-02T18:53:21.336+0000] {processor.py:183} INFO - Processing /home/airflow/.local/lib/python3.8/site-packages/airflow/example_dags/example_branch_operator.py took 0.328 seconds
[2025-11-02T18:53:52.012+0000] {processor.py:161} INFO - Started process (PID=3195) to work on /home/airflow/.local/lib/python3.8/site-packages/airflow/example_dags/example_branch_operator.py
[2025-11-02T18:53:52.016+0000] {processor.py:830} INFO - Processing file /home/airflow/.local/lib/python3.8/site-packages/airflow/example_dags/example_branch_operator.py for tasks to queue
[2025-11-02T18:53:52.022+0000] {logging_mixin.py:188} INFO - [2025-11-02T18:53:52.021+0000] {dagbag.py:538} INFO - Filling up the DagBag from /home/airflow/.local/lib/python3.8/site-packages/airflow/example_dags/example_branch_operator.py
[2025-11-02T18:53:52.076+0000] {processor.py:840} INFO - DAG(s) 'example_branch_operator' retrieved from /home/airflow/.local/lib/python3.8/site-packages/airflow/example_dags/example_branch_operator.py
[2025-11-02T18:53:52.163+0000] {logging_mixin.py:188} INFO - [2025-11-02T18:53:52.162+0000] {dag.py:3036} INFO - Sync 1 DAGs
[2025-11-02T18:53:52.235+0000] {logging_mixin.py:188} INFO - [2025-11-02T18:53:52.234+0000] {dag.py:3823} INFO - Setting next_dagrun for example_branch_operator to 2025-11-01 00:00:00+00:00, run_after=2025-11-02 00:00:00+00:00
[2025-11-02T18:53:52.284+0000] {processor.py:183} INFO - Processing /home/airflow/.local/lib/python3.8/site-packages/airflow/example_dags/example_branch_operator.py took 0.284 seconds
[2025-11-02T18:54:22.556+0000] {processor.py:161} INFO - Started process (PID=3250) to work on /home/airflow/.local/lib/python3.8/site-packages/airflow/example_dags/example_branch_operator.py
[2025-11-02T18:54:22.560+0000] {processor.py:830} INFO - Processing file /home/airflow/.local/lib/python3.8/site-packages/airflow/example_dags/example_branch_operator.py for tasks to queue
[2025-11-02T18:54:22.568+0000] {logging_mixin.py:188} INFO - [2025-11-02T18:54:22.567+0000] {dagbag.py:538} INFO - Filling up the DagBag from /home/airflow/.local/lib/python3.8/site-packages/airflow/example_dags/example_branch_operator.py
[2025-11-02T18:54:22.631+0000] {processor.py:840} INFO - DAG(s) 'example_branch_operator' retrieved from /home/airflow/.local/lib/python3.8/site-packages/airflow/example_dags/example_branch_operator.py
[2025-11-02T18:54:22.718+0000] {logging_mixin.py:188} INFO - [2025-11-02T18:54:22.717+0000] {dag.py:3036} INFO - Sync 1 DAGs
[2025-11-02T18:54:22.811+0000] {logging_mixin.py:188} INFO - [2025-11-02T18:54:22.810+0000] {dag.py:3823} INFO - Setting next_dagrun for example_branch_operator to 2025-11-01 00:00:00+00:00, run_after=2025-11-02 00:00:00+00:00
[2025-11-02T18:54:22.864+0000] {processor.py:183} INFO - Processing /home/airflow/.local/lib/python3.8/site-packages/airflow/example_dags/example_branch_operator.py took 0.321 seconds
[2025-11-02T18:54:53.283+0000] {processor.py:161} INFO - Started process (PID=3305) to work on /home/airflow/.local/lib/python3.8/site-packages/airflow/example_dags/example_branch_operator.py
[2025-11-02T18:54:53.286+0000] {processor.py:830} INFO - Processing file /home/airflow/.local/lib/python3.8/site-packages/airflow/example_dags/example_branch_operator.py for tasks to queue
[2025-11-02T18:54:53.292+0000] {logging_mixin.py:188} INFO - [2025-11-02T18:54:53.291+0000] {dagbag.py:538} INFO - Filling up the DagBag from /home/airflow/.local/lib/python3.8/site-packages/airflow/example_dags/example_branch_operator.py
[2025-11-02T18:54:53.341+0000] {processor.py:840} INFO - DAG(s) 'example_branch_operator' retrieved from /home/airflow/.local/lib/python3.8/site-packages/airflow/example_dags/example_branch_operator.py
[2025-11-02T18:54:53.433+0000] {logging_mixin.py:188} INFO - [2025-11-02T18:54:53.432+0000] {dag.py:3036} INFO - Sync 1 DAGs
[2025-11-02T18:54:53.522+0000] {logging_mixin.py:188} INFO - [2025-11-02T18:54:53.521+0000] {dag.py:3823} INFO - Setting next_dagrun for example_branch_operator to 2025-11-01 00:00:00+00:00, run_after=2025-11-02 00:00:00+00:00
[2025-11-02T18:54:53.596+0000] {processor.py:183} INFO - Processing /home/airflow/.local/lib/python3.8/site-packages/airflow/example_dags/example_branch_operator.py took 0.322 seconds
[2025-11-02T18:55:24.247+0000] {processor.py:161} INFO - Started process (PID=3360) to work on /home/airflow/.local/lib/python3.8/site-packages/airflow/example_dags/example_branch_operator.py
[2025-11-02T18:55:24.250+0000] {processor.py:830} INFO - Processing file /home/airflow/.local/lib/python3.8/site-packages/airflow/example_dags/example_branch_operator.py for tasks to queue
[2025-11-02T18:55:24.257+0000] {logging_mixin.py:188} INFO - [2025-11-02T18:55:24.256+0000] {dagbag.py:538} INFO - Filling up the DagBag from /home/airflow/.local/lib/python3.8/site-packages/airflow/example_dags/example_branch_operator.py
[2025-11-02T18:55:24.306+0000] {processor.py:840} INFO - DAG(s) 'example_branch_operator' retrieved from /home/airflow/.local/lib/python3.8/site-packages/airflow/example_dags/example_branch_operator.py
[2025-11-02T18:55:24.410+0000] {logging_mixin.py:188} INFO - [2025-11-02T18:55:24.409+0000] {dag.py:3036} INFO - Sync 1 DAGs
[2025-11-02T18:55:24.491+0000] {logging_mixin.py:188} INFO - [2025-11-02T18:55:24.490+0000] {dag.py:3823} INFO - Setting next_dagrun for example_branch_operator to 2025-11-01 00:00:00+00:00, run_after=2025-11-02 00:00:00+00:00
[2025-11-02T18:55:24.554+0000] {processor.py:183} INFO - Processing /home/airflow/.local/lib/python3.8/site-packages/airflow/example_dags/example_branch_operator.py took 0.320 seconds
[2025-11-02T18:55:55.255+0000] {processor.py:161} INFO - Started process (PID=3416) to work on /home/airflow/.local/lib/python3.8/site-packages/airflow/example_dags/example_branch_operator.py
[2025-11-02T18:55:55.259+0000] {processor.py:830} INFO - Processing file /home/airflow/.local/lib/python3.8/site-packages/airflow/example_dags/example_branch_operator.py for tasks to queue
[2025-11-02T18:55:55.277+0000] {logging_mixin.py:188} INFO - [2025-11-02T18:55:55.276+0000] {dagbag.py:538} INFO - Filling up the DagBag from /home/airflow/.local/lib/python3.8/site-packages/airflow/example_dags/example_branch_operator.py
[2025-11-02T18:55:55.414+0000] {processor.py:840} INFO - DAG(s) 'example_branch_operator' retrieved from /home/airflow/.local/lib/python3.8/site-packages/airflow/example_dags/example_branch_operator.py
[2025-11-02T18:55:55.499+0000] {logging_mixin.py:188} INFO - [2025-11-02T18:55:55.499+0000] {dag.py:3036} INFO - Sync 1 DAGs
[2025-11-02T18:55:55.579+0000] {logging_mixin.py:188} INFO - [2025-11-02T18:55:55.578+0000] {dag.py:3823} INFO - Setting next_dagrun for example_branch_operator to 2025-11-01 00:00:00+00:00, run_after=2025-11-02 00:00:00+00:00
[2025-11-02T18:55:55.641+0000] {processor.py:183} INFO - Processing /home/airflow/.local/lib/python3.8/site-packages/airflow/example_dags/example_branch_operator.py took 0.423 seconds
[2025-11-02T18:56:25.885+0000] {processor.py:161} INFO - Started process (PID=3471) to work on /home/airflow/.local/lib/python3.8/site-packages/airflow/example_dags/example_branch_operator.py
[2025-11-02T18:56:25.889+0000] {processor.py:830} INFO - Processing file /home/airflow/.local/lib/python3.8/site-packages/airflow/example_dags/example_branch_operator.py for tasks to queue
[2025-11-02T18:56:25.894+0000] {logging_mixin.py:188} INFO - [2025-11-02T18:56:25.893+0000] {dagbag.py:538} INFO - Filling up the DagBag from /home/airflow/.local/lib/python3.8/site-packages/airflow/example_dags/example_branch_operator.py
[2025-11-02T18:56:25.957+0000] {processor.py:840} INFO - DAG(s) 'example_branch_operator' retrieved from /home/airflow/.local/lib/python3.8/site-packages/airflow/example_dags/example_branch_operator.py
[2025-11-02T18:56:26.033+0000] {logging_mixin.py:188} INFO - [2025-11-02T18:56:26.033+0000] {dag.py:3036} INFO - Sync 1 DAGs
[2025-11-02T18:56:26.099+0000] {logging_mixin.py:188} INFO - [2025-11-02T18:56:26.098+0000] {dag.py:3823} INFO - Setting next_dagrun for example_branch_operator to 2025-11-01 00:00:00+00:00, run_after=2025-11-02 00:00:00+00:00
[2025-11-02T18:56:26.158+0000] {processor.py:183} INFO - Processing /home/airflow/.local/lib/python3.8/site-packages/airflow/example_dags/example_branch_operator.py took 0.281 seconds
[2025-11-02T18:56:56.509+0000] {processor.py:161} INFO - Started process (PID=3526) to work on /home/airflow/.local/lib/python3.8/site-packages/airflow/example_dags/example_branch_operator.py
[2025-11-02T18:56:56.512+0000] {processor.py:830} INFO - Processing file /home/airflow/.local/lib/python3.8/site-packages/airflow/example_dags/example_branch_operator.py for tasks to queue
[2025-11-02T18:56:56.518+0000] {logging_mixin.py:188} INFO - [2025-11-02T18:56:56.517+0000] {dagbag.py:538} INFO - Filling up the DagBag from /home/airflow/.local/lib/python3.8/site-packages/airflow/example_dags/example_branch_operator.py
[2025-11-02T18:56:56.571+0000] {processor.py:840} INFO - DAG(s) 'example_branch_operator' retrieved from /home/airflow/.local/lib/python3.8/site-packages/airflow/example_dags/example_branch_operator.py
[2025-11-02T18:56:56.636+0000] {logging_mixin.py:188} INFO - [2025-11-02T18:56:56.636+0000] {dag.py:3036} INFO - Sync 1 DAGs
[2025-11-02T18:56:56.703+0000] {logging_mixin.py:188} INFO - [2025-11-02T18:56:56.702+0000] {dag.py:3823} INFO - Setting next_dagrun for example_branch_operator to 2025-11-01 00:00:00+00:00, run_after=2025-11-02 00:00:00+00:00
[2025-11-02T18:56:56.747+0000] {processor.py:183} INFO - Processing /home/airflow/.local/lib/python3.8/site-packages/airflow/example_dags/example_branch_operator.py took 0.251 seconds
[2025-11-02T18:57:27.276+0000] {processor.py:161} INFO - Started process (PID=3581) to work on /home/airflow/.local/lib/python3.8/site-packages/airflow/example_dags/example_branch_operator.py
[2025-11-02T18:57:27.279+0000] {processor.py:830} INFO - Processing file /home/airflow/.local/lib/python3.8/site-packages/airflow/example_dags/example_branch_operator.py for tasks to queue
[2025-11-02T18:57:27.285+0000] {logging_mixin.py:188} INFO - [2025-11-02T18:57:27.285+0000] {dagbag.py:538} INFO - Filling up the DagBag from /home/airflow/.local/lib/python3.8/site-packages/airflow/example_dags/example_branch_operator.py
[2025-11-02T18:57:27.334+0000] {processor.py:840} INFO - DAG(s) 'example_branch_operator' retrieved from /home/airflow/.local/lib/python3.8/site-packages/airflow/example_dags/example_branch_operator.py
[2025-11-02T18:57:27.494+0000] {logging_mixin.py:188} INFO - [2025-11-02T18:57:27.493+0000] {dag.py:3036} INFO - Sync 1 DAGs
[2025-11-02T18:57:27.621+0000] {logging_mixin.py:188} INFO - [2025-11-02T18:57:27.620+0000] {dag.py:3823} INFO - Setting next_dagrun for example_branch_operator to 2025-11-01 00:00:00+00:00, run_after=2025-11-02 00:00:00+00:00
[2025-11-02T18:57:27.736+0000] {processor.py:183} INFO - Processing /home/airflow/.local/lib/python3.8/site-packages/airflow/example_dags/example_branch_operator.py took 0.470 seconds
[2025-11-02T18:57:58.243+0000] {processor.py:161} INFO - Started process (PID=3636) to work on /home/airflow/.local/lib/python3.8/site-packages/airflow/example_dags/example_branch_operator.py
[2025-11-02T18:57:58.256+0000] {processor.py:830} INFO - Processing file /home/airflow/.local/lib/python3.8/site-packages/airflow/example_dags/example_branch_operator.py for tasks to queue
[2025-11-02T18:57:58.263+0000] {logging_mixin.py:188} INFO - [2025-11-02T18:57:58.262+0000] {dagbag.py:538} INFO - Filling up the DagBag from /home/airflow/.local/lib/python3.8/site-packages/airflow/example_dags/example_branch_operator.py
[2025-11-02T18:57:58.341+0000] {processor.py:840} INFO - DAG(s) 'example_branch_operator' retrieved from /home/airflow/.local/lib/python3.8/site-packages/airflow/example_dags/example_branch_operator.py
[2025-11-02T18:57:58.523+0000] {logging_mixin.py:188} INFO - [2025-11-02T18:57:58.522+0000] {dag.py:3036} INFO - Sync 1 DAGs
[2025-11-02T18:57:58.653+0000] {logging_mixin.py:188} INFO - [2025-11-02T18:57:58.652+0000] {dag.py:3823} INFO - Setting next_dagrun for example_branch_operator to 2025-11-01 00:00:00+00:00, run_after=2025-11-02 00:00:00+00:00
[2025-11-02T18:57:58.750+0000] {processor.py:183} INFO - Processing /home/airflow/.local/lib/python3.8/site-packages/airflow/example_dags/example_branch_operator.py took 0.526 seconds
[2025-11-02T18:58:29.185+0000] {processor.py:161} INFO - Started process (PID=3691) to work on /home/airflow/.local/lib/python3.8/site-packages/airflow/example_dags/example_branch_operator.py
[2025-11-02T18:58:29.189+0000] {processor.py:830} INFO - Processing file /home/airflow/.local/lib/python3.8/site-packages/airflow/example_dags/example_branch_operator.py for tasks to queue
[2025-11-02T18:58:29.196+0000] {logging_mixin.py:188} INFO - [2025-11-02T18:58:29.195+0000] {dagbag.py:538} INFO - Filling up the DagBag from /home/airflow/.local/lib/python3.8/site-packages/airflow/example_dags/example_branch_operator.py
[2025-11-02T18:58:29.252+0000] {processor.py:840} INFO - DAG(s) 'example_branch_operator' retrieved from /home/airflow/.local/lib/python3.8/site-packages/airflow/example_dags/example_branch_operator.py
[2025-11-02T18:58:29.330+0000] {logging_mixin.py:188} INFO - [2025-11-02T18:58:29.329+0000] {dag.py:3036} INFO - Sync 1 DAGs
[2025-11-02T18:58:29.407+0000] {logging_mixin.py:188} INFO - [2025-11-02T18:58:29.405+0000] {dag.py:3823} INFO - Setting next_dagrun for example_branch_operator to 2025-11-01 00:00:00+00:00, run_after=2025-11-02 00:00:00+00:00
[2025-11-02T18:58:29.496+0000] {processor.py:183} INFO - Processing /home/airflow/.local/lib/python3.8/site-packages/airflow/example_dags/example_branch_operator.py took 0.324 seconds
[2025-11-02T18:58:59.803+0000] {processor.py:161} INFO - Started process (PID=3746) to work on /home/airflow/.local/lib/python3.8/site-packages/airflow/example_dags/example_branch_operator.py
[2025-11-02T18:58:59.805+0000] {processor.py:830} INFO - Processing file /home/airflow/.local/lib/python3.8/site-packages/airflow/example_dags/example_branch_operator.py for tasks to queue
[2025-11-02T18:58:59.811+0000] {logging_mixin.py:188} INFO - [2025-11-02T18:58:59.810+0000] {dagbag.py:538} INFO - Filling up the DagBag from /home/airflow/.local/lib/python3.8/site-packages/airflow/example_dags/example_branch_operator.py
[2025-11-02T18:58:59.855+0000] {processor.py:840} INFO - DAG(s) 'example_branch_operator' retrieved from /home/airflow/.local/lib/python3.8/site-packages/airflow/example_dags/example_branch_operator.py
[2025-11-02T18:58:59.945+0000] {logging_mixin.py:188} INFO - [2025-11-02T18:58:59.944+0000] {dag.py:3036} INFO - Sync 1 DAGs
[2025-11-02T18:59:00.007+0000] {logging_mixin.py:188} INFO - [2025-11-02T18:59:00.006+0000] {dag.py:3823} INFO - Setting next_dagrun for example_branch_operator to 2025-11-01 00:00:00+00:00, run_after=2025-11-02 00:00:00+00:00
[2025-11-02T18:59:00.060+0000] {processor.py:183} INFO - Processing /home/airflow/.local/lib/python3.8/site-packages/airflow/example_dags/example_branch_operator.py took 0.268 seconds
[2025-11-02T18:59:30.206+0000] {processor.py:161} INFO - Started process (PID=3800) to work on /home/airflow/.local/lib/python3.8/site-packages/airflow/example_dags/example_branch_operator.py
[2025-11-02T18:59:30.209+0000] {processor.py:830} INFO - Processing file /home/airflow/.local/lib/python3.8/site-packages/airflow/example_dags/example_branch_operator.py for tasks to queue
[2025-11-02T18:59:30.215+0000] {logging_mixin.py:188} INFO - [2025-11-02T18:59:30.214+0000] {dagbag.py:538} INFO - Filling up the DagBag from /home/airflow/.local/lib/python3.8/site-packages/airflow/example_dags/example_branch_operator.py
[2025-11-02T18:59:30.267+0000] {processor.py:840} INFO - DAG(s) 'example_branch_operator' retrieved from /home/airflow/.local/lib/python3.8/site-packages/airflow/example_dags/example_branch_operator.py
[2025-11-02T18:59:30.335+0000] {logging_mixin.py:188} INFO - [2025-11-02T18:59:30.335+0000] {dag.py:3036} INFO - Sync 1 DAGs
[2025-11-02T18:59:30.400+0000] {logging_mixin.py:188} INFO - [2025-11-02T18:59:30.400+0000] {dag.py:3823} INFO - Setting next_dagrun for example_branch_operator to 2025-11-01 00:00:00+00:00, run_after=2025-11-02 00:00:00+00:00
[2025-11-02T18:59:30.447+0000] {processor.py:183} INFO - Processing /home/airflow/.local/lib/python3.8/site-packages/airflow/example_dags/example_branch_operator.py took 0.250 seconds
[2025-11-02T19:00:00.665+0000] {processor.py:161} INFO - Started process (PID=3855) to work on /home/airflow/.local/lib/python3.8/site-packages/airflow/example_dags/example_branch_operator.py
[2025-11-02T19:00:00.669+0000] {processor.py:830} INFO - Processing file /home/airflow/.local/lib/python3.8/site-packages/airflow/example_dags/example_branch_operator.py for tasks to queue
[2025-11-02T19:00:00.676+0000] {logging_mixin.py:188} INFO - [2025-11-02T19:00:00.675+0000] {dagbag.py:538} INFO - Filling up the DagBag from /home/airflow/.local/lib/python3.8/site-packages/airflow/example_dags/example_branch_operator.py
[2025-11-02T19:00:00.746+0000] {processor.py:840} INFO - DAG(s) 'example_branch_operator' retrieved from /home/airflow/.local/lib/python3.8/site-packages/airflow/example_dags/example_branch_operator.py
[2025-11-02T19:00:00.856+0000] {logging_mixin.py:188} INFO - [2025-11-02T19:00:00.855+0000] {dag.py:3036} INFO - Sync 1 DAGs
[2025-11-02T19:00:00.944+0000] {logging_mixin.py:188} INFO - [2025-11-02T19:00:00.943+0000] {dag.py:3823} INFO - Setting next_dagrun for example_branch_operator to 2025-11-01 00:00:00+00:00, run_after=2025-11-02 00:00:00+00:00
[2025-11-02T19:00:01.041+0000] {processor.py:183} INFO - Processing /home/airflow/.local/lib/python3.8/site-packages/airflow/example_dags/example_branch_operator.py took 0.390 seconds
[2025-11-02T19:00:31.860+0000] {processor.py:161} INFO - Started process (PID=3910) to work on /home/airflow/.local/lib/python3.8/site-packages/airflow/example_dags/example_branch_operator.py
[2025-11-02T19:00:31.864+0000] {processor.py:830} INFO - Processing file /home/airflow/.local/lib/python3.8/site-packages/airflow/example_dags/example_branch_operator.py for tasks to queue
[2025-11-02T19:00:31.878+0000] {logging_mixin.py:188} INFO - [2025-11-02T19:00:31.877+0000] {dagbag.py:538} INFO - Filling up the DagBag from /home/airflow/.local/lib/python3.8/site-packages/airflow/example_dags/example_branch_operator.py
[2025-11-02T19:00:31.987+0000] {processor.py:840} INFO - DAG(s) 'example_branch_operator' retrieved from /home/airflow/.local/lib/python3.8/site-packages/airflow/example_dags/example_branch_operator.py
[2025-11-02T19:00:32.201+0000] {logging_mixin.py:188} INFO - [2025-11-02T19:00:32.200+0000] {dag.py:3036} INFO - Sync 1 DAGs
[2025-11-02T19:00:32.299+0000] {logging_mixin.py:188} INFO - [2025-11-02T19:00:32.298+0000] {dag.py:3823} INFO - Setting next_dagrun for example_branch_operator to 2025-11-01 00:00:00+00:00, run_after=2025-11-02 00:00:00+00:00
[2025-11-02T19:00:32.368+0000] {processor.py:183} INFO - Processing /home/airflow/.local/lib/python3.8/site-packages/airflow/example_dags/example_branch_operator.py took 0.533 seconds
[2025-11-02T19:01:03.019+0000] {processor.py:161} INFO - Started process (PID=3963) to work on /home/airflow/.local/lib/python3.8/site-packages/airflow/example_dags/example_branch_operator.py
[2025-11-02T19:01:03.022+0000] {processor.py:830} INFO - Processing file /home/airflow/.local/lib/python3.8/site-packages/airflow/example_dags/example_branch_operator.py for tasks to queue
[2025-11-02T19:01:03.027+0000] {logging_mixin.py:188} INFO - [2025-11-02T19:01:03.026+0000] {dagbag.py:538} INFO - Filling up the DagBag from /home/airflow/.local/lib/python3.8/site-packages/airflow/example_dags/example_branch_operator.py
[2025-11-02T19:01:03.084+0000] {processor.py:840} INFO - DAG(s) 'example_branch_operator' retrieved from /home/airflow/.local/lib/python3.8/site-packages/airflow/example_dags/example_branch_operator.py
[2025-11-02T19:01:03.175+0000] {logging_mixin.py:188} INFO - [2025-11-02T19:01:03.174+0000] {dag.py:3036} INFO - Sync 1 DAGs
[2025-11-02T19:01:03.243+0000] {logging_mixin.py:188} INFO - [2025-11-02T19:01:03.242+0000] {dag.py:3823} INFO - Setting next_dagrun for example_branch_operator to 2025-11-01 00:00:00+00:00, run_after=2025-11-02 00:00:00+00:00
[2025-11-02T19:01:03.354+0000] {processor.py:183} INFO - Processing /home/airflow/.local/lib/python3.8/site-packages/airflow/example_dags/example_branch_operator.py took 0.348 seconds
[2025-11-02T19:01:34.049+0000] {processor.py:161} INFO - Started process (PID=4019) to work on /home/airflow/.local/lib/python3.8/site-packages/airflow/example_dags/example_branch_operator.py
[2025-11-02T19:01:34.053+0000] {processor.py:830} INFO - Processing file /home/airflow/.local/lib/python3.8/site-packages/airflow/example_dags/example_branch_operator.py for tasks to queue
[2025-11-02T19:01:34.060+0000] {logging_mixin.py:188} INFO - [2025-11-02T19:01:34.059+0000] {dagbag.py:538} INFO - Filling up the DagBag from /home/airflow/.local/lib/python3.8/site-packages/airflow/example_dags/example_branch_operator.py
[2025-11-02T19:01:34.117+0000] {processor.py:840} INFO - DAG(s) 'example_branch_operator' retrieved from /home/airflow/.local/lib/python3.8/site-packages/airflow/example_dags/example_branch_operator.py
[2025-11-02T19:01:34.195+0000] {logging_mixin.py:188} INFO - [2025-11-02T19:01:34.195+0000] {dag.py:3036} INFO - Sync 1 DAGs
[2025-11-02T19:01:34.265+0000] {logging_mixin.py:188} INFO - [2025-11-02T19:01:34.264+0000] {dag.py:3823} INFO - Setting next_dagrun for example_branch_operator to 2025-11-01 00:00:00+00:00, run_after=2025-11-02 00:00:00+00:00
[2025-11-02T19:01:34.335+0000] {processor.py:183} INFO - Processing /home/airflow/.local/lib/python3.8/site-packages/airflow/example_dags/example_branch_operator.py took 0.296 seconds
[2025-11-02T19:02:04.704+0000] {processor.py:161} INFO - Started process (PID=4074) to work on /home/airflow/.local/lib/python3.8/site-packages/airflow/example_dags/example_branch_operator.py
[2025-11-02T19:02:04.708+0000] {processor.py:830} INFO - Processing file /home/airflow/.local/lib/python3.8/site-packages/airflow/example_dags/example_branch_operator.py for tasks to queue
[2025-11-02T19:02:04.713+0000] {logging_mixin.py:188} INFO - [2025-11-02T19:02:04.712+0000] {dagbag.py:538} INFO - Filling up the DagBag from /home/airflow/.local/lib/python3.8/site-packages/airflow/example_dags/example_branch_operator.py
[2025-11-02T19:02:04.749+0000] {processor.py:840} INFO - DAG(s) 'example_branch_operator' retrieved from /home/airflow/.local/lib/python3.8/site-packages/airflow/example_dags/example_branch_operator.py
[2025-11-02T19:02:04.807+0000] {logging_mixin.py:188} INFO - [2025-11-02T19:02:04.806+0000] {dag.py:3036} INFO - Sync 1 DAGs
[2025-11-02T19:02:04.851+0000] {logging_mixin.py:188} INFO - [2025-11-02T19:02:04.851+0000] {dag.py:3823} INFO - Setting next_dagrun for example_branch_operator to 2025-11-01 00:00:00+00:00, run_after=2025-11-02 00:00:00+00:00
[2025-11-02T19:02:04.899+0000] {processor.py:183} INFO - Processing /home/airflow/.local/lib/python3.8/site-packages/airflow/example_dags/example_branch_operator.py took 0.205 seconds
[2025-11-02T19:02:35.483+0000] {processor.py:161} INFO - Started process (PID=4129) to work on /home/airflow/.local/lib/python3.8/site-packages/airflow/example_dags/example_branch_operator.py
[2025-11-02T19:02:35.486+0000] {processor.py:830} INFO - Processing file /home/airflow/.local/lib/python3.8/site-packages/airflow/example_dags/example_branch_operator.py for tasks to queue
[2025-11-02T19:02:35.494+0000] {logging_mixin.py:188} INFO - [2025-11-02T19:02:35.493+0000] {dagbag.py:538} INFO - Filling up the DagBag from /home/airflow/.local/lib/python3.8/site-packages/airflow/example_dags/example_branch_operator.py
[2025-11-02T19:02:35.584+0000] {processor.py:840} INFO - DAG(s) 'example_branch_operator' retrieved from /home/airflow/.local/lib/python3.8/site-packages/airflow/example_dags/example_branch_operator.py
[2025-11-02T19:02:35.761+0000] {logging_mixin.py:188} INFO - [2025-11-02T19:02:35.760+0000] {dag.py:3036} INFO - Sync 1 DAGs
[2025-11-02T19:02:35.821+0000] {logging_mixin.py:188} INFO - [2025-11-02T19:02:35.820+0000] {dag.py:3823} INFO - Setting next_dagrun for example_branch_operator to 2025-11-01 00:00:00+00:00, run_after=2025-11-02 00:00:00+00:00
[2025-11-02T19:02:35.897+0000] {processor.py:183} INFO - Processing /home/airflow/.local/lib/python3.8/site-packages/airflow/example_dags/example_branch_operator.py took 0.432 seconds
[2025-11-02T19:03:06.057+0000] {processor.py:161} INFO - Started process (PID=4184) to work on /home/airflow/.local/lib/python3.8/site-packages/airflow/example_dags/example_branch_operator.py
[2025-11-02T19:03:06.060+0000] {processor.py:830} INFO - Processing file /home/airflow/.local/lib/python3.8/site-packages/airflow/example_dags/example_branch_operator.py for tasks to queue
[2025-11-02T19:03:06.068+0000] {logging_mixin.py:188} INFO - [2025-11-02T19:03:06.067+0000] {dagbag.py:538} INFO - Filling up the DagBag from /home/airflow/.local/lib/python3.8/site-packages/airflow/example_dags/example_branch_operator.py
[2025-11-02T19:03:06.116+0000] {processor.py:840} INFO - DAG(s) 'example_branch_operator' retrieved from /home/airflow/.local/lib/python3.8/site-packages/airflow/example_dags/example_branch_operator.py
[2025-11-02T19:03:06.193+0000] {logging_mixin.py:188} INFO - [2025-11-02T19:03:06.193+0000] {dag.py:3036} INFO - Sync 1 DAGs
[2025-11-02T19:03:06.243+0000] {logging_mixin.py:188} INFO - [2025-11-02T19:03:06.243+0000] {dag.py:3823} INFO - Setting next_dagrun for example_branch_operator to 2025-11-01 00:00:00+00:00, run_after=2025-11-02 00:00:00+00:00
[2025-11-02T19:03:06.285+0000] {processor.py:183} INFO - Processing /home/airflow/.local/lib/python3.8/site-packages/airflow/example_dags/example_branch_operator.py took 0.238 seconds
[2025-11-02T19:03:37.047+0000] {processor.py:161} INFO - Started process (PID=4240) to work on /home/airflow/.local/lib/python3.8/site-packages/airflow/example_dags/example_branch_operator.py
[2025-11-02T19:03:37.051+0000] {processor.py:830} INFO - Processing file /home/airflow/.local/lib/python3.8/site-packages/airflow/example_dags/example_branch_operator.py for tasks to queue
[2025-11-02T19:03:37.058+0000] {logging_mixin.py:188} INFO - [2025-11-02T19:03:37.056+0000] {dagbag.py:538} INFO - Filling up the DagBag from /home/airflow/.local/lib/python3.8/site-packages/airflow/example_dags/example_branch_operator.py
[2025-11-02T19:03:37.105+0000] {processor.py:840} INFO - DAG(s) 'example_branch_operator' retrieved from /home/airflow/.local/lib/python3.8/site-packages/airflow/example_dags/example_branch_operator.py
[2025-11-02T19:03:37.174+0000] {logging_mixin.py:188} INFO - [2025-11-02T19:03:37.173+0000] {dag.py:3036} INFO - Sync 1 DAGs
[2025-11-02T19:03:37.250+0000] {logging_mixin.py:188} INFO - [2025-11-02T19:03:37.249+0000] {dag.py:3823} INFO - Setting next_dagrun for example_branch_operator to 2025-11-01 00:00:00+00:00, run_after=2025-11-02 00:00:00+00:00
[2025-11-02T19:03:37.332+0000] {processor.py:183} INFO - Processing /home/airflow/.local/lib/python3.8/site-packages/airflow/example_dags/example_branch_operator.py took 0.298 seconds
[2025-11-02T19:04:08.271+0000] {processor.py:161} INFO - Started process (PID=4295) to work on /home/airflow/.local/lib/python3.8/site-packages/airflow/example_dags/example_branch_operator.py
[2025-11-02T19:04:08.290+0000] {processor.py:830} INFO - Processing file /home/airflow/.local/lib/python3.8/site-packages/airflow/example_dags/example_branch_operator.py for tasks to queue
[2025-11-02T19:04:08.340+0000] {logging_mixin.py:188} INFO - [2025-11-02T19:04:08.339+0000] {dagbag.py:538} INFO - Filling up the DagBag from /home/airflow/.local/lib/python3.8/site-packages/airflow/example_dags/example_branch_operator.py
[2025-11-02T19:04:08.484+0000] {processor.py:840} INFO - DAG(s) 'example_branch_operator' retrieved from /home/airflow/.local/lib/python3.8/site-packages/airflow/example_dags/example_branch_operator.py
[2025-11-02T19:04:08.705+0000] {logging_mixin.py:188} INFO - [2025-11-02T19:04:08.705+0000] {dag.py:3036} INFO - Sync 1 DAGs
[2025-11-02T19:04:08.813+0000] {logging_mixin.py:188} INFO - [2025-11-02T19:04:08.812+0000] {dag.py:3823} INFO - Setting next_dagrun for example_branch_operator to 2025-11-01 00:00:00+00:00, run_after=2025-11-02 00:00:00+00:00
[2025-11-02T19:04:08.886+0000] {processor.py:183} INFO - Processing /home/airflow/.local/lib/python3.8/site-packages/airflow/example_dags/example_branch_operator.py took 0.630 seconds
[2025-11-02T19:04:39.402+0000] {processor.py:161} INFO - Started process (PID=4356) to work on /home/airflow/.local/lib/python3.8/site-packages/airflow/example_dags/example_branch_operator.py
[2025-11-02T19:04:39.404+0000] {processor.py:830} INFO - Processing file /home/airflow/.local/lib/python3.8/site-packages/airflow/example_dags/example_branch_operator.py for tasks to queue
[2025-11-02T19:04:39.411+0000] {logging_mixin.py:188} INFO - [2025-11-02T19:04:39.410+0000] {dagbag.py:538} INFO - Filling up the DagBag from /home/airflow/.local/lib/python3.8/site-packages/airflow/example_dags/example_branch_operator.py
[2025-11-02T19:04:39.473+0000] {processor.py:840} INFO - DAG(s) 'example_branch_operator' retrieved from /home/airflow/.local/lib/python3.8/site-packages/airflow/example_dags/example_branch_operator.py
[2025-11-02T19:04:39.565+0000] {logging_mixin.py:188} INFO - [2025-11-02T19:04:39.565+0000] {dag.py:3036} INFO - Sync 1 DAGs
[2025-11-02T19:04:39.672+0000] {logging_mixin.py:188} INFO - [2025-11-02T19:04:39.671+0000] {dag.py:3823} INFO - Setting next_dagrun for example_branch_operator to 2025-11-01 00:00:00+00:00, run_after=2025-11-02 00:00:00+00:00
[2025-11-02T19:04:39.733+0000] {processor.py:183} INFO - Processing /home/airflow/.local/lib/python3.8/site-packages/airflow/example_dags/example_branch_operator.py took 0.340 seconds
[2025-11-02T19:05:10.145+0000] {processor.py:161} INFO - Started process (PID=4411) to work on /home/airflow/.local/lib/python3.8/site-packages/airflow/example_dags/example_branch_operator.py
[2025-11-02T19:05:10.149+0000] {processor.py:830} INFO - Processing file /home/airflow/.local/lib/python3.8/site-packages/airflow/example_dags/example_branch_operator.py for tasks to queue
[2025-11-02T19:05:10.154+0000] {logging_mixin.py:188} INFO - [2025-11-02T19:05:10.154+0000] {dagbag.py:538} INFO - Filling up the DagBag from /home/airflow/.local/lib/python3.8/site-packages/airflow/example_dags/example_branch_operator.py
[2025-11-02T19:05:10.202+0000] {processor.py:840} INFO - DAG(s) 'example_branch_operator' retrieved from /home/airflow/.local/lib/python3.8/site-packages/airflow/example_dags/example_branch_operator.py
[2025-11-02T19:05:10.276+0000] {logging_mixin.py:188} INFO - [2025-11-02T19:05:10.275+0000] {dag.py:3036} INFO - Sync 1 DAGs
[2025-11-02T19:05:10.336+0000] {logging_mixin.py:188} INFO - [2025-11-02T19:05:10.335+0000] {dag.py:3823} INFO - Setting next_dagrun for example_branch_operator to 2025-11-01 00:00:00+00:00, run_after=2025-11-02 00:00:00+00:00
[2025-11-02T19:05:10.453+0000] {processor.py:183} INFO - Processing /home/airflow/.local/lib/python3.8/site-packages/airflow/example_dags/example_branch_operator.py took 0.318 seconds
[2025-11-02T19:05:40.633+0000] {processor.py:161} INFO - Started process (PID=4466) to work on /home/airflow/.local/lib/python3.8/site-packages/airflow/example_dags/example_branch_operator.py
[2025-11-02T19:05:40.636+0000] {processor.py:830} INFO - Processing file /home/airflow/.local/lib/python3.8/site-packages/airflow/example_dags/example_branch_operator.py for tasks to queue
[2025-11-02T19:05:40.641+0000] {logging_mixin.py:188} INFO - [2025-11-02T19:05:40.640+0000] {dagbag.py:538} INFO - Filling up the DagBag from /home/airflow/.local/lib/python3.8/site-packages/airflow/example_dags/example_branch_operator.py
[2025-11-02T19:05:40.697+0000] {processor.py:840} INFO - DAG(s) 'example_branch_operator' retrieved from /home/airflow/.local/lib/python3.8/site-packages/airflow/example_dags/example_branch_operator.py
[2025-11-02T19:05:40.779+0000] {logging_mixin.py:188} INFO - [2025-11-02T19:05:40.779+0000] {dag.py:3036} INFO - Sync 1 DAGs
[2025-11-02T19:05:40.853+0000] {logging_mixin.py:188} INFO - [2025-11-02T19:05:40.853+0000] {dag.py:3823} INFO - Setting next_dagrun for example_branch_operator to 2025-11-01 00:00:00+00:00, run_after=2025-11-02 00:00:00+00:00
[2025-11-02T19:05:40.901+0000] {processor.py:183} INFO - Processing /home/airflow/.local/lib/python3.8/site-packages/airflow/example_dags/example_branch_operator.py took 0.277 seconds
[2025-11-02T19:06:11.149+0000] {processor.py:161} INFO - Started process (PID=4520) to work on /home/airflow/.local/lib/python3.8/site-packages/airflow/example_dags/example_branch_operator.py
[2025-11-02T19:06:11.152+0000] {processor.py:830} INFO - Processing file /home/airflow/.local/lib/python3.8/site-packages/airflow/example_dags/example_branch_operator.py for tasks to queue
[2025-11-02T19:06:11.157+0000] {logging_mixin.py:188} INFO - [2025-11-02T19:06:11.156+0000] {dagbag.py:538} INFO - Filling up the DagBag from /home/airflow/.local/lib/python3.8/site-packages/airflow/example_dags/example_branch_operator.py
[2025-11-02T19:06:11.204+0000] {processor.py:840} INFO - DAG(s) 'example_branch_operator' retrieved from /home/airflow/.local/lib/python3.8/site-packages/airflow/example_dags/example_branch_operator.py
[2025-11-02T19:06:11.290+0000] {logging_mixin.py:188} INFO - [2025-11-02T19:06:11.289+0000] {dag.py:3036} INFO - Sync 1 DAGs
[2025-11-02T19:06:11.381+0000] {logging_mixin.py:188} INFO - [2025-11-02T19:06:11.380+0000] {dag.py:3823} INFO - Setting next_dagrun for example_branch_operator to 2025-11-01 00:00:00+00:00, run_after=2025-11-02 00:00:00+00:00
[2025-11-02T19:06:11.441+0000] {processor.py:183} INFO - Processing /home/airflow/.local/lib/python3.8/site-packages/airflow/example_dags/example_branch_operator.py took 0.305 seconds
[2025-11-02T19:06:42.388+0000] {processor.py:161} INFO - Started process (PID=4576) to work on /home/airflow/.local/lib/python3.8/site-packages/airflow/example_dags/example_branch_operator.py
[2025-11-02T19:06:42.391+0000] {processor.py:830} INFO - Processing file /home/airflow/.local/lib/python3.8/site-packages/airflow/example_dags/example_branch_operator.py for tasks to queue
[2025-11-02T19:06:42.398+0000] {logging_mixin.py:188} INFO - [2025-11-02T19:06:42.397+0000] {dagbag.py:538} INFO - Filling up the DagBag from /home/airflow/.local/lib/python3.8/site-packages/airflow/example_dags/example_branch_operator.py
[2025-11-02T19:06:42.460+0000] {processor.py:840} INFO - DAG(s) 'example_branch_operator' retrieved from /home/airflow/.local/lib/python3.8/site-packages/airflow/example_dags/example_branch_operator.py
[2025-11-02T19:06:42.586+0000] {logging_mixin.py:188} INFO - [2025-11-02T19:06:42.585+0000] {dag.py:3036} INFO - Sync 1 DAGs
[2025-11-02T19:06:42.736+0000] {logging_mixin.py:188} INFO - [2025-11-02T19:06:42.736+0000] {dag.py:3823} INFO - Setting next_dagrun for example_branch_operator to 2025-11-01 00:00:00+00:00, run_after=2025-11-02 00:00:00+00:00
[2025-11-02T19:06:42.928+0000] {processor.py:183} INFO - Processing /home/airflow/.local/lib/python3.8/site-packages/airflow/example_dags/example_branch_operator.py took 0.556 seconds
[2025-11-02T19:07:13.864+0000] {processor.py:161} INFO - Started process (PID=4631) to work on /home/airflow/.local/lib/python3.8/site-packages/airflow/example_dags/example_branch_operator.py
[2025-11-02T19:07:13.867+0000] {processor.py:830} INFO - Processing file /home/airflow/.local/lib/python3.8/site-packages/airflow/example_dags/example_branch_operator.py for tasks to queue
[2025-11-02T19:07:13.873+0000] {logging_mixin.py:188} INFO - [2025-11-02T19:07:13.872+0000] {dagbag.py:538} INFO - Filling up the DagBag from /home/airflow/.local/lib/python3.8/site-packages/airflow/example_dags/example_branch_operator.py
[2025-11-02T19:07:13.932+0000] {processor.py:840} INFO - DAG(s) 'example_branch_operator' retrieved from /home/airflow/.local/lib/python3.8/site-packages/airflow/example_dags/example_branch_operator.py
[2025-11-02T19:07:14.016+0000] {logging_mixin.py:188} INFO - [2025-11-02T19:07:14.015+0000] {dag.py:3036} INFO - Sync 1 DAGs
[2025-11-02T19:07:14.088+0000] {logging_mixin.py:188} INFO - [2025-11-02T19:07:14.087+0000] {dag.py:3823} INFO - Setting next_dagrun for example_branch_operator to 2025-11-01 00:00:00+00:00, run_after=2025-11-02 00:00:00+00:00
[2025-11-02T19:07:14.137+0000] {processor.py:183} INFO - Processing /home/airflow/.local/lib/python3.8/site-packages/airflow/example_dags/example_branch_operator.py took 0.282 seconds
[2025-11-02T19:07:44.901+0000] {processor.py:161} INFO - Started process (PID=4686) to work on /home/airflow/.local/lib/python3.8/site-packages/airflow/example_dags/example_branch_operator.py
[2025-11-02T19:07:44.904+0000] {processor.py:830} INFO - Processing file /home/airflow/.local/lib/python3.8/site-packages/airflow/example_dags/example_branch_operator.py for tasks to queue
[2025-11-02T19:07:44.910+0000] {logging_mixin.py:188} INFO - [2025-11-02T19:07:44.909+0000] {dagbag.py:538} INFO - Filling up the DagBag from /home/airflow/.local/lib/python3.8/site-packages/airflow/example_dags/example_branch_operator.py
[2025-11-02T19:07:44.957+0000] {processor.py:840} INFO - DAG(s) 'example_branch_operator' retrieved from /home/airflow/.local/lib/python3.8/site-packages/airflow/example_dags/example_branch_operator.py
[2025-11-02T19:07:45.036+0000] {logging_mixin.py:188} INFO - [2025-11-02T19:07:45.035+0000] {dag.py:3036} INFO - Sync 1 DAGs
[2025-11-02T19:07:45.147+0000] {logging_mixin.py:188} INFO - [2025-11-02T19:07:45.147+0000] {dag.py:3823} INFO - Setting next_dagrun for example_branch_operator to 2025-11-01 00:00:00+00:00, run_after=2025-11-02 00:00:00+00:00
[2025-11-02T19:07:45.284+0000] {processor.py:183} INFO - Processing /home/airflow/.local/lib/python3.8/site-packages/airflow/example_dags/example_branch_operator.py took 0.393 seconds
[2025-11-02T19:08:15.460+0000] {processor.py:161} INFO - Started process (PID=4740) to work on /home/airflow/.local/lib/python3.8/site-packages/airflow/example_dags/example_branch_operator.py
[2025-11-02T19:08:15.464+0000] {processor.py:830} INFO - Processing file /home/airflow/.local/lib/python3.8/site-packages/airflow/example_dags/example_branch_operator.py for tasks to queue
[2025-11-02T19:08:15.473+0000] {logging_mixin.py:188} INFO - [2025-11-02T19:08:15.472+0000] {dagbag.py:538} INFO - Filling up the DagBag from /home/airflow/.local/lib/python3.8/site-packages/airflow/example_dags/example_branch_operator.py
[2025-11-02T19:08:15.568+0000] {processor.py:840} INFO - DAG(s) 'example_branch_operator' retrieved from /home/airflow/.local/lib/python3.8/site-packages/airflow/example_dags/example_branch_operator.py
[2025-11-02T19:08:15.635+0000] {logging_mixin.py:188} INFO - [2025-11-02T19:08:15.634+0000] {dag.py:3036} INFO - Sync 1 DAGs
[2025-11-02T19:08:15.678+0000] {logging_mixin.py:188} INFO - [2025-11-02T19:08:15.678+0000] {dag.py:3823} INFO - Setting next_dagrun for example_branch_operator to 2025-11-01 00:00:00+00:00, run_after=2025-11-02 00:00:00+00:00
[2025-11-02T19:08:15.718+0000] {processor.py:183} INFO - Processing /home/airflow/.local/lib/python3.8/site-packages/airflow/example_dags/example_branch_operator.py took 0.273 seconds
[2025-11-02T19:08:45.897+0000] {processor.py:161} INFO - Started process (PID=4795) to work on /home/airflow/.local/lib/python3.8/site-packages/airflow/example_dags/example_branch_operator.py
[2025-11-02T19:08:45.899+0000] {processor.py:830} INFO - Processing file /home/airflow/.local/lib/python3.8/site-packages/airflow/example_dags/example_branch_operator.py for tasks to queue
[2025-11-02T19:08:45.904+0000] {logging_mixin.py:188} INFO - [2025-11-02T19:08:45.903+0000] {dagbag.py:538} INFO - Filling up the DagBag from /home/airflow/.local/lib/python3.8/site-packages/airflow/example_dags/example_branch_operator.py
[2025-11-02T19:08:45.952+0000] {processor.py:840} INFO - DAG(s) 'example_branch_operator' retrieved from /home/airflow/.local/lib/python3.8/site-packages/airflow/example_dags/example_branch_operator.py
[2025-11-02T19:08:46.007+0000] {logging_mixin.py:188} INFO - [2025-11-02T19:08:46.006+0000] {dag.py:3036} INFO - Sync 1 DAGs
[2025-11-02T19:08:46.051+0000] {logging_mixin.py:188} INFO - [2025-11-02T19:08:46.051+0000] {dag.py:3823} INFO - Setting next_dagrun for example_branch_operator to 2025-11-01 00:00:00+00:00, run_after=2025-11-02 00:00:00+00:00
[2025-11-02T19:08:46.093+0000] {processor.py:183} INFO - Processing /home/airflow/.local/lib/python3.8/site-packages/airflow/example_dags/example_branch_operator.py took 0.205 seconds
[2025-11-02T19:09:16.344+0000] {processor.py:161} INFO - Started process (PID=4850) to work on /home/airflow/.local/lib/python3.8/site-packages/airflow/example_dags/example_branch_operator.py
[2025-11-02T19:09:16.347+0000] {processor.py:830} INFO - Processing file /home/airflow/.local/lib/python3.8/site-packages/airflow/example_dags/example_branch_operator.py for tasks to queue
[2025-11-02T19:09:16.355+0000] {logging_mixin.py:188} INFO - [2025-11-02T19:09:16.354+0000] {dagbag.py:538} INFO - Filling up the DagBag from /home/airflow/.local/lib/python3.8/site-packages/airflow/example_dags/example_branch_operator.py
[2025-11-02T19:09:16.424+0000] {processor.py:840} INFO - DAG(s) 'example_branch_operator' retrieved from /home/airflow/.local/lib/python3.8/site-packages/airflow/example_dags/example_branch_operator.py
[2025-11-02T19:09:16.539+0000] {logging_mixin.py:188} INFO - [2025-11-02T19:09:16.538+0000] {dag.py:3036} INFO - Sync 1 DAGs
[2025-11-02T19:09:16.614+0000] {logging_mixin.py:188} INFO - [2025-11-02T19:09:16.614+0000] {dag.py:3823} INFO - Setting next_dagrun for example_branch_operator to 2025-11-01 00:00:00+00:00, run_after=2025-11-02 00:00:00+00:00
[2025-11-02T19:09:16.672+0000] {processor.py:183} INFO - Processing /home/airflow/.local/lib/python3.8/site-packages/airflow/example_dags/example_branch_operator.py took 0.342 seconds
[2025-11-02T19:09:46.989+0000] {processor.py:161} INFO - Started process (PID=4905) to work on /home/airflow/.local/lib/python3.8/site-packages/airflow/example_dags/example_branch_operator.py
[2025-11-02T19:09:46.993+0000] {processor.py:830} INFO - Processing file /home/airflow/.local/lib/python3.8/site-packages/airflow/example_dags/example_branch_operator.py for tasks to queue
[2025-11-02T19:09:47.004+0000] {logging_mixin.py:188} INFO - [2025-11-02T19:09:47.000+0000] {dagbag.py:538} INFO - Filling up the DagBag from /home/airflow/.local/lib/python3.8/site-packages/airflow/example_dags/example_branch_operator.py
[2025-11-02T19:09:47.092+0000] {processor.py:840} INFO - DAG(s) 'example_branch_operator' retrieved from /home/airflow/.local/lib/python3.8/site-packages/airflow/example_dags/example_branch_operator.py
[2025-11-02T19:09:47.217+0000] {logging_mixin.py:188} INFO - [2025-11-02T19:09:47.217+0000] {dag.py:3036} INFO - Sync 1 DAGs
[2025-11-02T19:09:47.278+0000] {logging_mixin.py:188} INFO - [2025-11-02T19:09:47.278+0000] {dag.py:3823} INFO - Setting next_dagrun for example_branch_operator to 2025-11-01 00:00:00+00:00, run_after=2025-11-02 00:00:00+00:00
[2025-11-02T19:09:47.329+0000] {processor.py:183} INFO - Processing /home/airflow/.local/lib/python3.8/site-packages/airflow/example_dags/example_branch_operator.py took 0.379 seconds
[2025-11-02T19:10:17.536+0000] {processor.py:161} INFO - Started process (PID=4960) to work on /home/airflow/.local/lib/python3.8/site-packages/airflow/example_dags/example_branch_operator.py
[2025-11-02T19:10:17.538+0000] {processor.py:830} INFO - Processing file /home/airflow/.local/lib/python3.8/site-packages/airflow/example_dags/example_branch_operator.py for tasks to queue
[2025-11-02T19:10:17.543+0000] {logging_mixin.py:188} INFO - [2025-11-02T19:10:17.542+0000] {dagbag.py:538} INFO - Filling up the DagBag from /home/airflow/.local/lib/python3.8/site-packages/airflow/example_dags/example_branch_operator.py
[2025-11-02T19:10:17.579+0000] {processor.py:840} INFO - DAG(s) 'example_branch_operator' retrieved from /home/airflow/.local/lib/python3.8/site-packages/airflow/example_dags/example_branch_operator.py
[2025-11-02T19:10:17.636+0000] {logging_mixin.py:188} INFO - [2025-11-02T19:10:17.635+0000] {dag.py:3036} INFO - Sync 1 DAGs
[2025-11-02T19:10:17.680+0000] {logging_mixin.py:188} INFO - [2025-11-02T19:10:17.680+0000] {dag.py:3823} INFO - Setting next_dagrun for example_branch_operator to 2025-11-01 00:00:00+00:00, run_after=2025-11-02 00:00:00+00:00
[2025-11-02T19:10:17.766+0000] {processor.py:183} INFO - Processing /home/airflow/.local/lib/python3.8/site-packages/airflow/example_dags/example_branch_operator.py took 0.239 seconds
[2025-11-02T19:10:48.023+0000] {processor.py:161} INFO - Started process (PID=5015) to work on /home/airflow/.local/lib/python3.8/site-packages/airflow/example_dags/example_branch_operator.py
[2025-11-02T19:10:48.028+0000] {processor.py:830} INFO - Processing file /home/airflow/.local/lib/python3.8/site-packages/airflow/example_dags/example_branch_operator.py for tasks to queue
[2025-11-02T19:10:48.037+0000] {logging_mixin.py:188} INFO - [2025-11-02T19:10:48.036+0000] {dagbag.py:538} INFO - Filling up the DagBag from /home/airflow/.local/lib/python3.8/site-packages/airflow/example_dags/example_branch_operator.py
[2025-11-02T19:10:48.137+0000] {processor.py:840} INFO - DAG(s) 'example_branch_operator' retrieved from /home/airflow/.local/lib/python3.8/site-packages/airflow/example_dags/example_branch_operator.py
[2025-11-02T19:10:48.423+0000] {logging_mixin.py:188} INFO - [2025-11-02T19:10:48.423+0000] {dag.py:3036} INFO - Sync 1 DAGs
[2025-11-02T19:10:48.486+0000] {logging_mixin.py:188} INFO - [2025-11-02T19:10:48.485+0000] {dag.py:3823} INFO - Setting next_dagrun for example_branch_operator to 2025-11-01 00:00:00+00:00, run_after=2025-11-02 00:00:00+00:00
[2025-11-02T19:10:48.532+0000] {processor.py:183} INFO - Processing /home/airflow/.local/lib/python3.8/site-packages/airflow/example_dags/example_branch_operator.py took 0.381 seconds
[2025-11-02T19:11:18.783+0000] {processor.py:161} INFO - Started process (PID=5070) to work on /home/airflow/.local/lib/python3.8/site-packages/airflow/example_dags/example_branch_operator.py
[2025-11-02T19:11:18.786+0000] {processor.py:830} INFO - Processing file /home/airflow/.local/lib/python3.8/site-packages/airflow/example_dags/example_branch_operator.py for tasks to queue
[2025-11-02T19:11:18.793+0000] {logging_mixin.py:188} INFO - [2025-11-02T19:11:18.792+0000] {dagbag.py:538} INFO - Filling up the DagBag from /home/airflow/.local/lib/python3.8/site-packages/airflow/example_dags/example_branch_operator.py
[2025-11-02T19:11:18.855+0000] {processor.py:840} INFO - DAG(s) 'example_branch_operator' retrieved from /home/airflow/.local/lib/python3.8/site-packages/airflow/example_dags/example_branch_operator.py
[2025-11-02T19:11:18.925+0000] {logging_mixin.py:188} INFO - [2025-11-02T19:11:18.925+0000] {dag.py:3036} INFO - Sync 1 DAGs
[2025-11-02T19:11:19.012+0000] {logging_mixin.py:188} INFO - [2025-11-02T19:11:19.011+0000] {dag.py:3823} INFO - Setting next_dagrun for example_branch_operator to 2025-11-01 00:00:00+00:00, run_after=2025-11-02 00:00:00+00:00
[2025-11-02T19:11:19.063+0000] {processor.py:183} INFO - Processing /home/airflow/.local/lib/python3.8/site-packages/airflow/example_dags/example_branch_operator.py took 0.295 seconds
[2025-11-02T19:11:49.754+0000] {processor.py:161} INFO - Started process (PID=5125) to work on /home/airflow/.local/lib/python3.8/site-packages/airflow/example_dags/example_branch_operator.py
[2025-11-02T19:11:49.757+0000] {processor.py:830} INFO - Processing file /home/airflow/.local/lib/python3.8/site-packages/airflow/example_dags/example_branch_operator.py for tasks to queue
[2025-11-02T19:11:49.765+0000] {logging_mixin.py:188} INFO - [2025-11-02T19:11:49.763+0000] {dagbag.py:538} INFO - Filling up the DagBag from /home/airflow/.local/lib/python3.8/site-packages/airflow/example_dags/example_branch_operator.py
[2025-11-02T19:11:49.852+0000] {processor.py:840} INFO - DAG(s) 'example_branch_operator' retrieved from /home/airflow/.local/lib/python3.8/site-packages/airflow/example_dags/example_branch_operator.py
[2025-11-02T19:11:49.951+0000] {logging_mixin.py:188} INFO - [2025-11-02T19:11:49.951+0000] {dag.py:3036} INFO - Sync 1 DAGs
[2025-11-02T19:11:50.017+0000] {logging_mixin.py:188} INFO - [2025-11-02T19:11:50.016+0000] {dag.py:3823} INFO - Setting next_dagrun for example_branch_operator to 2025-11-01 00:00:00+00:00, run_after=2025-11-02 00:00:00+00:00
[2025-11-02T19:11:50.073+0000] {processor.py:183} INFO - Processing /home/airflow/.local/lib/python3.8/site-packages/airflow/example_dags/example_branch_operator.py took 0.334 seconds
[2025-11-02T19:12:20.198+0000] {processor.py:161} INFO - Started process (PID=5180) to work on /home/airflow/.local/lib/python3.8/site-packages/airflow/example_dags/example_branch_operator.py
[2025-11-02T19:12:20.200+0000] {processor.py:830} INFO - Processing file /home/airflow/.local/lib/python3.8/site-packages/airflow/example_dags/example_branch_operator.py for tasks to queue
[2025-11-02T19:12:20.206+0000] {logging_mixin.py:188} INFO - [2025-11-02T19:12:20.205+0000] {dagbag.py:538} INFO - Filling up the DagBag from /home/airflow/.local/lib/python3.8/site-packages/airflow/example_dags/example_branch_operator.py
[2025-11-02T19:12:20.264+0000] {processor.py:840} INFO - DAG(s) 'example_branch_operator' retrieved from /home/airflow/.local/lib/python3.8/site-packages/airflow/example_dags/example_branch_operator.py
[2025-11-02T19:12:20.340+0000] {logging_mixin.py:188} INFO - [2025-11-02T19:12:20.339+0000] {dag.py:3036} INFO - Sync 1 DAGs
[2025-11-02T19:12:20.410+0000] {logging_mixin.py:188} INFO - [2025-11-02T19:12:20.409+0000] {dag.py:3823} INFO - Setting next_dagrun for example_branch_operator to 2025-11-01 00:00:00+00:00, run_after=2025-11-02 00:00:00+00:00
[2025-11-02T19:12:20.487+0000] {processor.py:183} INFO - Processing /home/airflow/.local/lib/python3.8/site-packages/airflow/example_dags/example_branch_operator.py took 0.298 seconds
[2025-11-02T19:12:51.193+0000] {processor.py:161} INFO - Started process (PID=5236) to work on /home/airflow/.local/lib/python3.8/site-packages/airflow/example_dags/example_branch_operator.py
[2025-11-02T19:12:51.196+0000] {processor.py:830} INFO - Processing file /home/airflow/.local/lib/python3.8/site-packages/airflow/example_dags/example_branch_operator.py for tasks to queue
[2025-11-02T19:12:51.201+0000] {logging_mixin.py:188} INFO - [2025-11-02T19:12:51.200+0000] {dagbag.py:538} INFO - Filling up the DagBag from /home/airflow/.local/lib/python3.8/site-packages/airflow/example_dags/example_branch_operator.py
[2025-11-02T19:12:51.239+0000] {processor.py:840} INFO - DAG(s) 'example_branch_operator' retrieved from /home/airflow/.local/lib/python3.8/site-packages/airflow/example_dags/example_branch_operator.py
[2025-11-02T19:12:51.299+0000] {logging_mixin.py:188} INFO - [2025-11-02T19:12:51.298+0000] {dag.py:3036} INFO - Sync 1 DAGs
[2025-11-02T19:12:51.346+0000] {logging_mixin.py:188} INFO - [2025-11-02T19:12:51.346+0000] {dag.py:3823} INFO - Setting next_dagrun for example_branch_operator to 2025-11-01 00:00:00+00:00, run_after=2025-11-02 00:00:00+00:00
[2025-11-02T19:12:51.391+0000] {processor.py:183} INFO - Processing /home/airflow/.local/lib/python3.8/site-packages/airflow/example_dags/example_branch_operator.py took 0.207 seconds
[2025-11-02T19:13:21.655+0000] {processor.py:161} INFO - Started process (PID=5290) to work on /home/airflow/.local/lib/python3.8/site-packages/airflow/example_dags/example_branch_operator.py
[2025-11-02T19:13:21.658+0000] {processor.py:830} INFO - Processing file /home/airflow/.local/lib/python3.8/site-packages/airflow/example_dags/example_branch_operator.py for tasks to queue
[2025-11-02T19:13:21.667+0000] {logging_mixin.py:188} INFO - [2025-11-02T19:13:21.665+0000] {dagbag.py:538} INFO - Filling up the DagBag from /home/airflow/.local/lib/python3.8/site-packages/airflow/example_dags/example_branch_operator.py
[2025-11-02T19:13:21.712+0000] {processor.py:840} INFO - DAG(s) 'example_branch_operator' retrieved from /home/airflow/.local/lib/python3.8/site-packages/airflow/example_dags/example_branch_operator.py
[2025-11-02T19:13:21.773+0000] {logging_mixin.py:188} INFO - [2025-11-02T19:13:21.772+0000] {dag.py:3036} INFO - Sync 1 DAGs
[2025-11-02T19:13:21.821+0000] {logging_mixin.py:188} INFO - [2025-11-02T19:13:21.820+0000] {dag.py:3823} INFO - Setting next_dagrun for example_branch_operator to 2025-11-01 00:00:00+00:00, run_after=2025-11-02 00:00:00+00:00
[2025-11-02T19:13:21.860+0000] {processor.py:183} INFO - Processing /home/airflow/.local/lib/python3.8/site-packages/airflow/example_dags/example_branch_operator.py took 0.218 seconds
[2025-11-02T19:13:52.105+0000] {processor.py:161} INFO - Started process (PID=5345) to work on /home/airflow/.local/lib/python3.8/site-packages/airflow/example_dags/example_branch_operator.py
[2025-11-02T19:13:52.108+0000] {processor.py:830} INFO - Processing file /home/airflow/.local/lib/python3.8/site-packages/airflow/example_dags/example_branch_operator.py for tasks to queue
[2025-11-02T19:13:52.114+0000] {logging_mixin.py:188} INFO - [2025-11-02T19:13:52.113+0000] {dagbag.py:538} INFO - Filling up the DagBag from /home/airflow/.local/lib/python3.8/site-packages/airflow/example_dags/example_branch_operator.py
[2025-11-02T19:13:52.159+0000] {processor.py:840} INFO - DAG(s) 'example_branch_operator' retrieved from /home/airflow/.local/lib/python3.8/site-packages/airflow/example_dags/example_branch_operator.py
[2025-11-02T19:13:52.219+0000] {logging_mixin.py:188} INFO - [2025-11-02T19:13:52.218+0000] {dag.py:3036} INFO - Sync 1 DAGs
[2025-11-02T19:13:52.290+0000] {logging_mixin.py:188} INFO - [2025-11-02T19:13:52.289+0000] {dag.py:3823} INFO - Setting next_dagrun for example_branch_operator to 2025-11-01 00:00:00+00:00, run_after=2025-11-02 00:00:00+00:00
[2025-11-02T19:13:52.345+0000] {processor.py:183} INFO - Processing /home/airflow/.local/lib/python3.8/site-packages/airflow/example_dags/example_branch_operator.py took 0.252 seconds
[2025-11-02T19:14:23.323+0000] {processor.py:161} INFO - Started process (PID=5400) to work on /home/airflow/.local/lib/python3.8/site-packages/airflow/example_dags/example_branch_operator.py
[2025-11-02T19:14:23.329+0000] {processor.py:830} INFO - Processing file /home/airflow/.local/lib/python3.8/site-packages/airflow/example_dags/example_branch_operator.py for tasks to queue
[2025-11-02T19:14:23.344+0000] {logging_mixin.py:188} INFO - [2025-11-02T19:14:23.343+0000] {dagbag.py:538} INFO - Filling up the DagBag from /home/airflow/.local/lib/python3.8/site-packages/airflow/example_dags/example_branch_operator.py
[2025-11-02T19:14:23.479+0000] {processor.py:840} INFO - DAG(s) 'example_branch_operator' retrieved from /home/airflow/.local/lib/python3.8/site-packages/airflow/example_dags/example_branch_operator.py
[2025-11-02T19:14:23.668+0000] {logging_mixin.py:188} INFO - [2025-11-02T19:14:23.668+0000] {dag.py:3036} INFO - Sync 1 DAGs
[2025-11-02T19:14:23.790+0000] {logging_mixin.py:188} INFO - [2025-11-02T19:14:23.789+0000] {dag.py:3823} INFO - Setting next_dagrun for example_branch_operator to 2025-11-01 00:00:00+00:00, run_after=2025-11-02 00:00:00+00:00
[2025-11-02T19:14:23.904+0000] {processor.py:183} INFO - Processing /home/airflow/.local/lib/python3.8/site-packages/airflow/example_dags/example_branch_operator.py took 0.617 seconds
[2025-11-02T19:14:54.643+0000] {processor.py:161} INFO - Started process (PID=5456) to work on /home/airflow/.local/lib/python3.8/site-packages/airflow/example_dags/example_branch_operator.py
[2025-11-02T19:14:54.653+0000] {processor.py:830} INFO - Processing file /home/airflow/.local/lib/python3.8/site-packages/airflow/example_dags/example_branch_operator.py for tasks to queue
[2025-11-02T19:14:54.671+0000] {logging_mixin.py:188} INFO - [2025-11-02T19:14:54.666+0000] {dagbag.py:538} INFO - Filling up the DagBag from /home/airflow/.local/lib/python3.8/site-packages/airflow/example_dags/example_branch_operator.py
[2025-11-02T19:14:54.761+0000] {processor.py:840} INFO - DAG(s) 'example_branch_operator' retrieved from /home/airflow/.local/lib/python3.8/site-packages/airflow/example_dags/example_branch_operator.py
[2025-11-02T19:14:54.924+0000] {logging_mixin.py:188} INFO - [2025-11-02T19:14:54.923+0000] {dag.py:3036} INFO - Sync 1 DAGs
[2025-11-02T19:14:54.989+0000] {logging_mixin.py:188} INFO - [2025-11-02T19:14:54.989+0000] {dag.py:3823} INFO - Setting next_dagrun for example_branch_operator to 2025-11-01 00:00:00+00:00, run_after=2025-11-02 00:00:00+00:00
[2025-11-02T19:14:55.035+0000] {processor.py:183} INFO - Processing /home/airflow/.local/lib/python3.8/site-packages/airflow/example_dags/example_branch_operator.py took 0.408 seconds
[2025-11-02T19:15:25.258+0000] {processor.py:161} INFO - Started process (PID=5511) to work on /home/airflow/.local/lib/python3.8/site-packages/airflow/example_dags/example_branch_operator.py
[2025-11-02T19:15:25.261+0000] {processor.py:830} INFO - Processing file /home/airflow/.local/lib/python3.8/site-packages/airflow/example_dags/example_branch_operator.py for tasks to queue
[2025-11-02T19:15:25.267+0000] {logging_mixin.py:188} INFO - [2025-11-02T19:15:25.266+0000] {dagbag.py:538} INFO - Filling up the DagBag from /home/airflow/.local/lib/python3.8/site-packages/airflow/example_dags/example_branch_operator.py
[2025-11-02T19:15:25.305+0000] {processor.py:840} INFO - DAG(s) 'example_branch_operator' retrieved from /home/airflow/.local/lib/python3.8/site-packages/airflow/example_dags/example_branch_operator.py
[2025-11-02T19:15:25.373+0000] {logging_mixin.py:188} INFO - [2025-11-02T19:15:25.372+0000] {dag.py:3036} INFO - Sync 1 DAGs
[2025-11-02T19:15:25.435+0000] {logging_mixin.py:188} INFO - [2025-11-02T19:15:25.434+0000] {dag.py:3823} INFO - Setting next_dagrun for example_branch_operator to 2025-11-01 00:00:00+00:00, run_after=2025-11-02 00:00:00+00:00
[2025-11-02T19:15:25.486+0000] {processor.py:183} INFO - Processing /home/airflow/.local/lib/python3.8/site-packages/airflow/example_dags/example_branch_operator.py took 0.236 seconds
[2025-11-02T19:15:56.106+0000] {processor.py:161} INFO - Started process (PID=5566) to work on /home/airflow/.local/lib/python3.8/site-packages/airflow/example_dags/example_branch_operator.py
[2025-11-02T19:15:56.111+0000] {processor.py:830} INFO - Processing file /home/airflow/.local/lib/python3.8/site-packages/airflow/example_dags/example_branch_operator.py for tasks to queue
[2025-11-02T19:15:56.118+0000] {logging_mixin.py:188} INFO - [2025-11-02T19:15:56.118+0000] {dagbag.py:538} INFO - Filling up the DagBag from /home/airflow/.local/lib/python3.8/site-packages/airflow/example_dags/example_branch_operator.py
[2025-11-02T19:15:56.177+0000] {processor.py:840} INFO - DAG(s) 'example_branch_operator' retrieved from /home/airflow/.local/lib/python3.8/site-packages/airflow/example_dags/example_branch_operator.py
[2025-11-02T19:15:56.232+0000] {logging_mixin.py:188} INFO - [2025-11-02T19:15:56.232+0000] {dag.py:3036} INFO - Sync 1 DAGs
[2025-11-02T19:15:56.278+0000] {logging_mixin.py:188} INFO - [2025-11-02T19:15:56.278+0000] {dag.py:3823} INFO - Setting next_dagrun for example_branch_operator to 2025-11-01 00:00:00+00:00, run_after=2025-11-02 00:00:00+00:00
[2025-11-02T19:15:56.318+0000] {processor.py:183} INFO - Processing /home/airflow/.local/lib/python3.8/site-packages/airflow/example_dags/example_branch_operator.py took 0.229 seconds
[2025-11-02T19:16:26.630+0000] {processor.py:161} INFO - Started process (PID=5621) to work on /home/airflow/.local/lib/python3.8/site-packages/airflow/example_dags/example_branch_operator.py
[2025-11-02T19:16:26.633+0000] {processor.py:830} INFO - Processing file /home/airflow/.local/lib/python3.8/site-packages/airflow/example_dags/example_branch_operator.py for tasks to queue
[2025-11-02T19:16:26.638+0000] {logging_mixin.py:188} INFO - [2025-11-02T19:16:26.637+0000] {dagbag.py:538} INFO - Filling up the DagBag from /home/airflow/.local/lib/python3.8/site-packages/airflow/example_dags/example_branch_operator.py
[2025-11-02T19:16:26.677+0000] {processor.py:840} INFO - DAG(s) 'example_branch_operator' retrieved from /home/airflow/.local/lib/python3.8/site-packages/airflow/example_dags/example_branch_operator.py
[2025-11-02T19:16:26.736+0000] {logging_mixin.py:188} INFO - [2025-11-02T19:16:26.735+0000] {dag.py:3036} INFO - Sync 1 DAGs
[2025-11-02T19:16:26.781+0000] {logging_mixin.py:188} INFO - [2025-11-02T19:16:26.781+0000] {dag.py:3823} INFO - Setting next_dagrun for example_branch_operator to 2025-11-01 00:00:00+00:00, run_after=2025-11-02 00:00:00+00:00
[2025-11-02T19:16:26.837+0000] {processor.py:183} INFO - Processing /home/airflow/.local/lib/python3.8/site-packages/airflow/example_dags/example_branch_operator.py took 0.215 seconds
[2025-11-02T19:16:57.306+0000] {processor.py:161} INFO - Started process (PID=5675) to work on /home/airflow/.local/lib/python3.8/site-packages/airflow/example_dags/example_branch_operator.py
[2025-11-02T19:16:57.310+0000] {processor.py:830} INFO - Processing file /home/airflow/.local/lib/python3.8/site-packages/airflow/example_dags/example_branch_operator.py for tasks to queue
[2025-11-02T19:16:57.316+0000] {logging_mixin.py:188} INFO - [2025-11-02T19:16:57.315+0000] {dagbag.py:538} INFO - Filling up the DagBag from /home/airflow/.local/lib/python3.8/site-packages/airflow/example_dags/example_branch_operator.py
[2025-11-02T19:16:57.366+0000] {processor.py:840} INFO - DAG(s) 'example_branch_operator' retrieved from /home/airflow/.local/lib/python3.8/site-packages/airflow/example_dags/example_branch_operator.py
[2025-11-02T19:16:57.455+0000] {logging_mixin.py:188} INFO - [2025-11-02T19:16:57.454+0000] {dag.py:3036} INFO - Sync 1 DAGs
[2025-11-02T19:16:57.513+0000] {logging_mixin.py:188} INFO - [2025-11-02T19:16:57.512+0000] {dag.py:3823} INFO - Setting next_dagrun for example_branch_operator to 2025-11-01 00:00:00+00:00, run_after=2025-11-02 00:00:00+00:00
[2025-11-02T19:16:57.555+0000] {processor.py:183} INFO - Processing /home/airflow/.local/lib/python3.8/site-packages/airflow/example_dags/example_branch_operator.py took 0.261 seconds
[2025-11-02T19:17:27.909+0000] {processor.py:161} INFO - Started process (PID=5729) to work on /home/airflow/.local/lib/python3.8/site-packages/airflow/example_dags/example_branch_operator.py
[2025-11-02T19:17:27.912+0000] {processor.py:830} INFO - Processing file /home/airflow/.local/lib/python3.8/site-packages/airflow/example_dags/example_branch_operator.py for tasks to queue
[2025-11-02T19:17:27.917+0000] {logging_mixin.py:188} INFO - [2025-11-02T19:17:27.917+0000] {dagbag.py:538} INFO - Filling up the DagBag from /home/airflow/.local/lib/python3.8/site-packages/airflow/example_dags/example_branch_operator.py
[2025-11-02T19:17:27.970+0000] {processor.py:840} INFO - DAG(s) 'example_branch_operator' retrieved from /home/airflow/.local/lib/python3.8/site-packages/airflow/example_dags/example_branch_operator.py
[2025-11-02T19:17:28.063+0000] {logging_mixin.py:188} INFO - [2025-11-02T19:17:28.062+0000] {dag.py:3036} INFO - Sync 1 DAGs
[2025-11-02T19:17:28.146+0000] {logging_mixin.py:188} INFO - [2025-11-02T19:17:28.145+0000] {dag.py:3823} INFO - Setting next_dagrun for example_branch_operator to 2025-11-01 00:00:00+00:00, run_after=2025-11-02 00:00:00+00:00
[2025-11-02T19:17:28.196+0000] {processor.py:183} INFO - Processing /home/airflow/.local/lib/python3.8/site-packages/airflow/example_dags/example_branch_operator.py took 0.299 seconds
[2025-11-02T19:17:58.628+0000] {processor.py:161} INFO - Started process (PID=5784) to work on /home/airflow/.local/lib/python3.8/site-packages/airflow/example_dags/example_branch_operator.py
[2025-11-02T19:17:58.633+0000] {processor.py:830} INFO - Processing file /home/airflow/.local/lib/python3.8/site-packages/airflow/example_dags/example_branch_operator.py for tasks to queue
[2025-11-02T19:17:58.656+0000] {logging_mixin.py:188} INFO - [2025-11-02T19:17:58.651+0000] {dagbag.py:538} INFO - Filling up the DagBag from /home/airflow/.local/lib/python3.8/site-packages/airflow/example_dags/example_branch_operator.py
[2025-11-02T19:17:58.788+0000] {processor.py:840} INFO - DAG(s) 'example_branch_operator' retrieved from /home/airflow/.local/lib/python3.8/site-packages/airflow/example_dags/example_branch_operator.py
[2025-11-02T19:17:58.946+0000] {logging_mixin.py:188} INFO - [2025-11-02T19:17:58.945+0000] {dag.py:3036} INFO - Sync 1 DAGs
[2025-11-02T19:17:59.011+0000] {logging_mixin.py:188} INFO - [2025-11-02T19:17:59.011+0000] {dag.py:3823} INFO - Setting next_dagrun for example_branch_operator to 2025-11-01 00:00:00+00:00, run_after=2025-11-02 00:00:00+00:00
[2025-11-02T19:17:59.076+0000] {processor.py:183} INFO - Processing /home/airflow/.local/lib/python3.8/site-packages/airflow/example_dags/example_branch_operator.py took 0.474 seconds
[2025-11-02T19:18:29.360+0000] {processor.py:161} INFO - Started process (PID=5839) to work on /home/airflow/.local/lib/python3.8/site-packages/airflow/example_dags/example_branch_operator.py
[2025-11-02T19:18:29.363+0000] {processor.py:830} INFO - Processing file /home/airflow/.local/lib/python3.8/site-packages/airflow/example_dags/example_branch_operator.py for tasks to queue
[2025-11-02T19:18:29.370+0000] {logging_mixin.py:188} INFO - [2025-11-02T19:18:29.369+0000] {dagbag.py:538} INFO - Filling up the DagBag from /home/airflow/.local/lib/python3.8/site-packages/airflow/example_dags/example_branch_operator.py
[2025-11-02T19:18:29.432+0000] {processor.py:840} INFO - DAG(s) 'example_branch_operator' retrieved from /home/airflow/.local/lib/python3.8/site-packages/airflow/example_dags/example_branch_operator.py
[2025-11-02T19:18:29.540+0000] {logging_mixin.py:188} INFO - [2025-11-02T19:18:29.539+0000] {dag.py:3036} INFO - Sync 1 DAGs
[2025-11-02T19:18:29.594+0000] {logging_mixin.py:188} INFO - [2025-11-02T19:18:29.594+0000] {dag.py:3823} INFO - Setting next_dagrun for example_branch_operator to 2025-11-01 00:00:00+00:00, run_after=2025-11-02 00:00:00+00:00
[2025-11-02T19:18:29.640+0000] {processor.py:183} INFO - Processing /home/airflow/.local/lib/python3.8/site-packages/airflow/example_dags/example_branch_operator.py took 0.293 seconds
[2025-11-02T19:18:59.927+0000] {processor.py:161} INFO - Started process (PID=5893) to work on /home/airflow/.local/lib/python3.8/site-packages/airflow/example_dags/example_branch_operator.py
[2025-11-02T19:18:59.930+0000] {processor.py:830} INFO - Processing file /home/airflow/.local/lib/python3.8/site-packages/airflow/example_dags/example_branch_operator.py for tasks to queue
[2025-11-02T19:18:59.937+0000] {logging_mixin.py:188} INFO - [2025-11-02T19:18:59.936+0000] {dagbag.py:538} INFO - Filling up the DagBag from /home/airflow/.local/lib/python3.8/site-packages/airflow/example_dags/example_branch_operator.py
[2025-11-02T19:18:59.990+0000] {processor.py:840} INFO - DAG(s) 'example_branch_operator' retrieved from /home/airflow/.local/lib/python3.8/site-packages/airflow/example_dags/example_branch_operator.py
[2025-11-02T19:19:00.072+0000] {logging_mixin.py:188} INFO - [2025-11-02T19:19:00.071+0000] {dag.py:3036} INFO - Sync 1 DAGs
[2025-11-02T19:19:00.148+0000] {logging_mixin.py:188} INFO - [2025-11-02T19:19:00.148+0000] {dag.py:3823} INFO - Setting next_dagrun for example_branch_operator to 2025-11-01 00:00:00+00:00, run_after=2025-11-02 00:00:00+00:00
[2025-11-02T19:19:00.185+0000] {processor.py:183} INFO - Processing /home/airflow/.local/lib/python3.8/site-packages/airflow/example_dags/example_branch_operator.py took 0.269 seconds
[2025-11-02T19:19:30.763+0000] {processor.py:161} INFO - Started process (PID=5948) to work on /home/airflow/.local/lib/python3.8/site-packages/airflow/example_dags/example_branch_operator.py
[2025-11-02T19:19:30.766+0000] {processor.py:830} INFO - Processing file /home/airflow/.local/lib/python3.8/site-packages/airflow/example_dags/example_branch_operator.py for tasks to queue
[2025-11-02T19:19:30.773+0000] {logging_mixin.py:188} INFO - [2025-11-02T19:19:30.772+0000] {dagbag.py:538} INFO - Filling up the DagBag from /home/airflow/.local/lib/python3.8/site-packages/airflow/example_dags/example_branch_operator.py
[2025-11-02T19:19:30.818+0000] {processor.py:840} INFO - DAG(s) 'example_branch_operator' retrieved from /home/airflow/.local/lib/python3.8/site-packages/airflow/example_dags/example_branch_operator.py
[2025-11-02T19:19:30.899+0000] {logging_mixin.py:188} INFO - [2025-11-02T19:19:30.898+0000] {dag.py:3036} INFO - Sync 1 DAGs
[2025-11-02T19:19:30.958+0000] {logging_mixin.py:188} INFO - [2025-11-02T19:19:30.958+0000] {dag.py:3823} INFO - Setting next_dagrun for example_branch_operator to 2025-11-01 00:00:00+00:00, run_after=2025-11-02 00:00:00+00:00
[2025-11-02T19:19:30.998+0000] {processor.py:183} INFO - Processing /home/airflow/.local/lib/python3.8/site-packages/airflow/example_dags/example_branch_operator.py took 0.247 seconds
[2025-11-02T19:20:01.365+0000] {processor.py:161} INFO - Started process (PID=6004) to work on /home/airflow/.local/lib/python3.8/site-packages/airflow/example_dags/example_branch_operator.py
[2025-11-02T19:20:01.368+0000] {processor.py:830} INFO - Processing file /home/airflow/.local/lib/python3.8/site-packages/airflow/example_dags/example_branch_operator.py for tasks to queue
[2025-11-02T19:20:01.374+0000] {logging_mixin.py:188} INFO - [2025-11-02T19:20:01.373+0000] {dagbag.py:538} INFO - Filling up the DagBag from /home/airflow/.local/lib/python3.8/site-packages/airflow/example_dags/example_branch_operator.py
[2025-11-02T19:20:01.428+0000] {processor.py:840} INFO - DAG(s) 'example_branch_operator' retrieved from /home/airflow/.local/lib/python3.8/site-packages/airflow/example_dags/example_branch_operator.py
[2025-11-02T19:20:01.513+0000] {logging_mixin.py:188} INFO - [2025-11-02T19:20:01.512+0000] {dag.py:3036} INFO - Sync 1 DAGs
[2025-11-02T19:20:01.596+0000] {logging_mixin.py:188} INFO - [2025-11-02T19:20:01.595+0000] {dag.py:3823} INFO - Setting next_dagrun for example_branch_operator to 2025-11-01 00:00:00+00:00, run_after=2025-11-02 00:00:00+00:00
[2025-11-02T19:20:01.645+0000] {processor.py:183} INFO - Processing /home/airflow/.local/lib/python3.8/site-packages/airflow/example_dags/example_branch_operator.py took 0.291 seconds
[2025-11-02T19:20:32.388+0000] {processor.py:161} INFO - Started process (PID=6058) to work on /home/airflow/.local/lib/python3.8/site-packages/airflow/example_dags/example_branch_operator.py
[2025-11-02T19:20:32.391+0000] {processor.py:830} INFO - Processing file /home/airflow/.local/lib/python3.8/site-packages/airflow/example_dags/example_branch_operator.py for tasks to queue
[2025-11-02T19:20:32.397+0000] {logging_mixin.py:188} INFO - [2025-11-02T19:20:32.397+0000] {dagbag.py:538} INFO - Filling up the DagBag from /home/airflow/.local/lib/python3.8/site-packages/airflow/example_dags/example_branch_operator.py
[2025-11-02T19:20:32.458+0000] {processor.py:840} INFO - DAG(s) 'example_branch_operator' retrieved from /home/airflow/.local/lib/python3.8/site-packages/airflow/example_dags/example_branch_operator.py
[2025-11-02T19:20:32.539+0000] {logging_mixin.py:188} INFO - [2025-11-02T19:20:32.539+0000] {dag.py:3036} INFO - Sync 1 DAGs
[2025-11-02T19:20:32.609+0000] {logging_mixin.py:188} INFO - [2025-11-02T19:20:32.608+0000] {dag.py:3823} INFO - Setting next_dagrun for example_branch_operator to 2025-11-01 00:00:00+00:00, run_after=2025-11-02 00:00:00+00:00
[2025-11-02T19:20:32.652+0000] {processor.py:183} INFO - Processing /home/airflow/.local/lib/python3.8/site-packages/airflow/example_dags/example_branch_operator.py took 0.276 seconds
[2025-11-02T19:21:04.029+0000] {processor.py:161} INFO - Started process (PID=6113) to work on /home/airflow/.local/lib/python3.8/site-packages/airflow/example_dags/example_branch_operator.py
[2025-11-02T19:21:04.034+0000] {processor.py:830} INFO - Processing file /home/airflow/.local/lib/python3.8/site-packages/airflow/example_dags/example_branch_operator.py for tasks to queue
[2025-11-02T19:21:04.040+0000] {logging_mixin.py:188} INFO - [2025-11-02T19:21:04.039+0000] {dagbag.py:538} INFO - Filling up the DagBag from /home/airflow/.local/lib/python3.8/site-packages/airflow/example_dags/example_branch_operator.py
[2025-11-02T19:21:04.131+0000] {processor.py:840} INFO - DAG(s) 'example_branch_operator' retrieved from /home/airflow/.local/lib/python3.8/site-packages/airflow/example_dags/example_branch_operator.py
[2025-11-02T19:21:04.270+0000] {logging_mixin.py:188} INFO - [2025-11-02T19:21:04.269+0000] {dag.py:3036} INFO - Sync 1 DAGs
[2025-11-02T19:21:04.354+0000] {logging_mixin.py:188} INFO - [2025-11-02T19:21:04.353+0000] {dag.py:3823} INFO - Setting next_dagrun for example_branch_operator to 2025-11-01 00:00:00+00:00, run_after=2025-11-02 00:00:00+00:00
[2025-11-02T19:21:04.423+0000] {processor.py:183} INFO - Processing /home/airflow/.local/lib/python3.8/site-packages/airflow/example_dags/example_branch_operator.py took 0.420 seconds
[2025-11-02T19:21:34.971+0000] {processor.py:161} INFO - Started process (PID=6167) to work on /home/airflow/.local/lib/python3.8/site-packages/airflow/example_dags/example_branch_operator.py
[2025-11-02T19:21:34.982+0000] {processor.py:830} INFO - Processing file /home/airflow/.local/lib/python3.8/site-packages/airflow/example_dags/example_branch_operator.py for tasks to queue
[2025-11-02T19:21:34.989+0000] {logging_mixin.py:188} INFO - [2025-11-02T19:21:34.988+0000] {dagbag.py:538} INFO - Filling up the DagBag from /home/airflow/.local/lib/python3.8/site-packages/airflow/example_dags/example_branch_operator.py
[2025-11-02T19:21:35.063+0000] {processor.py:840} INFO - DAG(s) 'example_branch_operator' retrieved from /home/airflow/.local/lib/python3.8/site-packages/airflow/example_dags/example_branch_operator.py
[2025-11-02T19:21:35.156+0000] {logging_mixin.py:188} INFO - [2025-11-02T19:21:35.155+0000] {dag.py:3036} INFO - Sync 1 DAGs
[2025-11-02T19:21:35.236+0000] {logging_mixin.py:188} INFO - [2025-11-02T19:21:35.235+0000] {dag.py:3823} INFO - Setting next_dagrun for example_branch_operator to 2025-11-01 00:00:00+00:00, run_after=2025-11-02 00:00:00+00:00
[2025-11-02T19:21:35.330+0000] {processor.py:183} INFO - Processing /home/airflow/.local/lib/python3.8/site-packages/airflow/example_dags/example_branch_operator.py took 0.376 seconds
[2025-11-02T19:22:05.519+0000] {processor.py:161} INFO - Started process (PID=6221) to work on /home/airflow/.local/lib/python3.8/site-packages/airflow/example_dags/example_branch_operator.py
[2025-11-02T19:22:05.522+0000] {processor.py:830} INFO - Processing file /home/airflow/.local/lib/python3.8/site-packages/airflow/example_dags/example_branch_operator.py for tasks to queue
[2025-11-02T19:22:05.529+0000] {logging_mixin.py:188} INFO - [2025-11-02T19:22:05.528+0000] {dagbag.py:538} INFO - Filling up the DagBag from /home/airflow/.local/lib/python3.8/site-packages/airflow/example_dags/example_branch_operator.py
[2025-11-02T19:22:05.576+0000] {processor.py:840} INFO - DAG(s) 'example_branch_operator' retrieved from /home/airflow/.local/lib/python3.8/site-packages/airflow/example_dags/example_branch_operator.py
[2025-11-02T19:22:05.646+0000] {logging_mixin.py:188} INFO - [2025-11-02T19:22:05.646+0000] {dag.py:3036} INFO - Sync 1 DAGs
[2025-11-02T19:22:05.711+0000] {logging_mixin.py:188} INFO - [2025-11-02T19:22:05.711+0000] {dag.py:3823} INFO - Setting next_dagrun for example_branch_operator to 2025-11-01 00:00:00+00:00, run_after=2025-11-02 00:00:00+00:00
[2025-11-02T19:22:05.768+0000] {processor.py:183} INFO - Processing /home/airflow/.local/lib/python3.8/site-packages/airflow/example_dags/example_branch_operator.py took 0.259 seconds
[2025-11-02T19:22:36.370+0000] {processor.py:161} INFO - Started process (PID=6274) to work on /home/airflow/.local/lib/python3.8/site-packages/airflow/example_dags/example_branch_operator.py
[2025-11-02T19:22:36.376+0000] {processor.py:830} INFO - Processing file /home/airflow/.local/lib/python3.8/site-packages/airflow/example_dags/example_branch_operator.py for tasks to queue
[2025-11-02T19:22:36.383+0000] {logging_mixin.py:188} INFO - [2025-11-02T19:22:36.382+0000] {dagbag.py:538} INFO - Filling up the DagBag from /home/airflow/.local/lib/python3.8/site-packages/airflow/example_dags/example_branch_operator.py
[2025-11-02T19:22:36.550+0000] {processor.py:840} INFO - DAG(s) 'example_branch_operator' retrieved from /home/airflow/.local/lib/python3.8/site-packages/airflow/example_dags/example_branch_operator.py
[2025-11-02T19:22:36.646+0000] {logging_mixin.py:188} INFO - [2025-11-02T19:22:36.645+0000] {dag.py:3036} INFO - Sync 1 DAGs
[2025-11-02T19:22:36.706+0000] {logging_mixin.py:188} INFO - [2025-11-02T19:22:36.706+0000] {dag.py:3823} INFO - Setting next_dagrun for example_branch_operator to 2025-11-01 00:00:00+00:00, run_after=2025-11-02 00:00:00+00:00
[2025-11-02T19:22:36.764+0000] {processor.py:183} INFO - Processing /home/airflow/.local/lib/python3.8/site-packages/airflow/example_dags/example_branch_operator.py took 0.417 seconds
[2025-11-02T19:23:06.899+0000] {processor.py:161} INFO - Started process (PID=6329) to work on /home/airflow/.local/lib/python3.8/site-packages/airflow/example_dags/example_branch_operator.py
[2025-11-02T19:23:06.902+0000] {processor.py:830} INFO - Processing file /home/airflow/.local/lib/python3.8/site-packages/airflow/example_dags/example_branch_operator.py for tasks to queue
[2025-11-02T19:23:06.909+0000] {logging_mixin.py:188} INFO - [2025-11-02T19:23:06.908+0000] {dagbag.py:538} INFO - Filling up the DagBag from /home/airflow/.local/lib/python3.8/site-packages/airflow/example_dags/example_branch_operator.py
[2025-11-02T19:23:06.956+0000] {processor.py:840} INFO - DAG(s) 'example_branch_operator' retrieved from /home/airflow/.local/lib/python3.8/site-packages/airflow/example_dags/example_branch_operator.py
[2025-11-02T19:23:07.030+0000] {logging_mixin.py:188} INFO - [2025-11-02T19:23:07.030+0000] {dag.py:3036} INFO - Sync 1 DAGs
[2025-11-02T19:23:07.097+0000] {logging_mixin.py:188} INFO - [2025-11-02T19:23:07.097+0000] {dag.py:3823} INFO - Setting next_dagrun for example_branch_operator to 2025-11-01 00:00:00+00:00, run_after=2025-11-02 00:00:00+00:00
[2025-11-02T19:23:07.162+0000] {processor.py:183} INFO - Processing /home/airflow/.local/lib/python3.8/site-packages/airflow/example_dags/example_branch_operator.py took 0.273 seconds
[2025-11-02T19:23:37.559+0000] {processor.py:161} INFO - Started process (PID=6384) to work on /home/airflow/.local/lib/python3.8/site-packages/airflow/example_dags/example_branch_operator.py
[2025-11-02T19:23:37.563+0000] {processor.py:830} INFO - Processing file /home/airflow/.local/lib/python3.8/site-packages/airflow/example_dags/example_branch_operator.py for tasks to queue
[2025-11-02T19:23:37.570+0000] {logging_mixin.py:188} INFO - [2025-11-02T19:23:37.568+0000] {dagbag.py:538} INFO - Filling up the DagBag from /home/airflow/.local/lib/python3.8/site-packages/airflow/example_dags/example_branch_operator.py
[2025-11-02T19:23:37.629+0000] {processor.py:840} INFO - DAG(s) 'example_branch_operator' retrieved from /home/airflow/.local/lib/python3.8/site-packages/airflow/example_dags/example_branch_operator.py
[2025-11-02T19:23:37.719+0000] {logging_mixin.py:188} INFO - [2025-11-02T19:23:37.718+0000] {dag.py:3036} INFO - Sync 1 DAGs
[2025-11-02T19:23:37.781+0000] {logging_mixin.py:188} INFO - [2025-11-02T19:23:37.781+0000] {dag.py:3823} INFO - Setting next_dagrun for example_branch_operator to 2025-11-01 00:00:00+00:00, run_after=2025-11-02 00:00:00+00:00
[2025-11-02T19:23:37.843+0000] {processor.py:183} INFO - Processing /home/airflow/.local/lib/python3.8/site-packages/airflow/example_dags/example_branch_operator.py took 0.298 seconds
[2025-11-02T19:24:08.667+0000] {processor.py:161} INFO - Started process (PID=6439) to work on /home/airflow/.local/lib/python3.8/site-packages/airflow/example_dags/example_branch_operator.py
[2025-11-02T19:24:08.671+0000] {processor.py:830} INFO - Processing file /home/airflow/.local/lib/python3.8/site-packages/airflow/example_dags/example_branch_operator.py for tasks to queue
[2025-11-02T19:24:08.678+0000] {logging_mixin.py:188} INFO - [2025-11-02T19:24:08.677+0000] {dagbag.py:538} INFO - Filling up the DagBag from /home/airflow/.local/lib/python3.8/site-packages/airflow/example_dags/example_branch_operator.py
[2025-11-02T19:24:08.762+0000] {processor.py:840} INFO - DAG(s) 'example_branch_operator' retrieved from /home/airflow/.local/lib/python3.8/site-packages/airflow/example_dags/example_branch_operator.py
[2025-11-02T19:24:08.868+0000] {logging_mixin.py:188} INFO - [2025-11-02T19:24:08.868+0000] {dag.py:3036} INFO - Sync 1 DAGs
[2025-11-02T19:24:09.025+0000] {logging_mixin.py:188} INFO - [2025-11-02T19:24:09.024+0000] {dag.py:3823} INFO - Setting next_dagrun for example_branch_operator to 2025-11-01 00:00:00+00:00, run_after=2025-11-02 00:00:00+00:00
[2025-11-02T19:24:09.150+0000] {processor.py:183} INFO - Processing /home/airflow/.local/lib/python3.8/site-packages/airflow/example_dags/example_branch_operator.py took 0.506 seconds
[2025-11-02T19:24:39.583+0000] {processor.py:161} INFO - Started process (PID=6494) to work on /home/airflow/.local/lib/python3.8/site-packages/airflow/example_dags/example_branch_operator.py
[2025-11-02T19:24:39.588+0000] {processor.py:830} INFO - Processing file /home/airflow/.local/lib/python3.8/site-packages/airflow/example_dags/example_branch_operator.py for tasks to queue
[2025-11-02T19:24:39.598+0000] {logging_mixin.py:188} INFO - [2025-11-02T19:24:39.597+0000] {dagbag.py:538} INFO - Filling up the DagBag from /home/airflow/.local/lib/python3.8/site-packages/airflow/example_dags/example_branch_operator.py
[2025-11-02T19:24:39.663+0000] {processor.py:840} INFO - DAG(s) 'example_branch_operator' retrieved from /home/airflow/.local/lib/python3.8/site-packages/airflow/example_dags/example_branch_operator.py
[2025-11-02T19:24:39.754+0000] {logging_mixin.py:188} INFO - [2025-11-02T19:24:39.753+0000] {dag.py:3036} INFO - Sync 1 DAGs
[2025-11-02T19:24:39.814+0000] {logging_mixin.py:188} INFO - [2025-11-02T19:24:39.813+0000] {dag.py:3823} INFO - Setting next_dagrun for example_branch_operator to 2025-11-01 00:00:00+00:00, run_after=2025-11-02 00:00:00+00:00
[2025-11-02T19:24:39.871+0000] {processor.py:183} INFO - Processing /home/airflow/.local/lib/python3.8/site-packages/airflow/example_dags/example_branch_operator.py took 0.302 seconds
[2025-11-02T19:25:10.206+0000] {processor.py:161} INFO - Started process (PID=6549) to work on /home/airflow/.local/lib/python3.8/site-packages/airflow/example_dags/example_branch_operator.py
[2025-11-02T19:25:10.208+0000] {processor.py:830} INFO - Processing file /home/airflow/.local/lib/python3.8/site-packages/airflow/example_dags/example_branch_operator.py for tasks to queue
[2025-11-02T19:25:10.215+0000] {logging_mixin.py:188} INFO - [2025-11-02T19:25:10.214+0000] {dagbag.py:538} INFO - Filling up the DagBag from /home/airflow/.local/lib/python3.8/site-packages/airflow/example_dags/example_branch_operator.py
[2025-11-02T19:25:10.267+0000] {processor.py:840} INFO - DAG(s) 'example_branch_operator' retrieved from /home/airflow/.local/lib/python3.8/site-packages/airflow/example_dags/example_branch_operator.py
[2025-11-02T19:25:10.332+0000] {logging_mixin.py:188} INFO - [2025-11-02T19:25:10.332+0000] {dag.py:3036} INFO - Sync 1 DAGs
[2025-11-02T19:25:10.409+0000] {logging_mixin.py:188} INFO - [2025-11-02T19:25:10.408+0000] {dag.py:3823} INFO - Setting next_dagrun for example_branch_operator to 2025-11-01 00:00:00+00:00, run_after=2025-11-02 00:00:00+00:00
[2025-11-02T19:25:10.462+0000] {processor.py:183} INFO - Processing /home/airflow/.local/lib/python3.8/site-packages/airflow/example_dags/example_branch_operator.py took 0.265 seconds
[2025-11-02T19:25:40.917+0000] {processor.py:161} INFO - Started process (PID=6603) to work on /home/airflow/.local/lib/python3.8/site-packages/airflow/example_dags/example_branch_operator.py
[2025-11-02T19:25:40.921+0000] {processor.py:830} INFO - Processing file /home/airflow/.local/lib/python3.8/site-packages/airflow/example_dags/example_branch_operator.py for tasks to queue
[2025-11-02T19:25:40.927+0000] {logging_mixin.py:188} INFO - [2025-11-02T19:25:40.926+0000] {dagbag.py:538} INFO - Filling up the DagBag from /home/airflow/.local/lib/python3.8/site-packages/airflow/example_dags/example_branch_operator.py
[2025-11-02T19:25:41.000+0000] {processor.py:840} INFO - DAG(s) 'example_branch_operator' retrieved from /home/airflow/.local/lib/python3.8/site-packages/airflow/example_dags/example_branch_operator.py
[2025-11-02T19:25:41.074+0000] {logging_mixin.py:188} INFO - [2025-11-02T19:25:41.073+0000] {dag.py:3036} INFO - Sync 1 DAGs
[2025-11-02T19:25:41.154+0000] {logging_mixin.py:188} INFO - [2025-11-02T19:25:41.153+0000] {dag.py:3823} INFO - Setting next_dagrun for example_branch_operator to 2025-11-01 00:00:00+00:00, run_after=2025-11-02 00:00:00+00:00
[2025-11-02T19:25:41.226+0000] {processor.py:183} INFO - Processing /home/airflow/.local/lib/python3.8/site-packages/airflow/example_dags/example_branch_operator.py took 0.337 seconds
[2025-11-02T19:26:11.827+0000] {processor.py:161} INFO - Started process (PID=6658) to work on /home/airflow/.local/lib/python3.8/site-packages/airflow/example_dags/example_branch_operator.py
[2025-11-02T19:26:11.835+0000] {processor.py:830} INFO - Processing file /home/airflow/.local/lib/python3.8/site-packages/airflow/example_dags/example_branch_operator.py for tasks to queue
[2025-11-02T19:26:11.843+0000] {logging_mixin.py:188} INFO - [2025-11-02T19:26:11.842+0000] {dagbag.py:538} INFO - Filling up the DagBag from /home/airflow/.local/lib/python3.8/site-packages/airflow/example_dags/example_branch_operator.py
[2025-11-02T19:26:11.919+0000] {processor.py:840} INFO - DAG(s) 'example_branch_operator' retrieved from /home/airflow/.local/lib/python3.8/site-packages/airflow/example_dags/example_branch_operator.py
[2025-11-02T19:26:12.074+0000] {logging_mixin.py:188} INFO - [2025-11-02T19:26:12.073+0000] {dag.py:3036} INFO - Sync 1 DAGs
[2025-11-02T19:26:12.284+0000] {logging_mixin.py:188} INFO - [2025-11-02T19:26:12.283+0000] {dag.py:3823} INFO - Setting next_dagrun for example_branch_operator to 2025-11-01 00:00:00+00:00, run_after=2025-11-02 00:00:00+00:00
[2025-11-02T19:26:12.459+0000] {processor.py:183} INFO - Processing /home/airflow/.local/lib/python3.8/site-packages/airflow/example_dags/example_branch_operator.py took 0.650 seconds
[2025-11-02T19:26:43.204+0000] {processor.py:161} INFO - Started process (PID=6713) to work on /home/airflow/.local/lib/python3.8/site-packages/airflow/example_dags/example_branch_operator.py
[2025-11-02T19:26:43.206+0000] {processor.py:830} INFO - Processing file /home/airflow/.local/lib/python3.8/site-packages/airflow/example_dags/example_branch_operator.py for tasks to queue
[2025-11-02T19:26:43.215+0000] {logging_mixin.py:188} INFO - [2025-11-02T19:26:43.214+0000] {dagbag.py:538} INFO - Filling up the DagBag from /home/airflow/.local/lib/python3.8/site-packages/airflow/example_dags/example_branch_operator.py
[2025-11-02T19:26:43.266+0000] {processor.py:840} INFO - DAG(s) 'example_branch_operator' retrieved from /home/airflow/.local/lib/python3.8/site-packages/airflow/example_dags/example_branch_operator.py
[2025-11-02T19:26:43.332+0000] {logging_mixin.py:188} INFO - [2025-11-02T19:26:43.331+0000] {dag.py:3036} INFO - Sync 1 DAGs
[2025-11-02T19:26:43.385+0000] {logging_mixin.py:188} INFO - [2025-11-02T19:26:43.385+0000] {dag.py:3823} INFO - Setting next_dagrun for example_branch_operator to 2025-11-01 00:00:00+00:00, run_after=2025-11-02 00:00:00+00:00
[2025-11-02T19:26:43.436+0000] {processor.py:183} INFO - Processing /home/airflow/.local/lib/python3.8/site-packages/airflow/example_dags/example_branch_operator.py took 0.241 seconds
[2025-11-02T19:27:13.673+0000] {processor.py:161} INFO - Started process (PID=6768) to work on /home/airflow/.local/lib/python3.8/site-packages/airflow/example_dags/example_branch_operator.py
[2025-11-02T19:27:13.676+0000] {processor.py:830} INFO - Processing file /home/airflow/.local/lib/python3.8/site-packages/airflow/example_dags/example_branch_operator.py for tasks to queue
[2025-11-02T19:27:13.685+0000] {logging_mixin.py:188} INFO - [2025-11-02T19:27:13.684+0000] {dagbag.py:538} INFO - Filling up the DagBag from /home/airflow/.local/lib/python3.8/site-packages/airflow/example_dags/example_branch_operator.py
[2025-11-02T19:27:13.749+0000] {processor.py:840} INFO - DAG(s) 'example_branch_operator' retrieved from /home/airflow/.local/lib/python3.8/site-packages/airflow/example_dags/example_branch_operator.py
[2025-11-02T19:27:13.832+0000] {logging_mixin.py:188} INFO - [2025-11-02T19:27:13.831+0000] {dag.py:3036} INFO - Sync 1 DAGs
[2025-11-02T19:27:13.903+0000] {logging_mixin.py:188} INFO - [2025-11-02T19:27:13.903+0000] {dag.py:3823} INFO - Setting next_dagrun for example_branch_operator to 2025-11-01 00:00:00+00:00, run_after=2025-11-02 00:00:00+00:00
[2025-11-02T19:27:13.955+0000] {processor.py:183} INFO - Processing /home/airflow/.local/lib/python3.8/site-packages/airflow/example_dags/example_branch_operator.py took 0.291 seconds
[2025-11-02T19:27:44.223+0000] {processor.py:161} INFO - Started process (PID=6824) to work on /home/airflow/.local/lib/python3.8/site-packages/airflow/example_dags/example_branch_operator.py
[2025-11-02T19:27:44.227+0000] {processor.py:830} INFO - Processing file /home/airflow/.local/lib/python3.8/site-packages/airflow/example_dags/example_branch_operator.py for tasks to queue
[2025-11-02T19:27:44.234+0000] {logging_mixin.py:188} INFO - [2025-11-02T19:27:44.233+0000] {dagbag.py:538} INFO - Filling up the DagBag from /home/airflow/.local/lib/python3.8/site-packages/airflow/example_dags/example_branch_operator.py
[2025-11-02T19:27:44.287+0000] {processor.py:840} INFO - DAG(s) 'example_branch_operator' retrieved from /home/airflow/.local/lib/python3.8/site-packages/airflow/example_dags/example_branch_operator.py
[2025-11-02T19:27:44.377+0000] {logging_mixin.py:188} INFO - [2025-11-02T19:27:44.376+0000] {dag.py:3036} INFO - Sync 1 DAGs
[2025-11-02T19:27:44.455+0000] {logging_mixin.py:188} INFO - [2025-11-02T19:27:44.454+0000] {dag.py:3823} INFO - Setting next_dagrun for example_branch_operator to 2025-11-01 00:00:00+00:00, run_after=2025-11-02 00:00:00+00:00
[2025-11-02T19:27:44.523+0000] {processor.py:183} INFO - Processing /home/airflow/.local/lib/python3.8/site-packages/airflow/example_dags/example_branch_operator.py took 0.313 seconds
[2025-11-02T19:28:15.256+0000] {processor.py:161} INFO - Started process (PID=6879) to work on /home/airflow/.local/lib/python3.8/site-packages/airflow/example_dags/example_branch_operator.py
[2025-11-02T19:28:15.259+0000] {processor.py:830} INFO - Processing file /home/airflow/.local/lib/python3.8/site-packages/airflow/example_dags/example_branch_operator.py for tasks to queue
[2025-11-02T19:28:15.264+0000] {logging_mixin.py:188} INFO - [2025-11-02T19:28:15.263+0000] {dagbag.py:538} INFO - Filling up the DagBag from /home/airflow/.local/lib/python3.8/site-packages/airflow/example_dags/example_branch_operator.py
[2025-11-02T19:28:15.305+0000] {processor.py:840} INFO - DAG(s) 'example_branch_operator' retrieved from /home/airflow/.local/lib/python3.8/site-packages/airflow/example_dags/example_branch_operator.py
[2025-11-02T19:28:15.375+0000] {logging_mixin.py:188} INFO - [2025-11-02T19:28:15.375+0000] {dag.py:3036} INFO - Sync 1 DAGs
[2025-11-02T19:28:15.430+0000] {logging_mixin.py:188} INFO - [2025-11-02T19:28:15.430+0000] {dag.py:3823} INFO - Setting next_dagrun for example_branch_operator to 2025-11-01 00:00:00+00:00, run_after=2025-11-02 00:00:00+00:00
[2025-11-02T19:28:15.485+0000] {processor.py:183} INFO - Processing /home/airflow/.local/lib/python3.8/site-packages/airflow/example_dags/example_branch_operator.py took 0.239 seconds
[2025-11-02T19:28:45.700+0000] {processor.py:161} INFO - Started process (PID=6934) to work on /home/airflow/.local/lib/python3.8/site-packages/airflow/example_dags/example_branch_operator.py
[2025-11-02T19:28:45.705+0000] {processor.py:830} INFO - Processing file /home/airflow/.local/lib/python3.8/site-packages/airflow/example_dags/example_branch_operator.py for tasks to queue
[2025-11-02T19:28:45.713+0000] {logging_mixin.py:188} INFO - [2025-11-02T19:28:45.712+0000] {dagbag.py:538} INFO - Filling up the DagBag from /home/airflow/.local/lib/python3.8/site-packages/airflow/example_dags/example_branch_operator.py
[2025-11-02T19:28:45.797+0000] {processor.py:840} INFO - DAG(s) 'example_branch_operator' retrieved from /home/airflow/.local/lib/python3.8/site-packages/airflow/example_dags/example_branch_operator.py
[2025-11-02T19:28:45.894+0000] {logging_mixin.py:188} INFO - [2025-11-02T19:28:45.893+0000] {dag.py:3036} INFO - Sync 1 DAGs
[2025-11-02T19:28:45.953+0000] {logging_mixin.py:188} INFO - [2025-11-02T19:28:45.952+0000] {dag.py:3823} INFO - Setting next_dagrun for example_branch_operator to 2025-11-01 00:00:00+00:00, run_after=2025-11-02 00:00:00+00:00
[2025-11-02T19:28:45.998+0000] {processor.py:183} INFO - Processing /home/airflow/.local/lib/python3.8/site-packages/airflow/example_dags/example_branch_operator.py took 0.313 seconds
[2025-11-02T19:29:16.514+0000] {processor.py:161} INFO - Started process (PID=6988) to work on /home/airflow/.local/lib/python3.8/site-packages/airflow/example_dags/example_branch_operator.py
[2025-11-02T19:29:16.518+0000] {processor.py:830} INFO - Processing file /home/airflow/.local/lib/python3.8/site-packages/airflow/example_dags/example_branch_operator.py for tasks to queue
[2025-11-02T19:29:16.526+0000] {logging_mixin.py:188} INFO - [2025-11-02T19:29:16.524+0000] {dagbag.py:538} INFO - Filling up the DagBag from /home/airflow/.local/lib/python3.8/site-packages/airflow/example_dags/example_branch_operator.py
[2025-11-02T19:29:16.622+0000] {processor.py:840} INFO - DAG(s) 'example_branch_operator' retrieved from /home/airflow/.local/lib/python3.8/site-packages/airflow/example_dags/example_branch_operator.py
[2025-11-02T19:29:16.758+0000] {logging_mixin.py:188} INFO - [2025-11-02T19:29:16.758+0000] {dag.py:3036} INFO - Sync 1 DAGs
[2025-11-02T19:29:16.886+0000] {logging_mixin.py:188} INFO - [2025-11-02T19:29:16.886+0000] {dag.py:3823} INFO - Setting next_dagrun for example_branch_operator to 2025-11-01 00:00:00+00:00, run_after=2025-11-02 00:00:00+00:00
[2025-11-02T19:29:16.943+0000] {processor.py:183} INFO - Processing /home/airflow/.local/lib/python3.8/site-packages/airflow/example_dags/example_branch_operator.py took 0.448 seconds
[2025-11-02T19:29:47.100+0000] {processor.py:161} INFO - Started process (PID=7044) to work on /home/airflow/.local/lib/python3.8/site-packages/airflow/example_dags/example_branch_operator.py
[2025-11-02T19:29:47.102+0000] {processor.py:830} INFO - Processing file /home/airflow/.local/lib/python3.8/site-packages/airflow/example_dags/example_branch_operator.py for tasks to queue
[2025-11-02T19:29:47.108+0000] {logging_mixin.py:188} INFO - [2025-11-02T19:29:47.107+0000] {dagbag.py:538} INFO - Filling up the DagBag from /home/airflow/.local/lib/python3.8/site-packages/airflow/example_dags/example_branch_operator.py
[2025-11-02T19:29:47.149+0000] {processor.py:840} INFO - DAG(s) 'example_branch_operator' retrieved from /home/airflow/.local/lib/python3.8/site-packages/airflow/example_dags/example_branch_operator.py
[2025-11-02T19:29:47.218+0000] {logging_mixin.py:188} INFO - [2025-11-02T19:29:47.217+0000] {dag.py:3036} INFO - Sync 1 DAGs
[2025-11-02T19:29:47.268+0000] {logging_mixin.py:188} INFO - [2025-11-02T19:29:47.268+0000] {dag.py:3823} INFO - Setting next_dagrun for example_branch_operator to 2025-11-01 00:00:00+00:00, run_after=2025-11-02 00:00:00+00:00
[2025-11-02T19:29:47.318+0000] {processor.py:183} INFO - Processing /home/airflow/.local/lib/python3.8/site-packages/airflow/example_dags/example_branch_operator.py took 0.227 seconds
[2025-11-02T19:30:17.585+0000] {processor.py:161} INFO - Started process (PID=7099) to work on /home/airflow/.local/lib/python3.8/site-packages/airflow/example_dags/example_branch_operator.py
[2025-11-02T19:30:17.611+0000] {processor.py:830} INFO - Processing file /home/airflow/.local/lib/python3.8/site-packages/airflow/example_dags/example_branch_operator.py for tasks to queue
[2025-11-02T19:30:17.622+0000] {logging_mixin.py:188} INFO - [2025-11-02T19:30:17.620+0000] {dagbag.py:538} INFO - Filling up the DagBag from /home/airflow/.local/lib/python3.8/site-packages/airflow/example_dags/example_branch_operator.py
[2025-11-02T19:30:17.699+0000] {processor.py:840} INFO - DAG(s) 'example_branch_operator' retrieved from /home/airflow/.local/lib/python3.8/site-packages/airflow/example_dags/example_branch_operator.py
[2025-11-02T19:30:17.859+0000] {logging_mixin.py:188} INFO - [2025-11-02T19:30:17.858+0000] {dag.py:3036} INFO - Sync 1 DAGs
[2025-11-02T19:30:18.002+0000] {logging_mixin.py:188} INFO - [2025-11-02T19:30:18.001+0000] {dag.py:3823} INFO - Setting next_dagrun for example_branch_operator to 2025-11-01 00:00:00+00:00, run_after=2025-11-02 00:00:00+00:00
[2025-11-02T19:30:18.108+0000] {processor.py:183} INFO - Processing /home/airflow/.local/lib/python3.8/site-packages/airflow/example_dags/example_branch_operator.py took 0.537 seconds
[2025-11-02T19:30:48.796+0000] {processor.py:161} INFO - Started process (PID=7154) to work on /home/airflow/.local/lib/python3.8/site-packages/airflow/example_dags/example_branch_operator.py
[2025-11-02T19:30:48.800+0000] {processor.py:830} INFO - Processing file /home/airflow/.local/lib/python3.8/site-packages/airflow/example_dags/example_branch_operator.py for tasks to queue
[2025-11-02T19:30:48.807+0000] {logging_mixin.py:188} INFO - [2025-11-02T19:30:48.806+0000] {dagbag.py:538} INFO - Filling up the DagBag from /home/airflow/.local/lib/python3.8/site-packages/airflow/example_dags/example_branch_operator.py
[2025-11-02T19:30:48.865+0000] {processor.py:840} INFO - DAG(s) 'example_branch_operator' retrieved from /home/airflow/.local/lib/python3.8/site-packages/airflow/example_dags/example_branch_operator.py
[2025-11-02T19:30:48.971+0000] {logging_mixin.py:188} INFO - [2025-11-02T19:30:48.970+0000] {dag.py:3036} INFO - Sync 1 DAGs
[2025-11-02T19:30:49.058+0000] {logging_mixin.py:188} INFO - [2025-11-02T19:30:49.057+0000] {dag.py:3823} INFO - Setting next_dagrun for example_branch_operator to 2025-11-01 00:00:00+00:00, run_after=2025-11-02 00:00:00+00:00
[2025-11-02T19:30:49.149+0000] {processor.py:183} INFO - Processing /home/airflow/.local/lib/python3.8/site-packages/airflow/example_dags/example_branch_operator.py took 0.369 seconds
[2025-11-02T19:31:19.404+0000] {processor.py:161} INFO - Started process (PID=7209) to work on /home/airflow/.local/lib/python3.8/site-packages/airflow/example_dags/example_branch_operator.py
[2025-11-02T19:31:19.409+0000] {processor.py:830} INFO - Processing file /home/airflow/.local/lib/python3.8/site-packages/airflow/example_dags/example_branch_operator.py for tasks to queue
[2025-11-02T19:31:19.417+0000] {logging_mixin.py:188} INFO - [2025-11-02T19:31:19.416+0000] {dagbag.py:538} INFO - Filling up the DagBag from /home/airflow/.local/lib/python3.8/site-packages/airflow/example_dags/example_branch_operator.py
[2025-11-02T19:31:19.569+0000] {processor.py:840} INFO - DAG(s) 'example_branch_operator' retrieved from /home/airflow/.local/lib/python3.8/site-packages/airflow/example_dags/example_branch_operator.py
[2025-11-02T19:31:19.732+0000] {logging_mixin.py:188} INFO - [2025-11-02T19:31:19.731+0000] {dag.py:3036} INFO - Sync 1 DAGs
[2025-11-02T19:31:19.868+0000] {logging_mixin.py:188} INFO - [2025-11-02T19:31:19.867+0000] {dag.py:3823} INFO - Setting next_dagrun for example_branch_operator to 2025-11-01 00:00:00+00:00, run_after=2025-11-02 00:00:00+00:00
[2025-11-02T19:31:19.976+0000] {processor.py:183} INFO - Processing /home/airflow/.local/lib/python3.8/site-packages/airflow/example_dags/example_branch_operator.py took 0.599 seconds
[2025-11-02T19:31:50.254+0000] {processor.py:161} INFO - Started process (PID=7264) to work on /home/airflow/.local/lib/python3.8/site-packages/airflow/example_dags/example_branch_operator.py
[2025-11-02T19:31:50.258+0000] {processor.py:830} INFO - Processing file /home/airflow/.local/lib/python3.8/site-packages/airflow/example_dags/example_branch_operator.py for tasks to queue
[2025-11-02T19:31:50.275+0000] {logging_mixin.py:188} INFO - [2025-11-02T19:31:50.274+0000] {dagbag.py:538} INFO - Filling up the DagBag from /home/airflow/.local/lib/python3.8/site-packages/airflow/example_dags/example_branch_operator.py
[2025-11-02T19:31:50.348+0000] {processor.py:840} INFO - DAG(s) 'example_branch_operator' retrieved from /home/airflow/.local/lib/python3.8/site-packages/airflow/example_dags/example_branch_operator.py
[2025-11-02T19:31:50.440+0000] {logging_mixin.py:188} INFO - [2025-11-02T19:31:50.439+0000] {dag.py:3036} INFO - Sync 1 DAGs
[2025-11-02T19:31:50.501+0000] {logging_mixin.py:188} INFO - [2025-11-02T19:31:50.501+0000] {dag.py:3823} INFO - Setting next_dagrun for example_branch_operator to 2025-11-01 00:00:00+00:00, run_after=2025-11-02 00:00:00+00:00
[2025-11-02T19:31:50.544+0000] {processor.py:183} INFO - Processing /home/airflow/.local/lib/python3.8/site-packages/airflow/example_dags/example_branch_operator.py took 0.312 seconds
[2025-11-02T19:32:20.847+0000] {processor.py:161} INFO - Started process (PID=7319) to work on /home/airflow/.local/lib/python3.8/site-packages/airflow/example_dags/example_branch_operator.py
[2025-11-02T19:32:20.851+0000] {processor.py:830} INFO - Processing file /home/airflow/.local/lib/python3.8/site-packages/airflow/example_dags/example_branch_operator.py for tasks to queue
[2025-11-02T19:32:20.859+0000] {logging_mixin.py:188} INFO - [2025-11-02T19:32:20.858+0000] {dagbag.py:538} INFO - Filling up the DagBag from /home/airflow/.local/lib/python3.8/site-packages/airflow/example_dags/example_branch_operator.py
[2025-11-02T19:32:20.926+0000] {processor.py:840} INFO - DAG(s) 'example_branch_operator' retrieved from /home/airflow/.local/lib/python3.8/site-packages/airflow/example_dags/example_branch_operator.py
[2025-11-02T19:32:21.065+0000] {logging_mixin.py:188} INFO - [2025-11-02T19:32:21.063+0000] {dag.py:3036} INFO - Sync 1 DAGs
[2025-11-02T19:32:21.174+0000] {logging_mixin.py:188} INFO - [2025-11-02T19:32:21.173+0000] {dag.py:3823} INFO - Setting next_dagrun for example_branch_operator to 2025-11-01 00:00:00+00:00, run_after=2025-11-02 00:00:00+00:00
[2025-11-02T19:32:21.321+0000] {processor.py:183} INFO - Processing /home/airflow/.local/lib/python3.8/site-packages/airflow/example_dags/example_branch_operator.py took 0.488 seconds
[2025-11-02T19:32:51.801+0000] {processor.py:161} INFO - Started process (PID=7374) to work on /home/airflow/.local/lib/python3.8/site-packages/airflow/example_dags/example_branch_operator.py
[2025-11-02T19:32:51.804+0000] {processor.py:830} INFO - Processing file /home/airflow/.local/lib/python3.8/site-packages/airflow/example_dags/example_branch_operator.py for tasks to queue
[2025-11-02T19:32:51.810+0000] {logging_mixin.py:188} INFO - [2025-11-02T19:32:51.809+0000] {dagbag.py:538} INFO - Filling up the DagBag from /home/airflow/.local/lib/python3.8/site-packages/airflow/example_dags/example_branch_operator.py
[2025-11-02T19:32:51.870+0000] {processor.py:840} INFO - DAG(s) 'example_branch_operator' retrieved from /home/airflow/.local/lib/python3.8/site-packages/airflow/example_dags/example_branch_operator.py
[2025-11-02T19:32:51.947+0000] {logging_mixin.py:188} INFO - [2025-11-02T19:32:51.947+0000] {dag.py:3036} INFO - Sync 1 DAGs
[2025-11-02T19:32:52.018+0000] {logging_mixin.py:188} INFO - [2025-11-02T19:32:52.017+0000] {dag.py:3823} INFO - Setting next_dagrun for example_branch_operator to 2025-11-01 00:00:00+00:00, run_after=2025-11-02 00:00:00+00:00
[2025-11-02T19:32:52.062+0000] {processor.py:183} INFO - Processing /home/airflow/.local/lib/python3.8/site-packages/airflow/example_dags/example_branch_operator.py took 0.270 seconds
[2025-11-02T19:33:22.380+0000] {processor.py:161} INFO - Started process (PID=7428) to work on /home/airflow/.local/lib/python3.8/site-packages/airflow/example_dags/example_branch_operator.py
[2025-11-02T19:33:22.382+0000] {processor.py:830} INFO - Processing file /home/airflow/.local/lib/python3.8/site-packages/airflow/example_dags/example_branch_operator.py for tasks to queue
[2025-11-02T19:33:22.387+0000] {logging_mixin.py:188} INFO - [2025-11-02T19:33:22.386+0000] {dagbag.py:538} INFO - Filling up the DagBag from /home/airflow/.local/lib/python3.8/site-packages/airflow/example_dags/example_branch_operator.py
[2025-11-02T19:33:22.423+0000] {processor.py:840} INFO - DAG(s) 'example_branch_operator' retrieved from /home/airflow/.local/lib/python3.8/site-packages/airflow/example_dags/example_branch_operator.py
[2025-11-02T19:33:22.481+0000] {logging_mixin.py:188} INFO - [2025-11-02T19:33:22.480+0000] {dag.py:3036} INFO - Sync 1 DAGs
[2025-11-02T19:33:22.532+0000] {logging_mixin.py:188} INFO - [2025-11-02T19:33:22.532+0000] {dag.py:3823} INFO - Setting next_dagrun for example_branch_operator to 2025-11-01 00:00:00+00:00, run_after=2025-11-02 00:00:00+00:00
[2025-11-02T19:33:22.571+0000] {processor.py:183} INFO - Processing /home/airflow/.local/lib/python3.8/site-packages/airflow/example_dags/example_branch_operator.py took 0.200 seconds
[2025-11-02T19:33:53.246+0000] {processor.py:161} INFO - Started process (PID=7484) to work on /home/airflow/.local/lib/python3.8/site-packages/airflow/example_dags/example_branch_operator.py
[2025-11-02T19:33:53.251+0000] {processor.py:830} INFO - Processing file /home/airflow/.local/lib/python3.8/site-packages/airflow/example_dags/example_branch_operator.py for tasks to queue
[2025-11-02T19:33:53.257+0000] {logging_mixin.py:188} INFO - [2025-11-02T19:33:53.256+0000] {dagbag.py:538} INFO - Filling up the DagBag from /home/airflow/.local/lib/python3.8/site-packages/airflow/example_dags/example_branch_operator.py
[2025-11-02T19:33:53.308+0000] {processor.py:840} INFO - DAG(s) 'example_branch_operator' retrieved from /home/airflow/.local/lib/python3.8/site-packages/airflow/example_dags/example_branch_operator.py
[2025-11-02T19:33:53.381+0000] {logging_mixin.py:188} INFO - [2025-11-02T19:33:53.381+0000] {dag.py:3036} INFO - Sync 1 DAGs
[2025-11-02T19:33:53.460+0000] {logging_mixin.py:188} INFO - [2025-11-02T19:33:53.459+0000] {dag.py:3823} INFO - Setting next_dagrun for example_branch_operator to 2025-11-01 00:00:00+00:00, run_after=2025-11-02 00:00:00+00:00
[2025-11-02T19:33:53.517+0000] {processor.py:183} INFO - Processing /home/airflow/.local/lib/python3.8/site-packages/airflow/example_dags/example_branch_operator.py took 0.283 seconds
[2025-11-02T19:34:23.905+0000] {processor.py:161} INFO - Started process (PID=7538) to work on /home/airflow/.local/lib/python3.8/site-packages/airflow/example_dags/example_branch_operator.py
[2025-11-02T19:34:23.908+0000] {processor.py:830} INFO - Processing file /home/airflow/.local/lib/python3.8/site-packages/airflow/example_dags/example_branch_operator.py for tasks to queue
[2025-11-02T19:34:23.913+0000] {logging_mixin.py:188} INFO - [2025-11-02T19:34:23.912+0000] {dagbag.py:538} INFO - Filling up the DagBag from /home/airflow/.local/lib/python3.8/site-packages/airflow/example_dags/example_branch_operator.py
[2025-11-02T19:34:23.961+0000] {processor.py:840} INFO - DAG(s) 'example_branch_operator' retrieved from /home/airflow/.local/lib/python3.8/site-packages/airflow/example_dags/example_branch_operator.py
[2025-11-02T19:34:24.029+0000] {logging_mixin.py:188} INFO - [2025-11-02T19:34:24.029+0000] {dag.py:3036} INFO - Sync 1 DAGs
[2025-11-02T19:34:24.083+0000] {logging_mixin.py:188} INFO - [2025-11-02T19:34:24.082+0000] {dag.py:3823} INFO - Setting next_dagrun for example_branch_operator to 2025-11-01 00:00:00+00:00, run_after=2025-11-02 00:00:00+00:00
[2025-11-02T19:34:24.125+0000] {processor.py:183} INFO - Processing /home/airflow/.local/lib/python3.8/site-packages/airflow/example_dags/example_branch_operator.py took 0.230 seconds
[2025-11-02T19:34:54.960+0000] {processor.py:161} INFO - Started process (PID=7595) to work on /home/airflow/.local/lib/python3.8/site-packages/airflow/example_dags/example_branch_operator.py
[2025-11-02T19:34:54.972+0000] {processor.py:830} INFO - Processing file /home/airflow/.local/lib/python3.8/site-packages/airflow/example_dags/example_branch_operator.py for tasks to queue
[2025-11-02T19:34:54.980+0000] {logging_mixin.py:188} INFO - [2025-11-02T19:34:54.978+0000] {dagbag.py:538} INFO - Filling up the DagBag from /home/airflow/.local/lib/python3.8/site-packages/airflow/example_dags/example_branch_operator.py
[2025-11-02T19:34:55.058+0000] {processor.py:840} INFO - DAG(s) 'example_branch_operator' retrieved from /home/airflow/.local/lib/python3.8/site-packages/airflow/example_dags/example_branch_operator.py
[2025-11-02T19:34:55.139+0000] {logging_mixin.py:188} INFO - [2025-11-02T19:34:55.139+0000] {dag.py:3036} INFO - Sync 1 DAGs
[2025-11-02T19:34:55.251+0000] {logging_mixin.py:188} INFO - [2025-11-02T19:34:55.251+0000] {dag.py:3823} INFO - Setting next_dagrun for example_branch_operator to 2025-11-01 00:00:00+00:00, run_after=2025-11-02 00:00:00+00:00
[2025-11-02T19:34:55.306+0000] {processor.py:183} INFO - Processing /home/airflow/.local/lib/python3.8/site-packages/airflow/example_dags/example_branch_operator.py took 0.395 seconds
[2025-11-02T19:35:25.803+0000] {processor.py:161} INFO - Started process (PID=7650) to work on /home/airflow/.local/lib/python3.8/site-packages/airflow/example_dags/example_branch_operator.py
[2025-11-02T19:35:25.805+0000] {processor.py:830} INFO - Processing file /home/airflow/.local/lib/python3.8/site-packages/airflow/example_dags/example_branch_operator.py for tasks to queue
[2025-11-02T19:35:25.810+0000] {logging_mixin.py:188} INFO - [2025-11-02T19:35:25.809+0000] {dagbag.py:538} INFO - Filling up the DagBag from /home/airflow/.local/lib/python3.8/site-packages/airflow/example_dags/example_branch_operator.py
[2025-11-02T19:35:25.847+0000] {processor.py:840} INFO - DAG(s) 'example_branch_operator' retrieved from /home/airflow/.local/lib/python3.8/site-packages/airflow/example_dags/example_branch_operator.py
[2025-11-02T19:35:25.905+0000] {logging_mixin.py:188} INFO - [2025-11-02T19:35:25.905+0000] {dag.py:3036} INFO - Sync 1 DAGs
[2025-11-02T19:35:25.951+0000] {logging_mixin.py:188} INFO - [2025-11-02T19:35:25.950+0000] {dag.py:3823} INFO - Setting next_dagrun for example_branch_operator to 2025-11-01 00:00:00+00:00, run_after=2025-11-02 00:00:00+00:00
[2025-11-02T19:35:25.989+0000] {processor.py:183} INFO - Processing /home/airflow/.local/lib/python3.8/site-packages/airflow/example_dags/example_branch_operator.py took 0.196 seconds
[2025-11-02T19:35:56.800+0000] {processor.py:161} INFO - Started process (PID=7705) to work on /home/airflow/.local/lib/python3.8/site-packages/airflow/example_dags/example_branch_operator.py
[2025-11-02T19:35:56.803+0000] {processor.py:830} INFO - Processing file /home/airflow/.local/lib/python3.8/site-packages/airflow/example_dags/example_branch_operator.py for tasks to queue
[2025-11-02T19:35:56.812+0000] {logging_mixin.py:188} INFO - [2025-11-02T19:35:56.810+0000] {dagbag.py:538} INFO - Filling up the DagBag from /home/airflow/.local/lib/python3.8/site-packages/airflow/example_dags/example_branch_operator.py
[2025-11-02T19:35:56.894+0000] {processor.py:840} INFO - DAG(s) 'example_branch_operator' retrieved from /home/airflow/.local/lib/python3.8/site-packages/airflow/example_dags/example_branch_operator.py
[2025-11-02T19:35:57.002+0000] {logging_mixin.py:188} INFO - [2025-11-02T19:35:57.001+0000] {dag.py:3036} INFO - Sync 1 DAGs
[2025-11-02T19:35:57.127+0000] {logging_mixin.py:188} INFO - [2025-11-02T19:35:57.127+0000] {dag.py:3823} INFO - Setting next_dagrun for example_branch_operator to 2025-11-01 00:00:00+00:00, run_after=2025-11-02 00:00:00+00:00
[2025-11-02T19:35:57.186+0000] {processor.py:183} INFO - Processing /home/airflow/.local/lib/python3.8/site-packages/airflow/example_dags/example_branch_operator.py took 0.415 seconds
[2025-11-02T19:36:27.937+0000] {processor.py:161} INFO - Started process (PID=7760) to work on /home/airflow/.local/lib/python3.8/site-packages/airflow/example_dags/example_branch_operator.py
[2025-11-02T19:36:27.943+0000] {processor.py:830} INFO - Processing file /home/airflow/.local/lib/python3.8/site-packages/airflow/example_dags/example_branch_operator.py for tasks to queue
[2025-11-02T19:36:27.950+0000] {logging_mixin.py:188} INFO - [2025-11-02T19:36:27.949+0000] {dagbag.py:538} INFO - Filling up the DagBag from /home/airflow/.local/lib/python3.8/site-packages/airflow/example_dags/example_branch_operator.py
[2025-11-02T19:36:28.042+0000] {processor.py:840} INFO - DAG(s) 'example_branch_operator' retrieved from /home/airflow/.local/lib/python3.8/site-packages/airflow/example_dags/example_branch_operator.py
[2025-11-02T19:36:28.312+0000] {logging_mixin.py:188} INFO - [2025-11-02T19:36:28.311+0000] {dag.py:3036} INFO - Sync 1 DAGs
[2025-11-02T19:36:28.408+0000] {logging_mixin.py:188} INFO - [2025-11-02T19:36:28.407+0000] {dag.py:3823} INFO - Setting next_dagrun for example_branch_operator to 2025-11-01 00:00:00+00:00, run_after=2025-11-02 00:00:00+00:00
[2025-11-02T19:36:28.493+0000] {processor.py:183} INFO - Processing /home/airflow/.local/lib/python3.8/site-packages/airflow/example_dags/example_branch_operator.py took 0.572 seconds
[2025-11-02T19:37:03.129+0000] {processor.py:161} INFO - Started process (PID=7815) to work on /home/airflow/.local/lib/python3.8/site-packages/airflow/example_dags/example_branch_operator.py
[2025-11-02T19:37:03.138+0000] {processor.py:830} INFO - Processing file /home/airflow/.local/lib/python3.8/site-packages/airflow/example_dags/example_branch_operator.py for tasks to queue
[2025-11-02T19:37:03.145+0000] {logging_mixin.py:188} INFO - [2025-11-02T19:37:03.144+0000] {dagbag.py:538} INFO - Filling up the DagBag from /home/airflow/.local/lib/python3.8/site-packages/airflow/example_dags/example_branch_operator.py
[2025-11-02T19:37:03.209+0000] {processor.py:840} INFO - DAG(s) 'example_branch_operator' retrieved from /home/airflow/.local/lib/python3.8/site-packages/airflow/example_dags/example_branch_operator.py
[2025-11-02T19:37:03.323+0000] {logging_mixin.py:188} INFO - [2025-11-02T19:37:03.322+0000] {dag.py:3036} INFO - Sync 1 DAGs
[2025-11-02T19:37:03.399+0000] {logging_mixin.py:188} INFO - [2025-11-02T19:37:03.399+0000] {dag.py:3823} INFO - Setting next_dagrun for example_branch_operator to 2025-11-01 00:00:00+00:00, run_after=2025-11-02 00:00:00+00:00
[2025-11-02T19:37:03.463+0000] {processor.py:183} INFO - Processing /home/airflow/.local/lib/python3.8/site-packages/airflow/example_dags/example_branch_operator.py took 0.346 seconds
[2025-11-02T19:37:33.578+0000] {processor.py:161} INFO - Started process (PID=7868) to work on /home/airflow/.local/lib/python3.8/site-packages/airflow/example_dags/example_branch_operator.py
[2025-11-02T19:37:33.580+0000] {processor.py:830} INFO - Processing file /home/airflow/.local/lib/python3.8/site-packages/airflow/example_dags/example_branch_operator.py for tasks to queue
[2025-11-02T19:37:33.585+0000] {logging_mixin.py:188} INFO - [2025-11-02T19:37:33.584+0000] {dagbag.py:538} INFO - Filling up the DagBag from /home/airflow/.local/lib/python3.8/site-packages/airflow/example_dags/example_branch_operator.py
[2025-11-02T19:37:33.629+0000] {processor.py:840} INFO - DAG(s) 'example_branch_operator' retrieved from /home/airflow/.local/lib/python3.8/site-packages/airflow/example_dags/example_branch_operator.py
[2025-11-02T19:37:33.709+0000] {logging_mixin.py:188} INFO - [2025-11-02T19:37:33.709+0000] {dag.py:3036} INFO - Sync 1 DAGs
[2025-11-02T19:37:33.891+0000] {logging_mixin.py:188} INFO - [2025-11-02T19:37:33.890+0000] {dag.py:3823} INFO - Setting next_dagrun for example_branch_operator to 2025-11-01 00:00:00+00:00, run_after=2025-11-02 00:00:00+00:00
[2025-11-02T19:37:34.118+0000] {processor.py:183} INFO - Processing /home/airflow/.local/lib/python3.8/site-packages/airflow/example_dags/example_branch_operator.py took 0.549 seconds
[2025-11-02T19:38:05.096+0000] {processor.py:161} INFO - Started process (PID=7923) to work on /home/airflow/.local/lib/python3.8/site-packages/airflow/example_dags/example_branch_operator.py
[2025-11-02T19:38:05.099+0000] {processor.py:830} INFO - Processing file /home/airflow/.local/lib/python3.8/site-packages/airflow/example_dags/example_branch_operator.py for tasks to queue
[2025-11-02T19:38:05.110+0000] {logging_mixin.py:188} INFO - [2025-11-02T19:38:05.109+0000] {dagbag.py:538} INFO - Filling up the DagBag from /home/airflow/.local/lib/python3.8/site-packages/airflow/example_dags/example_branch_operator.py
[2025-11-02T19:38:05.152+0000] {processor.py:840} INFO - DAG(s) 'example_branch_operator' retrieved from /home/airflow/.local/lib/python3.8/site-packages/airflow/example_dags/example_branch_operator.py
[2025-11-02T19:38:05.207+0000] {logging_mixin.py:188} INFO - [2025-11-02T19:38:05.206+0000] {dag.py:3036} INFO - Sync 1 DAGs
[2025-11-02T19:38:05.252+0000] {logging_mixin.py:188} INFO - [2025-11-02T19:38:05.252+0000] {dag.py:3823} INFO - Setting next_dagrun for example_branch_operator to 2025-11-01 00:00:00+00:00, run_after=2025-11-02 00:00:00+00:00
[2025-11-02T19:38:05.293+0000] {processor.py:183} INFO - Processing /home/airflow/.local/lib/python3.8/site-packages/airflow/example_dags/example_branch_operator.py took 0.210 seconds
[2025-11-02T19:38:35.855+0000] {processor.py:161} INFO - Started process (PID=7978) to work on /home/airflow/.local/lib/python3.8/site-packages/airflow/example_dags/example_branch_operator.py
[2025-11-02T19:38:35.858+0000] {processor.py:830} INFO - Processing file /home/airflow/.local/lib/python3.8/site-packages/airflow/example_dags/example_branch_operator.py for tasks to queue
[2025-11-02T19:38:35.865+0000] {logging_mixin.py:188} INFO - [2025-11-02T19:38:35.864+0000] {dagbag.py:538} INFO - Filling up the DagBag from /home/airflow/.local/lib/python3.8/site-packages/airflow/example_dags/example_branch_operator.py
[2025-11-02T19:38:35.938+0000] {processor.py:840} INFO - DAG(s) 'example_branch_operator' retrieved from /home/airflow/.local/lib/python3.8/site-packages/airflow/example_dags/example_branch_operator.py
[2025-11-02T19:38:36.039+0000] {logging_mixin.py:188} INFO - [2025-11-02T19:38:36.038+0000] {dag.py:3036} INFO - Sync 1 DAGs
[2025-11-02T19:38:36.102+0000] {logging_mixin.py:188} INFO - [2025-11-02T19:38:36.101+0000] {dag.py:3823} INFO - Setting next_dagrun for example_branch_operator to 2025-11-01 00:00:00+00:00, run_after=2025-11-02 00:00:00+00:00
[2025-11-02T19:38:36.148+0000] {processor.py:183} INFO - Processing /home/airflow/.local/lib/python3.8/site-packages/airflow/example_dags/example_branch_operator.py took 0.304 seconds
[2025-11-02T19:39:07.361+0000] {processor.py:161} INFO - Started process (PID=8033) to work on /home/airflow/.local/lib/python3.8/site-packages/airflow/example_dags/example_branch_operator.py
[2025-11-02T19:39:07.364+0000] {processor.py:830} INFO - Processing file /home/airflow/.local/lib/python3.8/site-packages/airflow/example_dags/example_branch_operator.py for tasks to queue
[2025-11-02T19:39:07.369+0000] {logging_mixin.py:188} INFO - [2025-11-02T19:39:07.368+0000] {dagbag.py:538} INFO - Filling up the DagBag from /home/airflow/.local/lib/python3.8/site-packages/airflow/example_dags/example_branch_operator.py
[2025-11-02T19:39:07.420+0000] {processor.py:840} INFO - DAG(s) 'example_branch_operator' retrieved from /home/airflow/.local/lib/python3.8/site-packages/airflow/example_dags/example_branch_operator.py
[2025-11-02T19:39:07.515+0000] {logging_mixin.py:188} INFO - [2025-11-02T19:39:07.515+0000] {dag.py:3036} INFO - Sync 1 DAGs
[2025-11-02T19:39:07.572+0000] {logging_mixin.py:188} INFO - [2025-11-02T19:39:07.571+0000] {dag.py:3823} INFO - Setting next_dagrun for example_branch_operator to 2025-11-01 00:00:00+00:00, run_after=2025-11-02 00:00:00+00:00
[2025-11-02T19:39:07.637+0000] {processor.py:183} INFO - Processing /home/airflow/.local/lib/python3.8/site-packages/airflow/example_dags/example_branch_operator.py took 0.285 seconds
[2025-11-02T19:39:38.202+0000] {processor.py:161} INFO - Started process (PID=8089) to work on /home/airflow/.local/lib/python3.8/site-packages/airflow/example_dags/example_branch_operator.py
[2025-11-02T19:39:38.205+0000] {processor.py:830} INFO - Processing file /home/airflow/.local/lib/python3.8/site-packages/airflow/example_dags/example_branch_operator.py for tasks to queue
[2025-11-02T19:39:38.210+0000] {logging_mixin.py:188} INFO - [2025-11-02T19:39:38.210+0000] {dagbag.py:538} INFO - Filling up the DagBag from /home/airflow/.local/lib/python3.8/site-packages/airflow/example_dags/example_branch_operator.py
[2025-11-02T19:39:38.322+0000] {processor.py:840} INFO - DAG(s) 'example_branch_operator' retrieved from /home/airflow/.local/lib/python3.8/site-packages/airflow/example_dags/example_branch_operator.py
[2025-11-02T19:39:38.522+0000] {logging_mixin.py:188} INFO - [2025-11-02T19:39:38.520+0000] {dag.py:3036} INFO - Sync 1 DAGs
[2025-11-02T19:39:38.620+0000] {logging_mixin.py:188} INFO - [2025-11-02T19:39:38.619+0000] {dag.py:3823} INFO - Setting next_dagrun for example_branch_operator to 2025-11-01 00:00:00+00:00, run_after=2025-11-02 00:00:00+00:00
[2025-11-02T19:39:38.677+0000] {processor.py:183} INFO - Processing /home/airflow/.local/lib/python3.8/site-packages/airflow/example_dags/example_branch_operator.py took 0.494 seconds
[2025-11-02T19:40:09.464+0000] {processor.py:161} INFO - Started process (PID=8144) to work on /home/airflow/.local/lib/python3.8/site-packages/airflow/example_dags/example_branch_operator.py
[2025-11-02T19:40:09.471+0000] {processor.py:830} INFO - Processing file /home/airflow/.local/lib/python3.8/site-packages/airflow/example_dags/example_branch_operator.py for tasks to queue
[2025-11-02T19:40:09.483+0000] {logging_mixin.py:188} INFO - [2025-11-02T19:40:09.480+0000] {dagbag.py:538} INFO - Filling up the DagBag from /home/airflow/.local/lib/python3.8/site-packages/airflow/example_dags/example_branch_operator.py
[2025-11-02T19:40:09.591+0000] {processor.py:840} INFO - DAG(s) 'example_branch_operator' retrieved from /home/airflow/.local/lib/python3.8/site-packages/airflow/example_dags/example_branch_operator.py
[2025-11-02T19:40:09.685+0000] {logging_mixin.py:188} INFO - [2025-11-02T19:40:09.685+0000] {dag.py:3036} INFO - Sync 1 DAGs
[2025-11-02T19:40:09.812+0000] {logging_mixin.py:188} INFO - [2025-11-02T19:40:09.812+0000] {dag.py:3823} INFO - Setting next_dagrun for example_branch_operator to 2025-11-01 00:00:00+00:00, run_after=2025-11-02 00:00:00+00:00
[2025-11-02T19:40:09.900+0000] {processor.py:183} INFO - Processing /home/airflow/.local/lib/python3.8/site-packages/airflow/example_dags/example_branch_operator.py took 0.456 seconds
[2025-11-02T19:40:40.146+0000] {processor.py:161} INFO - Started process (PID=8199) to work on /home/airflow/.local/lib/python3.8/site-packages/airflow/example_dags/example_branch_operator.py
[2025-11-02T19:40:40.149+0000] {processor.py:830} INFO - Processing file /home/airflow/.local/lib/python3.8/site-packages/airflow/example_dags/example_branch_operator.py for tasks to queue
[2025-11-02T19:40:40.156+0000] {logging_mixin.py:188} INFO - [2025-11-02T19:40:40.155+0000] {dagbag.py:538} INFO - Filling up the DagBag from /home/airflow/.local/lib/python3.8/site-packages/airflow/example_dags/example_branch_operator.py
[2025-11-02T19:40:40.246+0000] {processor.py:840} INFO - DAG(s) 'example_branch_operator' retrieved from /home/airflow/.local/lib/python3.8/site-packages/airflow/example_dags/example_branch_operator.py
[2025-11-02T19:40:40.394+0000] {logging_mixin.py:188} INFO - [2025-11-02T19:40:40.393+0000] {dag.py:3036} INFO - Sync 1 DAGs
[2025-11-02T19:40:40.499+0000] {logging_mixin.py:188} INFO - [2025-11-02T19:40:40.498+0000] {dag.py:3823} INFO - Setting next_dagrun for example_branch_operator to 2025-11-01 00:00:00+00:00, run_after=2025-11-02 00:00:00+00:00
[2025-11-02T19:40:40.628+0000] {processor.py:183} INFO - Processing /home/airflow/.local/lib/python3.8/site-packages/airflow/example_dags/example_branch_operator.py took 0.498 seconds
[2025-11-02T19:41:11.073+0000] {processor.py:161} INFO - Started process (PID=8254) to work on /home/airflow/.local/lib/python3.8/site-packages/airflow/example_dags/example_branch_operator.py
[2025-11-02T19:41:11.076+0000] {processor.py:830} INFO - Processing file /home/airflow/.local/lib/python3.8/site-packages/airflow/example_dags/example_branch_operator.py for tasks to queue
[2025-11-02T19:41:11.082+0000] {logging_mixin.py:188} INFO - [2025-11-02T19:41:11.081+0000] {dagbag.py:538} INFO - Filling up the DagBag from /home/airflow/.local/lib/python3.8/site-packages/airflow/example_dags/example_branch_operator.py
[2025-11-02T19:41:11.137+0000] {processor.py:840} INFO - DAG(s) 'example_branch_operator' retrieved from /home/airflow/.local/lib/python3.8/site-packages/airflow/example_dags/example_branch_operator.py
[2025-11-02T19:41:11.211+0000] {logging_mixin.py:188} INFO - [2025-11-02T19:41:11.211+0000] {dag.py:3036} INFO - Sync 1 DAGs
[2025-11-02T19:41:11.273+0000] {logging_mixin.py:188} INFO - [2025-11-02T19:41:11.273+0000] {dag.py:3823} INFO - Setting next_dagrun for example_branch_operator to 2025-11-01 00:00:00+00:00, run_after=2025-11-02 00:00:00+00:00
[2025-11-02T19:41:11.337+0000] {processor.py:183} INFO - Processing /home/airflow/.local/lib/python3.8/site-packages/airflow/example_dags/example_branch_operator.py took 0.276 seconds
[2025-11-02T19:41:42.619+0000] {processor.py:161} INFO - Started process (PID=8310) to work on /home/airflow/.local/lib/python3.8/site-packages/airflow/example_dags/example_branch_operator.py
[2025-11-02T19:41:42.622+0000] {processor.py:830} INFO - Processing file /home/airflow/.local/lib/python3.8/site-packages/airflow/example_dags/example_branch_operator.py for tasks to queue
[2025-11-02T19:41:42.629+0000] {logging_mixin.py:188} INFO - [2025-11-02T19:41:42.628+0000] {dagbag.py:538} INFO - Filling up the DagBag from /home/airflow/.local/lib/python3.8/site-packages/airflow/example_dags/example_branch_operator.py
[2025-11-02T19:41:42.682+0000] {processor.py:840} INFO - DAG(s) 'example_branch_operator' retrieved from /home/airflow/.local/lib/python3.8/site-packages/airflow/example_dags/example_branch_operator.py
[2025-11-02T19:41:42.747+0000] {logging_mixin.py:188} INFO - [2025-11-02T19:41:42.747+0000] {dag.py:3036} INFO - Sync 1 DAGs
[2025-11-02T19:41:42.801+0000] {logging_mixin.py:188} INFO - [2025-11-02T19:41:42.801+0000] {dag.py:3823} INFO - Setting next_dagrun for example_branch_operator to 2025-11-01 00:00:00+00:00, run_after=2025-11-02 00:00:00+00:00
[2025-11-02T19:41:42.841+0000] {processor.py:183} INFO - Processing /home/airflow/.local/lib/python3.8/site-packages/airflow/example_dags/example_branch_operator.py took 0.236 seconds
[2025-11-02T19:42:13.291+0000] {processor.py:161} INFO - Started process (PID=8363) to work on /home/airflow/.local/lib/python3.8/site-packages/airflow/example_dags/example_branch_operator.py
[2025-11-02T19:42:13.294+0000] {processor.py:830} INFO - Processing file /home/airflow/.local/lib/python3.8/site-packages/airflow/example_dags/example_branch_operator.py for tasks to queue
[2025-11-02T19:42:13.304+0000] {logging_mixin.py:188} INFO - [2025-11-02T19:42:13.303+0000] {dagbag.py:538} INFO - Filling up the DagBag from /home/airflow/.local/lib/python3.8/site-packages/airflow/example_dags/example_branch_operator.py
[2025-11-02T19:42:13.378+0000] {processor.py:840} INFO - DAG(s) 'example_branch_operator' retrieved from /home/airflow/.local/lib/python3.8/site-packages/airflow/example_dags/example_branch_operator.py
[2025-11-02T19:42:13.476+0000] {logging_mixin.py:188} INFO - [2025-11-02T19:42:13.475+0000] {dag.py:3036} INFO - Sync 1 DAGs
[2025-11-02T19:42:13.562+0000] {logging_mixin.py:188} INFO - [2025-11-02T19:42:13.561+0000] {dag.py:3823} INFO - Setting next_dagrun for example_branch_operator to 2025-11-01 00:00:00+00:00, run_after=2025-11-02 00:00:00+00:00
[2025-11-02T19:42:13.640+0000] {processor.py:183} INFO - Processing /home/airflow/.local/lib/python3.8/site-packages/airflow/example_dags/example_branch_operator.py took 0.362 seconds
[2025-11-02T19:42:44.016+0000] {processor.py:161} INFO - Started process (PID=8418) to work on /home/airflow/.local/lib/python3.8/site-packages/airflow/example_dags/example_branch_operator.py
[2025-11-02T19:42:44.022+0000] {processor.py:830} INFO - Processing file /home/airflow/.local/lib/python3.8/site-packages/airflow/example_dags/example_branch_operator.py for tasks to queue
[2025-11-02T19:42:44.035+0000] {logging_mixin.py:188} INFO - [2025-11-02T19:42:44.034+0000] {dagbag.py:538} INFO - Filling up the DagBag from /home/airflow/.local/lib/python3.8/site-packages/airflow/example_dags/example_branch_operator.py
[2025-11-02T19:42:44.161+0000] {processor.py:840} INFO - DAG(s) 'example_branch_operator' retrieved from /home/airflow/.local/lib/python3.8/site-packages/airflow/example_dags/example_branch_operator.py
[2025-11-02T19:42:44.347+0000] {logging_mixin.py:188} INFO - [2025-11-02T19:42:44.346+0000] {dag.py:3036} INFO - Sync 1 DAGs
[2025-11-02T19:42:44.480+0000] {logging_mixin.py:188} INFO - [2025-11-02T19:42:44.479+0000] {dag.py:3823} INFO - Setting next_dagrun for example_branch_operator to 2025-11-01 00:00:00+00:00, run_after=2025-11-02 00:00:00+00:00
[2025-11-02T19:42:44.588+0000] {processor.py:183} INFO - Processing /home/airflow/.local/lib/python3.8/site-packages/airflow/example_dags/example_branch_operator.py took 0.599 seconds
