[2025-11-02T18:24:23.005+0000] {processor.py:161} INFO - Started process (PID=75) to work on /home/airflow/.local/lib/python3.8/site-packages/airflow/example_dags/example_complex.py
[2025-11-02T18:24:23.009+0000] {processor.py:830} INFO - Processing file /home/airflow/.local/lib/python3.8/site-packages/airflow/example_dags/example_complex.py for tasks to queue
[2025-11-02T18:24:23.040+0000] {logging_mixin.py:188} INFO - [2025-11-02T18:24:23.034+0000] {dagbag.py:538} INFO - Filling up the DagBag from /home/airflow/.local/lib/python3.8/site-packages/airflow/example_dags/example_complex.py
[2025-11-02T18:24:23.172+0000] {processor.py:840} INFO - DAG(s) 'example_complex' retrieved from /home/airflow/.local/lib/python3.8/site-packages/airflow/example_dags/example_complex.py
[2025-11-02T18:24:23.887+0000] {logging_mixin.py:188} INFO - [2025-11-02T18:24:23.886+0000] {dag.py:3036} INFO - Sync 1 DAGs
[2025-11-02T18:24:23.927+0000] {logging_mixin.py:188} INFO - [2025-11-02T18:24:23.927+0000] {dag.py:3823} INFO - Setting next_dagrun for example_complex to None, run_after=None
[2025-11-02T18:24:23.988+0000] {processor.py:183} INFO - Processing /home/airflow/.local/lib/python3.8/site-packages/airflow/example_dags/example_complex.py took 1.015 seconds
[2025-11-02T18:25:04.644+0000] {processor.py:161} INFO - Started process (PID=130) to work on /home/airflow/.local/lib/python3.8/site-packages/airflow/example_dags/example_complex.py
[2025-11-02T18:25:04.648+0000] {processor.py:830} INFO - Processing file /home/airflow/.local/lib/python3.8/site-packages/airflow/example_dags/example_complex.py for tasks to queue
[2025-11-02T18:25:04.655+0000] {logging_mixin.py:188} INFO - [2025-11-02T18:25:04.654+0000] {dagbag.py:538} INFO - Filling up the DagBag from /home/airflow/.local/lib/python3.8/site-packages/airflow/example_dags/example_complex.py
[2025-11-02T18:25:04.740+0000] {processor.py:840} INFO - DAG(s) 'example_complex' retrieved from /home/airflow/.local/lib/python3.8/site-packages/airflow/example_dags/example_complex.py
[2025-11-02T18:25:04.953+0000] {logging_mixin.py:188} INFO - [2025-11-02T18:25:04.952+0000] {dag.py:3036} INFO - Sync 1 DAGs
[2025-11-02T18:25:04.998+0000] {logging_mixin.py:188} INFO - [2025-11-02T18:25:04.997+0000] {dag.py:3823} INFO - Setting next_dagrun for example_complex to None, run_after=None
[2025-11-02T18:25:05.068+0000] {processor.py:183} INFO - Processing /home/airflow/.local/lib/python3.8/site-packages/airflow/example_dags/example_complex.py took 0.440 seconds
[2025-11-02T18:25:35.957+0000] {processor.py:161} INFO - Started process (PID=183) to work on /home/airflow/.local/lib/python3.8/site-packages/airflow/example_dags/example_complex.py
[2025-11-02T18:25:35.966+0000] {processor.py:830} INFO - Processing file /home/airflow/.local/lib/python3.8/site-packages/airflow/example_dags/example_complex.py for tasks to queue
[2025-11-02T18:25:35.978+0000] {logging_mixin.py:188} INFO - [2025-11-02T18:25:35.977+0000] {dagbag.py:538} INFO - Filling up the DagBag from /home/airflow/.local/lib/python3.8/site-packages/airflow/example_dags/example_complex.py
[2025-11-02T18:25:36.052+0000] {processor.py:840} INFO - DAG(s) 'example_complex' retrieved from /home/airflow/.local/lib/python3.8/site-packages/airflow/example_dags/example_complex.py
[2025-11-02T18:25:36.210+0000] {logging_mixin.py:188} INFO - [2025-11-02T18:25:36.209+0000] {dag.py:3036} INFO - Sync 1 DAGs
[2025-11-02T18:25:36.268+0000] {logging_mixin.py:188} INFO - [2025-11-02T18:25:36.261+0000] {dag.py:3823} INFO - Setting next_dagrun for example_complex to None, run_after=None
[2025-11-02T18:25:36.407+0000] {processor.py:183} INFO - Processing /home/airflow/.local/lib/python3.8/site-packages/airflow/example_dags/example_complex.py took 0.467 seconds
[2025-11-02T18:26:06.804+0000] {processor.py:161} INFO - Started process (PID=239) to work on /home/airflow/.local/lib/python3.8/site-packages/airflow/example_dags/example_complex.py
[2025-11-02T18:26:06.807+0000] {processor.py:830} INFO - Processing file /home/airflow/.local/lib/python3.8/site-packages/airflow/example_dags/example_complex.py for tasks to queue
[2025-11-02T18:26:06.815+0000] {logging_mixin.py:188} INFO - [2025-11-02T18:26:06.814+0000] {dagbag.py:538} INFO - Filling up the DagBag from /home/airflow/.local/lib/python3.8/site-packages/airflow/example_dags/example_complex.py
[2025-11-02T18:26:06.899+0000] {processor.py:840} INFO - DAG(s) 'example_complex' retrieved from /home/airflow/.local/lib/python3.8/site-packages/airflow/example_dags/example_complex.py
[2025-11-02T18:26:07.140+0000] {logging_mixin.py:188} INFO - [2025-11-02T18:26:07.139+0000] {dag.py:3036} INFO - Sync 1 DAGs
[2025-11-02T18:26:07.203+0000] {logging_mixin.py:188} INFO - [2025-11-02T18:26:07.201+0000] {dag.py:3823} INFO - Setting next_dagrun for example_complex to None, run_after=None
[2025-11-02T18:26:07.270+0000] {processor.py:183} INFO - Processing /home/airflow/.local/lib/python3.8/site-packages/airflow/example_dags/example_complex.py took 0.481 seconds
[2025-11-02T18:26:37.552+0000] {processor.py:161} INFO - Started process (PID=294) to work on /home/airflow/.local/lib/python3.8/site-packages/airflow/example_dags/example_complex.py
[2025-11-02T18:26:37.555+0000] {processor.py:830} INFO - Processing file /home/airflow/.local/lib/python3.8/site-packages/airflow/example_dags/example_complex.py for tasks to queue
[2025-11-02T18:26:37.562+0000] {logging_mixin.py:188} INFO - [2025-11-02T18:26:37.561+0000] {dagbag.py:538} INFO - Filling up the DagBag from /home/airflow/.local/lib/python3.8/site-packages/airflow/example_dags/example_complex.py
[2025-11-02T18:26:37.595+0000] {processor.py:840} INFO - DAG(s) 'example_complex' retrieved from /home/airflow/.local/lib/python3.8/site-packages/airflow/example_dags/example_complex.py
[2025-11-02T18:26:37.685+0000] {logging_mixin.py:188} INFO - [2025-11-02T18:26:37.684+0000] {dag.py:3036} INFO - Sync 1 DAGs
[2025-11-02T18:26:37.756+0000] {logging_mixin.py:188} INFO - [2025-11-02T18:26:37.755+0000] {dag.py:3823} INFO - Setting next_dagrun for example_complex to None, run_after=None
[2025-11-02T18:26:37.852+0000] {processor.py:183} INFO - Processing /home/airflow/.local/lib/python3.8/site-packages/airflow/example_dags/example_complex.py took 0.313 seconds
[2025-11-02T18:27:08.198+0000] {processor.py:161} INFO - Started process (PID=350) to work on /home/airflow/.local/lib/python3.8/site-packages/airflow/example_dags/example_complex.py
[2025-11-02T18:27:08.200+0000] {processor.py:830} INFO - Processing file /home/airflow/.local/lib/python3.8/site-packages/airflow/example_dags/example_complex.py for tasks to queue
[2025-11-02T18:27:08.205+0000] {logging_mixin.py:188} INFO - [2025-11-02T18:27:08.204+0000] {dagbag.py:538} INFO - Filling up the DagBag from /home/airflow/.local/lib/python3.8/site-packages/airflow/example_dags/example_complex.py
[2025-11-02T18:27:08.228+0000] {processor.py:840} INFO - DAG(s) 'example_complex' retrieved from /home/airflow/.local/lib/python3.8/site-packages/airflow/example_dags/example_complex.py
[2025-11-02T18:27:08.290+0000] {logging_mixin.py:188} INFO - [2025-11-02T18:27:08.289+0000] {dag.py:3036} INFO - Sync 1 DAGs
[2025-11-02T18:27:08.314+0000] {logging_mixin.py:188} INFO - [2025-11-02T18:27:08.314+0000] {dag.py:3823} INFO - Setting next_dagrun for example_complex to None, run_after=None
[2025-11-02T18:27:08.356+0000] {processor.py:183} INFO - Processing /home/airflow/.local/lib/python3.8/site-packages/airflow/example_dags/example_complex.py took 0.167 seconds
[2025-11-02T18:27:38.538+0000] {processor.py:161} INFO - Started process (PID=405) to work on /home/airflow/.local/lib/python3.8/site-packages/airflow/example_dags/example_complex.py
[2025-11-02T18:27:38.541+0000] {processor.py:830} INFO - Processing file /home/airflow/.local/lib/python3.8/site-packages/airflow/example_dags/example_complex.py for tasks to queue
[2025-11-02T18:27:38.546+0000] {logging_mixin.py:188} INFO - [2025-11-02T18:27:38.545+0000] {dagbag.py:538} INFO - Filling up the DagBag from /home/airflow/.local/lib/python3.8/site-packages/airflow/example_dags/example_complex.py
[2025-11-02T18:27:38.569+0000] {processor.py:840} INFO - DAG(s) 'example_complex' retrieved from /home/airflow/.local/lib/python3.8/site-packages/airflow/example_dags/example_complex.py
[2025-11-02T18:27:38.648+0000] {logging_mixin.py:188} INFO - [2025-11-02T18:27:38.648+0000] {dag.py:3036} INFO - Sync 1 DAGs
[2025-11-02T18:27:38.672+0000] {logging_mixin.py:188} INFO - [2025-11-02T18:27:38.672+0000] {dag.py:3823} INFO - Setting next_dagrun for example_complex to None, run_after=None
[2025-11-02T18:27:38.712+0000] {processor.py:183} INFO - Processing /home/airflow/.local/lib/python3.8/site-packages/airflow/example_dags/example_complex.py took 0.182 seconds
[2025-11-02T18:28:09.032+0000] {processor.py:161} INFO - Started process (PID=458) to work on /home/airflow/.local/lib/python3.8/site-packages/airflow/example_dags/example_complex.py
[2025-11-02T18:28:09.036+0000] {processor.py:830} INFO - Processing file /home/airflow/.local/lib/python3.8/site-packages/airflow/example_dags/example_complex.py for tasks to queue
[2025-11-02T18:28:09.042+0000] {logging_mixin.py:188} INFO - [2025-11-02T18:28:09.041+0000] {dagbag.py:538} INFO - Filling up the DagBag from /home/airflow/.local/lib/python3.8/site-packages/airflow/example_dags/example_complex.py
[2025-11-02T18:28:09.071+0000] {processor.py:840} INFO - DAG(s) 'example_complex' retrieved from /home/airflow/.local/lib/python3.8/site-packages/airflow/example_dags/example_complex.py
[2025-11-02T18:28:09.159+0000] {logging_mixin.py:188} INFO - [2025-11-02T18:28:09.159+0000] {dag.py:3036} INFO - Sync 1 DAGs
[2025-11-02T18:28:09.185+0000] {logging_mixin.py:188} INFO - [2025-11-02T18:28:09.185+0000] {dag.py:3823} INFO - Setting next_dagrun for example_complex to None, run_after=None
[2025-11-02T18:28:09.241+0000] {processor.py:183} INFO - Processing /home/airflow/.local/lib/python3.8/site-packages/airflow/example_dags/example_complex.py took 0.228 seconds
[2025-11-02T18:28:39.870+0000] {processor.py:161} INFO - Started process (PID=513) to work on /home/airflow/.local/lib/python3.8/site-packages/airflow/example_dags/example_complex.py
[2025-11-02T18:28:39.880+0000] {processor.py:830} INFO - Processing file /home/airflow/.local/lib/python3.8/site-packages/airflow/example_dags/example_complex.py for tasks to queue
[2025-11-02T18:28:39.925+0000] {logging_mixin.py:188} INFO - [2025-11-02T18:28:39.919+0000] {dagbag.py:538} INFO - Filling up the DagBag from /home/airflow/.local/lib/python3.8/site-packages/airflow/example_dags/example_complex.py
[2025-11-02T18:28:40.142+0000] {processor.py:840} INFO - DAG(s) 'example_complex' retrieved from /home/airflow/.local/lib/python3.8/site-packages/airflow/example_dags/example_complex.py
[2025-11-02T18:28:40.494+0000] {logging_mixin.py:188} INFO - [2025-11-02T18:28:40.493+0000] {dag.py:3036} INFO - Sync 1 DAGs
[2025-11-02T18:28:40.683+0000] {logging_mixin.py:188} INFO - [2025-11-02T18:28:40.683+0000] {dag.py:3823} INFO - Setting next_dagrun for example_complex to None, run_after=None
[2025-11-02T18:28:40.774+0000] {processor.py:183} INFO - Processing /home/airflow/.local/lib/python3.8/site-packages/airflow/example_dags/example_complex.py took 0.963 seconds
[2025-11-02T18:29:11.216+0000] {processor.py:161} INFO - Started process (PID=575) to work on /home/airflow/.local/lib/python3.8/site-packages/airflow/example_dags/example_complex.py
[2025-11-02T18:29:11.220+0000] {processor.py:830} INFO - Processing file /home/airflow/.local/lib/python3.8/site-packages/airflow/example_dags/example_complex.py for tasks to queue
[2025-11-02T18:29:11.226+0000] {logging_mixin.py:188} INFO - [2025-11-02T18:29:11.225+0000] {dagbag.py:538} INFO - Filling up the DagBag from /home/airflow/.local/lib/python3.8/site-packages/airflow/example_dags/example_complex.py
[2025-11-02T18:29:11.259+0000] {processor.py:840} INFO - DAG(s) 'example_complex' retrieved from /home/airflow/.local/lib/python3.8/site-packages/airflow/example_dags/example_complex.py
[2025-11-02T18:29:11.334+0000] {logging_mixin.py:188} INFO - [2025-11-02T18:29:11.333+0000] {dag.py:3036} INFO - Sync 1 DAGs
[2025-11-02T18:29:11.364+0000] {logging_mixin.py:188} INFO - [2025-11-02T18:29:11.364+0000] {dag.py:3823} INFO - Setting next_dagrun for example_complex to None, run_after=None
[2025-11-02T18:29:11.417+0000] {processor.py:183} INFO - Processing /home/airflow/.local/lib/python3.8/site-packages/airflow/example_dags/example_complex.py took 0.213 seconds
[2025-11-02T18:29:41.846+0000] {processor.py:161} INFO - Started process (PID=630) to work on /home/airflow/.local/lib/python3.8/site-packages/airflow/example_dags/example_complex.py
[2025-11-02T18:29:41.849+0000] {processor.py:830} INFO - Processing file /home/airflow/.local/lib/python3.8/site-packages/airflow/example_dags/example_complex.py for tasks to queue
[2025-11-02T18:29:41.856+0000] {logging_mixin.py:188} INFO - [2025-11-02T18:29:41.855+0000] {dagbag.py:538} INFO - Filling up the DagBag from /home/airflow/.local/lib/python3.8/site-packages/airflow/example_dags/example_complex.py
[2025-11-02T18:29:41.885+0000] {processor.py:840} INFO - DAG(s) 'example_complex' retrieved from /home/airflow/.local/lib/python3.8/site-packages/airflow/example_dags/example_complex.py
[2025-11-02T18:29:41.959+0000] {logging_mixin.py:188} INFO - [2025-11-02T18:29:41.958+0000] {dag.py:3036} INFO - Sync 1 DAGs
[2025-11-02T18:29:41.989+0000] {logging_mixin.py:188} INFO - [2025-11-02T18:29:41.988+0000] {dag.py:3823} INFO - Setting next_dagrun for example_complex to None, run_after=None
[2025-11-02T18:29:42.093+0000] {processor.py:183} INFO - Processing /home/airflow/.local/lib/python3.8/site-packages/airflow/example_dags/example_complex.py took 0.256 seconds
[2025-11-02T18:30:12.580+0000] {processor.py:161} INFO - Started process (PID=685) to work on /home/airflow/.local/lib/python3.8/site-packages/airflow/example_dags/example_complex.py
[2025-11-02T18:30:12.583+0000] {processor.py:830} INFO - Processing file /home/airflow/.local/lib/python3.8/site-packages/airflow/example_dags/example_complex.py for tasks to queue
[2025-11-02T18:30:12.589+0000] {logging_mixin.py:188} INFO - [2025-11-02T18:30:12.588+0000] {dagbag.py:538} INFO - Filling up the DagBag from /home/airflow/.local/lib/python3.8/site-packages/airflow/example_dags/example_complex.py
[2025-11-02T18:30:12.621+0000] {processor.py:840} INFO - DAG(s) 'example_complex' retrieved from /home/airflow/.local/lib/python3.8/site-packages/airflow/example_dags/example_complex.py
[2025-11-02T18:30:12.701+0000] {logging_mixin.py:188} INFO - [2025-11-02T18:30:12.700+0000] {dag.py:3036} INFO - Sync 1 DAGs
[2025-11-02T18:30:12.731+0000] {logging_mixin.py:188} INFO - [2025-11-02T18:30:12.731+0000] {dag.py:3823} INFO - Setting next_dagrun for example_complex to None, run_after=None
[2025-11-02T18:30:12.788+0000] {processor.py:183} INFO - Processing /home/airflow/.local/lib/python3.8/site-packages/airflow/example_dags/example_complex.py took 0.222 seconds
[2025-11-02T18:30:42.918+0000] {processor.py:161} INFO - Started process (PID=740) to work on /home/airflow/.local/lib/python3.8/site-packages/airflow/example_dags/example_complex.py
[2025-11-02T18:30:42.921+0000] {processor.py:830} INFO - Processing file /home/airflow/.local/lib/python3.8/site-packages/airflow/example_dags/example_complex.py for tasks to queue
[2025-11-02T18:30:42.927+0000] {logging_mixin.py:188} INFO - [2025-11-02T18:30:42.926+0000] {dagbag.py:538} INFO - Filling up the DagBag from /home/airflow/.local/lib/python3.8/site-packages/airflow/example_dags/example_complex.py
[2025-11-02T18:30:42.961+0000] {processor.py:840} INFO - DAG(s) 'example_complex' retrieved from /home/airflow/.local/lib/python3.8/site-packages/airflow/example_dags/example_complex.py
[2025-11-02T18:30:43.054+0000] {logging_mixin.py:188} INFO - [2025-11-02T18:30:43.053+0000] {dag.py:3036} INFO - Sync 1 DAGs
[2025-11-02T18:30:43.091+0000] {logging_mixin.py:188} INFO - [2025-11-02T18:30:43.090+0000] {dag.py:3823} INFO - Setting next_dagrun for example_complex to None, run_after=None
[2025-11-02T18:30:43.145+0000] {processor.py:183} INFO - Processing /home/airflow/.local/lib/python3.8/site-packages/airflow/example_dags/example_complex.py took 0.236 seconds
[2025-11-02T18:31:13.373+0000] {processor.py:161} INFO - Started process (PID=795) to work on /home/airflow/.local/lib/python3.8/site-packages/airflow/example_dags/example_complex.py
[2025-11-02T18:31:13.377+0000] {processor.py:830} INFO - Processing file /home/airflow/.local/lib/python3.8/site-packages/airflow/example_dags/example_complex.py for tasks to queue
[2025-11-02T18:31:13.384+0000] {logging_mixin.py:188} INFO - [2025-11-02T18:31:13.383+0000] {dagbag.py:538} INFO - Filling up the DagBag from /home/airflow/.local/lib/python3.8/site-packages/airflow/example_dags/example_complex.py
[2025-11-02T18:31:13.431+0000] {processor.py:840} INFO - DAG(s) 'example_complex' retrieved from /home/airflow/.local/lib/python3.8/site-packages/airflow/example_dags/example_complex.py
[2025-11-02T18:31:13.551+0000] {logging_mixin.py:188} INFO - [2025-11-02T18:31:13.551+0000] {dag.py:3036} INFO - Sync 1 DAGs
[2025-11-02T18:31:13.585+0000] {logging_mixin.py:188} INFO - [2025-11-02T18:31:13.584+0000] {dag.py:3823} INFO - Setting next_dagrun for example_complex to None, run_after=None
[2025-11-02T18:31:13.643+0000] {processor.py:183} INFO - Processing /home/airflow/.local/lib/python3.8/site-packages/airflow/example_dags/example_complex.py took 0.282 seconds
[2025-11-02T18:31:43.791+0000] {processor.py:161} INFO - Started process (PID=850) to work on /home/airflow/.local/lib/python3.8/site-packages/airflow/example_dags/example_complex.py
[2025-11-02T18:31:43.795+0000] {processor.py:830} INFO - Processing file /home/airflow/.local/lib/python3.8/site-packages/airflow/example_dags/example_complex.py for tasks to queue
[2025-11-02T18:31:43.801+0000] {logging_mixin.py:188} INFO - [2025-11-02T18:31:43.800+0000] {dagbag.py:538} INFO - Filling up the DagBag from /home/airflow/.local/lib/python3.8/site-packages/airflow/example_dags/example_complex.py
[2025-11-02T18:31:43.834+0000] {processor.py:840} INFO - DAG(s) 'example_complex' retrieved from /home/airflow/.local/lib/python3.8/site-packages/airflow/example_dags/example_complex.py
[2025-11-02T18:31:43.944+0000] {logging_mixin.py:188} INFO - [2025-11-02T18:31:43.944+0000] {dag.py:3036} INFO - Sync 1 DAGs
[2025-11-02T18:31:43.987+0000] {logging_mixin.py:188} INFO - [2025-11-02T18:31:43.986+0000] {dag.py:3823} INFO - Setting next_dagrun for example_complex to None, run_after=None
[2025-11-02T18:31:44.037+0000] {processor.py:183} INFO - Processing /home/airflow/.local/lib/python3.8/site-packages/airflow/example_dags/example_complex.py took 0.257 seconds
[2025-11-02T18:32:14.389+0000] {processor.py:161} INFO - Started process (PID=904) to work on /home/airflow/.local/lib/python3.8/site-packages/airflow/example_dags/example_complex.py
[2025-11-02T18:32:14.392+0000] {processor.py:830} INFO - Processing file /home/airflow/.local/lib/python3.8/site-packages/airflow/example_dags/example_complex.py for tasks to queue
[2025-11-02T18:32:14.400+0000] {logging_mixin.py:188} INFO - [2025-11-02T18:32:14.399+0000] {dagbag.py:538} INFO - Filling up the DagBag from /home/airflow/.local/lib/python3.8/site-packages/airflow/example_dags/example_complex.py
[2025-11-02T18:32:14.452+0000] {processor.py:840} INFO - DAG(s) 'example_complex' retrieved from /home/airflow/.local/lib/python3.8/site-packages/airflow/example_dags/example_complex.py
[2025-11-02T18:32:14.565+0000] {logging_mixin.py:188} INFO - [2025-11-02T18:32:14.565+0000] {dag.py:3036} INFO - Sync 1 DAGs
[2025-11-02T18:32:14.605+0000] {logging_mixin.py:188} INFO - [2025-11-02T18:32:14.605+0000] {dag.py:3823} INFO - Setting next_dagrun for example_complex to None, run_after=None
[2025-11-02T18:32:14.654+0000] {processor.py:183} INFO - Processing /home/airflow/.local/lib/python3.8/site-packages/airflow/example_dags/example_complex.py took 0.279 seconds
[2025-11-02T18:32:45.312+0000] {processor.py:161} INFO - Started process (PID=959) to work on /home/airflow/.local/lib/python3.8/site-packages/airflow/example_dags/example_complex.py
[2025-11-02T18:32:45.315+0000] {processor.py:830} INFO - Processing file /home/airflow/.local/lib/python3.8/site-packages/airflow/example_dags/example_complex.py for tasks to queue
[2025-11-02T18:32:45.322+0000] {logging_mixin.py:188} INFO - [2025-11-02T18:32:45.321+0000] {dagbag.py:538} INFO - Filling up the DagBag from /home/airflow/.local/lib/python3.8/site-packages/airflow/example_dags/example_complex.py
[2025-11-02T18:32:45.351+0000] {processor.py:840} INFO - DAG(s) 'example_complex' retrieved from /home/airflow/.local/lib/python3.8/site-packages/airflow/example_dags/example_complex.py
[2025-11-02T18:32:45.447+0000] {logging_mixin.py:188} INFO - [2025-11-02T18:32:45.446+0000] {dag.py:3036} INFO - Sync 1 DAGs
[2025-11-02T18:32:45.473+0000] {logging_mixin.py:188} INFO - [2025-11-02T18:32:45.473+0000] {dag.py:3823} INFO - Setting next_dagrun for example_complex to None, run_after=None
[2025-11-02T18:32:45.533+0000] {processor.py:183} INFO - Processing /home/airflow/.local/lib/python3.8/site-packages/airflow/example_dags/example_complex.py took 0.232 seconds
[2025-11-02T18:33:16.379+0000] {processor.py:161} INFO - Started process (PID=1014) to work on /home/airflow/.local/lib/python3.8/site-packages/airflow/example_dags/example_complex.py
[2025-11-02T18:33:16.384+0000] {processor.py:830} INFO - Processing file /home/airflow/.local/lib/python3.8/site-packages/airflow/example_dags/example_complex.py for tasks to queue
[2025-11-02T18:33:16.392+0000] {logging_mixin.py:188} INFO - [2025-11-02T18:33:16.391+0000] {dagbag.py:538} INFO - Filling up the DagBag from /home/airflow/.local/lib/python3.8/site-packages/airflow/example_dags/example_complex.py
[2025-11-02T18:33:16.457+0000] {processor.py:840} INFO - DAG(s) 'example_complex' retrieved from /home/airflow/.local/lib/python3.8/site-packages/airflow/example_dags/example_complex.py
[2025-11-02T18:33:16.635+0000] {logging_mixin.py:188} INFO - [2025-11-02T18:33:16.635+0000] {dag.py:3036} INFO - Sync 1 DAGs
[2025-11-02T18:33:16.664+0000] {logging_mixin.py:188} INFO - [2025-11-02T18:33:16.662+0000] {dag.py:3823} INFO - Setting next_dagrun for example_complex to None, run_after=None
[2025-11-02T18:33:16.717+0000] {processor.py:183} INFO - Processing /home/airflow/.local/lib/python3.8/site-packages/airflow/example_dags/example_complex.py took 0.356 seconds
[2025-11-02T18:33:46.966+0000] {processor.py:161} INFO - Started process (PID=1069) to work on /home/airflow/.local/lib/python3.8/site-packages/airflow/example_dags/example_complex.py
[2025-11-02T18:33:46.970+0000] {processor.py:830} INFO - Processing file /home/airflow/.local/lib/python3.8/site-packages/airflow/example_dags/example_complex.py for tasks to queue
[2025-11-02T18:33:46.980+0000] {logging_mixin.py:188} INFO - [2025-11-02T18:33:46.978+0000] {dagbag.py:538} INFO - Filling up the DagBag from /home/airflow/.local/lib/python3.8/site-packages/airflow/example_dags/example_complex.py
[2025-11-02T18:33:47.013+0000] {processor.py:840} INFO - DAG(s) 'example_complex' retrieved from /home/airflow/.local/lib/python3.8/site-packages/airflow/example_dags/example_complex.py
[2025-11-02T18:33:47.119+0000] {logging_mixin.py:188} INFO - [2025-11-02T18:33:47.118+0000] {dag.py:3036} INFO - Sync 1 DAGs
[2025-11-02T18:33:47.151+0000] {logging_mixin.py:188} INFO - [2025-11-02T18:33:47.150+0000] {dag.py:3823} INFO - Setting next_dagrun for example_complex to None, run_after=None
[2025-11-02T18:33:47.211+0000] {processor.py:183} INFO - Processing /home/airflow/.local/lib/python3.8/site-packages/airflow/example_dags/example_complex.py took 0.257 seconds
[2025-11-02T18:34:17.895+0000] {processor.py:161} INFO - Started process (PID=1125) to work on /home/airflow/.local/lib/python3.8/site-packages/airflow/example_dags/example_complex.py
[2025-11-02T18:34:17.901+0000] {processor.py:830} INFO - Processing file /home/airflow/.local/lib/python3.8/site-packages/airflow/example_dags/example_complex.py for tasks to queue
[2025-11-02T18:34:17.909+0000] {logging_mixin.py:188} INFO - [2025-11-02T18:34:17.908+0000] {dagbag.py:538} INFO - Filling up the DagBag from /home/airflow/.local/lib/python3.8/site-packages/airflow/example_dags/example_complex.py
[2025-11-02T18:34:17.970+0000] {processor.py:840} INFO - DAG(s) 'example_complex' retrieved from /home/airflow/.local/lib/python3.8/site-packages/airflow/example_dags/example_complex.py
[2025-11-02T18:34:18.170+0000] {logging_mixin.py:188} INFO - [2025-11-02T18:34:18.169+0000] {dag.py:3036} INFO - Sync 1 DAGs
[2025-11-02T18:34:18.276+0000] {logging_mixin.py:188} INFO - [2025-11-02T18:34:18.275+0000] {dag.py:3823} INFO - Setting next_dagrun for example_complex to None, run_after=None
[2025-11-02T18:34:18.362+0000] {processor.py:183} INFO - Processing /home/airflow/.local/lib/python3.8/site-packages/airflow/example_dags/example_complex.py took 0.481 seconds
[2025-11-02T18:34:49.320+0000] {processor.py:161} INFO - Started process (PID=1181) to work on /home/airflow/.local/lib/python3.8/site-packages/airflow/example_dags/example_complex.py
[2025-11-02T18:34:49.322+0000] {processor.py:830} INFO - Processing file /home/airflow/.local/lib/python3.8/site-packages/airflow/example_dags/example_complex.py for tasks to queue
[2025-11-02T18:34:49.327+0000] {logging_mixin.py:188} INFO - [2025-11-02T18:34:49.326+0000] {dagbag.py:538} INFO - Filling up the DagBag from /home/airflow/.local/lib/python3.8/site-packages/airflow/example_dags/example_complex.py
[2025-11-02T18:34:49.352+0000] {processor.py:840} INFO - DAG(s) 'example_complex' retrieved from /home/airflow/.local/lib/python3.8/site-packages/airflow/example_dags/example_complex.py
[2025-11-02T18:34:49.470+0000] {logging_mixin.py:188} INFO - [2025-11-02T18:34:49.469+0000] {dag.py:3036} INFO - Sync 1 DAGs
[2025-11-02T18:34:49.526+0000] {logging_mixin.py:188} INFO - [2025-11-02T18:34:49.525+0000] {dag.py:3823} INFO - Setting next_dagrun for example_complex to None, run_after=None
[2025-11-02T18:34:49.619+0000] {processor.py:183} INFO - Processing /home/airflow/.local/lib/python3.8/site-packages/airflow/example_dags/example_complex.py took 0.308 seconds
[2025-11-02T18:35:19.862+0000] {processor.py:161} INFO - Started process (PID=1236) to work on /home/airflow/.local/lib/python3.8/site-packages/airflow/example_dags/example_complex.py
[2025-11-02T18:35:19.875+0000] {processor.py:830} INFO - Processing file /home/airflow/.local/lib/python3.8/site-packages/airflow/example_dags/example_complex.py for tasks to queue
[2025-11-02T18:35:19.893+0000] {logging_mixin.py:188} INFO - [2025-11-02T18:35:19.892+0000] {dagbag.py:538} INFO - Filling up the DagBag from /home/airflow/.local/lib/python3.8/site-packages/airflow/example_dags/example_complex.py
[2025-11-02T18:35:20.040+0000] {processor.py:840} INFO - DAG(s) 'example_complex' retrieved from /home/airflow/.local/lib/python3.8/site-packages/airflow/example_dags/example_complex.py
[2025-11-02T18:35:20.344+0000] {logging_mixin.py:188} INFO - [2025-11-02T18:35:20.339+0000] {dag.py:3036} INFO - Sync 1 DAGs
[2025-11-02T18:35:20.549+0000] {logging_mixin.py:188} INFO - [2025-11-02T18:35:20.542+0000] {dag.py:3823} INFO - Setting next_dagrun for example_complex to None, run_after=None
[2025-11-02T18:35:20.732+0000] {processor.py:183} INFO - Processing /home/airflow/.local/lib/python3.8/site-packages/airflow/example_dags/example_complex.py took 0.897 seconds
[2025-11-02T18:35:50.933+0000] {processor.py:161} INFO - Started process (PID=1293) to work on /home/airflow/.local/lib/python3.8/site-packages/airflow/example_dags/example_complex.py
[2025-11-02T18:35:50.936+0000] {processor.py:830} INFO - Processing file /home/airflow/.local/lib/python3.8/site-packages/airflow/example_dags/example_complex.py for tasks to queue
[2025-11-02T18:35:50.943+0000] {logging_mixin.py:188} INFO - [2025-11-02T18:35:50.942+0000] {dagbag.py:538} INFO - Filling up the DagBag from /home/airflow/.local/lib/python3.8/site-packages/airflow/example_dags/example_complex.py
[2025-11-02T18:35:51.002+0000] {processor.py:840} INFO - DAG(s) 'example_complex' retrieved from /home/airflow/.local/lib/python3.8/site-packages/airflow/example_dags/example_complex.py
[2025-11-02T18:35:51.092+0000] {logging_mixin.py:188} INFO - [2025-11-02T18:35:51.092+0000] {dag.py:3036} INFO - Sync 1 DAGs
[2025-11-02T18:35:51.120+0000] {logging_mixin.py:188} INFO - [2025-11-02T18:35:51.119+0000] {dag.py:3823} INFO - Setting next_dagrun for example_complex to None, run_after=None
[2025-11-02T18:35:51.163+0000] {processor.py:183} INFO - Processing /home/airflow/.local/lib/python3.8/site-packages/airflow/example_dags/example_complex.py took 0.247 seconds
[2025-11-02T18:36:21.481+0000] {processor.py:161} INFO - Started process (PID=1346) to work on /home/airflow/.local/lib/python3.8/site-packages/airflow/example_dags/example_complex.py
[2025-11-02T18:36:21.486+0000] {processor.py:830} INFO - Processing file /home/airflow/.local/lib/python3.8/site-packages/airflow/example_dags/example_complex.py for tasks to queue
[2025-11-02T18:36:21.492+0000] {logging_mixin.py:188} INFO - [2025-11-02T18:36:21.491+0000] {dagbag.py:538} INFO - Filling up the DagBag from /home/airflow/.local/lib/python3.8/site-packages/airflow/example_dags/example_complex.py
[2025-11-02T18:36:21.558+0000] {processor.py:840} INFO - DAG(s) 'example_complex' retrieved from /home/airflow/.local/lib/python3.8/site-packages/airflow/example_dags/example_complex.py
[2025-11-02T18:36:21.765+0000] {logging_mixin.py:188} INFO - [2025-11-02T18:36:21.764+0000] {dag.py:3036} INFO - Sync 1 DAGs
[2025-11-02T18:36:21.839+0000] {logging_mixin.py:188} INFO - [2025-11-02T18:36:21.839+0000] {dag.py:3823} INFO - Setting next_dagrun for example_complex to None, run_after=None
[2025-11-02T18:36:21.923+0000] {processor.py:183} INFO - Processing /home/airflow/.local/lib/python3.8/site-packages/airflow/example_dags/example_complex.py took 0.462 seconds
[2025-11-02T18:36:52.236+0000] {processor.py:161} INFO - Started process (PID=1401) to work on /home/airflow/.local/lib/python3.8/site-packages/airflow/example_dags/example_complex.py
[2025-11-02T18:36:52.239+0000] {processor.py:830} INFO - Processing file /home/airflow/.local/lib/python3.8/site-packages/airflow/example_dags/example_complex.py for tasks to queue
[2025-11-02T18:36:52.249+0000] {logging_mixin.py:188} INFO - [2025-11-02T18:36:52.248+0000] {dagbag.py:538} INFO - Filling up the DagBag from /home/airflow/.local/lib/python3.8/site-packages/airflow/example_dags/example_complex.py
[2025-11-02T18:36:52.310+0000] {processor.py:840} INFO - DAG(s) 'example_complex' retrieved from /home/airflow/.local/lib/python3.8/site-packages/airflow/example_dags/example_complex.py
[2025-11-02T18:36:52.433+0000] {logging_mixin.py:188} INFO - [2025-11-02T18:36:52.432+0000] {dag.py:3036} INFO - Sync 1 DAGs
[2025-11-02T18:36:52.480+0000] {logging_mixin.py:188} INFO - [2025-11-02T18:36:52.479+0000] {dag.py:3823} INFO - Setting next_dagrun for example_complex to None, run_after=None
[2025-11-02T18:36:52.560+0000] {processor.py:183} INFO - Processing /home/airflow/.local/lib/python3.8/site-packages/airflow/example_dags/example_complex.py took 0.346 seconds
[2025-11-02T18:37:22.797+0000] {processor.py:161} INFO - Started process (PID=1454) to work on /home/airflow/.local/lib/python3.8/site-packages/airflow/example_dags/example_complex.py
[2025-11-02T18:37:22.801+0000] {processor.py:830} INFO - Processing file /home/airflow/.local/lib/python3.8/site-packages/airflow/example_dags/example_complex.py for tasks to queue
[2025-11-02T18:37:22.810+0000] {logging_mixin.py:188} INFO - [2025-11-02T18:37:22.809+0000] {dagbag.py:538} INFO - Filling up the DagBag from /home/airflow/.local/lib/python3.8/site-packages/airflow/example_dags/example_complex.py
[2025-11-02T18:37:22.873+0000] {processor.py:840} INFO - DAG(s) 'example_complex' retrieved from /home/airflow/.local/lib/python3.8/site-packages/airflow/example_dags/example_complex.py
[2025-11-02T18:37:23.122+0000] {logging_mixin.py:188} INFO - [2025-11-02T18:37:23.122+0000] {dag.py:3036} INFO - Sync 1 DAGs
[2025-11-02T18:37:23.176+0000] {logging_mixin.py:188} INFO - [2025-11-02T18:37:23.175+0000] {dag.py:3823} INFO - Setting next_dagrun for example_complex to None, run_after=None
[2025-11-02T18:37:23.266+0000] {processor.py:183} INFO - Processing /home/airflow/.local/lib/python3.8/site-packages/airflow/example_dags/example_complex.py took 0.480 seconds
[2025-11-02T18:37:53.985+0000] {processor.py:161} INFO - Started process (PID=1509) to work on /home/airflow/.local/lib/python3.8/site-packages/airflow/example_dags/example_complex.py
[2025-11-02T18:37:53.990+0000] {processor.py:830} INFO - Processing file /home/airflow/.local/lib/python3.8/site-packages/airflow/example_dags/example_complex.py for tasks to queue
[2025-11-02T18:37:53.999+0000] {logging_mixin.py:188} INFO - [2025-11-02T18:37:53.998+0000] {dagbag.py:538} INFO - Filling up the DagBag from /home/airflow/.local/lib/python3.8/site-packages/airflow/example_dags/example_complex.py
[2025-11-02T18:37:54.049+0000] {processor.py:840} INFO - DAG(s) 'example_complex' retrieved from /home/airflow/.local/lib/python3.8/site-packages/airflow/example_dags/example_complex.py
[2025-11-02T18:37:54.174+0000] {logging_mixin.py:188} INFO - [2025-11-02T18:37:54.173+0000] {dag.py:3036} INFO - Sync 1 DAGs
[2025-11-02T18:37:54.218+0000] {logging_mixin.py:188} INFO - [2025-11-02T18:37:54.217+0000] {dag.py:3823} INFO - Setting next_dagrun for example_complex to None, run_after=None
[2025-11-02T18:37:54.283+0000] {processor.py:183} INFO - Processing /home/airflow/.local/lib/python3.8/site-packages/airflow/example_dags/example_complex.py took 0.315 seconds
[2025-11-02T18:38:24.444+0000] {processor.py:161} INFO - Started process (PID=1564) to work on /home/airflow/.local/lib/python3.8/site-packages/airflow/example_dags/example_complex.py
[2025-11-02T18:38:24.447+0000] {processor.py:830} INFO - Processing file /home/airflow/.local/lib/python3.8/site-packages/airflow/example_dags/example_complex.py for tasks to queue
[2025-11-02T18:38:24.452+0000] {logging_mixin.py:188} INFO - [2025-11-02T18:38:24.451+0000] {dagbag.py:538} INFO - Filling up the DagBag from /home/airflow/.local/lib/python3.8/site-packages/airflow/example_dags/example_complex.py
[2025-11-02T18:38:24.487+0000] {processor.py:840} INFO - DAG(s) 'example_complex' retrieved from /home/airflow/.local/lib/python3.8/site-packages/airflow/example_dags/example_complex.py
[2025-11-02T18:38:24.578+0000] {logging_mixin.py:188} INFO - [2025-11-02T18:38:24.577+0000] {dag.py:3036} INFO - Sync 1 DAGs
[2025-11-02T18:38:24.607+0000] {logging_mixin.py:188} INFO - [2025-11-02T18:38:24.606+0000] {dag.py:3823} INFO - Setting next_dagrun for example_complex to None, run_after=None
[2025-11-02T18:38:24.668+0000] {processor.py:183} INFO - Processing /home/airflow/.local/lib/python3.8/site-packages/airflow/example_dags/example_complex.py took 0.236 seconds
[2025-11-02T18:38:54.826+0000] {processor.py:161} INFO - Started process (PID=1619) to work on /home/airflow/.local/lib/python3.8/site-packages/airflow/example_dags/example_complex.py
[2025-11-02T18:38:54.834+0000] {processor.py:830} INFO - Processing file /home/airflow/.local/lib/python3.8/site-packages/airflow/example_dags/example_complex.py for tasks to queue
[2025-11-02T18:38:54.842+0000] {logging_mixin.py:188} INFO - [2025-11-02T18:38:54.841+0000] {dagbag.py:538} INFO - Filling up the DagBag from /home/airflow/.local/lib/python3.8/site-packages/airflow/example_dags/example_complex.py
[2025-11-02T18:38:54.883+0000] {processor.py:840} INFO - DAG(s) 'example_complex' retrieved from /home/airflow/.local/lib/python3.8/site-packages/airflow/example_dags/example_complex.py
[2025-11-02T18:38:55.022+0000] {logging_mixin.py:188} INFO - [2025-11-02T18:38:55.021+0000] {dag.py:3036} INFO - Sync 1 DAGs
[2025-11-02T18:38:55.093+0000] {logging_mixin.py:188} INFO - [2025-11-02T18:38:55.093+0000] {dag.py:3823} INFO - Setting next_dagrun for example_complex to None, run_after=None
[2025-11-02T18:38:55.185+0000] {processor.py:183} INFO - Processing /home/airflow/.local/lib/python3.8/site-packages/airflow/example_dags/example_complex.py took 0.370 seconds
[2025-11-02T18:39:27.690+0000] {processor.py:161} INFO - Started process (PID=1674) to work on /home/airflow/.local/lib/python3.8/site-packages/airflow/example_dags/example_complex.py
[2025-11-02T18:39:27.719+0000] {processor.py:830} INFO - Processing file /home/airflow/.local/lib/python3.8/site-packages/airflow/example_dags/example_complex.py for tasks to queue
[2025-11-02T18:39:27.746+0000] {logging_mixin.py:188} INFO - [2025-11-02T18:39:27.745+0000] {dagbag.py:538} INFO - Filling up the DagBag from /home/airflow/.local/lib/python3.8/site-packages/airflow/example_dags/example_complex.py
[2025-11-02T18:39:27.956+0000] {processor.py:840} INFO - DAG(s) 'example_complex' retrieved from /home/airflow/.local/lib/python3.8/site-packages/airflow/example_dags/example_complex.py
[2025-11-02T18:39:28.467+0000] {logging_mixin.py:188} INFO - [2025-11-02T18:39:28.466+0000] {dag.py:3036} INFO - Sync 1 DAGs
[2025-11-02T18:39:28.610+0000] {logging_mixin.py:188} INFO - [2025-11-02T18:39:28.610+0000] {dag.py:3823} INFO - Setting next_dagrun for example_complex to None, run_after=None
[2025-11-02T18:39:28.898+0000] {processor.py:183} INFO - Processing /home/airflow/.local/lib/python3.8/site-packages/airflow/example_dags/example_complex.py took 1.295 seconds
[2025-11-02T18:39:59.217+0000] {processor.py:161} INFO - Started process (PID=1728) to work on /home/airflow/.local/lib/python3.8/site-packages/airflow/example_dags/example_complex.py
[2025-11-02T18:39:59.222+0000] {processor.py:830} INFO - Processing file /home/airflow/.local/lib/python3.8/site-packages/airflow/example_dags/example_complex.py for tasks to queue
[2025-11-02T18:39:59.231+0000] {logging_mixin.py:188} INFO - [2025-11-02T18:39:59.229+0000] {dagbag.py:538} INFO - Filling up the DagBag from /home/airflow/.local/lib/python3.8/site-packages/airflow/example_dags/example_complex.py
[2025-11-02T18:39:59.263+0000] {processor.py:840} INFO - DAG(s) 'example_complex' retrieved from /home/airflow/.local/lib/python3.8/site-packages/airflow/example_dags/example_complex.py
[2025-11-02T18:39:59.377+0000] {logging_mixin.py:188} INFO - [2025-11-02T18:39:59.376+0000] {dag.py:3036} INFO - Sync 1 DAGs
[2025-11-02T18:39:59.421+0000] {logging_mixin.py:188} INFO - [2025-11-02T18:39:59.421+0000] {dag.py:3823} INFO - Setting next_dagrun for example_complex to None, run_after=None
[2025-11-02T18:39:59.477+0000] {processor.py:183} INFO - Processing /home/airflow/.local/lib/python3.8/site-packages/airflow/example_dags/example_complex.py took 0.271 seconds
[2025-11-02T18:40:29.899+0000] {processor.py:161} INFO - Started process (PID=1784) to work on /home/airflow/.local/lib/python3.8/site-packages/airflow/example_dags/example_complex.py
[2025-11-02T18:40:29.903+0000] {processor.py:830} INFO - Processing file /home/airflow/.local/lib/python3.8/site-packages/airflow/example_dags/example_complex.py for tasks to queue
[2025-11-02T18:40:29.911+0000] {logging_mixin.py:188} INFO - [2025-11-02T18:40:29.910+0000] {dagbag.py:538} INFO - Filling up the DagBag from /home/airflow/.local/lib/python3.8/site-packages/airflow/example_dags/example_complex.py
[2025-11-02T18:40:29.975+0000] {processor.py:840} INFO - DAG(s) 'example_complex' retrieved from /home/airflow/.local/lib/python3.8/site-packages/airflow/example_dags/example_complex.py
[2025-11-02T18:40:30.128+0000] {logging_mixin.py:188} INFO - [2025-11-02T18:40:30.127+0000] {dag.py:3036} INFO - Sync 1 DAGs
[2025-11-02T18:40:30.240+0000] {logging_mixin.py:188} INFO - [2025-11-02T18:40:30.231+0000] {dag.py:3823} INFO - Setting next_dagrun for example_complex to None, run_after=None
[2025-11-02T18:40:30.420+0000] {processor.py:183} INFO - Processing /home/airflow/.local/lib/python3.8/site-packages/airflow/example_dags/example_complex.py took 0.537 seconds
[2025-11-02T18:41:01.591+0000] {processor.py:161} INFO - Started process (PID=1837) to work on /home/airflow/.local/lib/python3.8/site-packages/airflow/example_dags/example_complex.py
[2025-11-02T18:41:01.597+0000] {processor.py:830} INFO - Processing file /home/airflow/.local/lib/python3.8/site-packages/airflow/example_dags/example_complex.py for tasks to queue
[2025-11-02T18:41:01.604+0000] {logging_mixin.py:188} INFO - [2025-11-02T18:41:01.603+0000] {dagbag.py:538} INFO - Filling up the DagBag from /home/airflow/.local/lib/python3.8/site-packages/airflow/example_dags/example_complex.py
[2025-11-02T18:41:01.701+0000] {processor.py:840} INFO - DAG(s) 'example_complex' retrieved from /home/airflow/.local/lib/python3.8/site-packages/airflow/example_dags/example_complex.py
[2025-11-02T18:41:01.854+0000] {logging_mixin.py:188} INFO - [2025-11-02T18:41:01.853+0000] {dag.py:3036} INFO - Sync 1 DAGs
[2025-11-02T18:41:01.900+0000] {logging_mixin.py:188} INFO - [2025-11-02T18:41:01.900+0000] {dag.py:3823} INFO - Setting next_dagrun for example_complex to None, run_after=None
[2025-11-02T18:41:01.986+0000] {processor.py:183} INFO - Processing /home/airflow/.local/lib/python3.8/site-packages/airflow/example_dags/example_complex.py took 0.412 seconds
[2025-11-02T18:41:32.780+0000] {processor.py:161} INFO - Started process (PID=1892) to work on /home/airflow/.local/lib/python3.8/site-packages/airflow/example_dags/example_complex.py
[2025-11-02T18:41:32.784+0000] {processor.py:830} INFO - Processing file /home/airflow/.local/lib/python3.8/site-packages/airflow/example_dags/example_complex.py for tasks to queue
[2025-11-02T18:41:32.791+0000] {logging_mixin.py:188} INFO - [2025-11-02T18:41:32.790+0000] {dagbag.py:538} INFO - Filling up the DagBag from /home/airflow/.local/lib/python3.8/site-packages/airflow/example_dags/example_complex.py
[2025-11-02T18:41:32.844+0000] {processor.py:840} INFO - DAG(s) 'example_complex' retrieved from /home/airflow/.local/lib/python3.8/site-packages/airflow/example_dags/example_complex.py
[2025-11-02T18:41:32.982+0000] {logging_mixin.py:188} INFO - [2025-11-02T18:41:32.981+0000] {dag.py:3036} INFO - Sync 1 DAGs
[2025-11-02T18:41:33.069+0000] {logging_mixin.py:188} INFO - [2025-11-02T18:41:33.069+0000] {dag.py:3823} INFO - Setting next_dagrun for example_complex to None, run_after=None
[2025-11-02T18:41:33.218+0000] {processor.py:183} INFO - Processing /home/airflow/.local/lib/python3.8/site-packages/airflow/example_dags/example_complex.py took 0.452 seconds
[2025-11-02T18:42:05.151+0000] {processor.py:161} INFO - Started process (PID=1946) to work on /home/airflow/.local/lib/python3.8/site-packages/airflow/example_dags/example_complex.py
[2025-11-02T18:42:05.166+0000] {processor.py:830} INFO - Processing file /home/airflow/.local/lib/python3.8/site-packages/airflow/example_dags/example_complex.py for tasks to queue
[2025-11-02T18:42:05.182+0000] {logging_mixin.py:188} INFO - [2025-11-02T18:42:05.181+0000] {dagbag.py:538} INFO - Filling up the DagBag from /home/airflow/.local/lib/python3.8/site-packages/airflow/example_dags/example_complex.py
[2025-11-02T18:42:05.259+0000] {processor.py:840} INFO - DAG(s) 'example_complex' retrieved from /home/airflow/.local/lib/python3.8/site-packages/airflow/example_dags/example_complex.py
[2025-11-02T18:42:05.404+0000] {logging_mixin.py:188} INFO - [2025-11-02T18:42:05.403+0000] {dag.py:3036} INFO - Sync 1 DAGs
[2025-11-02T18:42:05.481+0000] {logging_mixin.py:188} INFO - [2025-11-02T18:42:05.480+0000] {dag.py:3823} INFO - Setting next_dagrun for example_complex to None, run_after=None
[2025-11-02T18:42:05.606+0000] {processor.py:183} INFO - Processing /home/airflow/.local/lib/python3.8/site-packages/airflow/example_dags/example_complex.py took 0.488 seconds
[2025-11-02T18:42:36.652+0000] {processor.py:161} INFO - Started process (PID=2001) to work on /home/airflow/.local/lib/python3.8/site-packages/airflow/example_dags/example_complex.py
[2025-11-02T18:42:36.664+0000] {processor.py:830} INFO - Processing file /home/airflow/.local/lib/python3.8/site-packages/airflow/example_dags/example_complex.py for tasks to queue
[2025-11-02T18:42:36.679+0000] {logging_mixin.py:188} INFO - [2025-11-02T18:42:36.678+0000] {dagbag.py:538} INFO - Filling up the DagBag from /home/airflow/.local/lib/python3.8/site-packages/airflow/example_dags/example_complex.py
[2025-11-02T18:42:36.797+0000] {processor.py:840} INFO - DAG(s) 'example_complex' retrieved from /home/airflow/.local/lib/python3.8/site-packages/airflow/example_dags/example_complex.py
[2025-11-02T18:42:37.030+0000] {logging_mixin.py:188} INFO - [2025-11-02T18:42:37.029+0000] {dag.py:3036} INFO - Sync 1 DAGs
[2025-11-02T18:42:37.137+0000] {logging_mixin.py:188} INFO - [2025-11-02T18:42:37.136+0000] {dag.py:3823} INFO - Setting next_dagrun for example_complex to None, run_after=None
[2025-11-02T18:42:37.234+0000] {processor.py:183} INFO - Processing /home/airflow/.local/lib/python3.8/site-packages/airflow/example_dags/example_complex.py took 0.604 seconds
[2025-11-02T18:43:07.617+0000] {processor.py:161} INFO - Started process (PID=2056) to work on /home/airflow/.local/lib/python3.8/site-packages/airflow/example_dags/example_complex.py
[2025-11-02T18:43:07.622+0000] {processor.py:830} INFO - Processing file /home/airflow/.local/lib/python3.8/site-packages/airflow/example_dags/example_complex.py for tasks to queue
[2025-11-02T18:43:07.639+0000] {logging_mixin.py:188} INFO - [2025-11-02T18:43:07.637+0000] {dagbag.py:538} INFO - Filling up the DagBag from /home/airflow/.local/lib/python3.8/site-packages/airflow/example_dags/example_complex.py
[2025-11-02T18:43:07.689+0000] {processor.py:840} INFO - DAG(s) 'example_complex' retrieved from /home/airflow/.local/lib/python3.8/site-packages/airflow/example_dags/example_complex.py
[2025-11-02T18:43:07.816+0000] {logging_mixin.py:188} INFO - [2025-11-02T18:43:07.816+0000] {dag.py:3036} INFO - Sync 1 DAGs
[2025-11-02T18:43:07.875+0000] {logging_mixin.py:188} INFO - [2025-11-02T18:43:07.874+0000] {dag.py:3823} INFO - Setting next_dagrun for example_complex to None, run_after=None
[2025-11-02T18:43:07.959+0000] {processor.py:183} INFO - Processing /home/airflow/.local/lib/python3.8/site-packages/airflow/example_dags/example_complex.py took 0.361 seconds
[2025-11-02T18:43:40.044+0000] {processor.py:161} INFO - Started process (PID=2111) to work on /home/airflow/.local/lib/python3.8/site-packages/airflow/example_dags/example_complex.py
[2025-11-02T18:43:40.049+0000] {processor.py:830} INFO - Processing file /home/airflow/.local/lib/python3.8/site-packages/airflow/example_dags/example_complex.py for tasks to queue
[2025-11-02T18:43:40.069+0000] {logging_mixin.py:188} INFO - [2025-11-02T18:43:40.067+0000] {dagbag.py:538} INFO - Filling up the DagBag from /home/airflow/.local/lib/python3.8/site-packages/airflow/example_dags/example_complex.py
[2025-11-02T18:43:40.146+0000] {processor.py:840} INFO - DAG(s) 'example_complex' retrieved from /home/airflow/.local/lib/python3.8/site-packages/airflow/example_dags/example_complex.py
[2025-11-02T18:43:40.435+0000] {logging_mixin.py:188} INFO - [2025-11-02T18:43:40.435+0000] {dag.py:3036} INFO - Sync 1 DAGs
[2025-11-02T18:43:40.589+0000] {logging_mixin.py:188} INFO - [2025-11-02T18:43:40.588+0000] {dag.py:3823} INFO - Setting next_dagrun for example_complex to None, run_after=None
[2025-11-02T18:43:40.821+0000] {processor.py:183} INFO - Processing /home/airflow/.local/lib/python3.8/site-packages/airflow/example_dags/example_complex.py took 0.791 seconds
[2025-11-02T18:44:11.279+0000] {processor.py:161} INFO - Started process (PID=2165) to work on /home/airflow/.local/lib/python3.8/site-packages/airflow/example_dags/example_complex.py
[2025-11-02T18:44:11.282+0000] {processor.py:830} INFO - Processing file /home/airflow/.local/lib/python3.8/site-packages/airflow/example_dags/example_complex.py for tasks to queue
[2025-11-02T18:44:11.291+0000] {logging_mixin.py:188} INFO - [2025-11-02T18:44:11.290+0000] {dagbag.py:538} INFO - Filling up the DagBag from /home/airflow/.local/lib/python3.8/site-packages/airflow/example_dags/example_complex.py
[2025-11-02T18:44:11.353+0000] {processor.py:840} INFO - DAG(s) 'example_complex' retrieved from /home/airflow/.local/lib/python3.8/site-packages/airflow/example_dags/example_complex.py
[2025-11-02T18:44:11.536+0000] {logging_mixin.py:188} INFO - [2025-11-02T18:44:11.533+0000] {dag.py:3036} INFO - Sync 1 DAGs
[2025-11-02T18:44:11.588+0000] {logging_mixin.py:188} INFO - [2025-11-02T18:44:11.587+0000] {dag.py:3823} INFO - Setting next_dagrun for example_complex to None, run_after=None
[2025-11-02T18:44:11.667+0000] {processor.py:183} INFO - Processing /home/airflow/.local/lib/python3.8/site-packages/airflow/example_dags/example_complex.py took 0.400 seconds
[2025-11-02T18:44:46.421+0000] {processor.py:161} INFO - Started process (PID=2221) to work on /home/airflow/.local/lib/python3.8/site-packages/airflow/example_dags/example_complex.py
[2025-11-02T18:44:46.453+0000] {processor.py:830} INFO - Processing file /home/airflow/.local/lib/python3.8/site-packages/airflow/example_dags/example_complex.py for tasks to queue
[2025-11-02T18:44:46.487+0000] {logging_mixin.py:188} INFO - [2025-11-02T18:44:46.486+0000] {dagbag.py:538} INFO - Filling up the DagBag from /home/airflow/.local/lib/python3.8/site-packages/airflow/example_dags/example_complex.py
[2025-11-02T18:44:46.622+0000] {processor.py:840} INFO - DAG(s) 'example_complex' retrieved from /home/airflow/.local/lib/python3.8/site-packages/airflow/example_dags/example_complex.py
[2025-11-02T18:44:46.968+0000] {logging_mixin.py:188} INFO - [2025-11-02T18:44:46.956+0000] {dag.py:3036} INFO - Sync 1 DAGs
[2025-11-02T18:44:47.064+0000] {logging_mixin.py:188} INFO - [2025-11-02T18:44:47.059+0000] {dag.py:3823} INFO - Setting next_dagrun for example_complex to None, run_after=None
[2025-11-02T18:44:47.412+0000] {processor.py:183} INFO - Processing /home/airflow/.local/lib/python3.8/site-packages/airflow/example_dags/example_complex.py took 1.024 seconds
[2025-11-02T18:45:17.864+0000] {processor.py:161} INFO - Started process (PID=2276) to work on /home/airflow/.local/lib/python3.8/site-packages/airflow/example_dags/example_complex.py
[2025-11-02T18:45:17.868+0000] {processor.py:830} INFO - Processing file /home/airflow/.local/lib/python3.8/site-packages/airflow/example_dags/example_complex.py for tasks to queue
[2025-11-02T18:45:17.874+0000] {logging_mixin.py:188} INFO - [2025-11-02T18:45:17.873+0000] {dagbag.py:538} INFO - Filling up the DagBag from /home/airflow/.local/lib/python3.8/site-packages/airflow/example_dags/example_complex.py
[2025-11-02T18:45:17.913+0000] {processor.py:840} INFO - DAG(s) 'example_complex' retrieved from /home/airflow/.local/lib/python3.8/site-packages/airflow/example_dags/example_complex.py
[2025-11-02T18:45:18.001+0000] {logging_mixin.py:188} INFO - [2025-11-02T18:45:18.001+0000] {dag.py:3036} INFO - Sync 1 DAGs
[2025-11-02T18:45:18.032+0000] {logging_mixin.py:188} INFO - [2025-11-02T18:45:18.032+0000] {dag.py:3823} INFO - Setting next_dagrun for example_complex to None, run_after=None
[2025-11-02T18:45:18.085+0000] {processor.py:183} INFO - Processing /home/airflow/.local/lib/python3.8/site-packages/airflow/example_dags/example_complex.py took 0.232 seconds
[2025-11-02T18:45:48.318+0000] {processor.py:161} INFO - Started process (PID=2330) to work on /home/airflow/.local/lib/python3.8/site-packages/airflow/example_dags/example_complex.py
[2025-11-02T18:45:48.321+0000] {processor.py:830} INFO - Processing file /home/airflow/.local/lib/python3.8/site-packages/airflow/example_dags/example_complex.py for tasks to queue
[2025-11-02T18:45:48.326+0000] {logging_mixin.py:188} INFO - [2025-11-02T18:45:48.325+0000] {dagbag.py:538} INFO - Filling up the DagBag from /home/airflow/.local/lib/python3.8/site-packages/airflow/example_dags/example_complex.py
[2025-11-02T18:45:48.349+0000] {processor.py:840} INFO - DAG(s) 'example_complex' retrieved from /home/airflow/.local/lib/python3.8/site-packages/airflow/example_dags/example_complex.py
[2025-11-02T18:45:48.412+0000] {logging_mixin.py:188} INFO - [2025-11-02T18:45:48.412+0000] {dag.py:3036} INFO - Sync 1 DAGs
[2025-11-02T18:45:48.437+0000] {logging_mixin.py:188} INFO - [2025-11-02T18:45:48.436+0000] {dag.py:3823} INFO - Setting next_dagrun for example_complex to None, run_after=None
[2025-11-02T18:45:48.478+0000] {processor.py:183} INFO - Processing /home/airflow/.local/lib/python3.8/site-packages/airflow/example_dags/example_complex.py took 0.169 seconds
[2025-11-02T18:46:18.929+0000] {processor.py:161} INFO - Started process (PID=2383) to work on /home/airflow/.local/lib/python3.8/site-packages/airflow/example_dags/example_complex.py
[2025-11-02T18:46:18.931+0000] {processor.py:830} INFO - Processing file /home/airflow/.local/lib/python3.8/site-packages/airflow/example_dags/example_complex.py for tasks to queue
[2025-11-02T18:46:18.939+0000] {logging_mixin.py:188} INFO - [2025-11-02T18:46:18.938+0000] {dagbag.py:538} INFO - Filling up the DagBag from /home/airflow/.local/lib/python3.8/site-packages/airflow/example_dags/example_complex.py
[2025-11-02T18:46:18.967+0000] {processor.py:840} INFO - DAG(s) 'example_complex' retrieved from /home/airflow/.local/lib/python3.8/site-packages/airflow/example_dags/example_complex.py
[2025-11-02T18:46:19.042+0000] {logging_mixin.py:188} INFO - [2025-11-02T18:46:19.042+0000] {dag.py:3036} INFO - Sync 1 DAGs
[2025-11-02T18:46:19.088+0000] {logging_mixin.py:188} INFO - [2025-11-02T18:46:19.088+0000] {dag.py:3823} INFO - Setting next_dagrun for example_complex to None, run_after=None
[2025-11-02T18:46:19.149+0000] {processor.py:183} INFO - Processing /home/airflow/.local/lib/python3.8/site-packages/airflow/example_dags/example_complex.py took 0.231 seconds
[2025-11-02T18:46:49.550+0000] {processor.py:161} INFO - Started process (PID=2438) to work on /home/airflow/.local/lib/python3.8/site-packages/airflow/example_dags/example_complex.py
[2025-11-02T18:46:49.563+0000] {processor.py:830} INFO - Processing file /home/airflow/.local/lib/python3.8/site-packages/airflow/example_dags/example_complex.py for tasks to queue
[2025-11-02T18:46:49.579+0000] {logging_mixin.py:188} INFO - [2025-11-02T18:46:49.576+0000] {dagbag.py:538} INFO - Filling up the DagBag from /home/airflow/.local/lib/python3.8/site-packages/airflow/example_dags/example_complex.py
[2025-11-02T18:46:49.641+0000] {processor.py:840} INFO - DAG(s) 'example_complex' retrieved from /home/airflow/.local/lib/python3.8/site-packages/airflow/example_dags/example_complex.py
[2025-11-02T18:46:49.843+0000] {logging_mixin.py:188} INFO - [2025-11-02T18:46:49.842+0000] {dag.py:3036} INFO - Sync 1 DAGs
[2025-11-02T18:46:49.941+0000] {logging_mixin.py:188} INFO - [2025-11-02T18:46:49.939+0000] {dag.py:3823} INFO - Setting next_dagrun for example_complex to None, run_after=None
[2025-11-02T18:46:50.085+0000] {processor.py:183} INFO - Processing /home/airflow/.local/lib/python3.8/site-packages/airflow/example_dags/example_complex.py took 0.570 seconds
[2025-11-02T18:47:20.794+0000] {processor.py:161} INFO - Started process (PID=2494) to work on /home/airflow/.local/lib/python3.8/site-packages/airflow/example_dags/example_complex.py
[2025-11-02T18:47:20.797+0000] {processor.py:830} INFO - Processing file /home/airflow/.local/lib/python3.8/site-packages/airflow/example_dags/example_complex.py for tasks to queue
[2025-11-02T18:47:20.809+0000] {logging_mixin.py:188} INFO - [2025-11-02T18:47:20.808+0000] {dagbag.py:538} INFO - Filling up the DagBag from /home/airflow/.local/lib/python3.8/site-packages/airflow/example_dags/example_complex.py
[2025-11-02T18:47:20.921+0000] {processor.py:840} INFO - DAG(s) 'example_complex' retrieved from /home/airflow/.local/lib/python3.8/site-packages/airflow/example_dags/example_complex.py
[2025-11-02T18:47:21.187+0000] {logging_mixin.py:188} INFO - [2025-11-02T18:47:21.186+0000] {dag.py:3036} INFO - Sync 1 DAGs
[2025-11-02T18:47:21.241+0000] {logging_mixin.py:188} INFO - [2025-11-02T18:47:21.241+0000] {dag.py:3823} INFO - Setting next_dagrun for example_complex to None, run_after=None
[2025-11-02T18:47:21.640+0000] {processor.py:183} INFO - Processing /home/airflow/.local/lib/python3.8/site-packages/airflow/example_dags/example_complex.py took 0.863 seconds
[2025-11-02T18:47:51.836+0000] {processor.py:161} INFO - Started process (PID=2550) to work on /home/airflow/.local/lib/python3.8/site-packages/airflow/example_dags/example_complex.py
[2025-11-02T18:47:51.838+0000] {processor.py:830} INFO - Processing file /home/airflow/.local/lib/python3.8/site-packages/airflow/example_dags/example_complex.py for tasks to queue
[2025-11-02T18:47:51.844+0000] {logging_mixin.py:188} INFO - [2025-11-02T18:47:51.843+0000] {dagbag.py:538} INFO - Filling up the DagBag from /home/airflow/.local/lib/python3.8/site-packages/airflow/example_dags/example_complex.py
[2025-11-02T18:47:51.876+0000] {processor.py:840} INFO - DAG(s) 'example_complex' retrieved from /home/airflow/.local/lib/python3.8/site-packages/airflow/example_dags/example_complex.py
[2025-11-02T18:47:51.955+0000] {logging_mixin.py:188} INFO - [2025-11-02T18:47:51.954+0000] {dag.py:3036} INFO - Sync 1 DAGs
[2025-11-02T18:47:51.979+0000] {logging_mixin.py:188} INFO - [2025-11-02T18:47:51.979+0000] {dag.py:3823} INFO - Setting next_dagrun for example_complex to None, run_after=None
[2025-11-02T18:47:52.031+0000] {processor.py:183} INFO - Processing /home/airflow/.local/lib/python3.8/site-packages/airflow/example_dags/example_complex.py took 0.218 seconds
[2025-11-02T18:48:22.213+0000] {processor.py:161} INFO - Started process (PID=2604) to work on /home/airflow/.local/lib/python3.8/site-packages/airflow/example_dags/example_complex.py
[2025-11-02T18:48:22.217+0000] {processor.py:830} INFO - Processing file /home/airflow/.local/lib/python3.8/site-packages/airflow/example_dags/example_complex.py for tasks to queue
[2025-11-02T18:48:22.224+0000] {logging_mixin.py:188} INFO - [2025-11-02T18:48:22.224+0000] {dagbag.py:538} INFO - Filling up the DagBag from /home/airflow/.local/lib/python3.8/site-packages/airflow/example_dags/example_complex.py
[2025-11-02T18:48:22.262+0000] {processor.py:840} INFO - DAG(s) 'example_complex' retrieved from /home/airflow/.local/lib/python3.8/site-packages/airflow/example_dags/example_complex.py
[2025-11-02T18:48:22.343+0000] {logging_mixin.py:188} INFO - [2025-11-02T18:48:22.343+0000] {dag.py:3036} INFO - Sync 1 DAGs
[2025-11-02T18:48:22.367+0000] {logging_mixin.py:188} INFO - [2025-11-02T18:48:22.367+0000] {dag.py:3823} INFO - Setting next_dagrun for example_complex to None, run_after=None
[2025-11-02T18:48:22.405+0000] {processor.py:183} INFO - Processing /home/airflow/.local/lib/python3.8/site-packages/airflow/example_dags/example_complex.py took 0.202 seconds
[2025-11-02T18:48:52.524+0000] {processor.py:161} INFO - Started process (PID=2659) to work on /home/airflow/.local/lib/python3.8/site-packages/airflow/example_dags/example_complex.py
[2025-11-02T18:48:52.527+0000] {processor.py:830} INFO - Processing file /home/airflow/.local/lib/python3.8/site-packages/airflow/example_dags/example_complex.py for tasks to queue
[2025-11-02T18:48:52.542+0000] {logging_mixin.py:188} INFO - [2025-11-02T18:48:52.541+0000] {dagbag.py:538} INFO - Filling up the DagBag from /home/airflow/.local/lib/python3.8/site-packages/airflow/example_dags/example_complex.py
[2025-11-02T18:48:52.582+0000] {processor.py:840} INFO - DAG(s) 'example_complex' retrieved from /home/airflow/.local/lib/python3.8/site-packages/airflow/example_dags/example_complex.py
[2025-11-02T18:48:52.667+0000] {logging_mixin.py:188} INFO - [2025-11-02T18:48:52.666+0000] {dag.py:3036} INFO - Sync 1 DAGs
[2025-11-02T18:48:52.701+0000] {logging_mixin.py:188} INFO - [2025-11-02T18:48:52.701+0000] {dag.py:3823} INFO - Setting next_dagrun for example_complex to None, run_after=None
[2025-11-02T18:48:52.747+0000] {processor.py:183} INFO - Processing /home/airflow/.local/lib/python3.8/site-packages/airflow/example_dags/example_complex.py took 0.234 seconds
[2025-11-02T18:49:23.571+0000] {processor.py:161} INFO - Started process (PID=2714) to work on /home/airflow/.local/lib/python3.8/site-packages/airflow/example_dags/example_complex.py
[2025-11-02T18:49:23.574+0000] {processor.py:830} INFO - Processing file /home/airflow/.local/lib/python3.8/site-packages/airflow/example_dags/example_complex.py for tasks to queue
[2025-11-02T18:49:23.579+0000] {logging_mixin.py:188} INFO - [2025-11-02T18:49:23.578+0000] {dagbag.py:538} INFO - Filling up the DagBag from /home/airflow/.local/lib/python3.8/site-packages/airflow/example_dags/example_complex.py
[2025-11-02T18:49:23.614+0000] {processor.py:840} INFO - DAG(s) 'example_complex' retrieved from /home/airflow/.local/lib/python3.8/site-packages/airflow/example_dags/example_complex.py
[2025-11-02T18:49:23.704+0000] {logging_mixin.py:188} INFO - [2025-11-02T18:49:23.704+0000] {dag.py:3036} INFO - Sync 1 DAGs
[2025-11-02T18:49:23.753+0000] {logging_mixin.py:188} INFO - [2025-11-02T18:49:23.752+0000] {dag.py:3823} INFO - Setting next_dagrun for example_complex to None, run_after=None
[2025-11-02T18:49:23.821+0000] {processor.py:183} INFO - Processing /home/airflow/.local/lib/python3.8/site-packages/airflow/example_dags/example_complex.py took 0.260 seconds
[2025-11-02T18:49:54.546+0000] {processor.py:161} INFO - Started process (PID=2770) to work on /home/airflow/.local/lib/python3.8/site-packages/airflow/example_dags/example_complex.py
[2025-11-02T18:49:54.549+0000] {processor.py:830} INFO - Processing file /home/airflow/.local/lib/python3.8/site-packages/airflow/example_dags/example_complex.py for tasks to queue
[2025-11-02T18:49:54.555+0000] {logging_mixin.py:188} INFO - [2025-11-02T18:49:54.555+0000] {dagbag.py:538} INFO - Filling up the DagBag from /home/airflow/.local/lib/python3.8/site-packages/airflow/example_dags/example_complex.py
[2025-11-02T18:49:54.591+0000] {processor.py:840} INFO - DAG(s) 'example_complex' retrieved from /home/airflow/.local/lib/python3.8/site-packages/airflow/example_dags/example_complex.py
[2025-11-02T18:49:54.662+0000] {logging_mixin.py:188} INFO - [2025-11-02T18:49:54.662+0000] {dag.py:3036} INFO - Sync 1 DAGs
[2025-11-02T18:49:54.961+0000] {logging_mixin.py:188} INFO - [2025-11-02T18:49:54.961+0000] {dag.py:3823} INFO - Setting next_dagrun for example_complex to None, run_after=None
[2025-11-02T18:49:55.003+0000] {processor.py:183} INFO - Processing /home/airflow/.local/lib/python3.8/site-packages/airflow/example_dags/example_complex.py took 0.466 seconds
[2025-11-02T18:50:25.770+0000] {processor.py:161} INFO - Started process (PID=2825) to work on /home/airflow/.local/lib/python3.8/site-packages/airflow/example_dags/example_complex.py
[2025-11-02T18:50:25.773+0000] {processor.py:830} INFO - Processing file /home/airflow/.local/lib/python3.8/site-packages/airflow/example_dags/example_complex.py for tasks to queue
[2025-11-02T18:50:25.778+0000] {logging_mixin.py:188} INFO - [2025-11-02T18:50:25.777+0000] {dagbag.py:538} INFO - Filling up the DagBag from /home/airflow/.local/lib/python3.8/site-packages/airflow/example_dags/example_complex.py
[2025-11-02T18:50:25.801+0000] {processor.py:840} INFO - DAG(s) 'example_complex' retrieved from /home/airflow/.local/lib/python3.8/site-packages/airflow/example_dags/example_complex.py
[2025-11-02T18:50:25.873+0000] {logging_mixin.py:188} INFO - [2025-11-02T18:50:25.873+0000] {dag.py:3036} INFO - Sync 1 DAGs
[2025-11-02T18:50:25.899+0000] {logging_mixin.py:188} INFO - [2025-11-02T18:50:25.899+0000] {dag.py:3823} INFO - Setting next_dagrun for example_complex to None, run_after=None
[2025-11-02T18:50:26.220+0000] {processor.py:183} INFO - Processing /home/airflow/.local/lib/python3.8/site-packages/airflow/example_dags/example_complex.py took 0.458 seconds
[2025-11-02T18:50:56.970+0000] {processor.py:161} INFO - Started process (PID=2880) to work on /home/airflow/.local/lib/python3.8/site-packages/airflow/example_dags/example_complex.py
[2025-11-02T18:50:56.973+0000] {processor.py:830} INFO - Processing file /home/airflow/.local/lib/python3.8/site-packages/airflow/example_dags/example_complex.py for tasks to queue
[2025-11-02T18:50:56.978+0000] {logging_mixin.py:188} INFO - [2025-11-02T18:50:56.978+0000] {dagbag.py:538} INFO - Filling up the DagBag from /home/airflow/.local/lib/python3.8/site-packages/airflow/example_dags/example_complex.py
[2025-11-02T18:50:57.028+0000] {processor.py:840} INFO - DAG(s) 'example_complex' retrieved from /home/airflow/.local/lib/python3.8/site-packages/airflow/example_dags/example_complex.py
[2025-11-02T18:50:57.134+0000] {logging_mixin.py:188} INFO - [2025-11-02T18:50:57.134+0000] {dag.py:3036} INFO - Sync 1 DAGs
[2025-11-02T18:50:57.179+0000] {logging_mixin.py:188} INFO - [2025-11-02T18:50:57.178+0000] {dag.py:3823} INFO - Setting next_dagrun for example_complex to None, run_after=None
[2025-11-02T18:50:57.255+0000] {processor.py:183} INFO - Processing /home/airflow/.local/lib/python3.8/site-packages/airflow/example_dags/example_complex.py took 0.293 seconds
[2025-11-02T18:51:27.970+0000] {processor.py:161} INFO - Started process (PID=2935) to work on /home/airflow/.local/lib/python3.8/site-packages/airflow/example_dags/example_complex.py
[2025-11-02T18:51:27.973+0000] {processor.py:830} INFO - Processing file /home/airflow/.local/lib/python3.8/site-packages/airflow/example_dags/example_complex.py for tasks to queue
[2025-11-02T18:51:27.978+0000] {logging_mixin.py:188} INFO - [2025-11-02T18:51:27.978+0000] {dagbag.py:538} INFO - Filling up the DagBag from /home/airflow/.local/lib/python3.8/site-packages/airflow/example_dags/example_complex.py
[2025-11-02T18:51:28.016+0000] {processor.py:840} INFO - DAG(s) 'example_complex' retrieved from /home/airflow/.local/lib/python3.8/site-packages/airflow/example_dags/example_complex.py
[2025-11-02T18:51:28.113+0000] {logging_mixin.py:188} INFO - [2025-11-02T18:51:28.112+0000] {dag.py:3036} INFO - Sync 1 DAGs
[2025-11-02T18:51:28.157+0000] {logging_mixin.py:188} INFO - [2025-11-02T18:51:28.156+0000] {dag.py:3823} INFO - Setting next_dagrun for example_complex to None, run_after=None
[2025-11-02T18:51:28.271+0000] {processor.py:183} INFO - Processing /home/airflow/.local/lib/python3.8/site-packages/airflow/example_dags/example_complex.py took 0.316 seconds
[2025-11-02T18:51:58.485+0000] {processor.py:161} INFO - Started process (PID=2990) to work on /home/airflow/.local/lib/python3.8/site-packages/airflow/example_dags/example_complex.py
[2025-11-02T18:51:58.488+0000] {processor.py:830} INFO - Processing file /home/airflow/.local/lib/python3.8/site-packages/airflow/example_dags/example_complex.py for tasks to queue
[2025-11-02T18:51:58.494+0000] {logging_mixin.py:188} INFO - [2025-11-02T18:51:58.493+0000] {dagbag.py:538} INFO - Filling up the DagBag from /home/airflow/.local/lib/python3.8/site-packages/airflow/example_dags/example_complex.py
[2025-11-02T18:51:58.519+0000] {processor.py:840} INFO - DAG(s) 'example_complex' retrieved from /home/airflow/.local/lib/python3.8/site-packages/airflow/example_dags/example_complex.py
[2025-11-02T18:51:58.588+0000] {logging_mixin.py:188} INFO - [2025-11-02T18:51:58.587+0000] {dag.py:3036} INFO - Sync 1 DAGs
[2025-11-02T18:51:58.617+0000] {logging_mixin.py:188} INFO - [2025-11-02T18:51:58.617+0000] {dag.py:3823} INFO - Setting next_dagrun for example_complex to None, run_after=None
[2025-11-02T18:51:58.681+0000] {processor.py:183} INFO - Processing /home/airflow/.local/lib/python3.8/site-packages/airflow/example_dags/example_complex.py took 0.204 seconds
[2025-11-02T18:52:28.987+0000] {processor.py:161} INFO - Started process (PID=3045) to work on /home/airflow/.local/lib/python3.8/site-packages/airflow/example_dags/example_complex.py
[2025-11-02T18:52:28.990+0000] {processor.py:830} INFO - Processing file /home/airflow/.local/lib/python3.8/site-packages/airflow/example_dags/example_complex.py for tasks to queue
[2025-11-02T18:52:28.996+0000] {logging_mixin.py:188} INFO - [2025-11-02T18:52:28.995+0000] {dagbag.py:538} INFO - Filling up the DagBag from /home/airflow/.local/lib/python3.8/site-packages/airflow/example_dags/example_complex.py
[2025-11-02T18:52:29.019+0000] {processor.py:840} INFO - DAG(s) 'example_complex' retrieved from /home/airflow/.local/lib/python3.8/site-packages/airflow/example_dags/example_complex.py
[2025-11-02T18:52:29.081+0000] {logging_mixin.py:188} INFO - [2025-11-02T18:52:29.081+0000] {dag.py:3036} INFO - Sync 1 DAGs
[2025-11-02T18:52:29.133+0000] {logging_mixin.py:188} INFO - [2025-11-02T18:52:29.133+0000] {dag.py:3823} INFO - Setting next_dagrun for example_complex to None, run_after=None
[2025-11-02T18:52:29.176+0000] {processor.py:183} INFO - Processing /home/airflow/.local/lib/python3.8/site-packages/airflow/example_dags/example_complex.py took 0.199 seconds
[2025-11-02T18:52:59.424+0000] {processor.py:161} INFO - Started process (PID=3100) to work on /home/airflow/.local/lib/python3.8/site-packages/airflow/example_dags/example_complex.py
[2025-11-02T18:52:59.426+0000] {processor.py:830} INFO - Processing file /home/airflow/.local/lib/python3.8/site-packages/airflow/example_dags/example_complex.py for tasks to queue
[2025-11-02T18:52:59.431+0000] {logging_mixin.py:188} INFO - [2025-11-02T18:52:59.431+0000] {dagbag.py:538} INFO - Filling up the DagBag from /home/airflow/.local/lib/python3.8/site-packages/airflow/example_dags/example_complex.py
[2025-11-02T18:52:59.456+0000] {processor.py:840} INFO - DAG(s) 'example_complex' retrieved from /home/airflow/.local/lib/python3.8/site-packages/airflow/example_dags/example_complex.py
[2025-11-02T18:52:59.535+0000] {logging_mixin.py:188} INFO - [2025-11-02T18:52:59.534+0000] {dag.py:3036} INFO - Sync 1 DAGs
[2025-11-02T18:52:59.566+0000] {logging_mixin.py:188} INFO - [2025-11-02T18:52:59.566+0000] {dag.py:3823} INFO - Setting next_dagrun for example_complex to None, run_after=None
[2025-11-02T18:52:59.614+0000] {processor.py:183} INFO - Processing /home/airflow/.local/lib/python3.8/site-packages/airflow/example_dags/example_complex.py took 0.200 seconds
[2025-11-02T18:53:29.995+0000] {processor.py:161} INFO - Started process (PID=3155) to work on /home/airflow/.local/lib/python3.8/site-packages/airflow/example_dags/example_complex.py
[2025-11-02T18:53:29.998+0000] {processor.py:830} INFO - Processing file /home/airflow/.local/lib/python3.8/site-packages/airflow/example_dags/example_complex.py for tasks to queue
[2025-11-02T18:53:30.003+0000] {logging_mixin.py:188} INFO - [2025-11-02T18:53:30.003+0000] {dagbag.py:538} INFO - Filling up the DagBag from /home/airflow/.local/lib/python3.8/site-packages/airflow/example_dags/example_complex.py
[2025-11-02T18:53:30.026+0000] {processor.py:840} INFO - DAG(s) 'example_complex' retrieved from /home/airflow/.local/lib/python3.8/site-packages/airflow/example_dags/example_complex.py
[2025-11-02T18:53:30.088+0000] {logging_mixin.py:188} INFO - [2025-11-02T18:53:30.088+0000] {dag.py:3036} INFO - Sync 1 DAGs
[2025-11-02T18:53:30.112+0000] {logging_mixin.py:188} INFO - [2025-11-02T18:53:30.112+0000] {dag.py:3823} INFO - Setting next_dagrun for example_complex to None, run_after=None
[2025-11-02T18:53:30.152+0000] {processor.py:183} INFO - Processing /home/airflow/.local/lib/python3.8/site-packages/airflow/example_dags/example_complex.py took 0.168 seconds
[2025-11-02T18:54:00.482+0000] {processor.py:161} INFO - Started process (PID=3210) to work on /home/airflow/.local/lib/python3.8/site-packages/airflow/example_dags/example_complex.py
[2025-11-02T18:54:00.486+0000] {processor.py:830} INFO - Processing file /home/airflow/.local/lib/python3.8/site-packages/airflow/example_dags/example_complex.py for tasks to queue
[2025-11-02T18:54:00.492+0000] {logging_mixin.py:188} INFO - [2025-11-02T18:54:00.491+0000] {dagbag.py:538} INFO - Filling up the DagBag from /home/airflow/.local/lib/python3.8/site-packages/airflow/example_dags/example_complex.py
[2025-11-02T18:54:00.523+0000] {processor.py:840} INFO - DAG(s) 'example_complex' retrieved from /home/airflow/.local/lib/python3.8/site-packages/airflow/example_dags/example_complex.py
[2025-11-02T18:54:00.584+0000] {logging_mixin.py:188} INFO - [2025-11-02T18:54:00.584+0000] {dag.py:3036} INFO - Sync 1 DAGs
[2025-11-02T18:54:00.609+0000] {logging_mixin.py:188} INFO - [2025-11-02T18:54:00.608+0000] {dag.py:3823} INFO - Setting next_dagrun for example_complex to None, run_after=None
[2025-11-02T18:54:00.648+0000] {processor.py:183} INFO - Processing /home/airflow/.local/lib/python3.8/site-packages/airflow/example_dags/example_complex.py took 0.176 seconds
[2025-11-02T18:54:31.529+0000] {processor.py:161} INFO - Started process (PID=3265) to work on /home/airflow/.local/lib/python3.8/site-packages/airflow/example_dags/example_complex.py
[2025-11-02T18:54:31.532+0000] {processor.py:830} INFO - Processing file /home/airflow/.local/lib/python3.8/site-packages/airflow/example_dags/example_complex.py for tasks to queue
[2025-11-02T18:54:31.538+0000] {logging_mixin.py:188} INFO - [2025-11-02T18:54:31.537+0000] {dagbag.py:538} INFO - Filling up the DagBag from /home/airflow/.local/lib/python3.8/site-packages/airflow/example_dags/example_complex.py
[2025-11-02T18:54:31.576+0000] {processor.py:840} INFO - DAG(s) 'example_complex' retrieved from /home/airflow/.local/lib/python3.8/site-packages/airflow/example_dags/example_complex.py
[2025-11-02T18:54:31.644+0000] {logging_mixin.py:188} INFO - [2025-11-02T18:54:31.644+0000] {dag.py:3036} INFO - Sync 1 DAGs
[2025-11-02T18:54:31.669+0000] {logging_mixin.py:188} INFO - [2025-11-02T18:54:31.668+0000] {dag.py:3823} INFO - Setting next_dagrun for example_complex to None, run_after=None
[2025-11-02T18:54:31.727+0000] {processor.py:183} INFO - Processing /home/airflow/.local/lib/python3.8/site-packages/airflow/example_dags/example_complex.py took 0.209 seconds
[2025-11-02T18:55:02.015+0000] {processor.py:161} INFO - Started process (PID=3326) to work on /home/airflow/.local/lib/python3.8/site-packages/airflow/example_dags/example_complex.py
[2025-11-02T18:55:02.018+0000] {processor.py:830} INFO - Processing file /home/airflow/.local/lib/python3.8/site-packages/airflow/example_dags/example_complex.py for tasks to queue
[2025-11-02T18:55:02.022+0000] {logging_mixin.py:188} INFO - [2025-11-02T18:55:02.022+0000] {dagbag.py:538} INFO - Filling up the DagBag from /home/airflow/.local/lib/python3.8/site-packages/airflow/example_dags/example_complex.py
[2025-11-02T18:55:02.046+0000] {processor.py:840} INFO - DAG(s) 'example_complex' retrieved from /home/airflow/.local/lib/python3.8/site-packages/airflow/example_dags/example_complex.py
[2025-11-02T18:55:02.119+0000] {logging_mixin.py:188} INFO - [2025-11-02T18:55:02.118+0000] {dag.py:3036} INFO - Sync 1 DAGs
[2025-11-02T18:55:02.153+0000] {logging_mixin.py:188} INFO - [2025-11-02T18:55:02.152+0000] {dag.py:3823} INFO - Setting next_dagrun for example_complex to None, run_after=None
[2025-11-02T18:55:02.201+0000] {processor.py:183} INFO - Processing /home/airflow/.local/lib/python3.8/site-packages/airflow/example_dags/example_complex.py took 0.196 seconds
[2025-11-02T18:55:33.132+0000] {processor.py:161} INFO - Started process (PID=3382) to work on /home/airflow/.local/lib/python3.8/site-packages/airflow/example_dags/example_complex.py
[2025-11-02T18:55:33.136+0000] {processor.py:830} INFO - Processing file /home/airflow/.local/lib/python3.8/site-packages/airflow/example_dags/example_complex.py for tasks to queue
[2025-11-02T18:55:33.141+0000] {logging_mixin.py:188} INFO - [2025-11-02T18:55:33.141+0000] {dagbag.py:538} INFO - Filling up the DagBag from /home/airflow/.local/lib/python3.8/site-packages/airflow/example_dags/example_complex.py
[2025-11-02T18:55:33.165+0000] {processor.py:840} INFO - DAG(s) 'example_complex' retrieved from /home/airflow/.local/lib/python3.8/site-packages/airflow/example_dags/example_complex.py
[2025-11-02T18:55:33.230+0000] {logging_mixin.py:188} INFO - [2025-11-02T18:55:33.230+0000] {dag.py:3036} INFO - Sync 1 DAGs
[2025-11-02T18:55:33.255+0000] {logging_mixin.py:188} INFO - [2025-11-02T18:55:33.254+0000] {dag.py:3823} INFO - Setting next_dagrun for example_complex to None, run_after=None
[2025-11-02T18:55:33.294+0000] {processor.py:183} INFO - Processing /home/airflow/.local/lib/python3.8/site-packages/airflow/example_dags/example_complex.py took 0.173 seconds
[2025-11-02T18:56:03.522+0000] {processor.py:161} INFO - Started process (PID=3437) to work on /home/airflow/.local/lib/python3.8/site-packages/airflow/example_dags/example_complex.py
[2025-11-02T18:56:03.525+0000] {processor.py:830} INFO - Processing file /home/airflow/.local/lib/python3.8/site-packages/airflow/example_dags/example_complex.py for tasks to queue
[2025-11-02T18:56:03.531+0000] {logging_mixin.py:188} INFO - [2025-11-02T18:56:03.530+0000] {dagbag.py:538} INFO - Filling up the DagBag from /home/airflow/.local/lib/python3.8/site-packages/airflow/example_dags/example_complex.py
[2025-11-02T18:56:03.558+0000] {processor.py:840} INFO - DAG(s) 'example_complex' retrieved from /home/airflow/.local/lib/python3.8/site-packages/airflow/example_dags/example_complex.py
[2025-11-02T18:56:03.630+0000] {logging_mixin.py:188} INFO - [2025-11-02T18:56:03.630+0000] {dag.py:3036} INFO - Sync 1 DAGs
[2025-11-02T18:56:03.660+0000] {logging_mixin.py:188} INFO - [2025-11-02T18:56:03.660+0000] {dag.py:3823} INFO - Setting next_dagrun for example_complex to None, run_after=None
[2025-11-02T18:56:03.707+0000] {processor.py:183} INFO - Processing /home/airflow/.local/lib/python3.8/site-packages/airflow/example_dags/example_complex.py took 0.194 seconds
[2025-11-02T18:56:34.255+0000] {processor.py:161} INFO - Started process (PID=3492) to work on /home/airflow/.local/lib/python3.8/site-packages/airflow/example_dags/example_complex.py
[2025-11-02T18:56:34.258+0000] {processor.py:830} INFO - Processing file /home/airflow/.local/lib/python3.8/site-packages/airflow/example_dags/example_complex.py for tasks to queue
[2025-11-02T18:56:34.264+0000] {logging_mixin.py:188} INFO - [2025-11-02T18:56:34.263+0000] {dagbag.py:538} INFO - Filling up the DagBag from /home/airflow/.local/lib/python3.8/site-packages/airflow/example_dags/example_complex.py
[2025-11-02T18:56:34.297+0000] {processor.py:840} INFO - DAG(s) 'example_complex' retrieved from /home/airflow/.local/lib/python3.8/site-packages/airflow/example_dags/example_complex.py
[2025-11-02T18:56:34.387+0000] {logging_mixin.py:188} INFO - [2025-11-02T18:56:34.386+0000] {dag.py:3036} INFO - Sync 1 DAGs
[2025-11-02T18:56:34.441+0000] {logging_mixin.py:188} INFO - [2025-11-02T18:56:34.441+0000] {dag.py:3823} INFO - Setting next_dagrun for example_complex to None, run_after=None
[2025-11-02T18:56:34.480+0000] {processor.py:183} INFO - Processing /home/airflow/.local/lib/python3.8/site-packages/airflow/example_dags/example_complex.py took 0.233 seconds
[2025-11-02T18:57:05.028+0000] {processor.py:161} INFO - Started process (PID=3547) to work on /home/airflow/.local/lib/python3.8/site-packages/airflow/example_dags/example_complex.py
[2025-11-02T18:57:05.031+0000] {processor.py:830} INFO - Processing file /home/airflow/.local/lib/python3.8/site-packages/airflow/example_dags/example_complex.py for tasks to queue
[2025-11-02T18:57:05.038+0000] {logging_mixin.py:188} INFO - [2025-11-02T18:57:05.037+0000] {dagbag.py:538} INFO - Filling up the DagBag from /home/airflow/.local/lib/python3.8/site-packages/airflow/example_dags/example_complex.py
[2025-11-02T18:57:05.081+0000] {processor.py:840} INFO - DAG(s) 'example_complex' retrieved from /home/airflow/.local/lib/python3.8/site-packages/airflow/example_dags/example_complex.py
[2025-11-02T18:57:05.205+0000] {logging_mixin.py:188} INFO - [2025-11-02T18:57:05.205+0000] {dag.py:3036} INFO - Sync 1 DAGs
[2025-11-02T18:57:05.232+0000] {logging_mixin.py:188} INFO - [2025-11-02T18:57:05.232+0000] {dag.py:3823} INFO - Setting next_dagrun for example_complex to None, run_after=None
[2025-11-02T18:57:05.270+0000] {processor.py:183} INFO - Processing /home/airflow/.local/lib/python3.8/site-packages/airflow/example_dags/example_complex.py took 0.253 seconds
[2025-11-02T18:57:35.669+0000] {processor.py:161} INFO - Started process (PID=3602) to work on /home/airflow/.local/lib/python3.8/site-packages/airflow/example_dags/example_complex.py
[2025-11-02T18:57:35.672+0000] {processor.py:830} INFO - Processing file /home/airflow/.local/lib/python3.8/site-packages/airflow/example_dags/example_complex.py for tasks to queue
[2025-11-02T18:57:35.678+0000] {logging_mixin.py:188} INFO - [2025-11-02T18:57:35.677+0000] {dagbag.py:538} INFO - Filling up the DagBag from /home/airflow/.local/lib/python3.8/site-packages/airflow/example_dags/example_complex.py
[2025-11-02T18:57:35.703+0000] {processor.py:840} INFO - DAG(s) 'example_complex' retrieved from /home/airflow/.local/lib/python3.8/site-packages/airflow/example_dags/example_complex.py
[2025-11-02T18:57:35.764+0000] {logging_mixin.py:188} INFO - [2025-11-02T18:57:35.764+0000] {dag.py:3036} INFO - Sync 1 DAGs
[2025-11-02T18:57:35.788+0000] {logging_mixin.py:188} INFO - [2025-11-02T18:57:35.788+0000] {dag.py:3823} INFO - Setting next_dagrun for example_complex to None, run_after=None
[2025-11-02T18:57:35.834+0000] {processor.py:183} INFO - Processing /home/airflow/.local/lib/python3.8/site-packages/airflow/example_dags/example_complex.py took 0.173 seconds
[2025-11-02T18:58:06.136+0000] {processor.py:161} INFO - Started process (PID=3657) to work on /home/airflow/.local/lib/python3.8/site-packages/airflow/example_dags/example_complex.py
[2025-11-02T18:58:06.140+0000] {processor.py:830} INFO - Processing file /home/airflow/.local/lib/python3.8/site-packages/airflow/example_dags/example_complex.py for tasks to queue
[2025-11-02T18:58:06.146+0000] {logging_mixin.py:188} INFO - [2025-11-02T18:58:06.146+0000] {dagbag.py:538} INFO - Filling up the DagBag from /home/airflow/.local/lib/python3.8/site-packages/airflow/example_dags/example_complex.py
[2025-11-02T18:58:06.187+0000] {processor.py:840} INFO - DAG(s) 'example_complex' retrieved from /home/airflow/.local/lib/python3.8/site-packages/airflow/example_dags/example_complex.py
[2025-11-02T18:58:06.287+0000] {logging_mixin.py:188} INFO - [2025-11-02T18:58:06.286+0000] {dag.py:3036} INFO - Sync 1 DAGs
[2025-11-02T18:58:06.343+0000] {logging_mixin.py:188} INFO - [2025-11-02T18:58:06.342+0000] {dag.py:3823} INFO - Setting next_dagrun for example_complex to None, run_after=None
[2025-11-02T18:58:06.435+0000] {processor.py:183} INFO - Processing /home/airflow/.local/lib/python3.8/site-packages/airflow/example_dags/example_complex.py took 0.311 seconds
[2025-11-02T18:58:37.120+0000] {processor.py:161} INFO - Started process (PID=3712) to work on /home/airflow/.local/lib/python3.8/site-packages/airflow/example_dags/example_complex.py
[2025-11-02T18:58:37.123+0000] {processor.py:830} INFO - Processing file /home/airflow/.local/lib/python3.8/site-packages/airflow/example_dags/example_complex.py for tasks to queue
[2025-11-02T18:58:37.128+0000] {logging_mixin.py:188} INFO - [2025-11-02T18:58:37.127+0000] {dagbag.py:538} INFO - Filling up the DagBag from /home/airflow/.local/lib/python3.8/site-packages/airflow/example_dags/example_complex.py
[2025-11-02T18:58:37.188+0000] {processor.py:840} INFO - DAG(s) 'example_complex' retrieved from /home/airflow/.local/lib/python3.8/site-packages/airflow/example_dags/example_complex.py
[2025-11-02T18:58:37.254+0000] {logging_mixin.py:188} INFO - [2025-11-02T18:58:37.254+0000] {dag.py:3036} INFO - Sync 1 DAGs
[2025-11-02T18:58:37.299+0000] {logging_mixin.py:188} INFO - [2025-11-02T18:58:37.298+0000] {dag.py:3823} INFO - Setting next_dagrun for example_complex to None, run_after=None
[2025-11-02T18:58:37.369+0000] {processor.py:183} INFO - Processing /home/airflow/.local/lib/python3.8/site-packages/airflow/example_dags/example_complex.py took 0.260 seconds
[2025-11-02T18:59:08.357+0000] {processor.py:161} INFO - Started process (PID=3766) to work on /home/airflow/.local/lib/python3.8/site-packages/airflow/example_dags/example_complex.py
[2025-11-02T18:59:08.360+0000] {processor.py:830} INFO - Processing file /home/airflow/.local/lib/python3.8/site-packages/airflow/example_dags/example_complex.py for tasks to queue
[2025-11-02T18:59:08.367+0000] {logging_mixin.py:188} INFO - [2025-11-02T18:59:08.366+0000] {dagbag.py:538} INFO - Filling up the DagBag from /home/airflow/.local/lib/python3.8/site-packages/airflow/example_dags/example_complex.py
[2025-11-02T18:59:08.407+0000] {processor.py:840} INFO - DAG(s) 'example_complex' retrieved from /home/airflow/.local/lib/python3.8/site-packages/airflow/example_dags/example_complex.py
[2025-11-02T18:59:08.513+0000] {logging_mixin.py:188} INFO - [2025-11-02T18:59:08.512+0000] {dag.py:3036} INFO - Sync 1 DAGs
[2025-11-02T18:59:08.552+0000] {logging_mixin.py:188} INFO - [2025-11-02T18:59:08.552+0000] {dag.py:3823} INFO - Setting next_dagrun for example_complex to None, run_after=None
[2025-11-02T18:59:08.623+0000] {processor.py:183} INFO - Processing /home/airflow/.local/lib/python3.8/site-packages/airflow/example_dags/example_complex.py took 0.277 seconds
[2025-11-02T18:59:39.374+0000] {processor.py:161} INFO - Started process (PID=3821) to work on /home/airflow/.local/lib/python3.8/site-packages/airflow/example_dags/example_complex.py
[2025-11-02T18:59:39.384+0000] {processor.py:830} INFO - Processing file /home/airflow/.local/lib/python3.8/site-packages/airflow/example_dags/example_complex.py for tasks to queue
[2025-11-02T18:59:39.391+0000] {logging_mixin.py:188} INFO - [2025-11-02T18:59:39.390+0000] {dagbag.py:538} INFO - Filling up the DagBag from /home/airflow/.local/lib/python3.8/site-packages/airflow/example_dags/example_complex.py
[2025-11-02T18:59:39.504+0000] {processor.py:840} INFO - DAG(s) 'example_complex' retrieved from /home/airflow/.local/lib/python3.8/site-packages/airflow/example_dags/example_complex.py
[2025-11-02T18:59:39.647+0000] {logging_mixin.py:188} INFO - [2025-11-02T18:59:39.646+0000] {dag.py:3036} INFO - Sync 1 DAGs
[2025-11-02T18:59:39.698+0000] {logging_mixin.py:188} INFO - [2025-11-02T18:59:39.698+0000] {dag.py:3823} INFO - Setting next_dagrun for example_complex to None, run_after=None
[2025-11-02T18:59:39.757+0000] {processor.py:183} INFO - Processing /home/airflow/.local/lib/python3.8/site-packages/airflow/example_dags/example_complex.py took 0.398 seconds
[2025-11-02T19:00:09.895+0000] {processor.py:161} INFO - Started process (PID=3876) to work on /home/airflow/.local/lib/python3.8/site-packages/airflow/example_dags/example_complex.py
[2025-11-02T19:00:09.899+0000] {processor.py:830} INFO - Processing file /home/airflow/.local/lib/python3.8/site-packages/airflow/example_dags/example_complex.py for tasks to queue
[2025-11-02T19:00:09.904+0000] {logging_mixin.py:188} INFO - [2025-11-02T19:00:09.903+0000] {dagbag.py:538} INFO - Filling up the DagBag from /home/airflow/.local/lib/python3.8/site-packages/airflow/example_dags/example_complex.py
[2025-11-02T19:00:09.950+0000] {processor.py:840} INFO - DAG(s) 'example_complex' retrieved from /home/airflow/.local/lib/python3.8/site-packages/airflow/example_dags/example_complex.py
[2025-11-02T19:00:10.039+0000] {logging_mixin.py:188} INFO - [2025-11-02T19:00:10.038+0000] {dag.py:3036} INFO - Sync 1 DAGs
[2025-11-02T19:00:10.069+0000] {logging_mixin.py:188} INFO - [2025-11-02T19:00:10.068+0000] {dag.py:3823} INFO - Setting next_dagrun for example_complex to None, run_after=None
[2025-11-02T19:00:10.118+0000] {processor.py:183} INFO - Processing /home/airflow/.local/lib/python3.8/site-packages/airflow/example_dags/example_complex.py took 0.234 seconds
[2025-11-02T19:00:40.392+0000] {processor.py:161} INFO - Started process (PID=3931) to work on /home/airflow/.local/lib/python3.8/site-packages/airflow/example_dags/example_complex.py
[2025-11-02T19:00:40.396+0000] {processor.py:830} INFO - Processing file /home/airflow/.local/lib/python3.8/site-packages/airflow/example_dags/example_complex.py for tasks to queue
[2025-11-02T19:00:40.404+0000] {logging_mixin.py:188} INFO - [2025-11-02T19:00:40.403+0000] {dagbag.py:538} INFO - Filling up the DagBag from /home/airflow/.local/lib/python3.8/site-packages/airflow/example_dags/example_complex.py
[2025-11-02T19:00:40.432+0000] {processor.py:840} INFO - DAG(s) 'example_complex' retrieved from /home/airflow/.local/lib/python3.8/site-packages/airflow/example_dags/example_complex.py
[2025-11-02T19:00:40.515+0000] {logging_mixin.py:188} INFO - [2025-11-02T19:00:40.515+0000] {dag.py:3036} INFO - Sync 1 DAGs
[2025-11-02T19:00:40.550+0000] {logging_mixin.py:188} INFO - [2025-11-02T19:00:40.549+0000] {dag.py:3823} INFO - Setting next_dagrun for example_complex to None, run_after=None
[2025-11-02T19:00:40.597+0000] {processor.py:183} INFO - Processing /home/airflow/.local/lib/python3.8/site-packages/airflow/example_dags/example_complex.py took 0.224 seconds
[2025-11-02T19:01:11.262+0000] {processor.py:161} INFO - Started process (PID=3986) to work on /home/airflow/.local/lib/python3.8/site-packages/airflow/example_dags/example_complex.py
[2025-11-02T19:01:11.265+0000] {processor.py:830} INFO - Processing file /home/airflow/.local/lib/python3.8/site-packages/airflow/example_dags/example_complex.py for tasks to queue
[2025-11-02T19:01:11.272+0000] {logging_mixin.py:188} INFO - [2025-11-02T19:01:11.271+0000] {dagbag.py:538} INFO - Filling up the DagBag from /home/airflow/.local/lib/python3.8/site-packages/airflow/example_dags/example_complex.py
[2025-11-02T19:01:11.311+0000] {processor.py:840} INFO - DAG(s) 'example_complex' retrieved from /home/airflow/.local/lib/python3.8/site-packages/airflow/example_dags/example_complex.py
[2025-11-02T19:01:11.404+0000] {logging_mixin.py:188} INFO - [2025-11-02T19:01:11.403+0000] {dag.py:3036} INFO - Sync 1 DAGs
[2025-11-02T19:01:11.445+0000] {logging_mixin.py:188} INFO - [2025-11-02T19:01:11.445+0000] {dag.py:3823} INFO - Setting next_dagrun for example_complex to None, run_after=None
[2025-11-02T19:01:11.492+0000] {processor.py:183} INFO - Processing /home/airflow/.local/lib/python3.8/site-packages/airflow/example_dags/example_complex.py took 0.240 seconds
[2025-11-02T19:01:41.774+0000] {processor.py:161} INFO - Started process (PID=4041) to work on /home/airflow/.local/lib/python3.8/site-packages/airflow/example_dags/example_complex.py
[2025-11-02T19:01:41.777+0000] {processor.py:830} INFO - Processing file /home/airflow/.local/lib/python3.8/site-packages/airflow/example_dags/example_complex.py for tasks to queue
[2025-11-02T19:01:41.782+0000] {logging_mixin.py:188} INFO - [2025-11-02T19:01:41.782+0000] {dagbag.py:538} INFO - Filling up the DagBag from /home/airflow/.local/lib/python3.8/site-packages/airflow/example_dags/example_complex.py
[2025-11-02T19:01:41.814+0000] {processor.py:840} INFO - DAG(s) 'example_complex' retrieved from /home/airflow/.local/lib/python3.8/site-packages/airflow/example_dags/example_complex.py
[2025-11-02T19:01:41.882+0000] {logging_mixin.py:188} INFO - [2025-11-02T19:01:41.882+0000] {dag.py:3036} INFO - Sync 1 DAGs
[2025-11-02T19:01:41.916+0000] {logging_mixin.py:188} INFO - [2025-11-02T19:01:41.916+0000] {dag.py:3823} INFO - Setting next_dagrun for example_complex to None, run_after=None
[2025-11-02T19:01:41.967+0000] {processor.py:183} INFO - Processing /home/airflow/.local/lib/python3.8/site-packages/airflow/example_dags/example_complex.py took 0.208 seconds
[2025-11-02T19:02:12.635+0000] {processor.py:161} INFO - Started process (PID=4096) to work on /home/airflow/.local/lib/python3.8/site-packages/airflow/example_dags/example_complex.py
[2025-11-02T19:02:12.638+0000] {processor.py:830} INFO - Processing file /home/airflow/.local/lib/python3.8/site-packages/airflow/example_dags/example_complex.py for tasks to queue
[2025-11-02T19:02:12.645+0000] {logging_mixin.py:188} INFO - [2025-11-02T19:02:12.644+0000] {dagbag.py:538} INFO - Filling up the DagBag from /home/airflow/.local/lib/python3.8/site-packages/airflow/example_dags/example_complex.py
[2025-11-02T19:02:12.672+0000] {processor.py:840} INFO - DAG(s) 'example_complex' retrieved from /home/airflow/.local/lib/python3.8/site-packages/airflow/example_dags/example_complex.py
[2025-11-02T19:02:12.757+0000] {logging_mixin.py:188} INFO - [2025-11-02T19:02:12.756+0000] {dag.py:3036} INFO - Sync 1 DAGs
[2025-11-02T19:02:12.795+0000] {logging_mixin.py:188} INFO - [2025-11-02T19:02:12.795+0000] {dag.py:3823} INFO - Setting next_dagrun for example_complex to None, run_after=None
[2025-11-02T19:02:12.847+0000] {processor.py:183} INFO - Processing /home/airflow/.local/lib/python3.8/site-packages/airflow/example_dags/example_complex.py took 0.224 seconds
[2025-11-02T19:02:43.383+0000] {processor.py:161} INFO - Started process (PID=4151) to work on /home/airflow/.local/lib/python3.8/site-packages/airflow/example_dags/example_complex.py
[2025-11-02T19:02:43.386+0000] {processor.py:830} INFO - Processing file /home/airflow/.local/lib/python3.8/site-packages/airflow/example_dags/example_complex.py for tasks to queue
[2025-11-02T19:02:43.391+0000] {logging_mixin.py:188} INFO - [2025-11-02T19:02:43.390+0000] {dagbag.py:538} INFO - Filling up the DagBag from /home/airflow/.local/lib/python3.8/site-packages/airflow/example_dags/example_complex.py
[2025-11-02T19:02:43.422+0000] {processor.py:840} INFO - DAG(s) 'example_complex' retrieved from /home/airflow/.local/lib/python3.8/site-packages/airflow/example_dags/example_complex.py
[2025-11-02T19:02:43.500+0000] {logging_mixin.py:188} INFO - [2025-11-02T19:02:43.500+0000] {dag.py:3036} INFO - Sync 1 DAGs
[2025-11-02T19:02:43.536+0000] {logging_mixin.py:188} INFO - [2025-11-02T19:02:43.535+0000] {dag.py:3823} INFO - Setting next_dagrun for example_complex to None, run_after=None
[2025-11-02T19:02:43.607+0000] {processor.py:183} INFO - Processing /home/airflow/.local/lib/python3.8/site-packages/airflow/example_dags/example_complex.py took 0.233 seconds
[2025-11-02T19:03:14.076+0000] {processor.py:161} INFO - Started process (PID=4206) to work on /home/airflow/.local/lib/python3.8/site-packages/airflow/example_dags/example_complex.py
[2025-11-02T19:03:14.078+0000] {processor.py:830} INFO - Processing file /home/airflow/.local/lib/python3.8/site-packages/airflow/example_dags/example_complex.py for tasks to queue
[2025-11-02T19:03:14.083+0000] {logging_mixin.py:188} INFO - [2025-11-02T19:03:14.082+0000] {dagbag.py:538} INFO - Filling up the DagBag from /home/airflow/.local/lib/python3.8/site-packages/airflow/example_dags/example_complex.py
[2025-11-02T19:03:14.107+0000] {processor.py:840} INFO - DAG(s) 'example_complex' retrieved from /home/airflow/.local/lib/python3.8/site-packages/airflow/example_dags/example_complex.py
[2025-11-02T19:03:14.196+0000] {logging_mixin.py:188} INFO - [2025-11-02T19:03:14.196+0000] {dag.py:3036} INFO - Sync 1 DAGs
[2025-11-02T19:03:14.226+0000] {logging_mixin.py:188} INFO - [2025-11-02T19:03:14.226+0000] {dag.py:3823} INFO - Setting next_dagrun for example_complex to None, run_after=None
[2025-11-02T19:03:14.277+0000] {processor.py:183} INFO - Processing /home/airflow/.local/lib/python3.8/site-packages/airflow/example_dags/example_complex.py took 0.211 seconds
[2025-11-02T19:03:44.776+0000] {processor.py:161} INFO - Started process (PID=4261) to work on /home/airflow/.local/lib/python3.8/site-packages/airflow/example_dags/example_complex.py
[2025-11-02T19:03:44.780+0000] {processor.py:830} INFO - Processing file /home/airflow/.local/lib/python3.8/site-packages/airflow/example_dags/example_complex.py for tasks to queue
[2025-11-02T19:03:44.787+0000] {logging_mixin.py:188} INFO - [2025-11-02T19:03:44.786+0000] {dagbag.py:538} INFO - Filling up the DagBag from /home/airflow/.local/lib/python3.8/site-packages/airflow/example_dags/example_complex.py
[2025-11-02T19:03:44.813+0000] {processor.py:840} INFO - DAG(s) 'example_complex' retrieved from /home/airflow/.local/lib/python3.8/site-packages/airflow/example_dags/example_complex.py
[2025-11-02T19:03:44.962+0000] {logging_mixin.py:188} INFO - [2025-11-02T19:03:44.961+0000] {dag.py:3036} INFO - Sync 1 DAGs
[2025-11-02T19:03:45.028+0000] {logging_mixin.py:188} INFO - [2025-11-02T19:03:45.027+0000] {dag.py:3823} INFO - Setting next_dagrun for example_complex to None, run_after=None
[2025-11-02T19:03:45.114+0000] {processor.py:183} INFO - Processing /home/airflow/.local/lib/python3.8/site-packages/airflow/example_dags/example_complex.py took 0.349 seconds
[2025-11-02T19:04:15.806+0000] {processor.py:161} INFO - Started process (PID=4316) to work on /home/airflow/.local/lib/python3.8/site-packages/airflow/example_dags/example_complex.py
[2025-11-02T19:04:15.810+0000] {processor.py:830} INFO - Processing file /home/airflow/.local/lib/python3.8/site-packages/airflow/example_dags/example_complex.py for tasks to queue
[2025-11-02T19:04:15.817+0000] {logging_mixin.py:188} INFO - [2025-11-02T19:04:15.816+0000] {dagbag.py:538} INFO - Filling up the DagBag from /home/airflow/.local/lib/python3.8/site-packages/airflow/example_dags/example_complex.py
[2025-11-02T19:04:15.850+0000] {processor.py:840} INFO - DAG(s) 'example_complex' retrieved from /home/airflow/.local/lib/python3.8/site-packages/airflow/example_dags/example_complex.py
[2025-11-02T19:04:15.932+0000] {logging_mixin.py:188} INFO - [2025-11-02T19:04:15.932+0000] {dag.py:3036} INFO - Sync 1 DAGs
[2025-11-02T19:04:15.959+0000] {logging_mixin.py:188} INFO - [2025-11-02T19:04:15.959+0000] {dag.py:3823} INFO - Setting next_dagrun for example_complex to None, run_after=None
[2025-11-02T19:04:16.047+0000] {processor.py:183} INFO - Processing /home/airflow/.local/lib/python3.8/site-packages/airflow/example_dags/example_complex.py took 0.253 seconds
[2025-11-02T19:04:46.895+0000] {processor.py:161} INFO - Started process (PID=4371) to work on /home/airflow/.local/lib/python3.8/site-packages/airflow/example_dags/example_complex.py
[2025-11-02T19:04:46.899+0000] {processor.py:830} INFO - Processing file /home/airflow/.local/lib/python3.8/site-packages/airflow/example_dags/example_complex.py for tasks to queue
[2025-11-02T19:04:46.906+0000] {logging_mixin.py:188} INFO - [2025-11-02T19:04:46.905+0000] {dagbag.py:538} INFO - Filling up the DagBag from /home/airflow/.local/lib/python3.8/site-packages/airflow/example_dags/example_complex.py
[2025-11-02T19:04:46.946+0000] {processor.py:840} INFO - DAG(s) 'example_complex' retrieved from /home/airflow/.local/lib/python3.8/site-packages/airflow/example_dags/example_complex.py
[2025-11-02T19:04:47.034+0000] {logging_mixin.py:188} INFO - [2025-11-02T19:04:47.033+0000] {dag.py:3036} INFO - Sync 1 DAGs
[2025-11-02T19:04:47.075+0000] {logging_mixin.py:188} INFO - [2025-11-02T19:04:47.074+0000] {dag.py:3823} INFO - Setting next_dagrun for example_complex to None, run_after=None
[2025-11-02T19:04:47.124+0000] {processor.py:183} INFO - Processing /home/airflow/.local/lib/python3.8/site-packages/airflow/example_dags/example_complex.py took 0.240 seconds
[2025-11-02T19:05:18.162+0000] {processor.py:161} INFO - Started process (PID=4426) to work on /home/airflow/.local/lib/python3.8/site-packages/airflow/example_dags/example_complex.py
[2025-11-02T19:05:18.174+0000] {processor.py:830} INFO - Processing file /home/airflow/.local/lib/python3.8/site-packages/airflow/example_dags/example_complex.py for tasks to queue
[2025-11-02T19:05:18.191+0000] {logging_mixin.py:188} INFO - [2025-11-02T19:05:18.184+0000] {dagbag.py:538} INFO - Filling up the DagBag from /home/airflow/.local/lib/python3.8/site-packages/airflow/example_dags/example_complex.py
[2025-11-02T19:05:18.298+0000] {processor.py:840} INFO - DAG(s) 'example_complex' retrieved from /home/airflow/.local/lib/python3.8/site-packages/airflow/example_dags/example_complex.py
[2025-11-02T19:05:18.450+0000] {logging_mixin.py:188} INFO - [2025-11-02T19:05:18.449+0000] {dag.py:3036} INFO - Sync 1 DAGs
[2025-11-02T19:05:18.525+0000] {logging_mixin.py:188} INFO - [2025-11-02T19:05:18.524+0000] {dag.py:3823} INFO - Setting next_dagrun for example_complex to None, run_after=None
[2025-11-02T19:05:18.699+0000] {processor.py:183} INFO - Processing /home/airflow/.local/lib/python3.8/site-packages/airflow/example_dags/example_complex.py took 0.554 seconds
[2025-11-02T19:05:48.976+0000] {processor.py:161} INFO - Started process (PID=4479) to work on /home/airflow/.local/lib/python3.8/site-packages/airflow/example_dags/example_complex.py
[2025-11-02T19:05:48.979+0000] {processor.py:830} INFO - Processing file /home/airflow/.local/lib/python3.8/site-packages/airflow/example_dags/example_complex.py for tasks to queue
[2025-11-02T19:05:48.984+0000] {logging_mixin.py:188} INFO - [2025-11-02T19:05:48.983+0000] {dagbag.py:538} INFO - Filling up the DagBag from /home/airflow/.local/lib/python3.8/site-packages/airflow/example_dags/example_complex.py
[2025-11-02T19:05:49.008+0000] {processor.py:840} INFO - DAG(s) 'example_complex' retrieved from /home/airflow/.local/lib/python3.8/site-packages/airflow/example_dags/example_complex.py
[2025-11-02T19:05:49.083+0000] {logging_mixin.py:188} INFO - [2025-11-02T19:05:49.083+0000] {dag.py:3036} INFO - Sync 1 DAGs
[2025-11-02T19:05:49.118+0000] {logging_mixin.py:188} INFO - [2025-11-02T19:05:49.118+0000] {dag.py:3823} INFO - Setting next_dagrun for example_complex to None, run_after=None
[2025-11-02T19:05:49.170+0000] {processor.py:183} INFO - Processing /home/airflow/.local/lib/python3.8/site-packages/airflow/example_dags/example_complex.py took 0.205 seconds
[2025-11-02T19:06:19.380+0000] {processor.py:161} INFO - Started process (PID=4534) to work on /home/airflow/.local/lib/python3.8/site-packages/airflow/example_dags/example_complex.py
[2025-11-02T19:06:19.382+0000] {processor.py:830} INFO - Processing file /home/airflow/.local/lib/python3.8/site-packages/airflow/example_dags/example_complex.py for tasks to queue
[2025-11-02T19:06:19.388+0000] {logging_mixin.py:188} INFO - [2025-11-02T19:06:19.387+0000] {dagbag.py:538} INFO - Filling up the DagBag from /home/airflow/.local/lib/python3.8/site-packages/airflow/example_dags/example_complex.py
[2025-11-02T19:06:19.411+0000] {processor.py:840} INFO - DAG(s) 'example_complex' retrieved from /home/airflow/.local/lib/python3.8/site-packages/airflow/example_dags/example_complex.py
[2025-11-02T19:06:19.475+0000] {logging_mixin.py:188} INFO - [2025-11-02T19:06:19.474+0000] {dag.py:3036} INFO - Sync 1 DAGs
[2025-11-02T19:06:19.501+0000] {logging_mixin.py:188} INFO - [2025-11-02T19:06:19.501+0000] {dag.py:3823} INFO - Setting next_dagrun for example_complex to None, run_after=None
[2025-11-02T19:06:19.548+0000] {processor.py:183} INFO - Processing /home/airflow/.local/lib/python3.8/site-packages/airflow/example_dags/example_complex.py took 0.175 seconds
[2025-11-02T19:06:50.391+0000] {processor.py:161} INFO - Started process (PID=4589) to work on /home/airflow/.local/lib/python3.8/site-packages/airflow/example_dags/example_complex.py
[2025-11-02T19:06:50.395+0000] {processor.py:830} INFO - Processing file /home/airflow/.local/lib/python3.8/site-packages/airflow/example_dags/example_complex.py for tasks to queue
[2025-11-02T19:06:50.402+0000] {logging_mixin.py:188} INFO - [2025-11-02T19:06:50.401+0000] {dagbag.py:538} INFO - Filling up the DagBag from /home/airflow/.local/lib/python3.8/site-packages/airflow/example_dags/example_complex.py
[2025-11-02T19:06:50.429+0000] {processor.py:840} INFO - DAG(s) 'example_complex' retrieved from /home/airflow/.local/lib/python3.8/site-packages/airflow/example_dags/example_complex.py
[2025-11-02T19:06:50.511+0000] {logging_mixin.py:188} INFO - [2025-11-02T19:06:50.511+0000] {dag.py:3036} INFO - Sync 1 DAGs
[2025-11-02T19:06:50.546+0000] {logging_mixin.py:188} INFO - [2025-11-02T19:06:50.545+0000] {dag.py:3823} INFO - Setting next_dagrun for example_complex to None, run_after=None
[2025-11-02T19:06:50.603+0000] {processor.py:183} INFO - Processing /home/airflow/.local/lib/python3.8/site-packages/airflow/example_dags/example_complex.py took 0.224 seconds
[2025-11-02T19:07:21.034+0000] {processor.py:161} INFO - Started process (PID=4644) to work on /home/airflow/.local/lib/python3.8/site-packages/airflow/example_dags/example_complex.py
[2025-11-02T19:07:21.039+0000] {processor.py:830} INFO - Processing file /home/airflow/.local/lib/python3.8/site-packages/airflow/example_dags/example_complex.py for tasks to queue
[2025-11-02T19:07:21.049+0000] {logging_mixin.py:188} INFO - [2025-11-02T19:07:21.047+0000] {dagbag.py:538} INFO - Filling up the DagBag from /home/airflow/.local/lib/python3.8/site-packages/airflow/example_dags/example_complex.py
[2025-11-02T19:07:21.094+0000] {processor.py:840} INFO - DAG(s) 'example_complex' retrieved from /home/airflow/.local/lib/python3.8/site-packages/airflow/example_dags/example_complex.py
[2025-11-02T19:07:21.265+0000] {logging_mixin.py:188} INFO - [2025-11-02T19:07:21.264+0000] {dag.py:3036} INFO - Sync 1 DAGs
[2025-11-02T19:07:21.338+0000] {logging_mixin.py:188} INFO - [2025-11-02T19:07:21.337+0000] {dag.py:3823} INFO - Setting next_dagrun for example_complex to None, run_after=None
[2025-11-02T19:07:21.411+0000] {processor.py:183} INFO - Processing /home/airflow/.local/lib/python3.8/site-packages/airflow/example_dags/example_complex.py took 0.390 seconds
[2025-11-02T19:07:51.758+0000] {processor.py:161} INFO - Started process (PID=4700) to work on /home/airflow/.local/lib/python3.8/site-packages/airflow/example_dags/example_complex.py
[2025-11-02T19:07:51.761+0000] {processor.py:830} INFO - Processing file /home/airflow/.local/lib/python3.8/site-packages/airflow/example_dags/example_complex.py for tasks to queue
[2025-11-02T19:07:51.765+0000] {logging_mixin.py:188} INFO - [2025-11-02T19:07:51.765+0000] {dagbag.py:538} INFO - Filling up the DagBag from /home/airflow/.local/lib/python3.8/site-packages/airflow/example_dags/example_complex.py
[2025-11-02T19:07:51.788+0000] {processor.py:840} INFO - DAG(s) 'example_complex' retrieved from /home/airflow/.local/lib/python3.8/site-packages/airflow/example_dags/example_complex.py
[2025-11-02T19:07:51.850+0000] {logging_mixin.py:188} INFO - [2025-11-02T19:07:51.850+0000] {dag.py:3036} INFO - Sync 1 DAGs
[2025-11-02T19:07:51.875+0000] {logging_mixin.py:188} INFO - [2025-11-02T19:07:51.875+0000] {dag.py:3823} INFO - Setting next_dagrun for example_complex to None, run_after=None
[2025-11-02T19:07:51.916+0000] {processor.py:183} INFO - Processing /home/airflow/.local/lib/python3.8/site-packages/airflow/example_dags/example_complex.py took 0.166 seconds
[2025-11-02T19:08:22.115+0000] {processor.py:161} INFO - Started process (PID=4755) to work on /home/airflow/.local/lib/python3.8/site-packages/airflow/example_dags/example_complex.py
[2025-11-02T19:08:22.118+0000] {processor.py:830} INFO - Processing file /home/airflow/.local/lib/python3.8/site-packages/airflow/example_dags/example_complex.py for tasks to queue
[2025-11-02T19:08:22.123+0000] {logging_mixin.py:188} INFO - [2025-11-02T19:08:22.122+0000] {dagbag.py:538} INFO - Filling up the DagBag from /home/airflow/.local/lib/python3.8/site-packages/airflow/example_dags/example_complex.py
[2025-11-02T19:08:22.147+0000] {processor.py:840} INFO - DAG(s) 'example_complex' retrieved from /home/airflow/.local/lib/python3.8/site-packages/airflow/example_dags/example_complex.py
[2025-11-02T19:08:22.211+0000] {logging_mixin.py:188} INFO - [2025-11-02T19:08:22.211+0000] {dag.py:3036} INFO - Sync 1 DAGs
[2025-11-02T19:08:22.266+0000] {logging_mixin.py:188} INFO - [2025-11-02T19:08:22.266+0000] {dag.py:3823} INFO - Setting next_dagrun for example_complex to None, run_after=None
[2025-11-02T19:08:22.315+0000] {processor.py:183} INFO - Processing /home/airflow/.local/lib/python3.8/site-packages/airflow/example_dags/example_complex.py took 0.208 seconds
[2025-11-02T19:08:52.728+0000] {processor.py:161} INFO - Started process (PID=4809) to work on /home/airflow/.local/lib/python3.8/site-packages/airflow/example_dags/example_complex.py
[2025-11-02T19:08:52.731+0000] {processor.py:830} INFO - Processing file /home/airflow/.local/lib/python3.8/site-packages/airflow/example_dags/example_complex.py for tasks to queue
[2025-11-02T19:08:52.736+0000] {logging_mixin.py:188} INFO - [2025-11-02T19:08:52.735+0000] {dagbag.py:538} INFO - Filling up the DagBag from /home/airflow/.local/lib/python3.8/site-packages/airflow/example_dags/example_complex.py
[2025-11-02T19:08:52.761+0000] {processor.py:840} INFO - DAG(s) 'example_complex' retrieved from /home/airflow/.local/lib/python3.8/site-packages/airflow/example_dags/example_complex.py
[2025-11-02T19:08:52.843+0000] {logging_mixin.py:188} INFO - [2025-11-02T19:08:52.842+0000] {dag.py:3036} INFO - Sync 1 DAGs
[2025-11-02T19:08:52.873+0000] {logging_mixin.py:188} INFO - [2025-11-02T19:08:52.873+0000] {dag.py:3823} INFO - Setting next_dagrun for example_complex to None, run_after=None
[2025-11-02T19:08:52.923+0000] {processor.py:183} INFO - Processing /home/airflow/.local/lib/python3.8/site-packages/airflow/example_dags/example_complex.py took 0.204 seconds
[2025-11-02T19:09:23.503+0000] {processor.py:161} INFO - Started process (PID=4864) to work on /home/airflow/.local/lib/python3.8/site-packages/airflow/example_dags/example_complex.py
[2025-11-02T19:09:23.506+0000] {processor.py:830} INFO - Processing file /home/airflow/.local/lib/python3.8/site-packages/airflow/example_dags/example_complex.py for tasks to queue
[2025-11-02T19:09:23.512+0000] {logging_mixin.py:188} INFO - [2025-11-02T19:09:23.512+0000] {dagbag.py:538} INFO - Filling up the DagBag from /home/airflow/.local/lib/python3.8/site-packages/airflow/example_dags/example_complex.py
[2025-11-02T19:09:23.541+0000] {processor.py:840} INFO - DAG(s) 'example_complex' retrieved from /home/airflow/.local/lib/python3.8/site-packages/airflow/example_dags/example_complex.py
[2025-11-02T19:09:23.615+0000] {logging_mixin.py:188} INFO - [2025-11-02T19:09:23.614+0000] {dag.py:3036} INFO - Sync 1 DAGs
[2025-11-02T19:09:23.645+0000] {logging_mixin.py:188} INFO - [2025-11-02T19:09:23.645+0000] {dag.py:3823} INFO - Setting next_dagrun for example_complex to None, run_after=None
[2025-11-02T19:09:23.693+0000] {processor.py:183} INFO - Processing /home/airflow/.local/lib/python3.8/site-packages/airflow/example_dags/example_complex.py took 0.200 seconds
[2025-11-02T19:09:54.413+0000] {processor.py:161} INFO - Started process (PID=4919) to work on /home/airflow/.local/lib/python3.8/site-packages/airflow/example_dags/example_complex.py
[2025-11-02T19:09:54.419+0000] {processor.py:830} INFO - Processing file /home/airflow/.local/lib/python3.8/site-packages/airflow/example_dags/example_complex.py for tasks to queue
[2025-11-02T19:09:54.426+0000] {logging_mixin.py:188} INFO - [2025-11-02T19:09:54.425+0000] {dagbag.py:538} INFO - Filling up the DagBag from /home/airflow/.local/lib/python3.8/site-packages/airflow/example_dags/example_complex.py
[2025-11-02T19:09:54.491+0000] {processor.py:840} INFO - DAG(s) 'example_complex' retrieved from /home/airflow/.local/lib/python3.8/site-packages/airflow/example_dags/example_complex.py
[2025-11-02T19:09:54.641+0000] {logging_mixin.py:188} INFO - [2025-11-02T19:09:54.640+0000] {dag.py:3036} INFO - Sync 1 DAGs
[2025-11-02T19:09:54.793+0000] {logging_mixin.py:188} INFO - [2025-11-02T19:09:54.792+0000] {dag.py:3823} INFO - Setting next_dagrun for example_complex to None, run_after=None
[2025-11-02T19:09:55.109+0000] {processor.py:183} INFO - Processing /home/airflow/.local/lib/python3.8/site-packages/airflow/example_dags/example_complex.py took 0.712 seconds
[2025-11-02T19:10:25.706+0000] {processor.py:161} INFO - Started process (PID=4974) to work on /home/airflow/.local/lib/python3.8/site-packages/airflow/example_dags/example_complex.py
[2025-11-02T19:10:25.710+0000] {processor.py:830} INFO - Processing file /home/airflow/.local/lib/python3.8/site-packages/airflow/example_dags/example_complex.py for tasks to queue
[2025-11-02T19:10:25.720+0000] {logging_mixin.py:188} INFO - [2025-11-02T19:10:25.718+0000] {dagbag.py:538} INFO - Filling up the DagBag from /home/airflow/.local/lib/python3.8/site-packages/airflow/example_dags/example_complex.py
[2025-11-02T19:10:25.782+0000] {processor.py:840} INFO - DAG(s) 'example_complex' retrieved from /home/airflow/.local/lib/python3.8/site-packages/airflow/example_dags/example_complex.py
[2025-11-02T19:10:25.953+0000] {logging_mixin.py:188} INFO - [2025-11-02T19:10:25.952+0000] {dag.py:3036} INFO - Sync 1 DAGs
[2025-11-02T19:10:26.010+0000] {logging_mixin.py:188} INFO - [2025-11-02T19:10:26.010+0000] {dag.py:3823} INFO - Setting next_dagrun for example_complex to None, run_after=None
[2025-11-02T19:10:26.055+0000] {processor.py:183} INFO - Processing /home/airflow/.local/lib/python3.8/site-packages/airflow/example_dags/example_complex.py took 0.367 seconds
[2025-11-02T19:10:56.209+0000] {processor.py:161} INFO - Started process (PID=5030) to work on /home/airflow/.local/lib/python3.8/site-packages/airflow/example_dags/example_complex.py
[2025-11-02T19:10:56.212+0000] {processor.py:830} INFO - Processing file /home/airflow/.local/lib/python3.8/site-packages/airflow/example_dags/example_complex.py for tasks to queue
[2025-11-02T19:10:56.217+0000] {logging_mixin.py:188} INFO - [2025-11-02T19:10:56.216+0000] {dagbag.py:538} INFO - Filling up the DagBag from /home/airflow/.local/lib/python3.8/site-packages/airflow/example_dags/example_complex.py
[2025-11-02T19:10:56.251+0000] {processor.py:840} INFO - DAG(s) 'example_complex' retrieved from /home/airflow/.local/lib/python3.8/site-packages/airflow/example_dags/example_complex.py
[2025-11-02T19:10:56.328+0000] {logging_mixin.py:188} INFO - [2025-11-02T19:10:56.328+0000] {dag.py:3036} INFO - Sync 1 DAGs
[2025-11-02T19:10:56.368+0000] {logging_mixin.py:188} INFO - [2025-11-02T19:10:56.368+0000] {dag.py:3823} INFO - Setting next_dagrun for example_complex to None, run_after=None
[2025-11-02T19:10:56.430+0000] {processor.py:183} INFO - Processing /home/airflow/.local/lib/python3.8/site-packages/airflow/example_dags/example_complex.py took 0.231 seconds
[2025-11-02T19:11:26.926+0000] {processor.py:161} INFO - Started process (PID=5084) to work on /home/airflow/.local/lib/python3.8/site-packages/airflow/example_dags/example_complex.py
[2025-11-02T19:11:26.929+0000] {processor.py:830} INFO - Processing file /home/airflow/.local/lib/python3.8/site-packages/airflow/example_dags/example_complex.py for tasks to queue
[2025-11-02T19:11:26.934+0000] {logging_mixin.py:188} INFO - [2025-11-02T19:11:26.933+0000] {dagbag.py:538} INFO - Filling up the DagBag from /home/airflow/.local/lib/python3.8/site-packages/airflow/example_dags/example_complex.py
[2025-11-02T19:11:26.959+0000] {processor.py:840} INFO - DAG(s) 'example_complex' retrieved from /home/airflow/.local/lib/python3.8/site-packages/airflow/example_dags/example_complex.py
[2025-11-02T19:11:27.040+0000] {logging_mixin.py:188} INFO - [2025-11-02T19:11:27.039+0000] {dag.py:3036} INFO - Sync 1 DAGs
[2025-11-02T19:11:27.066+0000] {logging_mixin.py:188} INFO - [2025-11-02T19:11:27.065+0000] {dag.py:3823} INFO - Setting next_dagrun for example_complex to None, run_after=None
[2025-11-02T19:11:27.113+0000] {processor.py:183} INFO - Processing /home/airflow/.local/lib/python3.8/site-packages/airflow/example_dags/example_complex.py took 0.199 seconds
[2025-11-02T19:11:57.438+0000] {processor.py:161} INFO - Started process (PID=5139) to work on /home/airflow/.local/lib/python3.8/site-packages/airflow/example_dags/example_complex.py
[2025-11-02T19:11:57.440+0000] {processor.py:830} INFO - Processing file /home/airflow/.local/lib/python3.8/site-packages/airflow/example_dags/example_complex.py for tasks to queue
[2025-11-02T19:11:57.445+0000] {logging_mixin.py:188} INFO - [2025-11-02T19:11:57.444+0000] {dagbag.py:538} INFO - Filling up the DagBag from /home/airflow/.local/lib/python3.8/site-packages/airflow/example_dags/example_complex.py
[2025-11-02T19:11:57.476+0000] {processor.py:840} INFO - DAG(s) 'example_complex' retrieved from /home/airflow/.local/lib/python3.8/site-packages/airflow/example_dags/example_complex.py
[2025-11-02T19:11:57.560+0000] {logging_mixin.py:188} INFO - [2025-11-02T19:11:57.559+0000] {dag.py:3036} INFO - Sync 1 DAGs
[2025-11-02T19:11:57.593+0000] {logging_mixin.py:188} INFO - [2025-11-02T19:11:57.592+0000] {dag.py:3823} INFO - Setting next_dagrun for example_complex to None, run_after=None
[2025-11-02T19:11:57.642+0000] {processor.py:183} INFO - Processing /home/airflow/.local/lib/python3.8/site-packages/airflow/example_dags/example_complex.py took 0.216 seconds
[2025-11-02T19:12:27.773+0000] {processor.py:161} INFO - Started process (PID=5194) to work on /home/airflow/.local/lib/python3.8/site-packages/airflow/example_dags/example_complex.py
[2025-11-02T19:12:27.776+0000] {processor.py:830} INFO - Processing file /home/airflow/.local/lib/python3.8/site-packages/airflow/example_dags/example_complex.py for tasks to queue
[2025-11-02T19:12:27.783+0000] {logging_mixin.py:188} INFO - [2025-11-02T19:12:27.782+0000] {dagbag.py:538} INFO - Filling up the DagBag from /home/airflow/.local/lib/python3.8/site-packages/airflow/example_dags/example_complex.py
[2025-11-02T19:12:27.829+0000] {processor.py:840} INFO - DAG(s) 'example_complex' retrieved from /home/airflow/.local/lib/python3.8/site-packages/airflow/example_dags/example_complex.py
[2025-11-02T19:12:27.941+0000] {logging_mixin.py:188} INFO - [2025-11-02T19:12:27.940+0000] {dag.py:3036} INFO - Sync 1 DAGs
[2025-11-02T19:12:27.979+0000] {logging_mixin.py:188} INFO - [2025-11-02T19:12:27.978+0000] {dag.py:3823} INFO - Setting next_dagrun for example_complex to None, run_after=None
[2025-11-02T19:12:28.040+0000] {processor.py:183} INFO - Processing /home/airflow/.local/lib/python3.8/site-packages/airflow/example_dags/example_complex.py took 0.281 seconds
[2025-11-02T19:12:58.848+0000] {processor.py:161} INFO - Started process (PID=5250) to work on /home/airflow/.local/lib/python3.8/site-packages/airflow/example_dags/example_complex.py
[2025-11-02T19:12:58.853+0000] {processor.py:830} INFO - Processing file /home/airflow/.local/lib/python3.8/site-packages/airflow/example_dags/example_complex.py for tasks to queue
[2025-11-02T19:12:58.862+0000] {logging_mixin.py:188} INFO - [2025-11-02T19:12:58.861+0000] {dagbag.py:538} INFO - Filling up the DagBag from /home/airflow/.local/lib/python3.8/site-packages/airflow/example_dags/example_complex.py
[2025-11-02T19:12:58.919+0000] {processor.py:840} INFO - DAG(s) 'example_complex' retrieved from /home/airflow/.local/lib/python3.8/site-packages/airflow/example_dags/example_complex.py
[2025-11-02T19:12:59.130+0000] {logging_mixin.py:188} INFO - [2025-11-02T19:12:59.129+0000] {dag.py:3036} INFO - Sync 1 DAGs
[2025-11-02T19:12:59.175+0000] {logging_mixin.py:188} INFO - [2025-11-02T19:12:59.174+0000] {dag.py:3823} INFO - Setting next_dagrun for example_complex to None, run_after=None
[2025-11-02T19:12:59.256+0000] {processor.py:183} INFO - Processing /home/airflow/.local/lib/python3.8/site-packages/airflow/example_dags/example_complex.py took 0.421 seconds
[2025-11-02T19:13:29.450+0000] {processor.py:161} INFO - Started process (PID=5301) to work on /home/airflow/.local/lib/python3.8/site-packages/airflow/example_dags/example_complex.py
[2025-11-02T19:13:29.452+0000] {processor.py:830} INFO - Processing file /home/airflow/.local/lib/python3.8/site-packages/airflow/example_dags/example_complex.py for tasks to queue
[2025-11-02T19:13:29.458+0000] {logging_mixin.py:188} INFO - [2025-11-02T19:13:29.457+0000] {dagbag.py:538} INFO - Filling up the DagBag from /home/airflow/.local/lib/python3.8/site-packages/airflow/example_dags/example_complex.py
[2025-11-02T19:13:29.482+0000] {processor.py:840} INFO - DAG(s) 'example_complex' retrieved from /home/airflow/.local/lib/python3.8/site-packages/airflow/example_dags/example_complex.py
[2025-11-02T19:13:29.577+0000] {logging_mixin.py:188} INFO - [2025-11-02T19:13:29.576+0000] {dag.py:3036} INFO - Sync 1 DAGs
[2025-11-02T19:13:29.607+0000] {logging_mixin.py:188} INFO - [2025-11-02T19:13:29.606+0000] {dag.py:3823} INFO - Setting next_dagrun for example_complex to None, run_after=None
[2025-11-02T19:13:29.654+0000] {processor.py:183} INFO - Processing /home/airflow/.local/lib/python3.8/site-packages/airflow/example_dags/example_complex.py took 0.213 seconds
[2025-11-02T19:13:59.820+0000] {processor.py:161} INFO - Started process (PID=5356) to work on /home/airflow/.local/lib/python3.8/site-packages/airflow/example_dags/example_complex.py
[2025-11-02T19:13:59.823+0000] {processor.py:830} INFO - Processing file /home/airflow/.local/lib/python3.8/site-packages/airflow/example_dags/example_complex.py for tasks to queue
[2025-11-02T19:13:59.828+0000] {logging_mixin.py:188} INFO - [2025-11-02T19:13:59.827+0000] {dagbag.py:538} INFO - Filling up the DagBag from /home/airflow/.local/lib/python3.8/site-packages/airflow/example_dags/example_complex.py
[2025-11-02T19:13:59.852+0000] {processor.py:840} INFO - DAG(s) 'example_complex' retrieved from /home/airflow/.local/lib/python3.8/site-packages/airflow/example_dags/example_complex.py
[2025-11-02T19:13:59.929+0000] {logging_mixin.py:188} INFO - [2025-11-02T19:13:59.929+0000] {dag.py:3036} INFO - Sync 1 DAGs
[2025-11-02T19:13:59.974+0000] {logging_mixin.py:188} INFO - [2025-11-02T19:13:59.974+0000] {dag.py:3823} INFO - Setting next_dagrun for example_complex to None, run_after=None
[2025-11-02T19:14:00.032+0000] {processor.py:183} INFO - Processing /home/airflow/.local/lib/python3.8/site-packages/airflow/example_dags/example_complex.py took 0.223 seconds
[2025-11-02T19:14:30.202+0000] {processor.py:161} INFO - Started process (PID=5408) to work on /home/airflow/.local/lib/python3.8/site-packages/airflow/example_dags/example_complex.py
[2025-11-02T19:14:30.205+0000] {processor.py:830} INFO - Processing file /home/airflow/.local/lib/python3.8/site-packages/airflow/example_dags/example_complex.py for tasks to queue
[2025-11-02T19:14:30.212+0000] {logging_mixin.py:188} INFO - [2025-11-02T19:14:30.211+0000] {dagbag.py:538} INFO - Filling up the DagBag from /home/airflow/.local/lib/python3.8/site-packages/airflow/example_dags/example_complex.py
[2025-11-02T19:14:30.235+0000] {processor.py:840} INFO - DAG(s) 'example_complex' retrieved from /home/airflow/.local/lib/python3.8/site-packages/airflow/example_dags/example_complex.py
[2025-11-02T19:14:30.333+0000] {logging_mixin.py:188} INFO - [2025-11-02T19:14:30.333+0000] {dag.py:3036} INFO - Sync 1 DAGs
[2025-11-02T19:14:30.363+0000] {logging_mixin.py:188} INFO - [2025-11-02T19:14:30.362+0000] {dag.py:3823} INFO - Setting next_dagrun for example_complex to None, run_after=None
[2025-11-02T19:14:30.411+0000] {processor.py:183} INFO - Processing /home/airflow/.local/lib/python3.8/site-packages/airflow/example_dags/example_complex.py took 0.219 seconds
[2025-11-02T19:15:00.550+0000] {processor.py:161} INFO - Started process (PID=5464) to work on /home/airflow/.local/lib/python3.8/site-packages/airflow/example_dags/example_complex.py
[2025-11-02T19:15:00.553+0000] {processor.py:830} INFO - Processing file /home/airflow/.local/lib/python3.8/site-packages/airflow/example_dags/example_complex.py for tasks to queue
[2025-11-02T19:15:00.560+0000] {logging_mixin.py:188} INFO - [2025-11-02T19:15:00.559+0000] {dagbag.py:538} INFO - Filling up the DagBag from /home/airflow/.local/lib/python3.8/site-packages/airflow/example_dags/example_complex.py
[2025-11-02T19:15:00.600+0000] {processor.py:840} INFO - DAG(s) 'example_complex' retrieved from /home/airflow/.local/lib/python3.8/site-packages/airflow/example_dags/example_complex.py
[2025-11-02T19:15:00.678+0000] {logging_mixin.py:188} INFO - [2025-11-02T19:15:00.677+0000] {dag.py:3036} INFO - Sync 1 DAGs
[2025-11-02T19:15:00.708+0000] {logging_mixin.py:188} INFO - [2025-11-02T19:15:00.707+0000] {dag.py:3823} INFO - Setting next_dagrun for example_complex to None, run_after=None
[2025-11-02T19:15:00.764+0000] {processor.py:183} INFO - Processing /home/airflow/.local/lib/python3.8/site-packages/airflow/example_dags/example_complex.py took 0.227 seconds
[2025-11-02T19:15:31.176+0000] {processor.py:161} INFO - Started process (PID=5519) to work on /home/airflow/.local/lib/python3.8/site-packages/airflow/example_dags/example_complex.py
[2025-11-02T19:15:31.179+0000] {processor.py:830} INFO - Processing file /home/airflow/.local/lib/python3.8/site-packages/airflow/example_dags/example_complex.py for tasks to queue
[2025-11-02T19:15:31.185+0000] {logging_mixin.py:188} INFO - [2025-11-02T19:15:31.185+0000] {dagbag.py:538} INFO - Filling up the DagBag from /home/airflow/.local/lib/python3.8/site-packages/airflow/example_dags/example_complex.py
[2025-11-02T19:15:31.215+0000] {processor.py:840} INFO - DAG(s) 'example_complex' retrieved from /home/airflow/.local/lib/python3.8/site-packages/airflow/example_dags/example_complex.py
[2025-11-02T19:15:31.311+0000] {logging_mixin.py:188} INFO - [2025-11-02T19:15:31.310+0000] {dag.py:3036} INFO - Sync 1 DAGs
[2025-11-02T19:15:31.346+0000] {logging_mixin.py:188} INFO - [2025-11-02T19:15:31.345+0000] {dag.py:3823} INFO - Setting next_dagrun for example_complex to None, run_after=None
[2025-11-02T19:15:31.405+0000] {processor.py:183} INFO - Processing /home/airflow/.local/lib/python3.8/site-packages/airflow/example_dags/example_complex.py took 0.242 seconds
[2025-11-02T19:16:01.594+0000] {processor.py:161} INFO - Started process (PID=5574) to work on /home/airflow/.local/lib/python3.8/site-packages/airflow/example_dags/example_complex.py
[2025-11-02T19:16:01.597+0000] {processor.py:830} INFO - Processing file /home/airflow/.local/lib/python3.8/site-packages/airflow/example_dags/example_complex.py for tasks to queue
[2025-11-02T19:16:01.601+0000] {logging_mixin.py:188} INFO - [2025-11-02T19:16:01.601+0000] {dagbag.py:538} INFO - Filling up the DagBag from /home/airflow/.local/lib/python3.8/site-packages/airflow/example_dags/example_complex.py
[2025-11-02T19:16:01.633+0000] {processor.py:840} INFO - DAG(s) 'example_complex' retrieved from /home/airflow/.local/lib/python3.8/site-packages/airflow/example_dags/example_complex.py
[2025-11-02T19:16:01.767+0000] {logging_mixin.py:188} INFO - [2025-11-02T19:16:01.766+0000] {dag.py:3036} INFO - Sync 1 DAGs
[2025-11-02T19:16:01.809+0000] {logging_mixin.py:188} INFO - [2025-11-02T19:16:01.808+0000] {dag.py:3823} INFO - Setting next_dagrun for example_complex to None, run_after=None
[2025-11-02T19:16:01.955+0000] {processor.py:183} INFO - Processing /home/airflow/.local/lib/python3.8/site-packages/airflow/example_dags/example_complex.py took 0.372 seconds
[2025-11-02T19:16:32.548+0000] {processor.py:161} INFO - Started process (PID=5629) to work on /home/airflow/.local/lib/python3.8/site-packages/airflow/example_dags/example_complex.py
[2025-11-02T19:16:32.551+0000] {processor.py:830} INFO - Processing file /home/airflow/.local/lib/python3.8/site-packages/airflow/example_dags/example_complex.py for tasks to queue
[2025-11-02T19:16:32.557+0000] {logging_mixin.py:188} INFO - [2025-11-02T19:16:32.556+0000] {dagbag.py:538} INFO - Filling up the DagBag from /home/airflow/.local/lib/python3.8/site-packages/airflow/example_dags/example_complex.py
[2025-11-02T19:16:32.595+0000] {processor.py:840} INFO - DAG(s) 'example_complex' retrieved from /home/airflow/.local/lib/python3.8/site-packages/airflow/example_dags/example_complex.py
[2025-11-02T19:16:32.693+0000] {logging_mixin.py:188} INFO - [2025-11-02T19:16:32.692+0000] {dag.py:3036} INFO - Sync 1 DAGs
[2025-11-02T19:16:32.741+0000] {logging_mixin.py:188} INFO - [2025-11-02T19:16:32.740+0000] {dag.py:3823} INFO - Setting next_dagrun for example_complex to None, run_after=None
[2025-11-02T19:16:32.807+0000] {processor.py:183} INFO - Processing /home/airflow/.local/lib/python3.8/site-packages/airflow/example_dags/example_complex.py took 0.272 seconds
[2025-11-02T19:17:02.932+0000] {processor.py:161} INFO - Started process (PID=5683) to work on /home/airflow/.local/lib/python3.8/site-packages/airflow/example_dags/example_complex.py
[2025-11-02T19:17:02.935+0000] {processor.py:830} INFO - Processing file /home/airflow/.local/lib/python3.8/site-packages/airflow/example_dags/example_complex.py for tasks to queue
[2025-11-02T19:17:02.942+0000] {logging_mixin.py:188} INFO - [2025-11-02T19:17:02.941+0000] {dagbag.py:538} INFO - Filling up the DagBag from /home/airflow/.local/lib/python3.8/site-packages/airflow/example_dags/example_complex.py
[2025-11-02T19:17:02.965+0000] {processor.py:840} INFO - DAG(s) 'example_complex' retrieved from /home/airflow/.local/lib/python3.8/site-packages/airflow/example_dags/example_complex.py
[2025-11-02T19:17:03.041+0000] {logging_mixin.py:188} INFO - [2025-11-02T19:17:03.040+0000] {dag.py:3036} INFO - Sync 1 DAGs
[2025-11-02T19:17:03.071+0000] {logging_mixin.py:188} INFO - [2025-11-02T19:17:03.071+0000] {dag.py:3823} INFO - Setting next_dagrun for example_complex to None, run_after=None
[2025-11-02T19:17:03.124+0000] {processor.py:183} INFO - Processing /home/airflow/.local/lib/python3.8/site-packages/airflow/example_dags/example_complex.py took 0.201 seconds
[2025-11-02T19:17:33.334+0000] {processor.py:161} INFO - Started process (PID=5737) to work on /home/airflow/.local/lib/python3.8/site-packages/airflow/example_dags/example_complex.py
[2025-11-02T19:17:33.337+0000] {processor.py:830} INFO - Processing file /home/airflow/.local/lib/python3.8/site-packages/airflow/example_dags/example_complex.py for tasks to queue
[2025-11-02T19:17:33.342+0000] {logging_mixin.py:188} INFO - [2025-11-02T19:17:33.341+0000] {dagbag.py:538} INFO - Filling up the DagBag from /home/airflow/.local/lib/python3.8/site-packages/airflow/example_dags/example_complex.py
[2025-11-02T19:17:33.377+0000] {processor.py:840} INFO - DAG(s) 'example_complex' retrieved from /home/airflow/.local/lib/python3.8/site-packages/airflow/example_dags/example_complex.py
[2025-11-02T19:17:33.449+0000] {logging_mixin.py:188} INFO - [2025-11-02T19:17:33.448+0000] {dag.py:3036} INFO - Sync 1 DAGs
[2025-11-02T19:17:33.480+0000] {logging_mixin.py:188} INFO - [2025-11-02T19:17:33.479+0000] {dag.py:3823} INFO - Setting next_dagrun for example_complex to None, run_after=None
[2025-11-02T19:17:33.534+0000] {processor.py:183} INFO - Processing /home/airflow/.local/lib/python3.8/site-packages/airflow/example_dags/example_complex.py took 0.209 seconds
[2025-11-02T19:18:04.084+0000] {processor.py:161} INFO - Started process (PID=5792) to work on /home/airflow/.local/lib/python3.8/site-packages/airflow/example_dags/example_complex.py
[2025-11-02T19:18:04.087+0000] {processor.py:830} INFO - Processing file /home/airflow/.local/lib/python3.8/site-packages/airflow/example_dags/example_complex.py for tasks to queue
[2025-11-02T19:18:04.093+0000] {logging_mixin.py:188} INFO - [2025-11-02T19:18:04.092+0000] {dagbag.py:538} INFO - Filling up the DagBag from /home/airflow/.local/lib/python3.8/site-packages/airflow/example_dags/example_complex.py
[2025-11-02T19:18:04.131+0000] {processor.py:840} INFO - DAG(s) 'example_complex' retrieved from /home/airflow/.local/lib/python3.8/site-packages/airflow/example_dags/example_complex.py
[2025-11-02T19:18:04.244+0000] {logging_mixin.py:188} INFO - [2025-11-02T19:18:04.243+0000] {dag.py:3036} INFO - Sync 1 DAGs
[2025-11-02T19:18:04.295+0000] {logging_mixin.py:188} INFO - [2025-11-02T19:18:04.293+0000] {dag.py:3823} INFO - Setting next_dagrun for example_complex to None, run_after=None
[2025-11-02T19:18:04.352+0000] {processor.py:183} INFO - Processing /home/airflow/.local/lib/python3.8/site-packages/airflow/example_dags/example_complex.py took 0.282 seconds
[2025-11-02T19:18:34.653+0000] {processor.py:161} INFO - Started process (PID=5847) to work on /home/airflow/.local/lib/python3.8/site-packages/airflow/example_dags/example_complex.py
[2025-11-02T19:18:34.656+0000] {processor.py:830} INFO - Processing file /home/airflow/.local/lib/python3.8/site-packages/airflow/example_dags/example_complex.py for tasks to queue
[2025-11-02T19:18:34.663+0000] {logging_mixin.py:188} INFO - [2025-11-02T19:18:34.662+0000] {dagbag.py:538} INFO - Filling up the DagBag from /home/airflow/.local/lib/python3.8/site-packages/airflow/example_dags/example_complex.py
[2025-11-02T19:18:34.703+0000] {processor.py:840} INFO - DAG(s) 'example_complex' retrieved from /home/airflow/.local/lib/python3.8/site-packages/airflow/example_dags/example_complex.py
[2025-11-02T19:18:34.793+0000] {logging_mixin.py:188} INFO - [2025-11-02T19:18:34.793+0000] {dag.py:3036} INFO - Sync 1 DAGs
[2025-11-02T19:18:34.827+0000] {logging_mixin.py:188} INFO - [2025-11-02T19:18:34.826+0000] {dag.py:3823} INFO - Setting next_dagrun for example_complex to None, run_after=None
[2025-11-02T19:18:34.880+0000] {processor.py:183} INFO - Processing /home/airflow/.local/lib/python3.8/site-packages/airflow/example_dags/example_complex.py took 0.240 seconds
[2025-11-02T19:19:05.049+0000] {processor.py:161} INFO - Started process (PID=5901) to work on /home/airflow/.local/lib/python3.8/site-packages/airflow/example_dags/example_complex.py
[2025-11-02T19:19:05.052+0000] {processor.py:830} INFO - Processing file /home/airflow/.local/lib/python3.8/site-packages/airflow/example_dags/example_complex.py for tasks to queue
[2025-11-02T19:19:05.058+0000] {logging_mixin.py:188} INFO - [2025-11-02T19:19:05.056+0000] {dagbag.py:538} INFO - Filling up the DagBag from /home/airflow/.local/lib/python3.8/site-packages/airflow/example_dags/example_complex.py
[2025-11-02T19:19:05.102+0000] {processor.py:840} INFO - DAG(s) 'example_complex' retrieved from /home/airflow/.local/lib/python3.8/site-packages/airflow/example_dags/example_complex.py
[2025-11-02T19:19:05.172+0000] {logging_mixin.py:188} INFO - [2025-11-02T19:19:05.172+0000] {dag.py:3036} INFO - Sync 1 DAGs
[2025-11-02T19:19:05.203+0000] {logging_mixin.py:188} INFO - [2025-11-02T19:19:05.203+0000] {dag.py:3823} INFO - Setting next_dagrun for example_complex to None, run_after=None
[2025-11-02T19:19:05.272+0000] {processor.py:183} INFO - Processing /home/airflow/.local/lib/python3.8/site-packages/airflow/example_dags/example_complex.py took 0.232 seconds
[2025-11-02T19:19:35.877+0000] {processor.py:161} INFO - Started process (PID=5956) to work on /home/airflow/.local/lib/python3.8/site-packages/airflow/example_dags/example_complex.py
[2025-11-02T19:19:35.880+0000] {processor.py:830} INFO - Processing file /home/airflow/.local/lib/python3.8/site-packages/airflow/example_dags/example_complex.py for tasks to queue
[2025-11-02T19:19:35.897+0000] {logging_mixin.py:188} INFO - [2025-11-02T19:19:35.896+0000] {dagbag.py:538} INFO - Filling up the DagBag from /home/airflow/.local/lib/python3.8/site-packages/airflow/example_dags/example_complex.py
[2025-11-02T19:19:35.984+0000] {processor.py:840} INFO - DAG(s) 'example_complex' retrieved from /home/airflow/.local/lib/python3.8/site-packages/airflow/example_dags/example_complex.py
[2025-11-02T19:19:36.126+0000] {logging_mixin.py:188} INFO - [2025-11-02T19:19:36.125+0000] {dag.py:3036} INFO - Sync 1 DAGs
[2025-11-02T19:19:36.180+0000] {logging_mixin.py:188} INFO - [2025-11-02T19:19:36.179+0000] {dag.py:3823} INFO - Setting next_dagrun for example_complex to None, run_after=None
[2025-11-02T19:19:36.259+0000] {processor.py:183} INFO - Processing /home/airflow/.local/lib/python3.8/site-packages/airflow/example_dags/example_complex.py took 0.400 seconds
[2025-11-02T19:20:06.503+0000] {processor.py:161} INFO - Started process (PID=6012) to work on /home/airflow/.local/lib/python3.8/site-packages/airflow/example_dags/example_complex.py
[2025-11-02T19:20:06.506+0000] {processor.py:830} INFO - Processing file /home/airflow/.local/lib/python3.8/site-packages/airflow/example_dags/example_complex.py for tasks to queue
[2025-11-02T19:20:06.511+0000] {logging_mixin.py:188} INFO - [2025-11-02T19:20:06.510+0000] {dagbag.py:538} INFO - Filling up the DagBag from /home/airflow/.local/lib/python3.8/site-packages/airflow/example_dags/example_complex.py
[2025-11-02T19:20:06.541+0000] {processor.py:840} INFO - DAG(s) 'example_complex' retrieved from /home/airflow/.local/lib/python3.8/site-packages/airflow/example_dags/example_complex.py
[2025-11-02T19:20:06.624+0000] {logging_mixin.py:188} INFO - [2025-11-02T19:20:06.624+0000] {dag.py:3036} INFO - Sync 1 DAGs
[2025-11-02T19:20:06.657+0000] {logging_mixin.py:188} INFO - [2025-11-02T19:20:06.657+0000] {dag.py:3823} INFO - Setting next_dagrun for example_complex to None, run_after=None
[2025-11-02T19:20:06.706+0000] {processor.py:183} INFO - Processing /home/airflow/.local/lib/python3.8/site-packages/airflow/example_dags/example_complex.py took 0.213 seconds
[2025-11-02T19:20:36.926+0000] {processor.py:161} INFO - Started process (PID=6066) to work on /home/airflow/.local/lib/python3.8/site-packages/airflow/example_dags/example_complex.py
[2025-11-02T19:20:36.929+0000] {processor.py:830} INFO - Processing file /home/airflow/.local/lib/python3.8/site-packages/airflow/example_dags/example_complex.py for tasks to queue
[2025-11-02T19:20:36.935+0000] {logging_mixin.py:188} INFO - [2025-11-02T19:20:36.934+0000] {dagbag.py:538} INFO - Filling up the DagBag from /home/airflow/.local/lib/python3.8/site-packages/airflow/example_dags/example_complex.py
[2025-11-02T19:20:36.993+0000] {processor.py:840} INFO - DAG(s) 'example_complex' retrieved from /home/airflow/.local/lib/python3.8/site-packages/airflow/example_dags/example_complex.py
[2025-11-02T19:20:37.108+0000] {logging_mixin.py:188} INFO - [2025-11-02T19:20:37.107+0000] {dag.py:3036} INFO - Sync 1 DAGs
[2025-11-02T19:20:37.143+0000] {logging_mixin.py:188} INFO - [2025-11-02T19:20:37.143+0000] {dag.py:3823} INFO - Setting next_dagrun for example_complex to None, run_after=None
[2025-11-02T19:20:37.212+0000] {processor.py:183} INFO - Processing /home/airflow/.local/lib/python3.8/site-packages/airflow/example_dags/example_complex.py took 0.297 seconds
[2025-11-02T19:21:07.614+0000] {processor.py:161} INFO - Started process (PID=6119) to work on /home/airflow/.local/lib/python3.8/site-packages/airflow/example_dags/example_complex.py
[2025-11-02T19:21:07.617+0000] {processor.py:830} INFO - Processing file /home/airflow/.local/lib/python3.8/site-packages/airflow/example_dags/example_complex.py for tasks to queue
[2025-11-02T19:21:07.626+0000] {logging_mixin.py:188} INFO - [2025-11-02T19:21:07.625+0000] {dagbag.py:538} INFO - Filling up the DagBag from /home/airflow/.local/lib/python3.8/site-packages/airflow/example_dags/example_complex.py
[2025-11-02T19:21:07.664+0000] {processor.py:840} INFO - DAG(s) 'example_complex' retrieved from /home/airflow/.local/lib/python3.8/site-packages/airflow/example_dags/example_complex.py
[2025-11-02T19:21:07.755+0000] {logging_mixin.py:188} INFO - [2025-11-02T19:21:07.754+0000] {dag.py:3036} INFO - Sync 1 DAGs
[2025-11-02T19:21:07.796+0000] {logging_mixin.py:188} INFO - [2025-11-02T19:21:07.796+0000] {dag.py:3823} INFO - Setting next_dagrun for example_complex to None, run_after=None
[2025-11-02T19:21:07.872+0000] {processor.py:183} INFO - Processing /home/airflow/.local/lib/python3.8/site-packages/airflow/example_dags/example_complex.py took 0.271 seconds
[2025-11-02T19:21:38.173+0000] {processor.py:161} INFO - Started process (PID=6173) to work on /home/airflow/.local/lib/python3.8/site-packages/airflow/example_dags/example_complex.py
[2025-11-02T19:21:38.181+0000] {processor.py:830} INFO - Processing file /home/airflow/.local/lib/python3.8/site-packages/airflow/example_dags/example_complex.py for tasks to queue
[2025-11-02T19:21:38.193+0000] {logging_mixin.py:188} INFO - [2025-11-02T19:21:38.192+0000] {dagbag.py:538} INFO - Filling up the DagBag from /home/airflow/.local/lib/python3.8/site-packages/airflow/example_dags/example_complex.py
[2025-11-02T19:21:38.289+0000] {processor.py:840} INFO - DAG(s) 'example_complex' retrieved from /home/airflow/.local/lib/python3.8/site-packages/airflow/example_dags/example_complex.py
[2025-11-02T19:21:38.583+0000] {logging_mixin.py:188} INFO - [2025-11-02T19:21:38.582+0000] {dag.py:3036} INFO - Sync 1 DAGs
[2025-11-02T19:21:38.641+0000] {logging_mixin.py:188} INFO - [2025-11-02T19:21:38.640+0000] {dag.py:3823} INFO - Setting next_dagrun for example_complex to None, run_after=None
[2025-11-02T19:21:38.743+0000] {processor.py:183} INFO - Processing /home/airflow/.local/lib/python3.8/site-packages/airflow/example_dags/example_complex.py took 0.607 seconds
[2025-11-02T19:22:08.862+0000] {processor.py:161} INFO - Started process (PID=6227) to work on /home/airflow/.local/lib/python3.8/site-packages/airflow/example_dags/example_complex.py
[2025-11-02T19:22:08.865+0000] {processor.py:830} INFO - Processing file /home/airflow/.local/lib/python3.8/site-packages/airflow/example_dags/example_complex.py for tasks to queue
[2025-11-02T19:22:08.874+0000] {logging_mixin.py:188} INFO - [2025-11-02T19:22:08.873+0000] {dagbag.py:538} INFO - Filling up the DagBag from /home/airflow/.local/lib/python3.8/site-packages/airflow/example_dags/example_complex.py
[2025-11-02T19:22:08.916+0000] {processor.py:840} INFO - DAG(s) 'example_complex' retrieved from /home/airflow/.local/lib/python3.8/site-packages/airflow/example_dags/example_complex.py
[2025-11-02T19:22:09.049+0000] {logging_mixin.py:188} INFO - [2025-11-02T19:22:09.045+0000] {dag.py:3036} INFO - Sync 1 DAGs
[2025-11-02T19:22:09.121+0000] {logging_mixin.py:188} INFO - [2025-11-02T19:22:09.113+0000] {dag.py:3823} INFO - Setting next_dagrun for example_complex to None, run_after=None
[2025-11-02T19:22:09.188+0000] {processor.py:183} INFO - Processing /home/airflow/.local/lib/python3.8/site-packages/airflow/example_dags/example_complex.py took 0.342 seconds
[2025-11-02T19:22:39.343+0000] {processor.py:161} INFO - Started process (PID=6279) to work on /home/airflow/.local/lib/python3.8/site-packages/airflow/example_dags/example_complex.py
[2025-11-02T19:22:39.346+0000] {processor.py:830} INFO - Processing file /home/airflow/.local/lib/python3.8/site-packages/airflow/example_dags/example_complex.py for tasks to queue
[2025-11-02T19:22:39.353+0000] {logging_mixin.py:188} INFO - [2025-11-02T19:22:39.351+0000] {dagbag.py:538} INFO - Filling up the DagBag from /home/airflow/.local/lib/python3.8/site-packages/airflow/example_dags/example_complex.py
[2025-11-02T19:22:39.391+0000] {processor.py:840} INFO - DAG(s) 'example_complex' retrieved from /home/airflow/.local/lib/python3.8/site-packages/airflow/example_dags/example_complex.py
[2025-11-02T19:22:39.496+0000] {logging_mixin.py:188} INFO - [2025-11-02T19:22:39.496+0000] {dag.py:3036} INFO - Sync 1 DAGs
[2025-11-02T19:22:39.535+0000] {logging_mixin.py:188} INFO - [2025-11-02T19:22:39.535+0000] {dag.py:3823} INFO - Setting next_dagrun for example_complex to None, run_after=None
[2025-11-02T19:22:39.638+0000] {processor.py:183} INFO - Processing /home/airflow/.local/lib/python3.8/site-packages/airflow/example_dags/example_complex.py took 0.310 seconds
[2025-11-02T19:23:09.915+0000] {processor.py:161} INFO - Started process (PID=6335) to work on /home/airflow/.local/lib/python3.8/site-packages/airflow/example_dags/example_complex.py
[2025-11-02T19:23:09.918+0000] {processor.py:830} INFO - Processing file /home/airflow/.local/lib/python3.8/site-packages/airflow/example_dags/example_complex.py for tasks to queue
[2025-11-02T19:23:09.923+0000] {logging_mixin.py:188} INFO - [2025-11-02T19:23:09.922+0000] {dagbag.py:538} INFO - Filling up the DagBag from /home/airflow/.local/lib/python3.8/site-packages/airflow/example_dags/example_complex.py
[2025-11-02T19:23:09.945+0000] {processor.py:840} INFO - DAG(s) 'example_complex' retrieved from /home/airflow/.local/lib/python3.8/site-packages/airflow/example_dags/example_complex.py
[2025-11-02T19:23:10.008+0000] {logging_mixin.py:188} INFO - [2025-11-02T19:23:10.008+0000] {dag.py:3036} INFO - Sync 1 DAGs
[2025-11-02T19:23:10.033+0000] {logging_mixin.py:188} INFO - [2025-11-02T19:23:10.032+0000] {dag.py:3823} INFO - Setting next_dagrun for example_complex to None, run_after=None
[2025-11-02T19:23:10.079+0000] {processor.py:183} INFO - Processing /home/airflow/.local/lib/python3.8/site-packages/airflow/example_dags/example_complex.py took 0.176 seconds
[2025-11-02T19:23:40.311+0000] {processor.py:161} INFO - Started process (PID=6390) to work on /home/airflow/.local/lib/python3.8/site-packages/airflow/example_dags/example_complex.py
[2025-11-02T19:23:40.314+0000] {processor.py:830} INFO - Processing file /home/airflow/.local/lib/python3.8/site-packages/airflow/example_dags/example_complex.py for tasks to queue
[2025-11-02T19:23:40.319+0000] {logging_mixin.py:188} INFO - [2025-11-02T19:23:40.318+0000] {dagbag.py:538} INFO - Filling up the DagBag from /home/airflow/.local/lib/python3.8/site-packages/airflow/example_dags/example_complex.py
[2025-11-02T19:23:40.354+0000] {processor.py:840} INFO - DAG(s) 'example_complex' retrieved from /home/airflow/.local/lib/python3.8/site-packages/airflow/example_dags/example_complex.py
[2025-11-02T19:23:40.439+0000] {logging_mixin.py:188} INFO - [2025-11-02T19:23:40.438+0000] {dag.py:3036} INFO - Sync 1 DAGs
[2025-11-02T19:23:40.468+0000] {logging_mixin.py:188} INFO - [2025-11-02T19:23:40.467+0000] {dag.py:3823} INFO - Setting next_dagrun for example_complex to None, run_after=None
[2025-11-02T19:23:40.517+0000] {processor.py:183} INFO - Processing /home/airflow/.local/lib/python3.8/site-packages/airflow/example_dags/example_complex.py took 0.218 seconds
[2025-11-02T19:24:10.733+0000] {processor.py:161} INFO - Started process (PID=6445) to work on /home/airflow/.local/lib/python3.8/site-packages/airflow/example_dags/example_complex.py
[2025-11-02T19:24:10.736+0000] {processor.py:830} INFO - Processing file /home/airflow/.local/lib/python3.8/site-packages/airflow/example_dags/example_complex.py for tasks to queue
[2025-11-02T19:24:10.741+0000] {logging_mixin.py:188} INFO - [2025-11-02T19:24:10.740+0000] {dagbag.py:538} INFO - Filling up the DagBag from /home/airflow/.local/lib/python3.8/site-packages/airflow/example_dags/example_complex.py
[2025-11-02T19:24:10.783+0000] {processor.py:840} INFO - DAG(s) 'example_complex' retrieved from /home/airflow/.local/lib/python3.8/site-packages/airflow/example_dags/example_complex.py
[2025-11-02T19:24:10.856+0000] {logging_mixin.py:188} INFO - [2025-11-02T19:24:10.855+0000] {dag.py:3036} INFO - Sync 1 DAGs
[2025-11-02T19:24:10.887+0000] {logging_mixin.py:188} INFO - [2025-11-02T19:24:10.887+0000] {dag.py:3823} INFO - Setting next_dagrun for example_complex to None, run_after=None
[2025-11-02T19:24:10.932+0000] {processor.py:183} INFO - Processing /home/airflow/.local/lib/python3.8/site-packages/airflow/example_dags/example_complex.py took 0.211 seconds
[2025-11-02T19:24:41.169+0000] {processor.py:161} INFO - Started process (PID=6498) to work on /home/airflow/.local/lib/python3.8/site-packages/airflow/example_dags/example_complex.py
[2025-11-02T19:24:41.176+0000] {processor.py:830} INFO - Processing file /home/airflow/.local/lib/python3.8/site-packages/airflow/example_dags/example_complex.py for tasks to queue
[2025-11-02T19:24:41.184+0000] {logging_mixin.py:188} INFO - [2025-11-02T19:24:41.183+0000] {dagbag.py:538} INFO - Filling up the DagBag from /home/airflow/.local/lib/python3.8/site-packages/airflow/example_dags/example_complex.py
[2025-11-02T19:24:41.219+0000] {processor.py:840} INFO - DAG(s) 'example_complex' retrieved from /home/airflow/.local/lib/python3.8/site-packages/airflow/example_dags/example_complex.py
[2025-11-02T19:24:41.328+0000] {logging_mixin.py:188} INFO - [2025-11-02T19:24:41.328+0000] {dag.py:3036} INFO - Sync 1 DAGs
[2025-11-02T19:24:41.372+0000] {logging_mixin.py:188} INFO - [2025-11-02T19:24:41.371+0000] {dag.py:3823} INFO - Setting next_dagrun for example_complex to None, run_after=None
[2025-11-02T19:24:41.437+0000] {processor.py:183} INFO - Processing /home/airflow/.local/lib/python3.8/site-packages/airflow/example_dags/example_complex.py took 0.294 seconds
[2025-11-02T19:25:11.576+0000] {processor.py:161} INFO - Started process (PID=6552) to work on /home/airflow/.local/lib/python3.8/site-packages/airflow/example_dags/example_complex.py
[2025-11-02T19:25:11.579+0000] {processor.py:830} INFO - Processing file /home/airflow/.local/lib/python3.8/site-packages/airflow/example_dags/example_complex.py for tasks to queue
[2025-11-02T19:25:11.586+0000] {logging_mixin.py:188} INFO - [2025-11-02T19:25:11.585+0000] {dagbag.py:538} INFO - Filling up the DagBag from /home/airflow/.local/lib/python3.8/site-packages/airflow/example_dags/example_complex.py
[2025-11-02T19:25:11.613+0000] {processor.py:840} INFO - DAG(s) 'example_complex' retrieved from /home/airflow/.local/lib/python3.8/site-packages/airflow/example_dags/example_complex.py
[2025-11-02T19:25:11.699+0000] {logging_mixin.py:188} INFO - [2025-11-02T19:25:11.699+0000] {dag.py:3036} INFO - Sync 1 DAGs
[2025-11-02T19:25:11.730+0000] {logging_mixin.py:188} INFO - [2025-11-02T19:25:11.729+0000] {dag.py:3823} INFO - Setting next_dagrun for example_complex to None, run_after=None
[2025-11-02T19:25:11.788+0000] {processor.py:183} INFO - Processing /home/airflow/.local/lib/python3.8/site-packages/airflow/example_dags/example_complex.py took 0.224 seconds
[2025-11-02T19:25:42.352+0000] {processor.py:161} INFO - Started process (PID=6606) to work on /home/airflow/.local/lib/python3.8/site-packages/airflow/example_dags/example_complex.py
[2025-11-02T19:25:42.356+0000] {processor.py:830} INFO - Processing file /home/airflow/.local/lib/python3.8/site-packages/airflow/example_dags/example_complex.py for tasks to queue
[2025-11-02T19:25:42.374+0000] {logging_mixin.py:188} INFO - [2025-11-02T19:25:42.373+0000] {dagbag.py:538} INFO - Filling up the DagBag from /home/airflow/.local/lib/python3.8/site-packages/airflow/example_dags/example_complex.py
[2025-11-02T19:25:42.463+0000] {processor.py:840} INFO - DAG(s) 'example_complex' retrieved from /home/airflow/.local/lib/python3.8/site-packages/airflow/example_dags/example_complex.py
[2025-11-02T19:25:42.620+0000] {logging_mixin.py:188} INFO - [2025-11-02T19:25:42.619+0000] {dag.py:3036} INFO - Sync 1 DAGs
[2025-11-02T19:25:42.708+0000] {logging_mixin.py:188} INFO - [2025-11-02T19:25:42.708+0000] {dag.py:3823} INFO - Setting next_dagrun for example_complex to None, run_after=None
[2025-11-02T19:25:42.817+0000] {processor.py:183} INFO - Processing /home/airflow/.local/lib/python3.8/site-packages/airflow/example_dags/example_complex.py took 0.488 seconds
[2025-11-02T19:26:13.038+0000] {processor.py:161} INFO - Started process (PID=6661) to work on /home/airflow/.local/lib/python3.8/site-packages/airflow/example_dags/example_complex.py
[2025-11-02T19:26:13.041+0000] {processor.py:830} INFO - Processing file /home/airflow/.local/lib/python3.8/site-packages/airflow/example_dags/example_complex.py for tasks to queue
[2025-11-02T19:26:13.060+0000] {logging_mixin.py:188} INFO - [2025-11-02T19:26:13.059+0000] {dagbag.py:538} INFO - Filling up the DagBag from /home/airflow/.local/lib/python3.8/site-packages/airflow/example_dags/example_complex.py
[2025-11-02T19:26:13.141+0000] {processor.py:840} INFO - DAG(s) 'example_complex' retrieved from /home/airflow/.local/lib/python3.8/site-packages/airflow/example_dags/example_complex.py
[2025-11-02T19:26:13.433+0000] {logging_mixin.py:188} INFO - [2025-11-02T19:26:13.431+0000] {dag.py:3036} INFO - Sync 1 DAGs
[2025-11-02T19:26:13.608+0000] {logging_mixin.py:188} INFO - [2025-11-02T19:26:13.607+0000] {dag.py:3823} INFO - Setting next_dagrun for example_complex to None, run_after=None
[2025-11-02T19:26:13.692+0000] {processor.py:183} INFO - Processing /home/airflow/.local/lib/python3.8/site-packages/airflow/example_dags/example_complex.py took 0.665 seconds
[2025-11-02T19:26:43.782+0000] {processor.py:161} INFO - Started process (PID=6716) to work on /home/airflow/.local/lib/python3.8/site-packages/airflow/example_dags/example_complex.py
[2025-11-02T19:26:43.784+0000] {processor.py:830} INFO - Processing file /home/airflow/.local/lib/python3.8/site-packages/airflow/example_dags/example_complex.py for tasks to queue
[2025-11-02T19:26:43.789+0000] {logging_mixin.py:188} INFO - [2025-11-02T19:26:43.788+0000] {dagbag.py:538} INFO - Filling up the DagBag from /home/airflow/.local/lib/python3.8/site-packages/airflow/example_dags/example_complex.py
[2025-11-02T19:26:43.811+0000] {processor.py:840} INFO - DAG(s) 'example_complex' retrieved from /home/airflow/.local/lib/python3.8/site-packages/airflow/example_dags/example_complex.py
[2025-11-02T19:26:43.874+0000] {logging_mixin.py:188} INFO - [2025-11-02T19:26:43.873+0000] {dag.py:3036} INFO - Sync 1 DAGs
[2025-11-02T19:26:43.899+0000] {logging_mixin.py:188} INFO - [2025-11-02T19:26:43.898+0000] {dag.py:3823} INFO - Setting next_dagrun for example_complex to None, run_after=None
[2025-11-02T19:26:43.938+0000] {processor.py:183} INFO - Processing /home/airflow/.local/lib/python3.8/site-packages/airflow/example_dags/example_complex.py took 0.165 seconds
[2025-11-02T19:27:14.292+0000] {processor.py:161} INFO - Started process (PID=6771) to work on /home/airflow/.local/lib/python3.8/site-packages/airflow/example_dags/example_complex.py
[2025-11-02T19:27:14.296+0000] {processor.py:830} INFO - Processing file /home/airflow/.local/lib/python3.8/site-packages/airflow/example_dags/example_complex.py for tasks to queue
[2025-11-02T19:27:14.302+0000] {logging_mixin.py:188} INFO - [2025-11-02T19:27:14.301+0000] {dagbag.py:538} INFO - Filling up the DagBag from /home/airflow/.local/lib/python3.8/site-packages/airflow/example_dags/example_complex.py
[2025-11-02T19:27:14.339+0000] {processor.py:840} INFO - DAG(s) 'example_complex' retrieved from /home/airflow/.local/lib/python3.8/site-packages/airflow/example_dags/example_complex.py
[2025-11-02T19:27:14.424+0000] {logging_mixin.py:188} INFO - [2025-11-02T19:27:14.423+0000] {dag.py:3036} INFO - Sync 1 DAGs
[2025-11-02T19:27:14.452+0000] {logging_mixin.py:188} INFO - [2025-11-02T19:27:14.452+0000] {dag.py:3823} INFO - Setting next_dagrun for example_complex to None, run_after=None
[2025-11-02T19:27:14.501+0000] {processor.py:183} INFO - Processing /home/airflow/.local/lib/python3.8/site-packages/airflow/example_dags/example_complex.py took 0.219 seconds
[2025-11-02T19:27:44.987+0000] {processor.py:161} INFO - Started process (PID=6827) to work on /home/airflow/.local/lib/python3.8/site-packages/airflow/example_dags/example_complex.py
[2025-11-02T19:27:44.990+0000] {processor.py:830} INFO - Processing file /home/airflow/.local/lib/python3.8/site-packages/airflow/example_dags/example_complex.py for tasks to queue
[2025-11-02T19:27:44.996+0000] {logging_mixin.py:188} INFO - [2025-11-02T19:27:44.995+0000] {dagbag.py:538} INFO - Filling up the DagBag from /home/airflow/.local/lib/python3.8/site-packages/airflow/example_dags/example_complex.py
[2025-11-02T19:27:45.040+0000] {processor.py:840} INFO - DAG(s) 'example_complex' retrieved from /home/airflow/.local/lib/python3.8/site-packages/airflow/example_dags/example_complex.py
[2025-11-02T19:27:45.114+0000] {logging_mixin.py:188} INFO - [2025-11-02T19:27:45.114+0000] {dag.py:3036} INFO - Sync 1 DAGs
[2025-11-02T19:27:45.146+0000] {logging_mixin.py:188} INFO - [2025-11-02T19:27:45.145+0000] {dag.py:3823} INFO - Setting next_dagrun for example_complex to None, run_after=None
[2025-11-02T19:27:45.203+0000] {processor.py:183} INFO - Processing /home/airflow/.local/lib/python3.8/site-packages/airflow/example_dags/example_complex.py took 0.229 seconds
[2025-11-02T19:28:15.885+0000] {processor.py:161} INFO - Started process (PID=6882) to work on /home/airflow/.local/lib/python3.8/site-packages/airflow/example_dags/example_complex.py
[2025-11-02T19:28:15.887+0000] {processor.py:830} INFO - Processing file /home/airflow/.local/lib/python3.8/site-packages/airflow/example_dags/example_complex.py for tasks to queue
[2025-11-02T19:28:15.892+0000] {logging_mixin.py:188} INFO - [2025-11-02T19:28:15.891+0000] {dagbag.py:538} INFO - Filling up the DagBag from /home/airflow/.local/lib/python3.8/site-packages/airflow/example_dags/example_complex.py
[2025-11-02T19:28:15.916+0000] {processor.py:840} INFO - DAG(s) 'example_complex' retrieved from /home/airflow/.local/lib/python3.8/site-packages/airflow/example_dags/example_complex.py
[2025-11-02T19:28:15.977+0000] {logging_mixin.py:188} INFO - [2025-11-02T19:28:15.977+0000] {dag.py:3036} INFO - Sync 1 DAGs
[2025-11-02T19:28:16.002+0000] {logging_mixin.py:188} INFO - [2025-11-02T19:28:16.002+0000] {dag.py:3823} INFO - Setting next_dagrun for example_complex to None, run_after=None
[2025-11-02T19:28:16.041+0000] {processor.py:183} INFO - Processing /home/airflow/.local/lib/python3.8/site-packages/airflow/example_dags/example_complex.py took 0.165 seconds
[2025-11-02T19:28:46.994+0000] {processor.py:161} INFO - Started process (PID=6937) to work on /home/airflow/.local/lib/python3.8/site-packages/airflow/example_dags/example_complex.py
[2025-11-02T19:28:46.996+0000] {processor.py:830} INFO - Processing file /home/airflow/.local/lib/python3.8/site-packages/airflow/example_dags/example_complex.py for tasks to queue
[2025-11-02T19:28:47.001+0000] {logging_mixin.py:188} INFO - [2025-11-02T19:28:47.000+0000] {dagbag.py:538} INFO - Filling up the DagBag from /home/airflow/.local/lib/python3.8/site-packages/airflow/example_dags/example_complex.py
[2025-11-02T19:28:47.047+0000] {processor.py:840} INFO - DAG(s) 'example_complex' retrieved from /home/airflow/.local/lib/python3.8/site-packages/airflow/example_dags/example_complex.py
[2025-11-02T19:28:47.160+0000] {logging_mixin.py:188} INFO - [2025-11-02T19:28:47.160+0000] {dag.py:3036} INFO - Sync 1 DAGs
[2025-11-02T19:28:47.197+0000] {logging_mixin.py:188} INFO - [2025-11-02T19:28:47.197+0000] {dag.py:3823} INFO - Setting next_dagrun for example_complex to None, run_after=None
[2025-11-02T19:28:47.293+0000] {processor.py:183} INFO - Processing /home/airflow/.local/lib/python3.8/site-packages/airflow/example_dags/example_complex.py took 0.308 seconds
[2025-11-02T19:29:17.508+0000] {processor.py:161} INFO - Started process (PID=6991) to work on /home/airflow/.local/lib/python3.8/site-packages/airflow/example_dags/example_complex.py
[2025-11-02T19:29:17.513+0000] {processor.py:830} INFO - Processing file /home/airflow/.local/lib/python3.8/site-packages/airflow/example_dags/example_complex.py for tasks to queue
[2025-11-02T19:29:17.519+0000] {logging_mixin.py:188} INFO - [2025-11-02T19:29:17.518+0000] {dagbag.py:538} INFO - Filling up the DagBag from /home/airflow/.local/lib/python3.8/site-packages/airflow/example_dags/example_complex.py
[2025-11-02T19:29:17.555+0000] {processor.py:840} INFO - DAG(s) 'example_complex' retrieved from /home/airflow/.local/lib/python3.8/site-packages/airflow/example_dags/example_complex.py
[2025-11-02T19:29:17.636+0000] {logging_mixin.py:188} INFO - [2025-11-02T19:29:17.635+0000] {dag.py:3036} INFO - Sync 1 DAGs
[2025-11-02T19:29:17.665+0000] {logging_mixin.py:188} INFO - [2025-11-02T19:29:17.665+0000] {dag.py:3823} INFO - Setting next_dagrun for example_complex to None, run_after=None
[2025-11-02T19:29:17.717+0000] {processor.py:183} INFO - Processing /home/airflow/.local/lib/python3.8/site-packages/airflow/example_dags/example_complex.py took 0.221 seconds
[2025-11-02T19:29:47.913+0000] {processor.py:161} INFO - Started process (PID=7047) to work on /home/airflow/.local/lib/python3.8/site-packages/airflow/example_dags/example_complex.py
[2025-11-02T19:29:47.916+0000] {processor.py:830} INFO - Processing file /home/airflow/.local/lib/python3.8/site-packages/airflow/example_dags/example_complex.py for tasks to queue
[2025-11-02T19:29:47.923+0000] {logging_mixin.py:188} INFO - [2025-11-02T19:29:47.922+0000] {dagbag.py:538} INFO - Filling up the DagBag from /home/airflow/.local/lib/python3.8/site-packages/airflow/example_dags/example_complex.py
[2025-11-02T19:29:47.955+0000] {processor.py:840} INFO - DAG(s) 'example_complex' retrieved from /home/airflow/.local/lib/python3.8/site-packages/airflow/example_dags/example_complex.py
[2025-11-02T19:29:48.035+0000] {logging_mixin.py:188} INFO - [2025-11-02T19:29:48.035+0000] {dag.py:3036} INFO - Sync 1 DAGs
[2025-11-02T19:29:48.066+0000] {logging_mixin.py:188} INFO - [2025-11-02T19:29:48.066+0000] {dag.py:3823} INFO - Setting next_dagrun for example_complex to None, run_after=None
[2025-11-02T19:29:48.120+0000] {processor.py:183} INFO - Processing /home/airflow/.local/lib/python3.8/site-packages/airflow/example_dags/example_complex.py took 0.219 seconds
[2025-11-02T19:30:18.602+0000] {processor.py:161} INFO - Started process (PID=7102) to work on /home/airflow/.local/lib/python3.8/site-packages/airflow/example_dags/example_complex.py
[2025-11-02T19:30:18.607+0000] {processor.py:830} INFO - Processing file /home/airflow/.local/lib/python3.8/site-packages/airflow/example_dags/example_complex.py for tasks to queue
[2025-11-02T19:30:18.616+0000] {logging_mixin.py:188} INFO - [2025-11-02T19:30:18.615+0000] {dagbag.py:538} INFO - Filling up the DagBag from /home/airflow/.local/lib/python3.8/site-packages/airflow/example_dags/example_complex.py
[2025-11-02T19:30:18.688+0000] {processor.py:840} INFO - DAG(s) 'example_complex' retrieved from /home/airflow/.local/lib/python3.8/site-packages/airflow/example_dags/example_complex.py
[2025-11-02T19:30:18.828+0000] {logging_mixin.py:188} INFO - [2025-11-02T19:30:18.827+0000] {dag.py:3036} INFO - Sync 1 DAGs
[2025-11-02T19:30:18.886+0000] {logging_mixin.py:188} INFO - [2025-11-02T19:30:18.885+0000] {dag.py:3823} INFO - Setting next_dagrun for example_complex to None, run_after=None
[2025-11-02T19:30:19.066+0000] {processor.py:183} INFO - Processing /home/airflow/.local/lib/python3.8/site-packages/airflow/example_dags/example_complex.py took 0.477 seconds
[2025-11-02T19:30:49.235+0000] {processor.py:161} INFO - Started process (PID=7155) to work on /home/airflow/.local/lib/python3.8/site-packages/airflow/example_dags/example_complex.py
[2025-11-02T19:30:49.238+0000] {processor.py:830} INFO - Processing file /home/airflow/.local/lib/python3.8/site-packages/airflow/example_dags/example_complex.py for tasks to queue
[2025-11-02T19:30:49.243+0000] {logging_mixin.py:188} INFO - [2025-11-02T19:30:49.242+0000] {dagbag.py:538} INFO - Filling up the DagBag from /home/airflow/.local/lib/python3.8/site-packages/airflow/example_dags/example_complex.py
[2025-11-02T19:30:49.320+0000] {processor.py:840} INFO - DAG(s) 'example_complex' retrieved from /home/airflow/.local/lib/python3.8/site-packages/airflow/example_dags/example_complex.py
[2025-11-02T19:30:49.433+0000] {logging_mixin.py:188} INFO - [2025-11-02T19:30:49.433+0000] {dag.py:3036} INFO - Sync 1 DAGs
[2025-11-02T19:30:49.475+0000] {logging_mixin.py:188} INFO - [2025-11-02T19:30:49.474+0000] {dag.py:3823} INFO - Setting next_dagrun for example_complex to None, run_after=None
[2025-11-02T19:30:49.564+0000] {processor.py:183} INFO - Processing /home/airflow/.local/lib/python3.8/site-packages/airflow/example_dags/example_complex.py took 0.341 seconds
[2025-11-02T19:31:19.824+0000] {processor.py:161} INFO - Started process (PID=7210) to work on /home/airflow/.local/lib/python3.8/site-packages/airflow/example_dags/example_complex.py
[2025-11-02T19:31:19.828+0000] {processor.py:830} INFO - Processing file /home/airflow/.local/lib/python3.8/site-packages/airflow/example_dags/example_complex.py for tasks to queue
[2025-11-02T19:31:19.842+0000] {logging_mixin.py:188} INFO - [2025-11-02T19:31:19.834+0000] {dagbag.py:538} INFO - Filling up the DagBag from /home/airflow/.local/lib/python3.8/site-packages/airflow/example_dags/example_complex.py
[2025-11-02T19:31:19.904+0000] {processor.py:840} INFO - DAG(s) 'example_complex' retrieved from /home/airflow/.local/lib/python3.8/site-packages/airflow/example_dags/example_complex.py
[2025-11-02T19:31:20.118+0000] {logging_mixin.py:188} INFO - [2025-11-02T19:31:20.117+0000] {dag.py:3036} INFO - Sync 1 DAGs
[2025-11-02T19:31:20.237+0000] {logging_mixin.py:188} INFO - [2025-11-02T19:31:20.226+0000] {dag.py:3823} INFO - Setting next_dagrun for example_complex to None, run_after=None
[2025-11-02T19:31:20.370+0000] {processor.py:183} INFO - Processing /home/airflow/.local/lib/python3.8/site-packages/airflow/example_dags/example_complex.py took 0.563 seconds
[2025-11-02T19:31:50.631+0000] {processor.py:161} INFO - Started process (PID=7265) to work on /home/airflow/.local/lib/python3.8/site-packages/airflow/example_dags/example_complex.py
[2025-11-02T19:31:50.634+0000] {processor.py:830} INFO - Processing file /home/airflow/.local/lib/python3.8/site-packages/airflow/example_dags/example_complex.py for tasks to queue
[2025-11-02T19:31:50.640+0000] {logging_mixin.py:188} INFO - [2025-11-02T19:31:50.639+0000] {dagbag.py:538} INFO - Filling up the DagBag from /home/airflow/.local/lib/python3.8/site-packages/airflow/example_dags/example_complex.py
[2025-11-02T19:31:50.664+0000] {processor.py:840} INFO - DAG(s) 'example_complex' retrieved from /home/airflow/.local/lib/python3.8/site-packages/airflow/example_dags/example_complex.py
[2025-11-02T19:31:50.745+0000] {logging_mixin.py:188} INFO - [2025-11-02T19:31:50.744+0000] {dag.py:3036} INFO - Sync 1 DAGs
[2025-11-02T19:31:50.774+0000] {logging_mixin.py:188} INFO - [2025-11-02T19:31:50.774+0000] {dag.py:3823} INFO - Setting next_dagrun for example_complex to None, run_after=None
[2025-11-02T19:31:50.827+0000] {processor.py:183} INFO - Processing /home/airflow/.local/lib/python3.8/site-packages/airflow/example_dags/example_complex.py took 0.204 seconds
[2025-11-02T19:32:21.106+0000] {processor.py:161} INFO - Started process (PID=7320) to work on /home/airflow/.local/lib/python3.8/site-packages/airflow/example_dags/example_complex.py
[2025-11-02T19:32:21.109+0000] {processor.py:830} INFO - Processing file /home/airflow/.local/lib/python3.8/site-packages/airflow/example_dags/example_complex.py for tasks to queue
[2025-11-02T19:32:21.118+0000] {logging_mixin.py:188} INFO - [2025-11-02T19:32:21.117+0000] {dagbag.py:538} INFO - Filling up the DagBag from /home/airflow/.local/lib/python3.8/site-packages/airflow/example_dags/example_complex.py
[2025-11-02T19:32:21.176+0000] {processor.py:840} INFO - DAG(s) 'example_complex' retrieved from /home/airflow/.local/lib/python3.8/site-packages/airflow/example_dags/example_complex.py
[2025-11-02T19:32:21.453+0000] {logging_mixin.py:188} INFO - [2025-11-02T19:32:21.452+0000] {dag.py:3036} INFO - Sync 1 DAGs
[2025-11-02T19:32:21.518+0000] {logging_mixin.py:188} INFO - [2025-11-02T19:32:21.517+0000] {dag.py:3823} INFO - Setting next_dagrun for example_complex to None, run_after=None
[2025-11-02T19:32:21.610+0000] {processor.py:183} INFO - Processing /home/airflow/.local/lib/python3.8/site-packages/airflow/example_dags/example_complex.py took 0.520 seconds
[2025-11-02T19:32:52.023+0000] {processor.py:161} INFO - Started process (PID=7375) to work on /home/airflow/.local/lib/python3.8/site-packages/airflow/example_dags/example_complex.py
[2025-11-02T19:32:52.025+0000] {processor.py:830} INFO - Processing file /home/airflow/.local/lib/python3.8/site-packages/airflow/example_dags/example_complex.py for tasks to queue
[2025-11-02T19:32:52.031+0000] {logging_mixin.py:188} INFO - [2025-11-02T19:32:52.030+0000] {dagbag.py:538} INFO - Filling up the DagBag from /home/airflow/.local/lib/python3.8/site-packages/airflow/example_dags/example_complex.py
[2025-11-02T19:32:52.062+0000] {processor.py:840} INFO - DAG(s) 'example_complex' retrieved from /home/airflow/.local/lib/python3.8/site-packages/airflow/example_dags/example_complex.py
[2025-11-02T19:32:52.147+0000] {logging_mixin.py:188} INFO - [2025-11-02T19:32:52.147+0000] {dag.py:3036} INFO - Sync 1 DAGs
[2025-11-02T19:32:52.175+0000] {logging_mixin.py:188} INFO - [2025-11-02T19:32:52.175+0000] {dag.py:3823} INFO - Setting next_dagrun for example_complex to None, run_after=None
[2025-11-02T19:32:52.221+0000] {processor.py:183} INFO - Processing /home/airflow/.local/lib/python3.8/site-packages/airflow/example_dags/example_complex.py took 0.208 seconds
[2025-11-02T19:33:22.657+0000] {processor.py:161} INFO - Started process (PID=7429) to work on /home/airflow/.local/lib/python3.8/site-packages/airflow/example_dags/example_complex.py
[2025-11-02T19:33:22.660+0000] {processor.py:830} INFO - Processing file /home/airflow/.local/lib/python3.8/site-packages/airflow/example_dags/example_complex.py for tasks to queue
[2025-11-02T19:33:22.667+0000] {logging_mixin.py:188} INFO - [2025-11-02T19:33:22.666+0000] {dagbag.py:538} INFO - Filling up the DagBag from /home/airflow/.local/lib/python3.8/site-packages/airflow/example_dags/example_complex.py
[2025-11-02T19:33:22.695+0000] {processor.py:840} INFO - DAG(s) 'example_complex' retrieved from /home/airflow/.local/lib/python3.8/site-packages/airflow/example_dags/example_complex.py
[2025-11-02T19:33:22.805+0000] {logging_mixin.py:188} INFO - [2025-11-02T19:33:22.804+0000] {dag.py:3036} INFO - Sync 1 DAGs
[2025-11-02T19:33:22.842+0000] {logging_mixin.py:188} INFO - [2025-11-02T19:33:22.841+0000] {dag.py:3823} INFO - Setting next_dagrun for example_complex to None, run_after=None
[2025-11-02T19:33:22.908+0000] {processor.py:183} INFO - Processing /home/airflow/.local/lib/python3.8/site-packages/airflow/example_dags/example_complex.py took 0.259 seconds
[2025-11-02T19:33:53.472+0000] {processor.py:161} INFO - Started process (PID=7485) to work on /home/airflow/.local/lib/python3.8/site-packages/airflow/example_dags/example_complex.py
[2025-11-02T19:33:53.475+0000] {processor.py:830} INFO - Processing file /home/airflow/.local/lib/python3.8/site-packages/airflow/example_dags/example_complex.py for tasks to queue
[2025-11-02T19:33:53.482+0000] {logging_mixin.py:188} INFO - [2025-11-02T19:33:53.481+0000] {dagbag.py:538} INFO - Filling up the DagBag from /home/airflow/.local/lib/python3.8/site-packages/airflow/example_dags/example_complex.py
[2025-11-02T19:33:53.513+0000] {processor.py:840} INFO - DAG(s) 'example_complex' retrieved from /home/airflow/.local/lib/python3.8/site-packages/airflow/example_dags/example_complex.py
[2025-11-02T19:33:53.627+0000] {logging_mixin.py:188} INFO - [2025-11-02T19:33:53.626+0000] {dag.py:3036} INFO - Sync 1 DAGs
[2025-11-02T19:33:53.660+0000] {logging_mixin.py:188} INFO - [2025-11-02T19:33:53.660+0000] {dag.py:3823} INFO - Setting next_dagrun for example_complex to None, run_after=None
[2025-11-02T19:33:53.713+0000] {processor.py:183} INFO - Processing /home/airflow/.local/lib/python3.8/site-packages/airflow/example_dags/example_complex.py took 0.254 seconds
[2025-11-02T19:34:24.227+0000] {processor.py:161} INFO - Started process (PID=7539) to work on /home/airflow/.local/lib/python3.8/site-packages/airflow/example_dags/example_complex.py
[2025-11-02T19:34:24.230+0000] {processor.py:830} INFO - Processing file /home/airflow/.local/lib/python3.8/site-packages/airflow/example_dags/example_complex.py for tasks to queue
[2025-11-02T19:34:24.235+0000] {logging_mixin.py:188} INFO - [2025-11-02T19:34:24.234+0000] {dagbag.py:538} INFO - Filling up the DagBag from /home/airflow/.local/lib/python3.8/site-packages/airflow/example_dags/example_complex.py
[2025-11-02T19:34:24.260+0000] {processor.py:840} INFO - DAG(s) 'example_complex' retrieved from /home/airflow/.local/lib/python3.8/site-packages/airflow/example_dags/example_complex.py
[2025-11-02T19:34:24.332+0000] {logging_mixin.py:188} INFO - [2025-11-02T19:34:24.331+0000] {dag.py:3036} INFO - Sync 1 DAGs
[2025-11-02T19:34:24.362+0000] {logging_mixin.py:188} INFO - [2025-11-02T19:34:24.362+0000] {dag.py:3823} INFO - Setting next_dagrun for example_complex to None, run_after=None
[2025-11-02T19:34:24.411+0000] {processor.py:183} INFO - Processing /home/airflow/.local/lib/python3.8/site-packages/airflow/example_dags/example_complex.py took 0.193 seconds
[2025-11-02T19:34:54.605+0000] {processor.py:161} INFO - Started process (PID=7593) to work on /home/airflow/.local/lib/python3.8/site-packages/airflow/example_dags/example_complex.py
[2025-11-02T19:34:54.608+0000] {processor.py:830} INFO - Processing file /home/airflow/.local/lib/python3.8/site-packages/airflow/example_dags/example_complex.py for tasks to queue
[2025-11-02T19:34:54.614+0000] {logging_mixin.py:188} INFO - [2025-11-02T19:34:54.613+0000] {dagbag.py:538} INFO - Filling up the DagBag from /home/airflow/.local/lib/python3.8/site-packages/airflow/example_dags/example_complex.py
[2025-11-02T19:34:54.642+0000] {processor.py:840} INFO - DAG(s) 'example_complex' retrieved from /home/airflow/.local/lib/python3.8/site-packages/airflow/example_dags/example_complex.py
[2025-11-02T19:34:54.716+0000] {logging_mixin.py:188} INFO - [2025-11-02T19:34:54.715+0000] {dag.py:3036} INFO - Sync 1 DAGs
[2025-11-02T19:34:54.757+0000] {logging_mixin.py:188} INFO - [2025-11-02T19:34:54.757+0000] {dag.py:3823} INFO - Setting next_dagrun for example_complex to None, run_after=None
[2025-11-02T19:34:54.838+0000] {processor.py:183} INFO - Processing /home/airflow/.local/lib/python3.8/site-packages/airflow/example_dags/example_complex.py took 0.242 seconds
[2025-11-02T19:35:25.030+0000] {processor.py:161} INFO - Started process (PID=7646) to work on /home/airflow/.local/lib/python3.8/site-packages/airflow/example_dags/example_complex.py
[2025-11-02T19:35:25.032+0000] {processor.py:830} INFO - Processing file /home/airflow/.local/lib/python3.8/site-packages/airflow/example_dags/example_complex.py for tasks to queue
[2025-11-02T19:35:25.038+0000] {logging_mixin.py:188} INFO - [2025-11-02T19:35:25.037+0000] {dagbag.py:538} INFO - Filling up the DagBag from /home/airflow/.local/lib/python3.8/site-packages/airflow/example_dags/example_complex.py
[2025-11-02T19:35:25.066+0000] {processor.py:840} INFO - DAG(s) 'example_complex' retrieved from /home/airflow/.local/lib/python3.8/site-packages/airflow/example_dags/example_complex.py
[2025-11-02T19:35:25.141+0000] {logging_mixin.py:188} INFO - [2025-11-02T19:35:25.140+0000] {dag.py:3036} INFO - Sync 1 DAGs
[2025-11-02T19:35:25.172+0000] {logging_mixin.py:188} INFO - [2025-11-02T19:35:25.172+0000] {dag.py:3823} INFO - Setting next_dagrun for example_complex to None, run_after=None
[2025-11-02T19:35:25.219+0000] {processor.py:183} INFO - Processing /home/airflow/.local/lib/python3.8/site-packages/airflow/example_dags/example_complex.py took 0.200 seconds
[2025-11-02T19:35:55.897+0000] {processor.py:161} INFO - Started process (PID=7701) to work on /home/airflow/.local/lib/python3.8/site-packages/airflow/example_dags/example_complex.py
[2025-11-02T19:35:55.900+0000] {processor.py:830} INFO - Processing file /home/airflow/.local/lib/python3.8/site-packages/airflow/example_dags/example_complex.py for tasks to queue
[2025-11-02T19:35:55.906+0000] {logging_mixin.py:188} INFO - [2025-11-02T19:35:55.905+0000] {dagbag.py:538} INFO - Filling up the DagBag from /home/airflow/.local/lib/python3.8/site-packages/airflow/example_dags/example_complex.py
[2025-11-02T19:35:55.941+0000] {processor.py:840} INFO - DAG(s) 'example_complex' retrieved from /home/airflow/.local/lib/python3.8/site-packages/airflow/example_dags/example_complex.py
[2025-11-02T19:35:56.012+0000] {logging_mixin.py:188} INFO - [2025-11-02T19:35:56.012+0000] {dag.py:3036} INFO - Sync 1 DAGs
[2025-11-02T19:35:56.039+0000] {logging_mixin.py:188} INFO - [2025-11-02T19:35:56.039+0000] {dag.py:3823} INFO - Setting next_dagrun for example_complex to None, run_after=None
[2025-11-02T19:35:56.088+0000] {processor.py:183} INFO - Processing /home/airflow/.local/lib/python3.8/site-packages/airflow/example_dags/example_complex.py took 0.199 seconds
[2025-11-02T19:36:26.319+0000] {processor.py:161} INFO - Started process (PID=7755) to work on /home/airflow/.local/lib/python3.8/site-packages/airflow/example_dags/example_complex.py
[2025-11-02T19:36:26.322+0000] {processor.py:830} INFO - Processing file /home/airflow/.local/lib/python3.8/site-packages/airflow/example_dags/example_complex.py for tasks to queue
[2025-11-02T19:36:26.331+0000] {logging_mixin.py:188} INFO - [2025-11-02T19:36:26.329+0000] {dagbag.py:538} INFO - Filling up the DagBag from /home/airflow/.local/lib/python3.8/site-packages/airflow/example_dags/example_complex.py
[2025-11-02T19:36:26.374+0000] {processor.py:840} INFO - DAG(s) 'example_complex' retrieved from /home/airflow/.local/lib/python3.8/site-packages/airflow/example_dags/example_complex.py
[2025-11-02T19:36:26.561+0000] {logging_mixin.py:188} INFO - [2025-11-02T19:36:26.560+0000] {dag.py:3036} INFO - Sync 1 DAGs
[2025-11-02T19:36:26.697+0000] {logging_mixin.py:188} INFO - [2025-11-02T19:36:26.696+0000] {dag.py:3823} INFO - Setting next_dagrun for example_complex to None, run_after=None
[2025-11-02T19:36:26.869+0000] {processor.py:183} INFO - Processing /home/airflow/.local/lib/python3.8/site-packages/airflow/example_dags/example_complex.py took 0.562 seconds
[2025-11-02T19:36:59.288+0000] {processor.py:161} INFO - Started process (PID=7801) to work on /home/airflow/.local/lib/python3.8/site-packages/airflow/example_dags/example_complex.py
[2025-11-02T19:36:59.293+0000] {processor.py:830} INFO - Processing file /home/airflow/.local/lib/python3.8/site-packages/airflow/example_dags/example_complex.py for tasks to queue
[2025-11-02T19:36:59.304+0000] {logging_mixin.py:188} INFO - [2025-11-02T19:36:59.303+0000] {dagbag.py:538} INFO - Filling up the DagBag from /home/airflow/.local/lib/python3.8/site-packages/airflow/example_dags/example_complex.py
[2025-11-02T19:36:59.391+0000] {processor.py:840} INFO - DAG(s) 'example_complex' retrieved from /home/airflow/.local/lib/python3.8/site-packages/airflow/example_dags/example_complex.py
[2025-11-02T19:36:59.834+0000] {logging_mixin.py:188} INFO - [2025-11-02T19:36:59.833+0000] {dag.py:3036} INFO - Sync 1 DAGs
[2025-11-02T19:36:59.956+0000] {logging_mixin.py:188} INFO - [2025-11-02T19:36:59.955+0000] {dag.py:3823} INFO - Setting next_dagrun for example_complex to None, run_after=None
[2025-11-02T19:37:00.076+0000] {processor.py:183} INFO - Processing /home/airflow/.local/lib/python3.8/site-packages/airflow/example_dags/example_complex.py took 0.829 seconds
[2025-11-02T19:37:30.291+0000] {processor.py:161} INFO - Started process (PID=7856) to work on /home/airflow/.local/lib/python3.8/site-packages/airflow/example_dags/example_complex.py
[2025-11-02T19:37:30.304+0000] {processor.py:830} INFO - Processing file /home/airflow/.local/lib/python3.8/site-packages/airflow/example_dags/example_complex.py for tasks to queue
[2025-11-02T19:37:30.322+0000] {logging_mixin.py:188} INFO - [2025-11-02T19:37:30.321+0000] {dagbag.py:538} INFO - Filling up the DagBag from /home/airflow/.local/lib/python3.8/site-packages/airflow/example_dags/example_complex.py
[2025-11-02T19:37:30.400+0000] {processor.py:840} INFO - DAG(s) 'example_complex' retrieved from /home/airflow/.local/lib/python3.8/site-packages/airflow/example_dags/example_complex.py
[2025-11-02T19:37:30.561+0000] {logging_mixin.py:188} INFO - [2025-11-02T19:37:30.561+0000] {dag.py:3036} INFO - Sync 1 DAGs
[2025-11-02T19:37:30.672+0000] {logging_mixin.py:188} INFO - [2025-11-02T19:37:30.672+0000] {dag.py:3823} INFO - Setting next_dagrun for example_complex to None, run_after=None
[2025-11-02T19:37:30.804+0000] {processor.py:183} INFO - Processing /home/airflow/.local/lib/python3.8/site-packages/airflow/example_dags/example_complex.py took 0.532 seconds
[2025-11-02T19:38:01.037+0000] {processor.py:161} INFO - Started process (PID=7911) to work on /home/airflow/.local/lib/python3.8/site-packages/airflow/example_dags/example_complex.py
[2025-11-02T19:38:01.041+0000] {processor.py:830} INFO - Processing file /home/airflow/.local/lib/python3.8/site-packages/airflow/example_dags/example_complex.py for tasks to queue
[2025-11-02T19:38:01.047+0000] {logging_mixin.py:188} INFO - [2025-11-02T19:38:01.046+0000] {dagbag.py:538} INFO - Filling up the DagBag from /home/airflow/.local/lib/python3.8/site-packages/airflow/example_dags/example_complex.py
[2025-11-02T19:38:01.080+0000] {processor.py:840} INFO - DAG(s) 'example_complex' retrieved from /home/airflow/.local/lib/python3.8/site-packages/airflow/example_dags/example_complex.py
[2025-11-02T19:38:01.158+0000] {logging_mixin.py:188} INFO - [2025-11-02T19:38:01.158+0000] {dag.py:3036} INFO - Sync 1 DAGs
[2025-11-02T19:38:01.193+0000] {logging_mixin.py:188} INFO - [2025-11-02T19:38:01.192+0000] {dag.py:3823} INFO - Setting next_dagrun for example_complex to None, run_after=None
[2025-11-02T19:38:01.249+0000] {processor.py:183} INFO - Processing /home/airflow/.local/lib/python3.8/site-packages/airflow/example_dags/example_complex.py took 0.222 seconds
[2025-11-02T19:38:32.011+0000] {processor.py:161} INFO - Started process (PID=7965) to work on /home/airflow/.local/lib/python3.8/site-packages/airflow/example_dags/example_complex.py
[2025-11-02T19:38:32.014+0000] {processor.py:830} INFO - Processing file /home/airflow/.local/lib/python3.8/site-packages/airflow/example_dags/example_complex.py for tasks to queue
[2025-11-02T19:38:32.028+0000] {logging_mixin.py:188} INFO - [2025-11-02T19:38:32.026+0000] {dagbag.py:538} INFO - Filling up the DagBag from /home/airflow/.local/lib/python3.8/site-packages/airflow/example_dags/example_complex.py
[2025-11-02T19:38:32.066+0000] {processor.py:840} INFO - DAG(s) 'example_complex' retrieved from /home/airflow/.local/lib/python3.8/site-packages/airflow/example_dags/example_complex.py
[2025-11-02T19:38:32.226+0000] {logging_mixin.py:188} INFO - [2025-11-02T19:38:32.226+0000] {dag.py:3036} INFO - Sync 1 DAGs
[2025-11-02T19:38:32.263+0000] {logging_mixin.py:188} INFO - [2025-11-02T19:38:32.263+0000] {dag.py:3823} INFO - Setting next_dagrun for example_complex to None, run_after=None
[2025-11-02T19:38:32.319+0000] {processor.py:183} INFO - Processing /home/airflow/.local/lib/python3.8/site-packages/airflow/example_dags/example_complex.py took 0.324 seconds
[2025-11-02T19:39:02.628+0000] {processor.py:161} INFO - Started process (PID=8021) to work on /home/airflow/.local/lib/python3.8/site-packages/airflow/example_dags/example_complex.py
[2025-11-02T19:39:02.636+0000] {processor.py:830} INFO - Processing file /home/airflow/.local/lib/python3.8/site-packages/airflow/example_dags/example_complex.py for tasks to queue
[2025-11-02T19:39:02.647+0000] {logging_mixin.py:188} INFO - [2025-11-02T19:39:02.645+0000] {dagbag.py:538} INFO - Filling up the DagBag from /home/airflow/.local/lib/python3.8/site-packages/airflow/example_dags/example_complex.py
[2025-11-02T19:39:02.703+0000] {processor.py:840} INFO - DAG(s) 'example_complex' retrieved from /home/airflow/.local/lib/python3.8/site-packages/airflow/example_dags/example_complex.py
[2025-11-02T19:39:02.814+0000] {logging_mixin.py:188} INFO - [2025-11-02T19:39:02.813+0000] {dag.py:3036} INFO - Sync 1 DAGs
[2025-11-02T19:39:02.844+0000] {logging_mixin.py:188} INFO - [2025-11-02T19:39:02.843+0000] {dag.py:3823} INFO - Setting next_dagrun for example_complex to None, run_after=None
[2025-11-02T19:39:02.922+0000] {processor.py:183} INFO - Processing /home/airflow/.local/lib/python3.8/site-packages/airflow/example_dags/example_complex.py took 0.307 seconds
[2025-11-02T19:39:33.602+0000] {processor.py:161} INFO - Started process (PID=8077) to work on /home/airflow/.local/lib/python3.8/site-packages/airflow/example_dags/example_complex.py
[2025-11-02T19:39:33.605+0000] {processor.py:830} INFO - Processing file /home/airflow/.local/lib/python3.8/site-packages/airflow/example_dags/example_complex.py for tasks to queue
[2025-11-02T19:39:33.610+0000] {logging_mixin.py:188} INFO - [2025-11-02T19:39:33.609+0000] {dagbag.py:538} INFO - Filling up the DagBag from /home/airflow/.local/lib/python3.8/site-packages/airflow/example_dags/example_complex.py
[2025-11-02T19:39:33.647+0000] {processor.py:840} INFO - DAG(s) 'example_complex' retrieved from /home/airflow/.local/lib/python3.8/site-packages/airflow/example_dags/example_complex.py
[2025-11-02T19:39:33.732+0000] {logging_mixin.py:188} INFO - [2025-11-02T19:39:33.732+0000] {dag.py:3036} INFO - Sync 1 DAGs
[2025-11-02T19:39:33.763+0000] {logging_mixin.py:188} INFO - [2025-11-02T19:39:33.762+0000] {dag.py:3823} INFO - Setting next_dagrun for example_complex to None, run_after=None
[2025-11-02T19:39:33.821+0000] {processor.py:183} INFO - Processing /home/airflow/.local/lib/python3.8/site-packages/airflow/example_dags/example_complex.py took 0.230 seconds
[2025-11-02T19:40:04.701+0000] {processor.py:161} INFO - Started process (PID=8132) to work on /home/airflow/.local/lib/python3.8/site-packages/airflow/example_dags/example_complex.py
[2025-11-02T19:40:04.707+0000] {processor.py:830} INFO - Processing file /home/airflow/.local/lib/python3.8/site-packages/airflow/example_dags/example_complex.py for tasks to queue
[2025-11-02T19:40:04.716+0000] {logging_mixin.py:188} INFO - [2025-11-02T19:40:04.715+0000] {dagbag.py:538} INFO - Filling up the DagBag from /home/airflow/.local/lib/python3.8/site-packages/airflow/example_dags/example_complex.py
[2025-11-02T19:40:04.761+0000] {processor.py:840} INFO - DAG(s) 'example_complex' retrieved from /home/airflow/.local/lib/python3.8/site-packages/airflow/example_dags/example_complex.py
[2025-11-02T19:40:04.862+0000] {logging_mixin.py:188} INFO - [2025-11-02T19:40:04.861+0000] {dag.py:3036} INFO - Sync 1 DAGs
[2025-11-02T19:40:04.907+0000] {logging_mixin.py:188} INFO - [2025-11-02T19:40:04.907+0000] {dag.py:3823} INFO - Setting next_dagrun for example_complex to None, run_after=None
[2025-11-02T19:40:04.956+0000] {processor.py:183} INFO - Processing /home/airflow/.local/lib/python3.8/site-packages/airflow/example_dags/example_complex.py took 0.265 seconds
[2025-11-02T19:40:35.178+0000] {processor.py:161} INFO - Started process (PID=8187) to work on /home/airflow/.local/lib/python3.8/site-packages/airflow/example_dags/example_complex.py
[2025-11-02T19:40:35.182+0000] {processor.py:830} INFO - Processing file /home/airflow/.local/lib/python3.8/site-packages/airflow/example_dags/example_complex.py for tasks to queue
[2025-11-02T19:40:35.188+0000] {logging_mixin.py:188} INFO - [2025-11-02T19:40:35.187+0000] {dagbag.py:538} INFO - Filling up the DagBag from /home/airflow/.local/lib/python3.8/site-packages/airflow/example_dags/example_complex.py
[2025-11-02T19:40:35.220+0000] {processor.py:840} INFO - DAG(s) 'example_complex' retrieved from /home/airflow/.local/lib/python3.8/site-packages/airflow/example_dags/example_complex.py
[2025-11-02T19:40:35.303+0000] {logging_mixin.py:188} INFO - [2025-11-02T19:40:35.303+0000] {dag.py:3036} INFO - Sync 1 DAGs
[2025-11-02T19:40:35.333+0000] {logging_mixin.py:188} INFO - [2025-11-02T19:40:35.332+0000] {dag.py:3823} INFO - Setting next_dagrun for example_complex to None, run_after=None
[2025-11-02T19:40:35.377+0000] {processor.py:183} INFO - Processing /home/airflow/.local/lib/python3.8/site-packages/airflow/example_dags/example_complex.py took 0.221 seconds
[2025-11-02T19:41:06.152+0000] {processor.py:161} INFO - Started process (PID=8242) to work on /home/airflow/.local/lib/python3.8/site-packages/airflow/example_dags/example_complex.py
[2025-11-02T19:41:06.155+0000] {processor.py:830} INFO - Processing file /home/airflow/.local/lib/python3.8/site-packages/airflow/example_dags/example_complex.py for tasks to queue
[2025-11-02T19:41:06.161+0000] {logging_mixin.py:188} INFO - [2025-11-02T19:41:06.160+0000] {dagbag.py:538} INFO - Filling up the DagBag from /home/airflow/.local/lib/python3.8/site-packages/airflow/example_dags/example_complex.py
[2025-11-02T19:41:06.194+0000] {processor.py:840} INFO - DAG(s) 'example_complex' retrieved from /home/airflow/.local/lib/python3.8/site-packages/airflow/example_dags/example_complex.py
[2025-11-02T19:41:06.272+0000] {logging_mixin.py:188} INFO - [2025-11-02T19:41:06.272+0000] {dag.py:3036} INFO - Sync 1 DAGs
[2025-11-02T19:41:06.306+0000] {logging_mixin.py:188} INFO - [2025-11-02T19:41:06.305+0000] {dag.py:3823} INFO - Setting next_dagrun for example_complex to None, run_after=None
[2025-11-02T19:41:06.367+0000] {processor.py:183} INFO - Processing /home/airflow/.local/lib/python3.8/site-packages/airflow/example_dags/example_complex.py took 0.230 seconds
[2025-11-02T19:41:36.537+0000] {processor.py:161} INFO - Started process (PID=8297) to work on /home/airflow/.local/lib/python3.8/site-packages/airflow/example_dags/example_complex.py
[2025-11-02T19:41:36.540+0000] {processor.py:830} INFO - Processing file /home/airflow/.local/lib/python3.8/site-packages/airflow/example_dags/example_complex.py for tasks to queue
[2025-11-02T19:41:36.545+0000] {logging_mixin.py:188} INFO - [2025-11-02T19:41:36.544+0000] {dagbag.py:538} INFO - Filling up the DagBag from /home/airflow/.local/lib/python3.8/site-packages/airflow/example_dags/example_complex.py
[2025-11-02T19:41:36.569+0000] {processor.py:840} INFO - DAG(s) 'example_complex' retrieved from /home/airflow/.local/lib/python3.8/site-packages/airflow/example_dags/example_complex.py
[2025-11-02T19:41:36.654+0000] {logging_mixin.py:188} INFO - [2025-11-02T19:41:36.654+0000] {dag.py:3036} INFO - Sync 1 DAGs
[2025-11-02T19:41:36.696+0000] {logging_mixin.py:188} INFO - [2025-11-02T19:41:36.696+0000] {dag.py:3823} INFO - Setting next_dagrun for example_complex to None, run_after=None
[2025-11-02T19:41:36.781+0000] {processor.py:183} INFO - Processing /home/airflow/.local/lib/python3.8/site-packages/airflow/example_dags/example_complex.py took 0.254 seconds
[2025-11-02T19:42:07.664+0000] {processor.py:161} INFO - Started process (PID=8351) to work on /home/airflow/.local/lib/python3.8/site-packages/airflow/example_dags/example_complex.py
[2025-11-02T19:42:07.667+0000] {processor.py:830} INFO - Processing file /home/airflow/.local/lib/python3.8/site-packages/airflow/example_dags/example_complex.py for tasks to queue
[2025-11-02T19:42:07.675+0000] {logging_mixin.py:188} INFO - [2025-11-02T19:42:07.674+0000] {dagbag.py:538} INFO - Filling up the DagBag from /home/airflow/.local/lib/python3.8/site-packages/airflow/example_dags/example_complex.py
[2025-11-02T19:42:07.711+0000] {processor.py:840} INFO - DAG(s) 'example_complex' retrieved from /home/airflow/.local/lib/python3.8/site-packages/airflow/example_dags/example_complex.py
[2025-11-02T19:42:07.799+0000] {logging_mixin.py:188} INFO - [2025-11-02T19:42:07.798+0000] {dag.py:3036} INFO - Sync 1 DAGs
[2025-11-02T19:42:07.829+0000] {logging_mixin.py:188} INFO - [2025-11-02T19:42:07.828+0000] {dag.py:3823} INFO - Setting next_dagrun for example_complex to None, run_after=None
[2025-11-02T19:42:07.878+0000] {processor.py:183} INFO - Processing /home/airflow/.local/lib/python3.8/site-packages/airflow/example_dags/example_complex.py took 0.224 seconds
[2025-11-02T19:42:38.298+0000] {processor.py:161} INFO - Started process (PID=8406) to work on /home/airflow/.local/lib/python3.8/site-packages/airflow/example_dags/example_complex.py
[2025-11-02T19:42:38.307+0000] {processor.py:830} INFO - Processing file /home/airflow/.local/lib/python3.8/site-packages/airflow/example_dags/example_complex.py for tasks to queue
[2025-11-02T19:42:38.327+0000] {logging_mixin.py:188} INFO - [2025-11-02T19:42:38.321+0000] {dagbag.py:538} INFO - Filling up the DagBag from /home/airflow/.local/lib/python3.8/site-packages/airflow/example_dags/example_complex.py
[2025-11-02T19:42:38.388+0000] {processor.py:840} INFO - DAG(s) 'example_complex' retrieved from /home/airflow/.local/lib/python3.8/site-packages/airflow/example_dags/example_complex.py
[2025-11-02T19:42:38.544+0000] {logging_mixin.py:188} INFO - [2025-11-02T19:42:38.544+0000] {dag.py:3036} INFO - Sync 1 DAGs
[2025-11-02T19:42:38.577+0000] {logging_mixin.py:188} INFO - [2025-11-02T19:42:38.576+0000] {dag.py:3823} INFO - Setting next_dagrun for example_complex to None, run_after=None
[2025-11-02T19:42:38.722+0000] {processor.py:183} INFO - Processing /home/airflow/.local/lib/python3.8/site-packages/airflow/example_dags/example_complex.py took 0.446 seconds
