[2025-11-02T18:24:49.333+0000] {processor.py:161} INFO - Started process (PID=115) to work on /home/airflow/.local/lib/python3.8/site-packages/airflow/example_dags/example_params_ui_tutorial.py
[2025-11-02T18:24:49.375+0000] {processor.py:830} INFO - Processing file /home/airflow/.local/lib/python3.8/site-packages/airflow/example_dags/example_params_ui_tutorial.py for tasks to queue
[2025-11-02T18:24:49.453+0000] {logging_mixin.py:188} INFO - [2025-11-02T18:24:49.424+0000] {dagbag.py:538} INFO - Filling up the DagBag from /home/airflow/.local/lib/python3.8/site-packages/airflow/example_dags/example_params_ui_tutorial.py
[2025-11-02T18:24:49.811+0000] {processor.py:840} INFO - DAG(s) 'example_params_ui_tutorial' retrieved from /home/airflow/.local/lib/python3.8/site-packages/airflow/example_dags/example_params_ui_tutorial.py
[2025-11-02T18:24:50.913+0000] {logging_mixin.py:188} INFO - [2025-11-02T18:24:50.912+0000] {dag.py:3036} INFO - Sync 1 DAGs
[2025-11-02T18:24:51.063+0000] {logging_mixin.py:188} INFO - [2025-11-02T18:24:51.062+0000] {dag.py:3823} INFO - Setting next_dagrun for example_params_ui_tutorial to None, run_after=None
[2025-11-02T18:24:51.246+0000] {processor.py:183} INFO - Processing /home/airflow/.local/lib/python3.8/site-packages/airflow/example_dags/example_params_ui_tutorial.py took 1.985 seconds
[2025-11-02T18:25:21.615+0000] {processor.py:161} INFO - Started process (PID=170) to work on /home/airflow/.local/lib/python3.8/site-packages/airflow/example_dags/example_params_ui_tutorial.py
[2025-11-02T18:25:21.619+0000] {processor.py:830} INFO - Processing file /home/airflow/.local/lib/python3.8/site-packages/airflow/example_dags/example_params_ui_tutorial.py for tasks to queue
[2025-11-02T18:25:21.625+0000] {logging_mixin.py:188} INFO - [2025-11-02T18:25:21.624+0000] {dagbag.py:538} INFO - Filling up the DagBag from /home/airflow/.local/lib/python3.8/site-packages/airflow/example_dags/example_params_ui_tutorial.py
[2025-11-02T18:25:21.651+0000] {processor.py:840} INFO - DAG(s) 'example_params_ui_tutorial' retrieved from /home/airflow/.local/lib/python3.8/site-packages/airflow/example_dags/example_params_ui_tutorial.py
[2025-11-02T18:25:21.778+0000] {logging_mixin.py:188} INFO - [2025-11-02T18:25:21.778+0000] {dag.py:3036} INFO - Sync 1 DAGs
[2025-11-02T18:25:21.802+0000] {logging_mixin.py:188} INFO - [2025-11-02T18:25:21.801+0000] {dag.py:3823} INFO - Setting next_dagrun for example_params_ui_tutorial to None, run_after=None
[2025-11-02T18:25:21.842+0000] {processor.py:183} INFO - Processing /home/airflow/.local/lib/python3.8/site-packages/airflow/example_dags/example_params_ui_tutorial.py took 0.238 seconds
[2025-11-02T18:25:51.920+0000] {processor.py:161} INFO - Started process (PID=225) to work on /home/airflow/.local/lib/python3.8/site-packages/airflow/example_dags/example_params_ui_tutorial.py
[2025-11-02T18:25:51.923+0000] {processor.py:830} INFO - Processing file /home/airflow/.local/lib/python3.8/site-packages/airflow/example_dags/example_params_ui_tutorial.py for tasks to queue
[2025-11-02T18:25:51.928+0000] {logging_mixin.py:188} INFO - [2025-11-02T18:25:51.927+0000] {dagbag.py:538} INFO - Filling up the DagBag from /home/airflow/.local/lib/python3.8/site-packages/airflow/example_dags/example_params_ui_tutorial.py
[2025-11-02T18:25:51.955+0000] {processor.py:840} INFO - DAG(s) 'example_params_ui_tutorial' retrieved from /home/airflow/.local/lib/python3.8/site-packages/airflow/example_dags/example_params_ui_tutorial.py
[2025-11-02T18:25:52.071+0000] {logging_mixin.py:188} INFO - [2025-11-02T18:25:52.071+0000] {dag.py:3036} INFO - Sync 1 DAGs
[2025-11-02T18:25:52.094+0000] {logging_mixin.py:188} INFO - [2025-11-02T18:25:52.094+0000] {dag.py:3823} INFO - Setting next_dagrun for example_params_ui_tutorial to None, run_after=None
[2025-11-02T18:25:52.134+0000] {processor.py:183} INFO - Processing /home/airflow/.local/lib/python3.8/site-packages/airflow/example_dags/example_params_ui_tutorial.py took 0.223 seconds
[2025-11-02T18:26:22.780+0000] {processor.py:161} INFO - Started process (PID=280) to work on /home/airflow/.local/lib/python3.8/site-packages/airflow/example_dags/example_params_ui_tutorial.py
[2025-11-02T18:26:22.783+0000] {processor.py:830} INFO - Processing file /home/airflow/.local/lib/python3.8/site-packages/airflow/example_dags/example_params_ui_tutorial.py for tasks to queue
[2025-11-02T18:26:22.791+0000] {logging_mixin.py:188} INFO - [2025-11-02T18:26:22.790+0000] {dagbag.py:538} INFO - Filling up the DagBag from /home/airflow/.local/lib/python3.8/site-packages/airflow/example_dags/example_params_ui_tutorial.py
[2025-11-02T18:26:22.828+0000] {processor.py:840} INFO - DAG(s) 'example_params_ui_tutorial' retrieved from /home/airflow/.local/lib/python3.8/site-packages/airflow/example_dags/example_params_ui_tutorial.py
[2025-11-02T18:26:22.993+0000] {logging_mixin.py:188} INFO - [2025-11-02T18:26:22.992+0000] {dag.py:3036} INFO - Sync 1 DAGs
[2025-11-02T18:26:23.033+0000] {logging_mixin.py:188} INFO - [2025-11-02T18:26:23.033+0000] {dag.py:3823} INFO - Setting next_dagrun for example_params_ui_tutorial to None, run_after=None
[2025-11-02T18:26:23.090+0000] {processor.py:183} INFO - Processing /home/airflow/.local/lib/python3.8/site-packages/airflow/example_dags/example_params_ui_tutorial.py took 0.320 seconds
[2025-11-02T18:26:53.461+0000] {processor.py:161} INFO - Started process (PID=335) to work on /home/airflow/.local/lib/python3.8/site-packages/airflow/example_dags/example_params_ui_tutorial.py
[2025-11-02T18:26:53.465+0000] {processor.py:830} INFO - Processing file /home/airflow/.local/lib/python3.8/site-packages/airflow/example_dags/example_params_ui_tutorial.py for tasks to queue
[2025-11-02T18:26:53.477+0000] {logging_mixin.py:188} INFO - [2025-11-02T18:26:53.476+0000] {dagbag.py:538} INFO - Filling up the DagBag from /home/airflow/.local/lib/python3.8/site-packages/airflow/example_dags/example_params_ui_tutorial.py
[2025-11-02T18:26:53.566+0000] {processor.py:840} INFO - DAG(s) 'example_params_ui_tutorial' retrieved from /home/airflow/.local/lib/python3.8/site-packages/airflow/example_dags/example_params_ui_tutorial.py
[2025-11-02T18:26:53.848+0000] {logging_mixin.py:188} INFO - [2025-11-02T18:26:53.846+0000] {dag.py:3036} INFO - Sync 1 DAGs
[2025-11-02T18:26:53.897+0000] {logging_mixin.py:188} INFO - [2025-11-02T18:26:53.897+0000] {dag.py:3823} INFO - Setting next_dagrun for example_params_ui_tutorial to None, run_after=None
[2025-11-02T18:26:53.977+0000] {processor.py:183} INFO - Processing /home/airflow/.local/lib/python3.8/site-packages/airflow/example_dags/example_params_ui_tutorial.py took 0.531 seconds
[2025-11-02T18:27:24.117+0000] {processor.py:161} INFO - Started process (PID=390) to work on /home/airflow/.local/lib/python3.8/site-packages/airflow/example_dags/example_params_ui_tutorial.py
[2025-11-02T18:27:24.120+0000] {processor.py:830} INFO - Processing file /home/airflow/.local/lib/python3.8/site-packages/airflow/example_dags/example_params_ui_tutorial.py for tasks to queue
[2025-11-02T18:27:24.126+0000] {logging_mixin.py:188} INFO - [2025-11-02T18:27:24.125+0000] {dagbag.py:538} INFO - Filling up the DagBag from /home/airflow/.local/lib/python3.8/site-packages/airflow/example_dags/example_params_ui_tutorial.py
[2025-11-02T18:27:24.182+0000] {processor.py:840} INFO - DAG(s) 'example_params_ui_tutorial' retrieved from /home/airflow/.local/lib/python3.8/site-packages/airflow/example_dags/example_params_ui_tutorial.py
[2025-11-02T18:27:24.396+0000] {logging_mixin.py:188} INFO - [2025-11-02T18:27:24.396+0000] {dag.py:3036} INFO - Sync 1 DAGs
[2025-11-02T18:27:24.443+0000] {logging_mixin.py:188} INFO - [2025-11-02T18:27:24.442+0000] {dag.py:3823} INFO - Setting next_dagrun for example_params_ui_tutorial to None, run_after=None
[2025-11-02T18:27:24.504+0000] {processor.py:183} INFO - Processing /home/airflow/.local/lib/python3.8/site-packages/airflow/example_dags/example_params_ui_tutorial.py took 0.396 seconds
[2025-11-02T18:27:54.869+0000] {processor.py:161} INFO - Started process (PID=445) to work on /home/airflow/.local/lib/python3.8/site-packages/airflow/example_dags/example_params_ui_tutorial.py
[2025-11-02T18:27:54.874+0000] {processor.py:830} INFO - Processing file /home/airflow/.local/lib/python3.8/site-packages/airflow/example_dags/example_params_ui_tutorial.py for tasks to queue
[2025-11-02T18:27:54.880+0000] {logging_mixin.py:188} INFO - [2025-11-02T18:27:54.880+0000] {dagbag.py:538} INFO - Filling up the DagBag from /home/airflow/.local/lib/python3.8/site-packages/airflow/example_dags/example_params_ui_tutorial.py
[2025-11-02T18:27:54.914+0000] {processor.py:840} INFO - DAG(s) 'example_params_ui_tutorial' retrieved from /home/airflow/.local/lib/python3.8/site-packages/airflow/example_dags/example_params_ui_tutorial.py
[2025-11-02T18:27:55.095+0000] {logging_mixin.py:188} INFO - [2025-11-02T18:27:55.094+0000] {dag.py:3036} INFO - Sync 1 DAGs
[2025-11-02T18:27:55.124+0000] {logging_mixin.py:188} INFO - [2025-11-02T18:27:55.124+0000] {dag.py:3823} INFO - Setting next_dagrun for example_params_ui_tutorial to None, run_after=None
[2025-11-02T18:27:55.171+0000] {processor.py:183} INFO - Processing /home/airflow/.local/lib/python3.8/site-packages/airflow/example_dags/example_params_ui_tutorial.py took 0.317 seconds
[2025-11-02T18:28:25.331+0000] {processor.py:161} INFO - Started process (PID=500) to work on /home/airflow/.local/lib/python3.8/site-packages/airflow/example_dags/example_params_ui_tutorial.py
[2025-11-02T18:28:25.333+0000] {processor.py:830} INFO - Processing file /home/airflow/.local/lib/python3.8/site-packages/airflow/example_dags/example_params_ui_tutorial.py for tasks to queue
[2025-11-02T18:28:25.339+0000] {logging_mixin.py:188} INFO - [2025-11-02T18:28:25.338+0000] {dagbag.py:538} INFO - Filling up the DagBag from /home/airflow/.local/lib/python3.8/site-packages/airflow/example_dags/example_params_ui_tutorial.py
[2025-11-02T18:28:25.368+0000] {processor.py:840} INFO - DAG(s) 'example_params_ui_tutorial' retrieved from /home/airflow/.local/lib/python3.8/site-packages/airflow/example_dags/example_params_ui_tutorial.py
[2025-11-02T18:28:25.524+0000] {logging_mixin.py:188} INFO - [2025-11-02T18:28:25.523+0000] {dag.py:3036} INFO - Sync 1 DAGs
[2025-11-02T18:28:25.552+0000] {logging_mixin.py:188} INFO - [2025-11-02T18:28:25.552+0000] {dag.py:3823} INFO - Setting next_dagrun for example_params_ui_tutorial to None, run_after=None
[2025-11-02T18:28:25.597+0000] {processor.py:183} INFO - Processing /home/airflow/.local/lib/python3.8/site-packages/airflow/example_dags/example_params_ui_tutorial.py took 0.275 seconds
[2025-11-02T18:28:57.368+0000] {processor.py:161} INFO - Started process (PID=556) to work on /home/airflow/.local/lib/python3.8/site-packages/airflow/example_dags/example_params_ui_tutorial.py
[2025-11-02T18:28:57.372+0000] {processor.py:830} INFO - Processing file /home/airflow/.local/lib/python3.8/site-packages/airflow/example_dags/example_params_ui_tutorial.py for tasks to queue
[2025-11-02T18:28:57.380+0000] {logging_mixin.py:188} INFO - [2025-11-02T18:28:57.379+0000] {dagbag.py:538} INFO - Filling up the DagBag from /home/airflow/.local/lib/python3.8/site-packages/airflow/example_dags/example_params_ui_tutorial.py
[2025-11-02T18:28:57.438+0000] {processor.py:840} INFO - DAG(s) 'example_params_ui_tutorial' retrieved from /home/airflow/.local/lib/python3.8/site-packages/airflow/example_dags/example_params_ui_tutorial.py
[2025-11-02T18:28:57.815+0000] {logging_mixin.py:188} INFO - [2025-11-02T18:28:57.814+0000] {dag.py:3036} INFO - Sync 1 DAGs
[2025-11-02T18:28:57.869+0000] {logging_mixin.py:188} INFO - [2025-11-02T18:28:57.869+0000] {dag.py:3823} INFO - Setting next_dagrun for example_params_ui_tutorial to None, run_after=None
[2025-11-02T18:28:57.993+0000] {processor.py:183} INFO - Processing /home/airflow/.local/lib/python3.8/site-packages/airflow/example_dags/example_params_ui_tutorial.py took 0.643 seconds
[2025-11-02T18:29:28.679+0000] {processor.py:161} INFO - Started process (PID=611) to work on /home/airflow/.local/lib/python3.8/site-packages/airflow/example_dags/example_params_ui_tutorial.py
[2025-11-02T18:29:28.681+0000] {processor.py:830} INFO - Processing file /home/airflow/.local/lib/python3.8/site-packages/airflow/example_dags/example_params_ui_tutorial.py for tasks to queue
[2025-11-02T18:29:28.686+0000] {logging_mixin.py:188} INFO - [2025-11-02T18:29:28.685+0000] {dagbag.py:538} INFO - Filling up the DagBag from /home/airflow/.local/lib/python3.8/site-packages/airflow/example_dags/example_params_ui_tutorial.py
[2025-11-02T18:29:28.722+0000] {processor.py:840} INFO - DAG(s) 'example_params_ui_tutorial' retrieved from /home/airflow/.local/lib/python3.8/site-packages/airflow/example_dags/example_params_ui_tutorial.py
[2025-11-02T18:29:28.889+0000] {logging_mixin.py:188} INFO - [2025-11-02T18:29:28.889+0000] {dag.py:3036} INFO - Sync 1 DAGs
[2025-11-02T18:29:28.926+0000] {logging_mixin.py:188} INFO - [2025-11-02T18:29:28.926+0000] {dag.py:3823} INFO - Setting next_dagrun for example_params_ui_tutorial to None, run_after=None
[2025-11-02T18:29:28.971+0000] {processor.py:183} INFO - Processing /home/airflow/.local/lib/python3.8/site-packages/airflow/example_dags/example_params_ui_tutorial.py took 0.300 seconds
[2025-11-02T18:29:59.675+0000] {processor.py:161} INFO - Started process (PID=666) to work on /home/airflow/.local/lib/python3.8/site-packages/airflow/example_dags/example_params_ui_tutorial.py
[2025-11-02T18:29:59.683+0000] {processor.py:830} INFO - Processing file /home/airflow/.local/lib/python3.8/site-packages/airflow/example_dags/example_params_ui_tutorial.py for tasks to queue
[2025-11-02T18:29:59.698+0000] {logging_mixin.py:188} INFO - [2025-11-02T18:29:59.697+0000] {dagbag.py:538} INFO - Filling up the DagBag from /home/airflow/.local/lib/python3.8/site-packages/airflow/example_dags/example_params_ui_tutorial.py
[2025-11-02T18:29:59.759+0000] {processor.py:840} INFO - DAG(s) 'example_params_ui_tutorial' retrieved from /home/airflow/.local/lib/python3.8/site-packages/airflow/example_dags/example_params_ui_tutorial.py
[2025-11-02T18:30:00.231+0000] {logging_mixin.py:188} INFO - [2025-11-02T18:30:00.230+0000] {dag.py:3036} INFO - Sync 1 DAGs
[2025-11-02T18:30:00.271+0000] {logging_mixin.py:188} INFO - [2025-11-02T18:30:00.271+0000] {dag.py:3823} INFO - Setting next_dagrun for example_params_ui_tutorial to None, run_after=None
[2025-11-02T18:30:00.328+0000] {processor.py:183} INFO - Processing /home/airflow/.local/lib/python3.8/site-packages/airflow/example_dags/example_params_ui_tutorial.py took 0.686 seconds
[2025-11-02T18:30:31.043+0000] {processor.py:161} INFO - Started process (PID=721) to work on /home/airflow/.local/lib/python3.8/site-packages/airflow/example_dags/example_params_ui_tutorial.py
[2025-11-02T18:30:31.046+0000] {processor.py:830} INFO - Processing file /home/airflow/.local/lib/python3.8/site-packages/airflow/example_dags/example_params_ui_tutorial.py for tasks to queue
[2025-11-02T18:30:31.051+0000] {logging_mixin.py:188} INFO - [2025-11-02T18:30:31.050+0000] {dagbag.py:538} INFO - Filling up the DagBag from /home/airflow/.local/lib/python3.8/site-packages/airflow/example_dags/example_params_ui_tutorial.py
[2025-11-02T18:30:31.089+0000] {processor.py:840} INFO - DAG(s) 'example_params_ui_tutorial' retrieved from /home/airflow/.local/lib/python3.8/site-packages/airflow/example_dags/example_params_ui_tutorial.py
[2025-11-02T18:30:31.268+0000] {logging_mixin.py:188} INFO - [2025-11-02T18:30:31.267+0000] {dag.py:3036} INFO - Sync 1 DAGs
[2025-11-02T18:30:31.308+0000] {logging_mixin.py:188} INFO - [2025-11-02T18:30:31.308+0000] {dag.py:3823} INFO - Setting next_dagrun for example_params_ui_tutorial to None, run_after=None
[2025-11-02T18:30:31.367+0000] {processor.py:183} INFO - Processing /home/airflow/.local/lib/python3.8/site-packages/airflow/example_dags/example_params_ui_tutorial.py took 0.335 seconds
[2025-11-02T18:31:01.631+0000] {processor.py:161} INFO - Started process (PID=776) to work on /home/airflow/.local/lib/python3.8/site-packages/airflow/example_dags/example_params_ui_tutorial.py
[2025-11-02T18:31:01.634+0000] {processor.py:830} INFO - Processing file /home/airflow/.local/lib/python3.8/site-packages/airflow/example_dags/example_params_ui_tutorial.py for tasks to queue
[2025-11-02T18:31:01.639+0000] {logging_mixin.py:188} INFO - [2025-11-02T18:31:01.638+0000] {dagbag.py:538} INFO - Filling up the DagBag from /home/airflow/.local/lib/python3.8/site-packages/airflow/example_dags/example_params_ui_tutorial.py
[2025-11-02T18:31:01.665+0000] {processor.py:840} INFO - DAG(s) 'example_params_ui_tutorial' retrieved from /home/airflow/.local/lib/python3.8/site-packages/airflow/example_dags/example_params_ui_tutorial.py
[2025-11-02T18:31:01.783+0000] {logging_mixin.py:188} INFO - [2025-11-02T18:31:01.782+0000] {dag.py:3036} INFO - Sync 1 DAGs
[2025-11-02T18:31:01.807+0000] {logging_mixin.py:188} INFO - [2025-11-02T18:31:01.807+0000] {dag.py:3823} INFO - Setting next_dagrun for example_params_ui_tutorial to None, run_after=None
[2025-11-02T18:31:01.848+0000] {processor.py:183} INFO - Processing /home/airflow/.local/lib/python3.8/site-packages/airflow/example_dags/example_params_ui_tutorial.py took 0.226 seconds
[2025-11-02T18:31:32.019+0000] {processor.py:161} INFO - Started process (PID=831) to work on /home/airflow/.local/lib/python3.8/site-packages/airflow/example_dags/example_params_ui_tutorial.py
[2025-11-02T18:31:32.022+0000] {processor.py:830} INFO - Processing file /home/airflow/.local/lib/python3.8/site-packages/airflow/example_dags/example_params_ui_tutorial.py for tasks to queue
[2025-11-02T18:31:32.026+0000] {logging_mixin.py:188} INFO - [2025-11-02T18:31:32.026+0000] {dagbag.py:538} INFO - Filling up the DagBag from /home/airflow/.local/lib/python3.8/site-packages/airflow/example_dags/example_params_ui_tutorial.py
[2025-11-02T18:31:32.064+0000] {processor.py:840} INFO - DAG(s) 'example_params_ui_tutorial' retrieved from /home/airflow/.local/lib/python3.8/site-packages/airflow/example_dags/example_params_ui_tutorial.py
[2025-11-02T18:31:32.210+0000] {logging_mixin.py:188} INFO - [2025-11-02T18:31:32.209+0000] {dag.py:3036} INFO - Sync 1 DAGs
[2025-11-02T18:31:32.234+0000] {logging_mixin.py:188} INFO - [2025-11-02T18:31:32.234+0000] {dag.py:3823} INFO - Setting next_dagrun for example_params_ui_tutorial to None, run_after=None
[2025-11-02T18:31:32.275+0000] {processor.py:183} INFO - Processing /home/airflow/.local/lib/python3.8/site-packages/airflow/example_dags/example_params_ui_tutorial.py took 0.264 seconds
[2025-11-02T18:32:02.584+0000] {processor.py:161} INFO - Started process (PID=886) to work on /home/airflow/.local/lib/python3.8/site-packages/airflow/example_dags/example_params_ui_tutorial.py
[2025-11-02T18:32:02.587+0000] {processor.py:830} INFO - Processing file /home/airflow/.local/lib/python3.8/site-packages/airflow/example_dags/example_params_ui_tutorial.py for tasks to queue
[2025-11-02T18:32:02.593+0000] {logging_mixin.py:188} INFO - [2025-11-02T18:32:02.592+0000] {dagbag.py:538} INFO - Filling up the DagBag from /home/airflow/.local/lib/python3.8/site-packages/airflow/example_dags/example_params_ui_tutorial.py
[2025-11-02T18:32:02.632+0000] {processor.py:840} INFO - DAG(s) 'example_params_ui_tutorial' retrieved from /home/airflow/.local/lib/python3.8/site-packages/airflow/example_dags/example_params_ui_tutorial.py
[2025-11-02T18:32:02.845+0000] {logging_mixin.py:188} INFO - [2025-11-02T18:32:02.845+0000] {dag.py:3036} INFO - Sync 1 DAGs
[2025-11-02T18:32:02.881+0000] {logging_mixin.py:188} INFO - [2025-11-02T18:32:02.881+0000] {dag.py:3823} INFO - Setting next_dagrun for example_params_ui_tutorial to None, run_after=None
[2025-11-02T18:32:02.925+0000] {processor.py:183} INFO - Processing /home/airflow/.local/lib/python3.8/site-packages/airflow/example_dags/example_params_ui_tutorial.py took 0.355 seconds
[2025-11-02T18:32:33.097+0000] {processor.py:161} INFO - Started process (PID=938) to work on /home/airflow/.local/lib/python3.8/site-packages/airflow/example_dags/example_params_ui_tutorial.py
[2025-11-02T18:32:33.100+0000] {processor.py:830} INFO - Processing file /home/airflow/.local/lib/python3.8/site-packages/airflow/example_dags/example_params_ui_tutorial.py for tasks to queue
[2025-11-02T18:32:33.105+0000] {logging_mixin.py:188} INFO - [2025-11-02T18:32:33.104+0000] {dagbag.py:538} INFO - Filling up the DagBag from /home/airflow/.local/lib/python3.8/site-packages/airflow/example_dags/example_params_ui_tutorial.py
[2025-11-02T18:32:33.140+0000] {processor.py:840} INFO - DAG(s) 'example_params_ui_tutorial' retrieved from /home/airflow/.local/lib/python3.8/site-packages/airflow/example_dags/example_params_ui_tutorial.py
[2025-11-02T18:32:33.291+0000] {logging_mixin.py:188} INFO - [2025-11-02T18:32:33.291+0000] {dag.py:3036} INFO - Sync 1 DAGs
[2025-11-02T18:32:33.314+0000] {logging_mixin.py:188} INFO - [2025-11-02T18:32:33.313+0000] {dag.py:3823} INFO - Setting next_dagrun for example_params_ui_tutorial to None, run_after=None
[2025-11-02T18:32:33.351+0000] {processor.py:183} INFO - Processing /home/airflow/.local/lib/python3.8/site-packages/airflow/example_dags/example_params_ui_tutorial.py took 0.264 seconds
[2025-11-02T18:33:04.012+0000] {processor.py:161} INFO - Started process (PID=993) to work on /home/airflow/.local/lib/python3.8/site-packages/airflow/example_dags/example_params_ui_tutorial.py
[2025-11-02T18:33:04.015+0000] {processor.py:830} INFO - Processing file /home/airflow/.local/lib/python3.8/site-packages/airflow/example_dags/example_params_ui_tutorial.py for tasks to queue
[2025-11-02T18:33:04.022+0000] {logging_mixin.py:188} INFO - [2025-11-02T18:33:04.021+0000] {dagbag.py:538} INFO - Filling up the DagBag from /home/airflow/.local/lib/python3.8/site-packages/airflow/example_dags/example_params_ui_tutorial.py
[2025-11-02T18:33:04.056+0000] {processor.py:840} INFO - DAG(s) 'example_params_ui_tutorial' retrieved from /home/airflow/.local/lib/python3.8/site-packages/airflow/example_dags/example_params_ui_tutorial.py
[2025-11-02T18:33:04.267+0000] {logging_mixin.py:188} INFO - [2025-11-02T18:33:04.266+0000] {dag.py:3036} INFO - Sync 1 DAGs
[2025-11-02T18:33:04.301+0000] {logging_mixin.py:188} INFO - [2025-11-02T18:33:04.301+0000] {dag.py:3823} INFO - Setting next_dagrun for example_params_ui_tutorial to None, run_after=None
[2025-11-02T18:33:04.355+0000] {processor.py:183} INFO - Processing /home/airflow/.local/lib/python3.8/site-packages/airflow/example_dags/example_params_ui_tutorial.py took 0.355 seconds
[2025-11-02T18:33:35.226+0000] {processor.py:161} INFO - Started process (PID=1048) to work on /home/airflow/.local/lib/python3.8/site-packages/airflow/example_dags/example_params_ui_tutorial.py
[2025-11-02T18:33:35.229+0000] {processor.py:830} INFO - Processing file /home/airflow/.local/lib/python3.8/site-packages/airflow/example_dags/example_params_ui_tutorial.py for tasks to queue
[2025-11-02T18:33:35.235+0000] {logging_mixin.py:188} INFO - [2025-11-02T18:33:35.234+0000] {dagbag.py:538} INFO - Filling up the DagBag from /home/airflow/.local/lib/python3.8/site-packages/airflow/example_dags/example_params_ui_tutorial.py
[2025-11-02T18:33:35.271+0000] {processor.py:840} INFO - DAG(s) 'example_params_ui_tutorial' retrieved from /home/airflow/.local/lib/python3.8/site-packages/airflow/example_dags/example_params_ui_tutorial.py
[2025-11-02T18:33:35.469+0000] {logging_mixin.py:188} INFO - [2025-11-02T18:33:35.468+0000] {dag.py:3036} INFO - Sync 1 DAGs
[2025-11-02T18:33:35.503+0000] {logging_mixin.py:188} INFO - [2025-11-02T18:33:35.503+0000] {dag.py:3823} INFO - Setting next_dagrun for example_params_ui_tutorial to None, run_after=None
[2025-11-02T18:33:35.558+0000] {processor.py:183} INFO - Processing /home/airflow/.local/lib/python3.8/site-packages/airflow/example_dags/example_params_ui_tutorial.py took 0.346 seconds
[2025-11-02T18:34:05.860+0000] {processor.py:161} INFO - Started process (PID=1103) to work on /home/airflow/.local/lib/python3.8/site-packages/airflow/example_dags/example_params_ui_tutorial.py
[2025-11-02T18:34:05.864+0000] {processor.py:830} INFO - Processing file /home/airflow/.local/lib/python3.8/site-packages/airflow/example_dags/example_params_ui_tutorial.py for tasks to queue
[2025-11-02T18:34:05.871+0000] {logging_mixin.py:188} INFO - [2025-11-02T18:34:05.870+0000] {dagbag.py:538} INFO - Filling up the DagBag from /home/airflow/.local/lib/python3.8/site-packages/airflow/example_dags/example_params_ui_tutorial.py
[2025-11-02T18:34:05.935+0000] {processor.py:840} INFO - DAG(s) 'example_params_ui_tutorial' retrieved from /home/airflow/.local/lib/python3.8/site-packages/airflow/example_dags/example_params_ui_tutorial.py
[2025-11-02T18:34:06.190+0000] {logging_mixin.py:188} INFO - [2025-11-02T18:34:06.189+0000] {dag.py:3036} INFO - Sync 1 DAGs
[2025-11-02T18:34:06.249+0000] {logging_mixin.py:188} INFO - [2025-11-02T18:34:06.248+0000] {dag.py:3823} INFO - Setting next_dagrun for example_params_ui_tutorial to None, run_after=None
[2025-11-02T18:34:06.388+0000] {processor.py:183} INFO - Processing /home/airflow/.local/lib/python3.8/site-packages/airflow/example_dags/example_params_ui_tutorial.py took 0.542 seconds
[2025-11-02T18:34:36.934+0000] {processor.py:161} INFO - Started process (PID=1158) to work on /home/airflow/.local/lib/python3.8/site-packages/airflow/example_dags/example_params_ui_tutorial.py
[2025-11-02T18:34:36.937+0000] {processor.py:830} INFO - Processing file /home/airflow/.local/lib/python3.8/site-packages/airflow/example_dags/example_params_ui_tutorial.py for tasks to queue
[2025-11-02T18:34:36.943+0000] {logging_mixin.py:188} INFO - [2025-11-02T18:34:36.942+0000] {dagbag.py:538} INFO - Filling up the DagBag from /home/airflow/.local/lib/python3.8/site-packages/airflow/example_dags/example_params_ui_tutorial.py
[2025-11-02T18:34:36.978+0000] {processor.py:840} INFO - DAG(s) 'example_params_ui_tutorial' retrieved from /home/airflow/.local/lib/python3.8/site-packages/airflow/example_dags/example_params_ui_tutorial.py
[2025-11-02T18:34:37.343+0000] {logging_mixin.py:188} INFO - [2025-11-02T18:34:37.342+0000] {dag.py:3036} INFO - Sync 1 DAGs
[2025-11-02T18:34:37.382+0000] {logging_mixin.py:188} INFO - [2025-11-02T18:34:37.381+0000] {dag.py:3823} INFO - Setting next_dagrun for example_params_ui_tutorial to None, run_after=None
[2025-11-02T18:34:37.471+0000] {processor.py:183} INFO - Processing /home/airflow/.local/lib/python3.8/site-packages/airflow/example_dags/example_params_ui_tutorial.py took 0.412 seconds
[2025-11-02T18:35:08.074+0000] {processor.py:161} INFO - Started process (PID=1214) to work on /home/airflow/.local/lib/python3.8/site-packages/airflow/example_dags/example_params_ui_tutorial.py
[2025-11-02T18:35:08.077+0000] {processor.py:830} INFO - Processing file /home/airflow/.local/lib/python3.8/site-packages/airflow/example_dags/example_params_ui_tutorial.py for tasks to queue
[2025-11-02T18:35:08.083+0000] {logging_mixin.py:188} INFO - [2025-11-02T18:35:08.082+0000] {dagbag.py:538} INFO - Filling up the DagBag from /home/airflow/.local/lib/python3.8/site-packages/airflow/example_dags/example_params_ui_tutorial.py
[2025-11-02T18:35:08.115+0000] {processor.py:840} INFO - DAG(s) 'example_params_ui_tutorial' retrieved from /home/airflow/.local/lib/python3.8/site-packages/airflow/example_dags/example_params_ui_tutorial.py
[2025-11-02T18:35:08.321+0000] {logging_mixin.py:188} INFO - [2025-11-02T18:35:08.320+0000] {dag.py:3036} INFO - Sync 1 DAGs
[2025-11-02T18:35:08.365+0000] {logging_mixin.py:188} INFO - [2025-11-02T18:35:08.365+0000] {dag.py:3823} INFO - Setting next_dagrun for example_params_ui_tutorial to None, run_after=None
[2025-11-02T18:35:08.415+0000] {processor.py:183} INFO - Processing /home/airflow/.local/lib/python3.8/site-packages/airflow/example_dags/example_params_ui_tutorial.py took 0.354 seconds
[2025-11-02T18:35:38.751+0000] {processor.py:161} INFO - Started process (PID=1268) to work on /home/airflow/.local/lib/python3.8/site-packages/airflow/example_dags/example_params_ui_tutorial.py
[2025-11-02T18:35:38.754+0000] {processor.py:830} INFO - Processing file /home/airflow/.local/lib/python3.8/site-packages/airflow/example_dags/example_params_ui_tutorial.py for tasks to queue
[2025-11-02T18:35:38.759+0000] {logging_mixin.py:188} INFO - [2025-11-02T18:35:38.759+0000] {dagbag.py:538} INFO - Filling up the DagBag from /home/airflow/.local/lib/python3.8/site-packages/airflow/example_dags/example_params_ui_tutorial.py
[2025-11-02T18:35:38.787+0000] {processor.py:840} INFO - DAG(s) 'example_params_ui_tutorial' retrieved from /home/airflow/.local/lib/python3.8/site-packages/airflow/example_dags/example_params_ui_tutorial.py
[2025-11-02T18:35:38.910+0000] {logging_mixin.py:188} INFO - [2025-11-02T18:35:38.909+0000] {dag.py:3036} INFO - Sync 1 DAGs
[2025-11-02T18:35:38.934+0000] {logging_mixin.py:188} INFO - [2025-11-02T18:35:38.933+0000] {dag.py:3823} INFO - Setting next_dagrun for example_params_ui_tutorial to None, run_after=None
[2025-11-02T18:35:38.978+0000] {processor.py:183} INFO - Processing /home/airflow/.local/lib/python3.8/site-packages/airflow/example_dags/example_params_ui_tutorial.py took 0.235 seconds
[2025-11-02T18:36:09.426+0000] {processor.py:161} INFO - Started process (PID=1324) to work on /home/airflow/.local/lib/python3.8/site-packages/airflow/example_dags/example_params_ui_tutorial.py
[2025-11-02T18:36:09.429+0000] {processor.py:830} INFO - Processing file /home/airflow/.local/lib/python3.8/site-packages/airflow/example_dags/example_params_ui_tutorial.py for tasks to queue
[2025-11-02T18:36:09.436+0000] {logging_mixin.py:188} INFO - [2025-11-02T18:36:09.435+0000] {dagbag.py:538} INFO - Filling up the DagBag from /home/airflow/.local/lib/python3.8/site-packages/airflow/example_dags/example_params_ui_tutorial.py
[2025-11-02T18:36:09.479+0000] {processor.py:840} INFO - DAG(s) 'example_params_ui_tutorial' retrieved from /home/airflow/.local/lib/python3.8/site-packages/airflow/example_dags/example_params_ui_tutorial.py
[2025-11-02T18:36:09.735+0000] {logging_mixin.py:188} INFO - [2025-11-02T18:36:09.734+0000] {dag.py:3036} INFO - Sync 1 DAGs
[2025-11-02T18:36:09.868+0000] {logging_mixin.py:188} INFO - [2025-11-02T18:36:09.867+0000] {dag.py:3823} INFO - Setting next_dagrun for example_params_ui_tutorial to None, run_after=None
[2025-11-02T18:36:10.010+0000] {processor.py:183} INFO - Processing /home/airflow/.local/lib/python3.8/site-packages/airflow/example_dags/example_params_ui_tutorial.py took 0.598 seconds
[2025-11-02T18:36:40.655+0000] {processor.py:161} INFO - Started process (PID=1379) to work on /home/airflow/.local/lib/python3.8/site-packages/airflow/example_dags/example_params_ui_tutorial.py
[2025-11-02T18:36:40.659+0000] {processor.py:830} INFO - Processing file /home/airflow/.local/lib/python3.8/site-packages/airflow/example_dags/example_params_ui_tutorial.py for tasks to queue
[2025-11-02T18:36:40.666+0000] {logging_mixin.py:188} INFO - [2025-11-02T18:36:40.665+0000] {dagbag.py:538} INFO - Filling up the DagBag from /home/airflow/.local/lib/python3.8/site-packages/airflow/example_dags/example_params_ui_tutorial.py
[2025-11-02T18:36:40.711+0000] {processor.py:840} INFO - DAG(s) 'example_params_ui_tutorial' retrieved from /home/airflow/.local/lib/python3.8/site-packages/airflow/example_dags/example_params_ui_tutorial.py
[2025-11-02T18:36:40.999+0000] {logging_mixin.py:188} INFO - [2025-11-02T18:36:40.998+0000] {dag.py:3036} INFO - Sync 1 DAGs
[2025-11-02T18:36:41.042+0000] {logging_mixin.py:188} INFO - [2025-11-02T18:36:41.042+0000] {dag.py:3823} INFO - Setting next_dagrun for example_params_ui_tutorial to None, run_after=None
[2025-11-02T18:36:41.142+0000] {processor.py:183} INFO - Processing /home/airflow/.local/lib/python3.8/site-packages/airflow/example_dags/example_params_ui_tutorial.py took 0.499 seconds
[2025-11-02T18:37:11.691+0000] {processor.py:161} INFO - Started process (PID=1434) to work on /home/airflow/.local/lib/python3.8/site-packages/airflow/example_dags/example_params_ui_tutorial.py
[2025-11-02T18:37:11.694+0000] {processor.py:830} INFO - Processing file /home/airflow/.local/lib/python3.8/site-packages/airflow/example_dags/example_params_ui_tutorial.py for tasks to queue
[2025-11-02T18:37:11.702+0000] {logging_mixin.py:188} INFO - [2025-11-02T18:37:11.700+0000] {dagbag.py:538} INFO - Filling up the DagBag from /home/airflow/.local/lib/python3.8/site-packages/airflow/example_dags/example_params_ui_tutorial.py
[2025-11-02T18:37:11.757+0000] {processor.py:840} INFO - DAG(s) 'example_params_ui_tutorial' retrieved from /home/airflow/.local/lib/python3.8/site-packages/airflow/example_dags/example_params_ui_tutorial.py
[2025-11-02T18:37:12.053+0000] {logging_mixin.py:188} INFO - [2025-11-02T18:37:12.052+0000] {dag.py:3036} INFO - Sync 1 DAGs
[2025-11-02T18:37:12.123+0000] {logging_mixin.py:188} INFO - [2025-11-02T18:37:12.122+0000] {dag.py:3823} INFO - Setting next_dagrun for example_params_ui_tutorial to None, run_after=None
[2025-11-02T18:37:12.257+0000] {processor.py:183} INFO - Processing /home/airflow/.local/lib/python3.8/site-packages/airflow/example_dags/example_params_ui_tutorial.py took 0.581 seconds
[2025-11-02T18:37:42.502+0000] {processor.py:161} INFO - Started process (PID=1490) to work on /home/airflow/.local/lib/python3.8/site-packages/airflow/example_dags/example_params_ui_tutorial.py
[2025-11-02T18:37:42.505+0000] {processor.py:830} INFO - Processing file /home/airflow/.local/lib/python3.8/site-packages/airflow/example_dags/example_params_ui_tutorial.py for tasks to queue
[2025-11-02T18:37:42.511+0000] {logging_mixin.py:188} INFO - [2025-11-02T18:37:42.509+0000] {dagbag.py:538} INFO - Filling up the DagBag from /home/airflow/.local/lib/python3.8/site-packages/airflow/example_dags/example_params_ui_tutorial.py
[2025-11-02T18:37:42.544+0000] {processor.py:840} INFO - DAG(s) 'example_params_ui_tutorial' retrieved from /home/airflow/.local/lib/python3.8/site-packages/airflow/example_dags/example_params_ui_tutorial.py
[2025-11-02T18:37:42.737+0000] {logging_mixin.py:188} INFO - [2025-11-02T18:37:42.736+0000] {dag.py:3036} INFO - Sync 1 DAGs
[2025-11-02T18:37:42.771+0000] {logging_mixin.py:188} INFO - [2025-11-02T18:37:42.770+0000] {dag.py:3823} INFO - Setting next_dagrun for example_params_ui_tutorial to None, run_after=None
[2025-11-02T18:37:42.908+0000] {processor.py:183} INFO - Processing /home/airflow/.local/lib/python3.8/site-packages/airflow/example_dags/example_params_ui_tutorial.py took 0.421 seconds
[2025-11-02T18:38:13.416+0000] {processor.py:161} INFO - Started process (PID=1545) to work on /home/airflow/.local/lib/python3.8/site-packages/airflow/example_dags/example_params_ui_tutorial.py
[2025-11-02T18:38:13.420+0000] {processor.py:830} INFO - Processing file /home/airflow/.local/lib/python3.8/site-packages/airflow/example_dags/example_params_ui_tutorial.py for tasks to queue
[2025-11-02T18:38:13.431+0000] {logging_mixin.py:188} INFO - [2025-11-02T18:38:13.428+0000] {dagbag.py:538} INFO - Filling up the DagBag from /home/airflow/.local/lib/python3.8/site-packages/airflow/example_dags/example_params_ui_tutorial.py
[2025-11-02T18:38:13.556+0000] {processor.py:840} INFO - DAG(s) 'example_params_ui_tutorial' retrieved from /home/airflow/.local/lib/python3.8/site-packages/airflow/example_dags/example_params_ui_tutorial.py
[2025-11-02T18:38:14.019+0000] {logging_mixin.py:188} INFO - [2025-11-02T18:38:14.018+0000] {dag.py:3036} INFO - Sync 1 DAGs
[2025-11-02T18:38:14.103+0000] {logging_mixin.py:188} INFO - [2025-11-02T18:38:14.102+0000] {dag.py:3823} INFO - Setting next_dagrun for example_params_ui_tutorial to None, run_after=None
[2025-11-02T18:38:14.254+0000] {processor.py:183} INFO - Processing /home/airflow/.local/lib/python3.8/site-packages/airflow/example_dags/example_params_ui_tutorial.py took 0.857 seconds
[2025-11-02T18:38:44.714+0000] {processor.py:161} INFO - Started process (PID=1600) to work on /home/airflow/.local/lib/python3.8/site-packages/airflow/example_dags/example_params_ui_tutorial.py
[2025-11-02T18:38:44.722+0000] {processor.py:830} INFO - Processing file /home/airflow/.local/lib/python3.8/site-packages/airflow/example_dags/example_params_ui_tutorial.py for tasks to queue
[2025-11-02T18:38:44.735+0000] {logging_mixin.py:188} INFO - [2025-11-02T18:38:44.734+0000] {dagbag.py:538} INFO - Filling up the DagBag from /home/airflow/.local/lib/python3.8/site-packages/airflow/example_dags/example_params_ui_tutorial.py
[2025-11-02T18:38:44.795+0000] {processor.py:840} INFO - DAG(s) 'example_params_ui_tutorial' retrieved from /home/airflow/.local/lib/python3.8/site-packages/airflow/example_dags/example_params_ui_tutorial.py
[2025-11-02T18:38:45.094+0000] {logging_mixin.py:188} INFO - [2025-11-02T18:38:45.093+0000] {dag.py:3036} INFO - Sync 1 DAGs
[2025-11-02T18:38:45.149+0000] {logging_mixin.py:188} INFO - [2025-11-02T18:38:45.148+0000] {dag.py:3823} INFO - Setting next_dagrun for example_params_ui_tutorial to None, run_after=None
[2025-11-02T18:38:45.214+0000] {processor.py:183} INFO - Processing /home/airflow/.local/lib/python3.8/site-packages/airflow/example_dags/example_params_ui_tutorial.py took 0.528 seconds
[2025-11-02T18:39:17.803+0000] {processor.py:161} INFO - Started process (PID=1655) to work on /home/airflow/.local/lib/python3.8/site-packages/airflow/example_dags/example_params_ui_tutorial.py
[2025-11-02T18:39:17.813+0000] {processor.py:830} INFO - Processing file /home/airflow/.local/lib/python3.8/site-packages/airflow/example_dags/example_params_ui_tutorial.py for tasks to queue
[2025-11-02T18:39:17.825+0000] {logging_mixin.py:188} INFO - [2025-11-02T18:39:17.824+0000] {dagbag.py:538} INFO - Filling up the DagBag from /home/airflow/.local/lib/python3.8/site-packages/airflow/example_dags/example_params_ui_tutorial.py
[2025-11-02T18:39:17.924+0000] {processor.py:840} INFO - DAG(s) 'example_params_ui_tutorial' retrieved from /home/airflow/.local/lib/python3.8/site-packages/airflow/example_dags/example_params_ui_tutorial.py
[2025-11-02T18:39:18.480+0000] {logging_mixin.py:188} INFO - [2025-11-02T18:39:18.480+0000] {dag.py:3036} INFO - Sync 1 DAGs
[2025-11-02T18:39:18.597+0000] {logging_mixin.py:188} INFO - [2025-11-02T18:39:18.596+0000] {dag.py:3823} INFO - Setting next_dagrun for example_params_ui_tutorial to None, run_after=None
[2025-11-02T18:39:18.819+0000] {processor.py:183} INFO - Processing /home/airflow/.local/lib/python3.8/site-packages/airflow/example_dags/example_params_ui_tutorial.py took 1.046 seconds
[2025-11-02T18:39:54.891+0000] {processor.py:161} INFO - Started process (PID=1716) to work on /home/airflow/.local/lib/python3.8/site-packages/airflow/example_dags/example_params_ui_tutorial.py
[2025-11-02T18:39:54.900+0000] {processor.py:830} INFO - Processing file /home/airflow/.local/lib/python3.8/site-packages/airflow/example_dags/example_params_ui_tutorial.py for tasks to queue
[2025-11-02T18:39:54.953+0000] {logging_mixin.py:188} INFO - [2025-11-02T18:39:54.951+0000] {dagbag.py:538} INFO - Filling up the DagBag from /home/airflow/.local/lib/python3.8/site-packages/airflow/example_dags/example_params_ui_tutorial.py
[2025-11-02T18:39:55.073+0000] {processor.py:840} INFO - DAG(s) 'example_params_ui_tutorial' retrieved from /home/airflow/.local/lib/python3.8/site-packages/airflow/example_dags/example_params_ui_tutorial.py
[2025-11-02T18:39:55.732+0000] {logging_mixin.py:188} INFO - [2025-11-02T18:39:55.731+0000] {dag.py:3036} INFO - Sync 1 DAGs
[2025-11-02T18:39:55.842+0000] {logging_mixin.py:188} INFO - [2025-11-02T18:39:55.841+0000] {dag.py:3823} INFO - Setting next_dagrun for example_params_ui_tutorial to None, run_after=None
[2025-11-02T18:39:55.924+0000] {processor.py:183} INFO - Processing /home/airflow/.local/lib/python3.8/site-packages/airflow/example_dags/example_params_ui_tutorial.py took 1.054 seconds
[2025-11-02T18:40:26.153+0000] {processor.py:161} INFO - Started process (PID=1771) to work on /home/airflow/.local/lib/python3.8/site-packages/airflow/example_dags/example_params_ui_tutorial.py
[2025-11-02T18:40:26.156+0000] {processor.py:830} INFO - Processing file /home/airflow/.local/lib/python3.8/site-packages/airflow/example_dags/example_params_ui_tutorial.py for tasks to queue
[2025-11-02T18:40:26.190+0000] {logging_mixin.py:188} INFO - [2025-11-02T18:40:26.189+0000] {dagbag.py:538} INFO - Filling up the DagBag from /home/airflow/.local/lib/python3.8/site-packages/airflow/example_dags/example_params_ui_tutorial.py
[2025-11-02T18:40:26.279+0000] {processor.py:840} INFO - DAG(s) 'example_params_ui_tutorial' retrieved from /home/airflow/.local/lib/python3.8/site-packages/airflow/example_dags/example_params_ui_tutorial.py
[2025-11-02T18:40:26.837+0000] {logging_mixin.py:188} INFO - [2025-11-02T18:40:26.831+0000] {dag.py:3036} INFO - Sync 1 DAGs
[2025-11-02T18:40:26.940+0000] {logging_mixin.py:188} INFO - [2025-11-02T18:40:26.939+0000] {dag.py:3823} INFO - Setting next_dagrun for example_params_ui_tutorial to None, run_after=None
[2025-11-02T18:40:27.154+0000] {processor.py:183} INFO - Processing /home/airflow/.local/lib/python3.8/site-packages/airflow/example_dags/example_params_ui_tutorial.py took 1.017 seconds
[2025-11-02T18:40:57.384+0000] {processor.py:161} INFO - Started process (PID=1826) to work on /home/airflow/.local/lib/python3.8/site-packages/airflow/example_dags/example_params_ui_tutorial.py
[2025-11-02T18:40:57.388+0000] {processor.py:830} INFO - Processing file /home/airflow/.local/lib/python3.8/site-packages/airflow/example_dags/example_params_ui_tutorial.py for tasks to queue
[2025-11-02T18:40:57.393+0000] {logging_mixin.py:188} INFO - [2025-11-02T18:40:57.392+0000] {dagbag.py:538} INFO - Filling up the DagBag from /home/airflow/.local/lib/python3.8/site-packages/airflow/example_dags/example_params_ui_tutorial.py
[2025-11-02T18:40:57.450+0000] {processor.py:840} INFO - DAG(s) 'example_params_ui_tutorial' retrieved from /home/airflow/.local/lib/python3.8/site-packages/airflow/example_dags/example_params_ui_tutorial.py
[2025-11-02T18:40:57.644+0000] {logging_mixin.py:188} INFO - [2025-11-02T18:40:57.644+0000] {dag.py:3036} INFO - Sync 1 DAGs
[2025-11-02T18:40:57.710+0000] {logging_mixin.py:188} INFO - [2025-11-02T18:40:57.709+0000] {dag.py:3823} INFO - Setting next_dagrun for example_params_ui_tutorial to None, run_after=None
[2025-11-02T18:40:57.800+0000] {processor.py:183} INFO - Processing /home/airflow/.local/lib/python3.8/site-packages/airflow/example_dags/example_params_ui_tutorial.py took 0.444 seconds
[2025-11-02T18:41:28.536+0000] {processor.py:161} INFO - Started process (PID=1881) to work on /home/airflow/.local/lib/python3.8/site-packages/airflow/example_dags/example_params_ui_tutorial.py
[2025-11-02T18:41:28.539+0000] {processor.py:830} INFO - Processing file /home/airflow/.local/lib/python3.8/site-packages/airflow/example_dags/example_params_ui_tutorial.py for tasks to queue
[2025-11-02T18:41:28.545+0000] {logging_mixin.py:188} INFO - [2025-11-02T18:41:28.544+0000] {dagbag.py:538} INFO - Filling up the DagBag from /home/airflow/.local/lib/python3.8/site-packages/airflow/example_dags/example_params_ui_tutorial.py
[2025-11-02T18:41:28.599+0000] {processor.py:840} INFO - DAG(s) 'example_params_ui_tutorial' retrieved from /home/airflow/.local/lib/python3.8/site-packages/airflow/example_dags/example_params_ui_tutorial.py
[2025-11-02T18:41:28.849+0000] {logging_mixin.py:188} INFO - [2025-11-02T18:41:28.849+0000] {dag.py:3036} INFO - Sync 1 DAGs
[2025-11-02T18:41:28.898+0000] {logging_mixin.py:188} INFO - [2025-11-02T18:41:28.897+0000] {dag.py:3823} INFO - Setting next_dagrun for example_params_ui_tutorial to None, run_after=None
[2025-11-02T18:41:28.961+0000] {processor.py:183} INFO - Processing /home/airflow/.local/lib/python3.8/site-packages/airflow/example_dags/example_params_ui_tutorial.py took 0.436 seconds
[2025-11-02T18:42:02.679+0000] {processor.py:161} INFO - Started process (PID=1937) to work on /home/airflow/.local/lib/python3.8/site-packages/airflow/example_dags/example_params_ui_tutorial.py
[2025-11-02T18:42:02.682+0000] {processor.py:830} INFO - Processing file /home/airflow/.local/lib/python3.8/site-packages/airflow/example_dags/example_params_ui_tutorial.py for tasks to queue
[2025-11-02T18:42:02.689+0000] {logging_mixin.py:188} INFO - [2025-11-02T18:42:02.688+0000] {dagbag.py:538} INFO - Filling up the DagBag from /home/airflow/.local/lib/python3.8/site-packages/airflow/example_dags/example_params_ui_tutorial.py
[2025-11-02T18:42:02.768+0000] {processor.py:840} INFO - DAG(s) 'example_params_ui_tutorial' retrieved from /home/airflow/.local/lib/python3.8/site-packages/airflow/example_dags/example_params_ui_tutorial.py
[2025-11-02T18:42:03.153+0000] {logging_mixin.py:188} INFO - [2025-11-02T18:42:03.153+0000] {dag.py:3036} INFO - Sync 1 DAGs
[2025-11-02T18:42:03.196+0000] {logging_mixin.py:188} INFO - [2025-11-02T18:42:03.195+0000] {dag.py:3823} INFO - Setting next_dagrun for example_params_ui_tutorial to None, run_after=None
[2025-11-02T18:42:03.290+0000] {processor.py:183} INFO - Processing /home/airflow/.local/lib/python3.8/site-packages/airflow/example_dags/example_params_ui_tutorial.py took 0.625 seconds
[2025-11-02T18:42:33.404+0000] {processor.py:161} INFO - Started process (PID=1993) to work on /home/airflow/.local/lib/python3.8/site-packages/airflow/example_dags/example_params_ui_tutorial.py
[2025-11-02T18:42:33.407+0000] {processor.py:830} INFO - Processing file /home/airflow/.local/lib/python3.8/site-packages/airflow/example_dags/example_params_ui_tutorial.py for tasks to queue
[2025-11-02T18:42:33.416+0000] {logging_mixin.py:188} INFO - [2025-11-02T18:42:33.415+0000] {dagbag.py:538} INFO - Filling up the DagBag from /home/airflow/.local/lib/python3.8/site-packages/airflow/example_dags/example_params_ui_tutorial.py
[2025-11-02T18:42:33.456+0000] {processor.py:840} INFO - DAG(s) 'example_params_ui_tutorial' retrieved from /home/airflow/.local/lib/python3.8/site-packages/airflow/example_dags/example_params_ui_tutorial.py
[2025-11-02T18:42:33.672+0000] {logging_mixin.py:188} INFO - [2025-11-02T18:42:33.671+0000] {dag.py:3036} INFO - Sync 1 DAGs
[2025-11-02T18:42:33.708+0000] {logging_mixin.py:188} INFO - [2025-11-02T18:42:33.708+0000] {dag.py:3823} INFO - Setting next_dagrun for example_params_ui_tutorial to None, run_after=None
[2025-11-02T18:42:33.798+0000] {processor.py:183} INFO - Processing /home/airflow/.local/lib/python3.8/site-packages/airflow/example_dags/example_params_ui_tutorial.py took 0.407 seconds
[2025-11-02T18:43:05.260+0000] {processor.py:161} INFO - Started process (PID=2046) to work on /home/airflow/.local/lib/python3.8/site-packages/airflow/example_dags/example_params_ui_tutorial.py
[2025-11-02T18:43:05.264+0000] {processor.py:830} INFO - Processing file /home/airflow/.local/lib/python3.8/site-packages/airflow/example_dags/example_params_ui_tutorial.py for tasks to queue
[2025-11-02T18:43:05.271+0000] {logging_mixin.py:188} INFO - [2025-11-02T18:43:05.270+0000] {dagbag.py:538} INFO - Filling up the DagBag from /home/airflow/.local/lib/python3.8/site-packages/airflow/example_dags/example_params_ui_tutorial.py
[2025-11-02T18:43:05.316+0000] {processor.py:840} INFO - DAG(s) 'example_params_ui_tutorial' retrieved from /home/airflow/.local/lib/python3.8/site-packages/airflow/example_dags/example_params_ui_tutorial.py
[2025-11-02T18:43:05.509+0000] {logging_mixin.py:188} INFO - [2025-11-02T18:43:05.509+0000] {dag.py:3036} INFO - Sync 1 DAGs
[2025-11-02T18:43:05.546+0000] {logging_mixin.py:188} INFO - [2025-11-02T18:43:05.545+0000] {dag.py:3823} INFO - Setting next_dagrun for example_params_ui_tutorial to None, run_after=None
[2025-11-02T18:43:05.627+0000] {processor.py:183} INFO - Processing /home/airflow/.local/lib/python3.8/site-packages/airflow/example_dags/example_params_ui_tutorial.py took 0.382 seconds
[2025-11-02T18:43:36.387+0000] {processor.py:161} INFO - Started process (PID=2101) to work on /home/airflow/.local/lib/python3.8/site-packages/airflow/example_dags/example_params_ui_tutorial.py
[2025-11-02T18:43:36.396+0000] {processor.py:830} INFO - Processing file /home/airflow/.local/lib/python3.8/site-packages/airflow/example_dags/example_params_ui_tutorial.py for tasks to queue
[2025-11-02T18:43:36.404+0000] {logging_mixin.py:188} INFO - [2025-11-02T18:43:36.402+0000] {dagbag.py:538} INFO - Filling up the DagBag from /home/airflow/.local/lib/python3.8/site-packages/airflow/example_dags/example_params_ui_tutorial.py
[2025-11-02T18:43:36.486+0000] {processor.py:840} INFO - DAG(s) 'example_params_ui_tutorial' retrieved from /home/airflow/.local/lib/python3.8/site-packages/airflow/example_dags/example_params_ui_tutorial.py
[2025-11-02T18:43:36.951+0000] {logging_mixin.py:188} INFO - [2025-11-02T18:43:36.950+0000] {dag.py:3036} INFO - Sync 1 DAGs
[2025-11-02T18:43:37.044+0000] {logging_mixin.py:188} INFO - [2025-11-02T18:43:37.043+0000] {dag.py:3823} INFO - Setting next_dagrun for example_params_ui_tutorial to None, run_after=None
[2025-11-02T18:43:37.191+0000] {processor.py:183} INFO - Processing /home/airflow/.local/lib/python3.8/site-packages/airflow/example_dags/example_params_ui_tutorial.py took 0.820 seconds
[2025-11-02T18:44:07.806+0000] {processor.py:161} INFO - Started process (PID=2156) to work on /home/airflow/.local/lib/python3.8/site-packages/airflow/example_dags/example_params_ui_tutorial.py
[2025-11-02T18:44:07.812+0000] {processor.py:830} INFO - Processing file /home/airflow/.local/lib/python3.8/site-packages/airflow/example_dags/example_params_ui_tutorial.py for tasks to queue
[2025-11-02T18:44:07.820+0000] {logging_mixin.py:188} INFO - [2025-11-02T18:44:07.819+0000] {dagbag.py:538} INFO - Filling up the DagBag from /home/airflow/.local/lib/python3.8/site-packages/airflow/example_dags/example_params_ui_tutorial.py
[2025-11-02T18:44:07.882+0000] {processor.py:840} INFO - DAG(s) 'example_params_ui_tutorial' retrieved from /home/airflow/.local/lib/python3.8/site-packages/airflow/example_dags/example_params_ui_tutorial.py
[2025-11-02T18:44:08.264+0000] {logging_mixin.py:188} INFO - [2025-11-02T18:44:08.264+0000] {dag.py:3036} INFO - Sync 1 DAGs
[2025-11-02T18:44:08.308+0000] {logging_mixin.py:188} INFO - [2025-11-02T18:44:08.308+0000] {dag.py:3823} INFO - Setting next_dagrun for example_params_ui_tutorial to None, run_after=None
[2025-11-02T18:44:08.426+0000] {processor.py:183} INFO - Processing /home/airflow/.local/lib/python3.8/site-packages/airflow/example_dags/example_params_ui_tutorial.py took 0.636 seconds
[2025-11-02T18:44:38.770+0000] {processor.py:161} INFO - Started process (PID=2209) to work on /home/airflow/.local/lib/python3.8/site-packages/airflow/example_dags/example_params_ui_tutorial.py
[2025-11-02T18:44:38.774+0000] {processor.py:830} INFO - Processing file /home/airflow/.local/lib/python3.8/site-packages/airflow/example_dags/example_params_ui_tutorial.py for tasks to queue
[2025-11-02T18:44:38.789+0000] {logging_mixin.py:188} INFO - [2025-11-02T18:44:38.787+0000] {dagbag.py:538} INFO - Filling up the DagBag from /home/airflow/.local/lib/python3.8/site-packages/airflow/example_dags/example_params_ui_tutorial.py
[2025-11-02T18:44:38.883+0000] {processor.py:840} INFO - DAG(s) 'example_params_ui_tutorial' retrieved from /home/airflow/.local/lib/python3.8/site-packages/airflow/example_dags/example_params_ui_tutorial.py
[2025-11-02T18:44:39.148+0000] {logging_mixin.py:188} INFO - [2025-11-02T18:44:39.147+0000] {dag.py:3036} INFO - Sync 1 DAGs
[2025-11-02T18:44:39.203+0000] {logging_mixin.py:188} INFO - [2025-11-02T18:44:39.202+0000] {dag.py:3823} INFO - Setting next_dagrun for example_params_ui_tutorial to None, run_after=None
[2025-11-02T18:44:39.355+0000] {processor.py:183} INFO - Processing /home/airflow/.local/lib/python3.8/site-packages/airflow/example_dags/example_params_ui_tutorial.py took 0.595 seconds
[2025-11-02T18:45:09.462+0000] {processor.py:161} INFO - Started process (PID=2264) to work on /home/airflow/.local/lib/python3.8/site-packages/airflow/example_dags/example_params_ui_tutorial.py
[2025-11-02T18:45:09.464+0000] {processor.py:830} INFO - Processing file /home/airflow/.local/lib/python3.8/site-packages/airflow/example_dags/example_params_ui_tutorial.py for tasks to queue
[2025-11-02T18:45:09.468+0000] {logging_mixin.py:188} INFO - [2025-11-02T18:45:09.468+0000] {dagbag.py:538} INFO - Filling up the DagBag from /home/airflow/.local/lib/python3.8/site-packages/airflow/example_dags/example_params_ui_tutorial.py
[2025-11-02T18:45:09.493+0000] {processor.py:840} INFO - DAG(s) 'example_params_ui_tutorial' retrieved from /home/airflow/.local/lib/python3.8/site-packages/airflow/example_dags/example_params_ui_tutorial.py
[2025-11-02T18:45:09.629+0000] {logging_mixin.py:188} INFO - [2025-11-02T18:45:09.629+0000] {dag.py:3036} INFO - Sync 1 DAGs
[2025-11-02T18:45:09.653+0000] {logging_mixin.py:188} INFO - [2025-11-02T18:45:09.652+0000] {dag.py:3823} INFO - Setting next_dagrun for example_params_ui_tutorial to None, run_after=None
[2025-11-02T18:45:09.692+0000] {processor.py:183} INFO - Processing /home/airflow/.local/lib/python3.8/site-packages/airflow/example_dags/example_params_ui_tutorial.py took 0.238 seconds
[2025-11-02T18:45:39.998+0000] {processor.py:161} INFO - Started process (PID=2319) to work on /home/airflow/.local/lib/python3.8/site-packages/airflow/example_dags/example_params_ui_tutorial.py
[2025-11-02T18:45:40.000+0000] {processor.py:830} INFO - Processing file /home/airflow/.local/lib/python3.8/site-packages/airflow/example_dags/example_params_ui_tutorial.py for tasks to queue
[2025-11-02T18:45:40.004+0000] {logging_mixin.py:188} INFO - [2025-11-02T18:45:40.004+0000] {dagbag.py:538} INFO - Filling up the DagBag from /home/airflow/.local/lib/python3.8/site-packages/airflow/example_dags/example_params_ui_tutorial.py
[2025-11-02T18:45:40.030+0000] {processor.py:840} INFO - DAG(s) 'example_params_ui_tutorial' retrieved from /home/airflow/.local/lib/python3.8/site-packages/airflow/example_dags/example_params_ui_tutorial.py
[2025-11-02T18:45:40.141+0000] {logging_mixin.py:188} INFO - [2025-11-02T18:45:40.141+0000] {dag.py:3036} INFO - Sync 1 DAGs
[2025-11-02T18:45:40.167+0000] {logging_mixin.py:188} INFO - [2025-11-02T18:45:40.166+0000] {dag.py:3823} INFO - Setting next_dagrun for example_params_ui_tutorial to None, run_after=None
[2025-11-02T18:45:40.206+0000] {processor.py:183} INFO - Processing /home/airflow/.local/lib/python3.8/site-packages/airflow/example_dags/example_params_ui_tutorial.py took 0.216 seconds
[2025-11-02T18:46:10.480+0000] {processor.py:161} INFO - Started process (PID=2374) to work on /home/airflow/.local/lib/python3.8/site-packages/airflow/example_dags/example_params_ui_tutorial.py
[2025-11-02T18:46:10.647+0000] {processor.py:830} INFO - Processing file /home/airflow/.local/lib/python3.8/site-packages/airflow/example_dags/example_params_ui_tutorial.py for tasks to queue
[2025-11-02T18:46:10.657+0000] {logging_mixin.py:188} INFO - [2025-11-02T18:46:10.656+0000] {dagbag.py:538} INFO - Filling up the DagBag from /home/airflow/.local/lib/python3.8/site-packages/airflow/example_dags/example_params_ui_tutorial.py
[2025-11-02T18:46:10.700+0000] {processor.py:840} INFO - DAG(s) 'example_params_ui_tutorial' retrieved from /home/airflow/.local/lib/python3.8/site-packages/airflow/example_dags/example_params_ui_tutorial.py
[2025-11-02T18:46:11.112+0000] {logging_mixin.py:188} INFO - [2025-11-02T18:46:11.112+0000] {dag.py:3036} INFO - Sync 1 DAGs
[2025-11-02T18:46:11.161+0000] {logging_mixin.py:188} INFO - [2025-11-02T18:46:11.161+0000] {dag.py:3823} INFO - Setting next_dagrun for example_params_ui_tutorial to None, run_after=None
[2025-11-02T18:46:11.206+0000] {processor.py:183} INFO - Processing /home/airflow/.local/lib/python3.8/site-packages/airflow/example_dags/example_params_ui_tutorial.py took 0.592 seconds
[2025-11-02T18:46:41.623+0000] {processor.py:161} INFO - Started process (PID=2429) to work on /home/airflow/.local/lib/python3.8/site-packages/airflow/example_dags/example_params_ui_tutorial.py
[2025-11-02T18:46:41.625+0000] {processor.py:830} INFO - Processing file /home/airflow/.local/lib/python3.8/site-packages/airflow/example_dags/example_params_ui_tutorial.py for tasks to queue
[2025-11-02T18:46:41.632+0000] {logging_mixin.py:188} INFO - [2025-11-02T18:46:41.631+0000] {dagbag.py:538} INFO - Filling up the DagBag from /home/airflow/.local/lib/python3.8/site-packages/airflow/example_dags/example_params_ui_tutorial.py
[2025-11-02T18:46:41.665+0000] {processor.py:840} INFO - DAG(s) 'example_params_ui_tutorial' retrieved from /home/airflow/.local/lib/python3.8/site-packages/airflow/example_dags/example_params_ui_tutorial.py
[2025-11-02T18:46:41.784+0000] {logging_mixin.py:188} INFO - [2025-11-02T18:46:41.784+0000] {dag.py:3036} INFO - Sync 1 DAGs
[2025-11-02T18:46:41.809+0000] {logging_mixin.py:188} INFO - [2025-11-02T18:46:41.809+0000] {dag.py:3823} INFO - Setting next_dagrun for example_params_ui_tutorial to None, run_after=None
[2025-11-02T18:46:41.850+0000] {processor.py:183} INFO - Processing /home/airflow/.local/lib/python3.8/site-packages/airflow/example_dags/example_params_ui_tutorial.py took 0.237 seconds
[2025-11-02T18:47:12.627+0000] {processor.py:161} INFO - Started process (PID=2485) to work on /home/airflow/.local/lib/python3.8/site-packages/airflow/example_dags/example_params_ui_tutorial.py
[2025-11-02T18:47:12.630+0000] {processor.py:830} INFO - Processing file /home/airflow/.local/lib/python3.8/site-packages/airflow/example_dags/example_params_ui_tutorial.py for tasks to queue
[2025-11-02T18:47:12.638+0000] {logging_mixin.py:188} INFO - [2025-11-02T18:47:12.637+0000] {dagbag.py:538} INFO - Filling up the DagBag from /home/airflow/.local/lib/python3.8/site-packages/airflow/example_dags/example_params_ui_tutorial.py
[2025-11-02T18:47:12.676+0000] {processor.py:840} INFO - DAG(s) 'example_params_ui_tutorial' retrieved from /home/airflow/.local/lib/python3.8/site-packages/airflow/example_dags/example_params_ui_tutorial.py
[2025-11-02T18:47:12.822+0000] {logging_mixin.py:188} INFO - [2025-11-02T18:47:12.821+0000] {dag.py:3036} INFO - Sync 1 DAGs
[2025-11-02T18:47:12.857+0000] {logging_mixin.py:188} INFO - [2025-11-02T18:47:12.857+0000] {dag.py:3823} INFO - Setting next_dagrun for example_params_ui_tutorial to None, run_after=None
[2025-11-02T18:47:12.908+0000] {processor.py:183} INFO - Processing /home/airflow/.local/lib/python3.8/site-packages/airflow/example_dags/example_params_ui_tutorial.py took 0.293 seconds
[2025-11-02T18:47:43.403+0000] {processor.py:161} INFO - Started process (PID=2540) to work on /home/airflow/.local/lib/python3.8/site-packages/airflow/example_dags/example_params_ui_tutorial.py
[2025-11-02T18:47:43.408+0000] {processor.py:830} INFO - Processing file /home/airflow/.local/lib/python3.8/site-packages/airflow/example_dags/example_params_ui_tutorial.py for tasks to queue
[2025-11-02T18:47:43.424+0000] {logging_mixin.py:188} INFO - [2025-11-02T18:47:43.423+0000] {dagbag.py:538} INFO - Filling up the DagBag from /home/airflow/.local/lib/python3.8/site-packages/airflow/example_dags/example_params_ui_tutorial.py
[2025-11-02T18:47:43.487+0000] {processor.py:840} INFO - DAG(s) 'example_params_ui_tutorial' retrieved from /home/airflow/.local/lib/python3.8/site-packages/airflow/example_dags/example_params_ui_tutorial.py
[2025-11-02T18:47:43.743+0000] {logging_mixin.py:188} INFO - [2025-11-02T18:47:43.743+0000] {dag.py:3036} INFO - Sync 1 DAGs
[2025-11-02T18:47:43.804+0000] {logging_mixin.py:188} INFO - [2025-11-02T18:47:43.803+0000] {dag.py:3823} INFO - Setting next_dagrun for example_params_ui_tutorial to None, run_after=None
[2025-11-02T18:47:43.858+0000] {processor.py:183} INFO - Processing /home/airflow/.local/lib/python3.8/site-packages/airflow/example_dags/example_params_ui_tutorial.py took 0.471 seconds
[2025-11-02T18:48:14.024+0000] {processor.py:161} INFO - Started process (PID=2594) to work on /home/airflow/.local/lib/python3.8/site-packages/airflow/example_dags/example_params_ui_tutorial.py
[2025-11-02T18:48:14.026+0000] {processor.py:830} INFO - Processing file /home/airflow/.local/lib/python3.8/site-packages/airflow/example_dags/example_params_ui_tutorial.py for tasks to queue
[2025-11-02T18:48:14.034+0000] {logging_mixin.py:188} INFO - [2025-11-02T18:48:14.033+0000] {dagbag.py:538} INFO - Filling up the DagBag from /home/airflow/.local/lib/python3.8/site-packages/airflow/example_dags/example_params_ui_tutorial.py
[2025-11-02T18:48:14.077+0000] {processor.py:840} INFO - DAG(s) 'example_params_ui_tutorial' retrieved from /home/airflow/.local/lib/python3.8/site-packages/airflow/example_dags/example_params_ui_tutorial.py
[2025-11-02T18:48:14.223+0000] {logging_mixin.py:188} INFO - [2025-11-02T18:48:14.222+0000] {dag.py:3036} INFO - Sync 1 DAGs
[2025-11-02T18:48:14.258+0000] {logging_mixin.py:188} INFO - [2025-11-02T18:48:14.258+0000] {dag.py:3823} INFO - Setting next_dagrun for example_params_ui_tutorial to None, run_after=None
[2025-11-02T18:48:14.298+0000] {processor.py:183} INFO - Processing /home/airflow/.local/lib/python3.8/site-packages/airflow/example_dags/example_params_ui_tutorial.py took 0.285 seconds
[2025-11-02T18:48:44.845+0000] {processor.py:161} INFO - Started process (PID=2649) to work on /home/airflow/.local/lib/python3.8/site-packages/airflow/example_dags/example_params_ui_tutorial.py
[2025-11-02T18:48:44.847+0000] {processor.py:830} INFO - Processing file /home/airflow/.local/lib/python3.8/site-packages/airflow/example_dags/example_params_ui_tutorial.py for tasks to queue
[2025-11-02T18:48:44.853+0000] {logging_mixin.py:188} INFO - [2025-11-02T18:48:44.852+0000] {dagbag.py:538} INFO - Filling up the DagBag from /home/airflow/.local/lib/python3.8/site-packages/airflow/example_dags/example_params_ui_tutorial.py
[2025-11-02T18:48:44.887+0000] {processor.py:840} INFO - DAG(s) 'example_params_ui_tutorial' retrieved from /home/airflow/.local/lib/python3.8/site-packages/airflow/example_dags/example_params_ui_tutorial.py
[2025-11-02T18:48:45.056+0000] {logging_mixin.py:188} INFO - [2025-11-02T18:48:45.055+0000] {dag.py:3036} INFO - Sync 1 DAGs
[2025-11-02T18:48:45.094+0000] {logging_mixin.py:188} INFO - [2025-11-02T18:48:45.094+0000] {dag.py:3823} INFO - Setting next_dagrun for example_params_ui_tutorial to None, run_after=None
[2025-11-02T18:48:45.147+0000] {processor.py:183} INFO - Processing /home/airflow/.local/lib/python3.8/site-packages/airflow/example_dags/example_params_ui_tutorial.py took 0.313 seconds
[2025-11-02T18:49:16.522+0000] {processor.py:161} INFO - Started process (PID=2705) to work on /home/airflow/.local/lib/python3.8/site-packages/airflow/example_dags/example_params_ui_tutorial.py
[2025-11-02T18:49:16.527+0000] {processor.py:830} INFO - Processing file /home/airflow/.local/lib/python3.8/site-packages/airflow/example_dags/example_params_ui_tutorial.py for tasks to queue
[2025-11-02T18:49:16.536+0000] {logging_mixin.py:188} INFO - [2025-11-02T18:49:16.535+0000] {dagbag.py:538} INFO - Filling up the DagBag from /home/airflow/.local/lib/python3.8/site-packages/airflow/example_dags/example_params_ui_tutorial.py
[2025-11-02T18:49:16.579+0000] {processor.py:840} INFO - DAG(s) 'example_params_ui_tutorial' retrieved from /home/airflow/.local/lib/python3.8/site-packages/airflow/example_dags/example_params_ui_tutorial.py
[2025-11-02T18:49:16.769+0000] {logging_mixin.py:188} INFO - [2025-11-02T18:49:16.769+0000] {dag.py:3036} INFO - Sync 1 DAGs
[2025-11-02T18:49:17.219+0000] {logging_mixin.py:188} INFO - [2025-11-02T18:49:17.218+0000] {dag.py:3823} INFO - Setting next_dagrun for example_params_ui_tutorial to None, run_after=None
[2025-11-02T18:49:17.300+0000] {processor.py:183} INFO - Processing /home/airflow/.local/lib/python3.8/site-packages/airflow/example_dags/example_params_ui_tutorial.py took 0.791 seconds
[2025-11-02T18:49:47.533+0000] {processor.py:161} INFO - Started process (PID=2760) to work on /home/airflow/.local/lib/python3.8/site-packages/airflow/example_dags/example_params_ui_tutorial.py
[2025-11-02T18:49:47.537+0000] {processor.py:830} INFO - Processing file /home/airflow/.local/lib/python3.8/site-packages/airflow/example_dags/example_params_ui_tutorial.py for tasks to queue
[2025-11-02T18:49:47.544+0000] {logging_mixin.py:188} INFO - [2025-11-02T18:49:47.543+0000] {dagbag.py:538} INFO - Filling up the DagBag from /home/airflow/.local/lib/python3.8/site-packages/airflow/example_dags/example_params_ui_tutorial.py
[2025-11-02T18:49:47.573+0000] {processor.py:840} INFO - DAG(s) 'example_params_ui_tutorial' retrieved from /home/airflow/.local/lib/python3.8/site-packages/airflow/example_dags/example_params_ui_tutorial.py
[2025-11-02T18:49:47.727+0000] {logging_mixin.py:188} INFO - [2025-11-02T18:49:47.727+0000] {dag.py:3036} INFO - Sync 1 DAGs
[2025-11-02T18:49:47.773+0000] {logging_mixin.py:188} INFO - [2025-11-02T18:49:47.772+0000] {dag.py:3823} INFO - Setting next_dagrun for example_params_ui_tutorial to None, run_after=None
[2025-11-02T18:49:48.120+0000] {processor.py:183} INFO - Processing /home/airflow/.local/lib/python3.8/site-packages/airflow/example_dags/example_params_ui_tutorial.py took 0.598 seconds
[2025-11-02T18:50:18.500+0000] {processor.py:161} INFO - Started process (PID=2815) to work on /home/airflow/.local/lib/python3.8/site-packages/airflow/example_dags/example_params_ui_tutorial.py
[2025-11-02T18:50:18.503+0000] {processor.py:830} INFO - Processing file /home/airflow/.local/lib/python3.8/site-packages/airflow/example_dags/example_params_ui_tutorial.py for tasks to queue
[2025-11-02T18:50:18.510+0000] {logging_mixin.py:188} INFO - [2025-11-02T18:50:18.509+0000] {dagbag.py:538} INFO - Filling up the DagBag from /home/airflow/.local/lib/python3.8/site-packages/airflow/example_dags/example_params_ui_tutorial.py
[2025-11-02T18:50:18.546+0000] {processor.py:840} INFO - DAG(s) 'example_params_ui_tutorial' retrieved from /home/airflow/.local/lib/python3.8/site-packages/airflow/example_dags/example_params_ui_tutorial.py
[2025-11-02T18:50:18.701+0000] {logging_mixin.py:188} INFO - [2025-11-02T18:50:18.701+0000] {dag.py:3036} INFO - Sync 1 DAGs
[2025-11-02T18:50:18.729+0000] {logging_mixin.py:188} INFO - [2025-11-02T18:50:18.729+0000] {dag.py:3823} INFO - Setting next_dagrun for example_params_ui_tutorial to None, run_after=None
[2025-11-02T18:50:18.783+0000] {processor.py:183} INFO - Processing /home/airflow/.local/lib/python3.8/site-packages/airflow/example_dags/example_params_ui_tutorial.py took 0.294 seconds
[2025-11-02T18:50:49.272+0000] {processor.py:161} INFO - Started process (PID=2870) to work on /home/airflow/.local/lib/python3.8/site-packages/airflow/example_dags/example_params_ui_tutorial.py
[2025-11-02T18:50:49.274+0000] {processor.py:830} INFO - Processing file /home/airflow/.local/lib/python3.8/site-packages/airflow/example_dags/example_params_ui_tutorial.py for tasks to queue
[2025-11-02T18:50:49.280+0000] {logging_mixin.py:188} INFO - [2025-11-02T18:50:49.279+0000] {dagbag.py:538} INFO - Filling up the DagBag from /home/airflow/.local/lib/python3.8/site-packages/airflow/example_dags/example_params_ui_tutorial.py
[2025-11-02T18:50:49.644+0000] {processor.py:840} INFO - DAG(s) 'example_params_ui_tutorial' retrieved from /home/airflow/.local/lib/python3.8/site-packages/airflow/example_dags/example_params_ui_tutorial.py
[2025-11-02T18:50:49.982+0000] {logging_mixin.py:188} INFO - [2025-11-02T18:50:49.982+0000] {dag.py:3036} INFO - Sync 1 DAGs
[2025-11-02T18:50:50.011+0000] {logging_mixin.py:188} INFO - [2025-11-02T18:50:50.011+0000] {dag.py:3823} INFO - Setting next_dagrun for example_params_ui_tutorial to None, run_after=None
[2025-11-02T18:50:50.066+0000] {processor.py:183} INFO - Processing /home/airflow/.local/lib/python3.8/site-packages/airflow/example_dags/example_params_ui_tutorial.py took 0.808 seconds
[2025-11-02T18:51:20.414+0000] {processor.py:161} INFO - Started process (PID=2925) to work on /home/airflow/.local/lib/python3.8/site-packages/airflow/example_dags/example_params_ui_tutorial.py
[2025-11-02T18:51:20.418+0000] {processor.py:830} INFO - Processing file /home/airflow/.local/lib/python3.8/site-packages/airflow/example_dags/example_params_ui_tutorial.py for tasks to queue
[2025-11-02T18:51:20.430+0000] {logging_mixin.py:188} INFO - [2025-11-02T18:51:20.429+0000] {dagbag.py:538} INFO - Filling up the DagBag from /home/airflow/.local/lib/python3.8/site-packages/airflow/example_dags/example_params_ui_tutorial.py
[2025-11-02T18:51:20.490+0000] {processor.py:840} INFO - DAG(s) 'example_params_ui_tutorial' retrieved from /home/airflow/.local/lib/python3.8/site-packages/airflow/example_dags/example_params_ui_tutorial.py
[2025-11-02T18:51:20.717+0000] {logging_mixin.py:188} INFO - [2025-11-02T18:51:20.717+0000] {dag.py:3036} INFO - Sync 1 DAGs
[2025-11-02T18:51:20.751+0000] {logging_mixin.py:188} INFO - [2025-11-02T18:51:20.750+0000] {dag.py:3823} INFO - Setting next_dagrun for example_params_ui_tutorial to None, run_after=None
[2025-11-02T18:51:20.804+0000] {processor.py:183} INFO - Processing /home/airflow/.local/lib/python3.8/site-packages/airflow/example_dags/example_params_ui_tutorial.py took 0.402 seconds
[2025-11-02T18:51:51.496+0000] {processor.py:161} INFO - Started process (PID=2980) to work on /home/airflow/.local/lib/python3.8/site-packages/airflow/example_dags/example_params_ui_tutorial.py
[2025-11-02T18:51:51.499+0000] {processor.py:830} INFO - Processing file /home/airflow/.local/lib/python3.8/site-packages/airflow/example_dags/example_params_ui_tutorial.py for tasks to queue
[2025-11-02T18:51:51.506+0000] {logging_mixin.py:188} INFO - [2025-11-02T18:51:51.505+0000] {dagbag.py:538} INFO - Filling up the DagBag from /home/airflow/.local/lib/python3.8/site-packages/airflow/example_dags/example_params_ui_tutorial.py
[2025-11-02T18:51:51.554+0000] {processor.py:840} INFO - DAG(s) 'example_params_ui_tutorial' retrieved from /home/airflow/.local/lib/python3.8/site-packages/airflow/example_dags/example_params_ui_tutorial.py
[2025-11-02T18:51:51.707+0000] {logging_mixin.py:188} INFO - [2025-11-02T18:51:51.706+0000] {dag.py:3036} INFO - Sync 1 DAGs
[2025-11-02T18:51:51.761+0000] {logging_mixin.py:188} INFO - [2025-11-02T18:51:51.760+0000] {dag.py:3823} INFO - Setting next_dagrun for example_params_ui_tutorial to None, run_after=None
[2025-11-02T18:51:51.817+0000] {processor.py:183} INFO - Processing /home/airflow/.local/lib/python3.8/site-packages/airflow/example_dags/example_params_ui_tutorial.py took 0.333 seconds
[2025-11-02T18:52:22.451+0000] {processor.py:161} INFO - Started process (PID=3035) to work on /home/airflow/.local/lib/python3.8/site-packages/airflow/example_dags/example_params_ui_tutorial.py
[2025-11-02T18:52:22.454+0000] {processor.py:830} INFO - Processing file /home/airflow/.local/lib/python3.8/site-packages/airflow/example_dags/example_params_ui_tutorial.py for tasks to queue
[2025-11-02T18:52:22.461+0000] {logging_mixin.py:188} INFO - [2025-11-02T18:52:22.460+0000] {dagbag.py:538} INFO - Filling up the DagBag from /home/airflow/.local/lib/python3.8/site-packages/airflow/example_dags/example_params_ui_tutorial.py
[2025-11-02T18:52:22.499+0000] {processor.py:840} INFO - DAG(s) 'example_params_ui_tutorial' retrieved from /home/airflow/.local/lib/python3.8/site-packages/airflow/example_dags/example_params_ui_tutorial.py
[2025-11-02T18:52:22.687+0000] {logging_mixin.py:188} INFO - [2025-11-02T18:52:22.687+0000] {dag.py:3036} INFO - Sync 1 DAGs
[2025-11-02T18:52:22.730+0000] {logging_mixin.py:188} INFO - [2025-11-02T18:52:22.730+0000] {dag.py:3823} INFO - Setting next_dagrun for example_params_ui_tutorial to None, run_after=None
[2025-11-02T18:52:22.791+0000] {processor.py:183} INFO - Processing /home/airflow/.local/lib/python3.8/site-packages/airflow/example_dags/example_params_ui_tutorial.py took 0.353 seconds
[2025-11-02T18:52:53.062+0000] {processor.py:161} INFO - Started process (PID=3090) to work on /home/airflow/.local/lib/python3.8/site-packages/airflow/example_dags/example_params_ui_tutorial.py
[2025-11-02T18:52:53.064+0000] {processor.py:830} INFO - Processing file /home/airflow/.local/lib/python3.8/site-packages/airflow/example_dags/example_params_ui_tutorial.py for tasks to queue
[2025-11-02T18:52:53.070+0000] {logging_mixin.py:188} INFO - [2025-11-02T18:52:53.069+0000] {dagbag.py:538} INFO - Filling up the DagBag from /home/airflow/.local/lib/python3.8/site-packages/airflow/example_dags/example_params_ui_tutorial.py
[2025-11-02T18:52:53.101+0000] {processor.py:840} INFO - DAG(s) 'example_params_ui_tutorial' retrieved from /home/airflow/.local/lib/python3.8/site-packages/airflow/example_dags/example_params_ui_tutorial.py
[2025-11-02T18:52:53.268+0000] {logging_mixin.py:188} INFO - [2025-11-02T18:52:53.267+0000] {dag.py:3036} INFO - Sync 1 DAGs
[2025-11-02T18:52:53.306+0000] {logging_mixin.py:188} INFO - [2025-11-02T18:52:53.305+0000] {dag.py:3823} INFO - Setting next_dagrun for example_params_ui_tutorial to None, run_after=None
[2025-11-02T18:52:53.358+0000] {processor.py:183} INFO - Processing /home/airflow/.local/lib/python3.8/site-packages/airflow/example_dags/example_params_ui_tutorial.py took 0.304 seconds
[2025-11-02T18:53:23.773+0000] {processor.py:161} INFO - Started process (PID=3145) to work on /home/airflow/.local/lib/python3.8/site-packages/airflow/example_dags/example_params_ui_tutorial.py
[2025-11-02T18:53:23.776+0000] {processor.py:830} INFO - Processing file /home/airflow/.local/lib/python3.8/site-packages/airflow/example_dags/example_params_ui_tutorial.py for tasks to queue
[2025-11-02T18:53:23.781+0000] {logging_mixin.py:188} INFO - [2025-11-02T18:53:23.781+0000] {dagbag.py:538} INFO - Filling up the DagBag from /home/airflow/.local/lib/python3.8/site-packages/airflow/example_dags/example_params_ui_tutorial.py
[2025-11-02T18:53:23.816+0000] {processor.py:840} INFO - DAG(s) 'example_params_ui_tutorial' retrieved from /home/airflow/.local/lib/python3.8/site-packages/airflow/example_dags/example_params_ui_tutorial.py
[2025-11-02T18:53:23.976+0000] {logging_mixin.py:188} INFO - [2025-11-02T18:53:23.975+0000] {dag.py:3036} INFO - Sync 1 DAGs
[2025-11-02T18:53:24.015+0000] {logging_mixin.py:188} INFO - [2025-11-02T18:53:24.014+0000] {dag.py:3823} INFO - Setting next_dagrun for example_params_ui_tutorial to None, run_after=None
[2025-11-02T18:53:24.061+0000] {processor.py:183} INFO - Processing /home/airflow/.local/lib/python3.8/site-packages/airflow/example_dags/example_params_ui_tutorial.py took 0.297 seconds
[2025-11-02T18:53:54.852+0000] {processor.py:161} INFO - Started process (PID=3200) to work on /home/airflow/.local/lib/python3.8/site-packages/airflow/example_dags/example_params_ui_tutorial.py
[2025-11-02T18:53:54.859+0000] {processor.py:830} INFO - Processing file /home/airflow/.local/lib/python3.8/site-packages/airflow/example_dags/example_params_ui_tutorial.py for tasks to queue
[2025-11-02T18:53:54.871+0000] {logging_mixin.py:188} INFO - [2025-11-02T18:53:54.867+0000] {dagbag.py:538} INFO - Filling up the DagBag from /home/airflow/.local/lib/python3.8/site-packages/airflow/example_dags/example_params_ui_tutorial.py
[2025-11-02T18:53:54.931+0000] {processor.py:840} INFO - DAG(s) 'example_params_ui_tutorial' retrieved from /home/airflow/.local/lib/python3.8/site-packages/airflow/example_dags/example_params_ui_tutorial.py
[2025-11-02T18:53:55.229+0000] {logging_mixin.py:188} INFO - [2025-11-02T18:53:55.225+0000] {dag.py:3036} INFO - Sync 1 DAGs
[2025-11-02T18:53:55.318+0000] {logging_mixin.py:188} INFO - [2025-11-02T18:53:55.317+0000] {dag.py:3823} INFO - Setting next_dagrun for example_params_ui_tutorial to None, run_after=None
[2025-11-02T18:53:55.379+0000] {processor.py:183} INFO - Processing /home/airflow/.local/lib/python3.8/site-packages/airflow/example_dags/example_params_ui_tutorial.py took 0.540 seconds
[2025-11-02T18:54:25.587+0000] {processor.py:161} INFO - Started process (PID=3256) to work on /home/airflow/.local/lib/python3.8/site-packages/airflow/example_dags/example_params_ui_tutorial.py
[2025-11-02T18:54:25.591+0000] {processor.py:830} INFO - Processing file /home/airflow/.local/lib/python3.8/site-packages/airflow/example_dags/example_params_ui_tutorial.py for tasks to queue
[2025-11-02T18:54:25.600+0000] {logging_mixin.py:188} INFO - [2025-11-02T18:54:25.599+0000] {dagbag.py:538} INFO - Filling up the DagBag from /home/airflow/.local/lib/python3.8/site-packages/airflow/example_dags/example_params_ui_tutorial.py
[2025-11-02T18:54:25.638+0000] {processor.py:840} INFO - DAG(s) 'example_params_ui_tutorial' retrieved from /home/airflow/.local/lib/python3.8/site-packages/airflow/example_dags/example_params_ui_tutorial.py
[2025-11-02T18:54:25.853+0000] {logging_mixin.py:188} INFO - [2025-11-02T18:54:25.853+0000] {dag.py:3036} INFO - Sync 1 DAGs
[2025-11-02T18:54:25.891+0000] {logging_mixin.py:188} INFO - [2025-11-02T18:54:25.891+0000] {dag.py:3823} INFO - Setting next_dagrun for example_params_ui_tutorial to None, run_after=None
[2025-11-02T18:54:25.946+0000] {processor.py:183} INFO - Processing /home/airflow/.local/lib/python3.8/site-packages/airflow/example_dags/example_params_ui_tutorial.py took 0.373 seconds
[2025-11-02T18:54:56.366+0000] {processor.py:161} INFO - Started process (PID=3310) to work on /home/airflow/.local/lib/python3.8/site-packages/airflow/example_dags/example_params_ui_tutorial.py
[2025-11-02T18:54:56.368+0000] {processor.py:830} INFO - Processing file /home/airflow/.local/lib/python3.8/site-packages/airflow/example_dags/example_params_ui_tutorial.py for tasks to queue
[2025-11-02T18:54:56.373+0000] {logging_mixin.py:188} INFO - [2025-11-02T18:54:56.372+0000] {dagbag.py:538} INFO - Filling up the DagBag from /home/airflow/.local/lib/python3.8/site-packages/airflow/example_dags/example_params_ui_tutorial.py
[2025-11-02T18:54:56.401+0000] {processor.py:840} INFO - DAG(s) 'example_params_ui_tutorial' retrieved from /home/airflow/.local/lib/python3.8/site-packages/airflow/example_dags/example_params_ui_tutorial.py
[2025-11-02T18:54:56.540+0000] {logging_mixin.py:188} INFO - [2025-11-02T18:54:56.540+0000] {dag.py:3036} INFO - Sync 1 DAGs
[2025-11-02T18:54:56.568+0000] {logging_mixin.py:188} INFO - [2025-11-02T18:54:56.567+0000] {dag.py:3823} INFO - Setting next_dagrun for example_params_ui_tutorial to None, run_after=None
[2025-11-02T18:54:56.619+0000] {processor.py:183} INFO - Processing /home/airflow/.local/lib/python3.8/site-packages/airflow/example_dags/example_params_ui_tutorial.py took 0.263 seconds
[2025-11-02T18:55:27.112+0000] {processor.py:161} INFO - Started process (PID=3365) to work on /home/airflow/.local/lib/python3.8/site-packages/airflow/example_dags/example_params_ui_tutorial.py
[2025-11-02T18:55:27.116+0000] {processor.py:830} INFO - Processing file /home/airflow/.local/lib/python3.8/site-packages/airflow/example_dags/example_params_ui_tutorial.py for tasks to queue
[2025-11-02T18:55:27.123+0000] {logging_mixin.py:188} INFO - [2025-11-02T18:55:27.122+0000] {dagbag.py:538} INFO - Filling up the DagBag from /home/airflow/.local/lib/python3.8/site-packages/airflow/example_dags/example_params_ui_tutorial.py
[2025-11-02T18:55:27.171+0000] {processor.py:840} INFO - DAG(s) 'example_params_ui_tutorial' retrieved from /home/airflow/.local/lib/python3.8/site-packages/airflow/example_dags/example_params_ui_tutorial.py
[2025-11-02T18:55:27.705+0000] {logging_mixin.py:188} INFO - [2025-11-02T18:55:27.704+0000] {dag.py:3036} INFO - Sync 1 DAGs
[2025-11-02T18:55:27.772+0000] {logging_mixin.py:188} INFO - [2025-11-02T18:55:27.772+0000] {dag.py:3823} INFO - Setting next_dagrun for example_params_ui_tutorial to None, run_after=None
[2025-11-02T18:55:27.827+0000] {processor.py:183} INFO - Processing /home/airflow/.local/lib/python3.8/site-packages/airflow/example_dags/example_params_ui_tutorial.py took 0.736 seconds
[2025-11-02T18:55:58.137+0000] {processor.py:161} INFO - Started process (PID=3421) to work on /home/airflow/.local/lib/python3.8/site-packages/airflow/example_dags/example_params_ui_tutorial.py
[2025-11-02T18:55:58.140+0000] {processor.py:830} INFO - Processing file /home/airflow/.local/lib/python3.8/site-packages/airflow/example_dags/example_params_ui_tutorial.py for tasks to queue
[2025-11-02T18:55:58.148+0000] {logging_mixin.py:188} INFO - [2025-11-02T18:55:58.147+0000] {dagbag.py:538} INFO - Filling up the DagBag from /home/airflow/.local/lib/python3.8/site-packages/airflow/example_dags/example_params_ui_tutorial.py
[2025-11-02T18:55:58.189+0000] {processor.py:840} INFO - DAG(s) 'example_params_ui_tutorial' retrieved from /home/airflow/.local/lib/python3.8/site-packages/airflow/example_dags/example_params_ui_tutorial.py
[2025-11-02T18:55:58.410+0000] {logging_mixin.py:188} INFO - [2025-11-02T18:55:58.410+0000] {dag.py:3036} INFO - Sync 1 DAGs
[2025-11-02T18:55:58.452+0000] {logging_mixin.py:188} INFO - [2025-11-02T18:55:58.451+0000] {dag.py:3823} INFO - Setting next_dagrun for example_params_ui_tutorial to None, run_after=None
[2025-11-02T18:55:58.530+0000] {processor.py:183} INFO - Processing /home/airflow/.local/lib/python3.8/site-packages/airflow/example_dags/example_params_ui_tutorial.py took 0.407 seconds
[2025-11-02T18:56:28.922+0000] {processor.py:161} INFO - Started process (PID=3476) to work on /home/airflow/.local/lib/python3.8/site-packages/airflow/example_dags/example_params_ui_tutorial.py
[2025-11-02T18:56:28.925+0000] {processor.py:830} INFO - Processing file /home/airflow/.local/lib/python3.8/site-packages/airflow/example_dags/example_params_ui_tutorial.py for tasks to queue
[2025-11-02T18:56:28.931+0000] {logging_mixin.py:188} INFO - [2025-11-02T18:56:28.930+0000] {dagbag.py:538} INFO - Filling up the DagBag from /home/airflow/.local/lib/python3.8/site-packages/airflow/example_dags/example_params_ui_tutorial.py
[2025-11-02T18:56:28.963+0000] {processor.py:840} INFO - DAG(s) 'example_params_ui_tutorial' retrieved from /home/airflow/.local/lib/python3.8/site-packages/airflow/example_dags/example_params_ui_tutorial.py
[2025-11-02T18:56:29.133+0000] {logging_mixin.py:188} INFO - [2025-11-02T18:56:29.133+0000] {dag.py:3036} INFO - Sync 1 DAGs
[2025-11-02T18:56:29.165+0000] {logging_mixin.py:188} INFO - [2025-11-02T18:56:29.165+0000] {dag.py:3823} INFO - Setting next_dagrun for example_params_ui_tutorial to None, run_after=None
[2025-11-02T18:56:29.214+0000] {processor.py:183} INFO - Processing /home/airflow/.local/lib/python3.8/site-packages/airflow/example_dags/example_params_ui_tutorial.py took 0.300 seconds
[2025-11-02T18:56:59.544+0000] {processor.py:161} INFO - Started process (PID=3531) to work on /home/airflow/.local/lib/python3.8/site-packages/airflow/example_dags/example_params_ui_tutorial.py
[2025-11-02T18:56:59.546+0000] {processor.py:830} INFO - Processing file /home/airflow/.local/lib/python3.8/site-packages/airflow/example_dags/example_params_ui_tutorial.py for tasks to queue
[2025-11-02T18:56:59.551+0000] {logging_mixin.py:188} INFO - [2025-11-02T18:56:59.551+0000] {dagbag.py:538} INFO - Filling up the DagBag from /home/airflow/.local/lib/python3.8/site-packages/airflow/example_dags/example_params_ui_tutorial.py
[2025-11-02T18:56:59.581+0000] {processor.py:840} INFO - DAG(s) 'example_params_ui_tutorial' retrieved from /home/airflow/.local/lib/python3.8/site-packages/airflow/example_dags/example_params_ui_tutorial.py
[2025-11-02T18:56:59.744+0000] {logging_mixin.py:188} INFO - [2025-11-02T18:56:59.744+0000] {dag.py:3036} INFO - Sync 1 DAGs
[2025-11-02T18:56:59.774+0000] {logging_mixin.py:188} INFO - [2025-11-02T18:56:59.773+0000] {dag.py:3823} INFO - Setting next_dagrun for example_params_ui_tutorial to None, run_after=None
[2025-11-02T18:56:59.824+0000] {processor.py:183} INFO - Processing /home/airflow/.local/lib/python3.8/site-packages/airflow/example_dags/example_params_ui_tutorial.py took 0.291 seconds
[2025-11-02T18:57:30.315+0000] {processor.py:161} INFO - Started process (PID=3586) to work on /home/airflow/.local/lib/python3.8/site-packages/airflow/example_dags/example_params_ui_tutorial.py
[2025-11-02T18:57:30.319+0000] {processor.py:830} INFO - Processing file /home/airflow/.local/lib/python3.8/site-packages/airflow/example_dags/example_params_ui_tutorial.py for tasks to queue
[2025-11-02T18:57:30.325+0000] {logging_mixin.py:188} INFO - [2025-11-02T18:57:30.324+0000] {dagbag.py:538} INFO - Filling up the DagBag from /home/airflow/.local/lib/python3.8/site-packages/airflow/example_dags/example_params_ui_tutorial.py
[2025-11-02T18:57:30.358+0000] {processor.py:840} INFO - DAG(s) 'example_params_ui_tutorial' retrieved from /home/airflow/.local/lib/python3.8/site-packages/airflow/example_dags/example_params_ui_tutorial.py
[2025-11-02T18:57:30.509+0000] {logging_mixin.py:188} INFO - [2025-11-02T18:57:30.509+0000] {dag.py:3036} INFO - Sync 1 DAGs
[2025-11-02T18:57:30.553+0000] {logging_mixin.py:188} INFO - [2025-11-02T18:57:30.552+0000] {dag.py:3823} INFO - Setting next_dagrun for example_params_ui_tutorial to None, run_after=None
[2025-11-02T18:57:30.608+0000] {processor.py:183} INFO - Processing /home/airflow/.local/lib/python3.8/site-packages/airflow/example_dags/example_params_ui_tutorial.py took 0.304 seconds
[2025-11-02T18:58:00.988+0000] {processor.py:161} INFO - Started process (PID=3642) to work on /home/airflow/.local/lib/python3.8/site-packages/airflow/example_dags/example_params_ui_tutorial.py
[2025-11-02T18:58:00.992+0000] {processor.py:830} INFO - Processing file /home/airflow/.local/lib/python3.8/site-packages/airflow/example_dags/example_params_ui_tutorial.py for tasks to queue
[2025-11-02T18:58:01.001+0000] {logging_mixin.py:188} INFO - [2025-11-02T18:58:00.999+0000] {dagbag.py:538} INFO - Filling up the DagBag from /home/airflow/.local/lib/python3.8/site-packages/airflow/example_dags/example_params_ui_tutorial.py
[2025-11-02T18:58:01.057+0000] {processor.py:840} INFO - DAG(s) 'example_params_ui_tutorial' retrieved from /home/airflow/.local/lib/python3.8/site-packages/airflow/example_dags/example_params_ui_tutorial.py
[2025-11-02T18:58:01.299+0000] {logging_mixin.py:188} INFO - [2025-11-02T18:58:01.298+0000] {dag.py:3036} INFO - Sync 1 DAGs
[2025-11-02T18:58:01.341+0000] {logging_mixin.py:188} INFO - [2025-11-02T18:58:01.340+0000] {dag.py:3823} INFO - Setting next_dagrun for example_params_ui_tutorial to None, run_after=None
[2025-11-02T18:58:01.430+0000] {processor.py:183} INFO - Processing /home/airflow/.local/lib/python3.8/site-packages/airflow/example_dags/example_params_ui_tutorial.py took 0.454 seconds
[2025-11-02T18:58:31.720+0000] {processor.py:161} INFO - Started process (PID=3697) to work on /home/airflow/.local/lib/python3.8/site-packages/airflow/example_dags/example_params_ui_tutorial.py
[2025-11-02T18:58:31.723+0000] {processor.py:830} INFO - Processing file /home/airflow/.local/lib/python3.8/site-packages/airflow/example_dags/example_params_ui_tutorial.py for tasks to queue
[2025-11-02T18:58:31.730+0000] {logging_mixin.py:188} INFO - [2025-11-02T18:58:31.729+0000] {dagbag.py:538} INFO - Filling up the DagBag from /home/airflow/.local/lib/python3.8/site-packages/airflow/example_dags/example_params_ui_tutorial.py
[2025-11-02T18:58:31.766+0000] {processor.py:840} INFO - DAG(s) 'example_params_ui_tutorial' retrieved from /home/airflow/.local/lib/python3.8/site-packages/airflow/example_dags/example_params_ui_tutorial.py
[2025-11-02T18:58:31.968+0000] {logging_mixin.py:188} INFO - [2025-11-02T18:58:31.967+0000] {dag.py:3036} INFO - Sync 1 DAGs
[2025-11-02T18:58:32.012+0000] {logging_mixin.py:188} INFO - [2025-11-02T18:58:32.012+0000] {dag.py:3823} INFO - Setting next_dagrun for example_params_ui_tutorial to None, run_after=None
[2025-11-02T18:58:32.065+0000] {processor.py:183} INFO - Processing /home/airflow/.local/lib/python3.8/site-packages/airflow/example_dags/example_params_ui_tutorial.py took 0.355 seconds
[2025-11-02T18:59:02.479+0000] {processor.py:161} INFO - Started process (PID=3751) to work on /home/airflow/.local/lib/python3.8/site-packages/airflow/example_dags/example_params_ui_tutorial.py
[2025-11-02T18:59:02.482+0000] {processor.py:830} INFO - Processing file /home/airflow/.local/lib/python3.8/site-packages/airflow/example_dags/example_params_ui_tutorial.py for tasks to queue
[2025-11-02T18:59:02.487+0000] {logging_mixin.py:188} INFO - [2025-11-02T18:59:02.487+0000] {dagbag.py:538} INFO - Filling up the DagBag from /home/airflow/.local/lib/python3.8/site-packages/airflow/example_dags/example_params_ui_tutorial.py
[2025-11-02T18:59:02.518+0000] {processor.py:840} INFO - DAG(s) 'example_params_ui_tutorial' retrieved from /home/airflow/.local/lib/python3.8/site-packages/airflow/example_dags/example_params_ui_tutorial.py
[2025-11-02T18:59:02.701+0000] {logging_mixin.py:188} INFO - [2025-11-02T18:59:02.700+0000] {dag.py:3036} INFO - Sync 1 DAGs
[2025-11-02T18:59:02.752+0000] {logging_mixin.py:188} INFO - [2025-11-02T18:59:02.751+0000] {dag.py:3823} INFO - Setting next_dagrun for example_params_ui_tutorial to None, run_after=None
[2025-11-02T18:59:02.793+0000] {processor.py:183} INFO - Processing /home/airflow/.local/lib/python3.8/site-packages/airflow/example_dags/example_params_ui_tutorial.py took 0.323 seconds
[2025-11-02T18:59:32.919+0000] {processor.py:161} INFO - Started process (PID=3805) to work on /home/airflow/.local/lib/python3.8/site-packages/airflow/example_dags/example_params_ui_tutorial.py
[2025-11-02T18:59:32.921+0000] {processor.py:830} INFO - Processing file /home/airflow/.local/lib/python3.8/site-packages/airflow/example_dags/example_params_ui_tutorial.py for tasks to queue
[2025-11-02T18:59:32.926+0000] {logging_mixin.py:188} INFO - [2025-11-02T18:59:32.925+0000] {dagbag.py:538} INFO - Filling up the DagBag from /home/airflow/.local/lib/python3.8/site-packages/airflow/example_dags/example_params_ui_tutorial.py
[2025-11-02T18:59:32.960+0000] {processor.py:840} INFO - DAG(s) 'example_params_ui_tutorial' retrieved from /home/airflow/.local/lib/python3.8/site-packages/airflow/example_dags/example_params_ui_tutorial.py
[2025-11-02T18:59:33.124+0000] {logging_mixin.py:188} INFO - [2025-11-02T18:59:33.124+0000] {dag.py:3036} INFO - Sync 1 DAGs
[2025-11-02T18:59:33.162+0000] {logging_mixin.py:188} INFO - [2025-11-02T18:59:33.161+0000] {dag.py:3823} INFO - Setting next_dagrun for example_params_ui_tutorial to None, run_after=None
[2025-11-02T18:59:33.208+0000] {processor.py:183} INFO - Processing /home/airflow/.local/lib/python3.8/site-packages/airflow/example_dags/example_params_ui_tutorial.py took 0.299 seconds
[2025-11-02T19:00:03.566+0000] {processor.py:161} INFO - Started process (PID=3860) to work on /home/airflow/.local/lib/python3.8/site-packages/airflow/example_dags/example_params_ui_tutorial.py
[2025-11-02T19:00:03.569+0000] {processor.py:830} INFO - Processing file /home/airflow/.local/lib/python3.8/site-packages/airflow/example_dags/example_params_ui_tutorial.py for tasks to queue
[2025-11-02T19:00:03.576+0000] {logging_mixin.py:188} INFO - [2025-11-02T19:00:03.575+0000] {dagbag.py:538} INFO - Filling up the DagBag from /home/airflow/.local/lib/python3.8/site-packages/airflow/example_dags/example_params_ui_tutorial.py
[2025-11-02T19:00:03.611+0000] {processor.py:840} INFO - DAG(s) 'example_params_ui_tutorial' retrieved from /home/airflow/.local/lib/python3.8/site-packages/airflow/example_dags/example_params_ui_tutorial.py
[2025-11-02T19:00:03.762+0000] {logging_mixin.py:188} INFO - [2025-11-02T19:00:03.761+0000] {dag.py:3036} INFO - Sync 1 DAGs
[2025-11-02T19:00:03.793+0000] {logging_mixin.py:188} INFO - [2025-11-02T19:00:03.793+0000] {dag.py:3823} INFO - Setting next_dagrun for example_params_ui_tutorial to None, run_after=None
[2025-11-02T19:00:03.843+0000] {processor.py:183} INFO - Processing /home/airflow/.local/lib/python3.8/site-packages/airflow/example_dags/example_params_ui_tutorial.py took 0.289 seconds
[2025-11-02T19:00:34.547+0000] {processor.py:161} INFO - Started process (PID=3915) to work on /home/airflow/.local/lib/python3.8/site-packages/airflow/example_dags/example_params_ui_tutorial.py
[2025-11-02T19:00:34.551+0000] {processor.py:830} INFO - Processing file /home/airflow/.local/lib/python3.8/site-packages/airflow/example_dags/example_params_ui_tutorial.py for tasks to queue
[2025-11-02T19:00:34.558+0000] {logging_mixin.py:188} INFO - [2025-11-02T19:00:34.557+0000] {dagbag.py:538} INFO - Filling up the DagBag from /home/airflow/.local/lib/python3.8/site-packages/airflow/example_dags/example_params_ui_tutorial.py
[2025-11-02T19:00:34.609+0000] {processor.py:840} INFO - DAG(s) 'example_params_ui_tutorial' retrieved from /home/airflow/.local/lib/python3.8/site-packages/airflow/example_dags/example_params_ui_tutorial.py
[2025-11-02T19:00:34.819+0000] {logging_mixin.py:188} INFO - [2025-11-02T19:00:34.818+0000] {dag.py:3036} INFO - Sync 1 DAGs
[2025-11-02T19:00:34.913+0000] {logging_mixin.py:188} INFO - [2025-11-02T19:00:34.912+0000] {dag.py:3823} INFO - Setting next_dagrun for example_params_ui_tutorial to None, run_after=None
[2025-11-02T19:00:35.109+0000] {processor.py:183} INFO - Processing /home/airflow/.local/lib/python3.8/site-packages/airflow/example_dags/example_params_ui_tutorial.py took 0.576 seconds
[2025-11-02T19:01:05.397+0000] {processor.py:161} INFO - Started process (PID=3970) to work on /home/airflow/.local/lib/python3.8/site-packages/airflow/example_dags/example_params_ui_tutorial.py
[2025-11-02T19:01:05.399+0000] {processor.py:830} INFO - Processing file /home/airflow/.local/lib/python3.8/site-packages/airflow/example_dags/example_params_ui_tutorial.py for tasks to queue
[2025-11-02T19:01:05.404+0000] {logging_mixin.py:188} INFO - [2025-11-02T19:01:05.403+0000] {dagbag.py:538} INFO - Filling up the DagBag from /home/airflow/.local/lib/python3.8/site-packages/airflow/example_dags/example_params_ui_tutorial.py
[2025-11-02T19:01:05.433+0000] {processor.py:840} INFO - DAG(s) 'example_params_ui_tutorial' retrieved from /home/airflow/.local/lib/python3.8/site-packages/airflow/example_dags/example_params_ui_tutorial.py
[2025-11-02T19:01:05.583+0000] {logging_mixin.py:188} INFO - [2025-11-02T19:01:05.583+0000] {dag.py:3036} INFO - Sync 1 DAGs
[2025-11-02T19:01:05.616+0000] {logging_mixin.py:188} INFO - [2025-11-02T19:01:05.616+0000] {dag.py:3823} INFO - Setting next_dagrun for example_params_ui_tutorial to None, run_after=None
[2025-11-02T19:01:05.670+0000] {processor.py:183} INFO - Processing /home/airflow/.local/lib/python3.8/site-packages/airflow/example_dags/example_params_ui_tutorial.py took 0.285 seconds
[2025-11-02T19:01:35.803+0000] {processor.py:161} INFO - Started process (PID=4025) to work on /home/airflow/.local/lib/python3.8/site-packages/airflow/example_dags/example_params_ui_tutorial.py
[2025-11-02T19:01:35.806+0000] {processor.py:830} INFO - Processing file /home/airflow/.local/lib/python3.8/site-packages/airflow/example_dags/example_params_ui_tutorial.py for tasks to queue
[2025-11-02T19:01:35.813+0000] {logging_mixin.py:188} INFO - [2025-11-02T19:01:35.812+0000] {dagbag.py:538} INFO - Filling up the DagBag from /home/airflow/.local/lib/python3.8/site-packages/airflow/example_dags/example_params_ui_tutorial.py
[2025-11-02T19:01:35.849+0000] {processor.py:840} INFO - DAG(s) 'example_params_ui_tutorial' retrieved from /home/airflow/.local/lib/python3.8/site-packages/airflow/example_dags/example_params_ui_tutorial.py
[2025-11-02T19:01:36.026+0000] {logging_mixin.py:188} INFO - [2025-11-02T19:01:36.025+0000] {dag.py:3036} INFO - Sync 1 DAGs
[2025-11-02T19:01:36.059+0000] {logging_mixin.py:188} INFO - [2025-11-02T19:01:36.058+0000] {dag.py:3823} INFO - Setting next_dagrun for example_params_ui_tutorial to None, run_after=None
[2025-11-02T19:01:36.118+0000] {processor.py:183} INFO - Processing /home/airflow/.local/lib/python3.8/site-packages/airflow/example_dags/example_params_ui_tutorial.py took 0.328 seconds
[2025-11-02T19:02:06.734+0000] {processor.py:161} INFO - Started process (PID=4078) to work on /home/airflow/.local/lib/python3.8/site-packages/airflow/example_dags/example_params_ui_tutorial.py
[2025-11-02T19:02:06.736+0000] {processor.py:830} INFO - Processing file /home/airflow/.local/lib/python3.8/site-packages/airflow/example_dags/example_params_ui_tutorial.py for tasks to queue
[2025-11-02T19:02:06.743+0000] {logging_mixin.py:188} INFO - [2025-11-02T19:02:06.742+0000] {dagbag.py:538} INFO - Filling up the DagBag from /home/airflow/.local/lib/python3.8/site-packages/airflow/example_dags/example_params_ui_tutorial.py
[2025-11-02T19:02:06.789+0000] {processor.py:840} INFO - DAG(s) 'example_params_ui_tutorial' retrieved from /home/airflow/.local/lib/python3.8/site-packages/airflow/example_dags/example_params_ui_tutorial.py
[2025-11-02T19:02:06.994+0000] {logging_mixin.py:188} INFO - [2025-11-02T19:02:06.993+0000] {dag.py:3036} INFO - Sync 1 DAGs
[2025-11-02T19:02:07.033+0000] {logging_mixin.py:188} INFO - [2025-11-02T19:02:07.033+0000] {dag.py:3823} INFO - Setting next_dagrun for example_params_ui_tutorial to None, run_after=None
[2025-11-02T19:02:07.082+0000] {processor.py:183} INFO - Processing /home/airflow/.local/lib/python3.8/site-packages/airflow/example_dags/example_params_ui_tutorial.py took 0.357 seconds
[2025-11-02T19:02:37.648+0000] {processor.py:161} INFO - Started process (PID=4139) to work on /home/airflow/.local/lib/python3.8/site-packages/airflow/example_dags/example_params_ui_tutorial.py
[2025-11-02T19:02:37.653+0000] {processor.py:830} INFO - Processing file /home/airflow/.local/lib/python3.8/site-packages/airflow/example_dags/example_params_ui_tutorial.py for tasks to queue
[2025-11-02T19:02:37.676+0000] {logging_mixin.py:188} INFO - [2025-11-02T19:02:37.675+0000] {dagbag.py:538} INFO - Filling up the DagBag from /home/airflow/.local/lib/python3.8/site-packages/airflow/example_dags/example_params_ui_tutorial.py
[2025-11-02T19:02:37.828+0000] {processor.py:840} INFO - DAG(s) 'example_params_ui_tutorial' retrieved from /home/airflow/.local/lib/python3.8/site-packages/airflow/example_dags/example_params_ui_tutorial.py
[2025-11-02T19:02:38.401+0000] {logging_mixin.py:188} INFO - [2025-11-02T19:02:38.401+0000] {dag.py:3036} INFO - Sync 1 DAGs
[2025-11-02T19:02:38.494+0000] {logging_mixin.py:188} INFO - [2025-11-02T19:02:38.493+0000] {dag.py:3823} INFO - Setting next_dagrun for example_params_ui_tutorial to None, run_after=None
[2025-11-02T19:02:38.655+0000] {processor.py:183} INFO - Processing /home/airflow/.local/lib/python3.8/site-packages/airflow/example_dags/example_params_ui_tutorial.py took 1.041 seconds
[2025-11-02T19:03:09.176+0000] {processor.py:161} INFO - Started process (PID=4195) to work on /home/airflow/.local/lib/python3.8/site-packages/airflow/example_dags/example_params_ui_tutorial.py
[2025-11-02T19:03:09.180+0000] {processor.py:830} INFO - Processing file /home/airflow/.local/lib/python3.8/site-packages/airflow/example_dags/example_params_ui_tutorial.py for tasks to queue
[2025-11-02T19:03:09.186+0000] {logging_mixin.py:188} INFO - [2025-11-02T19:03:09.185+0000] {dagbag.py:538} INFO - Filling up the DagBag from /home/airflow/.local/lib/python3.8/site-packages/airflow/example_dags/example_params_ui_tutorial.py
[2025-11-02T19:03:09.229+0000] {processor.py:840} INFO - DAG(s) 'example_params_ui_tutorial' retrieved from /home/airflow/.local/lib/python3.8/site-packages/airflow/example_dags/example_params_ui_tutorial.py
[2025-11-02T19:03:09.503+0000] {logging_mixin.py:188} INFO - [2025-11-02T19:03:09.502+0000] {dag.py:3036} INFO - Sync 1 DAGs
[2025-11-02T19:03:09.575+0000] {logging_mixin.py:188} INFO - [2025-11-02T19:03:09.574+0000] {dag.py:3823} INFO - Setting next_dagrun for example_params_ui_tutorial to None, run_after=None
[2025-11-02T19:03:09.650+0000] {processor.py:183} INFO - Processing /home/airflow/.local/lib/python3.8/site-packages/airflow/example_dags/example_params_ui_tutorial.py took 0.486 seconds
[2025-11-02T19:03:40.032+0000] {processor.py:161} INFO - Started process (PID=4251) to work on /home/airflow/.local/lib/python3.8/site-packages/airflow/example_dags/example_params_ui_tutorial.py
[2025-11-02T19:03:40.035+0000] {processor.py:830} INFO - Processing file /home/airflow/.local/lib/python3.8/site-packages/airflow/example_dags/example_params_ui_tutorial.py for tasks to queue
[2025-11-02T19:03:40.041+0000] {logging_mixin.py:188} INFO - [2025-11-02T19:03:40.040+0000] {dagbag.py:538} INFO - Filling up the DagBag from /home/airflow/.local/lib/python3.8/site-packages/airflow/example_dags/example_params_ui_tutorial.py
[2025-11-02T19:03:40.091+0000] {processor.py:840} INFO - DAG(s) 'example_params_ui_tutorial' retrieved from /home/airflow/.local/lib/python3.8/site-packages/airflow/example_dags/example_params_ui_tutorial.py
[2025-11-02T19:03:40.232+0000] {logging_mixin.py:188} INFO - [2025-11-02T19:03:40.232+0000] {dag.py:3036} INFO - Sync 1 DAGs
[2025-11-02T19:03:40.259+0000] {logging_mixin.py:188} INFO - [2025-11-02T19:03:40.259+0000] {dag.py:3823} INFO - Setting next_dagrun for example_params_ui_tutorial to None, run_after=None
[2025-11-02T19:03:40.298+0000] {processor.py:183} INFO - Processing /home/airflow/.local/lib/python3.8/site-packages/airflow/example_dags/example_params_ui_tutorial.py took 0.275 seconds
[2025-11-02T19:04:10.599+0000] {processor.py:161} INFO - Started process (PID=4306) to work on /home/airflow/.local/lib/python3.8/site-packages/airflow/example_dags/example_params_ui_tutorial.py
[2025-11-02T19:04:10.602+0000] {processor.py:830} INFO - Processing file /home/airflow/.local/lib/python3.8/site-packages/airflow/example_dags/example_params_ui_tutorial.py for tasks to queue
[2025-11-02T19:04:10.610+0000] {logging_mixin.py:188} INFO - [2025-11-02T19:04:10.609+0000] {dagbag.py:538} INFO - Filling up the DagBag from /home/airflow/.local/lib/python3.8/site-packages/airflow/example_dags/example_params_ui_tutorial.py
[2025-11-02T19:04:10.655+0000] {processor.py:840} INFO - DAG(s) 'example_params_ui_tutorial' retrieved from /home/airflow/.local/lib/python3.8/site-packages/airflow/example_dags/example_params_ui_tutorial.py
[2025-11-02T19:04:10.879+0000] {logging_mixin.py:188} INFO - [2025-11-02T19:04:10.878+0000] {dag.py:3036} INFO - Sync 1 DAGs
[2025-11-02T19:04:10.916+0000] {logging_mixin.py:188} INFO - [2025-11-02T19:04:10.915+0000] {dag.py:3823} INFO - Setting next_dagrun for example_params_ui_tutorial to None, run_after=None
[2025-11-02T19:04:10.961+0000] {processor.py:183} INFO - Processing /home/airflow/.local/lib/python3.8/site-packages/airflow/example_dags/example_params_ui_tutorial.py took 0.372 seconds
[2025-11-02T19:04:41.194+0000] {processor.py:161} INFO - Started process (PID=4359) to work on /home/airflow/.local/lib/python3.8/site-packages/airflow/example_dags/example_params_ui_tutorial.py
[2025-11-02T19:04:41.197+0000] {processor.py:830} INFO - Processing file /home/airflow/.local/lib/python3.8/site-packages/airflow/example_dags/example_params_ui_tutorial.py for tasks to queue
[2025-11-02T19:04:41.203+0000] {logging_mixin.py:188} INFO - [2025-11-02T19:04:41.202+0000] {dagbag.py:538} INFO - Filling up the DagBag from /home/airflow/.local/lib/python3.8/site-packages/airflow/example_dags/example_params_ui_tutorial.py
[2025-11-02T19:04:41.243+0000] {processor.py:840} INFO - DAG(s) 'example_params_ui_tutorial' retrieved from /home/airflow/.local/lib/python3.8/site-packages/airflow/example_dags/example_params_ui_tutorial.py
[2025-11-02T19:04:41.433+0000] {logging_mixin.py:188} INFO - [2025-11-02T19:04:41.432+0000] {dag.py:3036} INFO - Sync 1 DAGs
[2025-11-02T19:04:41.472+0000] {logging_mixin.py:188} INFO - [2025-11-02T19:04:41.471+0000] {dag.py:3823} INFO - Setting next_dagrun for example_params_ui_tutorial to None, run_after=None
[2025-11-02T19:04:41.527+0000] {processor.py:183} INFO - Processing /home/airflow/.local/lib/python3.8/site-packages/airflow/example_dags/example_params_ui_tutorial.py took 0.344 seconds
[2025-11-02T19:05:11.794+0000] {processor.py:161} INFO - Started process (PID=4414) to work on /home/airflow/.local/lib/python3.8/site-packages/airflow/example_dags/example_params_ui_tutorial.py
[2025-11-02T19:05:11.799+0000] {processor.py:830} INFO - Processing file /home/airflow/.local/lib/python3.8/site-packages/airflow/example_dags/example_params_ui_tutorial.py for tasks to queue
[2025-11-02T19:05:11.805+0000] {logging_mixin.py:188} INFO - [2025-11-02T19:05:11.804+0000] {dagbag.py:538} INFO - Filling up the DagBag from /home/airflow/.local/lib/python3.8/site-packages/airflow/example_dags/example_params_ui_tutorial.py
[2025-11-02T19:05:11.838+0000] {processor.py:840} INFO - DAG(s) 'example_params_ui_tutorial' retrieved from /home/airflow/.local/lib/python3.8/site-packages/airflow/example_dags/example_params_ui_tutorial.py
[2025-11-02T19:05:11.984+0000] {logging_mixin.py:188} INFO - [2025-11-02T19:05:11.983+0000] {dag.py:3036} INFO - Sync 1 DAGs
[2025-11-02T19:05:12.023+0000] {logging_mixin.py:188} INFO - [2025-11-02T19:05:12.022+0000] {dag.py:3823} INFO - Setting next_dagrun for example_params_ui_tutorial to None, run_after=None
[2025-11-02T19:05:12.098+0000] {processor.py:183} INFO - Processing /home/airflow/.local/lib/python3.8/site-packages/airflow/example_dags/example_params_ui_tutorial.py took 0.316 seconds
[2025-11-02T19:05:42.386+0000] {processor.py:161} INFO - Started process (PID=4469) to work on /home/airflow/.local/lib/python3.8/site-packages/airflow/example_dags/example_params_ui_tutorial.py
[2025-11-02T19:05:42.390+0000] {processor.py:830} INFO - Processing file /home/airflow/.local/lib/python3.8/site-packages/airflow/example_dags/example_params_ui_tutorial.py for tasks to queue
[2025-11-02T19:05:42.396+0000] {logging_mixin.py:188} INFO - [2025-11-02T19:05:42.395+0000] {dagbag.py:538} INFO - Filling up the DagBag from /home/airflow/.local/lib/python3.8/site-packages/airflow/example_dags/example_params_ui_tutorial.py
[2025-11-02T19:05:42.425+0000] {processor.py:840} INFO - DAG(s) 'example_params_ui_tutorial' retrieved from /home/airflow/.local/lib/python3.8/site-packages/airflow/example_dags/example_params_ui_tutorial.py
[2025-11-02T19:05:42.598+0000] {logging_mixin.py:188} INFO - [2025-11-02T19:05:42.597+0000] {dag.py:3036} INFO - Sync 1 DAGs
[2025-11-02T19:05:42.631+0000] {logging_mixin.py:188} INFO - [2025-11-02T19:05:42.631+0000] {dag.py:3823} INFO - Setting next_dagrun for example_params_ui_tutorial to None, run_after=None
[2025-11-02T19:05:42.688+0000] {processor.py:183} INFO - Processing /home/airflow/.local/lib/python3.8/site-packages/airflow/example_dags/example_params_ui_tutorial.py took 0.313 seconds
[2025-11-02T19:06:13.018+0000] {processor.py:161} INFO - Started process (PID=4524) to work on /home/airflow/.local/lib/python3.8/site-packages/airflow/example_dags/example_params_ui_tutorial.py
[2025-11-02T19:06:13.020+0000] {processor.py:830} INFO - Processing file /home/airflow/.local/lib/python3.8/site-packages/airflow/example_dags/example_params_ui_tutorial.py for tasks to queue
[2025-11-02T19:06:13.026+0000] {logging_mixin.py:188} INFO - [2025-11-02T19:06:13.026+0000] {dagbag.py:538} INFO - Filling up the DagBag from /home/airflow/.local/lib/python3.8/site-packages/airflow/example_dags/example_params_ui_tutorial.py
[2025-11-02T19:06:13.058+0000] {processor.py:840} INFO - DAG(s) 'example_params_ui_tutorial' retrieved from /home/airflow/.local/lib/python3.8/site-packages/airflow/example_dags/example_params_ui_tutorial.py
[2025-11-02T19:06:13.216+0000] {logging_mixin.py:188} INFO - [2025-11-02T19:06:13.215+0000] {dag.py:3036} INFO - Sync 1 DAGs
[2025-11-02T19:06:13.253+0000] {logging_mixin.py:188} INFO - [2025-11-02T19:06:13.252+0000] {dag.py:3823} INFO - Setting next_dagrun for example_params_ui_tutorial to None, run_after=None
[2025-11-02T19:06:13.300+0000] {processor.py:183} INFO - Processing /home/airflow/.local/lib/python3.8/site-packages/airflow/example_dags/example_params_ui_tutorial.py took 0.294 seconds
[2025-11-02T19:06:43.730+0000] {processor.py:161} INFO - Started process (PID=4579) to work on /home/airflow/.local/lib/python3.8/site-packages/airflow/example_dags/example_params_ui_tutorial.py
[2025-11-02T19:06:43.733+0000] {processor.py:830} INFO - Processing file /home/airflow/.local/lib/python3.8/site-packages/airflow/example_dags/example_params_ui_tutorial.py for tasks to queue
[2025-11-02T19:06:43.740+0000] {logging_mixin.py:188} INFO - [2025-11-02T19:06:43.739+0000] {dagbag.py:538} INFO - Filling up the DagBag from /home/airflow/.local/lib/python3.8/site-packages/airflow/example_dags/example_params_ui_tutorial.py
[2025-11-02T19:06:43.774+0000] {processor.py:840} INFO - DAG(s) 'example_params_ui_tutorial' retrieved from /home/airflow/.local/lib/python3.8/site-packages/airflow/example_dags/example_params_ui_tutorial.py
[2025-11-02T19:06:44.008+0000] {logging_mixin.py:188} INFO - [2025-11-02T19:06:44.008+0000] {dag.py:3036} INFO - Sync 1 DAGs
[2025-11-02T19:06:44.044+0000] {logging_mixin.py:188} INFO - [2025-11-02T19:06:44.043+0000] {dag.py:3823} INFO - Setting next_dagrun for example_params_ui_tutorial to None, run_after=None
[2025-11-02T19:06:44.097+0000] {processor.py:183} INFO - Processing /home/airflow/.local/lib/python3.8/site-packages/airflow/example_dags/example_params_ui_tutorial.py took 0.381 seconds
[2025-11-02T19:07:14.551+0000] {processor.py:161} INFO - Started process (PID=4634) to work on /home/airflow/.local/lib/python3.8/site-packages/airflow/example_dags/example_params_ui_tutorial.py
[2025-11-02T19:07:14.554+0000] {processor.py:830} INFO - Processing file /home/airflow/.local/lib/python3.8/site-packages/airflow/example_dags/example_params_ui_tutorial.py for tasks to queue
[2025-11-02T19:07:14.561+0000] {logging_mixin.py:188} INFO - [2025-11-02T19:07:14.560+0000] {dagbag.py:538} INFO - Filling up the DagBag from /home/airflow/.local/lib/python3.8/site-packages/airflow/example_dags/example_params_ui_tutorial.py
[2025-11-02T19:07:14.603+0000] {processor.py:840} INFO - DAG(s) 'example_params_ui_tutorial' retrieved from /home/airflow/.local/lib/python3.8/site-packages/airflow/example_dags/example_params_ui_tutorial.py
[2025-11-02T19:07:14.816+0000] {logging_mixin.py:188} INFO - [2025-11-02T19:07:14.815+0000] {dag.py:3036} INFO - Sync 1 DAGs
[2025-11-02T19:07:14.855+0000] {logging_mixin.py:188} INFO - [2025-11-02T19:07:14.854+0000] {dag.py:3823} INFO - Setting next_dagrun for example_params_ui_tutorial to None, run_after=None
[2025-11-02T19:07:14.912+0000] {processor.py:183} INFO - Processing /home/airflow/.local/lib/python3.8/site-packages/airflow/example_dags/example_params_ui_tutorial.py took 0.370 seconds
[2025-11-02T19:07:45.887+0000] {processor.py:161} INFO - Started process (PID=4689) to work on /home/airflow/.local/lib/python3.8/site-packages/airflow/example_dags/example_params_ui_tutorial.py
[2025-11-02T19:07:45.891+0000] {processor.py:830} INFO - Processing file /home/airflow/.local/lib/python3.8/site-packages/airflow/example_dags/example_params_ui_tutorial.py for tasks to queue
[2025-11-02T19:07:45.896+0000] {logging_mixin.py:188} INFO - [2025-11-02T19:07:45.896+0000] {dagbag.py:538} INFO - Filling up the DagBag from /home/airflow/.local/lib/python3.8/site-packages/airflow/example_dags/example_params_ui_tutorial.py
[2025-11-02T19:07:45.933+0000] {processor.py:840} INFO - DAG(s) 'example_params_ui_tutorial' retrieved from /home/airflow/.local/lib/python3.8/site-packages/airflow/example_dags/example_params_ui_tutorial.py
[2025-11-02T19:07:46.113+0000] {logging_mixin.py:188} INFO - [2025-11-02T19:07:46.113+0000] {dag.py:3036} INFO - Sync 1 DAGs
[2025-11-02T19:07:46.143+0000] {logging_mixin.py:188} INFO - [2025-11-02T19:07:46.143+0000] {dag.py:3823} INFO - Setting next_dagrun for example_params_ui_tutorial to None, run_after=None
[2025-11-02T19:07:46.188+0000] {processor.py:183} INFO - Processing /home/airflow/.local/lib/python3.8/site-packages/airflow/example_dags/example_params_ui_tutorial.py took 0.310 seconds
[2025-11-02T19:08:16.611+0000] {processor.py:161} INFO - Started process (PID=4744) to work on /home/airflow/.local/lib/python3.8/site-packages/airflow/example_dags/example_params_ui_tutorial.py
[2025-11-02T19:08:16.613+0000] {processor.py:830} INFO - Processing file /home/airflow/.local/lib/python3.8/site-packages/airflow/example_dags/example_params_ui_tutorial.py for tasks to queue
[2025-11-02T19:08:16.618+0000] {logging_mixin.py:188} INFO - [2025-11-02T19:08:16.617+0000] {dagbag.py:538} INFO - Filling up the DagBag from /home/airflow/.local/lib/python3.8/site-packages/airflow/example_dags/example_params_ui_tutorial.py
[2025-11-02T19:08:16.644+0000] {processor.py:840} INFO - DAG(s) 'example_params_ui_tutorial' retrieved from /home/airflow/.local/lib/python3.8/site-packages/airflow/example_dags/example_params_ui_tutorial.py
[2025-11-02T19:08:16.788+0000] {logging_mixin.py:188} INFO - [2025-11-02T19:08:16.787+0000] {dag.py:3036} INFO - Sync 1 DAGs
[2025-11-02T19:08:16.811+0000] {logging_mixin.py:188} INFO - [2025-11-02T19:08:16.810+0000] {dag.py:3823} INFO - Setting next_dagrun for example_params_ui_tutorial to None, run_after=None
[2025-11-02T19:08:16.849+0000] {processor.py:183} INFO - Processing /home/airflow/.local/lib/python3.8/site-packages/airflow/example_dags/example_params_ui_tutorial.py took 0.246 seconds
[2025-11-02T19:08:47.450+0000] {processor.py:161} INFO - Started process (PID=4799) to work on /home/airflow/.local/lib/python3.8/site-packages/airflow/example_dags/example_params_ui_tutorial.py
[2025-11-02T19:08:47.453+0000] {processor.py:830} INFO - Processing file /home/airflow/.local/lib/python3.8/site-packages/airflow/example_dags/example_params_ui_tutorial.py for tasks to queue
[2025-11-02T19:08:47.461+0000] {logging_mixin.py:188} INFO - [2025-11-02T19:08:47.460+0000] {dagbag.py:538} INFO - Filling up the DagBag from /home/airflow/.local/lib/python3.8/site-packages/airflow/example_dags/example_params_ui_tutorial.py
[2025-11-02T19:08:47.675+0000] {processor.py:840} INFO - DAG(s) 'example_params_ui_tutorial' retrieved from /home/airflow/.local/lib/python3.8/site-packages/airflow/example_dags/example_params_ui_tutorial.py
[2025-11-02T19:08:47.864+0000] {logging_mixin.py:188} INFO - [2025-11-02T19:08:47.863+0000] {dag.py:3036} INFO - Sync 1 DAGs
[2025-11-02T19:08:47.905+0000] {logging_mixin.py:188} INFO - [2025-11-02T19:08:47.904+0000] {dag.py:3823} INFO - Setting next_dagrun for example_params_ui_tutorial to None, run_after=None
[2025-11-02T19:08:48.006+0000] {processor.py:183} INFO - Processing /home/airflow/.local/lib/python3.8/site-packages/airflow/example_dags/example_params_ui_tutorial.py took 0.429 seconds
[2025-11-02T19:09:18.805+0000] {processor.py:161} INFO - Started process (PID=4855) to work on /home/airflow/.local/lib/python3.8/site-packages/airflow/example_dags/example_params_ui_tutorial.py
[2025-11-02T19:09:18.808+0000] {processor.py:830} INFO - Processing file /home/airflow/.local/lib/python3.8/site-packages/airflow/example_dags/example_params_ui_tutorial.py for tasks to queue
[2025-11-02T19:09:18.814+0000] {logging_mixin.py:188} INFO - [2025-11-02T19:09:18.813+0000] {dagbag.py:538} INFO - Filling up the DagBag from /home/airflow/.local/lib/python3.8/site-packages/airflow/example_dags/example_params_ui_tutorial.py
[2025-11-02T19:09:18.861+0000] {processor.py:840} INFO - DAG(s) 'example_params_ui_tutorial' retrieved from /home/airflow/.local/lib/python3.8/site-packages/airflow/example_dags/example_params_ui_tutorial.py
[2025-11-02T19:09:19.069+0000] {logging_mixin.py:188} INFO - [2025-11-02T19:09:19.069+0000] {dag.py:3036} INFO - Sync 1 DAGs
[2025-11-02T19:09:19.132+0000] {logging_mixin.py:188} INFO - [2025-11-02T19:09:19.131+0000] {dag.py:3823} INFO - Setting next_dagrun for example_params_ui_tutorial to None, run_after=None
[2025-11-02T19:09:19.214+0000] {processor.py:183} INFO - Processing /home/airflow/.local/lib/python3.8/site-packages/airflow/example_dags/example_params_ui_tutorial.py took 0.420 seconds
[2025-11-02T19:09:50.813+0000] {processor.py:161} INFO - Started process (PID=4911) to work on /home/airflow/.local/lib/python3.8/site-packages/airflow/example_dags/example_params_ui_tutorial.py
[2025-11-02T19:09:50.817+0000] {processor.py:830} INFO - Processing file /home/airflow/.local/lib/python3.8/site-packages/airflow/example_dags/example_params_ui_tutorial.py for tasks to queue
[2025-11-02T19:09:50.824+0000] {logging_mixin.py:188} INFO - [2025-11-02T19:09:50.823+0000] {dagbag.py:538} INFO - Filling up the DagBag from /home/airflow/.local/lib/python3.8/site-packages/airflow/example_dags/example_params_ui_tutorial.py
[2025-11-02T19:09:50.888+0000] {processor.py:840} INFO - DAG(s) 'example_params_ui_tutorial' retrieved from /home/airflow/.local/lib/python3.8/site-packages/airflow/example_dags/example_params_ui_tutorial.py
[2025-11-02T19:09:51.356+0000] {logging_mixin.py:188} INFO - [2025-11-02T19:09:51.356+0000] {dag.py:3036} INFO - Sync 1 DAGs
[2025-11-02T19:09:51.457+0000] {logging_mixin.py:188} INFO - [2025-11-02T19:09:51.457+0000] {dag.py:3823} INFO - Setting next_dagrun for example_params_ui_tutorial to None, run_after=None
[2025-11-02T19:09:51.556+0000] {processor.py:183} INFO - Processing /home/airflow/.local/lib/python3.8/site-packages/airflow/example_dags/example_params_ui_tutorial.py took 0.761 seconds
[2025-11-02T19:10:22.104+0000] {processor.py:161} INFO - Started process (PID=4966) to work on /home/airflow/.local/lib/python3.8/site-packages/airflow/example_dags/example_params_ui_tutorial.py
[2025-11-02T19:10:22.106+0000] {processor.py:830} INFO - Processing file /home/airflow/.local/lib/python3.8/site-packages/airflow/example_dags/example_params_ui_tutorial.py for tasks to queue
[2025-11-02T19:10:22.111+0000] {logging_mixin.py:188} INFO - [2025-11-02T19:10:22.110+0000] {dagbag.py:538} INFO - Filling up the DagBag from /home/airflow/.local/lib/python3.8/site-packages/airflow/example_dags/example_params_ui_tutorial.py
[2025-11-02T19:10:22.153+0000] {processor.py:840} INFO - DAG(s) 'example_params_ui_tutorial' retrieved from /home/airflow/.local/lib/python3.8/site-packages/airflow/example_dags/example_params_ui_tutorial.py
[2025-11-02T19:10:22.322+0000] {logging_mixin.py:188} INFO - [2025-11-02T19:10:22.321+0000] {dag.py:3036} INFO - Sync 1 DAGs
[2025-11-02T19:10:22.356+0000] {logging_mixin.py:188} INFO - [2025-11-02T19:10:22.356+0000] {dag.py:3823} INFO - Setting next_dagrun for example_params_ui_tutorial to None, run_after=None
[2025-11-02T19:10:22.404+0000] {processor.py:183} INFO - Processing /home/airflow/.local/lib/python3.8/site-packages/airflow/example_dags/example_params_ui_tutorial.py took 0.308 seconds
[2025-11-02T19:10:52.680+0000] {processor.py:161} INFO - Started process (PID=5020) to work on /home/airflow/.local/lib/python3.8/site-packages/airflow/example_dags/example_params_ui_tutorial.py
[2025-11-02T19:10:52.683+0000] {processor.py:830} INFO - Processing file /home/airflow/.local/lib/python3.8/site-packages/airflow/example_dags/example_params_ui_tutorial.py for tasks to queue
[2025-11-02T19:10:52.688+0000] {logging_mixin.py:188} INFO - [2025-11-02T19:10:52.687+0000] {dagbag.py:538} INFO - Filling up the DagBag from /home/airflow/.local/lib/python3.8/site-packages/airflow/example_dags/example_params_ui_tutorial.py
[2025-11-02T19:10:52.720+0000] {processor.py:840} INFO - DAG(s) 'example_params_ui_tutorial' retrieved from /home/airflow/.local/lib/python3.8/site-packages/airflow/example_dags/example_params_ui_tutorial.py
[2025-11-02T19:10:52.866+0000] {logging_mixin.py:188} INFO - [2025-11-02T19:10:52.866+0000] {dag.py:3036} INFO - Sync 1 DAGs
[2025-11-02T19:10:52.899+0000] {logging_mixin.py:188} INFO - [2025-11-02T19:10:52.898+0000] {dag.py:3823} INFO - Setting next_dagrun for example_params_ui_tutorial to None, run_after=None
[2025-11-02T19:10:52.954+0000] {processor.py:183} INFO - Processing /home/airflow/.local/lib/python3.8/site-packages/airflow/example_dags/example_params_ui_tutorial.py took 0.283 seconds
[2025-11-02T19:11:23.476+0000] {processor.py:161} INFO - Started process (PID=5075) to work on /home/airflow/.local/lib/python3.8/site-packages/airflow/example_dags/example_params_ui_tutorial.py
[2025-11-02T19:11:23.480+0000] {processor.py:830} INFO - Processing file /home/airflow/.local/lib/python3.8/site-packages/airflow/example_dags/example_params_ui_tutorial.py for tasks to queue
[2025-11-02T19:11:23.486+0000] {logging_mixin.py:188} INFO - [2025-11-02T19:11:23.485+0000] {dagbag.py:538} INFO - Filling up the DagBag from /home/airflow/.local/lib/python3.8/site-packages/airflow/example_dags/example_params_ui_tutorial.py
[2025-11-02T19:11:23.525+0000] {processor.py:840} INFO - DAG(s) 'example_params_ui_tutorial' retrieved from /home/airflow/.local/lib/python3.8/site-packages/airflow/example_dags/example_params_ui_tutorial.py
[2025-11-02T19:11:23.683+0000] {logging_mixin.py:188} INFO - [2025-11-02T19:11:23.682+0000] {dag.py:3036} INFO - Sync 1 DAGs
[2025-11-02T19:11:23.713+0000] {logging_mixin.py:188} INFO - [2025-11-02T19:11:23.713+0000] {dag.py:3823} INFO - Setting next_dagrun for example_params_ui_tutorial to None, run_after=None
[2025-11-02T19:11:23.759+0000] {processor.py:183} INFO - Processing /home/airflow/.local/lib/python3.8/site-packages/airflow/example_dags/example_params_ui_tutorial.py took 0.295 seconds
[2025-11-02T19:11:54.576+0000] {processor.py:161} INFO - Started process (PID=5131) to work on /home/airflow/.local/lib/python3.8/site-packages/airflow/example_dags/example_params_ui_tutorial.py
[2025-11-02T19:11:54.580+0000] {processor.py:830} INFO - Processing file /home/airflow/.local/lib/python3.8/site-packages/airflow/example_dags/example_params_ui_tutorial.py for tasks to queue
[2025-11-02T19:11:54.585+0000] {logging_mixin.py:188} INFO - [2025-11-02T19:11:54.584+0000] {dagbag.py:538} INFO - Filling up the DagBag from /home/airflow/.local/lib/python3.8/site-packages/airflow/example_dags/example_params_ui_tutorial.py
[2025-11-02T19:11:54.624+0000] {processor.py:840} INFO - DAG(s) 'example_params_ui_tutorial' retrieved from /home/airflow/.local/lib/python3.8/site-packages/airflow/example_dags/example_params_ui_tutorial.py
[2025-11-02T19:11:54.930+0000] {logging_mixin.py:188} INFO - [2025-11-02T19:11:54.929+0000] {dag.py:3036} INFO - Sync 1 DAGs
[2025-11-02T19:11:54.967+0000] {logging_mixin.py:188} INFO - [2025-11-02T19:11:54.966+0000] {dag.py:3823} INFO - Setting next_dagrun for example_params_ui_tutorial to None, run_after=None
[2025-11-02T19:11:55.025+0000] {processor.py:183} INFO - Processing /home/airflow/.local/lib/python3.8/site-packages/airflow/example_dags/example_params_ui_tutorial.py took 0.458 seconds
[2025-11-02T19:12:25.347+0000] {processor.py:161} INFO - Started process (PID=5185) to work on /home/airflow/.local/lib/python3.8/site-packages/airflow/example_dags/example_params_ui_tutorial.py
[2025-11-02T19:12:25.351+0000] {processor.py:830} INFO - Processing file /home/airflow/.local/lib/python3.8/site-packages/airflow/example_dags/example_params_ui_tutorial.py for tasks to queue
[2025-11-02T19:12:25.358+0000] {logging_mixin.py:188} INFO - [2025-11-02T19:12:25.357+0000] {dagbag.py:538} INFO - Filling up the DagBag from /home/airflow/.local/lib/python3.8/site-packages/airflow/example_dags/example_params_ui_tutorial.py
[2025-11-02T19:12:25.401+0000] {processor.py:840} INFO - DAG(s) 'example_params_ui_tutorial' retrieved from /home/airflow/.local/lib/python3.8/site-packages/airflow/example_dags/example_params_ui_tutorial.py
[2025-11-02T19:12:25.835+0000] {logging_mixin.py:188} INFO - [2025-11-02T19:12:25.834+0000] {dag.py:3036} INFO - Sync 1 DAGs
[2025-11-02T19:12:25.917+0000] {logging_mixin.py:188} INFO - [2025-11-02T19:12:25.915+0000] {dag.py:3823} INFO - Setting next_dagrun for example_params_ui_tutorial to None, run_after=None
[2025-11-02T19:12:26.064+0000] {processor.py:183} INFO - Processing /home/airflow/.local/lib/python3.8/site-packages/airflow/example_dags/example_params_ui_tutorial.py took 0.737 seconds
[2025-11-02T19:12:56.177+0000] {processor.py:161} INFO - Started process (PID=5242) to work on /home/airflow/.local/lib/python3.8/site-packages/airflow/example_dags/example_params_ui_tutorial.py
[2025-11-02T19:12:56.179+0000] {processor.py:830} INFO - Processing file /home/airflow/.local/lib/python3.8/site-packages/airflow/example_dags/example_params_ui_tutorial.py for tasks to queue
[2025-11-02T19:12:56.184+0000] {logging_mixin.py:188} INFO - [2025-11-02T19:12:56.183+0000] {dagbag.py:538} INFO - Filling up the DagBag from /home/airflow/.local/lib/python3.8/site-packages/airflow/example_dags/example_params_ui_tutorial.py
[2025-11-02T19:12:56.210+0000] {processor.py:840} INFO - DAG(s) 'example_params_ui_tutorial' retrieved from /home/airflow/.local/lib/python3.8/site-packages/airflow/example_dags/example_params_ui_tutorial.py
[2025-11-02T19:12:56.329+0000] {logging_mixin.py:188} INFO - [2025-11-02T19:12:56.329+0000] {dag.py:3036} INFO - Sync 1 DAGs
[2025-11-02T19:12:56.354+0000] {logging_mixin.py:188} INFO - [2025-11-02T19:12:56.353+0000] {dag.py:3823} INFO - Setting next_dagrun for example_params_ui_tutorial to None, run_after=None
[2025-11-02T19:12:56.395+0000] {processor.py:183} INFO - Processing /home/airflow/.local/lib/python3.8/site-packages/airflow/example_dags/example_params_ui_tutorial.py took 0.227 seconds
[2025-11-02T19:13:26.554+0000] {processor.py:161} INFO - Started process (PID=5296) to work on /home/airflow/.local/lib/python3.8/site-packages/airflow/example_dags/example_params_ui_tutorial.py
[2025-11-02T19:13:26.556+0000] {processor.py:830} INFO - Processing file /home/airflow/.local/lib/python3.8/site-packages/airflow/example_dags/example_params_ui_tutorial.py for tasks to queue
[2025-11-02T19:13:26.561+0000] {logging_mixin.py:188} INFO - [2025-11-02T19:13:26.560+0000] {dagbag.py:538} INFO - Filling up the DagBag from /home/airflow/.local/lib/python3.8/site-packages/airflow/example_dags/example_params_ui_tutorial.py
[2025-11-02T19:13:26.588+0000] {processor.py:840} INFO - DAG(s) 'example_params_ui_tutorial' retrieved from /home/airflow/.local/lib/python3.8/site-packages/airflow/example_dags/example_params_ui_tutorial.py
[2025-11-02T19:13:26.707+0000] {logging_mixin.py:188} INFO - [2025-11-02T19:13:26.707+0000] {dag.py:3036} INFO - Sync 1 DAGs
[2025-11-02T19:13:26.732+0000] {logging_mixin.py:188} INFO - [2025-11-02T19:13:26.732+0000] {dag.py:3823} INFO - Setting next_dagrun for example_params_ui_tutorial to None, run_after=None
[2025-11-02T19:13:26.774+0000] {processor.py:183} INFO - Processing /home/airflow/.local/lib/python3.8/site-packages/airflow/example_dags/example_params_ui_tutorial.py took 0.229 seconds
[2025-11-02T19:13:56.905+0000] {processor.py:161} INFO - Started process (PID=5350) to work on /home/airflow/.local/lib/python3.8/site-packages/airflow/example_dags/example_params_ui_tutorial.py
[2025-11-02T19:13:56.908+0000] {processor.py:830} INFO - Processing file /home/airflow/.local/lib/python3.8/site-packages/airflow/example_dags/example_params_ui_tutorial.py for tasks to queue
[2025-11-02T19:13:56.913+0000] {logging_mixin.py:188} INFO - [2025-11-02T19:13:56.912+0000] {dagbag.py:538} INFO - Filling up the DagBag from /home/airflow/.local/lib/python3.8/site-packages/airflow/example_dags/example_params_ui_tutorial.py
[2025-11-02T19:13:56.948+0000] {processor.py:840} INFO - DAG(s) 'example_params_ui_tutorial' retrieved from /home/airflow/.local/lib/python3.8/site-packages/airflow/example_dags/example_params_ui_tutorial.py
[2025-11-02T19:13:57.120+0000] {logging_mixin.py:188} INFO - [2025-11-02T19:13:57.120+0000] {dag.py:3036} INFO - Sync 1 DAGs
[2025-11-02T19:13:57.144+0000] {logging_mixin.py:188} INFO - [2025-11-02T19:13:57.144+0000] {dag.py:3823} INFO - Setting next_dagrun for example_params_ui_tutorial to None, run_after=None
[2025-11-02T19:13:57.185+0000] {processor.py:183} INFO - Processing /home/airflow/.local/lib/python3.8/site-packages/airflow/example_dags/example_params_ui_tutorial.py took 0.292 seconds
[2025-11-02T19:14:27.810+0000] {processor.py:161} INFO - Started process (PID=5405) to work on /home/airflow/.local/lib/python3.8/site-packages/airflow/example_dags/example_params_ui_tutorial.py
[2025-11-02T19:14:27.813+0000] {processor.py:830} INFO - Processing file /home/airflow/.local/lib/python3.8/site-packages/airflow/example_dags/example_params_ui_tutorial.py for tasks to queue
[2025-11-02T19:14:27.820+0000] {logging_mixin.py:188} INFO - [2025-11-02T19:14:27.819+0000] {dagbag.py:538} INFO - Filling up the DagBag from /home/airflow/.local/lib/python3.8/site-packages/airflow/example_dags/example_params_ui_tutorial.py
[2025-11-02T19:14:27.858+0000] {processor.py:840} INFO - DAG(s) 'example_params_ui_tutorial' retrieved from /home/airflow/.local/lib/python3.8/site-packages/airflow/example_dags/example_params_ui_tutorial.py
[2025-11-02T19:14:28.009+0000] {logging_mixin.py:188} INFO - [2025-11-02T19:14:28.008+0000] {dag.py:3036} INFO - Sync 1 DAGs
[2025-11-02T19:14:28.032+0000] {logging_mixin.py:188} INFO - [2025-11-02T19:14:28.031+0000] {dag.py:3823} INFO - Setting next_dagrun for example_params_ui_tutorial to None, run_after=None
[2025-11-02T19:14:28.071+0000] {processor.py:183} INFO - Processing /home/airflow/.local/lib/python3.8/site-packages/airflow/example_dags/example_params_ui_tutorial.py took 0.270 seconds
[2025-11-02T19:14:58.928+0000] {processor.py:161} INFO - Started process (PID=5461) to work on /home/airflow/.local/lib/python3.8/site-packages/airflow/example_dags/example_params_ui_tutorial.py
[2025-11-02T19:14:58.934+0000] {processor.py:830} INFO - Processing file /home/airflow/.local/lib/python3.8/site-packages/airflow/example_dags/example_params_ui_tutorial.py for tasks to queue
[2025-11-02T19:14:58.942+0000] {logging_mixin.py:188} INFO - [2025-11-02T19:14:58.941+0000] {dagbag.py:538} INFO - Filling up the DagBag from /home/airflow/.local/lib/python3.8/site-packages/airflow/example_dags/example_params_ui_tutorial.py
[2025-11-02T19:14:58.992+0000] {processor.py:840} INFO - DAG(s) 'example_params_ui_tutorial' retrieved from /home/airflow/.local/lib/python3.8/site-packages/airflow/example_dags/example_params_ui_tutorial.py
[2025-11-02T19:14:59.263+0000] {logging_mixin.py:188} INFO - [2025-11-02T19:14:59.262+0000] {dag.py:3036} INFO - Sync 1 DAGs
[2025-11-02T19:14:59.321+0000] {logging_mixin.py:188} INFO - [2025-11-02T19:14:59.319+0000] {dag.py:3823} INFO - Setting next_dagrun for example_params_ui_tutorial to None, run_after=None
[2025-11-02T19:14:59.388+0000] {processor.py:183} INFO - Processing /home/airflow/.local/lib/python3.8/site-packages/airflow/example_dags/example_params_ui_tutorial.py took 0.478 seconds
[2025-11-02T19:15:29.679+0000] {processor.py:161} INFO - Started process (PID=5516) to work on /home/airflow/.local/lib/python3.8/site-packages/airflow/example_dags/example_params_ui_tutorial.py
[2025-11-02T19:15:29.682+0000] {processor.py:830} INFO - Processing file /home/airflow/.local/lib/python3.8/site-packages/airflow/example_dags/example_params_ui_tutorial.py for tasks to queue
[2025-11-02T19:15:29.689+0000] {logging_mixin.py:188} INFO - [2025-11-02T19:15:29.688+0000] {dagbag.py:538} INFO - Filling up the DagBag from /home/airflow/.local/lib/python3.8/site-packages/airflow/example_dags/example_params_ui_tutorial.py
[2025-11-02T19:15:29.741+0000] {processor.py:840} INFO - DAG(s) 'example_params_ui_tutorial' retrieved from /home/airflow/.local/lib/python3.8/site-packages/airflow/example_dags/example_params_ui_tutorial.py
[2025-11-02T19:15:29.935+0000] {logging_mixin.py:188} INFO - [2025-11-02T19:15:29.934+0000] {dag.py:3036} INFO - Sync 1 DAGs
[2025-11-02T19:15:29.988+0000] {logging_mixin.py:188} INFO - [2025-11-02T19:15:29.987+0000] {dag.py:3823} INFO - Setting next_dagrun for example_params_ui_tutorial to None, run_after=None
[2025-11-02T19:15:30.042+0000] {processor.py:183} INFO - Processing /home/airflow/.local/lib/python3.8/site-packages/airflow/example_dags/example_params_ui_tutorial.py took 0.372 seconds
[2025-11-02T19:16:00.258+0000] {processor.py:161} INFO - Started process (PID=5572) to work on /home/airflow/.local/lib/python3.8/site-packages/airflow/example_dags/example_params_ui_tutorial.py
[2025-11-02T19:16:00.261+0000] {processor.py:830} INFO - Processing file /home/airflow/.local/lib/python3.8/site-packages/airflow/example_dags/example_params_ui_tutorial.py for tasks to queue
[2025-11-02T19:16:00.266+0000] {logging_mixin.py:188} INFO - [2025-11-02T19:16:00.265+0000] {dagbag.py:538} INFO - Filling up the DagBag from /home/airflow/.local/lib/python3.8/site-packages/airflow/example_dags/example_params_ui_tutorial.py
[2025-11-02T19:16:00.293+0000] {processor.py:840} INFO - DAG(s) 'example_params_ui_tutorial' retrieved from /home/airflow/.local/lib/python3.8/site-packages/airflow/example_dags/example_params_ui_tutorial.py
[2025-11-02T19:16:00.419+0000] {logging_mixin.py:188} INFO - [2025-11-02T19:16:00.419+0000] {dag.py:3036} INFO - Sync 1 DAGs
[2025-11-02T19:16:00.443+0000] {logging_mixin.py:188} INFO - [2025-11-02T19:16:00.443+0000] {dag.py:3823} INFO - Setting next_dagrun for example_params_ui_tutorial to None, run_after=None
[2025-11-02T19:16:00.484+0000] {processor.py:183} INFO - Processing /home/airflow/.local/lib/python3.8/site-packages/airflow/example_dags/example_params_ui_tutorial.py took 0.235 seconds
[2025-11-02T19:16:30.975+0000] {processor.py:161} INFO - Started process (PID=5626) to work on /home/airflow/.local/lib/python3.8/site-packages/airflow/example_dags/example_params_ui_tutorial.py
[2025-11-02T19:16:30.978+0000] {processor.py:830} INFO - Processing file /home/airflow/.local/lib/python3.8/site-packages/airflow/example_dags/example_params_ui_tutorial.py for tasks to queue
[2025-11-02T19:16:30.984+0000] {logging_mixin.py:188} INFO - [2025-11-02T19:16:30.982+0000] {dagbag.py:538} INFO - Filling up the DagBag from /home/airflow/.local/lib/python3.8/site-packages/airflow/example_dags/example_params_ui_tutorial.py
[2025-11-02T19:16:31.026+0000] {processor.py:840} INFO - DAG(s) 'example_params_ui_tutorial' retrieved from /home/airflow/.local/lib/python3.8/site-packages/airflow/example_dags/example_params_ui_tutorial.py
[2025-11-02T19:16:31.232+0000] {logging_mixin.py:188} INFO - [2025-11-02T19:16:31.231+0000] {dag.py:3036} INFO - Sync 1 DAGs
[2025-11-02T19:16:31.297+0000] {logging_mixin.py:188} INFO - [2025-11-02T19:16:31.297+0000] {dag.py:3823} INFO - Setting next_dagrun for example_params_ui_tutorial to None, run_after=None
[2025-11-02T19:16:31.362+0000] {processor.py:183} INFO - Processing /home/airflow/.local/lib/python3.8/site-packages/airflow/example_dags/example_params_ui_tutorial.py took 0.398 seconds
[2025-11-02T19:17:01.553+0000] {processor.py:161} INFO - Started process (PID=5680) to work on /home/airflow/.local/lib/python3.8/site-packages/airflow/example_dags/example_params_ui_tutorial.py
[2025-11-02T19:17:01.556+0000] {processor.py:830} INFO - Processing file /home/airflow/.local/lib/python3.8/site-packages/airflow/example_dags/example_params_ui_tutorial.py for tasks to queue
[2025-11-02T19:17:01.562+0000] {logging_mixin.py:188} INFO - [2025-11-02T19:17:01.561+0000] {dagbag.py:538} INFO - Filling up the DagBag from /home/airflow/.local/lib/python3.8/site-packages/airflow/example_dags/example_params_ui_tutorial.py
[2025-11-02T19:17:01.590+0000] {processor.py:840} INFO - DAG(s) 'example_params_ui_tutorial' retrieved from /home/airflow/.local/lib/python3.8/site-packages/airflow/example_dags/example_params_ui_tutorial.py
[2025-11-02T19:17:01.745+0000] {logging_mixin.py:188} INFO - [2025-11-02T19:17:01.744+0000] {dag.py:3036} INFO - Sync 1 DAGs
[2025-11-02T19:17:01.778+0000] {logging_mixin.py:188} INFO - [2025-11-02T19:17:01.777+0000] {dag.py:3823} INFO - Setting next_dagrun for example_params_ui_tutorial to None, run_after=None
[2025-11-02T19:17:01.829+0000] {processor.py:183} INFO - Processing /home/airflow/.local/lib/python3.8/site-packages/airflow/example_dags/example_params_ui_tutorial.py took 0.286 seconds
[2025-11-02T19:17:31.930+0000] {processor.py:161} INFO - Started process (PID=5734) to work on /home/airflow/.local/lib/python3.8/site-packages/airflow/example_dags/example_params_ui_tutorial.py
[2025-11-02T19:17:31.933+0000] {processor.py:830} INFO - Processing file /home/airflow/.local/lib/python3.8/site-packages/airflow/example_dags/example_params_ui_tutorial.py for tasks to queue
[2025-11-02T19:17:31.938+0000] {logging_mixin.py:188} INFO - [2025-11-02T19:17:31.938+0000] {dagbag.py:538} INFO - Filling up the DagBag from /home/airflow/.local/lib/python3.8/site-packages/airflow/example_dags/example_params_ui_tutorial.py
[2025-11-02T19:17:31.967+0000] {processor.py:840} INFO - DAG(s) 'example_params_ui_tutorial' retrieved from /home/airflow/.local/lib/python3.8/site-packages/airflow/example_dags/example_params_ui_tutorial.py
[2025-11-02T19:17:32.112+0000] {logging_mixin.py:188} INFO - [2025-11-02T19:17:32.112+0000] {dag.py:3036} INFO - Sync 1 DAGs
[2025-11-02T19:17:32.166+0000] {logging_mixin.py:188} INFO - [2025-11-02T19:17:32.165+0000] {dag.py:3823} INFO - Setting next_dagrun for example_params_ui_tutorial to None, run_after=None
[2025-11-02T19:17:32.221+0000] {processor.py:183} INFO - Processing /home/airflow/.local/lib/python3.8/site-packages/airflow/example_dags/example_params_ui_tutorial.py took 0.300 seconds
[2025-11-02T19:18:02.618+0000] {processor.py:161} INFO - Started process (PID=5789) to work on /home/airflow/.local/lib/python3.8/site-packages/airflow/example_dags/example_params_ui_tutorial.py
[2025-11-02T19:18:02.632+0000] {processor.py:830} INFO - Processing file /home/airflow/.local/lib/python3.8/site-packages/airflow/example_dags/example_params_ui_tutorial.py for tasks to queue
[2025-11-02T19:18:02.657+0000] {logging_mixin.py:188} INFO - [2025-11-02T19:18:02.656+0000] {dagbag.py:538} INFO - Filling up the DagBag from /home/airflow/.local/lib/python3.8/site-packages/airflow/example_dags/example_params_ui_tutorial.py
[2025-11-02T19:18:02.694+0000] {processor.py:840} INFO - DAG(s) 'example_params_ui_tutorial' retrieved from /home/airflow/.local/lib/python3.8/site-packages/airflow/example_dags/example_params_ui_tutorial.py
[2025-11-02T19:18:02.876+0000] {logging_mixin.py:188} INFO - [2025-11-02T19:18:02.876+0000] {dag.py:3036} INFO - Sync 1 DAGs
[2025-11-02T19:18:02.919+0000] {logging_mixin.py:188} INFO - [2025-11-02T19:18:02.919+0000] {dag.py:3823} INFO - Setting next_dagrun for example_params_ui_tutorial to None, run_after=None
[2025-11-02T19:18:02.974+0000] {processor.py:183} INFO - Processing /home/airflow/.local/lib/python3.8/site-packages/airflow/example_dags/example_params_ui_tutorial.py took 0.376 seconds
[2025-11-02T19:18:33.203+0000] {processor.py:161} INFO - Started process (PID=5844) to work on /home/airflow/.local/lib/python3.8/site-packages/airflow/example_dags/example_params_ui_tutorial.py
[2025-11-02T19:18:33.206+0000] {processor.py:830} INFO - Processing file /home/airflow/.local/lib/python3.8/site-packages/airflow/example_dags/example_params_ui_tutorial.py for tasks to queue
[2025-11-02T19:18:33.212+0000] {logging_mixin.py:188} INFO - [2025-11-02T19:18:33.211+0000] {dagbag.py:538} INFO - Filling up the DagBag from /home/airflow/.local/lib/python3.8/site-packages/airflow/example_dags/example_params_ui_tutorial.py
[2025-11-02T19:18:33.248+0000] {processor.py:840} INFO - DAG(s) 'example_params_ui_tutorial' retrieved from /home/airflow/.local/lib/python3.8/site-packages/airflow/example_dags/example_params_ui_tutorial.py
[2025-11-02T19:18:33.438+0000] {logging_mixin.py:188} INFO - [2025-11-02T19:18:33.438+0000] {dag.py:3036} INFO - Sync 1 DAGs
[2025-11-02T19:18:33.478+0000] {logging_mixin.py:188} INFO - [2025-11-02T19:18:33.477+0000] {dag.py:3823} INFO - Setting next_dagrun for example_params_ui_tutorial to None, run_after=None
[2025-11-02T19:18:33.531+0000] {processor.py:183} INFO - Processing /home/airflow/.local/lib/python3.8/site-packages/airflow/example_dags/example_params_ui_tutorial.py took 0.340 seconds
[2025-11-02T19:19:03.639+0000] {processor.py:161} INFO - Started process (PID=5898) to work on /home/airflow/.local/lib/python3.8/site-packages/airflow/example_dags/example_params_ui_tutorial.py
[2025-11-02T19:19:03.642+0000] {processor.py:830} INFO - Processing file /home/airflow/.local/lib/python3.8/site-packages/airflow/example_dags/example_params_ui_tutorial.py for tasks to queue
[2025-11-02T19:19:03.647+0000] {logging_mixin.py:188} INFO - [2025-11-02T19:19:03.646+0000] {dagbag.py:538} INFO - Filling up the DagBag from /home/airflow/.local/lib/python3.8/site-packages/airflow/example_dags/example_params_ui_tutorial.py
[2025-11-02T19:19:03.677+0000] {processor.py:840} INFO - DAG(s) 'example_params_ui_tutorial' retrieved from /home/airflow/.local/lib/python3.8/site-packages/airflow/example_dags/example_params_ui_tutorial.py
[2025-11-02T19:19:03.867+0000] {logging_mixin.py:188} INFO - [2025-11-02T19:19:03.866+0000] {dag.py:3036} INFO - Sync 1 DAGs
[2025-11-02T19:19:03.899+0000] {logging_mixin.py:188} INFO - [2025-11-02T19:19:03.899+0000] {dag.py:3823} INFO - Setting next_dagrun for example_params_ui_tutorial to None, run_after=None
[2025-11-02T19:19:03.952+0000] {processor.py:183} INFO - Processing /home/airflow/.local/lib/python3.8/site-packages/airflow/example_dags/example_params_ui_tutorial.py took 0.325 seconds
[2025-11-02T19:19:34.411+0000] {processor.py:161} INFO - Started process (PID=5953) to work on /home/airflow/.local/lib/python3.8/site-packages/airflow/example_dags/example_params_ui_tutorial.py
[2025-11-02T19:19:34.415+0000] {processor.py:830} INFO - Processing file /home/airflow/.local/lib/python3.8/site-packages/airflow/example_dags/example_params_ui_tutorial.py for tasks to queue
[2025-11-02T19:19:34.421+0000] {logging_mixin.py:188} INFO - [2025-11-02T19:19:34.420+0000] {dagbag.py:538} INFO - Filling up the DagBag from /home/airflow/.local/lib/python3.8/site-packages/airflow/example_dags/example_params_ui_tutorial.py
[2025-11-02T19:19:34.460+0000] {processor.py:840} INFO - DAG(s) 'example_params_ui_tutorial' retrieved from /home/airflow/.local/lib/python3.8/site-packages/airflow/example_dags/example_params_ui_tutorial.py
[2025-11-02T19:19:34.631+0000] {logging_mixin.py:188} INFO - [2025-11-02T19:19:34.630+0000] {dag.py:3036} INFO - Sync 1 DAGs
[2025-11-02T19:19:34.672+0000] {logging_mixin.py:188} INFO - [2025-11-02T19:19:34.672+0000] {dag.py:3823} INFO - Setting next_dagrun for example_params_ui_tutorial to None, run_after=None
[2025-11-02T19:19:34.743+0000] {processor.py:183} INFO - Processing /home/airflow/.local/lib/python3.8/site-packages/airflow/example_dags/example_params_ui_tutorial.py took 0.344 seconds
[2025-11-02T19:20:05.041+0000] {processor.py:161} INFO - Started process (PID=6009) to work on /home/airflow/.local/lib/python3.8/site-packages/airflow/example_dags/example_params_ui_tutorial.py
[2025-11-02T19:20:05.044+0000] {processor.py:830} INFO - Processing file /home/airflow/.local/lib/python3.8/site-packages/airflow/example_dags/example_params_ui_tutorial.py for tasks to queue
[2025-11-02T19:20:05.049+0000] {logging_mixin.py:188} INFO - [2025-11-02T19:20:05.048+0000] {dagbag.py:538} INFO - Filling up the DagBag from /home/airflow/.local/lib/python3.8/site-packages/airflow/example_dags/example_params_ui_tutorial.py
[2025-11-02T19:20:05.096+0000] {processor.py:840} INFO - DAG(s) 'example_params_ui_tutorial' retrieved from /home/airflow/.local/lib/python3.8/site-packages/airflow/example_dags/example_params_ui_tutorial.py
[2025-11-02T19:20:05.272+0000] {logging_mixin.py:188} INFO - [2025-11-02T19:20:05.271+0000] {dag.py:3036} INFO - Sync 1 DAGs
[2025-11-02T19:20:05.302+0000] {logging_mixin.py:188} INFO - [2025-11-02T19:20:05.302+0000] {dag.py:3823} INFO - Setting next_dagrun for example_params_ui_tutorial to None, run_after=None
[2025-11-02T19:20:05.353+0000] {processor.py:183} INFO - Processing /home/airflow/.local/lib/python3.8/site-packages/airflow/example_dags/example_params_ui_tutorial.py took 0.320 seconds
[2025-11-02T19:20:35.458+0000] {processor.py:161} INFO - Started process (PID=6064) to work on /home/airflow/.local/lib/python3.8/site-packages/airflow/example_dags/example_params_ui_tutorial.py
[2025-11-02T19:20:35.462+0000] {processor.py:830} INFO - Processing file /home/airflow/.local/lib/python3.8/site-packages/airflow/example_dags/example_params_ui_tutorial.py for tasks to queue
[2025-11-02T19:20:35.474+0000] {logging_mixin.py:188} INFO - [2025-11-02T19:20:35.473+0000] {dagbag.py:538} INFO - Filling up the DagBag from /home/airflow/.local/lib/python3.8/site-packages/airflow/example_dags/example_params_ui_tutorial.py
[2025-11-02T19:20:35.516+0000] {processor.py:840} INFO - DAG(s) 'example_params_ui_tutorial' retrieved from /home/airflow/.local/lib/python3.8/site-packages/airflow/example_dags/example_params_ui_tutorial.py
[2025-11-02T19:20:35.721+0000] {logging_mixin.py:188} INFO - [2025-11-02T19:20:35.721+0000] {dag.py:3036} INFO - Sync 1 DAGs
[2025-11-02T19:20:35.749+0000] {logging_mixin.py:188} INFO - [2025-11-02T19:20:35.749+0000] {dag.py:3823} INFO - Setting next_dagrun for example_params_ui_tutorial to None, run_after=None
[2025-11-02T19:20:35.801+0000] {processor.py:183} INFO - Processing /home/airflow/.local/lib/python3.8/site-packages/airflow/example_dags/example_params_ui_tutorial.py took 0.358 seconds
[2025-11-02T19:21:07.958+0000] {processor.py:161} INFO - Started process (PID=6121) to work on /home/airflow/.local/lib/python3.8/site-packages/airflow/example_dags/example_params_ui_tutorial.py
[2025-11-02T19:21:07.961+0000] {processor.py:830} INFO - Processing file /home/airflow/.local/lib/python3.8/site-packages/airflow/example_dags/example_params_ui_tutorial.py for tasks to queue
[2025-11-02T19:21:07.967+0000] {logging_mixin.py:188} INFO - [2025-11-02T19:21:07.966+0000] {dagbag.py:538} INFO - Filling up the DagBag from /home/airflow/.local/lib/python3.8/site-packages/airflow/example_dags/example_params_ui_tutorial.py
[2025-11-02T19:21:08.001+0000] {processor.py:840} INFO - DAG(s) 'example_params_ui_tutorial' retrieved from /home/airflow/.local/lib/python3.8/site-packages/airflow/example_dags/example_params_ui_tutorial.py
[2025-11-02T19:21:08.256+0000] {logging_mixin.py:188} INFO - [2025-11-02T19:21:08.255+0000] {dag.py:3036} INFO - Sync 1 DAGs
[2025-11-02T19:21:08.286+0000] {logging_mixin.py:188} INFO - [2025-11-02T19:21:08.285+0000] {dag.py:3823} INFO - Setting next_dagrun for example_params_ui_tutorial to None, run_after=None
[2025-11-02T19:21:08.336+0000] {processor.py:183} INFO - Processing /home/airflow/.local/lib/python3.8/site-packages/airflow/example_dags/example_params_ui_tutorial.py took 0.389 seconds
[2025-11-02T19:21:38.851+0000] {processor.py:161} INFO - Started process (PID=6175) to work on /home/airflow/.local/lib/python3.8/site-packages/airflow/example_dags/example_params_ui_tutorial.py
[2025-11-02T19:21:38.858+0000] {processor.py:830} INFO - Processing file /home/airflow/.local/lib/python3.8/site-packages/airflow/example_dags/example_params_ui_tutorial.py for tasks to queue
[2025-11-02T19:21:38.865+0000] {logging_mixin.py:188} INFO - [2025-11-02T19:21:38.864+0000] {dagbag.py:538} INFO - Filling up the DagBag from /home/airflow/.local/lib/python3.8/site-packages/airflow/example_dags/example_params_ui_tutorial.py
[2025-11-02T19:21:38.924+0000] {processor.py:840} INFO - DAG(s) 'example_params_ui_tutorial' retrieved from /home/airflow/.local/lib/python3.8/site-packages/airflow/example_dags/example_params_ui_tutorial.py
[2025-11-02T19:21:39.178+0000] {logging_mixin.py:188} INFO - [2025-11-02T19:21:39.178+0000] {dag.py:3036} INFO - Sync 1 DAGs
[2025-11-02T19:21:39.252+0000] {logging_mixin.py:188} INFO - [2025-11-02T19:21:39.251+0000] {dag.py:3823} INFO - Setting next_dagrun for example_params_ui_tutorial to None, run_after=None
[2025-11-02T19:21:39.318+0000] {processor.py:183} INFO - Processing /home/airflow/.local/lib/python3.8/site-packages/airflow/example_dags/example_params_ui_tutorial.py took 0.480 seconds
[2025-11-02T19:22:09.478+0000] {processor.py:161} INFO - Started process (PID=6229) to work on /home/airflow/.local/lib/python3.8/site-packages/airflow/example_dags/example_params_ui_tutorial.py
[2025-11-02T19:22:09.481+0000] {processor.py:830} INFO - Processing file /home/airflow/.local/lib/python3.8/site-packages/airflow/example_dags/example_params_ui_tutorial.py for tasks to queue
[2025-11-02T19:22:09.488+0000] {logging_mixin.py:188} INFO - [2025-11-02T19:22:09.487+0000] {dagbag.py:538} INFO - Filling up the DagBag from /home/airflow/.local/lib/python3.8/site-packages/airflow/example_dags/example_params_ui_tutorial.py
[2025-11-02T19:22:09.524+0000] {processor.py:840} INFO - DAG(s) 'example_params_ui_tutorial' retrieved from /home/airflow/.local/lib/python3.8/site-packages/airflow/example_dags/example_params_ui_tutorial.py
[2025-11-02T19:22:09.696+0000] {logging_mixin.py:188} INFO - [2025-11-02T19:22:09.695+0000] {dag.py:3036} INFO - Sync 1 DAGs
[2025-11-02T19:22:09.727+0000] {logging_mixin.py:188} INFO - [2025-11-02T19:22:09.726+0000] {dag.py:3823} INFO - Setting next_dagrun for example_params_ui_tutorial to None, run_after=None
[2025-11-02T19:22:09.781+0000] {processor.py:183} INFO - Processing /home/airflow/.local/lib/python3.8/site-packages/airflow/example_dags/example_params_ui_tutorial.py took 0.315 seconds
[2025-11-02T19:22:40.366+0000] {processor.py:161} INFO - Started process (PID=6284) to work on /home/airflow/.local/lib/python3.8/site-packages/airflow/example_dags/example_params_ui_tutorial.py
[2025-11-02T19:22:40.369+0000] {processor.py:830} INFO - Processing file /home/airflow/.local/lib/python3.8/site-packages/airflow/example_dags/example_params_ui_tutorial.py for tasks to queue
[2025-11-02T19:22:40.374+0000] {logging_mixin.py:188} INFO - [2025-11-02T19:22:40.373+0000] {dagbag.py:538} INFO - Filling up the DagBag from /home/airflow/.local/lib/python3.8/site-packages/airflow/example_dags/example_params_ui_tutorial.py
[2025-11-02T19:22:40.402+0000] {processor.py:840} INFO - DAG(s) 'example_params_ui_tutorial' retrieved from /home/airflow/.local/lib/python3.8/site-packages/airflow/example_dags/example_params_ui_tutorial.py
[2025-11-02T19:22:40.532+0000] {logging_mixin.py:188} INFO - [2025-11-02T19:22:40.531+0000] {dag.py:3036} INFO - Sync 1 DAGs
[2025-11-02T19:22:40.555+0000] {logging_mixin.py:188} INFO - [2025-11-02T19:22:40.555+0000] {dag.py:3823} INFO - Setting next_dagrun for example_params_ui_tutorial to None, run_after=None
[2025-11-02T19:22:40.599+0000] {processor.py:183} INFO - Processing /home/airflow/.local/lib/python3.8/site-packages/airflow/example_dags/example_params_ui_tutorial.py took 0.241 seconds
[2025-11-02T19:23:11.489+0000] {processor.py:161} INFO - Started process (PID=6339) to work on /home/airflow/.local/lib/python3.8/site-packages/airflow/example_dags/example_params_ui_tutorial.py
[2025-11-02T19:23:11.492+0000] {processor.py:830} INFO - Processing file /home/airflow/.local/lib/python3.8/site-packages/airflow/example_dags/example_params_ui_tutorial.py for tasks to queue
[2025-11-02T19:23:11.497+0000] {logging_mixin.py:188} INFO - [2025-11-02T19:23:11.496+0000] {dagbag.py:538} INFO - Filling up the DagBag from /home/airflow/.local/lib/python3.8/site-packages/airflow/example_dags/example_params_ui_tutorial.py
[2025-11-02T19:23:11.526+0000] {processor.py:840} INFO - DAG(s) 'example_params_ui_tutorial' retrieved from /home/airflow/.local/lib/python3.8/site-packages/airflow/example_dags/example_params_ui_tutorial.py
[2025-11-02T19:23:11.687+0000] {logging_mixin.py:188} INFO - [2025-11-02T19:23:11.686+0000] {dag.py:3036} INFO - Sync 1 DAGs
[2025-11-02T19:23:11.711+0000] {logging_mixin.py:188} INFO - [2025-11-02T19:23:11.711+0000] {dag.py:3823} INFO - Setting next_dagrun for example_params_ui_tutorial to None, run_after=None
[2025-11-02T19:23:11.756+0000] {processor.py:183} INFO - Processing /home/airflow/.local/lib/python3.8/site-packages/airflow/example_dags/example_params_ui_tutorial.py took 0.276 seconds
[2025-11-02T19:23:42.019+0000] {processor.py:161} INFO - Started process (PID=6394) to work on /home/airflow/.local/lib/python3.8/site-packages/airflow/example_dags/example_params_ui_tutorial.py
[2025-11-02T19:23:42.022+0000] {processor.py:830} INFO - Processing file /home/airflow/.local/lib/python3.8/site-packages/airflow/example_dags/example_params_ui_tutorial.py for tasks to queue
[2025-11-02T19:23:42.028+0000] {logging_mixin.py:188} INFO - [2025-11-02T19:23:42.027+0000] {dagbag.py:538} INFO - Filling up the DagBag from /home/airflow/.local/lib/python3.8/site-packages/airflow/example_dags/example_params_ui_tutorial.py
[2025-11-02T19:23:42.063+0000] {processor.py:840} INFO - DAG(s) 'example_params_ui_tutorial' retrieved from /home/airflow/.local/lib/python3.8/site-packages/airflow/example_dags/example_params_ui_tutorial.py
[2025-11-02T19:23:42.322+0000] {logging_mixin.py:188} INFO - [2025-11-02T19:23:42.322+0000] {dag.py:3036} INFO - Sync 1 DAGs
[2025-11-02T19:23:42.353+0000] {logging_mixin.py:188} INFO - [2025-11-02T19:23:42.352+0000] {dag.py:3823} INFO - Setting next_dagrun for example_params_ui_tutorial to None, run_after=None
[2025-11-02T19:23:42.405+0000] {processor.py:183} INFO - Processing /home/airflow/.local/lib/python3.8/site-packages/airflow/example_dags/example_params_ui_tutorial.py took 0.396 seconds
[2025-11-02T19:24:12.514+0000] {processor.py:161} INFO - Started process (PID=6449) to work on /home/airflow/.local/lib/python3.8/site-packages/airflow/example_dags/example_params_ui_tutorial.py
[2025-11-02T19:24:12.516+0000] {processor.py:830} INFO - Processing file /home/airflow/.local/lib/python3.8/site-packages/airflow/example_dags/example_params_ui_tutorial.py for tasks to queue
[2025-11-02T19:24:12.521+0000] {logging_mixin.py:188} INFO - [2025-11-02T19:24:12.520+0000] {dagbag.py:538} INFO - Filling up the DagBag from /home/airflow/.local/lib/python3.8/site-packages/airflow/example_dags/example_params_ui_tutorial.py
[2025-11-02T19:24:12.559+0000] {processor.py:840} INFO - DAG(s) 'example_params_ui_tutorial' retrieved from /home/airflow/.local/lib/python3.8/site-packages/airflow/example_dags/example_params_ui_tutorial.py
[2025-11-02T19:24:12.705+0000] {logging_mixin.py:188} INFO - [2025-11-02T19:24:12.705+0000] {dag.py:3036} INFO - Sync 1 DAGs
[2025-11-02T19:24:12.731+0000] {logging_mixin.py:188} INFO - [2025-11-02T19:24:12.731+0000] {dag.py:3823} INFO - Setting next_dagrun for example_params_ui_tutorial to None, run_after=None
[2025-11-02T19:24:12.768+0000] {processor.py:183} INFO - Processing /home/airflow/.local/lib/python3.8/site-packages/airflow/example_dags/example_params_ui_tutorial.py took 0.265 seconds
[2025-11-02T19:24:43.256+0000] {processor.py:161} INFO - Started process (PID=6504) to work on /home/airflow/.local/lib/python3.8/site-packages/airflow/example_dags/example_params_ui_tutorial.py
[2025-11-02T19:24:43.265+0000] {processor.py:830} INFO - Processing file /home/airflow/.local/lib/python3.8/site-packages/airflow/example_dags/example_params_ui_tutorial.py for tasks to queue
[2025-11-02T19:24:43.270+0000] {logging_mixin.py:188} INFO - [2025-11-02T19:24:43.269+0000] {dagbag.py:538} INFO - Filling up the DagBag from /home/airflow/.local/lib/python3.8/site-packages/airflow/example_dags/example_params_ui_tutorial.py
[2025-11-02T19:24:43.305+0000] {processor.py:840} INFO - DAG(s) 'example_params_ui_tutorial' retrieved from /home/airflow/.local/lib/python3.8/site-packages/airflow/example_dags/example_params_ui_tutorial.py
[2025-11-02T19:24:43.497+0000] {logging_mixin.py:188} INFO - [2025-11-02T19:24:43.496+0000] {dag.py:3036} INFO - Sync 1 DAGs
[2025-11-02T19:24:43.525+0000] {logging_mixin.py:188} INFO - [2025-11-02T19:24:43.524+0000] {dag.py:3823} INFO - Setting next_dagrun for example_params_ui_tutorial to None, run_after=None
[2025-11-02T19:24:43.564+0000] {processor.py:183} INFO - Processing /home/airflow/.local/lib/python3.8/site-packages/airflow/example_dags/example_params_ui_tutorial.py took 0.324 seconds
[2025-11-02T19:25:13.940+0000] {processor.py:161} INFO - Started process (PID=6559) to work on /home/airflow/.local/lib/python3.8/site-packages/airflow/example_dags/example_params_ui_tutorial.py
[2025-11-02T19:25:13.943+0000] {processor.py:830} INFO - Processing file /home/airflow/.local/lib/python3.8/site-packages/airflow/example_dags/example_params_ui_tutorial.py for tasks to queue
[2025-11-02T19:25:13.948+0000] {logging_mixin.py:188} INFO - [2025-11-02T19:25:13.947+0000] {dagbag.py:538} INFO - Filling up the DagBag from /home/airflow/.local/lib/python3.8/site-packages/airflow/example_dags/example_params_ui_tutorial.py
[2025-11-02T19:25:13.976+0000] {processor.py:840} INFO - DAG(s) 'example_params_ui_tutorial' retrieved from /home/airflow/.local/lib/python3.8/site-packages/airflow/example_dags/example_params_ui_tutorial.py
[2025-11-02T19:25:14.128+0000] {logging_mixin.py:188} INFO - [2025-11-02T19:25:14.127+0000] {dag.py:3036} INFO - Sync 1 DAGs
[2025-11-02T19:25:14.153+0000] {logging_mixin.py:188} INFO - [2025-11-02T19:25:14.152+0000] {dag.py:3823} INFO - Setting next_dagrun for example_params_ui_tutorial to None, run_after=None
[2025-11-02T19:25:14.190+0000] {processor.py:183} INFO - Processing /home/airflow/.local/lib/python3.8/site-packages/airflow/example_dags/example_params_ui_tutorial.py took 0.260 seconds
[2025-11-02T19:25:44.675+0000] {processor.py:161} INFO - Started process (PID=6611) to work on /home/airflow/.local/lib/python3.8/site-packages/airflow/example_dags/example_params_ui_tutorial.py
[2025-11-02T19:25:44.679+0000] {processor.py:830} INFO - Processing file /home/airflow/.local/lib/python3.8/site-packages/airflow/example_dags/example_params_ui_tutorial.py for tasks to queue
[2025-11-02T19:25:44.685+0000] {logging_mixin.py:188} INFO - [2025-11-02T19:25:44.684+0000] {dagbag.py:538} INFO - Filling up the DagBag from /home/airflow/.local/lib/python3.8/site-packages/airflow/example_dags/example_params_ui_tutorial.py
[2025-11-02T19:25:44.731+0000] {processor.py:840} INFO - DAG(s) 'example_params_ui_tutorial' retrieved from /home/airflow/.local/lib/python3.8/site-packages/airflow/example_dags/example_params_ui_tutorial.py
[2025-11-02T19:25:44.925+0000] {logging_mixin.py:188} INFO - [2025-11-02T19:25:44.925+0000] {dag.py:3036} INFO - Sync 1 DAGs
[2025-11-02T19:25:44.967+0000] {logging_mixin.py:188} INFO - [2025-11-02T19:25:44.966+0000] {dag.py:3823} INFO - Setting next_dagrun for example_params_ui_tutorial to None, run_after=None
[2025-11-02T19:25:45.019+0000] {processor.py:183} INFO - Processing /home/airflow/.local/lib/python3.8/site-packages/airflow/example_dags/example_params_ui_tutorial.py took 0.359 seconds
[2025-11-02T19:26:15.544+0000] {processor.py:161} INFO - Started process (PID=6666) to work on /home/airflow/.local/lib/python3.8/site-packages/airflow/example_dags/example_params_ui_tutorial.py
[2025-11-02T19:26:15.551+0000] {processor.py:830} INFO - Processing file /home/airflow/.local/lib/python3.8/site-packages/airflow/example_dags/example_params_ui_tutorial.py for tasks to queue
[2025-11-02T19:26:15.558+0000] {logging_mixin.py:188} INFO - [2025-11-02T19:26:15.557+0000] {dagbag.py:538} INFO - Filling up the DagBag from /home/airflow/.local/lib/python3.8/site-packages/airflow/example_dags/example_params_ui_tutorial.py
[2025-11-02T19:26:15.610+0000] {processor.py:840} INFO - DAG(s) 'example_params_ui_tutorial' retrieved from /home/airflow/.local/lib/python3.8/site-packages/airflow/example_dags/example_params_ui_tutorial.py
[2025-11-02T19:26:15.948+0000] {logging_mixin.py:188} INFO - [2025-11-02T19:26:15.947+0000] {dag.py:3036} INFO - Sync 1 DAGs
[2025-11-02T19:26:16.002+0000] {logging_mixin.py:188} INFO - [2025-11-02T19:26:16.002+0000] {dag.py:3823} INFO - Setting next_dagrun for example_params_ui_tutorial to None, run_after=None
[2025-11-02T19:26:16.133+0000] {processor.py:183} INFO - Processing /home/airflow/.local/lib/python3.8/site-packages/airflow/example_dags/example_params_ui_tutorial.py took 0.606 seconds
[2025-11-02T19:26:46.595+0000] {processor.py:161} INFO - Started process (PID=6721) to work on /home/airflow/.local/lib/python3.8/site-packages/airflow/example_dags/example_params_ui_tutorial.py
[2025-11-02T19:26:46.599+0000] {processor.py:830} INFO - Processing file /home/airflow/.local/lib/python3.8/site-packages/airflow/example_dags/example_params_ui_tutorial.py for tasks to queue
[2025-11-02T19:26:46.611+0000] {logging_mixin.py:188} INFO - [2025-11-02T19:26:46.610+0000] {dagbag.py:538} INFO - Filling up the DagBag from /home/airflow/.local/lib/python3.8/site-packages/airflow/example_dags/example_params_ui_tutorial.py
[2025-11-02T19:26:46.647+0000] {processor.py:840} INFO - DAG(s) 'example_params_ui_tutorial' retrieved from /home/airflow/.local/lib/python3.8/site-packages/airflow/example_dags/example_params_ui_tutorial.py
[2025-11-02T19:26:46.783+0000] {logging_mixin.py:188} INFO - [2025-11-02T19:26:46.783+0000] {dag.py:3036} INFO - Sync 1 DAGs
[2025-11-02T19:26:46.814+0000] {logging_mixin.py:188} INFO - [2025-11-02T19:26:46.813+0000] {dag.py:3823} INFO - Setting next_dagrun for example_params_ui_tutorial to None, run_after=None
[2025-11-02T19:26:46.849+0000] {processor.py:183} INFO - Processing /home/airflow/.local/lib/python3.8/site-packages/airflow/example_dags/example_params_ui_tutorial.py took 0.274 seconds
[2025-11-02T19:27:16.938+0000] {processor.py:161} INFO - Started process (PID=6777) to work on /home/airflow/.local/lib/python3.8/site-packages/airflow/example_dags/example_params_ui_tutorial.py
[2025-11-02T19:27:16.942+0000] {processor.py:830} INFO - Processing file /home/airflow/.local/lib/python3.8/site-packages/airflow/example_dags/example_params_ui_tutorial.py for tasks to queue
[2025-11-02T19:27:16.948+0000] {logging_mixin.py:188} INFO - [2025-11-02T19:27:16.948+0000] {dagbag.py:538} INFO - Filling up the DagBag from /home/airflow/.local/lib/python3.8/site-packages/airflow/example_dags/example_params_ui_tutorial.py
[2025-11-02T19:27:16.986+0000] {processor.py:840} INFO - DAG(s) 'example_params_ui_tutorial' retrieved from /home/airflow/.local/lib/python3.8/site-packages/airflow/example_dags/example_params_ui_tutorial.py
[2025-11-02T19:27:17.140+0000] {logging_mixin.py:188} INFO - [2025-11-02T19:27:17.139+0000] {dag.py:3036} INFO - Sync 1 DAGs
[2025-11-02T19:27:17.164+0000] {logging_mixin.py:188} INFO - [2025-11-02T19:27:17.164+0000] {dag.py:3823} INFO - Setting next_dagrun for example_params_ui_tutorial to None, run_after=None
[2025-11-02T19:27:17.203+0000] {processor.py:183} INFO - Processing /home/airflow/.local/lib/python3.8/site-packages/airflow/example_dags/example_params_ui_tutorial.py took 0.274 seconds
[2025-11-02T19:27:47.915+0000] {processor.py:161} INFO - Started process (PID=6832) to work on /home/airflow/.local/lib/python3.8/site-packages/airflow/example_dags/example_params_ui_tutorial.py
[2025-11-02T19:27:47.918+0000] {processor.py:830} INFO - Processing file /home/airflow/.local/lib/python3.8/site-packages/airflow/example_dags/example_params_ui_tutorial.py for tasks to queue
[2025-11-02T19:27:47.926+0000] {logging_mixin.py:188} INFO - [2025-11-02T19:27:47.925+0000] {dagbag.py:538} INFO - Filling up the DagBag from /home/airflow/.local/lib/python3.8/site-packages/airflow/example_dags/example_params_ui_tutorial.py
[2025-11-02T19:27:47.974+0000] {processor.py:840} INFO - DAG(s) 'example_params_ui_tutorial' retrieved from /home/airflow/.local/lib/python3.8/site-packages/airflow/example_dags/example_params_ui_tutorial.py
[2025-11-02T19:27:48.178+0000] {logging_mixin.py:188} INFO - [2025-11-02T19:27:48.177+0000] {dag.py:3036} INFO - Sync 1 DAGs
[2025-11-02T19:27:48.211+0000] {logging_mixin.py:188} INFO - [2025-11-02T19:27:48.211+0000] {dag.py:3823} INFO - Setting next_dagrun for example_params_ui_tutorial to None, run_after=None
[2025-11-02T19:27:48.268+0000] {processor.py:183} INFO - Processing /home/airflow/.local/lib/python3.8/site-packages/airflow/example_dags/example_params_ui_tutorial.py took 0.371 seconds
[2025-11-02T19:28:18.953+0000] {processor.py:161} INFO - Started process (PID=6887) to work on /home/airflow/.local/lib/python3.8/site-packages/airflow/example_dags/example_params_ui_tutorial.py
[2025-11-02T19:28:18.963+0000] {processor.py:830} INFO - Processing file /home/airflow/.local/lib/python3.8/site-packages/airflow/example_dags/example_params_ui_tutorial.py for tasks to queue
[2025-11-02T19:28:18.971+0000] {logging_mixin.py:188} INFO - [2025-11-02T19:28:18.969+0000] {dagbag.py:538} INFO - Filling up the DagBag from /home/airflow/.local/lib/python3.8/site-packages/airflow/example_dags/example_params_ui_tutorial.py
[2025-11-02T19:28:19.023+0000] {processor.py:840} INFO - DAG(s) 'example_params_ui_tutorial' retrieved from /home/airflow/.local/lib/python3.8/site-packages/airflow/example_dags/example_params_ui_tutorial.py
[2025-11-02T19:28:19.283+0000] {logging_mixin.py:188} INFO - [2025-11-02T19:28:19.282+0000] {dag.py:3036} INFO - Sync 1 DAGs
[2025-11-02T19:28:19.327+0000] {logging_mixin.py:188} INFO - [2025-11-02T19:28:19.327+0000] {dag.py:3823} INFO - Setting next_dagrun for example_params_ui_tutorial to None, run_after=None
[2025-11-02T19:28:19.392+0000] {processor.py:183} INFO - Processing /home/airflow/.local/lib/python3.8/site-packages/airflow/example_dags/example_params_ui_tutorial.py took 0.453 seconds
[2025-11-02T19:28:49.704+0000] {processor.py:161} INFO - Started process (PID=6942) to work on /home/airflow/.local/lib/python3.8/site-packages/airflow/example_dags/example_params_ui_tutorial.py
[2025-11-02T19:28:49.707+0000] {processor.py:830} INFO - Processing file /home/airflow/.local/lib/python3.8/site-packages/airflow/example_dags/example_params_ui_tutorial.py for tasks to queue
[2025-11-02T19:28:49.713+0000] {logging_mixin.py:188} INFO - [2025-11-02T19:28:49.712+0000] {dagbag.py:538} INFO - Filling up the DagBag from /home/airflow/.local/lib/python3.8/site-packages/airflow/example_dags/example_params_ui_tutorial.py
[2025-11-02T19:28:49.755+0000] {processor.py:840} INFO - DAG(s) 'example_params_ui_tutorial' retrieved from /home/airflow/.local/lib/python3.8/site-packages/airflow/example_dags/example_params_ui_tutorial.py
[2025-11-02T19:28:49.990+0000] {logging_mixin.py:188} INFO - [2025-11-02T19:28:49.990+0000] {dag.py:3036} INFO - Sync 1 DAGs
[2025-11-02T19:28:50.013+0000] {logging_mixin.py:188} INFO - [2025-11-02T19:28:50.012+0000] {dag.py:3823} INFO - Setting next_dagrun for example_params_ui_tutorial to None, run_after=None
[2025-11-02T19:28:50.055+0000] {processor.py:183} INFO - Processing /home/airflow/.local/lib/python3.8/site-packages/airflow/example_dags/example_params_ui_tutorial.py took 0.362 seconds
[2025-11-02T19:29:20.376+0000] {processor.py:161} INFO - Started process (PID=6996) to work on /home/airflow/.local/lib/python3.8/site-packages/airflow/example_dags/example_params_ui_tutorial.py
[2025-11-02T19:29:20.381+0000] {processor.py:830} INFO - Processing file /home/airflow/.local/lib/python3.8/site-packages/airflow/example_dags/example_params_ui_tutorial.py for tasks to queue
[2025-11-02T19:29:20.387+0000] {logging_mixin.py:188} INFO - [2025-11-02T19:29:20.386+0000] {dagbag.py:538} INFO - Filling up the DagBag from /home/airflow/.local/lib/python3.8/site-packages/airflow/example_dags/example_params_ui_tutorial.py
[2025-11-02T19:29:20.436+0000] {processor.py:840} INFO - DAG(s) 'example_params_ui_tutorial' retrieved from /home/airflow/.local/lib/python3.8/site-packages/airflow/example_dags/example_params_ui_tutorial.py
[2025-11-02T19:29:20.620+0000] {logging_mixin.py:188} INFO - [2025-11-02T19:29:20.620+0000] {dag.py:3036} INFO - Sync 1 DAGs
[2025-11-02T19:29:20.649+0000] {logging_mixin.py:188} INFO - [2025-11-02T19:29:20.648+0000] {dag.py:3823} INFO - Setting next_dagrun for example_params_ui_tutorial to None, run_after=None
[2025-11-02T19:29:20.700+0000] {processor.py:183} INFO - Processing /home/airflow/.local/lib/python3.8/site-packages/airflow/example_dags/example_params_ui_tutorial.py took 0.338 seconds
[2025-11-02T19:29:50.831+0000] {processor.py:161} INFO - Started process (PID=7052) to work on /home/airflow/.local/lib/python3.8/site-packages/airflow/example_dags/example_params_ui_tutorial.py
[2025-11-02T19:29:50.833+0000] {processor.py:830} INFO - Processing file /home/airflow/.local/lib/python3.8/site-packages/airflow/example_dags/example_params_ui_tutorial.py for tasks to queue
[2025-11-02T19:29:50.838+0000] {logging_mixin.py:188} INFO - [2025-11-02T19:29:50.838+0000] {dagbag.py:538} INFO - Filling up the DagBag from /home/airflow/.local/lib/python3.8/site-packages/airflow/example_dags/example_params_ui_tutorial.py
[2025-11-02T19:29:50.870+0000] {processor.py:840} INFO - DAG(s) 'example_params_ui_tutorial' retrieved from /home/airflow/.local/lib/python3.8/site-packages/airflow/example_dags/example_params_ui_tutorial.py
[2025-11-02T19:29:51.031+0000] {logging_mixin.py:188} INFO - [2025-11-02T19:29:51.031+0000] {dag.py:3036} INFO - Sync 1 DAGs
[2025-11-02T19:29:51.055+0000] {logging_mixin.py:188} INFO - [2025-11-02T19:29:51.055+0000] {dag.py:3823} INFO - Setting next_dagrun for example_params_ui_tutorial to None, run_after=None
[2025-11-02T19:29:51.094+0000] {processor.py:183} INFO - Processing /home/airflow/.local/lib/python3.8/site-packages/airflow/example_dags/example_params_ui_tutorial.py took 0.275 seconds
[2025-11-02T19:30:21.659+0000] {processor.py:161} INFO - Started process (PID=7107) to work on /home/airflow/.local/lib/python3.8/site-packages/airflow/example_dags/example_params_ui_tutorial.py
[2025-11-02T19:30:21.663+0000] {processor.py:830} INFO - Processing file /home/airflow/.local/lib/python3.8/site-packages/airflow/example_dags/example_params_ui_tutorial.py for tasks to queue
[2025-11-02T19:30:21.668+0000] {logging_mixin.py:188} INFO - [2025-11-02T19:30:21.668+0000] {dagbag.py:538} INFO - Filling up the DagBag from /home/airflow/.local/lib/python3.8/site-packages/airflow/example_dags/example_params_ui_tutorial.py
[2025-11-02T19:30:21.703+0000] {processor.py:840} INFO - DAG(s) 'example_params_ui_tutorial' retrieved from /home/airflow/.local/lib/python3.8/site-packages/airflow/example_dags/example_params_ui_tutorial.py
[2025-11-02T19:30:21.880+0000] {logging_mixin.py:188} INFO - [2025-11-02T19:30:21.880+0000] {dag.py:3036} INFO - Sync 1 DAGs
[2025-11-02T19:30:21.903+0000] {logging_mixin.py:188} INFO - [2025-11-02T19:30:21.903+0000] {dag.py:3823} INFO - Setting next_dagrun for example_params_ui_tutorial to None, run_after=None
[2025-11-02T19:30:21.941+0000] {processor.py:183} INFO - Processing /home/airflow/.local/lib/python3.8/site-packages/airflow/example_dags/example_params_ui_tutorial.py took 0.295 seconds
[2025-11-02T19:30:52.342+0000] {processor.py:161} INFO - Started process (PID=7162) to work on /home/airflow/.local/lib/python3.8/site-packages/airflow/example_dags/example_params_ui_tutorial.py
[2025-11-02T19:30:52.346+0000] {processor.py:830} INFO - Processing file /home/airflow/.local/lib/python3.8/site-packages/airflow/example_dags/example_params_ui_tutorial.py for tasks to queue
[2025-11-02T19:30:52.352+0000] {logging_mixin.py:188} INFO - [2025-11-02T19:30:52.351+0000] {dagbag.py:538} INFO - Filling up the DagBag from /home/airflow/.local/lib/python3.8/site-packages/airflow/example_dags/example_params_ui_tutorial.py
[2025-11-02T19:30:52.391+0000] {processor.py:840} INFO - DAG(s) 'example_params_ui_tutorial' retrieved from /home/airflow/.local/lib/python3.8/site-packages/airflow/example_dags/example_params_ui_tutorial.py
[2025-11-02T19:30:52.588+0000] {logging_mixin.py:188} INFO - [2025-11-02T19:30:52.587+0000] {dag.py:3036} INFO - Sync 1 DAGs
[2025-11-02T19:30:52.618+0000] {logging_mixin.py:188} INFO - [2025-11-02T19:30:52.617+0000] {dag.py:3823} INFO - Setting next_dagrun for example_params_ui_tutorial to None, run_after=None
[2025-11-02T19:30:52.658+0000] {processor.py:183} INFO - Processing /home/airflow/.local/lib/python3.8/site-packages/airflow/example_dags/example_params_ui_tutorial.py took 0.329 seconds
[2025-11-02T19:31:22.961+0000] {processor.py:161} INFO - Started process (PID=7218) to work on /home/airflow/.local/lib/python3.8/site-packages/airflow/example_dags/example_params_ui_tutorial.py
[2025-11-02T19:31:22.964+0000] {processor.py:830} INFO - Processing file /home/airflow/.local/lib/python3.8/site-packages/airflow/example_dags/example_params_ui_tutorial.py for tasks to queue
[2025-11-02T19:31:22.969+0000] {logging_mixin.py:188} INFO - [2025-11-02T19:31:22.968+0000] {dagbag.py:538} INFO - Filling up the DagBag from /home/airflow/.local/lib/python3.8/site-packages/airflow/example_dags/example_params_ui_tutorial.py
[2025-11-02T19:31:23.003+0000] {processor.py:840} INFO - DAG(s) 'example_params_ui_tutorial' retrieved from /home/airflow/.local/lib/python3.8/site-packages/airflow/example_dags/example_params_ui_tutorial.py
[2025-11-02T19:31:23.262+0000] {logging_mixin.py:188} INFO - [2025-11-02T19:31:23.260+0000] {dag.py:3036} INFO - Sync 1 DAGs
[2025-11-02T19:31:23.299+0000] {logging_mixin.py:188} INFO - [2025-11-02T19:31:23.299+0000] {dag.py:3823} INFO - Setting next_dagrun for example_params_ui_tutorial to None, run_after=None
[2025-11-02T19:31:23.356+0000] {processor.py:183} INFO - Processing /home/airflow/.local/lib/python3.8/site-packages/airflow/example_dags/example_params_ui_tutorial.py took 0.405 seconds
[2025-11-02T19:31:54.170+0000] {processor.py:161} INFO - Started process (PID=7273) to work on /home/airflow/.local/lib/python3.8/site-packages/airflow/example_dags/example_params_ui_tutorial.py
[2025-11-02T19:31:54.175+0000] {processor.py:830} INFO - Processing file /home/airflow/.local/lib/python3.8/site-packages/airflow/example_dags/example_params_ui_tutorial.py for tasks to queue
[2025-11-02T19:31:54.184+0000] {logging_mixin.py:188} INFO - [2025-11-02T19:31:54.182+0000] {dagbag.py:538} INFO - Filling up the DagBag from /home/airflow/.local/lib/python3.8/site-packages/airflow/example_dags/example_params_ui_tutorial.py
[2025-11-02T19:31:54.230+0000] {processor.py:840} INFO - DAG(s) 'example_params_ui_tutorial' retrieved from /home/airflow/.local/lib/python3.8/site-packages/airflow/example_dags/example_params_ui_tutorial.py
[2025-11-02T19:31:54.408+0000] {logging_mixin.py:188} INFO - [2025-11-02T19:31:54.407+0000] {dag.py:3036} INFO - Sync 1 DAGs
[2025-11-02T19:31:54.454+0000] {logging_mixin.py:188} INFO - [2025-11-02T19:31:54.453+0000] {dag.py:3823} INFO - Setting next_dagrun for example_params_ui_tutorial to None, run_after=None
[2025-11-02T19:31:54.500+0000] {processor.py:183} INFO - Processing /home/airflow/.local/lib/python3.8/site-packages/airflow/example_dags/example_params_ui_tutorial.py took 0.354 seconds
[2025-11-02T19:32:25.222+0000] {processor.py:161} INFO - Started process (PID=7328) to work on /home/airflow/.local/lib/python3.8/site-packages/airflow/example_dags/example_params_ui_tutorial.py
[2025-11-02T19:32:25.226+0000] {processor.py:830} INFO - Processing file /home/airflow/.local/lib/python3.8/site-packages/airflow/example_dags/example_params_ui_tutorial.py for tasks to queue
[2025-11-02T19:32:25.238+0000] {logging_mixin.py:188} INFO - [2025-11-02T19:32:25.237+0000] {dagbag.py:538} INFO - Filling up the DagBag from /home/airflow/.local/lib/python3.8/site-packages/airflow/example_dags/example_params_ui_tutorial.py
[2025-11-02T19:32:25.296+0000] {processor.py:840} INFO - DAG(s) 'example_params_ui_tutorial' retrieved from /home/airflow/.local/lib/python3.8/site-packages/airflow/example_dags/example_params_ui_tutorial.py
[2025-11-02T19:32:25.640+0000] {logging_mixin.py:188} INFO - [2025-11-02T19:32:25.640+0000] {dag.py:3036} INFO - Sync 1 DAGs
[2025-11-02T19:32:25.691+0000] {logging_mixin.py:188} INFO - [2025-11-02T19:32:25.691+0000] {dag.py:3823} INFO - Setting next_dagrun for example_params_ui_tutorial to None, run_after=None
[2025-11-02T19:32:25.746+0000] {processor.py:183} INFO - Processing /home/airflow/.local/lib/python3.8/site-packages/airflow/example_dags/example_params_ui_tutorial.py took 0.542 seconds
[2025-11-02T19:32:56.174+0000] {processor.py:161} INFO - Started process (PID=7383) to work on /home/airflow/.local/lib/python3.8/site-packages/airflow/example_dags/example_params_ui_tutorial.py
[2025-11-02T19:32:56.177+0000] {processor.py:830} INFO - Processing file /home/airflow/.local/lib/python3.8/site-packages/airflow/example_dags/example_params_ui_tutorial.py for tasks to queue
[2025-11-02T19:32:56.186+0000] {logging_mixin.py:188} INFO - [2025-11-02T19:32:56.185+0000] {dagbag.py:538} INFO - Filling up the DagBag from /home/airflow/.local/lib/python3.8/site-packages/airflow/example_dags/example_params_ui_tutorial.py
[2025-11-02T19:32:56.229+0000] {processor.py:840} INFO - DAG(s) 'example_params_ui_tutorial' retrieved from /home/airflow/.local/lib/python3.8/site-packages/airflow/example_dags/example_params_ui_tutorial.py
[2025-11-02T19:32:56.667+0000] {logging_mixin.py:188} INFO - [2025-11-02T19:32:56.666+0000] {dag.py:3036} INFO - Sync 1 DAGs
[2025-11-02T19:32:56.746+0000] {logging_mixin.py:188} INFO - [2025-11-02T19:32:56.745+0000] {dag.py:3823} INFO - Setting next_dagrun for example_params_ui_tutorial to None, run_after=None
[2025-11-02T19:32:56.821+0000] {processor.py:183} INFO - Processing /home/airflow/.local/lib/python3.8/site-packages/airflow/example_dags/example_params_ui_tutorial.py took 0.662 seconds
[2025-11-02T19:33:27.107+0000] {processor.py:161} INFO - Started process (PID=7438) to work on /home/airflow/.local/lib/python3.8/site-packages/airflow/example_dags/example_params_ui_tutorial.py
[2025-11-02T19:33:27.110+0000] {processor.py:830} INFO - Processing file /home/airflow/.local/lib/python3.8/site-packages/airflow/example_dags/example_params_ui_tutorial.py for tasks to queue
[2025-11-02T19:33:27.115+0000] {logging_mixin.py:188} INFO - [2025-11-02T19:33:27.114+0000] {dagbag.py:538} INFO - Filling up the DagBag from /home/airflow/.local/lib/python3.8/site-packages/airflow/example_dags/example_params_ui_tutorial.py
[2025-11-02T19:33:27.142+0000] {processor.py:840} INFO - DAG(s) 'example_params_ui_tutorial' retrieved from /home/airflow/.local/lib/python3.8/site-packages/airflow/example_dags/example_params_ui_tutorial.py
[2025-11-02T19:33:27.264+0000] {logging_mixin.py:188} INFO - [2025-11-02T19:33:27.264+0000] {dag.py:3036} INFO - Sync 1 DAGs
[2025-11-02T19:33:27.289+0000] {logging_mixin.py:188} INFO - [2025-11-02T19:33:27.288+0000] {dag.py:3823} INFO - Setting next_dagrun for example_params_ui_tutorial to None, run_after=None
[2025-11-02T19:33:27.332+0000] {processor.py:183} INFO - Processing /home/airflow/.local/lib/python3.8/site-packages/airflow/example_dags/example_params_ui_tutorial.py took 0.233 seconds
[2025-11-02T19:33:57.495+0000] {processor.py:161} INFO - Started process (PID=7494) to work on /home/airflow/.local/lib/python3.8/site-packages/airflow/example_dags/example_params_ui_tutorial.py
[2025-11-02T19:33:57.498+0000] {processor.py:830} INFO - Processing file /home/airflow/.local/lib/python3.8/site-packages/airflow/example_dags/example_params_ui_tutorial.py for tasks to queue
[2025-11-02T19:33:57.504+0000] {logging_mixin.py:188} INFO - [2025-11-02T19:33:57.504+0000] {dagbag.py:538} INFO - Filling up the DagBag from /home/airflow/.local/lib/python3.8/site-packages/airflow/example_dags/example_params_ui_tutorial.py
[2025-11-02T19:33:57.535+0000] {processor.py:840} INFO - DAG(s) 'example_params_ui_tutorial' retrieved from /home/airflow/.local/lib/python3.8/site-packages/airflow/example_dags/example_params_ui_tutorial.py
[2025-11-02T19:33:57.682+0000] {logging_mixin.py:188} INFO - [2025-11-02T19:33:57.681+0000] {dag.py:3036} INFO - Sync 1 DAGs
[2025-11-02T19:33:57.710+0000] {logging_mixin.py:188} INFO - [2025-11-02T19:33:57.709+0000] {dag.py:3823} INFO - Setting next_dagrun for example_params_ui_tutorial to None, run_after=None
[2025-11-02T19:33:57.758+0000] {processor.py:183} INFO - Processing /home/airflow/.local/lib/python3.8/site-packages/airflow/example_dags/example_params_ui_tutorial.py took 0.274 seconds
[2025-11-02T19:34:28.218+0000] {processor.py:161} INFO - Started process (PID=7547) to work on /home/airflow/.local/lib/python3.8/site-packages/airflow/example_dags/example_params_ui_tutorial.py
[2025-11-02T19:34:28.222+0000] {processor.py:830} INFO - Processing file /home/airflow/.local/lib/python3.8/site-packages/airflow/example_dags/example_params_ui_tutorial.py for tasks to queue
[2025-11-02T19:34:28.227+0000] {logging_mixin.py:188} INFO - [2025-11-02T19:34:28.226+0000] {dagbag.py:538} INFO - Filling up the DagBag from /home/airflow/.local/lib/python3.8/site-packages/airflow/example_dags/example_params_ui_tutorial.py
[2025-11-02T19:34:28.256+0000] {processor.py:840} INFO - DAG(s) 'example_params_ui_tutorial' retrieved from /home/airflow/.local/lib/python3.8/site-packages/airflow/example_dags/example_params_ui_tutorial.py
[2025-11-02T19:34:28.406+0000] {logging_mixin.py:188} INFO - [2025-11-02T19:34:28.405+0000] {dag.py:3036} INFO - Sync 1 DAGs
[2025-11-02T19:34:28.436+0000] {logging_mixin.py:188} INFO - [2025-11-02T19:34:28.436+0000] {dag.py:3823} INFO - Setting next_dagrun for example_params_ui_tutorial to None, run_after=None
[2025-11-02T19:34:28.481+0000] {processor.py:183} INFO - Processing /home/airflow/.local/lib/python3.8/site-packages/airflow/example_dags/example_params_ui_tutorial.py took 0.274 seconds
[2025-11-02T19:34:58.658+0000] {processor.py:161} INFO - Started process (PID=7602) to work on /home/airflow/.local/lib/python3.8/site-packages/airflow/example_dags/example_params_ui_tutorial.py
[2025-11-02T19:34:58.661+0000] {processor.py:830} INFO - Processing file /home/airflow/.local/lib/python3.8/site-packages/airflow/example_dags/example_params_ui_tutorial.py for tasks to queue
[2025-11-02T19:34:58.667+0000] {logging_mixin.py:188} INFO - [2025-11-02T19:34:58.666+0000] {dagbag.py:538} INFO - Filling up the DagBag from /home/airflow/.local/lib/python3.8/site-packages/airflow/example_dags/example_params_ui_tutorial.py
[2025-11-02T19:34:58.710+0000] {processor.py:840} INFO - DAG(s) 'example_params_ui_tutorial' retrieved from /home/airflow/.local/lib/python3.8/site-packages/airflow/example_dags/example_params_ui_tutorial.py
[2025-11-02T19:34:58.909+0000] {logging_mixin.py:188} INFO - [2025-11-02T19:34:58.909+0000] {dag.py:3036} INFO - Sync 1 DAGs
[2025-11-02T19:34:59.040+0000] {logging_mixin.py:188} INFO - [2025-11-02T19:34:59.040+0000] {dag.py:3823} INFO - Setting next_dagrun for example_params_ui_tutorial to None, run_after=None
[2025-11-02T19:34:59.149+0000] {processor.py:183} INFO - Processing /home/airflow/.local/lib/python3.8/site-packages/airflow/example_dags/example_params_ui_tutorial.py took 0.504 seconds
[2025-11-02T19:35:29.410+0000] {processor.py:161} INFO - Started process (PID=7657) to work on /home/airflow/.local/lib/python3.8/site-packages/airflow/example_dags/example_params_ui_tutorial.py
[2025-11-02T19:35:29.413+0000] {processor.py:830} INFO - Processing file /home/airflow/.local/lib/python3.8/site-packages/airflow/example_dags/example_params_ui_tutorial.py for tasks to queue
[2025-11-02T19:35:29.419+0000] {logging_mixin.py:188} INFO - [2025-11-02T19:35:29.418+0000] {dagbag.py:538} INFO - Filling up the DagBag from /home/airflow/.local/lib/python3.8/site-packages/airflow/example_dags/example_params_ui_tutorial.py
[2025-11-02T19:35:29.454+0000] {processor.py:840} INFO - DAG(s) 'example_params_ui_tutorial' retrieved from /home/airflow/.local/lib/python3.8/site-packages/airflow/example_dags/example_params_ui_tutorial.py
[2025-11-02T19:35:29.599+0000] {logging_mixin.py:188} INFO - [2025-11-02T19:35:29.599+0000] {dag.py:3036} INFO - Sync 1 DAGs
[2025-11-02T19:35:29.631+0000] {logging_mixin.py:188} INFO - [2025-11-02T19:35:29.630+0000] {dag.py:3823} INFO - Setting next_dagrun for example_params_ui_tutorial to None, run_after=None
[2025-11-02T19:35:29.676+0000] {processor.py:183} INFO - Processing /home/airflow/.local/lib/python3.8/site-packages/airflow/example_dags/example_params_ui_tutorial.py took 0.278 seconds
[2025-11-02T19:35:59.900+0000] {processor.py:161} INFO - Started process (PID=7712) to work on /home/airflow/.local/lib/python3.8/site-packages/airflow/example_dags/example_params_ui_tutorial.py
[2025-11-02T19:35:59.907+0000] {processor.py:830} INFO - Processing file /home/airflow/.local/lib/python3.8/site-packages/airflow/example_dags/example_params_ui_tutorial.py for tasks to queue
[2025-11-02T19:35:59.915+0000] {logging_mixin.py:188} INFO - [2025-11-02T19:35:59.914+0000] {dagbag.py:538} INFO - Filling up the DagBag from /home/airflow/.local/lib/python3.8/site-packages/airflow/example_dags/example_params_ui_tutorial.py
[2025-11-02T19:35:59.987+0000] {processor.py:840} INFO - DAG(s) 'example_params_ui_tutorial' retrieved from /home/airflow/.local/lib/python3.8/site-packages/airflow/example_dags/example_params_ui_tutorial.py
[2025-11-02T19:36:00.247+0000] {logging_mixin.py:188} INFO - [2025-11-02T19:36:00.246+0000] {dag.py:3036} INFO - Sync 1 DAGs
[2025-11-02T19:36:00.296+0000] {logging_mixin.py:188} INFO - [2025-11-02T19:36:00.295+0000] {dag.py:3823} INFO - Setting next_dagrun for example_params_ui_tutorial to None, run_after=None
[2025-11-02T19:36:00.361+0000] {processor.py:183} INFO - Processing /home/airflow/.local/lib/python3.8/site-packages/airflow/example_dags/example_params_ui_tutorial.py took 0.475 seconds
[2025-11-02T19:36:30.946+0000] {processor.py:161} INFO - Started process (PID=7766) to work on /home/airflow/.local/lib/python3.8/site-packages/airflow/example_dags/example_params_ui_tutorial.py
[2025-11-02T19:36:30.955+0000] {processor.py:830} INFO - Processing file /home/airflow/.local/lib/python3.8/site-packages/airflow/example_dags/example_params_ui_tutorial.py for tasks to queue
[2025-11-02T19:36:30.963+0000] {logging_mixin.py:188} INFO - [2025-11-02T19:36:30.962+0000] {dagbag.py:538} INFO - Filling up the DagBag from /home/airflow/.local/lib/python3.8/site-packages/airflow/example_dags/example_params_ui_tutorial.py
[2025-11-02T19:36:31.006+0000] {processor.py:840} INFO - DAG(s) 'example_params_ui_tutorial' retrieved from /home/airflow/.local/lib/python3.8/site-packages/airflow/example_dags/example_params_ui_tutorial.py
[2025-11-02T19:36:31.191+0000] {logging_mixin.py:188} INFO - [2025-11-02T19:36:31.191+0000] {dag.py:3036} INFO - Sync 1 DAGs
[2025-11-02T19:36:31.225+0000] {logging_mixin.py:188} INFO - [2025-11-02T19:36:31.224+0000] {dag.py:3823} INFO - Setting next_dagrun for example_params_ui_tutorial to None, run_after=None
[2025-11-02T19:36:31.281+0000] {processor.py:183} INFO - Processing /home/airflow/.local/lib/python3.8/site-packages/airflow/example_dags/example_params_ui_tutorial.py took 0.366 seconds
[2025-11-02T19:37:04.949+0000] {processor.py:161} INFO - Started process (PID=7818) to work on /home/airflow/.local/lib/python3.8/site-packages/airflow/example_dags/example_params_ui_tutorial.py
[2025-11-02T19:37:04.952+0000] {processor.py:830} INFO - Processing file /home/airflow/.local/lib/python3.8/site-packages/airflow/example_dags/example_params_ui_tutorial.py for tasks to queue
[2025-11-02T19:37:04.962+0000] {logging_mixin.py:188} INFO - [2025-11-02T19:37:04.961+0000] {dagbag.py:538} INFO - Filling up the DagBag from /home/airflow/.local/lib/python3.8/site-packages/airflow/example_dags/example_params_ui_tutorial.py
[2025-11-02T19:37:05.020+0000] {processor.py:840} INFO - DAG(s) 'example_params_ui_tutorial' retrieved from /home/airflow/.local/lib/python3.8/site-packages/airflow/example_dags/example_params_ui_tutorial.py
[2025-11-02T19:37:05.292+0000] {logging_mixin.py:188} INFO - [2025-11-02T19:37:05.292+0000] {dag.py:3036} INFO - Sync 1 DAGs
[2025-11-02T19:37:05.335+0000] {logging_mixin.py:188} INFO - [2025-11-02T19:37:05.334+0000] {dag.py:3823} INFO - Setting next_dagrun for example_params_ui_tutorial to None, run_after=None
[2025-11-02T19:37:05.393+0000] {processor.py:183} INFO - Processing /home/airflow/.local/lib/python3.8/site-packages/airflow/example_dags/example_params_ui_tutorial.py took 0.463 seconds
[2025-11-02T19:37:36.467+0000] {processor.py:161} INFO - Started process (PID=7872) to work on /home/airflow/.local/lib/python3.8/site-packages/airflow/example_dags/example_params_ui_tutorial.py
[2025-11-02T19:37:36.480+0000] {processor.py:830} INFO - Processing file /home/airflow/.local/lib/python3.8/site-packages/airflow/example_dags/example_params_ui_tutorial.py for tasks to queue
[2025-11-02T19:37:36.531+0000] {logging_mixin.py:188} INFO - [2025-11-02T19:37:36.530+0000] {dagbag.py:538} INFO - Filling up the DagBag from /home/airflow/.local/lib/python3.8/site-packages/airflow/example_dags/example_params_ui_tutorial.py
[2025-11-02T19:37:36.669+0000] {processor.py:840} INFO - DAG(s) 'example_params_ui_tutorial' retrieved from /home/airflow/.local/lib/python3.8/site-packages/airflow/example_dags/example_params_ui_tutorial.py
[2025-11-02T19:37:37.771+0000] {logging_mixin.py:188} INFO - [2025-11-02T19:37:37.768+0000] {dag.py:3036} INFO - Sync 1 DAGs
[2025-11-02T19:37:37.973+0000] {logging_mixin.py:188} INFO - [2025-11-02T19:37:37.973+0000] {dag.py:3823} INFO - Setting next_dagrun for example_params_ui_tutorial to None, run_after=None
[2025-11-02T19:37:38.132+0000] {processor.py:183} INFO - Processing /home/airflow/.local/lib/python3.8/site-packages/airflow/example_dags/example_params_ui_tutorial.py took 1.705 seconds
[2025-11-02T19:38:08.694+0000] {processor.py:161} INFO - Started process (PID=7926) to work on /home/airflow/.local/lib/python3.8/site-packages/airflow/example_dags/example_params_ui_tutorial.py
[2025-11-02T19:38:08.699+0000] {processor.py:830} INFO - Processing file /home/airflow/.local/lib/python3.8/site-packages/airflow/example_dags/example_params_ui_tutorial.py for tasks to queue
[2025-11-02T19:38:08.705+0000] {logging_mixin.py:188} INFO - [2025-11-02T19:38:08.704+0000] {dagbag.py:538} INFO - Filling up the DagBag from /home/airflow/.local/lib/python3.8/site-packages/airflow/example_dags/example_params_ui_tutorial.py
[2025-11-02T19:38:08.732+0000] {processor.py:840} INFO - DAG(s) 'example_params_ui_tutorial' retrieved from /home/airflow/.local/lib/python3.8/site-packages/airflow/example_dags/example_params_ui_tutorial.py
[2025-11-02T19:38:08.871+0000] {logging_mixin.py:188} INFO - [2025-11-02T19:38:08.870+0000] {dag.py:3036} INFO - Sync 1 DAGs
[2025-11-02T19:38:08.893+0000] {logging_mixin.py:188} INFO - [2025-11-02T19:38:08.893+0000] {dag.py:3823} INFO - Setting next_dagrun for example_params_ui_tutorial to None, run_after=None
[2025-11-02T19:38:08.965+0000] {processor.py:183} INFO - Processing /home/airflow/.local/lib/python3.8/site-packages/airflow/example_dags/example_params_ui_tutorial.py took 0.283 seconds
[2025-11-02T19:38:39.288+0000] {processor.py:161} INFO - Started process (PID=7981) to work on /home/airflow/.local/lib/python3.8/site-packages/airflow/example_dags/example_params_ui_tutorial.py
[2025-11-02T19:38:39.291+0000] {processor.py:830} INFO - Processing file /home/airflow/.local/lib/python3.8/site-packages/airflow/example_dags/example_params_ui_tutorial.py for tasks to queue
[2025-11-02T19:38:39.305+0000] {logging_mixin.py:188} INFO - [2025-11-02T19:38:39.305+0000] {dagbag.py:538} INFO - Filling up the DagBag from /home/airflow/.local/lib/python3.8/site-packages/airflow/example_dags/example_params_ui_tutorial.py
[2025-11-02T19:38:39.334+0000] {processor.py:840} INFO - DAG(s) 'example_params_ui_tutorial' retrieved from /home/airflow/.local/lib/python3.8/site-packages/airflow/example_dags/example_params_ui_tutorial.py
[2025-11-02T19:38:39.498+0000] {logging_mixin.py:188} INFO - [2025-11-02T19:38:39.497+0000] {dag.py:3036} INFO - Sync 1 DAGs
[2025-11-02T19:38:39.538+0000] {logging_mixin.py:188} INFO - [2025-11-02T19:38:39.537+0000] {dag.py:3823} INFO - Setting next_dagrun for example_params_ui_tutorial to None, run_after=None
[2025-11-02T19:38:39.585+0000] {processor.py:183} INFO - Processing /home/airflow/.local/lib/python3.8/site-packages/airflow/example_dags/example_params_ui_tutorial.py took 0.308 seconds
[2025-11-02T19:39:10.122+0000] {processor.py:161} INFO - Started process (PID=8037) to work on /home/airflow/.local/lib/python3.8/site-packages/airflow/example_dags/example_params_ui_tutorial.py
[2025-11-02T19:39:10.137+0000] {processor.py:830} INFO - Processing file /home/airflow/.local/lib/python3.8/site-packages/airflow/example_dags/example_params_ui_tutorial.py for tasks to queue
[2025-11-02T19:39:10.145+0000] {logging_mixin.py:188} INFO - [2025-11-02T19:39:10.144+0000] {dagbag.py:538} INFO - Filling up the DagBag from /home/airflow/.local/lib/python3.8/site-packages/airflow/example_dags/example_params_ui_tutorial.py
[2025-11-02T19:39:10.191+0000] {processor.py:840} INFO - DAG(s) 'example_params_ui_tutorial' retrieved from /home/airflow/.local/lib/python3.8/site-packages/airflow/example_dags/example_params_ui_tutorial.py
[2025-11-02T19:39:10.361+0000] {logging_mixin.py:188} INFO - [2025-11-02T19:39:10.361+0000] {dag.py:3036} INFO - Sync 1 DAGs
[2025-11-02T19:39:10.393+0000] {logging_mixin.py:188} INFO - [2025-11-02T19:39:10.393+0000] {dag.py:3823} INFO - Setting next_dagrun for example_params_ui_tutorial to None, run_after=None
[2025-11-02T19:39:10.443+0000] {processor.py:183} INFO - Processing /home/airflow/.local/lib/python3.8/site-packages/airflow/example_dags/example_params_ui_tutorial.py took 0.332 seconds
[2025-11-02T19:39:41.128+0000] {processor.py:161} INFO - Started process (PID=8093) to work on /home/airflow/.local/lib/python3.8/site-packages/airflow/example_dags/example_params_ui_tutorial.py
[2025-11-02T19:39:41.131+0000] {processor.py:830} INFO - Processing file /home/airflow/.local/lib/python3.8/site-packages/airflow/example_dags/example_params_ui_tutorial.py for tasks to queue
[2025-11-02T19:39:41.135+0000] {logging_mixin.py:188} INFO - [2025-11-02T19:39:41.135+0000] {dagbag.py:538} INFO - Filling up the DagBag from /home/airflow/.local/lib/python3.8/site-packages/airflow/example_dags/example_params_ui_tutorial.py
[2025-11-02T19:39:41.165+0000] {processor.py:840} INFO - DAG(s) 'example_params_ui_tutorial' retrieved from /home/airflow/.local/lib/python3.8/site-packages/airflow/example_dags/example_params_ui_tutorial.py
[2025-11-02T19:39:41.317+0000] {logging_mixin.py:188} INFO - [2025-11-02T19:39:41.317+0000] {dag.py:3036} INFO - Sync 1 DAGs
[2025-11-02T19:39:41.351+0000] {logging_mixin.py:188} INFO - [2025-11-02T19:39:41.351+0000] {dag.py:3823} INFO - Setting next_dagrun for example_params_ui_tutorial to None, run_after=None
[2025-11-02T19:39:41.407+0000] {processor.py:183} INFO - Processing /home/airflow/.local/lib/python3.8/site-packages/airflow/example_dags/example_params_ui_tutorial.py took 0.286 seconds
[2025-11-02T19:40:12.306+0000] {processor.py:161} INFO - Started process (PID=8148) to work on /home/airflow/.local/lib/python3.8/site-packages/airflow/example_dags/example_params_ui_tutorial.py
[2025-11-02T19:40:12.309+0000] {processor.py:830} INFO - Processing file /home/airflow/.local/lib/python3.8/site-packages/airflow/example_dags/example_params_ui_tutorial.py for tasks to queue
[2025-11-02T19:40:12.316+0000] {logging_mixin.py:188} INFO - [2025-11-02T19:40:12.316+0000] {dagbag.py:538} INFO - Filling up the DagBag from /home/airflow/.local/lib/python3.8/site-packages/airflow/example_dags/example_params_ui_tutorial.py
[2025-11-02T19:40:12.349+0000] {processor.py:840} INFO - DAG(s) 'example_params_ui_tutorial' retrieved from /home/airflow/.local/lib/python3.8/site-packages/airflow/example_dags/example_params_ui_tutorial.py
[2025-11-02T19:40:12.543+0000] {logging_mixin.py:188} INFO - [2025-11-02T19:40:12.542+0000] {dag.py:3036} INFO - Sync 1 DAGs
[2025-11-02T19:40:12.581+0000] {logging_mixin.py:188} INFO - [2025-11-02T19:40:12.581+0000] {dag.py:3823} INFO - Setting next_dagrun for example_params_ui_tutorial to None, run_after=None
[2025-11-02T19:40:12.773+0000] {processor.py:183} INFO - Processing /home/airflow/.local/lib/python3.8/site-packages/airflow/example_dags/example_params_ui_tutorial.py took 0.478 seconds
[2025-11-02T19:40:43.814+0000] {processor.py:161} INFO - Started process (PID=8203) to work on /home/airflow/.local/lib/python3.8/site-packages/airflow/example_dags/example_params_ui_tutorial.py
[2025-11-02T19:40:43.834+0000] {processor.py:830} INFO - Processing file /home/airflow/.local/lib/python3.8/site-packages/airflow/example_dags/example_params_ui_tutorial.py for tasks to queue
[2025-11-02T19:40:43.912+0000] {logging_mixin.py:188} INFO - [2025-11-02T19:40:43.888+0000] {dagbag.py:538} INFO - Filling up the DagBag from /home/airflow/.local/lib/python3.8/site-packages/airflow/example_dags/example_params_ui_tutorial.py
[2025-11-02T19:40:44.043+0000] {processor.py:840} INFO - DAG(s) 'example_params_ui_tutorial' retrieved from /home/airflow/.local/lib/python3.8/site-packages/airflow/example_dags/example_params_ui_tutorial.py
[2025-11-02T19:40:45.988+0000] {logging_mixin.py:188} INFO - [2025-11-02T19:40:45.987+0000] {dag.py:3036} INFO - Sync 1 DAGs
[2025-11-02T19:40:46.173+0000] {logging_mixin.py:188} INFO - [2025-11-02T19:40:46.172+0000] {dag.py:3823} INFO - Setting next_dagrun for example_params_ui_tutorial to None, run_after=None
[2025-11-02T19:40:46.412+0000] {processor.py:183} INFO - Processing /home/airflow/.local/lib/python3.8/site-packages/airflow/example_dags/example_params_ui_tutorial.py took 2.016 seconds
[2025-11-02T19:41:17.500+0000] {processor.py:161} INFO - Started process (PID=8259) to work on /home/airflow/.local/lib/python3.8/site-packages/airflow/example_dags/example_params_ui_tutorial.py
[2025-11-02T19:41:17.507+0000] {processor.py:830} INFO - Processing file /home/airflow/.local/lib/python3.8/site-packages/airflow/example_dags/example_params_ui_tutorial.py for tasks to queue
[2025-11-02T19:41:17.517+0000] {logging_mixin.py:188} INFO - [2025-11-02T19:41:17.516+0000] {dagbag.py:538} INFO - Filling up the DagBag from /home/airflow/.local/lib/python3.8/site-packages/airflow/example_dags/example_params_ui_tutorial.py
[2025-11-02T19:41:17.649+0000] {processor.py:840} INFO - DAG(s) 'example_params_ui_tutorial' retrieved from /home/airflow/.local/lib/python3.8/site-packages/airflow/example_dags/example_params_ui_tutorial.py
[2025-11-02T19:41:17.872+0000] {logging_mixin.py:188} INFO - [2025-11-02T19:41:17.872+0000] {dag.py:3036} INFO - Sync 1 DAGs
[2025-11-02T19:41:17.898+0000] {logging_mixin.py:188} INFO - [2025-11-02T19:41:17.898+0000] {dag.py:3823} INFO - Setting next_dagrun for example_params_ui_tutorial to None, run_after=None
[2025-11-02T19:41:17.935+0000] {processor.py:183} INFO - Processing /home/airflow/.local/lib/python3.8/site-packages/airflow/example_dags/example_params_ui_tutorial.py took 0.487 seconds
[2025-11-02T19:41:48.177+0000] {processor.py:161} INFO - Started process (PID=8314) to work on /home/airflow/.local/lib/python3.8/site-packages/airflow/example_dags/example_params_ui_tutorial.py
[2025-11-02T19:41:48.183+0000] {processor.py:830} INFO - Processing file /home/airflow/.local/lib/python3.8/site-packages/airflow/example_dags/example_params_ui_tutorial.py for tasks to queue
[2025-11-02T19:41:48.192+0000] {logging_mixin.py:188} INFO - [2025-11-02T19:41:48.190+0000] {dagbag.py:538} INFO - Filling up the DagBag from /home/airflow/.local/lib/python3.8/site-packages/airflow/example_dags/example_params_ui_tutorial.py
[2025-11-02T19:41:48.244+0000] {processor.py:840} INFO - DAG(s) 'example_params_ui_tutorial' retrieved from /home/airflow/.local/lib/python3.8/site-packages/airflow/example_dags/example_params_ui_tutorial.py
[2025-11-02T19:41:48.481+0000] {logging_mixin.py:188} INFO - [2025-11-02T19:41:48.481+0000] {dag.py:3036} INFO - Sync 1 DAGs
[2025-11-02T19:41:48.509+0000] {logging_mixin.py:188} INFO - [2025-11-02T19:41:48.508+0000] {dag.py:3823} INFO - Setting next_dagrun for example_params_ui_tutorial to None, run_after=None
[2025-11-02T19:41:48.566+0000] {processor.py:183} INFO - Processing /home/airflow/.local/lib/python3.8/site-packages/airflow/example_dags/example_params_ui_tutorial.py took 0.404 seconds
[2025-11-02T19:42:18.877+0000] {processor.py:161} INFO - Started process (PID=8368) to work on /home/airflow/.local/lib/python3.8/site-packages/airflow/example_dags/example_params_ui_tutorial.py
[2025-11-02T19:42:18.882+0000] {processor.py:830} INFO - Processing file /home/airflow/.local/lib/python3.8/site-packages/airflow/example_dags/example_params_ui_tutorial.py for tasks to queue
[2025-11-02T19:42:18.887+0000] {logging_mixin.py:188} INFO - [2025-11-02T19:42:18.886+0000] {dagbag.py:538} INFO - Filling up the DagBag from /home/airflow/.local/lib/python3.8/site-packages/airflow/example_dags/example_params_ui_tutorial.py
[2025-11-02T19:42:18.925+0000] {processor.py:840} INFO - DAG(s) 'example_params_ui_tutorial' retrieved from /home/airflow/.local/lib/python3.8/site-packages/airflow/example_dags/example_params_ui_tutorial.py
[2025-11-02T19:42:19.093+0000] {logging_mixin.py:188} INFO - [2025-11-02T19:42:19.092+0000] {dag.py:3036} INFO - Sync 1 DAGs
[2025-11-02T19:42:19.120+0000] {logging_mixin.py:188} INFO - [2025-11-02T19:42:19.119+0000] {dag.py:3823} INFO - Setting next_dagrun for example_params_ui_tutorial to None, run_after=None
[2025-11-02T19:42:19.157+0000] {processor.py:183} INFO - Processing /home/airflow/.local/lib/python3.8/site-packages/airflow/example_dags/example_params_ui_tutorial.py took 0.290 seconds
