[2025-11-02T18:24:42.236+0000] {processor.py:161} INFO - Started process (PID=109) to work on /home/airflow/.local/lib/python3.8/site-packages/airflow/example_dags/example_branch_python_dop_operator_3.py
[2025-11-02T18:24:42.290+0000] {processor.py:830} INFO - Processing file /home/airflow/.local/lib/python3.8/site-packages/airflow/example_dags/example_branch_python_dop_operator_3.py for tasks to queue
[2025-11-02T18:24:42.371+0000] {logging_mixin.py:188} INFO - [2025-11-02T18:24:42.370+0000] {dagbag.py:538} INFO - Filling up the DagBag from /home/airflow/.local/lib/python3.8/site-packages/airflow/example_dags/example_branch_python_dop_operator_3.py
[2025-11-02T18:24:42.492+0000] {processor.py:840} INFO - DAG(s) 'example_branch_dop_operator_v3' retrieved from /home/airflow/.local/lib/python3.8/site-packages/airflow/example_dags/example_branch_python_dop_operator_3.py
[2025-11-02T18:24:43.776+0000] {logging_mixin.py:188} INFO - [2025-11-02T18:24:43.776+0000] {dag.py:3036} INFO - Sync 1 DAGs
[2025-11-02T18:24:43.998+0000] {logging_mixin.py:188} INFO - [2025-11-02T18:24:43.998+0000] {dag.py:3823} INFO - Setting next_dagrun for example_branch_dop_operator_v3 to 2025-11-02 18:23:00+00:00, run_after=2025-11-02 18:24:00+00:00
[2025-11-02T18:24:44.148+0000] {processor.py:183} INFO - Processing /home/airflow/.local/lib/python3.8/site-packages/airflow/example_dags/example_branch_python_dop_operator_3.py took 2.123 seconds
[2025-11-02T18:25:14.488+0000] {processor.py:161} INFO - Started process (PID=164) to work on /home/airflow/.local/lib/python3.8/site-packages/airflow/example_dags/example_branch_python_dop_operator_3.py
[2025-11-02T18:25:14.491+0000] {processor.py:830} INFO - Processing file /home/airflow/.local/lib/python3.8/site-packages/airflow/example_dags/example_branch_python_dop_operator_3.py for tasks to queue
[2025-11-02T18:25:14.496+0000] {logging_mixin.py:188} INFO - [2025-11-02T18:25:14.495+0000] {dagbag.py:538} INFO - Filling up the DagBag from /home/airflow/.local/lib/python3.8/site-packages/airflow/example_dags/example_branch_python_dop_operator_3.py
[2025-11-02T18:25:14.524+0000] {processor.py:840} INFO - DAG(s) 'example_branch_dop_operator_v3' retrieved from /home/airflow/.local/lib/python3.8/site-packages/airflow/example_dags/example_branch_python_dop_operator_3.py
[2025-11-02T18:25:14.573+0000] {logging_mixin.py:188} INFO - [2025-11-02T18:25:14.572+0000] {dag.py:3036} INFO - Sync 1 DAGs
[2025-11-02T18:25:14.630+0000] {logging_mixin.py:188} INFO - [2025-11-02T18:25:14.630+0000] {dag.py:3823} INFO - Setting next_dagrun for example_branch_dop_operator_v3 to 2025-11-02 18:24:00+00:00, run_after=2025-11-02 18:25:00+00:00
[2025-11-02T18:25:14.675+0000] {processor.py:183} INFO - Processing /home/airflow/.local/lib/python3.8/site-packages/airflow/example_dags/example_branch_python_dop_operator_3.py took 0.197 seconds
[2025-11-02T18:25:44.931+0000] {processor.py:161} INFO - Started process (PID=219) to work on /home/airflow/.local/lib/python3.8/site-packages/airflow/example_dags/example_branch_python_dop_operator_3.py
[2025-11-02T18:25:44.936+0000] {processor.py:830} INFO - Processing file /home/airflow/.local/lib/python3.8/site-packages/airflow/example_dags/example_branch_python_dop_operator_3.py for tasks to queue
[2025-11-02T18:25:44.943+0000] {logging_mixin.py:188} INFO - [2025-11-02T18:25:44.942+0000] {dagbag.py:538} INFO - Filling up the DagBag from /home/airflow/.local/lib/python3.8/site-packages/airflow/example_dags/example_branch_python_dop_operator_3.py
[2025-11-02T18:25:44.964+0000] {processor.py:840} INFO - DAG(s) 'example_branch_dop_operator_v3' retrieved from /home/airflow/.local/lib/python3.8/site-packages/airflow/example_dags/example_branch_python_dop_operator_3.py
[2025-11-02T18:25:45.009+0000] {logging_mixin.py:188} INFO - [2025-11-02T18:25:45.009+0000] {dag.py:3036} INFO - Sync 1 DAGs
[2025-11-02T18:25:45.062+0000] {logging_mixin.py:188} INFO - [2025-11-02T18:25:45.062+0000] {dag.py:3823} INFO - Setting next_dagrun for example_branch_dop_operator_v3 to 2025-11-02 18:24:00+00:00, run_after=2025-11-02 18:25:00+00:00
[2025-11-02T18:25:45.104+0000] {processor.py:183} INFO - Processing /home/airflow/.local/lib/python3.8/site-packages/airflow/example_dags/example_branch_python_dop_operator_3.py took 0.182 seconds
[2025-11-02T18:26:16.913+0000] {processor.py:161} INFO - Started process (PID=274) to work on /home/airflow/.local/lib/python3.8/site-packages/airflow/example_dags/example_branch_python_dop_operator_3.py
[2025-11-02T18:26:16.917+0000] {processor.py:830} INFO - Processing file /home/airflow/.local/lib/python3.8/site-packages/airflow/example_dags/example_branch_python_dop_operator_3.py for tasks to queue
[2025-11-02T18:26:16.922+0000] {logging_mixin.py:188} INFO - [2025-11-02T18:26:16.922+0000] {dagbag.py:538} INFO - Filling up the DagBag from /home/airflow/.local/lib/python3.8/site-packages/airflow/example_dags/example_branch_python_dop_operator_3.py
[2025-11-02T18:26:16.953+0000] {processor.py:840} INFO - DAG(s) 'example_branch_dop_operator_v3' retrieved from /home/airflow/.local/lib/python3.8/site-packages/airflow/example_dags/example_branch_python_dop_operator_3.py
[2025-11-02T18:26:17.016+0000] {logging_mixin.py:188} INFO - [2025-11-02T18:26:17.015+0000] {dag.py:3036} INFO - Sync 1 DAGs
[2025-11-02T18:26:17.093+0000] {logging_mixin.py:188} INFO - [2025-11-02T18:26:17.093+0000] {dag.py:3823} INFO - Setting next_dagrun for example_branch_dop_operator_v3 to 2025-11-02 18:25:00+00:00, run_after=2025-11-02 18:26:00+00:00
[2025-11-02T18:26:17.174+0000] {processor.py:183} INFO - Processing /home/airflow/.local/lib/python3.8/site-packages/airflow/example_dags/example_branch_python_dop_operator_3.py took 0.275 seconds
[2025-11-02T18:26:51.975+0000] {processor.py:161} INFO - Started process (PID=329) to work on /home/airflow/.local/lib/python3.8/site-packages/airflow/example_dags/example_branch_python_dop_operator_3.py
[2025-11-02T18:26:51.981+0000] {processor.py:830} INFO - Processing file /home/airflow/.local/lib/python3.8/site-packages/airflow/example_dags/example_branch_python_dop_operator_3.py for tasks to queue
[2025-11-02T18:26:51.989+0000] {logging_mixin.py:188} INFO - [2025-11-02T18:26:51.988+0000] {dagbag.py:538} INFO - Filling up the DagBag from /home/airflow/.local/lib/python3.8/site-packages/airflow/example_dags/example_branch_python_dop_operator_3.py
[2025-11-02T18:26:52.029+0000] {processor.py:840} INFO - DAG(s) 'example_branch_dop_operator_v3' retrieved from /home/airflow/.local/lib/python3.8/site-packages/airflow/example_dags/example_branch_python_dop_operator_3.py
[2025-11-02T18:26:52.167+0000] {logging_mixin.py:188} INFO - [2025-11-02T18:26:52.166+0000] {dag.py:3036} INFO - Sync 1 DAGs
[2025-11-02T18:26:52.346+0000] {logging_mixin.py:188} INFO - [2025-11-02T18:26:52.345+0000] {dag.py:3823} INFO - Setting next_dagrun for example_branch_dop_operator_v3 to 2025-11-02 18:25:00+00:00, run_after=2025-11-02 18:26:00+00:00
[2025-11-02T18:26:52.443+0000] {processor.py:183} INFO - Processing /home/airflow/.local/lib/python3.8/site-packages/airflow/example_dags/example_branch_python_dop_operator_3.py took 0.487 seconds
[2025-11-02T18:27:23.207+0000] {processor.py:161} INFO - Started process (PID=384) to work on /home/airflow/.local/lib/python3.8/site-packages/airflow/example_dags/example_branch_python_dop_operator_3.py
[2025-11-02T18:27:23.210+0000] {processor.py:830} INFO - Processing file /home/airflow/.local/lib/python3.8/site-packages/airflow/example_dags/example_branch_python_dop_operator_3.py for tasks to queue
[2025-11-02T18:27:23.218+0000] {logging_mixin.py:188} INFO - [2025-11-02T18:27:23.217+0000] {dagbag.py:538} INFO - Filling up the DagBag from /home/airflow/.local/lib/python3.8/site-packages/airflow/example_dags/example_branch_python_dop_operator_3.py
[2025-11-02T18:27:23.247+0000] {processor.py:840} INFO - DAG(s) 'example_branch_dop_operator_v3' retrieved from /home/airflow/.local/lib/python3.8/site-packages/airflow/example_dags/example_branch_python_dop_operator_3.py
[2025-11-02T18:27:23.305+0000] {logging_mixin.py:188} INFO - [2025-11-02T18:27:23.304+0000] {dag.py:3036} INFO - Sync 1 DAGs
[2025-11-02T18:27:23.374+0000] {logging_mixin.py:188} INFO - [2025-11-02T18:27:23.374+0000] {dag.py:3823} INFO - Setting next_dagrun for example_branch_dop_operator_v3 to 2025-11-02 18:26:00+00:00, run_after=2025-11-02 18:27:00+00:00
[2025-11-02T18:27:23.429+0000] {processor.py:183} INFO - Processing /home/airflow/.local/lib/python3.8/site-packages/airflow/example_dags/example_branch_python_dop_operator_3.py took 0.234 seconds
[2025-11-02T18:27:54.028+0000] {processor.py:161} INFO - Started process (PID=439) to work on /home/airflow/.local/lib/python3.8/site-packages/airflow/example_dags/example_branch_python_dop_operator_3.py
[2025-11-02T18:27:54.031+0000] {processor.py:830} INFO - Processing file /home/airflow/.local/lib/python3.8/site-packages/airflow/example_dags/example_branch_python_dop_operator_3.py for tasks to queue
[2025-11-02T18:27:54.036+0000] {logging_mixin.py:188} INFO - [2025-11-02T18:27:54.035+0000] {dagbag.py:538} INFO - Filling up the DagBag from /home/airflow/.local/lib/python3.8/site-packages/airflow/example_dags/example_branch_python_dop_operator_3.py
[2025-11-02T18:27:54.060+0000] {processor.py:840} INFO - DAG(s) 'example_branch_dop_operator_v3' retrieved from /home/airflow/.local/lib/python3.8/site-packages/airflow/example_dags/example_branch_python_dop_operator_3.py
[2025-11-02T18:27:54.111+0000] {logging_mixin.py:188} INFO - [2025-11-02T18:27:54.111+0000] {dag.py:3036} INFO - Sync 1 DAGs
[2025-11-02T18:27:54.187+0000] {logging_mixin.py:188} INFO - [2025-11-02T18:27:54.187+0000] {dag.py:3823} INFO - Setting next_dagrun for example_branch_dop_operator_v3 to 2025-11-02 18:26:00+00:00, run_after=2025-11-02 18:27:00+00:00
[2025-11-02T18:27:54.252+0000] {processor.py:183} INFO - Processing /home/airflow/.local/lib/python3.8/site-packages/airflow/example_dags/example_branch_python_dop_operator_3.py took 0.233 seconds
[2025-11-02T18:28:24.515+0000] {processor.py:161} INFO - Started process (PID=494) to work on /home/airflow/.local/lib/python3.8/site-packages/airflow/example_dags/example_branch_python_dop_operator_3.py
[2025-11-02T18:28:24.518+0000] {processor.py:830} INFO - Processing file /home/airflow/.local/lib/python3.8/site-packages/airflow/example_dags/example_branch_python_dop_operator_3.py for tasks to queue
[2025-11-02T18:28:24.525+0000] {logging_mixin.py:188} INFO - [2025-11-02T18:28:24.524+0000] {dagbag.py:538} INFO - Filling up the DagBag from /home/airflow/.local/lib/python3.8/site-packages/airflow/example_dags/example_branch_python_dop_operator_3.py
[2025-11-02T18:28:24.550+0000] {processor.py:840} INFO - DAG(s) 'example_branch_dop_operator_v3' retrieved from /home/airflow/.local/lib/python3.8/site-packages/airflow/example_dags/example_branch_python_dop_operator_3.py
[2025-11-02T18:28:24.601+0000] {logging_mixin.py:188} INFO - [2025-11-02T18:28:24.601+0000] {dag.py:3036} INFO - Sync 1 DAGs
[2025-11-02T18:28:24.660+0000] {logging_mixin.py:188} INFO - [2025-11-02T18:28:24.659+0000] {dag.py:3823} INFO - Setting next_dagrun for example_branch_dop_operator_v3 to 2025-11-02 18:27:00+00:00, run_after=2025-11-02 18:28:00+00:00
[2025-11-02T18:28:24.721+0000] {processor.py:183} INFO - Processing /home/airflow/.local/lib/python3.8/site-packages/airflow/example_dags/example_branch_python_dop_operator_3.py took 0.219 seconds
[2025-11-02T18:28:55.422+0000] {processor.py:161} INFO - Started process (PID=550) to work on /home/airflow/.local/lib/python3.8/site-packages/airflow/example_dags/example_branch_python_dop_operator_3.py
[2025-11-02T18:28:55.427+0000] {processor.py:830} INFO - Processing file /home/airflow/.local/lib/python3.8/site-packages/airflow/example_dags/example_branch_python_dop_operator_3.py for tasks to queue
[2025-11-02T18:28:55.435+0000] {logging_mixin.py:188} INFO - [2025-11-02T18:28:55.434+0000] {dagbag.py:538} INFO - Filling up the DagBag from /home/airflow/.local/lib/python3.8/site-packages/airflow/example_dags/example_branch_python_dop_operator_3.py
[2025-11-02T18:28:55.475+0000] {processor.py:840} INFO - DAG(s) 'example_branch_dop_operator_v3' retrieved from /home/airflow/.local/lib/python3.8/site-packages/airflow/example_dags/example_branch_python_dop_operator_3.py
[2025-11-02T18:28:55.544+0000] {logging_mixin.py:188} INFO - [2025-11-02T18:28:55.544+0000] {dag.py:3036} INFO - Sync 1 DAGs
[2025-11-02T18:28:55.669+0000] {logging_mixin.py:188} INFO - [2025-11-02T18:28:55.665+0000] {dag.py:3823} INFO - Setting next_dagrun for example_branch_dop_operator_v3 to 2025-11-02 18:27:00+00:00, run_after=2025-11-02 18:28:00+00:00
[2025-11-02T18:28:55.751+0000] {processor.py:183} INFO - Processing /home/airflow/.local/lib/python3.8/site-packages/airflow/example_dags/example_branch_python_dop_operator_3.py took 0.343 seconds
[2025-11-02T18:29:26.769+0000] {processor.py:161} INFO - Started process (PID=605) to work on /home/airflow/.local/lib/python3.8/site-packages/airflow/example_dags/example_branch_python_dop_operator_3.py
[2025-11-02T18:29:26.772+0000] {processor.py:830} INFO - Processing file /home/airflow/.local/lib/python3.8/site-packages/airflow/example_dags/example_branch_python_dop_operator_3.py for tasks to queue
[2025-11-02T18:29:26.778+0000] {logging_mixin.py:188} INFO - [2025-11-02T18:29:26.777+0000] {dagbag.py:538} INFO - Filling up the DagBag from /home/airflow/.local/lib/python3.8/site-packages/airflow/example_dags/example_branch_python_dop_operator_3.py
[2025-11-02T18:29:26.806+0000] {processor.py:840} INFO - DAG(s) 'example_branch_dop_operator_v3' retrieved from /home/airflow/.local/lib/python3.8/site-packages/airflow/example_dags/example_branch_python_dop_operator_3.py
[2025-11-02T18:29:26.865+0000] {logging_mixin.py:188} INFO - [2025-11-02T18:29:26.865+0000] {dag.py:3036} INFO - Sync 1 DAGs
[2025-11-02T18:29:26.935+0000] {logging_mixin.py:188} INFO - [2025-11-02T18:29:26.934+0000] {dag.py:3823} INFO - Setting next_dagrun for example_branch_dop_operator_v3 to 2025-11-02 18:28:00+00:00, run_after=2025-11-02 18:29:00+00:00
[2025-11-02T18:29:26.983+0000] {processor.py:183} INFO - Processing /home/airflow/.local/lib/python3.8/site-packages/airflow/example_dags/example_branch_python_dop_operator_3.py took 0.223 seconds
[2025-11-02T18:29:57.341+0000] {processor.py:161} INFO - Started process (PID=660) to work on /home/airflow/.local/lib/python3.8/site-packages/airflow/example_dags/example_branch_python_dop_operator_3.py
[2025-11-02T18:29:57.344+0000] {processor.py:830} INFO - Processing file /home/airflow/.local/lib/python3.8/site-packages/airflow/example_dags/example_branch_python_dop_operator_3.py for tasks to queue
[2025-11-02T18:29:57.352+0000] {logging_mixin.py:188} INFO - [2025-11-02T18:29:57.350+0000] {dagbag.py:538} INFO - Filling up the DagBag from /home/airflow/.local/lib/python3.8/site-packages/airflow/example_dags/example_branch_python_dop_operator_3.py
[2025-11-02T18:29:57.385+0000] {processor.py:840} INFO - DAG(s) 'example_branch_dop_operator_v3' retrieved from /home/airflow/.local/lib/python3.8/site-packages/airflow/example_dags/example_branch_python_dop_operator_3.py
[2025-11-02T18:29:57.466+0000] {logging_mixin.py:188} INFO - [2025-11-02T18:29:57.466+0000] {dag.py:3036} INFO - Sync 1 DAGs
[2025-11-02T18:29:57.553+0000] {logging_mixin.py:188} INFO - [2025-11-02T18:29:57.553+0000] {dag.py:3823} INFO - Setting next_dagrun for example_branch_dop_operator_v3 to 2025-11-02 18:28:00+00:00, run_after=2025-11-02 18:29:00+00:00
[2025-11-02T18:29:57.660+0000] {processor.py:183} INFO - Processing /home/airflow/.local/lib/python3.8/site-packages/airflow/example_dags/example_branch_python_dop_operator_3.py took 0.353 seconds
[2025-11-02T18:30:28.292+0000] {processor.py:161} INFO - Started process (PID=715) to work on /home/airflow/.local/lib/python3.8/site-packages/airflow/example_dags/example_branch_python_dop_operator_3.py
[2025-11-02T18:30:28.303+0000] {processor.py:830} INFO - Processing file /home/airflow/.local/lib/python3.8/site-packages/airflow/example_dags/example_branch_python_dop_operator_3.py for tasks to queue
[2025-11-02T18:30:28.335+0000] {logging_mixin.py:188} INFO - [2025-11-02T18:30:28.326+0000] {dagbag.py:538} INFO - Filling up the DagBag from /home/airflow/.local/lib/python3.8/site-packages/airflow/example_dags/example_branch_python_dop_operator_3.py
[2025-11-02T18:30:28.391+0000] {processor.py:840} INFO - DAG(s) 'example_branch_dop_operator_v3' retrieved from /home/airflow/.local/lib/python3.8/site-packages/airflow/example_dags/example_branch_python_dop_operator_3.py
[2025-11-02T18:30:28.510+0000] {logging_mixin.py:188} INFO - [2025-11-02T18:30:28.509+0000] {dag.py:3036} INFO - Sync 1 DAGs
[2025-11-02T18:30:28.654+0000] {logging_mixin.py:188} INFO - [2025-11-02T18:30:28.653+0000] {dag.py:3823} INFO - Setting next_dagrun for example_branch_dop_operator_v3 to 2025-11-02 18:29:00+00:00, run_after=2025-11-02 18:30:00+00:00
[2025-11-02T18:30:28.769+0000] {processor.py:183} INFO - Processing /home/airflow/.local/lib/python3.8/site-packages/airflow/example_dags/example_branch_python_dop_operator_3.py took 0.516 seconds
[2025-11-02T18:30:59.226+0000] {processor.py:161} INFO - Started process (PID=770) to work on /home/airflow/.local/lib/python3.8/site-packages/airflow/example_dags/example_branch_python_dop_operator_3.py
[2025-11-02T18:30:59.229+0000] {processor.py:830} INFO - Processing file /home/airflow/.local/lib/python3.8/site-packages/airflow/example_dags/example_branch_python_dop_operator_3.py for tasks to queue
[2025-11-02T18:30:59.234+0000] {logging_mixin.py:188} INFO - [2025-11-02T18:30:59.233+0000] {dagbag.py:538} INFO - Filling up the DagBag from /home/airflow/.local/lib/python3.8/site-packages/airflow/example_dags/example_branch_python_dop_operator_3.py
[2025-11-02T18:30:59.269+0000] {processor.py:840} INFO - DAG(s) 'example_branch_dop_operator_v3' retrieved from /home/airflow/.local/lib/python3.8/site-packages/airflow/example_dags/example_branch_python_dop_operator_3.py
[2025-11-02T18:30:59.318+0000] {logging_mixin.py:188} INFO - [2025-11-02T18:30:59.317+0000] {dag.py:3036} INFO - Sync 1 DAGs
[2025-11-02T18:30:59.370+0000] {logging_mixin.py:188} INFO - [2025-11-02T18:30:59.369+0000] {dag.py:3823} INFO - Setting next_dagrun for example_branch_dop_operator_v3 to 2025-11-02 18:29:00+00:00, run_after=2025-11-02 18:30:00+00:00
[2025-11-02T18:30:59.409+0000] {processor.py:183} INFO - Processing /home/airflow/.local/lib/python3.8/site-packages/airflow/example_dags/example_branch_python_dop_operator_3.py took 0.192 seconds
[2025-11-02T18:31:30.391+0000] {processor.py:161} INFO - Started process (PID=824) to work on /home/airflow/.local/lib/python3.8/site-packages/airflow/example_dags/example_branch_python_dop_operator_3.py
[2025-11-02T18:31:30.394+0000] {processor.py:830} INFO - Processing file /home/airflow/.local/lib/python3.8/site-packages/airflow/example_dags/example_branch_python_dop_operator_3.py for tasks to queue
[2025-11-02T18:31:30.400+0000] {logging_mixin.py:188} INFO - [2025-11-02T18:31:30.399+0000] {dagbag.py:538} INFO - Filling up the DagBag from /home/airflow/.local/lib/python3.8/site-packages/airflow/example_dags/example_branch_python_dop_operator_3.py
[2025-11-02T18:31:30.421+0000] {processor.py:840} INFO - DAG(s) 'example_branch_dop_operator_v3' retrieved from /home/airflow/.local/lib/python3.8/site-packages/airflow/example_dags/example_branch_python_dop_operator_3.py
[2025-11-02T18:31:30.469+0000] {logging_mixin.py:188} INFO - [2025-11-02T18:31:30.468+0000] {dag.py:3036} INFO - Sync 1 DAGs
[2025-11-02T18:31:30.522+0000] {logging_mixin.py:188} INFO - [2025-11-02T18:31:30.522+0000] {dag.py:3823} INFO - Setting next_dagrun for example_branch_dop_operator_v3 to 2025-11-02 18:30:00+00:00, run_after=2025-11-02 18:31:00+00:00
[2025-11-02T18:31:30.564+0000] {processor.py:183} INFO - Processing /home/airflow/.local/lib/python3.8/site-packages/airflow/example_dags/example_branch_python_dop_operator_3.py took 0.182 seconds
[2025-11-02T18:32:01.222+0000] {processor.py:161} INFO - Started process (PID=878) to work on /home/airflow/.local/lib/python3.8/site-packages/airflow/example_dags/example_branch_python_dop_operator_3.py
[2025-11-02T18:32:01.225+0000] {processor.py:830} INFO - Processing file /home/airflow/.local/lib/python3.8/site-packages/airflow/example_dags/example_branch_python_dop_operator_3.py for tasks to queue
[2025-11-02T18:32:01.230+0000] {logging_mixin.py:188} INFO - [2025-11-02T18:32:01.229+0000] {dagbag.py:538} INFO - Filling up the DagBag from /home/airflow/.local/lib/python3.8/site-packages/airflow/example_dags/example_branch_python_dop_operator_3.py
[2025-11-02T18:32:01.255+0000] {processor.py:840} INFO - DAG(s) 'example_branch_dop_operator_v3' retrieved from /home/airflow/.local/lib/python3.8/site-packages/airflow/example_dags/example_branch_python_dop_operator_3.py
[2025-11-02T18:32:01.326+0000] {logging_mixin.py:188} INFO - [2025-11-02T18:32:01.325+0000] {dag.py:3036} INFO - Sync 1 DAGs
[2025-11-02T18:32:01.390+0000] {logging_mixin.py:188} INFO - [2025-11-02T18:32:01.389+0000] {dag.py:3823} INFO - Setting next_dagrun for example_branch_dop_operator_v3 to 2025-11-02 18:31:00+00:00, run_after=2025-11-02 18:32:00+00:00
[2025-11-02T18:32:01.436+0000] {processor.py:183} INFO - Processing /home/airflow/.local/lib/python3.8/site-packages/airflow/example_dags/example_branch_python_dop_operator_3.py took 0.225 seconds
[2025-11-02T18:32:31.648+0000] {processor.py:161} INFO - Started process (PID=931) to work on /home/airflow/.local/lib/python3.8/site-packages/airflow/example_dags/example_branch_python_dop_operator_3.py
[2025-11-02T18:32:31.651+0000] {processor.py:830} INFO - Processing file /home/airflow/.local/lib/python3.8/site-packages/airflow/example_dags/example_branch_python_dop_operator_3.py for tasks to queue
[2025-11-02T18:32:31.655+0000] {logging_mixin.py:188} INFO - [2025-11-02T18:32:31.654+0000] {dagbag.py:538} INFO - Filling up the DagBag from /home/airflow/.local/lib/python3.8/site-packages/airflow/example_dags/example_branch_python_dop_operator_3.py
[2025-11-02T18:32:31.675+0000] {processor.py:840} INFO - DAG(s) 'example_branch_dop_operator_v3' retrieved from /home/airflow/.local/lib/python3.8/site-packages/airflow/example_dags/example_branch_python_dop_operator_3.py
[2025-11-02T18:32:31.719+0000] {logging_mixin.py:188} INFO - [2025-11-02T18:32:31.718+0000] {dag.py:3036} INFO - Sync 1 DAGs
[2025-11-02T18:32:31.768+0000] {logging_mixin.py:188} INFO - [2025-11-02T18:32:31.768+0000] {dag.py:3823} INFO - Setting next_dagrun for example_branch_dop_operator_v3 to 2025-11-02 18:31:00+00:00, run_after=2025-11-02 18:32:00+00:00
[2025-11-02T18:32:31.811+0000] {processor.py:183} INFO - Processing /home/airflow/.local/lib/python3.8/site-packages/airflow/example_dags/example_branch_python_dop_operator_3.py took 0.171 seconds
[2025-11-02T18:33:01.936+0000] {processor.py:161} INFO - Started process (PID=986) to work on /home/airflow/.local/lib/python3.8/site-packages/airflow/example_dags/example_branch_python_dop_operator_3.py
[2025-11-02T18:33:01.939+0000] {processor.py:830} INFO - Processing file /home/airflow/.local/lib/python3.8/site-packages/airflow/example_dags/example_branch_python_dop_operator_3.py for tasks to queue
[2025-11-02T18:33:01.945+0000] {logging_mixin.py:188} INFO - [2025-11-02T18:33:01.944+0000] {dagbag.py:538} INFO - Filling up the DagBag from /home/airflow/.local/lib/python3.8/site-packages/airflow/example_dags/example_branch_python_dop_operator_3.py
[2025-11-02T18:33:01.974+0000] {processor.py:840} INFO - DAG(s) 'example_branch_dop_operator_v3' retrieved from /home/airflow/.local/lib/python3.8/site-packages/airflow/example_dags/example_branch_python_dop_operator_3.py
[2025-11-02T18:33:02.039+0000] {logging_mixin.py:188} INFO - [2025-11-02T18:33:02.038+0000] {dag.py:3036} INFO - Sync 1 DAGs
[2025-11-02T18:33:02.151+0000] {logging_mixin.py:188} INFO - [2025-11-02T18:33:02.150+0000] {dag.py:3823} INFO - Setting next_dagrun for example_branch_dop_operator_v3 to 2025-11-02 18:32:00+00:00, run_after=2025-11-02 18:33:00+00:00
[2025-11-02T18:33:02.205+0000] {processor.py:183} INFO - Processing /home/airflow/.local/lib/python3.8/site-packages/airflow/example_dags/example_branch_python_dop_operator_3.py took 0.282 seconds
[2025-11-02T18:33:32.706+0000] {processor.py:161} INFO - Started process (PID=1041) to work on /home/airflow/.local/lib/python3.8/site-packages/airflow/example_dags/example_branch_python_dop_operator_3.py
[2025-11-02T18:33:32.710+0000] {processor.py:830} INFO - Processing file /home/airflow/.local/lib/python3.8/site-packages/airflow/example_dags/example_branch_python_dop_operator_3.py for tasks to queue
[2025-11-02T18:33:32.717+0000] {logging_mixin.py:188} INFO - [2025-11-02T18:33:32.716+0000] {dagbag.py:538} INFO - Filling up the DagBag from /home/airflow/.local/lib/python3.8/site-packages/airflow/example_dags/example_branch_python_dop_operator_3.py
[2025-11-02T18:33:32.751+0000] {processor.py:840} INFO - DAG(s) 'example_branch_dop_operator_v3' retrieved from /home/airflow/.local/lib/python3.8/site-packages/airflow/example_dags/example_branch_python_dop_operator_3.py
[2025-11-02T18:33:32.830+0000] {logging_mixin.py:188} INFO - [2025-11-02T18:33:32.829+0000] {dag.py:3036} INFO - Sync 1 DAGs
[2025-11-02T18:33:32.928+0000] {logging_mixin.py:188} INFO - [2025-11-02T18:33:32.928+0000] {dag.py:3823} INFO - Setting next_dagrun for example_branch_dop_operator_v3 to 2025-11-02 18:32:00+00:00, run_after=2025-11-02 18:33:00+00:00
[2025-11-02T18:33:32.995+0000] {processor.py:183} INFO - Processing /home/airflow/.local/lib/python3.8/site-packages/airflow/example_dags/example_branch_python_dop_operator_3.py took 0.304 seconds
[2025-11-02T18:34:03.356+0000] {processor.py:161} INFO - Started process (PID=1096) to work on /home/airflow/.local/lib/python3.8/site-packages/airflow/example_dags/example_branch_python_dop_operator_3.py
[2025-11-02T18:34:03.359+0000] {processor.py:830} INFO - Processing file /home/airflow/.local/lib/python3.8/site-packages/airflow/example_dags/example_branch_python_dop_operator_3.py for tasks to queue
[2025-11-02T18:34:03.364+0000] {logging_mixin.py:188} INFO - [2025-11-02T18:34:03.363+0000] {dagbag.py:538} INFO - Filling up the DagBag from /home/airflow/.local/lib/python3.8/site-packages/airflow/example_dags/example_branch_python_dop_operator_3.py
[2025-11-02T18:34:03.385+0000] {processor.py:840} INFO - DAG(s) 'example_branch_dop_operator_v3' retrieved from /home/airflow/.local/lib/python3.8/site-packages/airflow/example_dags/example_branch_python_dop_operator_3.py
[2025-11-02T18:34:03.441+0000] {logging_mixin.py:188} INFO - [2025-11-02T18:34:03.440+0000] {dag.py:3036} INFO - Sync 1 DAGs
[2025-11-02T18:34:03.518+0000] {logging_mixin.py:188} INFO - [2025-11-02T18:34:03.517+0000] {dag.py:3823} INFO - Setting next_dagrun for example_branch_dop_operator_v3 to 2025-11-02 18:33:00+00:00, run_after=2025-11-02 18:34:00+00:00
[2025-11-02T18:34:03.565+0000] {processor.py:183} INFO - Processing /home/airflow/.local/lib/python3.8/site-packages/airflow/example_dags/example_branch_python_dop_operator_3.py took 0.217 seconds
[2025-11-02T18:34:34.036+0000] {processor.py:161} INFO - Started process (PID=1151) to work on /home/airflow/.local/lib/python3.8/site-packages/airflow/example_dags/example_branch_python_dop_operator_3.py
[2025-11-02T18:34:34.040+0000] {processor.py:830} INFO - Processing file /home/airflow/.local/lib/python3.8/site-packages/airflow/example_dags/example_branch_python_dop_operator_3.py for tasks to queue
[2025-11-02T18:34:34.047+0000] {logging_mixin.py:188} INFO - [2025-11-02T18:34:34.046+0000] {dagbag.py:538} INFO - Filling up the DagBag from /home/airflow/.local/lib/python3.8/site-packages/airflow/example_dags/example_branch_python_dop_operator_3.py
[2025-11-02T18:34:34.134+0000] {processor.py:840} INFO - DAG(s) 'example_branch_dop_operator_v3' retrieved from /home/airflow/.local/lib/python3.8/site-packages/airflow/example_dags/example_branch_python_dop_operator_3.py
[2025-11-02T18:34:34.196+0000] {logging_mixin.py:188} INFO - [2025-11-02T18:34:34.196+0000] {dag.py:3036} INFO - Sync 1 DAGs
[2025-11-02T18:34:34.289+0000] {logging_mixin.py:188} INFO - [2025-11-02T18:34:34.289+0000] {dag.py:3823} INFO - Setting next_dagrun for example_branch_dop_operator_v3 to 2025-11-02 18:33:00+00:00, run_after=2025-11-02 18:34:00+00:00
[2025-11-02T18:34:34.352+0000] {processor.py:183} INFO - Processing /home/airflow/.local/lib/python3.8/site-packages/airflow/example_dags/example_branch_python_dop_operator_3.py took 0.333 seconds
[2025-11-02T18:35:04.538+0000] {processor.py:161} INFO - Started process (PID=1207) to work on /home/airflow/.local/lib/python3.8/site-packages/airflow/example_dags/example_branch_python_dop_operator_3.py
[2025-11-02T18:35:04.542+0000] {processor.py:830} INFO - Processing file /home/airflow/.local/lib/python3.8/site-packages/airflow/example_dags/example_branch_python_dop_operator_3.py for tasks to queue
[2025-11-02T18:35:04.548+0000] {logging_mixin.py:188} INFO - [2025-11-02T18:35:04.547+0000] {dagbag.py:538} INFO - Filling up the DagBag from /home/airflow/.local/lib/python3.8/site-packages/airflow/example_dags/example_branch_python_dop_operator_3.py
[2025-11-02T18:35:04.579+0000] {processor.py:840} INFO - DAG(s) 'example_branch_dop_operator_v3' retrieved from /home/airflow/.local/lib/python3.8/site-packages/airflow/example_dags/example_branch_python_dop_operator_3.py
[2025-11-02T18:35:04.729+0000] {logging_mixin.py:188} INFO - [2025-11-02T18:35:04.726+0000] {dag.py:3036} INFO - Sync 1 DAGs
[2025-11-02T18:35:04.833+0000] {logging_mixin.py:188} INFO - [2025-11-02T18:35:04.832+0000] {dag.py:3823} INFO - Setting next_dagrun for example_branch_dop_operator_v3 to 2025-11-02 18:34:00+00:00, run_after=2025-11-02 18:35:00+00:00
[2025-11-02T18:35:04.881+0000] {processor.py:183} INFO - Processing /home/airflow/.local/lib/python3.8/site-packages/airflow/example_dags/example_branch_python_dop_operator_3.py took 0.362 seconds
[2025-11-02T18:35:35.355+0000] {processor.py:161} INFO - Started process (PID=1262) to work on /home/airflow/.local/lib/python3.8/site-packages/airflow/example_dags/example_branch_python_dop_operator_3.py
[2025-11-02T18:35:35.359+0000] {processor.py:830} INFO - Processing file /home/airflow/.local/lib/python3.8/site-packages/airflow/example_dags/example_branch_python_dop_operator_3.py for tasks to queue
[2025-11-02T18:35:35.365+0000] {logging_mixin.py:188} INFO - [2025-11-02T18:35:35.364+0000] {dagbag.py:538} INFO - Filling up the DagBag from /home/airflow/.local/lib/python3.8/site-packages/airflow/example_dags/example_branch_python_dop_operator_3.py
[2025-11-02T18:35:35.396+0000] {processor.py:840} INFO - DAG(s) 'example_branch_dop_operator_v3' retrieved from /home/airflow/.local/lib/python3.8/site-packages/airflow/example_dags/example_branch_python_dop_operator_3.py
[2025-11-02T18:35:35.460+0000] {logging_mixin.py:188} INFO - [2025-11-02T18:35:35.459+0000] {dag.py:3036} INFO - Sync 1 DAGs
[2025-11-02T18:35:35.533+0000] {logging_mixin.py:188} INFO - [2025-11-02T18:35:35.533+0000] {dag.py:3823} INFO - Setting next_dagrun for example_branch_dop_operator_v3 to 2025-11-02 18:34:00+00:00, run_after=2025-11-02 18:35:00+00:00
[2025-11-02T18:35:35.590+0000] {processor.py:183} INFO - Processing /home/airflow/.local/lib/python3.8/site-packages/airflow/example_dags/example_branch_python_dop_operator_3.py took 0.245 seconds
[2025-11-02T18:36:05.743+0000] {processor.py:161} INFO - Started process (PID=1318) to work on /home/airflow/.local/lib/python3.8/site-packages/airflow/example_dags/example_branch_python_dop_operator_3.py
[2025-11-02T18:36:05.746+0000] {processor.py:830} INFO - Processing file /home/airflow/.local/lib/python3.8/site-packages/airflow/example_dags/example_branch_python_dop_operator_3.py for tasks to queue
[2025-11-02T18:36:05.752+0000] {logging_mixin.py:188} INFO - [2025-11-02T18:36:05.751+0000] {dagbag.py:538} INFO - Filling up the DagBag from /home/airflow/.local/lib/python3.8/site-packages/airflow/example_dags/example_branch_python_dop_operator_3.py
[2025-11-02T18:36:05.778+0000] {processor.py:840} INFO - DAG(s) 'example_branch_dop_operator_v3' retrieved from /home/airflow/.local/lib/python3.8/site-packages/airflow/example_dags/example_branch_python_dop_operator_3.py
[2025-11-02T18:36:05.838+0000] {logging_mixin.py:188} INFO - [2025-11-02T18:36:05.838+0000] {dag.py:3036} INFO - Sync 1 DAGs
[2025-11-02T18:36:05.913+0000] {logging_mixin.py:188} INFO - [2025-11-02T18:36:05.912+0000] {dag.py:3823} INFO - Setting next_dagrun for example_branch_dop_operator_v3 to 2025-11-02 18:35:00+00:00, run_after=2025-11-02 18:36:00+00:00
[2025-11-02T18:36:05.979+0000] {processor.py:183} INFO - Processing /home/airflow/.local/lib/python3.8/site-packages/airflow/example_dags/example_branch_python_dop_operator_3.py took 0.247 seconds
[2025-11-02T18:36:36.559+0000] {processor.py:161} INFO - Started process (PID=1373) to work on /home/airflow/.local/lib/python3.8/site-packages/airflow/example_dags/example_branch_python_dop_operator_3.py
[2025-11-02T18:36:36.566+0000] {processor.py:830} INFO - Processing file /home/airflow/.local/lib/python3.8/site-packages/airflow/example_dags/example_branch_python_dop_operator_3.py for tasks to queue
[2025-11-02T18:36:36.584+0000] {logging_mixin.py:188} INFO - [2025-11-02T18:36:36.583+0000] {dagbag.py:538} INFO - Filling up the DagBag from /home/airflow/.local/lib/python3.8/site-packages/airflow/example_dags/example_branch_python_dop_operator_3.py
[2025-11-02T18:36:36.649+0000] {processor.py:840} INFO - DAG(s) 'example_branch_dop_operator_v3' retrieved from /home/airflow/.local/lib/python3.8/site-packages/airflow/example_dags/example_branch_python_dop_operator_3.py
[2025-11-02T18:36:36.739+0000] {logging_mixin.py:188} INFO - [2025-11-02T18:36:36.738+0000] {dag.py:3036} INFO - Sync 1 DAGs
[2025-11-02T18:36:36.849+0000] {logging_mixin.py:188} INFO - [2025-11-02T18:36:36.848+0000] {dag.py:3823} INFO - Setting next_dagrun for example_branch_dop_operator_v3 to 2025-11-02 18:35:00+00:00, run_after=2025-11-02 18:36:00+00:00
[2025-11-02T18:36:36.938+0000] {processor.py:183} INFO - Processing /home/airflow/.local/lib/python3.8/site-packages/airflow/example_dags/example_branch_python_dop_operator_3.py took 0.398 seconds
[2025-11-02T18:37:07.638+0000] {processor.py:161} INFO - Started process (PID=1428) to work on /home/airflow/.local/lib/python3.8/site-packages/airflow/example_dags/example_branch_python_dop_operator_3.py
[2025-11-02T18:37:07.641+0000] {processor.py:830} INFO - Processing file /home/airflow/.local/lib/python3.8/site-packages/airflow/example_dags/example_branch_python_dop_operator_3.py for tasks to queue
[2025-11-02T18:37:07.651+0000] {logging_mixin.py:188} INFO - [2025-11-02T18:37:07.648+0000] {dagbag.py:538} INFO - Filling up the DagBag from /home/airflow/.local/lib/python3.8/site-packages/airflow/example_dags/example_branch_python_dop_operator_3.py
[2025-11-02T18:37:07.692+0000] {processor.py:840} INFO - DAG(s) 'example_branch_dop_operator_v3' retrieved from /home/airflow/.local/lib/python3.8/site-packages/airflow/example_dags/example_branch_python_dop_operator_3.py
[2025-11-02T18:37:07.971+0000] {logging_mixin.py:188} INFO - [2025-11-02T18:37:07.971+0000] {dag.py:3036} INFO - Sync 1 DAGs
[2025-11-02T18:37:08.137+0000] {logging_mixin.py:188} INFO - [2025-11-02T18:37:08.136+0000] {dag.py:3823} INFO - Setting next_dagrun for example_branch_dop_operator_v3 to 2025-11-02 18:36:00+00:00, run_after=2025-11-02 18:37:00+00:00
[2025-11-02T18:37:08.247+0000] {processor.py:183} INFO - Processing /home/airflow/.local/lib/python3.8/site-packages/airflow/example_dags/example_branch_python_dop_operator_3.py took 0.469 seconds
[2025-11-02T18:37:39.081+0000] {processor.py:161} INFO - Started process (PID=1484) to work on /home/airflow/.local/lib/python3.8/site-packages/airflow/example_dags/example_branch_python_dop_operator_3.py
[2025-11-02T18:37:39.108+0000] {processor.py:830} INFO - Processing file /home/airflow/.local/lib/python3.8/site-packages/airflow/example_dags/example_branch_python_dop_operator_3.py for tasks to queue
[2025-11-02T18:37:39.118+0000] {logging_mixin.py:188} INFO - [2025-11-02T18:37:39.115+0000] {dagbag.py:538} INFO - Filling up the DagBag from /home/airflow/.local/lib/python3.8/site-packages/airflow/example_dags/example_branch_python_dop_operator_3.py
[2025-11-02T18:37:39.174+0000] {processor.py:840} INFO - DAG(s) 'example_branch_dop_operator_v3' retrieved from /home/airflow/.local/lib/python3.8/site-packages/airflow/example_dags/example_branch_python_dop_operator_3.py
[2025-11-02T18:37:39.300+0000] {logging_mixin.py:188} INFO - [2025-11-02T18:37:39.288+0000] {dag.py:3036} INFO - Sync 1 DAGs
[2025-11-02T18:37:39.635+0000] {logging_mixin.py:188} INFO - [2025-11-02T18:37:39.635+0000] {dag.py:3823} INFO - Setting next_dagrun for example_branch_dop_operator_v3 to 2025-11-02 18:36:00+00:00, run_after=2025-11-02 18:37:00+00:00
[2025-11-02T18:37:39.934+0000] {processor.py:183} INFO - Processing /home/airflow/.local/lib/python3.8/site-packages/airflow/example_dags/example_branch_python_dop_operator_3.py took 0.906 seconds
[2025-11-02T18:38:10.709+0000] {processor.py:161} INFO - Started process (PID=1539) to work on /home/airflow/.local/lib/python3.8/site-packages/airflow/example_dags/example_branch_python_dop_operator_3.py
[2025-11-02T18:38:10.737+0000] {processor.py:830} INFO - Processing file /home/airflow/.local/lib/python3.8/site-packages/airflow/example_dags/example_branch_python_dop_operator_3.py for tasks to queue
[2025-11-02T18:38:10.758+0000] {logging_mixin.py:188} INFO - [2025-11-02T18:38:10.747+0000] {dagbag.py:538} INFO - Filling up the DagBag from /home/airflow/.local/lib/python3.8/site-packages/airflow/example_dags/example_branch_python_dop_operator_3.py
[2025-11-02T18:38:10.853+0000] {processor.py:840} INFO - DAG(s) 'example_branch_dop_operator_v3' retrieved from /home/airflow/.local/lib/python3.8/site-packages/airflow/example_dags/example_branch_python_dop_operator_3.py
[2025-11-02T18:38:11.029+0000] {logging_mixin.py:188} INFO - [2025-11-02T18:38:11.025+0000] {dag.py:3036} INFO - Sync 1 DAGs
[2025-11-02T18:38:11.185+0000] {logging_mixin.py:188} INFO - [2025-11-02T18:38:11.174+0000] {dag.py:3823} INFO - Setting next_dagrun for example_branch_dop_operator_v3 to 2025-11-02 18:37:00+00:00, run_after=2025-11-02 18:38:00+00:00
[2025-11-02T18:38:11.294+0000] {processor.py:183} INFO - Processing /home/airflow/.local/lib/python3.8/site-packages/airflow/example_dags/example_branch_python_dop_operator_3.py took 0.618 seconds
[2025-11-02T18:38:42.373+0000] {processor.py:161} INFO - Started process (PID=1594) to work on /home/airflow/.local/lib/python3.8/site-packages/airflow/example_dags/example_branch_python_dop_operator_3.py
[2025-11-02T18:38:42.382+0000] {processor.py:830} INFO - Processing file /home/airflow/.local/lib/python3.8/site-packages/airflow/example_dags/example_branch_python_dop_operator_3.py for tasks to queue
[2025-11-02T18:38:42.400+0000] {logging_mixin.py:188} INFO - [2025-11-02T18:38:42.390+0000] {dagbag.py:538} INFO - Filling up the DagBag from /home/airflow/.local/lib/python3.8/site-packages/airflow/example_dags/example_branch_python_dop_operator_3.py
[2025-11-02T18:38:42.492+0000] {processor.py:840} INFO - DAG(s) 'example_branch_dop_operator_v3' retrieved from /home/airflow/.local/lib/python3.8/site-packages/airflow/example_dags/example_branch_python_dop_operator_3.py
[2025-11-02T18:38:42.949+0000] {logging_mixin.py:188} INFO - [2025-11-02T18:38:42.948+0000] {dag.py:3036} INFO - Sync 1 DAGs
[2025-11-02T18:38:43.188+0000] {logging_mixin.py:188} INFO - [2025-11-02T18:38:43.187+0000] {dag.py:3823} INFO - Setting next_dagrun for example_branch_dop_operator_v3 to 2025-11-02 18:37:00+00:00, run_after=2025-11-02 18:38:00+00:00
[2025-11-02T18:38:43.338+0000] {processor.py:183} INFO - Processing /home/airflow/.local/lib/python3.8/site-packages/airflow/example_dags/example_branch_python_dop_operator_3.py took 0.984 seconds
[2025-11-02T18:39:14.405+0000] {processor.py:161} INFO - Started process (PID=1649) to work on /home/airflow/.local/lib/python3.8/site-packages/airflow/example_dags/example_branch_python_dop_operator_3.py
[2025-11-02T18:39:14.409+0000] {processor.py:830} INFO - Processing file /home/airflow/.local/lib/python3.8/site-packages/airflow/example_dags/example_branch_python_dop_operator_3.py for tasks to queue
[2025-11-02T18:39:14.423+0000] {logging_mixin.py:188} INFO - [2025-11-02T18:39:14.422+0000] {dagbag.py:538} INFO - Filling up the DagBag from /home/airflow/.local/lib/python3.8/site-packages/airflow/example_dags/example_branch_python_dop_operator_3.py
[2025-11-02T18:39:14.525+0000] {processor.py:840} INFO - DAG(s) 'example_branch_dop_operator_v3' retrieved from /home/airflow/.local/lib/python3.8/site-packages/airflow/example_dags/example_branch_python_dop_operator_3.py
[2025-11-02T18:39:14.695+0000] {logging_mixin.py:188} INFO - [2025-11-02T18:39:14.695+0000] {dag.py:3036} INFO - Sync 1 DAGs
[2025-11-02T18:39:14.974+0000] {logging_mixin.py:188} INFO - [2025-11-02T18:39:14.974+0000] {dag.py:3823} INFO - Setting next_dagrun for example_branch_dop_operator_v3 to 2025-11-02 18:38:00+00:00, run_after=2025-11-02 18:39:00+00:00
[2025-11-02T18:39:15.224+0000] {processor.py:183} INFO - Processing /home/airflow/.local/lib/python3.8/site-packages/airflow/example_dags/example_branch_python_dop_operator_3.py took 0.844 seconds
[2025-11-02T18:39:52.018+0000] {processor.py:161} INFO - Started process (PID=1709) to work on /home/airflow/.local/lib/python3.8/site-packages/airflow/example_dags/example_branch_python_dop_operator_3.py
[2025-11-02T18:39:52.022+0000] {processor.py:830} INFO - Processing file /home/airflow/.local/lib/python3.8/site-packages/airflow/example_dags/example_branch_python_dop_operator_3.py for tasks to queue
[2025-11-02T18:39:52.051+0000] {logging_mixin.py:188} INFO - [2025-11-02T18:39:52.050+0000] {dagbag.py:538} INFO - Filling up the DagBag from /home/airflow/.local/lib/python3.8/site-packages/airflow/example_dags/example_branch_python_dop_operator_3.py
[2025-11-02T18:39:52.141+0000] {processor.py:840} INFO - DAG(s) 'example_branch_dop_operator_v3' retrieved from /home/airflow/.local/lib/python3.8/site-packages/airflow/example_dags/example_branch_python_dop_operator_3.py
[2025-11-02T18:39:52.261+0000] {logging_mixin.py:188} INFO - [2025-11-02T18:39:52.261+0000] {dag.py:3036} INFO - Sync 1 DAGs
[2025-11-02T18:39:52.418+0000] {logging_mixin.py:188} INFO - [2025-11-02T18:39:52.417+0000] {dag.py:3823} INFO - Setting next_dagrun for example_branch_dop_operator_v3 to 2025-11-02 18:38:00+00:00, run_after=2025-11-02 18:39:00+00:00
[2025-11-02T18:39:52.639+0000] {processor.py:183} INFO - Processing /home/airflow/.local/lib/python3.8/site-packages/airflow/example_dags/example_branch_python_dop_operator_3.py took 0.658 seconds
[2025-11-02T18:40:22.851+0000] {processor.py:161} INFO - Started process (PID=1765) to work on /home/airflow/.local/lib/python3.8/site-packages/airflow/example_dags/example_branch_python_dop_operator_3.py
[2025-11-02T18:40:22.861+0000] {processor.py:830} INFO - Processing file /home/airflow/.local/lib/python3.8/site-packages/airflow/example_dags/example_branch_python_dop_operator_3.py for tasks to queue
[2025-11-02T18:40:22.873+0000] {logging_mixin.py:188} INFO - [2025-11-02T18:40:22.872+0000] {dagbag.py:538} INFO - Filling up the DagBag from /home/airflow/.local/lib/python3.8/site-packages/airflow/example_dags/example_branch_python_dop_operator_3.py
[2025-11-02T18:40:22.935+0000] {processor.py:840} INFO - DAG(s) 'example_branch_dop_operator_v3' retrieved from /home/airflow/.local/lib/python3.8/site-packages/airflow/example_dags/example_branch_python_dop_operator_3.py
[2025-11-02T18:40:23.019+0000] {logging_mixin.py:188} INFO - [2025-11-02T18:40:23.018+0000] {dag.py:3036} INFO - Sync 1 DAGs
[2025-11-02T18:40:23.133+0000] {logging_mixin.py:188} INFO - [2025-11-02T18:40:23.132+0000] {dag.py:3823} INFO - Setting next_dagrun for example_branch_dop_operator_v3 to 2025-11-02 18:39:00+00:00, run_after=2025-11-02 18:40:00+00:00
[2025-11-02T18:40:23.223+0000] {processor.py:183} INFO - Processing /home/airflow/.local/lib/python3.8/site-packages/airflow/example_dags/example_branch_python_dop_operator_3.py took 0.406 seconds
[2025-11-02T18:40:54.271+0000] {processor.py:161} INFO - Started process (PID=1819) to work on /home/airflow/.local/lib/python3.8/site-packages/airflow/example_dags/example_branch_python_dop_operator_3.py
[2025-11-02T18:40:54.285+0000] {processor.py:830} INFO - Processing file /home/airflow/.local/lib/python3.8/site-packages/airflow/example_dags/example_branch_python_dop_operator_3.py for tasks to queue
[2025-11-02T18:40:54.298+0000] {logging_mixin.py:188} INFO - [2025-11-02T18:40:54.297+0000] {dagbag.py:538} INFO - Filling up the DagBag from /home/airflow/.local/lib/python3.8/site-packages/airflow/example_dags/example_branch_python_dop_operator_3.py
[2025-11-02T18:40:54.355+0000] {processor.py:840} INFO - DAG(s) 'example_branch_dop_operator_v3' retrieved from /home/airflow/.local/lib/python3.8/site-packages/airflow/example_dags/example_branch_python_dop_operator_3.py
[2025-11-02T18:40:54.484+0000] {logging_mixin.py:188} INFO - [2025-11-02T18:40:54.484+0000] {dag.py:3036} INFO - Sync 1 DAGs
[2025-11-02T18:40:54.614+0000] {logging_mixin.py:188} INFO - [2025-11-02T18:40:54.613+0000] {dag.py:3823} INFO - Setting next_dagrun for example_branch_dop_operator_v3 to 2025-11-02 18:39:00+00:00, run_after=2025-11-02 18:40:00+00:00
[2025-11-02T18:40:54.744+0000] {processor.py:183} INFO - Processing /home/airflow/.local/lib/python3.8/site-packages/airflow/example_dags/example_branch_python_dop_operator_3.py took 0.494 seconds
[2025-11-02T18:41:25.570+0000] {processor.py:161} INFO - Started process (PID=1874) to work on /home/airflow/.local/lib/python3.8/site-packages/airflow/example_dags/example_branch_python_dop_operator_3.py
[2025-11-02T18:41:25.573+0000] {processor.py:830} INFO - Processing file /home/airflow/.local/lib/python3.8/site-packages/airflow/example_dags/example_branch_python_dop_operator_3.py for tasks to queue
[2025-11-02T18:41:25.580+0000] {logging_mixin.py:188} INFO - [2025-11-02T18:41:25.579+0000] {dagbag.py:538} INFO - Filling up the DagBag from /home/airflow/.local/lib/python3.8/site-packages/airflow/example_dags/example_branch_python_dop_operator_3.py
[2025-11-02T18:41:25.623+0000] {processor.py:840} INFO - DAG(s) 'example_branch_dop_operator_v3' retrieved from /home/airflow/.local/lib/python3.8/site-packages/airflow/example_dags/example_branch_python_dop_operator_3.py
[2025-11-02T18:41:25.713+0000] {logging_mixin.py:188} INFO - [2025-11-02T18:41:25.710+0000] {dag.py:3036} INFO - Sync 1 DAGs
[2025-11-02T18:41:25.981+0000] {logging_mixin.py:188} INFO - [2025-11-02T18:41:25.980+0000] {dag.py:3823} INFO - Setting next_dagrun for example_branch_dop_operator_v3 to 2025-11-02 18:40:00+00:00, run_after=2025-11-02 18:41:00+00:00
[2025-11-02T18:41:26.075+0000] {processor.py:183} INFO - Processing /home/airflow/.local/lib/python3.8/site-packages/airflow/example_dags/example_branch_python_dop_operator_3.py took 0.521 seconds
[2025-11-02T18:41:59.536+0000] {processor.py:161} INFO - Started process (PID=1928) to work on /home/airflow/.local/lib/python3.8/site-packages/airflow/example_dags/example_branch_python_dop_operator_3.py
[2025-11-02T18:41:59.540+0000] {processor.py:830} INFO - Processing file /home/airflow/.local/lib/python3.8/site-packages/airflow/example_dags/example_branch_python_dop_operator_3.py for tasks to queue
[2025-11-02T18:41:59.547+0000] {logging_mixin.py:188} INFO - [2025-11-02T18:41:59.546+0000] {dagbag.py:538} INFO - Filling up the DagBag from /home/airflow/.local/lib/python3.8/site-packages/airflow/example_dags/example_branch_python_dop_operator_3.py
[2025-11-02T18:41:59.594+0000] {processor.py:840} INFO - DAG(s) 'example_branch_dop_operator_v3' retrieved from /home/airflow/.local/lib/python3.8/site-packages/airflow/example_dags/example_branch_python_dop_operator_3.py
[2025-11-02T18:41:59.686+0000] {logging_mixin.py:188} INFO - [2025-11-02T18:41:59.685+0000] {dag.py:3036} INFO - Sync 1 DAGs
[2025-11-02T18:41:59.796+0000] {logging_mixin.py:188} INFO - [2025-11-02T18:41:59.795+0000] {dag.py:3823} INFO - Setting next_dagrun for example_branch_dop_operator_v3 to 2025-11-02 18:40:00+00:00, run_after=2025-11-02 18:41:00+00:00
[2025-11-02T18:41:59.889+0000] {processor.py:183} INFO - Processing /home/airflow/.local/lib/python3.8/site-packages/airflow/example_dags/example_branch_python_dop_operator_3.py took 0.365 seconds
[2025-11-02T18:42:30.107+0000] {processor.py:161} INFO - Started process (PID=1983) to work on /home/airflow/.local/lib/python3.8/site-packages/airflow/example_dags/example_branch_python_dop_operator_3.py
[2025-11-02T18:42:30.112+0000] {processor.py:830} INFO - Processing file /home/airflow/.local/lib/python3.8/site-packages/airflow/example_dags/example_branch_python_dop_operator_3.py for tasks to queue
[2025-11-02T18:42:30.144+0000] {logging_mixin.py:188} INFO - [2025-11-02T18:42:30.142+0000] {dagbag.py:538} INFO - Filling up the DagBag from /home/airflow/.local/lib/python3.8/site-packages/airflow/example_dags/example_branch_python_dop_operator_3.py
[2025-11-02T18:42:30.185+0000] {processor.py:840} INFO - DAG(s) 'example_branch_dop_operator_v3' retrieved from /home/airflow/.local/lib/python3.8/site-packages/airflow/example_dags/example_branch_python_dop_operator_3.py
[2025-11-02T18:42:30.279+0000] {logging_mixin.py:188} INFO - [2025-11-02T18:42:30.278+0000] {dag.py:3036} INFO - Sync 1 DAGs
[2025-11-02T18:42:30.505+0000] {logging_mixin.py:188} INFO - [2025-11-02T18:42:30.504+0000] {dag.py:3823} INFO - Setting next_dagrun for example_branch_dop_operator_v3 to 2025-11-02 18:41:00+00:00, run_after=2025-11-02 18:42:00+00:00
[2025-11-02T18:42:30.636+0000] {processor.py:183} INFO - Processing /home/airflow/.local/lib/python3.8/site-packages/airflow/example_dags/example_branch_python_dop_operator_3.py took 0.551 seconds
[2025-11-02T18:43:01.258+0000] {processor.py:161} INFO - Started process (PID=2036) to work on /home/airflow/.local/lib/python3.8/site-packages/airflow/example_dags/example_branch_python_dop_operator_3.py
[2025-11-02T18:43:01.271+0000] {processor.py:830} INFO - Processing file /home/airflow/.local/lib/python3.8/site-packages/airflow/example_dags/example_branch_python_dop_operator_3.py for tasks to queue
[2025-11-02T18:43:01.296+0000] {logging_mixin.py:188} INFO - [2025-11-02T18:43:01.295+0000] {dagbag.py:538} INFO - Filling up the DagBag from /home/airflow/.local/lib/python3.8/site-packages/airflow/example_dags/example_branch_python_dop_operator_3.py
[2025-11-02T18:43:01.408+0000] {processor.py:840} INFO - DAG(s) 'example_branch_dop_operator_v3' retrieved from /home/airflow/.local/lib/python3.8/site-packages/airflow/example_dags/example_branch_python_dop_operator_3.py
[2025-11-02T18:43:01.669+0000] {logging_mixin.py:188} INFO - [2025-11-02T18:43:01.669+0000] {dag.py:3036} INFO - Sync 1 DAGs
[2025-11-02T18:43:01.795+0000] {logging_mixin.py:188} INFO - [2025-11-02T18:43:01.794+0000] {dag.py:3823} INFO - Setting next_dagrun for example_branch_dop_operator_v3 to 2025-11-02 18:42:00+00:00, run_after=2025-11-02 18:43:00+00:00
[2025-11-02T18:43:01.940+0000] {processor.py:183} INFO - Processing /home/airflow/.local/lib/python3.8/site-packages/airflow/example_dags/example_branch_python_dop_operator_3.py took 0.722 seconds
[2025-11-02T18:43:32.424+0000] {processor.py:161} INFO - Started process (PID=2091) to work on /home/airflow/.local/lib/python3.8/site-packages/airflow/example_dags/example_branch_python_dop_operator_3.py
[2025-11-02T18:43:32.427+0000] {processor.py:830} INFO - Processing file /home/airflow/.local/lib/python3.8/site-packages/airflow/example_dags/example_branch_python_dop_operator_3.py for tasks to queue
[2025-11-02T18:43:32.437+0000] {logging_mixin.py:188} INFO - [2025-11-02T18:43:32.436+0000] {dagbag.py:538} INFO - Filling up the DagBag from /home/airflow/.local/lib/python3.8/site-packages/airflow/example_dags/example_branch_python_dop_operator_3.py
[2025-11-02T18:43:32.481+0000] {processor.py:840} INFO - DAG(s) 'example_branch_dop_operator_v3' retrieved from /home/airflow/.local/lib/python3.8/site-packages/airflow/example_dags/example_branch_python_dop_operator_3.py
[2025-11-02T18:43:32.561+0000] {logging_mixin.py:188} INFO - [2025-11-02T18:43:32.561+0000] {dag.py:3036} INFO - Sync 1 DAGs
[2025-11-02T18:43:32.675+0000] {logging_mixin.py:188} INFO - [2025-11-02T18:43:32.674+0000] {dag.py:3823} INFO - Setting next_dagrun for example_branch_dop_operator_v3 to 2025-11-02 18:42:00+00:00, run_after=2025-11-02 18:43:00+00:00
[2025-11-02T18:43:32.756+0000] {processor.py:183} INFO - Processing /home/airflow/.local/lib/python3.8/site-packages/airflow/example_dags/example_branch_python_dop_operator_3.py took 0.349 seconds
[2025-11-02T18:44:03.059+0000] {processor.py:161} INFO - Started process (PID=2146) to work on /home/airflow/.local/lib/python3.8/site-packages/airflow/example_dags/example_branch_python_dop_operator_3.py
[2025-11-02T18:44:03.063+0000] {processor.py:830} INFO - Processing file /home/airflow/.local/lib/python3.8/site-packages/airflow/example_dags/example_branch_python_dop_operator_3.py for tasks to queue
[2025-11-02T18:44:03.076+0000] {logging_mixin.py:188} INFO - [2025-11-02T18:44:03.075+0000] {dagbag.py:538} INFO - Filling up the DagBag from /home/airflow/.local/lib/python3.8/site-packages/airflow/example_dags/example_branch_python_dop_operator_3.py
[2025-11-02T18:44:03.135+0000] {processor.py:840} INFO - DAG(s) 'example_branch_dop_operator_v3' retrieved from /home/airflow/.local/lib/python3.8/site-packages/airflow/example_dags/example_branch_python_dop_operator_3.py
[2025-11-02T18:44:03.266+0000] {logging_mixin.py:188} INFO - [2025-11-02T18:44:03.265+0000] {dag.py:3036} INFO - Sync 1 DAGs
[2025-11-02T18:44:03.423+0000] {logging_mixin.py:188} INFO - [2025-11-02T18:44:03.422+0000] {dag.py:3823} INFO - Setting next_dagrun for example_branch_dop_operator_v3 to 2025-11-02 18:43:00+00:00, run_after=2025-11-02 18:44:00+00:00
[2025-11-02T18:44:03.521+0000] {processor.py:183} INFO - Processing /home/airflow/.local/lib/python3.8/site-packages/airflow/example_dags/example_branch_python_dop_operator_3.py took 0.482 seconds
[2025-11-02T18:44:33.971+0000] {processor.py:161} INFO - Started process (PID=2201) to work on /home/airflow/.local/lib/python3.8/site-packages/airflow/example_dags/example_branch_python_dop_operator_3.py
[2025-11-02T18:44:33.975+0000] {processor.py:830} INFO - Processing file /home/airflow/.local/lib/python3.8/site-packages/airflow/example_dags/example_branch_python_dop_operator_3.py for tasks to queue
[2025-11-02T18:44:33.981+0000] {logging_mixin.py:188} INFO - [2025-11-02T18:44:33.980+0000] {dagbag.py:538} INFO - Filling up the DagBag from /home/airflow/.local/lib/python3.8/site-packages/airflow/example_dags/example_branch_python_dop_operator_3.py
[2025-11-02T18:44:34.053+0000] {processor.py:840} INFO - DAG(s) 'example_branch_dop_operator_v3' retrieved from /home/airflow/.local/lib/python3.8/site-packages/airflow/example_dags/example_branch_python_dop_operator_3.py
[2025-11-02T18:44:34.141+0000] {logging_mixin.py:188} INFO - [2025-11-02T18:44:34.138+0000] {dag.py:3036} INFO - Sync 1 DAGs
[2025-11-02T18:44:34.351+0000] {logging_mixin.py:188} INFO - [2025-11-02T18:44:34.350+0000] {dag.py:3823} INFO - Setting next_dagrun for example_branch_dop_operator_v3 to 2025-11-02 18:43:00+00:00, run_after=2025-11-02 18:44:00+00:00
[2025-11-02T18:44:34.489+0000] {processor.py:183} INFO - Processing /home/airflow/.local/lib/python3.8/site-packages/airflow/example_dags/example_branch_python_dop_operator_3.py took 0.531 seconds
[2025-11-02T18:45:05.359+0000] {processor.py:161} INFO - Started process (PID=2256) to work on /home/airflow/.local/lib/python3.8/site-packages/airflow/example_dags/example_branch_python_dop_operator_3.py
[2025-11-02T18:45:05.362+0000] {processor.py:830} INFO - Processing file /home/airflow/.local/lib/python3.8/site-packages/airflow/example_dags/example_branch_python_dop_operator_3.py for tasks to queue
[2025-11-02T18:45:05.367+0000] {logging_mixin.py:188} INFO - [2025-11-02T18:45:05.366+0000] {dagbag.py:538} INFO - Filling up the DagBag from /home/airflow/.local/lib/python3.8/site-packages/airflow/example_dags/example_branch_python_dop_operator_3.py
[2025-11-02T18:45:05.389+0000] {processor.py:840} INFO - DAG(s) 'example_branch_dop_operator_v3' retrieved from /home/airflow/.local/lib/python3.8/site-packages/airflow/example_dags/example_branch_python_dop_operator_3.py
[2025-11-02T18:45:05.446+0000] {logging_mixin.py:188} INFO - [2025-11-02T18:45:05.446+0000] {dag.py:3036} INFO - Sync 1 DAGs
[2025-11-02T18:45:05.501+0000] {logging_mixin.py:188} INFO - [2025-11-02T18:45:05.500+0000] {dag.py:3823} INFO - Setting next_dagrun for example_branch_dop_operator_v3 to 2025-11-02 18:44:00+00:00, run_after=2025-11-02 18:45:00+00:00
[2025-11-02T18:45:05.541+0000] {processor.py:183} INFO - Processing /home/airflow/.local/lib/python3.8/site-packages/airflow/example_dags/example_branch_python_dop_operator_3.py took 0.194 seconds
[2025-11-02T18:45:35.855+0000] {processor.py:161} INFO - Started process (PID=2311) to work on /home/airflow/.local/lib/python3.8/site-packages/airflow/example_dags/example_branch_python_dop_operator_3.py
[2025-11-02T18:45:35.859+0000] {processor.py:830} INFO - Processing file /home/airflow/.local/lib/python3.8/site-packages/airflow/example_dags/example_branch_python_dop_operator_3.py for tasks to queue
[2025-11-02T18:45:35.890+0000] {logging_mixin.py:188} INFO - [2025-11-02T18:45:35.888+0000] {dagbag.py:538} INFO - Filling up the DagBag from /home/airflow/.local/lib/python3.8/site-packages/airflow/example_dags/example_branch_python_dop_operator_3.py
[2025-11-02T18:45:35.924+0000] {processor.py:840} INFO - DAG(s) 'example_branch_dop_operator_v3' retrieved from /home/airflow/.local/lib/python3.8/site-packages/airflow/example_dags/example_branch_python_dop_operator_3.py
[2025-11-02T18:45:35.995+0000] {logging_mixin.py:188} INFO - [2025-11-02T18:45:35.994+0000] {dag.py:3036} INFO - Sync 1 DAGs
[2025-11-02T18:45:36.107+0000] {logging_mixin.py:188} INFO - [2025-11-02T18:45:36.106+0000] {dag.py:3823} INFO - Setting next_dagrun for example_branch_dop_operator_v3 to 2025-11-02 18:44:00+00:00, run_after=2025-11-02 18:45:00+00:00
[2025-11-02T18:45:36.196+0000] {processor.py:183} INFO - Processing /home/airflow/.local/lib/python3.8/site-packages/airflow/example_dags/example_branch_python_dop_operator_3.py took 0.356 seconds
[2025-11-02T18:46:07.055+0000] {processor.py:161} INFO - Started process (PID=2366) to work on /home/airflow/.local/lib/python3.8/site-packages/airflow/example_dags/example_branch_python_dop_operator_3.py
[2025-11-02T18:46:07.059+0000] {processor.py:830} INFO - Processing file /home/airflow/.local/lib/python3.8/site-packages/airflow/example_dags/example_branch_python_dop_operator_3.py for tasks to queue
[2025-11-02T18:46:07.065+0000] {logging_mixin.py:188} INFO - [2025-11-02T18:46:07.064+0000] {dagbag.py:538} INFO - Filling up the DagBag from /home/airflow/.local/lib/python3.8/site-packages/airflow/example_dags/example_branch_python_dop_operator_3.py
[2025-11-02T18:46:07.093+0000] {processor.py:840} INFO - DAG(s) 'example_branch_dop_operator_v3' retrieved from /home/airflow/.local/lib/python3.8/site-packages/airflow/example_dags/example_branch_python_dop_operator_3.py
[2025-11-02T18:46:07.154+0000] {logging_mixin.py:188} INFO - [2025-11-02T18:46:07.153+0000] {dag.py:3036} INFO - Sync 1 DAGs
[2025-11-02T18:46:07.228+0000] {logging_mixin.py:188} INFO - [2025-11-02T18:46:07.228+0000] {dag.py:3823} INFO - Setting next_dagrun for example_branch_dop_operator_v3 to 2025-11-02 18:45:00+00:00, run_after=2025-11-02 18:46:00+00:00
[2025-11-02T18:46:07.276+0000] {processor.py:183} INFO - Processing /home/airflow/.local/lib/python3.8/site-packages/airflow/example_dags/example_branch_python_dop_operator_3.py took 0.230 seconds
[2025-11-02T18:46:38.359+0000] {processor.py:161} INFO - Started process (PID=2421) to work on /home/airflow/.local/lib/python3.8/site-packages/airflow/example_dags/example_branch_python_dop_operator_3.py
[2025-11-02T18:46:38.362+0000] {processor.py:830} INFO - Processing file /home/airflow/.local/lib/python3.8/site-packages/airflow/example_dags/example_branch_python_dop_operator_3.py for tasks to queue
[2025-11-02T18:46:38.367+0000] {logging_mixin.py:188} INFO - [2025-11-02T18:46:38.366+0000] {dagbag.py:538} INFO - Filling up the DagBag from /home/airflow/.local/lib/python3.8/site-packages/airflow/example_dags/example_branch_python_dop_operator_3.py
[2025-11-02T18:46:38.394+0000] {processor.py:840} INFO - DAG(s) 'example_branch_dop_operator_v3' retrieved from /home/airflow/.local/lib/python3.8/site-packages/airflow/example_dags/example_branch_python_dop_operator_3.py
[2025-11-02T18:46:38.443+0000] {logging_mixin.py:188} INFO - [2025-11-02T18:46:38.443+0000] {dag.py:3036} INFO - Sync 1 DAGs
[2025-11-02T18:46:38.503+0000] {logging_mixin.py:188} INFO - [2025-11-02T18:46:38.502+0000] {dag.py:3823} INFO - Setting next_dagrun for example_branch_dop_operator_v3 to 2025-11-02 18:45:00+00:00, run_after=2025-11-02 18:46:00+00:00
[2025-11-02T18:46:38.548+0000] {processor.py:183} INFO - Processing /home/airflow/.local/lib/python3.8/site-packages/airflow/example_dags/example_branch_python_dop_operator_3.py took 0.197 seconds
[2025-11-02T18:47:09.149+0000] {processor.py:161} INFO - Started process (PID=2477) to work on /home/airflow/.local/lib/python3.8/site-packages/airflow/example_dags/example_branch_python_dop_operator_3.py
[2025-11-02T18:47:09.181+0000] {processor.py:830} INFO - Processing file /home/airflow/.local/lib/python3.8/site-packages/airflow/example_dags/example_branch_python_dop_operator_3.py for tasks to queue
[2025-11-02T18:47:09.206+0000] {logging_mixin.py:188} INFO - [2025-11-02T18:47:09.205+0000] {dagbag.py:538} INFO - Filling up the DagBag from /home/airflow/.local/lib/python3.8/site-packages/airflow/example_dags/example_branch_python_dop_operator_3.py
[2025-11-02T18:47:09.243+0000] {processor.py:840} INFO - DAG(s) 'example_branch_dop_operator_v3' retrieved from /home/airflow/.local/lib/python3.8/site-packages/airflow/example_dags/example_branch_python_dop_operator_3.py
[2025-11-02T18:47:09.307+0000] {logging_mixin.py:188} INFO - [2025-11-02T18:47:09.307+0000] {dag.py:3036} INFO - Sync 1 DAGs
[2025-11-02T18:47:09.381+0000] {logging_mixin.py:188} INFO - [2025-11-02T18:47:09.380+0000] {dag.py:3823} INFO - Setting next_dagrun for example_branch_dop_operator_v3 to 2025-11-02 18:46:00+00:00, run_after=2025-11-02 18:47:00+00:00
[2025-11-02T18:47:09.435+0000] {processor.py:183} INFO - Processing /home/airflow/.local/lib/python3.8/site-packages/airflow/example_dags/example_branch_python_dop_operator_3.py took 0.316 seconds
[2025-11-02T18:47:39.682+0000] {processor.py:161} INFO - Started process (PID=2532) to work on /home/airflow/.local/lib/python3.8/site-packages/airflow/example_dags/example_branch_python_dop_operator_3.py
[2025-11-02T18:47:39.685+0000] {processor.py:830} INFO - Processing file /home/airflow/.local/lib/python3.8/site-packages/airflow/example_dags/example_branch_python_dop_operator_3.py for tasks to queue
[2025-11-02T18:47:39.690+0000] {logging_mixin.py:188} INFO - [2025-11-02T18:47:39.689+0000] {dagbag.py:538} INFO - Filling up the DagBag from /home/airflow/.local/lib/python3.8/site-packages/airflow/example_dags/example_branch_python_dop_operator_3.py
[2025-11-02T18:47:39.714+0000] {processor.py:840} INFO - DAG(s) 'example_branch_dop_operator_v3' retrieved from /home/airflow/.local/lib/python3.8/site-packages/airflow/example_dags/example_branch_python_dop_operator_3.py
[2025-11-02T18:47:39.772+0000] {logging_mixin.py:188} INFO - [2025-11-02T18:47:39.772+0000] {dag.py:3036} INFO - Sync 1 DAGs
[2025-11-02T18:47:39.830+0000] {logging_mixin.py:188} INFO - [2025-11-02T18:47:39.829+0000] {dag.py:3823} INFO - Setting next_dagrun for example_branch_dop_operator_v3 to 2025-11-02 18:46:00+00:00, run_after=2025-11-02 18:47:00+00:00
[2025-11-02T18:47:39.897+0000] {processor.py:183} INFO - Processing /home/airflow/.local/lib/python3.8/site-packages/airflow/example_dags/example_branch_python_dop_operator_3.py took 0.222 seconds
[2025-11-02T18:48:10.175+0000] {processor.py:161} INFO - Started process (PID=2586) to work on /home/airflow/.local/lib/python3.8/site-packages/airflow/example_dags/example_branch_python_dop_operator_3.py
[2025-11-02T18:48:10.178+0000] {processor.py:830} INFO - Processing file /home/airflow/.local/lib/python3.8/site-packages/airflow/example_dags/example_branch_python_dop_operator_3.py for tasks to queue
[2025-11-02T18:48:10.184+0000] {logging_mixin.py:188} INFO - [2025-11-02T18:48:10.183+0000] {dagbag.py:538} INFO - Filling up the DagBag from /home/airflow/.local/lib/python3.8/site-packages/airflow/example_dags/example_branch_python_dop_operator_3.py
[2025-11-02T18:48:10.209+0000] {processor.py:840} INFO - DAG(s) 'example_branch_dop_operator_v3' retrieved from /home/airflow/.local/lib/python3.8/site-packages/airflow/example_dags/example_branch_python_dop_operator_3.py
[2025-11-02T18:48:10.254+0000] {logging_mixin.py:188} INFO - [2025-11-02T18:48:10.254+0000] {dag.py:3036} INFO - Sync 1 DAGs
[2025-11-02T18:48:10.316+0000] {logging_mixin.py:188} INFO - [2025-11-02T18:48:10.315+0000] {dag.py:3823} INFO - Setting next_dagrun for example_branch_dop_operator_v3 to 2025-11-02 18:47:00+00:00, run_after=2025-11-02 18:48:00+00:00
[2025-11-02T18:48:10.361+0000] {processor.py:183} INFO - Processing /home/airflow/.local/lib/python3.8/site-packages/airflow/example_dags/example_branch_python_dop_operator_3.py took 0.196 seconds
[2025-11-02T18:48:41.227+0000] {processor.py:161} INFO - Started process (PID=2641) to work on /home/airflow/.local/lib/python3.8/site-packages/airflow/example_dags/example_branch_python_dop_operator_3.py
[2025-11-02T18:48:41.229+0000] {processor.py:830} INFO - Processing file /home/airflow/.local/lib/python3.8/site-packages/airflow/example_dags/example_branch_python_dop_operator_3.py for tasks to queue
[2025-11-02T18:48:41.234+0000] {logging_mixin.py:188} INFO - [2025-11-02T18:48:41.234+0000] {dagbag.py:538} INFO - Filling up the DagBag from /home/airflow/.local/lib/python3.8/site-packages/airflow/example_dags/example_branch_python_dop_operator_3.py
[2025-11-02T18:48:41.402+0000] {processor.py:840} INFO - DAG(s) 'example_branch_dop_operator_v3' retrieved from /home/airflow/.local/lib/python3.8/site-packages/airflow/example_dags/example_branch_python_dop_operator_3.py
[2025-11-02T18:48:41.448+0000] {logging_mixin.py:188} INFO - [2025-11-02T18:48:41.447+0000] {dag.py:3036} INFO - Sync 1 DAGs
[2025-11-02T18:48:41.809+0000] {logging_mixin.py:188} INFO - [2025-11-02T18:48:41.808+0000] {dag.py:3823} INFO - Setting next_dagrun for example_branch_dop_operator_v3 to 2025-11-02 18:47:00+00:00, run_after=2025-11-02 18:48:00+00:00
[2025-11-02T18:48:41.852+0000] {processor.py:183} INFO - Processing /home/airflow/.local/lib/python3.8/site-packages/airflow/example_dags/example_branch_python_dop_operator_3.py took 0.499 seconds
[2025-11-02T18:49:12.177+0000] {processor.py:161} INFO - Started process (PID=2697) to work on /home/airflow/.local/lib/python3.8/site-packages/airflow/example_dags/example_branch_python_dop_operator_3.py
[2025-11-02T18:49:12.184+0000] {processor.py:830} INFO - Processing file /home/airflow/.local/lib/python3.8/site-packages/airflow/example_dags/example_branch_python_dop_operator_3.py for tasks to queue
[2025-11-02T18:49:12.191+0000] {logging_mixin.py:188} INFO - [2025-11-02T18:49:12.190+0000] {dagbag.py:538} INFO - Filling up the DagBag from /home/airflow/.local/lib/python3.8/site-packages/airflow/example_dags/example_branch_python_dop_operator_3.py
[2025-11-02T18:49:12.226+0000] {processor.py:840} INFO - DAG(s) 'example_branch_dop_operator_v3' retrieved from /home/airflow/.local/lib/python3.8/site-packages/airflow/example_dags/example_branch_python_dop_operator_3.py
[2025-11-02T18:49:12.317+0000] {logging_mixin.py:188} INFO - [2025-11-02T18:49:12.315+0000] {dag.py:3036} INFO - Sync 1 DAGs
[2025-11-02T18:49:12.460+0000] {logging_mixin.py:188} INFO - [2025-11-02T18:49:12.459+0000] {dag.py:3823} INFO - Setting next_dagrun for example_branch_dop_operator_v3 to 2025-11-02 18:48:00+00:00, run_after=2025-11-02 18:49:00+00:00
[2025-11-02T18:49:12.923+0000] {processor.py:183} INFO - Processing /home/airflow/.local/lib/python3.8/site-packages/airflow/example_dags/example_branch_python_dop_operator_3.py took 0.761 seconds
[2025-11-02T18:49:43.266+0000] {processor.py:161} INFO - Started process (PID=2752) to work on /home/airflow/.local/lib/python3.8/site-packages/airflow/example_dags/example_branch_python_dop_operator_3.py
[2025-11-02T18:49:43.270+0000] {processor.py:830} INFO - Processing file /home/airflow/.local/lib/python3.8/site-packages/airflow/example_dags/example_branch_python_dop_operator_3.py for tasks to queue
[2025-11-02T18:49:43.278+0000] {logging_mixin.py:188} INFO - [2025-11-02T18:49:43.277+0000] {dagbag.py:538} INFO - Filling up the DagBag from /home/airflow/.local/lib/python3.8/site-packages/airflow/example_dags/example_branch_python_dop_operator_3.py
[2025-11-02T18:49:43.305+0000] {processor.py:840} INFO - DAG(s) 'example_branch_dop_operator_v3' retrieved from /home/airflow/.local/lib/python3.8/site-packages/airflow/example_dags/example_branch_python_dop_operator_3.py
[2025-11-02T18:49:43.375+0000] {logging_mixin.py:188} INFO - [2025-11-02T18:49:43.375+0000] {dag.py:3036} INFO - Sync 1 DAGs
[2025-11-02T18:49:43.451+0000] {logging_mixin.py:188} INFO - [2025-11-02T18:49:43.450+0000] {dag.py:3823} INFO - Setting next_dagrun for example_branch_dop_operator_v3 to 2025-11-02 18:48:00+00:00, run_after=2025-11-02 18:49:00+00:00
[2025-11-02T18:49:43.506+0000] {processor.py:183} INFO - Processing /home/airflow/.local/lib/python3.8/site-packages/airflow/example_dags/example_branch_python_dop_operator_3.py took 0.269 seconds
[2025-11-02T18:50:14.511+0000] {processor.py:161} INFO - Started process (PID=2807) to work on /home/airflow/.local/lib/python3.8/site-packages/airflow/example_dags/example_branch_python_dop_operator_3.py
[2025-11-02T18:50:14.514+0000] {processor.py:830} INFO - Processing file /home/airflow/.local/lib/python3.8/site-packages/airflow/example_dags/example_branch_python_dop_operator_3.py for tasks to queue
[2025-11-02T18:50:14.519+0000] {logging_mixin.py:188} INFO - [2025-11-02T18:50:14.519+0000] {dagbag.py:538} INFO - Filling up the DagBag from /home/airflow/.local/lib/python3.8/site-packages/airflow/example_dags/example_branch_python_dop_operator_3.py
[2025-11-02T18:50:14.546+0000] {processor.py:840} INFO - DAG(s) 'example_branch_dop_operator_v3' retrieved from /home/airflow/.local/lib/python3.8/site-packages/airflow/example_dags/example_branch_python_dop_operator_3.py
[2025-11-02T18:50:14.594+0000] {logging_mixin.py:188} INFO - [2025-11-02T18:50:14.593+0000] {dag.py:3036} INFO - Sync 1 DAGs
[2025-11-02T18:50:14.653+0000] {logging_mixin.py:188} INFO - [2025-11-02T18:50:14.653+0000] {dag.py:3823} INFO - Setting next_dagrun for example_branch_dop_operator_v3 to 2025-11-02 18:49:00+00:00, run_after=2025-11-02 18:50:00+00:00
[2025-11-02T18:50:14.700+0000] {processor.py:183} INFO - Processing /home/airflow/.local/lib/python3.8/site-packages/airflow/example_dags/example_branch_python_dop_operator_3.py took 0.200 seconds
[2025-11-02T18:50:45.549+0000] {processor.py:161} INFO - Started process (PID=2862) to work on /home/airflow/.local/lib/python3.8/site-packages/airflow/example_dags/example_branch_python_dop_operator_3.py
[2025-11-02T18:50:45.555+0000] {processor.py:830} INFO - Processing file /home/airflow/.local/lib/python3.8/site-packages/airflow/example_dags/example_branch_python_dop_operator_3.py for tasks to queue
[2025-11-02T18:50:45.563+0000] {logging_mixin.py:188} INFO - [2025-11-02T18:50:45.561+0000] {dagbag.py:538} INFO - Filling up the DagBag from /home/airflow/.local/lib/python3.8/site-packages/airflow/example_dags/example_branch_python_dop_operator_3.py
[2025-11-02T18:50:45.602+0000] {processor.py:840} INFO - DAG(s) 'example_branch_dop_operator_v3' retrieved from /home/airflow/.local/lib/python3.8/site-packages/airflow/example_dags/example_branch_python_dop_operator_3.py
[2025-11-02T18:50:46.053+0000] {logging_mixin.py:188} INFO - [2025-11-02T18:50:46.052+0000] {dag.py:3036} INFO - Sync 1 DAGs
[2025-11-02T18:50:46.122+0000] {logging_mixin.py:188} INFO - [2025-11-02T18:50:46.121+0000] {dag.py:3823} INFO - Setting next_dagrun for example_branch_dop_operator_v3 to 2025-11-02 18:49:00+00:00, run_after=2025-11-02 18:50:00+00:00
[2025-11-02T18:50:46.176+0000] {processor.py:183} INFO - Processing /home/airflow/.local/lib/python3.8/site-packages/airflow/example_dags/example_branch_python_dop_operator_3.py took 0.641 seconds
[2025-11-02T18:51:16.892+0000] {processor.py:161} INFO - Started process (PID=2917) to work on /home/airflow/.local/lib/python3.8/site-packages/airflow/example_dags/example_branch_python_dop_operator_3.py
[2025-11-02T18:51:16.895+0000] {processor.py:830} INFO - Processing file /home/airflow/.local/lib/python3.8/site-packages/airflow/example_dags/example_branch_python_dop_operator_3.py for tasks to queue
[2025-11-02T18:51:16.901+0000] {logging_mixin.py:188} INFO - [2025-11-02T18:51:16.900+0000] {dagbag.py:538} INFO - Filling up the DagBag from /home/airflow/.local/lib/python3.8/site-packages/airflow/example_dags/example_branch_python_dop_operator_3.py
[2025-11-02T18:51:16.928+0000] {processor.py:840} INFO - DAG(s) 'example_branch_dop_operator_v3' retrieved from /home/airflow/.local/lib/python3.8/site-packages/airflow/example_dags/example_branch_python_dop_operator_3.py
[2025-11-02T18:51:16.983+0000] {logging_mixin.py:188} INFO - [2025-11-02T18:51:16.982+0000] {dag.py:3036} INFO - Sync 1 DAGs
[2025-11-02T18:51:17.089+0000] {logging_mixin.py:188} INFO - [2025-11-02T18:51:17.088+0000] {dag.py:3823} INFO - Setting next_dagrun for example_branch_dop_operator_v3 to 2025-11-02 18:50:00+00:00, run_after=2025-11-02 18:51:00+00:00
[2025-11-02T18:51:17.162+0000] {processor.py:183} INFO - Processing /home/airflow/.local/lib/python3.8/site-packages/airflow/example_dags/example_branch_python_dop_operator_3.py took 0.282 seconds
[2025-11-02T18:51:47.417+0000] {processor.py:161} INFO - Started process (PID=2972) to work on /home/airflow/.local/lib/python3.8/site-packages/airflow/example_dags/example_branch_python_dop_operator_3.py
[2025-11-02T18:51:47.420+0000] {processor.py:830} INFO - Processing file /home/airflow/.local/lib/python3.8/site-packages/airflow/example_dags/example_branch_python_dop_operator_3.py for tasks to queue
[2025-11-02T18:51:47.426+0000] {logging_mixin.py:188} INFO - [2025-11-02T18:51:47.425+0000] {dagbag.py:538} INFO - Filling up the DagBag from /home/airflow/.local/lib/python3.8/site-packages/airflow/example_dags/example_branch_python_dop_operator_3.py
[2025-11-02T18:51:47.458+0000] {processor.py:840} INFO - DAG(s) 'example_branch_dop_operator_v3' retrieved from /home/airflow/.local/lib/python3.8/site-packages/airflow/example_dags/example_branch_python_dop_operator_3.py
[2025-11-02T18:51:47.519+0000] {logging_mixin.py:188} INFO - [2025-11-02T18:51:47.518+0000] {dag.py:3036} INFO - Sync 1 DAGs
[2025-11-02T18:51:47.658+0000] {logging_mixin.py:188} INFO - [2025-11-02T18:51:47.657+0000] {dag.py:3823} INFO - Setting next_dagrun for example_branch_dop_operator_v3 to 2025-11-02 18:50:00+00:00, run_after=2025-11-02 18:51:00+00:00
[2025-11-02T18:51:47.730+0000] {processor.py:183} INFO - Processing /home/airflow/.local/lib/python3.8/site-packages/airflow/example_dags/example_branch_python_dop_operator_3.py took 0.331 seconds
[2025-11-02T18:52:18.300+0000] {processor.py:161} INFO - Started process (PID=3027) to work on /home/airflow/.local/lib/python3.8/site-packages/airflow/example_dags/example_branch_python_dop_operator_3.py
[2025-11-02T18:52:18.305+0000] {processor.py:830} INFO - Processing file /home/airflow/.local/lib/python3.8/site-packages/airflow/example_dags/example_branch_python_dop_operator_3.py for tasks to queue
[2025-11-02T18:52:18.310+0000] {logging_mixin.py:188} INFO - [2025-11-02T18:52:18.309+0000] {dagbag.py:538} INFO - Filling up the DagBag from /home/airflow/.local/lib/python3.8/site-packages/airflow/example_dags/example_branch_python_dop_operator_3.py
[2025-11-02T18:52:18.336+0000] {processor.py:840} INFO - DAG(s) 'example_branch_dop_operator_v3' retrieved from /home/airflow/.local/lib/python3.8/site-packages/airflow/example_dags/example_branch_python_dop_operator_3.py
[2025-11-02T18:52:18.393+0000] {logging_mixin.py:188} INFO - [2025-11-02T18:52:18.392+0000] {dag.py:3036} INFO - Sync 1 DAGs
[2025-11-02T18:52:18.466+0000] {logging_mixin.py:188} INFO - [2025-11-02T18:52:18.466+0000] {dag.py:3823} INFO - Setting next_dagrun for example_branch_dop_operator_v3 to 2025-11-02 18:51:00+00:00, run_after=2025-11-02 18:52:00+00:00
[2025-11-02T18:52:18.512+0000] {processor.py:183} INFO - Processing /home/airflow/.local/lib/python3.8/site-packages/airflow/example_dags/example_branch_python_dop_operator_3.py took 0.220 seconds
[2025-11-02T18:52:49.203+0000] {processor.py:161} INFO - Started process (PID=3082) to work on /home/airflow/.local/lib/python3.8/site-packages/airflow/example_dags/example_branch_python_dop_operator_3.py
[2025-11-02T18:52:49.206+0000] {processor.py:830} INFO - Processing file /home/airflow/.local/lib/python3.8/site-packages/airflow/example_dags/example_branch_python_dop_operator_3.py for tasks to queue
[2025-11-02T18:52:49.212+0000] {logging_mixin.py:188} INFO - [2025-11-02T18:52:49.211+0000] {dagbag.py:538} INFO - Filling up the DagBag from /home/airflow/.local/lib/python3.8/site-packages/airflow/example_dags/example_branch_python_dop_operator_3.py
[2025-11-02T18:52:49.235+0000] {processor.py:840} INFO - DAG(s) 'example_branch_dop_operator_v3' retrieved from /home/airflow/.local/lib/python3.8/site-packages/airflow/example_dags/example_branch_python_dop_operator_3.py
[2025-11-02T18:52:49.281+0000] {logging_mixin.py:188} INFO - [2025-11-02T18:52:49.281+0000] {dag.py:3036} INFO - Sync 1 DAGs
[2025-11-02T18:52:49.341+0000] {logging_mixin.py:188} INFO - [2025-11-02T18:52:49.341+0000] {dag.py:3823} INFO - Setting next_dagrun for example_branch_dop_operator_v3 to 2025-11-02 18:51:00+00:00, run_after=2025-11-02 18:52:00+00:00
[2025-11-02T18:52:49.386+0000] {processor.py:183} INFO - Processing /home/airflow/.local/lib/python3.8/site-packages/airflow/example_dags/example_branch_python_dop_operator_3.py took 0.193 seconds
[2025-11-02T18:53:19.906+0000] {processor.py:161} INFO - Started process (PID=3137) to work on /home/airflow/.local/lib/python3.8/site-packages/airflow/example_dags/example_branch_python_dop_operator_3.py
[2025-11-02T18:53:19.909+0000] {processor.py:830} INFO - Processing file /home/airflow/.local/lib/python3.8/site-packages/airflow/example_dags/example_branch_python_dop_operator_3.py for tasks to queue
[2025-11-02T18:53:19.919+0000] {logging_mixin.py:188} INFO - [2025-11-02T18:53:19.918+0000] {dagbag.py:538} INFO - Filling up the DagBag from /home/airflow/.local/lib/python3.8/site-packages/airflow/example_dags/example_branch_python_dop_operator_3.py
[2025-11-02T18:53:19.954+0000] {processor.py:840} INFO - DAG(s) 'example_branch_dop_operator_v3' retrieved from /home/airflow/.local/lib/python3.8/site-packages/airflow/example_dags/example_branch_python_dop_operator_3.py
[2025-11-02T18:53:20.008+0000] {logging_mixin.py:188} INFO - [2025-11-02T18:53:20.008+0000] {dag.py:3036} INFO - Sync 1 DAGs
[2025-11-02T18:53:20.069+0000] {logging_mixin.py:188} INFO - [2025-11-02T18:53:20.069+0000] {dag.py:3823} INFO - Setting next_dagrun for example_branch_dop_operator_v3 to 2025-11-02 18:52:00+00:00, run_after=2025-11-02 18:53:00+00:00
[2025-11-02T18:53:20.124+0000] {processor.py:183} INFO - Processing /home/airflow/.local/lib/python3.8/site-packages/airflow/example_dags/example_branch_python_dop_operator_3.py took 0.229 seconds
[2025-11-02T18:53:50.866+0000] {processor.py:161} INFO - Started process (PID=3192) to work on /home/airflow/.local/lib/python3.8/site-packages/airflow/example_dags/example_branch_python_dop_operator_3.py
[2025-11-02T18:53:50.869+0000] {processor.py:830} INFO - Processing file /home/airflow/.local/lib/python3.8/site-packages/airflow/example_dags/example_branch_python_dop_operator_3.py for tasks to queue
[2025-11-02T18:53:50.874+0000] {logging_mixin.py:188} INFO - [2025-11-02T18:53:50.873+0000] {dagbag.py:538} INFO - Filling up the DagBag from /home/airflow/.local/lib/python3.8/site-packages/airflow/example_dags/example_branch_python_dop_operator_3.py
[2025-11-02T18:53:50.901+0000] {processor.py:840} INFO - DAG(s) 'example_branch_dop_operator_v3' retrieved from /home/airflow/.local/lib/python3.8/site-packages/airflow/example_dags/example_branch_python_dop_operator_3.py
[2025-11-02T18:53:50.962+0000] {logging_mixin.py:188} INFO - [2025-11-02T18:53:50.961+0000] {dag.py:3036} INFO - Sync 1 DAGs
[2025-11-02T18:53:51.039+0000] {logging_mixin.py:188} INFO - [2025-11-02T18:53:51.038+0000] {dag.py:3823} INFO - Setting next_dagrun for example_branch_dop_operator_v3 to 2025-11-02 18:52:00+00:00, run_after=2025-11-02 18:53:00+00:00
[2025-11-02T18:53:51.087+0000] {processor.py:183} INFO - Processing /home/airflow/.local/lib/python3.8/site-packages/airflow/example_dags/example_branch_python_dop_operator_3.py took 0.230 seconds
[2025-11-02T18:54:21.494+0000] {processor.py:161} INFO - Started process (PID=3247) to work on /home/airflow/.local/lib/python3.8/site-packages/airflow/example_dags/example_branch_python_dop_operator_3.py
[2025-11-02T18:54:21.497+0000] {processor.py:830} INFO - Processing file /home/airflow/.local/lib/python3.8/site-packages/airflow/example_dags/example_branch_python_dop_operator_3.py for tasks to queue
[2025-11-02T18:54:21.504+0000] {logging_mixin.py:188} INFO - [2025-11-02T18:54:21.503+0000] {dagbag.py:538} INFO - Filling up the DagBag from /home/airflow/.local/lib/python3.8/site-packages/airflow/example_dags/example_branch_python_dop_operator_3.py
[2025-11-02T18:54:21.529+0000] {processor.py:840} INFO - DAG(s) 'example_branch_dop_operator_v3' retrieved from /home/airflow/.local/lib/python3.8/site-packages/airflow/example_dags/example_branch_python_dop_operator_3.py
[2025-11-02T18:54:21.597+0000] {logging_mixin.py:188} INFO - [2025-11-02T18:54:21.596+0000] {dag.py:3036} INFO - Sync 1 DAGs
[2025-11-02T18:54:21.679+0000] {logging_mixin.py:188} INFO - [2025-11-02T18:54:21.678+0000] {dag.py:3823} INFO - Setting next_dagrun for example_branch_dop_operator_v3 to 2025-11-02 18:53:00+00:00, run_after=2025-11-02 18:54:00+00:00
[2025-11-02T18:54:21.729+0000] {processor.py:183} INFO - Processing /home/airflow/.local/lib/python3.8/site-packages/airflow/example_dags/example_branch_python_dop_operator_3.py took 0.246 seconds
[2025-11-02T18:54:52.090+0000] {processor.py:161} INFO - Started process (PID=3302) to work on /home/airflow/.local/lib/python3.8/site-packages/airflow/example_dags/example_branch_python_dop_operator_3.py
[2025-11-02T18:54:52.093+0000] {processor.py:830} INFO - Processing file /home/airflow/.local/lib/python3.8/site-packages/airflow/example_dags/example_branch_python_dop_operator_3.py for tasks to queue
[2025-11-02T18:54:52.102+0000] {logging_mixin.py:188} INFO - [2025-11-02T18:54:52.101+0000] {dagbag.py:538} INFO - Filling up the DagBag from /home/airflow/.local/lib/python3.8/site-packages/airflow/example_dags/example_branch_python_dop_operator_3.py
[2025-11-02T18:54:52.128+0000] {processor.py:840} INFO - DAG(s) 'example_branch_dop_operator_v3' retrieved from /home/airflow/.local/lib/python3.8/site-packages/airflow/example_dags/example_branch_python_dop_operator_3.py
[2025-11-02T18:54:52.190+0000] {logging_mixin.py:188} INFO - [2025-11-02T18:54:52.189+0000] {dag.py:3036} INFO - Sync 1 DAGs
[2025-11-02T18:54:52.281+0000] {logging_mixin.py:188} INFO - [2025-11-02T18:54:52.281+0000] {dag.py:3823} INFO - Setting next_dagrun for example_branch_dop_operator_v3 to 2025-11-02 18:53:00+00:00, run_after=2025-11-02 18:54:00+00:00
[2025-11-02T18:54:52.336+0000] {processor.py:183} INFO - Processing /home/airflow/.local/lib/python3.8/site-packages/airflow/example_dags/example_branch_python_dop_operator_3.py took 0.256 seconds
[2025-11-02T18:55:22.934+0000] {processor.py:161} INFO - Started process (PID=3357) to work on /home/airflow/.local/lib/python3.8/site-packages/airflow/example_dags/example_branch_python_dop_operator_3.py
[2025-11-02T18:55:22.937+0000] {processor.py:830} INFO - Processing file /home/airflow/.local/lib/python3.8/site-packages/airflow/example_dags/example_branch_python_dop_operator_3.py for tasks to queue
[2025-11-02T18:55:22.943+0000] {logging_mixin.py:188} INFO - [2025-11-02T18:55:22.942+0000] {dagbag.py:538} INFO - Filling up the DagBag from /home/airflow/.local/lib/python3.8/site-packages/airflow/example_dags/example_branch_python_dop_operator_3.py
[2025-11-02T18:55:22.969+0000] {processor.py:840} INFO - DAG(s) 'example_branch_dop_operator_v3' retrieved from /home/airflow/.local/lib/python3.8/site-packages/airflow/example_dags/example_branch_python_dop_operator_3.py
[2025-11-02T18:55:23.026+0000] {logging_mixin.py:188} INFO - [2025-11-02T18:55:23.025+0000] {dag.py:3036} INFO - Sync 1 DAGs
[2025-11-02T18:55:23.098+0000] {logging_mixin.py:188} INFO - [2025-11-02T18:55:23.097+0000] {dag.py:3823} INFO - Setting next_dagrun for example_branch_dop_operator_v3 to 2025-11-02 18:54:00+00:00, run_after=2025-11-02 18:55:00+00:00
[2025-11-02T18:55:23.159+0000] {processor.py:183} INFO - Processing /home/airflow/.local/lib/python3.8/site-packages/airflow/example_dags/example_branch_python_dop_operator_3.py took 0.233 seconds
[2025-11-02T18:55:53.704+0000] {processor.py:161} INFO - Started process (PID=3413) to work on /home/airflow/.local/lib/python3.8/site-packages/airflow/example_dags/example_branch_python_dop_operator_3.py
[2025-11-02T18:55:53.708+0000] {processor.py:830} INFO - Processing file /home/airflow/.local/lib/python3.8/site-packages/airflow/example_dags/example_branch_python_dop_operator_3.py for tasks to queue
[2025-11-02T18:55:53.715+0000] {logging_mixin.py:188} INFO - [2025-11-02T18:55:53.714+0000] {dagbag.py:538} INFO - Filling up the DagBag from /home/airflow/.local/lib/python3.8/site-packages/airflow/example_dags/example_branch_python_dop_operator_3.py
[2025-11-02T18:55:53.749+0000] {processor.py:840} INFO - DAG(s) 'example_branch_dop_operator_v3' retrieved from /home/airflow/.local/lib/python3.8/site-packages/airflow/example_dags/example_branch_python_dop_operator_3.py
[2025-11-02T18:55:53.878+0000] {logging_mixin.py:188} INFO - [2025-11-02T18:55:53.877+0000] {dag.py:3036} INFO - Sync 1 DAGs
[2025-11-02T18:55:54.017+0000] {logging_mixin.py:188} INFO - [2025-11-02T18:55:54.016+0000] {dag.py:3823} INFO - Setting next_dagrun for example_branch_dop_operator_v3 to 2025-11-02 18:54:00+00:00, run_after=2025-11-02 18:55:00+00:00
[2025-11-02T18:55:54.085+0000] {processor.py:183} INFO - Processing /home/airflow/.local/lib/python3.8/site-packages/airflow/example_dags/example_branch_python_dop_operator_3.py took 0.393 seconds
[2025-11-02T18:56:24.523+0000] {processor.py:161} INFO - Started process (PID=3468) to work on /home/airflow/.local/lib/python3.8/site-packages/airflow/example_dags/example_branch_python_dop_operator_3.py
[2025-11-02T18:56:24.525+0000] {processor.py:830} INFO - Processing file /home/airflow/.local/lib/python3.8/site-packages/airflow/example_dags/example_branch_python_dop_operator_3.py for tasks to queue
[2025-11-02T18:56:24.530+0000] {logging_mixin.py:188} INFO - [2025-11-02T18:56:24.530+0000] {dagbag.py:538} INFO - Filling up the DagBag from /home/airflow/.local/lib/python3.8/site-packages/airflow/example_dags/example_branch_python_dop_operator_3.py
[2025-11-02T18:56:24.553+0000] {processor.py:840} INFO - DAG(s) 'example_branch_dop_operator_v3' retrieved from /home/airflow/.local/lib/python3.8/site-packages/airflow/example_dags/example_branch_python_dop_operator_3.py
[2025-11-02T18:56:24.607+0000] {logging_mixin.py:188} INFO - [2025-11-02T18:56:24.607+0000] {dag.py:3036} INFO - Sync 1 DAGs
[2025-11-02T18:56:24.671+0000] {logging_mixin.py:188} INFO - [2025-11-02T18:56:24.671+0000] {dag.py:3823} INFO - Setting next_dagrun for example_branch_dop_operator_v3 to 2025-11-02 18:55:00+00:00, run_after=2025-11-02 18:56:00+00:00
[2025-11-02T18:56:24.728+0000] {processor.py:183} INFO - Processing /home/airflow/.local/lib/python3.8/site-packages/airflow/example_dags/example_branch_python_dop_operator_3.py took 0.215 seconds
[2025-11-02T18:56:55.075+0000] {processor.py:161} INFO - Started process (PID=3523) to work on /home/airflow/.local/lib/python3.8/site-packages/airflow/example_dags/example_branch_python_dop_operator_3.py
[2025-11-02T18:56:55.080+0000] {processor.py:830} INFO - Processing file /home/airflow/.local/lib/python3.8/site-packages/airflow/example_dags/example_branch_python_dop_operator_3.py for tasks to queue
[2025-11-02T18:56:55.093+0000] {logging_mixin.py:188} INFO - [2025-11-02T18:56:55.091+0000] {dagbag.py:538} INFO - Filling up the DagBag from /home/airflow/.local/lib/python3.8/site-packages/airflow/example_dags/example_branch_python_dop_operator_3.py
[2025-11-02T18:56:55.139+0000] {processor.py:840} INFO - DAG(s) 'example_branch_dop_operator_v3' retrieved from /home/airflow/.local/lib/python3.8/site-packages/airflow/example_dags/example_branch_python_dop_operator_3.py
[2025-11-02T18:56:55.206+0000] {logging_mixin.py:188} INFO - [2025-11-02T18:56:55.205+0000] {dag.py:3036} INFO - Sync 1 DAGs
[2025-11-02T18:56:55.324+0000] {logging_mixin.py:188} INFO - [2025-11-02T18:56:55.323+0000] {dag.py:3823} INFO - Setting next_dagrun for example_branch_dop_operator_v3 to 2025-11-02 18:55:00+00:00, run_after=2025-11-02 18:56:00+00:00
[2025-11-02T18:56:55.374+0000] {processor.py:183} INFO - Processing /home/airflow/.local/lib/python3.8/site-packages/airflow/example_dags/example_branch_python_dop_operator_3.py took 0.327 seconds
[2025-11-02T18:57:26.216+0000] {processor.py:161} INFO - Started process (PID=3578) to work on /home/airflow/.local/lib/python3.8/site-packages/airflow/example_dags/example_branch_python_dop_operator_3.py
[2025-11-02T18:57:26.222+0000] {processor.py:830} INFO - Processing file /home/airflow/.local/lib/python3.8/site-packages/airflow/example_dags/example_branch_python_dop_operator_3.py for tasks to queue
[2025-11-02T18:57:26.233+0000] {logging_mixin.py:188} INFO - [2025-11-02T18:57:26.232+0000] {dagbag.py:538} INFO - Filling up the DagBag from /home/airflow/.local/lib/python3.8/site-packages/airflow/example_dags/example_branch_python_dop_operator_3.py
[2025-11-02T18:57:26.302+0000] {processor.py:840} INFO - DAG(s) 'example_branch_dop_operator_v3' retrieved from /home/airflow/.local/lib/python3.8/site-packages/airflow/example_dags/example_branch_python_dop_operator_3.py
[2025-11-02T18:57:26.416+0000] {logging_mixin.py:188} INFO - [2025-11-02T18:57:26.415+0000] {dag.py:3036} INFO - Sync 1 DAGs
[2025-11-02T18:57:26.487+0000] {logging_mixin.py:188} INFO - [2025-11-02T18:57:26.487+0000] {dag.py:3823} INFO - Setting next_dagrun for example_branch_dop_operator_v3 to 2025-11-02 18:56:00+00:00, run_after=2025-11-02 18:57:00+00:00
[2025-11-02T18:57:26.549+0000] {processor.py:183} INFO - Processing /home/airflow/.local/lib/python3.8/site-packages/airflow/example_dags/example_branch_python_dop_operator_3.py took 0.355 seconds
[2025-11-02T18:57:56.985+0000] {processor.py:161} INFO - Started process (PID=3633) to work on /home/airflow/.local/lib/python3.8/site-packages/airflow/example_dags/example_branch_python_dop_operator_3.py
[2025-11-02T18:57:56.988+0000] {processor.py:830} INFO - Processing file /home/airflow/.local/lib/python3.8/site-packages/airflow/example_dags/example_branch_python_dop_operator_3.py for tasks to queue
[2025-11-02T18:57:56.994+0000] {logging_mixin.py:188} INFO - [2025-11-02T18:57:56.993+0000] {dagbag.py:538} INFO - Filling up the DagBag from /home/airflow/.local/lib/python3.8/site-packages/airflow/example_dags/example_branch_python_dop_operator_3.py
[2025-11-02T18:57:57.016+0000] {processor.py:840} INFO - DAG(s) 'example_branch_dop_operator_v3' retrieved from /home/airflow/.local/lib/python3.8/site-packages/airflow/example_dags/example_branch_python_dop_operator_3.py
[2025-11-02T18:57:57.065+0000] {logging_mixin.py:188} INFO - [2025-11-02T18:57:57.064+0000] {dag.py:3036} INFO - Sync 1 DAGs
[2025-11-02T18:57:57.131+0000] {logging_mixin.py:188} INFO - [2025-11-02T18:57:57.131+0000] {dag.py:3823} INFO - Setting next_dagrun for example_branch_dop_operator_v3 to 2025-11-02 18:56:00+00:00, run_after=2025-11-02 18:57:00+00:00
[2025-11-02T18:57:57.182+0000] {processor.py:183} INFO - Processing /home/airflow/.local/lib/python3.8/site-packages/airflow/example_dags/example_branch_python_dop_operator_3.py took 0.209 seconds
[2025-11-02T18:58:27.768+0000] {processor.py:161} INFO - Started process (PID=3688) to work on /home/airflow/.local/lib/python3.8/site-packages/airflow/example_dags/example_branch_python_dop_operator_3.py
[2025-11-02T18:58:27.772+0000] {processor.py:830} INFO - Processing file /home/airflow/.local/lib/python3.8/site-packages/airflow/example_dags/example_branch_python_dop_operator_3.py for tasks to queue
[2025-11-02T18:58:27.782+0000] {logging_mixin.py:188} INFO - [2025-11-02T18:58:27.780+0000] {dagbag.py:538} INFO - Filling up the DagBag from /home/airflow/.local/lib/python3.8/site-packages/airflow/example_dags/example_branch_python_dop_operator_3.py
[2025-11-02T18:58:27.813+0000] {processor.py:840} INFO - DAG(s) 'example_branch_dop_operator_v3' retrieved from /home/airflow/.local/lib/python3.8/site-packages/airflow/example_dags/example_branch_python_dop_operator_3.py
[2025-11-02T18:58:27.905+0000] {logging_mixin.py:188} INFO - [2025-11-02T18:58:27.905+0000] {dag.py:3036} INFO - Sync 1 DAGs
[2025-11-02T18:58:28.048+0000] {logging_mixin.py:188} INFO - [2025-11-02T18:58:28.042+0000] {dag.py:3823} INFO - Setting next_dagrun for example_branch_dop_operator_v3 to 2025-11-02 18:57:00+00:00, run_after=2025-11-02 18:58:00+00:00
[2025-11-02T18:58:28.125+0000] {processor.py:183} INFO - Processing /home/airflow/.local/lib/python3.8/site-packages/airflow/example_dags/example_branch_python_dop_operator_3.py took 0.369 seconds
[2025-11-02T18:58:58.541+0000] {processor.py:161} INFO - Started process (PID=3744) to work on /home/airflow/.local/lib/python3.8/site-packages/airflow/example_dags/example_branch_python_dop_operator_3.py
[2025-11-02T18:58:58.544+0000] {processor.py:830} INFO - Processing file /home/airflow/.local/lib/python3.8/site-packages/airflow/example_dags/example_branch_python_dop_operator_3.py for tasks to queue
[2025-11-02T18:58:58.559+0000] {logging_mixin.py:188} INFO - [2025-11-02T18:58:58.559+0000] {dagbag.py:538} INFO - Filling up the DagBag from /home/airflow/.local/lib/python3.8/site-packages/airflow/example_dags/example_branch_python_dop_operator_3.py
[2025-11-02T18:58:58.580+0000] {processor.py:840} INFO - DAG(s) 'example_branch_dop_operator_v3' retrieved from /home/airflow/.local/lib/python3.8/site-packages/airflow/example_dags/example_branch_python_dop_operator_3.py
[2025-11-02T18:58:58.624+0000] {logging_mixin.py:188} INFO - [2025-11-02T18:58:58.624+0000] {dag.py:3036} INFO - Sync 1 DAGs
[2025-11-02T18:58:58.676+0000] {logging_mixin.py:188} INFO - [2025-11-02T18:58:58.675+0000] {dag.py:3823} INFO - Setting next_dagrun for example_branch_dop_operator_v3 to 2025-11-02 18:57:00+00:00, run_after=2025-11-02 18:58:00+00:00
[2025-11-02T18:58:58.754+0000] {processor.py:183} INFO - Processing /home/airflow/.local/lib/python3.8/site-packages/airflow/example_dags/example_branch_python_dop_operator_3.py took 0.234 seconds
[2025-11-02T18:59:28.876+0000] {processor.py:161} INFO - Started process (PID=3798) to work on /home/airflow/.local/lib/python3.8/site-packages/airflow/example_dags/example_branch_python_dop_operator_3.py
[2025-11-02T18:59:28.881+0000] {processor.py:830} INFO - Processing file /home/airflow/.local/lib/python3.8/site-packages/airflow/example_dags/example_branch_python_dop_operator_3.py for tasks to queue
[2025-11-02T18:59:28.891+0000] {logging_mixin.py:188} INFO - [2025-11-02T18:59:28.888+0000] {dagbag.py:538} INFO - Filling up the DagBag from /home/airflow/.local/lib/python3.8/site-packages/airflow/example_dags/example_branch_python_dop_operator_3.py
[2025-11-02T18:59:28.924+0000] {processor.py:840} INFO - DAG(s) 'example_branch_dop_operator_v3' retrieved from /home/airflow/.local/lib/python3.8/site-packages/airflow/example_dags/example_branch_python_dop_operator_3.py
[2025-11-02T18:59:28.977+0000] {logging_mixin.py:188} INFO - [2025-11-02T18:59:28.976+0000] {dag.py:3036} INFO - Sync 1 DAGs
[2025-11-02T18:59:29.042+0000] {logging_mixin.py:188} INFO - [2025-11-02T18:59:29.042+0000] {dag.py:3823} INFO - Setting next_dagrun for example_branch_dop_operator_v3 to 2025-11-02 18:58:00+00:00, run_after=2025-11-02 18:59:00+00:00
[2025-11-02T18:59:29.090+0000] {processor.py:183} INFO - Processing /home/airflow/.local/lib/python3.8/site-packages/airflow/example_dags/example_branch_python_dop_operator_3.py took 0.227 seconds
[2025-11-02T18:59:59.316+0000] {processor.py:161} INFO - Started process (PID=3850) to work on /home/airflow/.local/lib/python3.8/site-packages/airflow/example_dags/example_branch_python_dop_operator_3.py
[2025-11-02T18:59:59.319+0000] {processor.py:830} INFO - Processing file /home/airflow/.local/lib/python3.8/site-packages/airflow/example_dags/example_branch_python_dop_operator_3.py for tasks to queue
[2025-11-02T18:59:59.324+0000] {logging_mixin.py:188} INFO - [2025-11-02T18:59:59.324+0000] {dagbag.py:538} INFO - Filling up the DagBag from /home/airflow/.local/lib/python3.8/site-packages/airflow/example_dags/example_branch_python_dop_operator_3.py
[2025-11-02T18:59:59.349+0000] {processor.py:840} INFO - DAG(s) 'example_branch_dop_operator_v3' retrieved from /home/airflow/.local/lib/python3.8/site-packages/airflow/example_dags/example_branch_python_dop_operator_3.py
[2025-11-02T18:59:59.405+0000] {logging_mixin.py:188} INFO - [2025-11-02T18:59:59.404+0000] {dag.py:3036} INFO - Sync 1 DAGs
[2025-11-02T18:59:59.465+0000] {logging_mixin.py:188} INFO - [2025-11-02T18:59:59.464+0000] {dag.py:3823} INFO - Setting next_dagrun for example_branch_dop_operator_v3 to 2025-11-02 18:58:00+00:00, run_after=2025-11-02 18:59:00+00:00
[2025-11-02T18:59:59.513+0000] {processor.py:183} INFO - Processing /home/airflow/.local/lib/python3.8/site-packages/airflow/example_dags/example_branch_python_dop_operator_3.py took 0.208 seconds
[2025-11-02T19:00:30.302+0000] {processor.py:161} INFO - Started process (PID=3905) to work on /home/airflow/.local/lib/python3.8/site-packages/airflow/example_dags/example_branch_python_dop_operator_3.py
[2025-11-02T19:00:30.306+0000] {processor.py:830} INFO - Processing file /home/airflow/.local/lib/python3.8/site-packages/airflow/example_dags/example_branch_python_dop_operator_3.py for tasks to queue
[2025-11-02T19:00:30.313+0000] {logging_mixin.py:188} INFO - [2025-11-02T19:00:30.312+0000] {dagbag.py:538} INFO - Filling up the DagBag from /home/airflow/.local/lib/python3.8/site-packages/airflow/example_dags/example_branch_python_dop_operator_3.py
[2025-11-02T19:00:30.370+0000] {processor.py:840} INFO - DAG(s) 'example_branch_dop_operator_v3' retrieved from /home/airflow/.local/lib/python3.8/site-packages/airflow/example_dags/example_branch_python_dop_operator_3.py
[2025-11-02T19:00:30.459+0000] {logging_mixin.py:188} INFO - [2025-11-02T19:00:30.458+0000] {dag.py:3036} INFO - Sync 1 DAGs
[2025-11-02T19:00:30.571+0000] {logging_mixin.py:188} INFO - [2025-11-02T19:00:30.570+0000] {dag.py:3823} INFO - Setting next_dagrun for example_branch_dop_operator_v3 to 2025-11-02 18:59:00+00:00, run_after=2025-11-02 19:00:00+00:00
[2025-11-02T19:00:30.640+0000] {processor.py:183} INFO - Processing /home/airflow/.local/lib/python3.8/site-packages/airflow/example_dags/example_branch_python_dop_operator_3.py took 0.354 seconds
[2025-11-02T19:01:01.169+0000] {processor.py:161} INFO - Started process (PID=3960) to work on /home/airflow/.local/lib/python3.8/site-packages/airflow/example_dags/example_branch_python_dop_operator_3.py
[2025-11-02T19:01:01.172+0000] {processor.py:830} INFO - Processing file /home/airflow/.local/lib/python3.8/site-packages/airflow/example_dags/example_branch_python_dop_operator_3.py for tasks to queue
[2025-11-02T19:01:01.178+0000] {logging_mixin.py:188} INFO - [2025-11-02T19:01:01.177+0000] {dagbag.py:538} INFO - Filling up the DagBag from /home/airflow/.local/lib/python3.8/site-packages/airflow/example_dags/example_branch_python_dop_operator_3.py
[2025-11-02T19:01:01.208+0000] {processor.py:840} INFO - DAG(s) 'example_branch_dop_operator_v3' retrieved from /home/airflow/.local/lib/python3.8/site-packages/airflow/example_dags/example_branch_python_dop_operator_3.py
[2025-11-02T19:01:01.304+0000] {logging_mixin.py:188} INFO - [2025-11-02T19:01:01.295+0000] {dag.py:3036} INFO - Sync 1 DAGs
[2025-11-02T19:01:01.380+0000] {logging_mixin.py:188} INFO - [2025-11-02T19:01:01.380+0000] {dag.py:3823} INFO - Setting next_dagrun for example_branch_dop_operator_v3 to 2025-11-02 19:00:00+00:00, run_after=2025-11-02 19:01:00+00:00
[2025-11-02T19:01:01.444+0000] {processor.py:183} INFO - Processing /home/airflow/.local/lib/python3.8/site-packages/airflow/example_dags/example_branch_python_dop_operator_3.py took 0.285 seconds
[2025-11-02T19:01:32.239+0000] {processor.py:161} INFO - Started process (PID=4015) to work on /home/airflow/.local/lib/python3.8/site-packages/airflow/example_dags/example_branch_python_dop_operator_3.py
[2025-11-02T19:01:32.243+0000] {processor.py:830} INFO - Processing file /home/airflow/.local/lib/python3.8/site-packages/airflow/example_dags/example_branch_python_dop_operator_3.py for tasks to queue
[2025-11-02T19:01:32.249+0000] {logging_mixin.py:188} INFO - [2025-11-02T19:01:32.248+0000] {dagbag.py:538} INFO - Filling up the DagBag from /home/airflow/.local/lib/python3.8/site-packages/airflow/example_dags/example_branch_python_dop_operator_3.py
[2025-11-02T19:01:32.294+0000] {processor.py:840} INFO - DAG(s) 'example_branch_dop_operator_v3' retrieved from /home/airflow/.local/lib/python3.8/site-packages/airflow/example_dags/example_branch_python_dop_operator_3.py
[2025-11-02T19:01:32.375+0000] {logging_mixin.py:188} INFO - [2025-11-02T19:01:32.375+0000] {dag.py:3036} INFO - Sync 1 DAGs
[2025-11-02T19:01:32.480+0000] {logging_mixin.py:188} INFO - [2025-11-02T19:01:32.479+0000] {dag.py:3823} INFO - Setting next_dagrun for example_branch_dop_operator_v3 to 2025-11-02 19:00:00+00:00, run_after=2025-11-02 19:01:00+00:00
[2025-11-02T19:01:32.524+0000] {processor.py:183} INFO - Processing /home/airflow/.local/lib/python3.8/site-packages/airflow/example_dags/example_branch_python_dop_operator_3.py took 0.295 seconds
[2025-11-02T19:02:02.664+0000] {processor.py:161} INFO - Started process (PID=4069) to work on /home/airflow/.local/lib/python3.8/site-packages/airflow/example_dags/example_branch_python_dop_operator_3.py
[2025-11-02T19:02:02.666+0000] {processor.py:830} INFO - Processing file /home/airflow/.local/lib/python3.8/site-packages/airflow/example_dags/example_branch_python_dop_operator_3.py for tasks to queue
[2025-11-02T19:02:02.672+0000] {logging_mixin.py:188} INFO - [2025-11-02T19:02:02.671+0000] {dagbag.py:538} INFO - Filling up the DagBag from /home/airflow/.local/lib/python3.8/site-packages/airflow/example_dags/example_branch_python_dop_operator_3.py
[2025-11-02T19:02:02.694+0000] {processor.py:840} INFO - DAG(s) 'example_branch_dop_operator_v3' retrieved from /home/airflow/.local/lib/python3.8/site-packages/airflow/example_dags/example_branch_python_dop_operator_3.py
[2025-11-02T19:02:02.740+0000] {logging_mixin.py:188} INFO - [2025-11-02T19:02:02.739+0000] {dag.py:3036} INFO - Sync 1 DAGs
[2025-11-02T19:02:02.794+0000] {logging_mixin.py:188} INFO - [2025-11-02T19:02:02.794+0000] {dag.py:3823} INFO - Setting next_dagrun for example_branch_dop_operator_v3 to 2025-11-02 19:01:00+00:00, run_after=2025-11-02 19:02:00+00:00
[2025-11-02T19:02:02.834+0000] {processor.py:183} INFO - Processing /home/airflow/.local/lib/python3.8/site-packages/airflow/example_dags/example_branch_python_dop_operator_3.py took 0.177 seconds
[2025-11-02T19:02:33.323+0000] {processor.py:161} INFO - Started process (PID=4124) to work on /home/airflow/.local/lib/python3.8/site-packages/airflow/example_dags/example_branch_python_dop_operator_3.py
[2025-11-02T19:02:33.326+0000] {processor.py:830} INFO - Processing file /home/airflow/.local/lib/python3.8/site-packages/airflow/example_dags/example_branch_python_dop_operator_3.py for tasks to queue
[2025-11-02T19:02:33.333+0000] {logging_mixin.py:188} INFO - [2025-11-02T19:02:33.332+0000] {dagbag.py:538} INFO - Filling up the DagBag from /home/airflow/.local/lib/python3.8/site-packages/airflow/example_dags/example_branch_python_dop_operator_3.py
[2025-11-02T19:02:33.354+0000] {processor.py:840} INFO - DAG(s) 'example_branch_dop_operator_v3' retrieved from /home/airflow/.local/lib/python3.8/site-packages/airflow/example_dags/example_branch_python_dop_operator_3.py
[2025-11-02T19:02:33.410+0000] {logging_mixin.py:188} INFO - [2025-11-02T19:02:33.410+0000] {dag.py:3036} INFO - Sync 1 DAGs
[2025-11-02T19:02:33.469+0000] {logging_mixin.py:188} INFO - [2025-11-02T19:02:33.468+0000] {dag.py:3823} INFO - Setting next_dagrun for example_branch_dop_operator_v3 to 2025-11-02 19:01:00+00:00, run_after=2025-11-02 19:02:00+00:00
[2025-11-02T19:02:33.518+0000] {processor.py:183} INFO - Processing /home/airflow/.local/lib/python3.8/site-packages/airflow/example_dags/example_branch_python_dop_operator_3.py took 0.207 seconds
[2025-11-02T19:03:04.194+0000] {processor.py:161} INFO - Started process (PID=4179) to work on /home/airflow/.local/lib/python3.8/site-packages/airflow/example_dags/example_branch_python_dop_operator_3.py
[2025-11-02T19:03:04.197+0000] {processor.py:830} INFO - Processing file /home/airflow/.local/lib/python3.8/site-packages/airflow/example_dags/example_branch_python_dop_operator_3.py for tasks to queue
[2025-11-02T19:03:04.204+0000] {logging_mixin.py:188} INFO - [2025-11-02T19:03:04.203+0000] {dagbag.py:538} INFO - Filling up the DagBag from /home/airflow/.local/lib/python3.8/site-packages/airflow/example_dags/example_branch_python_dop_operator_3.py
[2025-11-02T19:03:04.236+0000] {processor.py:840} INFO - DAG(s) 'example_branch_dop_operator_v3' retrieved from /home/airflow/.local/lib/python3.8/site-packages/airflow/example_dags/example_branch_python_dop_operator_3.py
[2025-11-02T19:03:04.302+0000] {logging_mixin.py:188} INFO - [2025-11-02T19:03:04.301+0000] {dag.py:3036} INFO - Sync 1 DAGs
[2025-11-02T19:03:04.381+0000] {logging_mixin.py:188} INFO - [2025-11-02T19:03:04.381+0000] {dag.py:3823} INFO - Setting next_dagrun for example_branch_dop_operator_v3 to 2025-11-02 19:02:00+00:00, run_after=2025-11-02 19:03:00+00:00
[2025-11-02T19:03:04.436+0000] {processor.py:183} INFO - Processing /home/airflow/.local/lib/python3.8/site-packages/airflow/example_dags/example_branch_python_dop_operator_3.py took 0.257 seconds
[2025-11-02T19:03:35.280+0000] {processor.py:161} INFO - Started process (PID=4234) to work on /home/airflow/.local/lib/python3.8/site-packages/airflow/example_dags/example_branch_python_dop_operator_3.py
[2025-11-02T19:03:35.287+0000] {processor.py:830} INFO - Processing file /home/airflow/.local/lib/python3.8/site-packages/airflow/example_dags/example_branch_python_dop_operator_3.py for tasks to queue
[2025-11-02T19:03:35.312+0000] {logging_mixin.py:188} INFO - [2025-11-02T19:03:35.311+0000] {dagbag.py:538} INFO - Filling up the DagBag from /home/airflow/.local/lib/python3.8/site-packages/airflow/example_dags/example_branch_python_dop_operator_3.py
[2025-11-02T19:03:35.379+0000] {processor.py:840} INFO - DAG(s) 'example_branch_dop_operator_v3' retrieved from /home/airflow/.local/lib/python3.8/site-packages/airflow/example_dags/example_branch_python_dop_operator_3.py
[2025-11-02T19:03:35.483+0000] {logging_mixin.py:188} INFO - [2025-11-02T19:03:35.482+0000] {dag.py:3036} INFO - Sync 1 DAGs
[2025-11-02T19:03:35.628+0000] {logging_mixin.py:188} INFO - [2025-11-02T19:03:35.627+0000] {dag.py:3823} INFO - Setting next_dagrun for example_branch_dop_operator_v3 to 2025-11-02 19:02:00+00:00, run_after=2025-11-02 19:03:00+00:00
[2025-11-02T19:03:35.687+0000] {processor.py:183} INFO - Processing /home/airflow/.local/lib/python3.8/site-packages/airflow/example_dags/example_branch_python_dop_operator_3.py took 0.452 seconds
[2025-11-02T19:04:06.629+0000] {processor.py:161} INFO - Started process (PID=4289) to work on /home/airflow/.local/lib/python3.8/site-packages/airflow/example_dags/example_branch_python_dop_operator_3.py
[2025-11-02T19:04:06.633+0000] {processor.py:830} INFO - Processing file /home/airflow/.local/lib/python3.8/site-packages/airflow/example_dags/example_branch_python_dop_operator_3.py for tasks to queue
[2025-11-02T19:04:06.638+0000] {logging_mixin.py:188} INFO - [2025-11-02T19:04:06.638+0000] {dagbag.py:538} INFO - Filling up the DagBag from /home/airflow/.local/lib/python3.8/site-packages/airflow/example_dags/example_branch_python_dop_operator_3.py
[2025-11-02T19:04:06.669+0000] {processor.py:840} INFO - DAG(s) 'example_branch_dop_operator_v3' retrieved from /home/airflow/.local/lib/python3.8/site-packages/airflow/example_dags/example_branch_python_dop_operator_3.py
[2025-11-02T19:04:06.724+0000] {logging_mixin.py:188} INFO - [2025-11-02T19:04:06.723+0000] {dag.py:3036} INFO - Sync 1 DAGs
[2025-11-02T19:04:06.800+0000] {logging_mixin.py:188} INFO - [2025-11-02T19:04:06.800+0000] {dag.py:3823} INFO - Setting next_dagrun for example_branch_dop_operator_v3 to 2025-11-02 19:03:00+00:00, run_after=2025-11-02 19:04:00+00:00
[2025-11-02T19:04:06.860+0000] {processor.py:183} INFO - Processing /home/airflow/.local/lib/python3.8/site-packages/airflow/example_dags/example_branch_python_dop_operator_3.py took 0.244 seconds
[2025-11-02T19:04:37.444+0000] {processor.py:161} INFO - Started process (PID=4344) to work on /home/airflow/.local/lib/python3.8/site-packages/airflow/example_dags/example_branch_python_dop_operator_3.py
[2025-11-02T19:04:37.447+0000] {processor.py:830} INFO - Processing file /home/airflow/.local/lib/python3.8/site-packages/airflow/example_dags/example_branch_python_dop_operator_3.py for tasks to queue
[2025-11-02T19:04:37.452+0000] {logging_mixin.py:188} INFO - [2025-11-02T19:04:37.451+0000] {dagbag.py:538} INFO - Filling up the DagBag from /home/airflow/.local/lib/python3.8/site-packages/airflow/example_dags/example_branch_python_dop_operator_3.py
[2025-11-02T19:04:37.481+0000] {processor.py:840} INFO - DAG(s) 'example_branch_dop_operator_v3' retrieved from /home/airflow/.local/lib/python3.8/site-packages/airflow/example_dags/example_branch_python_dop_operator_3.py
[2025-11-02T19:04:37.612+0000] {logging_mixin.py:188} INFO - [2025-11-02T19:04:37.611+0000] {dag.py:3036} INFO - Sync 1 DAGs
[2025-11-02T19:04:37.741+0000] {logging_mixin.py:188} INFO - [2025-11-02T19:04:37.740+0000] {dag.py:3823} INFO - Setting next_dagrun for example_branch_dop_operator_v3 to 2025-11-02 19:03:00+00:00, run_after=2025-11-02 19:04:00+00:00
[2025-11-02T19:04:37.860+0000] {processor.py:183} INFO - Processing /home/airflow/.local/lib/python3.8/site-packages/airflow/example_dags/example_branch_python_dop_operator_3.py took 0.426 seconds
[2025-11-02T19:05:08.181+0000] {processor.py:161} INFO - Started process (PID=4399) to work on /home/airflow/.local/lib/python3.8/site-packages/airflow/example_dags/example_branch_python_dop_operator_3.py
[2025-11-02T19:05:08.184+0000] {processor.py:830} INFO - Processing file /home/airflow/.local/lib/python3.8/site-packages/airflow/example_dags/example_branch_python_dop_operator_3.py for tasks to queue
[2025-11-02T19:05:08.189+0000] {logging_mixin.py:188} INFO - [2025-11-02T19:05:08.188+0000] {dagbag.py:538} INFO - Filling up the DagBag from /home/airflow/.local/lib/python3.8/site-packages/airflow/example_dags/example_branch_python_dop_operator_3.py
[2025-11-02T19:05:08.212+0000] {processor.py:840} INFO - DAG(s) 'example_branch_dop_operator_v3' retrieved from /home/airflow/.local/lib/python3.8/site-packages/airflow/example_dags/example_branch_python_dop_operator_3.py
[2025-11-02T19:05:08.265+0000] {logging_mixin.py:188} INFO - [2025-11-02T19:05:08.264+0000] {dag.py:3036} INFO - Sync 1 DAGs
[2025-11-02T19:05:08.380+0000] {logging_mixin.py:188} INFO - [2025-11-02T19:05:08.378+0000] {dag.py:3823} INFO - Setting next_dagrun for example_branch_dop_operator_v3 to 2025-11-02 19:04:00+00:00, run_after=2025-11-02 19:05:00+00:00
[2025-11-02T19:05:08.487+0000] {processor.py:183} INFO - Processing /home/airflow/.local/lib/python3.8/site-packages/airflow/example_dags/example_branch_python_dop_operator_3.py took 0.319 seconds
[2025-11-02T19:05:38.880+0000] {processor.py:161} INFO - Started process (PID=4454) to work on /home/airflow/.local/lib/python3.8/site-packages/airflow/example_dags/example_branch_python_dop_operator_3.py
[2025-11-02T19:05:38.883+0000] {processor.py:830} INFO - Processing file /home/airflow/.local/lib/python3.8/site-packages/airflow/example_dags/example_branch_python_dop_operator_3.py for tasks to queue
[2025-11-02T19:05:38.905+0000] {logging_mixin.py:188} INFO - [2025-11-02T19:05:38.904+0000] {dagbag.py:538} INFO - Filling up the DagBag from /home/airflow/.local/lib/python3.8/site-packages/airflow/example_dags/example_branch_python_dop_operator_3.py
[2025-11-02T19:05:38.957+0000] {processor.py:840} INFO - DAG(s) 'example_branch_dop_operator_v3' retrieved from /home/airflow/.local/lib/python3.8/site-packages/airflow/example_dags/example_branch_python_dop_operator_3.py
[2025-11-02T19:05:39.089+0000] {logging_mixin.py:188} INFO - [2025-11-02T19:05:39.089+0000] {dag.py:3036} INFO - Sync 1 DAGs
[2025-11-02T19:05:39.261+0000] {logging_mixin.py:188} INFO - [2025-11-02T19:05:39.261+0000] {dag.py:3823} INFO - Setting next_dagrun for example_branch_dop_operator_v3 to 2025-11-02 19:04:00+00:00, run_after=2025-11-02 19:05:00+00:00
[2025-11-02T19:05:39.354+0000] {processor.py:183} INFO - Processing /home/airflow/.local/lib/python3.8/site-packages/airflow/example_dags/example_branch_python_dop_operator_3.py took 0.496 seconds
[2025-11-02T19:06:09.453+0000] {processor.py:161} INFO - Started process (PID=4509) to work on /home/airflow/.local/lib/python3.8/site-packages/airflow/example_dags/example_branch_python_dop_operator_3.py
[2025-11-02T19:06:09.456+0000] {processor.py:830} INFO - Processing file /home/airflow/.local/lib/python3.8/site-packages/airflow/example_dags/example_branch_python_dop_operator_3.py for tasks to queue
[2025-11-02T19:06:09.462+0000] {logging_mixin.py:188} INFO - [2025-11-02T19:06:09.461+0000] {dagbag.py:538} INFO - Filling up the DagBag from /home/airflow/.local/lib/python3.8/site-packages/airflow/example_dags/example_branch_python_dop_operator_3.py
[2025-11-02T19:06:09.489+0000] {processor.py:840} INFO - DAG(s) 'example_branch_dop_operator_v3' retrieved from /home/airflow/.local/lib/python3.8/site-packages/airflow/example_dags/example_branch_python_dop_operator_3.py
[2025-11-02T19:06:09.535+0000] {logging_mixin.py:188} INFO - [2025-11-02T19:06:09.535+0000] {dag.py:3036} INFO - Sync 1 DAGs
[2025-11-02T19:06:09.585+0000] {logging_mixin.py:188} INFO - [2025-11-02T19:06:09.584+0000] {dag.py:3823} INFO - Setting next_dagrun for example_branch_dop_operator_v3 to 2025-11-02 19:05:00+00:00, run_after=2025-11-02 19:06:00+00:00
[2025-11-02T19:06:09.634+0000] {processor.py:183} INFO - Processing /home/airflow/.local/lib/python3.8/site-packages/airflow/example_dags/example_branch_python_dop_operator_3.py took 0.189 seconds
[2025-11-02T19:06:39.937+0000] {processor.py:161} INFO - Started process (PID=4564) to work on /home/airflow/.local/lib/python3.8/site-packages/airflow/example_dags/example_branch_python_dop_operator_3.py
[2025-11-02T19:06:39.940+0000] {processor.py:830} INFO - Processing file /home/airflow/.local/lib/python3.8/site-packages/airflow/example_dags/example_branch_python_dop_operator_3.py for tasks to queue
[2025-11-02T19:06:39.947+0000] {logging_mixin.py:188} INFO - [2025-11-02T19:06:39.946+0000] {dagbag.py:538} INFO - Filling up the DagBag from /home/airflow/.local/lib/python3.8/site-packages/airflow/example_dags/example_branch_python_dop_operator_3.py
[2025-11-02T19:06:39.978+0000] {processor.py:840} INFO - DAG(s) 'example_branch_dop_operator_v3' retrieved from /home/airflow/.local/lib/python3.8/site-packages/airflow/example_dags/example_branch_python_dop_operator_3.py
[2025-11-02T19:06:40.040+0000] {logging_mixin.py:188} INFO - [2025-11-02T19:06:40.040+0000] {dag.py:3036} INFO - Sync 1 DAGs
[2025-11-02T19:06:40.155+0000] {logging_mixin.py:188} INFO - [2025-11-02T19:06:40.154+0000] {dag.py:3823} INFO - Setting next_dagrun for example_branch_dop_operator_v3 to 2025-11-02 19:05:00+00:00, run_after=2025-11-02 19:06:00+00:00
[2025-11-02T19:06:40.251+0000] {processor.py:183} INFO - Processing /home/airflow/.local/lib/python3.8/site-packages/airflow/example_dags/example_branch_python_dop_operator_3.py took 0.324 seconds
[2025-11-02T19:07:11.281+0000] {processor.py:161} INFO - Started process (PID=4625) to work on /home/airflow/.local/lib/python3.8/site-packages/airflow/example_dags/example_branch_python_dop_operator_3.py
[2025-11-02T19:07:11.284+0000] {processor.py:830} INFO - Processing file /home/airflow/.local/lib/python3.8/site-packages/airflow/example_dags/example_branch_python_dop_operator_3.py for tasks to queue
[2025-11-02T19:07:11.289+0000] {logging_mixin.py:188} INFO - [2025-11-02T19:07:11.288+0000] {dagbag.py:538} INFO - Filling up the DagBag from /home/airflow/.local/lib/python3.8/site-packages/airflow/example_dags/example_branch_python_dop_operator_3.py
[2025-11-02T19:07:11.316+0000] {processor.py:840} INFO - DAG(s) 'example_branch_dop_operator_v3' retrieved from /home/airflow/.local/lib/python3.8/site-packages/airflow/example_dags/example_branch_python_dop_operator_3.py
[2025-11-02T19:07:11.373+0000] {logging_mixin.py:188} INFO - [2025-11-02T19:07:11.372+0000] {dag.py:3036} INFO - Sync 1 DAGs
[2025-11-02T19:07:11.438+0000] {logging_mixin.py:188} INFO - [2025-11-02T19:07:11.437+0000] {dag.py:3823} INFO - Setting next_dagrun for example_branch_dop_operator_v3 to 2025-11-02 19:06:00+00:00, run_after=2025-11-02 19:07:00+00:00
[2025-11-02T19:07:11.487+0000] {processor.py:183} INFO - Processing /home/airflow/.local/lib/python3.8/site-packages/airflow/example_dags/example_branch_python_dop_operator_3.py took 0.218 seconds
[2025-11-02T19:07:42.398+0000] {processor.py:161} INFO - Started process (PID=4680) to work on /home/airflow/.local/lib/python3.8/site-packages/airflow/example_dags/example_branch_python_dop_operator_3.py
[2025-11-02T19:07:42.401+0000] {processor.py:830} INFO - Processing file /home/airflow/.local/lib/python3.8/site-packages/airflow/example_dags/example_branch_python_dop_operator_3.py for tasks to queue
[2025-11-02T19:07:42.407+0000] {logging_mixin.py:188} INFO - [2025-11-02T19:07:42.407+0000] {dagbag.py:538} INFO - Filling up the DagBag from /home/airflow/.local/lib/python3.8/site-packages/airflow/example_dags/example_branch_python_dop_operator_3.py
[2025-11-02T19:07:42.437+0000] {processor.py:840} INFO - DAG(s) 'example_branch_dop_operator_v3' retrieved from /home/airflow/.local/lib/python3.8/site-packages/airflow/example_dags/example_branch_python_dop_operator_3.py
[2025-11-02T19:07:42.490+0000] {logging_mixin.py:188} INFO - [2025-11-02T19:07:42.489+0000] {dag.py:3036} INFO - Sync 1 DAGs
[2025-11-02T19:07:42.549+0000] {logging_mixin.py:188} INFO - [2025-11-02T19:07:42.548+0000] {dag.py:3823} INFO - Setting next_dagrun for example_branch_dop_operator_v3 to 2025-11-02 19:06:00+00:00, run_after=2025-11-02 19:07:00+00:00
[2025-11-02T19:07:42.595+0000] {processor.py:183} INFO - Processing /home/airflow/.local/lib/python3.8/site-packages/airflow/example_dags/example_branch_python_dop_operator_3.py took 0.210 seconds
[2025-11-02T19:08:12.958+0000] {processor.py:161} INFO - Started process (PID=4735) to work on /home/airflow/.local/lib/python3.8/site-packages/airflow/example_dags/example_branch_python_dop_operator_3.py
[2025-11-02T19:08:12.961+0000] {processor.py:830} INFO - Processing file /home/airflow/.local/lib/python3.8/site-packages/airflow/example_dags/example_branch_python_dop_operator_3.py for tasks to queue
[2025-11-02T19:08:12.968+0000] {logging_mixin.py:188} INFO - [2025-11-02T19:08:12.967+0000] {dagbag.py:538} INFO - Filling up the DagBag from /home/airflow/.local/lib/python3.8/site-packages/airflow/example_dags/example_branch_python_dop_operator_3.py
[2025-11-02T19:08:12.991+0000] {processor.py:840} INFO - DAG(s) 'example_branch_dop_operator_v3' retrieved from /home/airflow/.local/lib/python3.8/site-packages/airflow/example_dags/example_branch_python_dop_operator_3.py
[2025-11-02T19:08:13.043+0000] {logging_mixin.py:188} INFO - [2025-11-02T19:08:13.042+0000] {dag.py:3036} INFO - Sync 1 DAGs
[2025-11-02T19:08:13.109+0000] {logging_mixin.py:188} INFO - [2025-11-02T19:08:13.108+0000] {dag.py:3823} INFO - Setting next_dagrun for example_branch_dop_operator_v3 to 2025-11-02 19:07:00+00:00, run_after=2025-11-02 19:08:00+00:00
[2025-11-02T19:08:13.158+0000] {processor.py:183} INFO - Processing /home/airflow/.local/lib/python3.8/site-packages/airflow/example_dags/example_branch_python_dop_operator_3.py took 0.210 seconds
[2025-11-02T19:08:43.842+0000] {processor.py:161} INFO - Started process (PID=4790) to work on /home/airflow/.local/lib/python3.8/site-packages/airflow/example_dags/example_branch_python_dop_operator_3.py
[2025-11-02T19:08:43.845+0000] {processor.py:830} INFO - Processing file /home/airflow/.local/lib/python3.8/site-packages/airflow/example_dags/example_branch_python_dop_operator_3.py for tasks to queue
[2025-11-02T19:08:43.851+0000] {logging_mixin.py:188} INFO - [2025-11-02T19:08:43.851+0000] {dagbag.py:538} INFO - Filling up the DagBag from /home/airflow/.local/lib/python3.8/site-packages/airflow/example_dags/example_branch_python_dop_operator_3.py
[2025-11-02T19:08:43.874+0000] {processor.py:840} INFO - DAG(s) 'example_branch_dop_operator_v3' retrieved from /home/airflow/.local/lib/python3.8/site-packages/airflow/example_dags/example_branch_python_dop_operator_3.py
[2025-11-02T19:08:43.925+0000] {logging_mixin.py:188} INFO - [2025-11-02T19:08:43.925+0000] {dag.py:3036} INFO - Sync 1 DAGs
[2025-11-02T19:08:43.992+0000] {logging_mixin.py:188} INFO - [2025-11-02T19:08:43.991+0000] {dag.py:3823} INFO - Setting next_dagrun for example_branch_dop_operator_v3 to 2025-11-02 19:07:00+00:00, run_after=2025-11-02 19:08:00+00:00
[2025-11-02T19:08:44.041+0000] {processor.py:183} INFO - Processing /home/airflow/.local/lib/python3.8/site-packages/airflow/example_dags/example_branch_python_dop_operator_3.py took 0.210 seconds
[2025-11-02T19:09:14.434+0000] {processor.py:161} INFO - Started process (PID=4846) to work on /home/airflow/.local/lib/python3.8/site-packages/airflow/example_dags/example_branch_python_dop_operator_3.py
[2025-11-02T19:09:14.438+0000] {processor.py:830} INFO - Processing file /home/airflow/.local/lib/python3.8/site-packages/airflow/example_dags/example_branch_python_dop_operator_3.py for tasks to queue
[2025-11-02T19:09:14.447+0000] {logging_mixin.py:188} INFO - [2025-11-02T19:09:14.445+0000] {dagbag.py:538} INFO - Filling up the DagBag from /home/airflow/.local/lib/python3.8/site-packages/airflow/example_dags/example_branch_python_dop_operator_3.py
[2025-11-02T19:09:14.472+0000] {processor.py:840} INFO - DAG(s) 'example_branch_dop_operator_v3' retrieved from /home/airflow/.local/lib/python3.8/site-packages/airflow/example_dags/example_branch_python_dop_operator_3.py
[2025-11-02T19:09:14.530+0000] {logging_mixin.py:188} INFO - [2025-11-02T19:09:14.529+0000] {dag.py:3036} INFO - Sync 1 DAGs
[2025-11-02T19:09:14.594+0000] {logging_mixin.py:188} INFO - [2025-11-02T19:09:14.594+0000] {dag.py:3823} INFO - Setting next_dagrun for example_branch_dop_operator_v3 to 2025-11-02 19:08:00+00:00, run_after=2025-11-02 19:09:00+00:00
[2025-11-02T19:09:14.645+0000] {processor.py:183} INFO - Processing /home/airflow/.local/lib/python3.8/site-packages/airflow/example_dags/example_branch_python_dop_operator_3.py took 0.233 seconds
[2025-11-02T19:09:44.911+0000] {processor.py:161} INFO - Started process (PID=4901) to work on /home/airflow/.local/lib/python3.8/site-packages/airflow/example_dags/example_branch_python_dop_operator_3.py
[2025-11-02T19:09:44.914+0000] {processor.py:830} INFO - Processing file /home/airflow/.local/lib/python3.8/site-packages/airflow/example_dags/example_branch_python_dop_operator_3.py for tasks to queue
[2025-11-02T19:09:44.924+0000] {logging_mixin.py:188} INFO - [2025-11-02T19:09:44.923+0000] {dagbag.py:538} INFO - Filling up the DagBag from /home/airflow/.local/lib/python3.8/site-packages/airflow/example_dags/example_branch_python_dop_operator_3.py
[2025-11-02T19:09:44.971+0000] {processor.py:840} INFO - DAG(s) 'example_branch_dop_operator_v3' retrieved from /home/airflow/.local/lib/python3.8/site-packages/airflow/example_dags/example_branch_python_dop_operator_3.py
[2025-11-02T19:09:45.075+0000] {logging_mixin.py:188} INFO - [2025-11-02T19:09:45.074+0000] {dag.py:3036} INFO - Sync 1 DAGs
[2025-11-02T19:09:45.207+0000] {logging_mixin.py:188} INFO - [2025-11-02T19:09:45.207+0000] {dag.py:3823} INFO - Setting next_dagrun for example_branch_dop_operator_v3 to 2025-11-02 19:08:00+00:00, run_after=2025-11-02 19:09:00+00:00
[2025-11-02T19:09:45.352+0000] {processor.py:183} INFO - Processing /home/airflow/.local/lib/python3.8/site-packages/airflow/example_dags/example_branch_python_dop_operator_3.py took 0.459 seconds
[2025-11-02T19:10:15.739+0000] {processor.py:161} INFO - Started process (PID=4956) to work on /home/airflow/.local/lib/python3.8/site-packages/airflow/example_dags/example_branch_python_dop_operator_3.py
[2025-11-02T19:10:15.743+0000] {processor.py:830} INFO - Processing file /home/airflow/.local/lib/python3.8/site-packages/airflow/example_dags/example_branch_python_dop_operator_3.py for tasks to queue
[2025-11-02T19:10:15.749+0000] {logging_mixin.py:188} INFO - [2025-11-02T19:10:15.749+0000] {dagbag.py:538} INFO - Filling up the DagBag from /home/airflow/.local/lib/python3.8/site-packages/airflow/example_dags/example_branch_python_dop_operator_3.py
[2025-11-02T19:10:15.776+0000] {processor.py:840} INFO - DAG(s) 'example_branch_dop_operator_v3' retrieved from /home/airflow/.local/lib/python3.8/site-packages/airflow/example_dags/example_branch_python_dop_operator_3.py
[2025-11-02T19:10:15.830+0000] {logging_mixin.py:188} INFO - [2025-11-02T19:10:15.829+0000] {dag.py:3036} INFO - Sync 1 DAGs
[2025-11-02T19:10:15.902+0000] {logging_mixin.py:188} INFO - [2025-11-02T19:10:15.902+0000] {dag.py:3823} INFO - Setting next_dagrun for example_branch_dop_operator_v3 to 2025-11-02 19:09:00+00:00, run_after=2025-11-02 19:10:00+00:00
[2025-11-02T19:10:15.944+0000] {processor.py:183} INFO - Processing /home/airflow/.local/lib/python3.8/site-packages/airflow/example_dags/example_branch_python_dop_operator_3.py took 0.220 seconds
[2025-11-02T19:10:46.083+0000] {processor.py:161} INFO - Started process (PID=5011) to work on /home/airflow/.local/lib/python3.8/site-packages/airflow/example_dags/example_branch_python_dop_operator_3.py
[2025-11-02T19:10:46.090+0000] {processor.py:830} INFO - Processing file /home/airflow/.local/lib/python3.8/site-packages/airflow/example_dags/example_branch_python_dop_operator_3.py for tasks to queue
[2025-11-02T19:10:46.106+0000] {logging_mixin.py:188} INFO - [2025-11-02T19:10:46.105+0000] {dagbag.py:538} INFO - Filling up the DagBag from /home/airflow/.local/lib/python3.8/site-packages/airflow/example_dags/example_branch_python_dop_operator_3.py
[2025-11-02T19:10:46.131+0000] {processor.py:840} INFO - DAG(s) 'example_branch_dop_operator_v3' retrieved from /home/airflow/.local/lib/python3.8/site-packages/airflow/example_dags/example_branch_python_dop_operator_3.py
[2025-11-02T19:10:46.174+0000] {logging_mixin.py:188} INFO - [2025-11-02T19:10:46.173+0000] {dag.py:3036} INFO - Sync 1 DAGs
[2025-11-02T19:10:46.223+0000] {logging_mixin.py:188} INFO - [2025-11-02T19:10:46.223+0000] {dag.py:3823} INFO - Setting next_dagrun for example_branch_dop_operator_v3 to 2025-11-02 19:09:00+00:00, run_after=2025-11-02 19:10:00+00:00
[2025-11-02T19:10:46.262+0000] {processor.py:183} INFO - Processing /home/airflow/.local/lib/python3.8/site-packages/airflow/example_dags/example_branch_python_dop_operator_3.py took 0.194 seconds
[2025-11-02T19:11:16.571+0000] {processor.py:161} INFO - Started process (PID=5066) to work on /home/airflow/.local/lib/python3.8/site-packages/airflow/example_dags/example_branch_python_dop_operator_3.py
[2025-11-02T19:11:16.574+0000] {processor.py:830} INFO - Processing file /home/airflow/.local/lib/python3.8/site-packages/airflow/example_dags/example_branch_python_dop_operator_3.py for tasks to queue
[2025-11-02T19:11:16.579+0000] {logging_mixin.py:188} INFO - [2025-11-02T19:11:16.578+0000] {dagbag.py:538} INFO - Filling up the DagBag from /home/airflow/.local/lib/python3.8/site-packages/airflow/example_dags/example_branch_python_dop_operator_3.py
[2025-11-02T19:11:16.599+0000] {processor.py:840} INFO - DAG(s) 'example_branch_dop_operator_v3' retrieved from /home/airflow/.local/lib/python3.8/site-packages/airflow/example_dags/example_branch_python_dop_operator_3.py
[2025-11-02T19:11:16.644+0000] {logging_mixin.py:188} INFO - [2025-11-02T19:11:16.643+0000] {dag.py:3036} INFO - Sync 1 DAGs
[2025-11-02T19:11:16.694+0000] {logging_mixin.py:188} INFO - [2025-11-02T19:11:16.693+0000] {dag.py:3823} INFO - Setting next_dagrun for example_branch_dop_operator_v3 to 2025-11-02 19:10:00+00:00, run_after=2025-11-02 19:11:00+00:00
[2025-11-02T19:11:16.742+0000] {processor.py:183} INFO - Processing /home/airflow/.local/lib/python3.8/site-packages/airflow/example_dags/example_branch_python_dop_operator_3.py took 0.180 seconds
[2025-11-02T19:11:47.133+0000] {processor.py:161} INFO - Started process (PID=5121) to work on /home/airflow/.local/lib/python3.8/site-packages/airflow/example_dags/example_branch_python_dop_operator_3.py
[2025-11-02T19:11:47.137+0000] {processor.py:830} INFO - Processing file /home/airflow/.local/lib/python3.8/site-packages/airflow/example_dags/example_branch_python_dop_operator_3.py for tasks to queue
[2025-11-02T19:11:47.142+0000] {logging_mixin.py:188} INFO - [2025-11-02T19:11:47.141+0000] {dagbag.py:538} INFO - Filling up the DagBag from /home/airflow/.local/lib/python3.8/site-packages/airflow/example_dags/example_branch_python_dop_operator_3.py
[2025-11-02T19:11:47.192+0000] {processor.py:840} INFO - DAG(s) 'example_branch_dop_operator_v3' retrieved from /home/airflow/.local/lib/python3.8/site-packages/airflow/example_dags/example_branch_python_dop_operator_3.py
[2025-11-02T19:11:47.249+0000] {logging_mixin.py:188} INFO - [2025-11-02T19:11:47.249+0000] {dag.py:3036} INFO - Sync 1 DAGs
[2025-11-02T19:11:47.333+0000] {logging_mixin.py:188} INFO - [2025-11-02T19:11:47.333+0000] {dag.py:3823} INFO - Setting next_dagrun for example_branch_dop_operator_v3 to 2025-11-02 19:10:00+00:00, run_after=2025-11-02 19:11:00+00:00
[2025-11-02T19:11:47.387+0000] {processor.py:183} INFO - Processing /home/airflow/.local/lib/python3.8/site-packages/airflow/example_dags/example_branch_python_dop_operator_3.py took 0.266 seconds
[2025-11-02T19:12:17.561+0000] {processor.py:161} INFO - Started process (PID=5176) to work on /home/airflow/.local/lib/python3.8/site-packages/airflow/example_dags/example_branch_python_dop_operator_3.py
[2025-11-02T19:12:17.564+0000] {processor.py:830} INFO - Processing file /home/airflow/.local/lib/python3.8/site-packages/airflow/example_dags/example_branch_python_dop_operator_3.py for tasks to queue
[2025-11-02T19:12:17.569+0000] {logging_mixin.py:188} INFO - [2025-11-02T19:12:17.568+0000] {dagbag.py:538} INFO - Filling up the DagBag from /home/airflow/.local/lib/python3.8/site-packages/airflow/example_dags/example_branch_python_dop_operator_3.py
[2025-11-02T19:12:17.590+0000] {processor.py:840} INFO - DAG(s) 'example_branch_dop_operator_v3' retrieved from /home/airflow/.local/lib/python3.8/site-packages/airflow/example_dags/example_branch_python_dop_operator_3.py
[2025-11-02T19:12:17.635+0000] {logging_mixin.py:188} INFO - [2025-11-02T19:12:17.635+0000] {dag.py:3036} INFO - Sync 1 DAGs
[2025-11-02T19:12:17.727+0000] {logging_mixin.py:188} INFO - [2025-11-02T19:12:17.727+0000] {dag.py:3823} INFO - Setting next_dagrun for example_branch_dop_operator_v3 to 2025-11-02 19:11:00+00:00, run_after=2025-11-02 19:12:00+00:00
[2025-11-02T19:12:17.766+0000] {processor.py:183} INFO - Processing /home/airflow/.local/lib/python3.8/site-packages/airflow/example_dags/example_branch_python_dop_operator_3.py took 0.213 seconds
[2025-11-02T19:12:48.124+0000] {processor.py:161} INFO - Started process (PID=5231) to work on /home/airflow/.local/lib/python3.8/site-packages/airflow/example_dags/example_branch_python_dop_operator_3.py
[2025-11-02T19:12:48.127+0000] {processor.py:830} INFO - Processing file /home/airflow/.local/lib/python3.8/site-packages/airflow/example_dags/example_branch_python_dop_operator_3.py for tasks to queue
[2025-11-02T19:12:48.137+0000] {logging_mixin.py:188} INFO - [2025-11-02T19:12:48.136+0000] {dagbag.py:538} INFO - Filling up the DagBag from /home/airflow/.local/lib/python3.8/site-packages/airflow/example_dags/example_branch_python_dop_operator_3.py
[2025-11-02T19:12:48.165+0000] {processor.py:840} INFO - DAG(s) 'example_branch_dop_operator_v3' retrieved from /home/airflow/.local/lib/python3.8/site-packages/airflow/example_dags/example_branch_python_dop_operator_3.py
[2025-11-02T19:12:48.226+0000] {logging_mixin.py:188} INFO - [2025-11-02T19:12:48.226+0000] {dag.py:3036} INFO - Sync 1 DAGs
[2025-11-02T19:12:48.292+0000] {logging_mixin.py:188} INFO - [2025-11-02T19:12:48.291+0000] {dag.py:3823} INFO - Setting next_dagrun for example_branch_dop_operator_v3 to 2025-11-02 19:11:00+00:00, run_after=2025-11-02 19:12:00+00:00
[2025-11-02T19:12:48.380+0000] {processor.py:183} INFO - Processing /home/airflow/.local/lib/python3.8/site-packages/airflow/example_dags/example_branch_python_dop_operator_3.py took 0.275 seconds
[2025-11-02T19:13:18.520+0000] {processor.py:161} INFO - Started process (PID=5285) to work on /home/airflow/.local/lib/python3.8/site-packages/airflow/example_dags/example_branch_python_dop_operator_3.py
[2025-11-02T19:13:18.524+0000] {processor.py:830} INFO - Processing file /home/airflow/.local/lib/python3.8/site-packages/airflow/example_dags/example_branch_python_dop_operator_3.py for tasks to queue
[2025-11-02T19:13:18.530+0000] {logging_mixin.py:188} INFO - [2025-11-02T19:13:18.529+0000] {dagbag.py:538} INFO - Filling up the DagBag from /home/airflow/.local/lib/python3.8/site-packages/airflow/example_dags/example_branch_python_dop_operator_3.py
[2025-11-02T19:13:18.554+0000] {processor.py:840} INFO - DAG(s) 'example_branch_dop_operator_v3' retrieved from /home/airflow/.local/lib/python3.8/site-packages/airflow/example_dags/example_branch_python_dop_operator_3.py
[2025-11-02T19:13:18.609+0000] {logging_mixin.py:188} INFO - [2025-11-02T19:13:18.609+0000] {dag.py:3036} INFO - Sync 1 DAGs
[2025-11-02T19:13:18.682+0000] {logging_mixin.py:188} INFO - [2025-11-02T19:13:18.681+0000] {dag.py:3823} INFO - Setting next_dagrun for example_branch_dop_operator_v3 to 2025-11-02 19:12:00+00:00, run_after=2025-11-02 19:13:00+00:00
[2025-11-02T19:13:18.732+0000] {processor.py:183} INFO - Processing /home/airflow/.local/lib/python3.8/site-packages/airflow/example_dags/example_branch_python_dop_operator_3.py took 0.224 seconds
[2025-11-02T19:13:49.006+0000] {processor.py:161} INFO - Started process (PID=5340) to work on /home/airflow/.local/lib/python3.8/site-packages/airflow/example_dags/example_branch_python_dop_operator_3.py
[2025-11-02T19:13:49.011+0000] {processor.py:830} INFO - Processing file /home/airflow/.local/lib/python3.8/site-packages/airflow/example_dags/example_branch_python_dop_operator_3.py for tasks to queue
[2025-11-02T19:13:49.017+0000] {logging_mixin.py:188} INFO - [2025-11-02T19:13:49.016+0000] {dagbag.py:538} INFO - Filling up the DagBag from /home/airflow/.local/lib/python3.8/site-packages/airflow/example_dags/example_branch_python_dop_operator_3.py
[2025-11-02T19:13:49.043+0000] {processor.py:840} INFO - DAG(s) 'example_branch_dop_operator_v3' retrieved from /home/airflow/.local/lib/python3.8/site-packages/airflow/example_dags/example_branch_python_dop_operator_3.py
[2025-11-02T19:13:49.096+0000] {logging_mixin.py:188} INFO - [2025-11-02T19:13:49.095+0000] {dag.py:3036} INFO - Sync 1 DAGs
[2025-11-02T19:13:49.324+0000] {logging_mixin.py:188} INFO - [2025-11-02T19:13:49.324+0000] {dag.py:3823} INFO - Setting next_dagrun for example_branch_dop_operator_v3 to 2025-11-02 19:12:00+00:00, run_after=2025-11-02 19:13:00+00:00
[2025-11-02T19:13:49.376+0000] {processor.py:183} INFO - Processing /home/airflow/.local/lib/python3.8/site-packages/airflow/example_dags/example_branch_python_dop_operator_3.py took 0.239 seconds
[2025-11-02T19:14:20.549+0000] {processor.py:161} INFO - Started process (PID=5395) to work on /home/airflow/.local/lib/python3.8/site-packages/airflow/example_dags/example_branch_python_dop_operator_3.py
[2025-11-02T19:14:20.553+0000] {processor.py:830} INFO - Processing file /home/airflow/.local/lib/python3.8/site-packages/airflow/example_dags/example_branch_python_dop_operator_3.py for tasks to queue
[2025-11-02T19:14:20.563+0000] {logging_mixin.py:188} INFO - [2025-11-02T19:14:20.562+0000] {dagbag.py:538} INFO - Filling up the DagBag from /home/airflow/.local/lib/python3.8/site-packages/airflow/example_dags/example_branch_python_dop_operator_3.py
[2025-11-02T19:14:20.619+0000] {processor.py:840} INFO - DAG(s) 'example_branch_dop_operator_v3' retrieved from /home/airflow/.local/lib/python3.8/site-packages/airflow/example_dags/example_branch_python_dop_operator_3.py
[2025-11-02T19:14:20.715+0000] {logging_mixin.py:188} INFO - [2025-11-02T19:14:20.714+0000] {dag.py:3036} INFO - Sync 1 DAGs
[2025-11-02T19:14:20.846+0000] {logging_mixin.py:188} INFO - [2025-11-02T19:14:20.844+0000] {dag.py:3823} INFO - Setting next_dagrun for example_branch_dop_operator_v3 to 2025-11-02 19:13:00+00:00, run_after=2025-11-02 19:14:00+00:00
[2025-11-02T19:14:20.971+0000] {processor.py:183} INFO - Processing /home/airflow/.local/lib/python3.8/site-packages/airflow/example_dags/example_branch_python_dop_operator_3.py took 0.442 seconds
[2025-11-02T19:14:51.772+0000] {processor.py:161} INFO - Started process (PID=5451) to work on /home/airflow/.local/lib/python3.8/site-packages/airflow/example_dags/example_branch_python_dop_operator_3.py
[2025-11-02T19:14:51.775+0000] {processor.py:830} INFO - Processing file /home/airflow/.local/lib/python3.8/site-packages/airflow/example_dags/example_branch_python_dop_operator_3.py for tasks to queue
[2025-11-02T19:14:51.780+0000] {logging_mixin.py:188} INFO - [2025-11-02T19:14:51.779+0000] {dagbag.py:538} INFO - Filling up the DagBag from /home/airflow/.local/lib/python3.8/site-packages/airflow/example_dags/example_branch_python_dop_operator_3.py
[2025-11-02T19:14:51.815+0000] {processor.py:840} INFO - DAG(s) 'example_branch_dop_operator_v3' retrieved from /home/airflow/.local/lib/python3.8/site-packages/airflow/example_dags/example_branch_python_dop_operator_3.py
[2025-11-02T19:14:51.881+0000] {logging_mixin.py:188} INFO - [2025-11-02T19:14:51.881+0000] {dag.py:3036} INFO - Sync 1 DAGs
[2025-11-02T19:14:51.967+0000] {logging_mixin.py:188} INFO - [2025-11-02T19:14:51.966+0000] {dag.py:3823} INFO - Setting next_dagrun for example_branch_dop_operator_v3 to 2025-11-02 19:13:00+00:00, run_after=2025-11-02 19:14:00+00:00
[2025-11-02T19:14:52.018+0000] {processor.py:183} INFO - Processing /home/airflow/.local/lib/python3.8/site-packages/airflow/example_dags/example_branch_python_dop_operator_3.py took 0.256 seconds
[2025-11-02T19:15:22.405+0000] {processor.py:161} INFO - Started process (PID=5506) to work on /home/airflow/.local/lib/python3.8/site-packages/airflow/example_dags/example_branch_python_dop_operator_3.py
[2025-11-02T19:15:22.407+0000] {processor.py:830} INFO - Processing file /home/airflow/.local/lib/python3.8/site-packages/airflow/example_dags/example_branch_python_dop_operator_3.py for tasks to queue
[2025-11-02T19:15:22.413+0000] {logging_mixin.py:188} INFO - [2025-11-02T19:15:22.412+0000] {dagbag.py:538} INFO - Filling up the DagBag from /home/airflow/.local/lib/python3.8/site-packages/airflow/example_dags/example_branch_python_dop_operator_3.py
[2025-11-02T19:15:22.443+0000] {processor.py:840} INFO - DAG(s) 'example_branch_dop_operator_v3' retrieved from /home/airflow/.local/lib/python3.8/site-packages/airflow/example_dags/example_branch_python_dop_operator_3.py
[2025-11-02T19:15:22.496+0000] {logging_mixin.py:188} INFO - [2025-11-02T19:15:22.495+0000] {dag.py:3036} INFO - Sync 1 DAGs
[2025-11-02T19:15:22.565+0000] {logging_mixin.py:188} INFO - [2025-11-02T19:15:22.565+0000] {dag.py:3823} INFO - Setting next_dagrun for example_branch_dop_operator_v3 to 2025-11-02 19:14:00+00:00, run_after=2025-11-02 19:15:00+00:00
[2025-11-02T19:15:22.613+0000] {processor.py:183} INFO - Processing /home/airflow/.local/lib/python3.8/site-packages/airflow/example_dags/example_branch_python_dop_operator_3.py took 0.219 seconds
[2025-11-02T19:15:53.254+0000] {processor.py:161} INFO - Started process (PID=5561) to work on /home/airflow/.local/lib/python3.8/site-packages/airflow/example_dags/example_branch_python_dop_operator_3.py
[2025-11-02T19:15:53.259+0000] {processor.py:830} INFO - Processing file /home/airflow/.local/lib/python3.8/site-packages/airflow/example_dags/example_branch_python_dop_operator_3.py for tasks to queue
[2025-11-02T19:15:53.266+0000] {logging_mixin.py:188} INFO - [2025-11-02T19:15:53.265+0000] {dagbag.py:538} INFO - Filling up the DagBag from /home/airflow/.local/lib/python3.8/site-packages/airflow/example_dags/example_branch_python_dop_operator_3.py
[2025-11-02T19:15:53.292+0000] {processor.py:840} INFO - DAG(s) 'example_branch_dop_operator_v3' retrieved from /home/airflow/.local/lib/python3.8/site-packages/airflow/example_dags/example_branch_python_dop_operator_3.py
[2025-11-02T19:15:53.347+0000] {logging_mixin.py:188} INFO - [2025-11-02T19:15:53.347+0000] {dag.py:3036} INFO - Sync 1 DAGs
[2025-11-02T19:15:53.419+0000] {logging_mixin.py:188} INFO - [2025-11-02T19:15:53.418+0000] {dag.py:3823} INFO - Setting next_dagrun for example_branch_dop_operator_v3 to 2025-11-02 19:14:00+00:00, run_after=2025-11-02 19:15:00+00:00
[2025-11-02T19:15:53.467+0000] {processor.py:183} INFO - Processing /home/airflow/.local/lib/python3.8/site-packages/airflow/example_dags/example_branch_python_dop_operator_3.py took 0.225 seconds
[2025-11-02T19:16:24.455+0000] {processor.py:161} INFO - Started process (PID=5616) to work on /home/airflow/.local/lib/python3.8/site-packages/airflow/example_dags/example_branch_python_dop_operator_3.py
[2025-11-02T19:16:24.458+0000] {processor.py:830} INFO - Processing file /home/airflow/.local/lib/python3.8/site-packages/airflow/example_dags/example_branch_python_dop_operator_3.py for tasks to queue
[2025-11-02T19:16:24.465+0000] {logging_mixin.py:188} INFO - [2025-11-02T19:16:24.464+0000] {dagbag.py:538} INFO - Filling up the DagBag from /home/airflow/.local/lib/python3.8/site-packages/airflow/example_dags/example_branch_python_dop_operator_3.py
[2025-11-02T19:16:24.501+0000] {processor.py:840} INFO - DAG(s) 'example_branch_dop_operator_v3' retrieved from /home/airflow/.local/lib/python3.8/site-packages/airflow/example_dags/example_branch_python_dop_operator_3.py
[2025-11-02T19:16:24.552+0000] {logging_mixin.py:188} INFO - [2025-11-02T19:16:24.551+0000] {dag.py:3036} INFO - Sync 1 DAGs
[2025-11-02T19:16:24.614+0000] {logging_mixin.py:188} INFO - [2025-11-02T19:16:24.614+0000] {dag.py:3823} INFO - Setting next_dagrun for example_branch_dop_operator_v3 to 2025-11-02 19:15:00+00:00, run_after=2025-11-02 19:16:00+00:00
[2025-11-02T19:16:24.661+0000] {processor.py:183} INFO - Processing /home/airflow/.local/lib/python3.8/site-packages/airflow/example_dags/example_branch_python_dop_operator_3.py took 0.214 seconds
[2025-11-02T19:16:55.503+0000] {processor.py:161} INFO - Started process (PID=5670) to work on /home/airflow/.local/lib/python3.8/site-packages/airflow/example_dags/example_branch_python_dop_operator_3.py
[2025-11-02T19:16:55.507+0000] {processor.py:830} INFO - Processing file /home/airflow/.local/lib/python3.8/site-packages/airflow/example_dags/example_branch_python_dop_operator_3.py for tasks to queue
[2025-11-02T19:16:55.516+0000] {logging_mixin.py:188} INFO - [2025-11-02T19:16:55.515+0000] {dagbag.py:538} INFO - Filling up the DagBag from /home/airflow/.local/lib/python3.8/site-packages/airflow/example_dags/example_branch_python_dop_operator_3.py
[2025-11-02T19:16:55.538+0000] {processor.py:840} INFO - DAG(s) 'example_branch_dop_operator_v3' retrieved from /home/airflow/.local/lib/python3.8/site-packages/airflow/example_dags/example_branch_python_dop_operator_3.py
[2025-11-02T19:16:55.612+0000] {logging_mixin.py:188} INFO - [2025-11-02T19:16:55.611+0000] {dag.py:3036} INFO - Sync 1 DAGs
[2025-11-02T19:16:55.704+0000] {logging_mixin.py:188} INFO - [2025-11-02T19:16:55.704+0000] {dag.py:3823} INFO - Setting next_dagrun for example_branch_dop_operator_v3 to 2025-11-02 19:15:00+00:00, run_after=2025-11-02 19:16:00+00:00
[2025-11-02T19:16:55.835+0000] {processor.py:183} INFO - Processing /home/airflow/.local/lib/python3.8/site-packages/airflow/example_dags/example_branch_python_dop_operator_3.py took 0.345 seconds
[2025-11-02T19:17:26.448+0000] {processor.py:161} INFO - Started process (PID=5724) to work on /home/airflow/.local/lib/python3.8/site-packages/airflow/example_dags/example_branch_python_dop_operator_3.py
[2025-11-02T19:17:26.460+0000] {processor.py:830} INFO - Processing file /home/airflow/.local/lib/python3.8/site-packages/airflow/example_dags/example_branch_python_dop_operator_3.py for tasks to queue
[2025-11-02T19:17:26.476+0000] {logging_mixin.py:188} INFO - [2025-11-02T19:17:26.475+0000] {dagbag.py:538} INFO - Filling up the DagBag from /home/airflow/.local/lib/python3.8/site-packages/airflow/example_dags/example_branch_python_dop_operator_3.py
[2025-11-02T19:17:26.505+0000] {processor.py:840} INFO - DAG(s) 'example_branch_dop_operator_v3' retrieved from /home/airflow/.local/lib/python3.8/site-packages/airflow/example_dags/example_branch_python_dop_operator_3.py
[2025-11-02T19:17:26.560+0000] {logging_mixin.py:188} INFO - [2025-11-02T19:17:26.560+0000] {dag.py:3036} INFO - Sync 1 DAGs
[2025-11-02T19:17:26.627+0000] {logging_mixin.py:188} INFO - [2025-11-02T19:17:26.626+0000] {dag.py:3823} INFO - Setting next_dagrun for example_branch_dop_operator_v3 to 2025-11-02 19:16:00+00:00, run_after=2025-11-02 19:17:00+00:00
[2025-11-02T19:17:26.683+0000] {processor.py:183} INFO - Processing /home/airflow/.local/lib/python3.8/site-packages/airflow/example_dags/example_branch_python_dop_operator_3.py took 0.254 seconds
[2025-11-02T19:17:57.004+0000] {processor.py:161} INFO - Started process (PID=5779) to work on /home/airflow/.local/lib/python3.8/site-packages/airflow/example_dags/example_branch_python_dop_operator_3.py
[2025-11-02T19:17:57.008+0000] {processor.py:830} INFO - Processing file /home/airflow/.local/lib/python3.8/site-packages/airflow/example_dags/example_branch_python_dop_operator_3.py for tasks to queue
[2025-11-02T19:17:57.022+0000] {logging_mixin.py:188} INFO - [2025-11-02T19:17:57.021+0000] {dagbag.py:538} INFO - Filling up the DagBag from /home/airflow/.local/lib/python3.8/site-packages/airflow/example_dags/example_branch_python_dop_operator_3.py
[2025-11-02T19:17:57.054+0000] {processor.py:840} INFO - DAG(s) 'example_branch_dop_operator_v3' retrieved from /home/airflow/.local/lib/python3.8/site-packages/airflow/example_dags/example_branch_python_dop_operator_3.py
[2025-11-02T19:17:57.124+0000] {logging_mixin.py:188} INFO - [2025-11-02T19:17:57.123+0000] {dag.py:3036} INFO - Sync 1 DAGs
[2025-11-02T19:17:57.219+0000] {logging_mixin.py:188} INFO - [2025-11-02T19:17:57.219+0000] {dag.py:3823} INFO - Setting next_dagrun for example_branch_dop_operator_v3 to 2025-11-02 19:16:00+00:00, run_after=2025-11-02 19:17:00+00:00
[2025-11-02T19:17:57.266+0000] {processor.py:183} INFO - Processing /home/airflow/.local/lib/python3.8/site-packages/airflow/example_dags/example_branch_python_dop_operator_3.py took 0.275 seconds
[2025-11-02T19:18:27.608+0000] {processor.py:161} INFO - Started process (PID=5834) to work on /home/airflow/.local/lib/python3.8/site-packages/airflow/example_dags/example_branch_python_dop_operator_3.py
[2025-11-02T19:18:27.615+0000] {processor.py:830} INFO - Processing file /home/airflow/.local/lib/python3.8/site-packages/airflow/example_dags/example_branch_python_dop_operator_3.py for tasks to queue
[2025-11-02T19:18:27.620+0000] {logging_mixin.py:188} INFO - [2025-11-02T19:18:27.619+0000] {dagbag.py:538} INFO - Filling up the DagBag from /home/airflow/.local/lib/python3.8/site-packages/airflow/example_dags/example_branch_python_dop_operator_3.py
[2025-11-02T19:18:27.645+0000] {processor.py:840} INFO - DAG(s) 'example_branch_dop_operator_v3' retrieved from /home/airflow/.local/lib/python3.8/site-packages/airflow/example_dags/example_branch_python_dop_operator_3.py
[2025-11-02T19:18:27.706+0000] {logging_mixin.py:188} INFO - [2025-11-02T19:18:27.705+0000] {dag.py:3036} INFO - Sync 1 DAGs
[2025-11-02T19:18:27.765+0000] {logging_mixin.py:188} INFO - [2025-11-02T19:18:27.764+0000] {dag.py:3823} INFO - Setting next_dagrun for example_branch_dop_operator_v3 to 2025-11-02 19:17:00+00:00, run_after=2025-11-02 19:18:00+00:00
[2025-11-02T19:18:27.810+0000] {processor.py:183} INFO - Processing /home/airflow/.local/lib/python3.8/site-packages/airflow/example_dags/example_branch_python_dop_operator_3.py took 0.213 seconds
[2025-11-02T19:18:58.186+0000] {processor.py:161} INFO - Started process (PID=5888) to work on /home/airflow/.local/lib/python3.8/site-packages/airflow/example_dags/example_branch_python_dop_operator_3.py
[2025-11-02T19:18:58.190+0000] {processor.py:830} INFO - Processing file /home/airflow/.local/lib/python3.8/site-packages/airflow/example_dags/example_branch_python_dop_operator_3.py for tasks to queue
[2025-11-02T19:18:58.195+0000] {logging_mixin.py:188} INFO - [2025-11-02T19:18:58.194+0000] {dagbag.py:538} INFO - Filling up the DagBag from /home/airflow/.local/lib/python3.8/site-packages/airflow/example_dags/example_branch_python_dop_operator_3.py
[2025-11-02T19:18:58.221+0000] {processor.py:840} INFO - DAG(s) 'example_branch_dop_operator_v3' retrieved from /home/airflow/.local/lib/python3.8/site-packages/airflow/example_dags/example_branch_python_dop_operator_3.py
[2025-11-02T19:18:58.302+0000] {logging_mixin.py:188} INFO - [2025-11-02T19:18:58.301+0000] {dag.py:3036} INFO - Sync 1 DAGs
[2025-11-02T19:18:58.401+0000] {logging_mixin.py:188} INFO - [2025-11-02T19:18:58.400+0000] {dag.py:3823} INFO - Setting next_dagrun for example_branch_dop_operator_v3 to 2025-11-02 19:17:00+00:00, run_after=2025-11-02 19:18:00+00:00
[2025-11-02T19:18:58.501+0000] {processor.py:183} INFO - Processing /home/airflow/.local/lib/python3.8/site-packages/airflow/example_dags/example_branch_python_dop_operator_3.py took 0.329 seconds
[2025-11-02T19:19:28.931+0000] {processor.py:161} INFO - Started process (PID=5943) to work on /home/airflow/.local/lib/python3.8/site-packages/airflow/example_dags/example_branch_python_dop_operator_3.py
[2025-11-02T19:19:28.934+0000] {processor.py:830} INFO - Processing file /home/airflow/.local/lib/python3.8/site-packages/airflow/example_dags/example_branch_python_dop_operator_3.py for tasks to queue
[2025-11-02T19:19:28.941+0000] {logging_mixin.py:188} INFO - [2025-11-02T19:19:28.940+0000] {dagbag.py:538} INFO - Filling up the DagBag from /home/airflow/.local/lib/python3.8/site-packages/airflow/example_dags/example_branch_python_dop_operator_3.py
[2025-11-02T19:19:28.978+0000] {processor.py:840} INFO - DAG(s) 'example_branch_dop_operator_v3' retrieved from /home/airflow/.local/lib/python3.8/site-packages/airflow/example_dags/example_branch_python_dop_operator_3.py
[2025-11-02T19:19:29.098+0000] {logging_mixin.py:188} INFO - [2025-11-02T19:19:29.097+0000] {dag.py:3036} INFO - Sync 1 DAGs
[2025-11-02T19:19:29.214+0000] {logging_mixin.py:188} INFO - [2025-11-02T19:19:29.213+0000] {dag.py:3823} INFO - Setting next_dagrun for example_branch_dop_operator_v3 to 2025-11-02 19:18:00+00:00, run_after=2025-11-02 19:19:00+00:00
[2025-11-02T19:19:29.276+0000] {processor.py:183} INFO - Processing /home/airflow/.local/lib/python3.8/site-packages/airflow/example_dags/example_branch_python_dop_operator_3.py took 0.355 seconds
[2025-11-02T19:19:59.439+0000] {processor.py:161} INFO - Started process (PID=5999) to work on /home/airflow/.local/lib/python3.8/site-packages/airflow/example_dags/example_branch_python_dop_operator_3.py
[2025-11-02T19:19:59.445+0000] {processor.py:830} INFO - Processing file /home/airflow/.local/lib/python3.8/site-packages/airflow/example_dags/example_branch_python_dop_operator_3.py for tasks to queue
[2025-11-02T19:19:59.467+0000] {logging_mixin.py:188} INFO - [2025-11-02T19:19:59.465+0000] {dagbag.py:538} INFO - Filling up the DagBag from /home/airflow/.local/lib/python3.8/site-packages/airflow/example_dags/example_branch_python_dop_operator_3.py
[2025-11-02T19:19:59.506+0000] {processor.py:840} INFO - DAG(s) 'example_branch_dop_operator_v3' retrieved from /home/airflow/.local/lib/python3.8/site-packages/airflow/example_dags/example_branch_python_dop_operator_3.py
[2025-11-02T19:19:59.594+0000] {logging_mixin.py:188} INFO - [2025-11-02T19:19:59.593+0000] {dag.py:3036} INFO - Sync 1 DAGs
[2025-11-02T19:19:59.711+0000] {logging_mixin.py:188} INFO - [2025-11-02T19:19:59.709+0000] {dag.py:3823} INFO - Setting next_dagrun for example_branch_dop_operator_v3 to 2025-11-02 19:18:00+00:00, run_after=2025-11-02 19:19:00+00:00
[2025-11-02T19:19:59.816+0000] {processor.py:183} INFO - Processing /home/airflow/.local/lib/python3.8/site-packages/airflow/example_dags/example_branch_python_dop_operator_3.py took 0.396 seconds
[2025-11-02T19:20:30.944+0000] {processor.py:161} INFO - Started process (PID=6054) to work on /home/airflow/.local/lib/python3.8/site-packages/airflow/example_dags/example_branch_python_dop_operator_3.py
[2025-11-02T19:20:30.947+0000] {processor.py:830} INFO - Processing file /home/airflow/.local/lib/python3.8/site-packages/airflow/example_dags/example_branch_python_dop_operator_3.py for tasks to queue
[2025-11-02T19:20:30.954+0000] {logging_mixin.py:188} INFO - [2025-11-02T19:20:30.953+0000] {dagbag.py:538} INFO - Filling up the DagBag from /home/airflow/.local/lib/python3.8/site-packages/airflow/example_dags/example_branch_python_dop_operator_3.py
[2025-11-02T19:20:30.982+0000] {processor.py:840} INFO - DAG(s) 'example_branch_dop_operator_v3' retrieved from /home/airflow/.local/lib/python3.8/site-packages/airflow/example_dags/example_branch_python_dop_operator_3.py
[2025-11-02T19:20:31.033+0000] {logging_mixin.py:188} INFO - [2025-11-02T19:20:31.033+0000] {dag.py:3036} INFO - Sync 1 DAGs
[2025-11-02T19:20:31.085+0000] {logging_mixin.py:188} INFO - [2025-11-02T19:20:31.084+0000] {dag.py:3823} INFO - Setting next_dagrun for example_branch_dop_operator_v3 to 2025-11-02 19:19:00+00:00, run_after=2025-11-02 19:20:00+00:00
[2025-11-02T19:20:31.127+0000] {processor.py:183} INFO - Processing /home/airflow/.local/lib/python3.8/site-packages/airflow/example_dags/example_branch_python_dop_operator_3.py took 0.191 seconds
[2025-11-02T19:21:01.646+0000] {processor.py:161} INFO - Started process (PID=6107) to work on /home/airflow/.local/lib/python3.8/site-packages/airflow/example_dags/example_branch_python_dop_operator_3.py
[2025-11-02T19:21:01.650+0000] {processor.py:830} INFO - Processing file /home/airflow/.local/lib/python3.8/site-packages/airflow/example_dags/example_branch_python_dop_operator_3.py for tasks to queue
[2025-11-02T19:21:01.658+0000] {logging_mixin.py:188} INFO - [2025-11-02T19:21:01.657+0000] {dagbag.py:538} INFO - Filling up the DagBag from /home/airflow/.local/lib/python3.8/site-packages/airflow/example_dags/example_branch_python_dop_operator_3.py
[2025-11-02T19:21:01.697+0000] {processor.py:840} INFO - DAG(s) 'example_branch_dop_operator_v3' retrieved from /home/airflow/.local/lib/python3.8/site-packages/airflow/example_dags/example_branch_python_dop_operator_3.py
[2025-11-02T19:21:01.791+0000] {logging_mixin.py:188} INFO - [2025-11-02T19:21:01.791+0000] {dag.py:3036} INFO - Sync 1 DAGs
[2025-11-02T19:21:01.945+0000] {logging_mixin.py:188} INFO - [2025-11-02T19:21:01.944+0000] {dag.py:3823} INFO - Setting next_dagrun for example_branch_dop_operator_v3 to 2025-11-02 19:20:00+00:00, run_after=2025-11-02 19:21:00+00:00
[2025-11-02T19:21:02.088+0000] {processor.py:183} INFO - Processing /home/airflow/.local/lib/python3.8/site-packages/airflow/example_dags/example_branch_python_dop_operator_3.py took 0.465 seconds
[2025-11-02T19:21:32.563+0000] {processor.py:161} INFO - Started process (PID=6160) to work on /home/airflow/.local/lib/python3.8/site-packages/airflow/example_dags/example_branch_python_dop_operator_3.py
[2025-11-02T19:21:32.566+0000] {processor.py:830} INFO - Processing file /home/airflow/.local/lib/python3.8/site-packages/airflow/example_dags/example_branch_python_dop_operator_3.py for tasks to queue
[2025-11-02T19:21:32.577+0000] {logging_mixin.py:188} INFO - [2025-11-02T19:21:32.576+0000] {dagbag.py:538} INFO - Filling up the DagBag from /home/airflow/.local/lib/python3.8/site-packages/airflow/example_dags/example_branch_python_dop_operator_3.py
[2025-11-02T19:21:32.601+0000] {processor.py:840} INFO - DAG(s) 'example_branch_dop_operator_v3' retrieved from /home/airflow/.local/lib/python3.8/site-packages/airflow/example_dags/example_branch_python_dop_operator_3.py
[2025-11-02T19:21:32.655+0000] {logging_mixin.py:188} INFO - [2025-11-02T19:21:32.655+0000] {dag.py:3036} INFO - Sync 1 DAGs
[2025-11-02T19:21:32.707+0000] {logging_mixin.py:188} INFO - [2025-11-02T19:21:32.707+0000] {dag.py:3823} INFO - Setting next_dagrun for example_branch_dop_operator_v3 to 2025-11-02 19:20:00+00:00, run_after=2025-11-02 19:21:00+00:00
[2025-11-02T19:21:32.748+0000] {processor.py:183} INFO - Processing /home/airflow/.local/lib/python3.8/site-packages/airflow/example_dags/example_branch_python_dop_operator_3.py took 0.194 seconds
[2025-11-02T19:22:03.364+0000] {processor.py:161} INFO - Started process (PID=6214) to work on /home/airflow/.local/lib/python3.8/site-packages/airflow/example_dags/example_branch_python_dop_operator_3.py
[2025-11-02T19:22:03.366+0000] {processor.py:830} INFO - Processing file /home/airflow/.local/lib/python3.8/site-packages/airflow/example_dags/example_branch_python_dop_operator_3.py for tasks to queue
[2025-11-02T19:22:03.372+0000] {logging_mixin.py:188} INFO - [2025-11-02T19:22:03.371+0000] {dagbag.py:538} INFO - Filling up the DagBag from /home/airflow/.local/lib/python3.8/site-packages/airflow/example_dags/example_branch_python_dop_operator_3.py
[2025-11-02T19:22:03.400+0000] {processor.py:840} INFO - DAG(s) 'example_branch_dop_operator_v3' retrieved from /home/airflow/.local/lib/python3.8/site-packages/airflow/example_dags/example_branch_python_dop_operator_3.py
[2025-11-02T19:22:03.448+0000] {logging_mixin.py:188} INFO - [2025-11-02T19:22:03.447+0000] {dag.py:3036} INFO - Sync 1 DAGs
[2025-11-02T19:22:03.511+0000] {logging_mixin.py:188} INFO - [2025-11-02T19:22:03.511+0000] {dag.py:3823} INFO - Setting next_dagrun for example_branch_dop_operator_v3 to 2025-11-02 19:21:00+00:00, run_after=2025-11-02 19:22:00+00:00
[2025-11-02T19:22:03.550+0000] {processor.py:183} INFO - Processing /home/airflow/.local/lib/python3.8/site-packages/airflow/example_dags/example_branch_python_dop_operator_3.py took 0.195 seconds
[2025-11-02T19:22:33.837+0000] {processor.py:161} INFO - Started process (PID=6269) to work on /home/airflow/.local/lib/python3.8/site-packages/airflow/example_dags/example_branch_python_dop_operator_3.py
[2025-11-02T19:22:33.841+0000] {processor.py:830} INFO - Processing file /home/airflow/.local/lib/python3.8/site-packages/airflow/example_dags/example_branch_python_dop_operator_3.py for tasks to queue
[2025-11-02T19:22:33.849+0000] {logging_mixin.py:188} INFO - [2025-11-02T19:22:33.848+0000] {dagbag.py:538} INFO - Filling up the DagBag from /home/airflow/.local/lib/python3.8/site-packages/airflow/example_dags/example_branch_python_dop_operator_3.py
[2025-11-02T19:22:33.890+0000] {processor.py:840} INFO - DAG(s) 'example_branch_dop_operator_v3' retrieved from /home/airflow/.local/lib/python3.8/site-packages/airflow/example_dags/example_branch_python_dop_operator_3.py
[2025-11-02T19:22:33.932+0000] {logging_mixin.py:188} INFO - [2025-11-02T19:22:33.931+0000] {dag.py:3036} INFO - Sync 1 DAGs
[2025-11-02T19:22:33.985+0000] {logging_mixin.py:188} INFO - [2025-11-02T19:22:33.984+0000] {dag.py:3823} INFO - Setting next_dagrun for example_branch_dop_operator_v3 to 2025-11-02 19:21:00+00:00, run_after=2025-11-02 19:22:00+00:00
[2025-11-02T19:22:34.026+0000] {processor.py:183} INFO - Processing /home/airflow/.local/lib/python3.8/site-packages/airflow/example_dags/example_branch_python_dop_operator_3.py took 0.199 seconds
[2025-11-02T19:23:04.976+0000] {processor.py:161} INFO - Started process (PID=6324) to work on /home/airflow/.local/lib/python3.8/site-packages/airflow/example_dags/example_branch_python_dop_operator_3.py
[2025-11-02T19:23:04.980+0000] {processor.py:830} INFO - Processing file /home/airflow/.local/lib/python3.8/site-packages/airflow/example_dags/example_branch_python_dop_operator_3.py for tasks to queue
[2025-11-02T19:23:04.987+0000] {logging_mixin.py:188} INFO - [2025-11-02T19:23:04.986+0000] {dagbag.py:538} INFO - Filling up the DagBag from /home/airflow/.local/lib/python3.8/site-packages/airflow/example_dags/example_branch_python_dop_operator_3.py
[2025-11-02T19:23:05.022+0000] {processor.py:840} INFO - DAG(s) 'example_branch_dop_operator_v3' retrieved from /home/airflow/.local/lib/python3.8/site-packages/airflow/example_dags/example_branch_python_dop_operator_3.py
[2025-11-02T19:23:05.077+0000] {logging_mixin.py:188} INFO - [2025-11-02T19:23:05.076+0000] {dag.py:3036} INFO - Sync 1 DAGs
[2025-11-02T19:23:05.149+0000] {logging_mixin.py:188} INFO - [2025-11-02T19:23:05.148+0000] {dag.py:3823} INFO - Setting next_dagrun for example_branch_dop_operator_v3 to 2025-11-02 19:22:00+00:00, run_after=2025-11-02 19:23:00+00:00
[2025-11-02T19:23:05.196+0000] {processor.py:183} INFO - Processing /home/airflow/.local/lib/python3.8/site-packages/airflow/example_dags/example_branch_python_dop_operator_3.py took 0.232 seconds
[2025-11-02T19:23:35.401+0000] {processor.py:161} INFO - Started process (PID=6379) to work on /home/airflow/.local/lib/python3.8/site-packages/airflow/example_dags/example_branch_python_dop_operator_3.py
[2025-11-02T19:23:35.405+0000] {processor.py:830} INFO - Processing file /home/airflow/.local/lib/python3.8/site-packages/airflow/example_dags/example_branch_python_dop_operator_3.py for tasks to queue
[2025-11-02T19:23:35.410+0000] {logging_mixin.py:188} INFO - [2025-11-02T19:23:35.410+0000] {dagbag.py:538} INFO - Filling up the DagBag from /home/airflow/.local/lib/python3.8/site-packages/airflow/example_dags/example_branch_python_dop_operator_3.py
[2025-11-02T19:23:35.430+0000] {processor.py:840} INFO - DAG(s) 'example_branch_dop_operator_v3' retrieved from /home/airflow/.local/lib/python3.8/site-packages/airflow/example_dags/example_branch_python_dop_operator_3.py
[2025-11-02T19:23:35.473+0000] {logging_mixin.py:188} INFO - [2025-11-02T19:23:35.472+0000] {dag.py:3036} INFO - Sync 1 DAGs
[2025-11-02T19:23:35.525+0000] {logging_mixin.py:188} INFO - [2025-11-02T19:23:35.524+0000] {dag.py:3823} INFO - Setting next_dagrun for example_branch_dop_operator_v3 to 2025-11-02 19:22:00+00:00, run_after=2025-11-02 19:23:00+00:00
[2025-11-02T19:23:35.566+0000] {processor.py:183} INFO - Processing /home/airflow/.local/lib/python3.8/site-packages/airflow/example_dags/example_branch_python_dop_operator_3.py took 0.173 seconds
[2025-11-02T19:24:06.381+0000] {processor.py:161} INFO - Started process (PID=6434) to work on /home/airflow/.local/lib/python3.8/site-packages/airflow/example_dags/example_branch_python_dop_operator_3.py
[2025-11-02T19:24:06.389+0000] {processor.py:830} INFO - Processing file /home/airflow/.local/lib/python3.8/site-packages/airflow/example_dags/example_branch_python_dop_operator_3.py for tasks to queue
[2025-11-02T19:24:06.425+0000] {logging_mixin.py:188} INFO - [2025-11-02T19:24:06.424+0000] {dagbag.py:538} INFO - Filling up the DagBag from /home/airflow/.local/lib/python3.8/site-packages/airflow/example_dags/example_branch_python_dop_operator_3.py
[2025-11-02T19:24:06.516+0000] {processor.py:840} INFO - DAG(s) 'example_branch_dop_operator_v3' retrieved from /home/airflow/.local/lib/python3.8/site-packages/airflow/example_dags/example_branch_python_dop_operator_3.py
[2025-11-02T19:24:06.704+0000] {logging_mixin.py:188} INFO - [2025-11-02T19:24:06.703+0000] {dag.py:3036} INFO - Sync 1 DAGs
[2025-11-02T19:24:07.101+0000] {logging_mixin.py:188} INFO - [2025-11-02T19:24:07.099+0000] {dag.py:3823} INFO - Setting next_dagrun for example_branch_dop_operator_v3 to 2025-11-02 19:23:00+00:00, run_after=2025-11-02 19:24:00+00:00
[2025-11-02T19:24:07.186+0000] {processor.py:183} INFO - Processing /home/airflow/.local/lib/python3.8/site-packages/airflow/example_dags/example_branch_python_dop_operator_3.py took 0.869 seconds
[2025-11-02T19:24:37.525+0000] {processor.py:161} INFO - Started process (PID=6489) to work on /home/airflow/.local/lib/python3.8/site-packages/airflow/example_dags/example_branch_python_dop_operator_3.py
[2025-11-02T19:24:37.529+0000] {processor.py:830} INFO - Processing file /home/airflow/.local/lib/python3.8/site-packages/airflow/example_dags/example_branch_python_dop_operator_3.py for tasks to queue
[2025-11-02T19:24:37.534+0000] {logging_mixin.py:188} INFO - [2025-11-02T19:24:37.534+0000] {dagbag.py:538} INFO - Filling up the DagBag from /home/airflow/.local/lib/python3.8/site-packages/airflow/example_dags/example_branch_python_dop_operator_3.py
[2025-11-02T19:24:37.575+0000] {processor.py:840} INFO - DAG(s) 'example_branch_dop_operator_v3' retrieved from /home/airflow/.local/lib/python3.8/site-packages/airflow/example_dags/example_branch_python_dop_operator_3.py
[2025-11-02T19:24:37.636+0000] {logging_mixin.py:188} INFO - [2025-11-02T19:24:37.636+0000] {dag.py:3036} INFO - Sync 1 DAGs
[2025-11-02T19:24:37.739+0000] {logging_mixin.py:188} INFO - [2025-11-02T19:24:37.738+0000] {dag.py:3823} INFO - Setting next_dagrun for example_branch_dop_operator_v3 to 2025-11-02 19:23:00+00:00, run_after=2025-11-02 19:24:00+00:00
[2025-11-02T19:24:37.784+0000] {processor.py:183} INFO - Processing /home/airflow/.local/lib/python3.8/site-packages/airflow/example_dags/example_branch_python_dop_operator_3.py took 0.271 seconds
[2025-11-02T19:25:07.927+0000] {processor.py:161} INFO - Started process (PID=6544) to work on /home/airflow/.local/lib/python3.8/site-packages/airflow/example_dags/example_branch_python_dop_operator_3.py
[2025-11-02T19:25:07.930+0000] {processor.py:830} INFO - Processing file /home/airflow/.local/lib/python3.8/site-packages/airflow/example_dags/example_branch_python_dop_operator_3.py for tasks to queue
[2025-11-02T19:25:07.938+0000] {logging_mixin.py:188} INFO - [2025-11-02T19:25:07.937+0000] {dagbag.py:538} INFO - Filling up the DagBag from /home/airflow/.local/lib/python3.8/site-packages/airflow/example_dags/example_branch_python_dop_operator_3.py
[2025-11-02T19:25:07.973+0000] {processor.py:840} INFO - DAG(s) 'example_branch_dop_operator_v3' retrieved from /home/airflow/.local/lib/python3.8/site-packages/airflow/example_dags/example_branch_python_dop_operator_3.py
[2025-11-02T19:25:08.051+0000] {logging_mixin.py:188} INFO - [2025-11-02T19:25:08.050+0000] {dag.py:3036} INFO - Sync 1 DAGs
[2025-11-02T19:25:08.138+0000] {logging_mixin.py:188} INFO - [2025-11-02T19:25:08.137+0000] {dag.py:3823} INFO - Setting next_dagrun for example_branch_dop_operator_v3 to 2025-11-02 19:24:00+00:00, run_after=2025-11-02 19:25:00+00:00
[2025-11-02T19:25:08.212+0000] {processor.py:183} INFO - Processing /home/airflow/.local/lib/python3.8/site-packages/airflow/example_dags/example_branch_python_dop_operator_3.py took 0.299 seconds
[2025-11-02T19:25:38.510+0000] {processor.py:161} INFO - Started process (PID=6598) to work on /home/airflow/.local/lib/python3.8/site-packages/airflow/example_dags/example_branch_python_dop_operator_3.py
[2025-11-02T19:25:38.514+0000] {processor.py:830} INFO - Processing file /home/airflow/.local/lib/python3.8/site-packages/airflow/example_dags/example_branch_python_dop_operator_3.py for tasks to queue
[2025-11-02T19:25:38.521+0000] {logging_mixin.py:188} INFO - [2025-11-02T19:25:38.520+0000] {dagbag.py:538} INFO - Filling up the DagBag from /home/airflow/.local/lib/python3.8/site-packages/airflow/example_dags/example_branch_python_dop_operator_3.py
[2025-11-02T19:25:38.617+0000] {processor.py:840} INFO - DAG(s) 'example_branch_dop_operator_v3' retrieved from /home/airflow/.local/lib/python3.8/site-packages/airflow/example_dags/example_branch_python_dop_operator_3.py
[2025-11-02T19:25:38.791+0000] {logging_mixin.py:188} INFO - [2025-11-02T19:25:38.789+0000] {dag.py:3036} INFO - Sync 1 DAGs
[2025-11-02T19:25:38.925+0000] {logging_mixin.py:188} INFO - [2025-11-02T19:25:38.924+0000] {dag.py:3823} INFO - Setting next_dagrun for example_branch_dop_operator_v3 to 2025-11-02 19:24:00+00:00, run_after=2025-11-02 19:25:00+00:00
[2025-11-02T19:25:39.053+0000] {processor.py:183} INFO - Processing /home/airflow/.local/lib/python3.8/site-packages/airflow/example_dags/example_branch_python_dop_operator_3.py took 0.570 seconds
[2025-11-02T19:26:10.083+0000] {processor.py:161} INFO - Started process (PID=6654) to work on /home/airflow/.local/lib/python3.8/site-packages/airflow/example_dags/example_branch_python_dop_operator_3.py
[2025-11-02T19:26:10.092+0000] {processor.py:830} INFO - Processing file /home/airflow/.local/lib/python3.8/site-packages/airflow/example_dags/example_branch_python_dop_operator_3.py for tasks to queue
[2025-11-02T19:26:10.100+0000] {logging_mixin.py:188} INFO - [2025-11-02T19:26:10.099+0000] {dagbag.py:538} INFO - Filling up the DagBag from /home/airflow/.local/lib/python3.8/site-packages/airflow/example_dags/example_branch_python_dop_operator_3.py
[2025-11-02T19:26:10.169+0000] {processor.py:840} INFO - DAG(s) 'example_branch_dop_operator_v3' retrieved from /home/airflow/.local/lib/python3.8/site-packages/airflow/example_dags/example_branch_python_dop_operator_3.py
[2025-11-02T19:26:10.293+0000] {logging_mixin.py:188} INFO - [2025-11-02T19:26:10.284+0000] {dag.py:3036} INFO - Sync 1 DAGs
[2025-11-02T19:26:10.472+0000] {logging_mixin.py:188} INFO - [2025-11-02T19:26:10.472+0000] {dag.py:3823} INFO - Setting next_dagrun for example_branch_dop_operator_v3 to 2025-11-02 19:25:00+00:00, run_after=2025-11-02 19:26:00+00:00
[2025-11-02T19:26:10.564+0000] {processor.py:183} INFO - Processing /home/airflow/.local/lib/python3.8/site-packages/airflow/example_dags/example_branch_python_dop_operator_3.py took 0.505 seconds
[2025-11-02T19:26:40.901+0000] {processor.py:161} INFO - Started process (PID=6709) to work on /home/airflow/.local/lib/python3.8/site-packages/airflow/example_dags/example_branch_python_dop_operator_3.py
[2025-11-02T19:26:40.904+0000] {processor.py:830} INFO - Processing file /home/airflow/.local/lib/python3.8/site-packages/airflow/example_dags/example_branch_python_dop_operator_3.py for tasks to queue
[2025-11-02T19:26:40.909+0000] {logging_mixin.py:188} INFO - [2025-11-02T19:26:40.908+0000] {dagbag.py:538} INFO - Filling up the DagBag from /home/airflow/.local/lib/python3.8/site-packages/airflow/example_dags/example_branch_python_dop_operator_3.py
[2025-11-02T19:26:40.932+0000] {processor.py:840} INFO - DAG(s) 'example_branch_dop_operator_v3' retrieved from /home/airflow/.local/lib/python3.8/site-packages/airflow/example_dags/example_branch_python_dop_operator_3.py
[2025-11-02T19:26:40.977+0000] {logging_mixin.py:188} INFO - [2025-11-02T19:26:40.976+0000] {dag.py:3036} INFO - Sync 1 DAGs
[2025-11-02T19:26:41.032+0000] {logging_mixin.py:188} INFO - [2025-11-02T19:26:41.032+0000] {dag.py:3823} INFO - Setting next_dagrun for example_branch_dop_operator_v3 to 2025-11-02 19:25:00+00:00, run_after=2025-11-02 19:26:00+00:00
[2025-11-02T19:26:41.070+0000] {processor.py:183} INFO - Processing /home/airflow/.local/lib/python3.8/site-packages/airflow/example_dags/example_branch_python_dop_operator_3.py took 0.179 seconds
[2025-11-02T19:27:11.199+0000] {processor.py:161} INFO - Started process (PID=6764) to work on /home/airflow/.local/lib/python3.8/site-packages/airflow/example_dags/example_branch_python_dop_operator_3.py
[2025-11-02T19:27:11.202+0000] {processor.py:830} INFO - Processing file /home/airflow/.local/lib/python3.8/site-packages/airflow/example_dags/example_branch_python_dop_operator_3.py for tasks to queue
[2025-11-02T19:27:11.208+0000] {logging_mixin.py:188} INFO - [2025-11-02T19:27:11.207+0000] {dagbag.py:538} INFO - Filling up the DagBag from /home/airflow/.local/lib/python3.8/site-packages/airflow/example_dags/example_branch_python_dop_operator_3.py
[2025-11-02T19:27:11.237+0000] {processor.py:840} INFO - DAG(s) 'example_branch_dop_operator_v3' retrieved from /home/airflow/.local/lib/python3.8/site-packages/airflow/example_dags/example_branch_python_dop_operator_3.py
[2025-11-02T19:27:11.303+0000] {logging_mixin.py:188} INFO - [2025-11-02T19:27:11.303+0000] {dag.py:3036} INFO - Sync 1 DAGs
[2025-11-02T19:27:11.420+0000] {logging_mixin.py:188} INFO - [2025-11-02T19:27:11.420+0000] {dag.py:3823} INFO - Setting next_dagrun for example_branch_dop_operator_v3 to 2025-11-02 19:26:00+00:00, run_after=2025-11-02 19:27:00+00:00
[2025-11-02T19:27:11.474+0000] {processor.py:183} INFO - Processing /home/airflow/.local/lib/python3.8/site-packages/airflow/example_dags/example_branch_python_dop_operator_3.py took 0.287 seconds
[2025-11-02T19:27:41.634+0000] {processor.py:161} INFO - Started process (PID=6820) to work on /home/airflow/.local/lib/python3.8/site-packages/airflow/example_dags/example_branch_python_dop_operator_3.py
[2025-11-02T19:27:41.637+0000] {processor.py:830} INFO - Processing file /home/airflow/.local/lib/python3.8/site-packages/airflow/example_dags/example_branch_python_dop_operator_3.py for tasks to queue
[2025-11-02T19:27:41.642+0000] {logging_mixin.py:188} INFO - [2025-11-02T19:27:41.641+0000] {dagbag.py:538} INFO - Filling up the DagBag from /home/airflow/.local/lib/python3.8/site-packages/airflow/example_dags/example_branch_python_dop_operator_3.py
[2025-11-02T19:27:41.670+0000] {processor.py:840} INFO - DAG(s) 'example_branch_dop_operator_v3' retrieved from /home/airflow/.local/lib/python3.8/site-packages/airflow/example_dags/example_branch_python_dop_operator_3.py
[2025-11-02T19:27:41.723+0000] {logging_mixin.py:188} INFO - [2025-11-02T19:27:41.722+0000] {dag.py:3036} INFO - Sync 1 DAGs
[2025-11-02T19:27:41.783+0000] {logging_mixin.py:188} INFO - [2025-11-02T19:27:41.782+0000] {dag.py:3823} INFO - Setting next_dagrun for example_branch_dop_operator_v3 to 2025-11-02 19:26:00+00:00, run_after=2025-11-02 19:27:00+00:00
[2025-11-02T19:27:41.833+0000] {processor.py:183} INFO - Processing /home/airflow/.local/lib/python3.8/site-packages/airflow/example_dags/example_branch_python_dop_operator_3.py took 0.209 seconds
[2025-11-02T19:28:12.633+0000] {processor.py:161} INFO - Started process (PID=6875) to work on /home/airflow/.local/lib/python3.8/site-packages/airflow/example_dags/example_branch_python_dop_operator_3.py
[2025-11-02T19:28:12.636+0000] {processor.py:830} INFO - Processing file /home/airflow/.local/lib/python3.8/site-packages/airflow/example_dags/example_branch_python_dop_operator_3.py for tasks to queue
[2025-11-02T19:28:12.643+0000] {logging_mixin.py:188} INFO - [2025-11-02T19:28:12.642+0000] {dagbag.py:538} INFO - Filling up the DagBag from /home/airflow/.local/lib/python3.8/site-packages/airflow/example_dags/example_branch_python_dop_operator_3.py
[2025-11-02T19:28:12.677+0000] {processor.py:840} INFO - DAG(s) 'example_branch_dop_operator_v3' retrieved from /home/airflow/.local/lib/python3.8/site-packages/airflow/example_dags/example_branch_python_dop_operator_3.py
[2025-11-02T19:28:12.736+0000] {logging_mixin.py:188} INFO - [2025-11-02T19:28:12.735+0000] {dag.py:3036} INFO - Sync 1 DAGs
[2025-11-02T19:28:12.811+0000] {logging_mixin.py:188} INFO - [2025-11-02T19:28:12.810+0000] {dag.py:3823} INFO - Setting next_dagrun for example_branch_dop_operator_v3 to 2025-11-02 19:27:00+00:00, run_after=2025-11-02 19:28:00+00:00
[2025-11-02T19:28:12.856+0000] {processor.py:183} INFO - Processing /home/airflow/.local/lib/python3.8/site-packages/airflow/example_dags/example_branch_python_dop_operator_3.py took 0.234 seconds
[2025-11-02T19:28:43.773+0000] {processor.py:161} INFO - Started process (PID=6930) to work on /home/airflow/.local/lib/python3.8/site-packages/airflow/example_dags/example_branch_python_dop_operator_3.py
[2025-11-02T19:28:43.811+0000] {processor.py:830} INFO - Processing file /home/airflow/.local/lib/python3.8/site-packages/airflow/example_dags/example_branch_python_dop_operator_3.py for tasks to queue
[2025-11-02T19:28:43.828+0000] {logging_mixin.py:188} INFO - [2025-11-02T19:28:43.827+0000] {dagbag.py:538} INFO - Filling up the DagBag from /home/airflow/.local/lib/python3.8/site-packages/airflow/example_dags/example_branch_python_dop_operator_3.py
[2025-11-02T19:28:43.900+0000] {processor.py:840} INFO - DAG(s) 'example_branch_dop_operator_v3' retrieved from /home/airflow/.local/lib/python3.8/site-packages/airflow/example_dags/example_branch_python_dop_operator_3.py
[2025-11-02T19:28:44.023+0000] {logging_mixin.py:188} INFO - [2025-11-02T19:28:44.023+0000] {dag.py:3036} INFO - Sync 1 DAGs
[2025-11-02T19:28:44.141+0000] {logging_mixin.py:188} INFO - [2025-11-02T19:28:44.141+0000] {dag.py:3823} INFO - Setting next_dagrun for example_branch_dop_operator_v3 to 2025-11-02 19:27:00+00:00, run_after=2025-11-02 19:28:00+00:00
[2025-11-02T19:28:44.274+0000] {processor.py:183} INFO - Processing /home/airflow/.local/lib/python3.8/site-packages/airflow/example_dags/example_branch_python_dop_operator_3.py took 0.524 seconds
[2025-11-02T19:29:14.510+0000] {processor.py:161} INFO - Started process (PID=6984) to work on /home/airflow/.local/lib/python3.8/site-packages/airflow/example_dags/example_branch_python_dop_operator_3.py
[2025-11-02T19:29:14.513+0000] {processor.py:830} INFO - Processing file /home/airflow/.local/lib/python3.8/site-packages/airflow/example_dags/example_branch_python_dop_operator_3.py for tasks to queue
[2025-11-02T19:29:14.518+0000] {logging_mixin.py:188} INFO - [2025-11-02T19:29:14.517+0000] {dagbag.py:538} INFO - Filling up the DagBag from /home/airflow/.local/lib/python3.8/site-packages/airflow/example_dags/example_branch_python_dop_operator_3.py
[2025-11-02T19:29:14.538+0000] {processor.py:840} INFO - DAG(s) 'example_branch_dop_operator_v3' retrieved from /home/airflow/.local/lib/python3.8/site-packages/airflow/example_dags/example_branch_python_dop_operator_3.py
[2025-11-02T19:29:14.583+0000] {logging_mixin.py:188} INFO - [2025-11-02T19:29:14.582+0000] {dag.py:3036} INFO - Sync 1 DAGs
[2025-11-02T19:29:14.634+0000] {logging_mixin.py:188} INFO - [2025-11-02T19:29:14.633+0000] {dag.py:3823} INFO - Setting next_dagrun for example_branch_dop_operator_v3 to 2025-11-02 19:28:00+00:00, run_after=2025-11-02 19:29:00+00:00
[2025-11-02T19:29:14.674+0000] {processor.py:183} INFO - Processing /home/airflow/.local/lib/python3.8/site-packages/airflow/example_dags/example_branch_python_dop_operator_3.py took 0.174 seconds
[2025-11-02T19:29:44.763+0000] {processor.py:161} INFO - Started process (PID=7040) to work on /home/airflow/.local/lib/python3.8/site-packages/airflow/example_dags/example_branch_python_dop_operator_3.py
[2025-11-02T19:29:44.766+0000] {processor.py:830} INFO - Processing file /home/airflow/.local/lib/python3.8/site-packages/airflow/example_dags/example_branch_python_dop_operator_3.py for tasks to queue
[2025-11-02T19:29:44.770+0000] {logging_mixin.py:188} INFO - [2025-11-02T19:29:44.770+0000] {dagbag.py:538} INFO - Filling up the DagBag from /home/airflow/.local/lib/python3.8/site-packages/airflow/example_dags/example_branch_python_dop_operator_3.py
[2025-11-02T19:29:44.790+0000] {processor.py:840} INFO - DAG(s) 'example_branch_dop_operator_v3' retrieved from /home/airflow/.local/lib/python3.8/site-packages/airflow/example_dags/example_branch_python_dop_operator_3.py
[2025-11-02T19:29:44.834+0000] {logging_mixin.py:188} INFO - [2025-11-02T19:29:44.834+0000] {dag.py:3036} INFO - Sync 1 DAGs
[2025-11-02T19:29:44.884+0000] {logging_mixin.py:188} INFO - [2025-11-02T19:29:44.884+0000] {dag.py:3823} INFO - Setting next_dagrun for example_branch_dop_operator_v3 to 2025-11-02 19:28:00+00:00, run_after=2025-11-02 19:29:00+00:00
[2025-11-02T19:29:44.921+0000] {processor.py:183} INFO - Processing /home/airflow/.local/lib/python3.8/site-packages/airflow/example_dags/example_branch_python_dop_operator_3.py took 0.167 seconds
[2025-11-02T19:30:15.564+0000] {processor.py:161} INFO - Started process (PID=7095) to work on /home/airflow/.local/lib/python3.8/site-packages/airflow/example_dags/example_branch_python_dop_operator_3.py
[2025-11-02T19:30:15.567+0000] {processor.py:830} INFO - Processing file /home/airflow/.local/lib/python3.8/site-packages/airflow/example_dags/example_branch_python_dop_operator_3.py for tasks to queue
[2025-11-02T19:30:15.572+0000] {logging_mixin.py:188} INFO - [2025-11-02T19:30:15.572+0000] {dagbag.py:538} INFO - Filling up the DagBag from /home/airflow/.local/lib/python3.8/site-packages/airflow/example_dags/example_branch_python_dop_operator_3.py
[2025-11-02T19:30:15.601+0000] {processor.py:840} INFO - DAG(s) 'example_branch_dop_operator_v3' retrieved from /home/airflow/.local/lib/python3.8/site-packages/airflow/example_dags/example_branch_python_dop_operator_3.py
[2025-11-02T19:30:15.663+0000] {logging_mixin.py:188} INFO - [2025-11-02T19:30:15.663+0000] {dag.py:3036} INFO - Sync 1 DAGs
[2025-11-02T19:30:15.736+0000] {logging_mixin.py:188} INFO - [2025-11-02T19:30:15.735+0000] {dag.py:3823} INFO - Setting next_dagrun for example_branch_dop_operator_v3 to 2025-11-02 19:29:00+00:00, run_after=2025-11-02 19:30:00+00:00
[2025-11-02T19:30:15.815+0000] {processor.py:183} INFO - Processing /home/airflow/.local/lib/python3.8/site-packages/airflow/example_dags/example_branch_python_dop_operator_3.py took 0.261 seconds
[2025-11-02T19:30:45.940+0000] {processor.py:161} INFO - Started process (PID=7150) to work on /home/airflow/.local/lib/python3.8/site-packages/airflow/example_dags/example_branch_python_dop_operator_3.py
[2025-11-02T19:30:45.943+0000] {processor.py:830} INFO - Processing file /home/airflow/.local/lib/python3.8/site-packages/airflow/example_dags/example_branch_python_dop_operator_3.py for tasks to queue
[2025-11-02T19:30:45.948+0000] {logging_mixin.py:188} INFO - [2025-11-02T19:30:45.947+0000] {dagbag.py:538} INFO - Filling up the DagBag from /home/airflow/.local/lib/python3.8/site-packages/airflow/example_dags/example_branch_python_dop_operator_3.py
[2025-11-02T19:30:45.977+0000] {processor.py:840} INFO - DAG(s) 'example_branch_dop_operator_v3' retrieved from /home/airflow/.local/lib/python3.8/site-packages/airflow/example_dags/example_branch_python_dop_operator_3.py
[2025-11-02T19:30:46.041+0000] {logging_mixin.py:188} INFO - [2025-11-02T19:30:46.041+0000] {dag.py:3036} INFO - Sync 1 DAGs
[2025-11-02T19:30:46.112+0000] {logging_mixin.py:188} INFO - [2025-11-02T19:30:46.112+0000] {dag.py:3823} INFO - Setting next_dagrun for example_branch_dop_operator_v3 to 2025-11-02 19:29:00+00:00, run_after=2025-11-02 19:30:00+00:00
[2025-11-02T19:30:46.156+0000] {processor.py:183} INFO - Processing /home/airflow/.local/lib/python3.8/site-packages/airflow/example_dags/example_branch_python_dop_operator_3.py took 0.225 seconds
[2025-11-02T19:31:16.318+0000] {processor.py:161} INFO - Started process (PID=7205) to work on /home/airflow/.local/lib/python3.8/site-packages/airflow/example_dags/example_branch_python_dop_operator_3.py
[2025-11-02T19:31:16.320+0000] {processor.py:830} INFO - Processing file /home/airflow/.local/lib/python3.8/site-packages/airflow/example_dags/example_branch_python_dop_operator_3.py for tasks to queue
[2025-11-02T19:31:16.326+0000] {logging_mixin.py:188} INFO - [2025-11-02T19:31:16.325+0000] {dagbag.py:538} INFO - Filling up the DagBag from /home/airflow/.local/lib/python3.8/site-packages/airflow/example_dags/example_branch_python_dop_operator_3.py
[2025-11-02T19:31:16.351+0000] {processor.py:840} INFO - DAG(s) 'example_branch_dop_operator_v3' retrieved from /home/airflow/.local/lib/python3.8/site-packages/airflow/example_dags/example_branch_python_dop_operator_3.py
[2025-11-02T19:31:16.425+0000] {logging_mixin.py:188} INFO - [2025-11-02T19:31:16.423+0000] {dag.py:3036} INFO - Sync 1 DAGs
[2025-11-02T19:31:16.575+0000] {logging_mixin.py:188} INFO - [2025-11-02T19:31:16.574+0000] {dag.py:3823} INFO - Setting next_dagrun for example_branch_dop_operator_v3 to 2025-11-02 19:30:00+00:00, run_after=2025-11-02 19:31:00+00:00
[2025-11-02T19:31:16.663+0000] {processor.py:183} INFO - Processing /home/airflow/.local/lib/python3.8/site-packages/airflow/example_dags/example_branch_python_dop_operator_3.py took 0.355 seconds
[2025-11-02T19:31:47.149+0000] {processor.py:161} INFO - Started process (PID=7260) to work on /home/airflow/.local/lib/python3.8/site-packages/airflow/example_dags/example_branch_python_dop_operator_3.py
[2025-11-02T19:31:47.152+0000] {processor.py:830} INFO - Processing file /home/airflow/.local/lib/python3.8/site-packages/airflow/example_dags/example_branch_python_dop_operator_3.py for tasks to queue
[2025-11-02T19:31:47.158+0000] {logging_mixin.py:188} INFO - [2025-11-02T19:31:47.157+0000] {dagbag.py:538} INFO - Filling up the DagBag from /home/airflow/.local/lib/python3.8/site-packages/airflow/example_dags/example_branch_python_dop_operator_3.py
[2025-11-02T19:31:47.181+0000] {processor.py:840} INFO - DAG(s) 'example_branch_dop_operator_v3' retrieved from /home/airflow/.local/lib/python3.8/site-packages/airflow/example_dags/example_branch_python_dop_operator_3.py
[2025-11-02T19:31:47.232+0000] {logging_mixin.py:188} INFO - [2025-11-02T19:31:47.231+0000] {dag.py:3036} INFO - Sync 1 DAGs
[2025-11-02T19:31:47.296+0000] {logging_mixin.py:188} INFO - [2025-11-02T19:31:47.296+0000] {dag.py:3823} INFO - Setting next_dagrun for example_branch_dop_operator_v3 to 2025-11-02 19:30:00+00:00, run_after=2025-11-02 19:31:00+00:00
[2025-11-02T19:31:47.338+0000] {processor.py:183} INFO - Processing /home/airflow/.local/lib/python3.8/site-packages/airflow/example_dags/example_branch_python_dop_operator_3.py took 0.198 seconds
[2025-11-02T19:32:17.866+0000] {processor.py:161} INFO - Started process (PID=7315) to work on /home/airflow/.local/lib/python3.8/site-packages/airflow/example_dags/example_branch_python_dop_operator_3.py
[2025-11-02T19:32:17.868+0000] {processor.py:830} INFO - Processing file /home/airflow/.local/lib/python3.8/site-packages/airflow/example_dags/example_branch_python_dop_operator_3.py for tasks to queue
[2025-11-02T19:32:17.875+0000] {logging_mixin.py:188} INFO - [2025-11-02T19:32:17.874+0000] {dagbag.py:538} INFO - Filling up the DagBag from /home/airflow/.local/lib/python3.8/site-packages/airflow/example_dags/example_branch_python_dop_operator_3.py
[2025-11-02T19:32:17.906+0000] {processor.py:840} INFO - DAG(s) 'example_branch_dop_operator_v3' retrieved from /home/airflow/.local/lib/python3.8/site-packages/airflow/example_dags/example_branch_python_dop_operator_3.py
[2025-11-02T19:32:17.963+0000] {logging_mixin.py:188} INFO - [2025-11-02T19:32:17.963+0000] {dag.py:3036} INFO - Sync 1 DAGs
[2025-11-02T19:32:18.046+0000] {logging_mixin.py:188} INFO - [2025-11-02T19:32:18.046+0000] {dag.py:3823} INFO - Setting next_dagrun for example_branch_dop_operator_v3 to 2025-11-02 19:31:00+00:00, run_after=2025-11-02 19:32:00+00:00
[2025-11-02T19:32:18.115+0000] {processor.py:183} INFO - Processing /home/airflow/.local/lib/python3.8/site-packages/airflow/example_dags/example_branch_python_dop_operator_3.py took 0.262 seconds
[2025-11-02T19:32:48.430+0000] {processor.py:161} INFO - Started process (PID=7370) to work on /home/airflow/.local/lib/python3.8/site-packages/airflow/example_dags/example_branch_python_dop_operator_3.py
[2025-11-02T19:32:48.433+0000] {processor.py:830} INFO - Processing file /home/airflow/.local/lib/python3.8/site-packages/airflow/example_dags/example_branch_python_dop_operator_3.py for tasks to queue
[2025-11-02T19:32:48.438+0000] {logging_mixin.py:188} INFO - [2025-11-02T19:32:48.438+0000] {dagbag.py:538} INFO - Filling up the DagBag from /home/airflow/.local/lib/python3.8/site-packages/airflow/example_dags/example_branch_python_dop_operator_3.py
[2025-11-02T19:32:48.458+0000] {processor.py:840} INFO - DAG(s) 'example_branch_dop_operator_v3' retrieved from /home/airflow/.local/lib/python3.8/site-packages/airflow/example_dags/example_branch_python_dop_operator_3.py
[2025-11-02T19:32:48.504+0000] {logging_mixin.py:188} INFO - [2025-11-02T19:32:48.504+0000] {dag.py:3036} INFO - Sync 1 DAGs
[2025-11-02T19:32:48.555+0000] {logging_mixin.py:188} INFO - [2025-11-02T19:32:48.555+0000] {dag.py:3823} INFO - Setting next_dagrun for example_branch_dop_operator_v3 to 2025-11-02 19:31:00+00:00, run_after=2025-11-02 19:32:00+00:00
[2025-11-02T19:32:48.600+0000] {processor.py:183} INFO - Processing /home/airflow/.local/lib/python3.8/site-packages/airflow/example_dags/example_branch_python_dop_operator_3.py took 0.178 seconds
[2025-11-02T19:33:18.844+0000] {processor.py:161} INFO - Started process (PID=7424) to work on /home/airflow/.local/lib/python3.8/site-packages/airflow/example_dags/example_branch_python_dop_operator_3.py
[2025-11-02T19:33:18.847+0000] {processor.py:830} INFO - Processing file /home/airflow/.local/lib/python3.8/site-packages/airflow/example_dags/example_branch_python_dop_operator_3.py for tasks to queue
[2025-11-02T19:33:18.851+0000] {logging_mixin.py:188} INFO - [2025-11-02T19:33:18.851+0000] {dagbag.py:538} INFO - Filling up the DagBag from /home/airflow/.local/lib/python3.8/site-packages/airflow/example_dags/example_branch_python_dop_operator_3.py
[2025-11-02T19:33:18.876+0000] {processor.py:840} INFO - DAG(s) 'example_branch_dop_operator_v3' retrieved from /home/airflow/.local/lib/python3.8/site-packages/airflow/example_dags/example_branch_python_dop_operator_3.py
[2025-11-02T19:33:18.931+0000] {logging_mixin.py:188} INFO - [2025-11-02T19:33:18.930+0000] {dag.py:3036} INFO - Sync 1 DAGs
[2025-11-02T19:33:18.996+0000] {logging_mixin.py:188} INFO - [2025-11-02T19:33:18.996+0000] {dag.py:3823} INFO - Setting next_dagrun for example_branch_dop_operator_v3 to 2025-11-02 19:32:00+00:00, run_after=2025-11-02 19:33:00+00:00
[2025-11-02T19:33:19.102+0000] {processor.py:183} INFO - Processing /home/airflow/.local/lib/python3.8/site-packages/airflow/example_dags/example_branch_python_dop_operator_3.py took 0.274 seconds
[2025-11-02T19:33:49.498+0000] {processor.py:161} INFO - Started process (PID=7480) to work on /home/airflow/.local/lib/python3.8/site-packages/airflow/example_dags/example_branch_python_dop_operator_3.py
[2025-11-02T19:33:49.501+0000] {processor.py:830} INFO - Processing file /home/airflow/.local/lib/python3.8/site-packages/airflow/example_dags/example_branch_python_dop_operator_3.py for tasks to queue
[2025-11-02T19:33:49.508+0000] {logging_mixin.py:188} INFO - [2025-11-02T19:33:49.507+0000] {dagbag.py:538} INFO - Filling up the DagBag from /home/airflow/.local/lib/python3.8/site-packages/airflow/example_dags/example_branch_python_dop_operator_3.py
[2025-11-02T19:33:49.543+0000] {processor.py:840} INFO - DAG(s) 'example_branch_dop_operator_v3' retrieved from /home/airflow/.local/lib/python3.8/site-packages/airflow/example_dags/example_branch_python_dop_operator_3.py
[2025-11-02T19:33:49.605+0000] {logging_mixin.py:188} INFO - [2025-11-02T19:33:49.605+0000] {dag.py:3036} INFO - Sync 1 DAGs
[2025-11-02T19:33:49.676+0000] {logging_mixin.py:188} INFO - [2025-11-02T19:33:49.675+0000] {dag.py:3823} INFO - Setting next_dagrun for example_branch_dop_operator_v3 to 2025-11-02 19:32:00+00:00, run_after=2025-11-02 19:33:00+00:00
[2025-11-02T19:33:49.727+0000] {processor.py:183} INFO - Processing /home/airflow/.local/lib/python3.8/site-packages/airflow/example_dags/example_branch_python_dop_operator_3.py took 0.238 seconds
[2025-11-02T19:34:20.288+0000] {processor.py:161} INFO - Started process (PID=7534) to work on /home/airflow/.local/lib/python3.8/site-packages/airflow/example_dags/example_branch_python_dop_operator_3.py
[2025-11-02T19:34:20.296+0000] {processor.py:830} INFO - Processing file /home/airflow/.local/lib/python3.8/site-packages/airflow/example_dags/example_branch_python_dop_operator_3.py for tasks to queue
[2025-11-02T19:34:20.303+0000] {logging_mixin.py:188} INFO - [2025-11-02T19:34:20.301+0000] {dagbag.py:538} INFO - Filling up the DagBag from /home/airflow/.local/lib/python3.8/site-packages/airflow/example_dags/example_branch_python_dop_operator_3.py
[2025-11-02T19:34:20.353+0000] {processor.py:840} INFO - DAG(s) 'example_branch_dop_operator_v3' retrieved from /home/airflow/.local/lib/python3.8/site-packages/airflow/example_dags/example_branch_python_dop_operator_3.py
[2025-11-02T19:34:20.446+0000] {logging_mixin.py:188} INFO - [2025-11-02T19:34:20.446+0000] {dag.py:3036} INFO - Sync 1 DAGs
[2025-11-02T19:34:20.540+0000] {logging_mixin.py:188} INFO - [2025-11-02T19:34:20.540+0000] {dag.py:3823} INFO - Setting next_dagrun for example_branch_dop_operator_v3 to 2025-11-02 19:33:00+00:00, run_after=2025-11-02 19:34:00+00:00
[2025-11-02T19:34:20.620+0000] {processor.py:183} INFO - Processing /home/airflow/.local/lib/python3.8/site-packages/airflow/example_dags/example_branch_python_dop_operator_3.py took 0.346 seconds
[2025-11-02T19:34:51.052+0000] {processor.py:161} INFO - Started process (PID=7589) to work on /home/airflow/.local/lib/python3.8/site-packages/airflow/example_dags/example_branch_python_dop_operator_3.py
[2025-11-02T19:34:51.054+0000] {processor.py:830} INFO - Processing file /home/airflow/.local/lib/python3.8/site-packages/airflow/example_dags/example_branch_python_dop_operator_3.py for tasks to queue
[2025-11-02T19:34:51.060+0000] {logging_mixin.py:188} INFO - [2025-11-02T19:34:51.059+0000] {dagbag.py:538} INFO - Filling up the DagBag from /home/airflow/.local/lib/python3.8/site-packages/airflow/example_dags/example_branch_python_dop_operator_3.py
[2025-11-02T19:34:51.080+0000] {processor.py:840} INFO - DAG(s) 'example_branch_dop_operator_v3' retrieved from /home/airflow/.local/lib/python3.8/site-packages/airflow/example_dags/example_branch_python_dop_operator_3.py
[2025-11-02T19:34:51.125+0000] {logging_mixin.py:188} INFO - [2025-11-02T19:34:51.124+0000] {dag.py:3036} INFO - Sync 1 DAGs
[2025-11-02T19:34:51.175+0000] {logging_mixin.py:188} INFO - [2025-11-02T19:34:51.175+0000] {dag.py:3823} INFO - Setting next_dagrun for example_branch_dop_operator_v3 to 2025-11-02 19:33:00+00:00, run_after=2025-11-02 19:34:00+00:00
[2025-11-02T19:34:51.215+0000] {processor.py:183} INFO - Processing /home/airflow/.local/lib/python3.8/site-packages/airflow/example_dags/example_branch_python_dop_operator_3.py took 0.171 seconds
[2025-11-02T19:35:21.686+0000] {processor.py:161} INFO - Started process (PID=7644) to work on /home/airflow/.local/lib/python3.8/site-packages/airflow/example_dags/example_branch_python_dop_operator_3.py
[2025-11-02T19:35:21.690+0000] {processor.py:830} INFO - Processing file /home/airflow/.local/lib/python3.8/site-packages/airflow/example_dags/example_branch_python_dop_operator_3.py for tasks to queue
[2025-11-02T19:35:21.696+0000] {logging_mixin.py:188} INFO - [2025-11-02T19:35:21.695+0000] {dagbag.py:538} INFO - Filling up the DagBag from /home/airflow/.local/lib/python3.8/site-packages/airflow/example_dags/example_branch_python_dop_operator_3.py
[2025-11-02T19:35:21.724+0000] {processor.py:840} INFO - DAG(s) 'example_branch_dop_operator_v3' retrieved from /home/airflow/.local/lib/python3.8/site-packages/airflow/example_dags/example_branch_python_dop_operator_3.py
[2025-11-02T19:35:21.790+0000] {logging_mixin.py:188} INFO - [2025-11-02T19:35:21.790+0000] {dag.py:3036} INFO - Sync 1 DAGs
[2025-11-02T19:35:21.861+0000] {logging_mixin.py:188} INFO - [2025-11-02T19:35:21.860+0000] {dag.py:3823} INFO - Setting next_dagrun for example_branch_dop_operator_v3 to 2025-11-02 19:34:00+00:00, run_after=2025-11-02 19:35:00+00:00
[2025-11-02T19:35:21.921+0000] {processor.py:183} INFO - Processing /home/airflow/.local/lib/python3.8/site-packages/airflow/example_dags/example_branch_python_dop_operator_3.py took 0.243 seconds
[2025-11-02T19:35:52.581+0000] {processor.py:161} INFO - Started process (PID=7699) to work on /home/airflow/.local/lib/python3.8/site-packages/airflow/example_dags/example_branch_python_dop_operator_3.py
[2025-11-02T19:35:52.584+0000] {processor.py:830} INFO - Processing file /home/airflow/.local/lib/python3.8/site-packages/airflow/example_dags/example_branch_python_dop_operator_3.py for tasks to queue
[2025-11-02T19:35:52.590+0000] {logging_mixin.py:188} INFO - [2025-11-02T19:35:52.589+0000] {dagbag.py:538} INFO - Filling up the DagBag from /home/airflow/.local/lib/python3.8/site-packages/airflow/example_dags/example_branch_python_dop_operator_3.py
[2025-11-02T19:35:52.618+0000] {processor.py:840} INFO - DAG(s) 'example_branch_dop_operator_v3' retrieved from /home/airflow/.local/lib/python3.8/site-packages/airflow/example_dags/example_branch_python_dop_operator_3.py
[2025-11-02T19:35:52.677+0000] {logging_mixin.py:188} INFO - [2025-11-02T19:35:52.676+0000] {dag.py:3036} INFO - Sync 1 DAGs
[2025-11-02T19:35:52.733+0000] {logging_mixin.py:188} INFO - [2025-11-02T19:35:52.732+0000] {dag.py:3823} INFO - Setting next_dagrun for example_branch_dop_operator_v3 to 2025-11-02 19:34:00+00:00, run_after=2025-11-02 19:35:00+00:00
[2025-11-02T19:35:52.776+0000] {processor.py:183} INFO - Processing /home/airflow/.local/lib/python3.8/site-packages/airflow/example_dags/example_branch_python_dop_operator_3.py took 0.205 seconds
[2025-11-02T19:36:24.582+0000] {processor.py:161} INFO - Started process (PID=7753) to work on /home/airflow/.local/lib/python3.8/site-packages/airflow/example_dags/example_branch_python_dop_operator_3.py
[2025-11-02T19:36:24.586+0000] {processor.py:830} INFO - Processing file /home/airflow/.local/lib/python3.8/site-packages/airflow/example_dags/example_branch_python_dop_operator_3.py for tasks to queue
[2025-11-02T19:36:24.596+0000] {logging_mixin.py:188} INFO - [2025-11-02T19:36:24.595+0000] {dagbag.py:538} INFO - Filling up the DagBag from /home/airflow/.local/lib/python3.8/site-packages/airflow/example_dags/example_branch_python_dop_operator_3.py
[2025-11-02T19:36:24.629+0000] {processor.py:840} INFO - DAG(s) 'example_branch_dop_operator_v3' retrieved from /home/airflow/.local/lib/python3.8/site-packages/airflow/example_dags/example_branch_python_dop_operator_3.py
[2025-11-02T19:36:24.696+0000] {logging_mixin.py:188} INFO - [2025-11-02T19:36:24.695+0000] {dag.py:3036} INFO - Sync 1 DAGs
[2025-11-02T19:36:24.782+0000] {logging_mixin.py:188} INFO - [2025-11-02T19:36:24.781+0000] {dag.py:3823} INFO - Setting next_dagrun for example_branch_dop_operator_v3 to 2025-11-02 19:35:00+00:00, run_after=2025-11-02 19:36:00+00:00
[2025-11-02T19:36:24.849+0000] {processor.py:183} INFO - Processing /home/airflow/.local/lib/python3.8/site-packages/airflow/example_dags/example_branch_python_dop_operator_3.py took 0.280 seconds
[2025-11-02T19:37:02.077+0000] {processor.py:161} INFO - Started process (PID=7809) to work on /home/airflow/.local/lib/python3.8/site-packages/airflow/example_dags/example_branch_python_dop_operator_3.py
[2025-11-02T19:37:02.080+0000] {processor.py:830} INFO - Processing file /home/airflow/.local/lib/python3.8/site-packages/airflow/example_dags/example_branch_python_dop_operator_3.py for tasks to queue
[2025-11-02T19:37:02.089+0000] {logging_mixin.py:188} INFO - [2025-11-02T19:37:02.088+0000] {dagbag.py:538} INFO - Filling up the DagBag from /home/airflow/.local/lib/python3.8/site-packages/airflow/example_dags/example_branch_python_dop_operator_3.py
[2025-11-02T19:37:02.145+0000] {processor.py:840} INFO - DAG(s) 'example_branch_dop_operator_v3' retrieved from /home/airflow/.local/lib/python3.8/site-packages/airflow/example_dags/example_branch_python_dop_operator_3.py
[2025-11-02T19:37:02.233+0000] {logging_mixin.py:188} INFO - [2025-11-02T19:37:02.232+0000] {dag.py:3036} INFO - Sync 1 DAGs
[2025-11-02T19:37:02.340+0000] {logging_mixin.py:188} INFO - [2025-11-02T19:37:02.339+0000] {dag.py:3823} INFO - Setting next_dagrun for example_branch_dop_operator_v3 to 2025-11-02 19:36:00+00:00, run_after=2025-11-02 19:37:00+00:00
[2025-11-02T19:37:02.415+0000] {processor.py:183} INFO - Processing /home/airflow/.local/lib/python3.8/site-packages/airflow/example_dags/example_branch_python_dop_operator_3.py took 0.351 seconds
[2025-11-02T19:37:32.684+0000] {processor.py:161} INFO - Started process (PID=7864) to work on /home/airflow/.local/lib/python3.8/site-packages/airflow/example_dags/example_branch_python_dop_operator_3.py
[2025-11-02T19:37:32.689+0000] {processor.py:830} INFO - Processing file /home/airflow/.local/lib/python3.8/site-packages/airflow/example_dags/example_branch_python_dop_operator_3.py for tasks to queue
[2025-11-02T19:37:32.696+0000] {logging_mixin.py:188} INFO - [2025-11-02T19:37:32.695+0000] {dagbag.py:538} INFO - Filling up the DagBag from /home/airflow/.local/lib/python3.8/site-packages/airflow/example_dags/example_branch_python_dop_operator_3.py
[2025-11-02T19:37:32.738+0000] {processor.py:840} INFO - DAG(s) 'example_branch_dop_operator_v3' retrieved from /home/airflow/.local/lib/python3.8/site-packages/airflow/example_dags/example_branch_python_dop_operator_3.py
[2025-11-02T19:37:32.849+0000] {logging_mixin.py:188} INFO - [2025-11-02T19:37:32.848+0000] {dag.py:3036} INFO - Sync 1 DAGs
[2025-11-02T19:37:32.994+0000] {logging_mixin.py:188} INFO - [2025-11-02T19:37:32.993+0000] {dag.py:3823} INFO - Setting next_dagrun for example_branch_dop_operator_v3 to 2025-11-02 19:36:00+00:00, run_after=2025-11-02 19:37:00+00:00
[2025-11-02T19:37:33.077+0000] {processor.py:183} INFO - Processing /home/airflow/.local/lib/python3.8/site-packages/airflow/example_dags/example_branch_python_dop_operator_3.py took 0.409 seconds
[2025-11-02T19:38:03.423+0000] {processor.py:161} INFO - Started process (PID=7919) to work on /home/airflow/.local/lib/python3.8/site-packages/airflow/example_dags/example_branch_python_dop_operator_3.py
[2025-11-02T19:38:03.426+0000] {processor.py:830} INFO - Processing file /home/airflow/.local/lib/python3.8/site-packages/airflow/example_dags/example_branch_python_dop_operator_3.py for tasks to queue
[2025-11-02T19:38:03.432+0000] {logging_mixin.py:188} INFO - [2025-11-02T19:38:03.431+0000] {dagbag.py:538} INFO - Filling up the DagBag from /home/airflow/.local/lib/python3.8/site-packages/airflow/example_dags/example_branch_python_dop_operator_3.py
[2025-11-02T19:38:03.466+0000] {processor.py:840} INFO - DAG(s) 'example_branch_dop_operator_v3' retrieved from /home/airflow/.local/lib/python3.8/site-packages/airflow/example_dags/example_branch_python_dop_operator_3.py
[2025-11-02T19:38:03.524+0000] {logging_mixin.py:188} INFO - [2025-11-02T19:38:03.523+0000] {dag.py:3036} INFO - Sync 1 DAGs
[2025-11-02T19:38:03.613+0000] {logging_mixin.py:188} INFO - [2025-11-02T19:38:03.612+0000] {dag.py:3823} INFO - Setting next_dagrun for example_branch_dop_operator_v3 to 2025-11-02 19:37:00+00:00, run_after=2025-11-02 19:38:00+00:00
[2025-11-02T19:38:03.681+0000] {processor.py:183} INFO - Processing /home/airflow/.local/lib/python3.8/site-packages/airflow/example_dags/example_branch_python_dop_operator_3.py took 0.270 seconds
[2025-11-02T19:38:35.345+0000] {processor.py:161} INFO - Started process (PID=7974) to work on /home/airflow/.local/lib/python3.8/site-packages/airflow/example_dags/example_branch_python_dop_operator_3.py
[2025-11-02T19:38:35.349+0000] {processor.py:830} INFO - Processing file /home/airflow/.local/lib/python3.8/site-packages/airflow/example_dags/example_branch_python_dop_operator_3.py for tasks to queue
[2025-11-02T19:38:35.356+0000] {logging_mixin.py:188} INFO - [2025-11-02T19:38:35.355+0000] {dagbag.py:538} INFO - Filling up the DagBag from /home/airflow/.local/lib/python3.8/site-packages/airflow/example_dags/example_branch_python_dop_operator_3.py
[2025-11-02T19:38:35.392+0000] {processor.py:840} INFO - DAG(s) 'example_branch_dop_operator_v3' retrieved from /home/airflow/.local/lib/python3.8/site-packages/airflow/example_dags/example_branch_python_dop_operator_3.py
[2025-11-02T19:38:35.449+0000] {logging_mixin.py:188} INFO - [2025-11-02T19:38:35.449+0000] {dag.py:3036} INFO - Sync 1 DAGs
[2025-11-02T19:38:35.519+0000] {logging_mixin.py:188} INFO - [2025-11-02T19:38:35.519+0000] {dag.py:3823} INFO - Setting next_dagrun for example_branch_dop_operator_v3 to 2025-11-02 19:37:00+00:00, run_after=2025-11-02 19:38:00+00:00
[2025-11-02T19:38:35.571+0000] {processor.py:183} INFO - Processing /home/airflow/.local/lib/python3.8/site-packages/airflow/example_dags/example_branch_python_dop_operator_3.py took 0.237 seconds
[2025-11-02T19:39:06.343+0000] {processor.py:161} INFO - Started process (PID=8030) to work on /home/airflow/.local/lib/python3.8/site-packages/airflow/example_dags/example_branch_python_dop_operator_3.py
[2025-11-02T19:39:06.346+0000] {processor.py:830} INFO - Processing file /home/airflow/.local/lib/python3.8/site-packages/airflow/example_dags/example_branch_python_dop_operator_3.py for tasks to queue
[2025-11-02T19:39:06.352+0000] {logging_mixin.py:188} INFO - [2025-11-02T19:39:06.351+0000] {dagbag.py:538} INFO - Filling up the DagBag from /home/airflow/.local/lib/python3.8/site-packages/airflow/example_dags/example_branch_python_dop_operator_3.py
[2025-11-02T19:39:06.385+0000] {processor.py:840} INFO - DAG(s) 'example_branch_dop_operator_v3' retrieved from /home/airflow/.local/lib/python3.8/site-packages/airflow/example_dags/example_branch_python_dop_operator_3.py
[2025-11-02T19:39:06.462+0000] {logging_mixin.py:188} INFO - [2025-11-02T19:39:06.462+0000] {dag.py:3036} INFO - Sync 1 DAGs
[2025-11-02T19:39:06.533+0000] {logging_mixin.py:188} INFO - [2025-11-02T19:39:06.533+0000] {dag.py:3823} INFO - Setting next_dagrun for example_branch_dop_operator_v3 to 2025-11-02 19:38:00+00:00, run_after=2025-11-02 19:39:00+00:00
[2025-11-02T19:39:06.605+0000] {processor.py:183} INFO - Processing /home/airflow/.local/lib/python3.8/site-packages/airflow/example_dags/example_branch_python_dop_operator_3.py took 0.270 seconds
[2025-11-02T19:39:37.591+0000] {processor.py:161} INFO - Started process (PID=8086) to work on /home/airflow/.local/lib/python3.8/site-packages/airflow/example_dags/example_branch_python_dop_operator_3.py
[2025-11-02T19:39:37.594+0000] {processor.py:830} INFO - Processing file /home/airflow/.local/lib/python3.8/site-packages/airflow/example_dags/example_branch_python_dop_operator_3.py for tasks to queue
[2025-11-02T19:39:37.605+0000] {logging_mixin.py:188} INFO - [2025-11-02T19:39:37.601+0000] {dagbag.py:538} INFO - Filling up the DagBag from /home/airflow/.local/lib/python3.8/site-packages/airflow/example_dags/example_branch_python_dop_operator_3.py
[2025-11-02T19:39:37.674+0000] {processor.py:840} INFO - DAG(s) 'example_branch_dop_operator_v3' retrieved from /home/airflow/.local/lib/python3.8/site-packages/airflow/example_dags/example_branch_python_dop_operator_3.py
[2025-11-02T19:39:37.779+0000] {logging_mixin.py:188} INFO - [2025-11-02T19:39:37.778+0000] {dag.py:3036} INFO - Sync 1 DAGs
[2025-11-02T19:39:37.873+0000] {logging_mixin.py:188} INFO - [2025-11-02T19:39:37.872+0000] {dag.py:3823} INFO - Setting next_dagrun for example_branch_dop_operator_v3 to 2025-11-02 19:38:00+00:00, run_after=2025-11-02 19:39:00+00:00
[2025-11-02T19:39:37.929+0000] {processor.py:183} INFO - Processing /home/airflow/.local/lib/python3.8/site-packages/airflow/example_dags/example_branch_python_dop_operator_3.py took 0.355 seconds
[2025-11-02T19:40:08.648+0000] {processor.py:161} INFO - Started process (PID=8141) to work on /home/airflow/.local/lib/python3.8/site-packages/airflow/example_dags/example_branch_python_dop_operator_3.py
[2025-11-02T19:40:08.651+0000] {processor.py:830} INFO - Processing file /home/airflow/.local/lib/python3.8/site-packages/airflow/example_dags/example_branch_python_dop_operator_3.py for tasks to queue
[2025-11-02T19:40:08.658+0000] {logging_mixin.py:188} INFO - [2025-11-02T19:40:08.657+0000] {dagbag.py:538} INFO - Filling up the DagBag from /home/airflow/.local/lib/python3.8/site-packages/airflow/example_dags/example_branch_python_dop_operator_3.py
[2025-11-02T19:40:08.690+0000] {processor.py:840} INFO - DAG(s) 'example_branch_dop_operator_v3' retrieved from /home/airflow/.local/lib/python3.8/site-packages/airflow/example_dags/example_branch_python_dop_operator_3.py
[2025-11-02T19:40:08.750+0000] {logging_mixin.py:188} INFO - [2025-11-02T19:40:08.749+0000] {dag.py:3036} INFO - Sync 1 DAGs
[2025-11-02T19:40:08.828+0000] {logging_mixin.py:188} INFO - [2025-11-02T19:40:08.827+0000] {dag.py:3823} INFO - Setting next_dagrun for example_branch_dop_operator_v3 to 2025-11-02 19:39:00+00:00, run_after=2025-11-02 19:40:00+00:00
[2025-11-02T19:40:08.876+0000] {processor.py:183} INFO - Processing /home/airflow/.local/lib/python3.8/site-packages/airflow/example_dags/example_branch_python_dop_operator_3.py took 0.239 seconds
[2025-11-02T19:40:39.073+0000] {processor.py:161} INFO - Started process (PID=8196) to work on /home/airflow/.local/lib/python3.8/site-packages/airflow/example_dags/example_branch_python_dop_operator_3.py
[2025-11-02T19:40:39.077+0000] {processor.py:830} INFO - Processing file /home/airflow/.local/lib/python3.8/site-packages/airflow/example_dags/example_branch_python_dop_operator_3.py for tasks to queue
[2025-11-02T19:40:39.085+0000] {logging_mixin.py:188} INFO - [2025-11-02T19:40:39.084+0000] {dagbag.py:538} INFO - Filling up the DagBag from /home/airflow/.local/lib/python3.8/site-packages/airflow/example_dags/example_branch_python_dop_operator_3.py
[2025-11-02T19:40:39.137+0000] {processor.py:840} INFO - DAG(s) 'example_branch_dop_operator_v3' retrieved from /home/airflow/.local/lib/python3.8/site-packages/airflow/example_dags/example_branch_python_dop_operator_3.py
[2025-11-02T19:40:39.362+0000] {logging_mixin.py:188} INFO - [2025-11-02T19:40:39.360+0000] {dag.py:3036} INFO - Sync 1 DAGs
[2025-11-02T19:40:39.918+0000] {logging_mixin.py:188} INFO - [2025-11-02T19:40:39.913+0000] {dag.py:3823} INFO - Setting next_dagrun for example_branch_dop_operator_v3 to 2025-11-02 19:39:00+00:00, run_after=2025-11-02 19:40:00+00:00
[2025-11-02T19:40:40.022+0000] {processor.py:183} INFO - Processing /home/airflow/.local/lib/python3.8/site-packages/airflow/example_dags/example_branch_python_dop_operator_3.py took 0.964 seconds
[2025-11-02T19:41:10.573+0000] {processor.py:161} INFO - Started process (PID=8251) to work on /home/airflow/.local/lib/python3.8/site-packages/airflow/example_dags/example_branch_python_dop_operator_3.py
[2025-11-02T19:41:10.576+0000] {processor.py:830} INFO - Processing file /home/airflow/.local/lib/python3.8/site-packages/airflow/example_dags/example_branch_python_dop_operator_3.py for tasks to queue
[2025-11-02T19:41:10.581+0000] {logging_mixin.py:188} INFO - [2025-11-02T19:41:10.580+0000] {dagbag.py:538} INFO - Filling up the DagBag from /home/airflow/.local/lib/python3.8/site-packages/airflow/example_dags/example_branch_python_dop_operator_3.py
[2025-11-02T19:41:10.604+0000] {processor.py:840} INFO - DAG(s) 'example_branch_dop_operator_v3' retrieved from /home/airflow/.local/lib/python3.8/site-packages/airflow/example_dags/example_branch_python_dop_operator_3.py
[2025-11-02T19:41:10.673+0000] {logging_mixin.py:188} INFO - [2025-11-02T19:41:10.672+0000] {dag.py:3036} INFO - Sync 1 DAGs
[2025-11-02T19:41:10.731+0000] {logging_mixin.py:188} INFO - [2025-11-02T19:41:10.731+0000] {dag.py:3823} INFO - Setting next_dagrun for example_branch_dop_operator_v3 to 2025-11-02 19:40:00+00:00, run_after=2025-11-02 19:41:00+00:00
[2025-11-02T19:41:10.776+0000] {processor.py:183} INFO - Processing /home/airflow/.local/lib/python3.8/site-packages/airflow/example_dags/example_branch_python_dop_operator_3.py took 0.212 seconds
[2025-11-02T19:41:40.943+0000] {processor.py:161} INFO - Started process (PID=8306) to work on /home/airflow/.local/lib/python3.8/site-packages/airflow/example_dags/example_branch_python_dop_operator_3.py
[2025-11-02T19:41:40.948+0000] {processor.py:830} INFO - Processing file /home/airflow/.local/lib/python3.8/site-packages/airflow/example_dags/example_branch_python_dop_operator_3.py for tasks to queue
[2025-11-02T19:41:40.956+0000] {logging_mixin.py:188} INFO - [2025-11-02T19:41:40.955+0000] {dagbag.py:538} INFO - Filling up the DagBag from /home/airflow/.local/lib/python3.8/site-packages/airflow/example_dags/example_branch_python_dop_operator_3.py
[2025-11-02T19:41:41.002+0000] {processor.py:840} INFO - DAG(s) 'example_branch_dop_operator_v3' retrieved from /home/airflow/.local/lib/python3.8/site-packages/airflow/example_dags/example_branch_python_dop_operator_3.py
[2025-11-02T19:41:41.119+0000] {logging_mixin.py:188} INFO - [2025-11-02T19:41:41.118+0000] {dag.py:3036} INFO - Sync 1 DAGs
[2025-11-02T19:41:41.287+0000] {logging_mixin.py:188} INFO - [2025-11-02T19:41:41.286+0000] {dag.py:3823} INFO - Setting next_dagrun for example_branch_dop_operator_v3 to 2025-11-02 19:40:00+00:00, run_after=2025-11-02 19:41:00+00:00
[2025-11-02T19:41:41.379+0000] {processor.py:183} INFO - Processing /home/airflow/.local/lib/python3.8/site-packages/airflow/example_dags/example_branch_python_dop_operator_3.py took 0.461 seconds
[2025-11-02T19:42:11.848+0000] {processor.py:161} INFO - Started process (PID=8360) to work on /home/airflow/.local/lib/python3.8/site-packages/airflow/example_dags/example_branch_python_dop_operator_3.py
[2025-11-02T19:42:11.850+0000] {processor.py:830} INFO - Processing file /home/airflow/.local/lib/python3.8/site-packages/airflow/example_dags/example_branch_python_dop_operator_3.py for tasks to queue
[2025-11-02T19:42:11.857+0000] {logging_mixin.py:188} INFO - [2025-11-02T19:42:11.856+0000] {dagbag.py:538} INFO - Filling up the DagBag from /home/airflow/.local/lib/python3.8/site-packages/airflow/example_dags/example_branch_python_dop_operator_3.py
[2025-11-02T19:42:11.888+0000] {processor.py:840} INFO - DAG(s) 'example_branch_dop_operator_v3' retrieved from /home/airflow/.local/lib/python3.8/site-packages/airflow/example_dags/example_branch_python_dop_operator_3.py
[2025-11-02T19:42:11.981+0000] {logging_mixin.py:188} INFO - [2025-11-02T19:42:11.980+0000] {dag.py:3036} INFO - Sync 1 DAGs
[2025-11-02T19:42:12.061+0000] {logging_mixin.py:188} INFO - [2025-11-02T19:42:12.061+0000] {dag.py:3823} INFO - Setting next_dagrun for example_branch_dop_operator_v3 to 2025-11-02 19:41:00+00:00, run_after=2025-11-02 19:42:00+00:00
[2025-11-02T19:42:12.110+0000] {processor.py:183} INFO - Processing /home/airflow/.local/lib/python3.8/site-packages/airflow/example_dags/example_branch_python_dop_operator_3.py took 0.273 seconds
[2025-11-02T19:42:42.943+0000] {processor.py:161} INFO - Started process (PID=8415) to work on /home/airflow/.local/lib/python3.8/site-packages/airflow/example_dags/example_branch_python_dop_operator_3.py
[2025-11-02T19:42:42.947+0000] {processor.py:830} INFO - Processing file /home/airflow/.local/lib/python3.8/site-packages/airflow/example_dags/example_branch_python_dop_operator_3.py for tasks to queue
[2025-11-02T19:42:42.962+0000] {logging_mixin.py:188} INFO - [2025-11-02T19:42:42.961+0000] {dagbag.py:538} INFO - Filling up the DagBag from /home/airflow/.local/lib/python3.8/site-packages/airflow/example_dags/example_branch_python_dop_operator_3.py
[2025-11-02T19:42:43.004+0000] {processor.py:840} INFO - DAG(s) 'example_branch_dop_operator_v3' retrieved from /home/airflow/.local/lib/python3.8/site-packages/airflow/example_dags/example_branch_python_dop_operator_3.py
[2025-11-02T19:42:43.142+0000] {logging_mixin.py:188} INFO - [2025-11-02T19:42:43.141+0000] {dag.py:3036} INFO - Sync 1 DAGs
[2025-11-02T19:42:43.295+0000] {logging_mixin.py:188} INFO - [2025-11-02T19:42:43.295+0000] {dag.py:3823} INFO - Setting next_dagrun for example_branch_dop_operator_v3 to 2025-11-02 19:41:00+00:00, run_after=2025-11-02 19:42:00+00:00
[2025-11-02T19:42:43.380+0000] {processor.py:183} INFO - Processing /home/airflow/.local/lib/python3.8/site-packages/airflow/example_dags/example_branch_python_dop_operator_3.py took 0.454 seconds
