[2025-11-02T18:24:57.809+0000] {processor.py:161} INFO - Started process (PID=121) to work on /home/airflow/.local/lib/python3.8/site-packages/airflow/example_dags/example_python_operator.py
[2025-11-02T18:24:57.820+0000] {processor.py:830} INFO - Processing file /home/airflow/.local/lib/python3.8/site-packages/airflow/example_dags/example_python_operator.py for tasks to queue
[2025-11-02T18:24:57.840+0000] {logging_mixin.py:188} INFO - [2025-11-02T18:24:57.839+0000] {dagbag.py:538} INFO - Filling up the DagBag from /home/airflow/.local/lib/python3.8/site-packages/airflow/example_dags/example_python_operator.py
[2025-11-02T18:24:58.198+0000] {processor.py:840} INFO - DAG(s) 'example_python_operator' retrieved from /home/airflow/.local/lib/python3.8/site-packages/airflow/example_dags/example_python_operator.py
[2025-11-02T18:25:00.217+0000] {logging_mixin.py:188} INFO - [2025-11-02T18:25:00.216+0000] {dag.py:3036} INFO - Sync 1 DAGs
[2025-11-02T18:25:00.319+0000] {logging_mixin.py:188} INFO - [2025-11-02T18:25:00.318+0000] {dag.py:3823} INFO - Setting next_dagrun for example_python_operator to None, run_after=None
[2025-11-02T18:25:00.486+0000] {processor.py:183} INFO - Processing /home/airflow/.local/lib/python3.8/site-packages/airflow/example_dags/example_python_operator.py took 2.711 seconds
[2025-11-02T18:25:31.162+0000] {processor.py:161} INFO - Started process (PID=176) to work on /home/airflow/.local/lib/python3.8/site-packages/airflow/example_dags/example_python_operator.py
[2025-11-02T18:25:31.186+0000] {processor.py:830} INFO - Processing file /home/airflow/.local/lib/python3.8/site-packages/airflow/example_dags/example_python_operator.py for tasks to queue
[2025-11-02T18:25:31.225+0000] {logging_mixin.py:188} INFO - [2025-11-02T18:25:31.222+0000] {dagbag.py:538} INFO - Filling up the DagBag from /home/airflow/.local/lib/python3.8/site-packages/airflow/example_dags/example_python_operator.py
[2025-11-02T18:25:31.400+0000] {processor.py:840} INFO - DAG(s) 'example_python_operator' retrieved from /home/airflow/.local/lib/python3.8/site-packages/airflow/example_dags/example_python_operator.py
[2025-11-02T18:25:31.728+0000] {logging_mixin.py:188} INFO - [2025-11-02T18:25:31.727+0000] {dag.py:3036} INFO - Sync 1 DAGs
[2025-11-02T18:25:31.832+0000] {logging_mixin.py:188} INFO - [2025-11-02T18:25:31.831+0000] {dag.py:3823} INFO - Setting next_dagrun for example_python_operator to None, run_after=None
[2025-11-02T18:25:31.955+0000] {processor.py:183} INFO - Processing /home/airflow/.local/lib/python3.8/site-packages/airflow/example_dags/example_python_operator.py took 0.855 seconds
[2025-11-02T18:26:02.100+0000] {processor.py:161} INFO - Started process (PID=231) to work on /home/airflow/.local/lib/python3.8/site-packages/airflow/example_dags/example_python_operator.py
[2025-11-02T18:26:02.103+0000] {processor.py:830} INFO - Processing file /home/airflow/.local/lib/python3.8/site-packages/airflow/example_dags/example_python_operator.py for tasks to queue
[2025-11-02T18:26:02.109+0000] {logging_mixin.py:188} INFO - [2025-11-02T18:26:02.108+0000] {dagbag.py:538} INFO - Filling up the DagBag from /home/airflow/.local/lib/python3.8/site-packages/airflow/example_dags/example_python_operator.py
[2025-11-02T18:26:02.146+0000] {processor.py:840} INFO - DAG(s) 'example_python_operator' retrieved from /home/airflow/.local/lib/python3.8/site-packages/airflow/example_dags/example_python_operator.py
[2025-11-02T18:26:02.203+0000] {logging_mixin.py:188} INFO - [2025-11-02T18:26:02.203+0000] {dag.py:3036} INFO - Sync 1 DAGs
[2025-11-02T18:26:02.240+0000] {logging_mixin.py:188} INFO - [2025-11-02T18:26:02.240+0000] {dag.py:3823} INFO - Setting next_dagrun for example_python_operator to None, run_after=None
[2025-11-02T18:26:02.298+0000] {processor.py:183} INFO - Processing /home/airflow/.local/lib/python3.8/site-packages/airflow/example_dags/example_python_operator.py took 0.208 seconds
[2025-11-02T18:26:32.729+0000] {processor.py:161} INFO - Started process (PID=286) to work on /home/airflow/.local/lib/python3.8/site-packages/airflow/example_dags/example_python_operator.py
[2025-11-02T18:26:32.733+0000] {processor.py:830} INFO - Processing file /home/airflow/.local/lib/python3.8/site-packages/airflow/example_dags/example_python_operator.py for tasks to queue
[2025-11-02T18:26:32.739+0000] {logging_mixin.py:188} INFO - [2025-11-02T18:26:32.738+0000] {dagbag.py:538} INFO - Filling up the DagBag from /home/airflow/.local/lib/python3.8/site-packages/airflow/example_dags/example_python_operator.py
[2025-11-02T18:26:32.780+0000] {processor.py:840} INFO - DAG(s) 'example_python_operator' retrieved from /home/airflow/.local/lib/python3.8/site-packages/airflow/example_dags/example_python_operator.py
[2025-11-02T18:26:32.859+0000] {logging_mixin.py:188} INFO - [2025-11-02T18:26:32.858+0000] {dag.py:3036} INFO - Sync 1 DAGs
[2025-11-02T18:26:32.903+0000] {logging_mixin.py:188} INFO - [2025-11-02T18:26:32.902+0000] {dag.py:3823} INFO - Setting next_dagrun for example_python_operator to None, run_after=None
[2025-11-02T18:26:32.969+0000] {processor.py:183} INFO - Processing /home/airflow/.local/lib/python3.8/site-packages/airflow/example_dags/example_python_operator.py took 0.252 seconds
[2025-11-02T18:27:03.571+0000] {processor.py:161} INFO - Started process (PID=341) to work on /home/airflow/.local/lib/python3.8/site-packages/airflow/example_dags/example_python_operator.py
[2025-11-02T18:27:03.575+0000] {processor.py:830} INFO - Processing file /home/airflow/.local/lib/python3.8/site-packages/airflow/example_dags/example_python_operator.py for tasks to queue
[2025-11-02T18:27:03.580+0000] {logging_mixin.py:188} INFO - [2025-11-02T18:27:03.579+0000] {dagbag.py:538} INFO - Filling up the DagBag from /home/airflow/.local/lib/python3.8/site-packages/airflow/example_dags/example_python_operator.py
[2025-11-02T18:27:03.620+0000] {processor.py:840} INFO - DAG(s) 'example_python_operator' retrieved from /home/airflow/.local/lib/python3.8/site-packages/airflow/example_dags/example_python_operator.py
[2025-11-02T18:27:03.692+0000] {logging_mixin.py:188} INFO - [2025-11-02T18:27:03.691+0000] {dag.py:3036} INFO - Sync 1 DAGs
[2025-11-02T18:27:03.720+0000] {logging_mixin.py:188} INFO - [2025-11-02T18:27:03.719+0000] {dag.py:3823} INFO - Setting next_dagrun for example_python_operator to None, run_after=None
[2025-11-02T18:27:03.796+0000] {processor.py:183} INFO - Processing /home/airflow/.local/lib/python3.8/site-packages/airflow/example_dags/example_python_operator.py took 0.238 seconds
[2025-11-02T18:27:34.133+0000] {processor.py:161} INFO - Started process (PID=396) to work on /home/airflow/.local/lib/python3.8/site-packages/airflow/example_dags/example_python_operator.py
[2025-11-02T18:27:34.136+0000] {processor.py:830} INFO - Processing file /home/airflow/.local/lib/python3.8/site-packages/airflow/example_dags/example_python_operator.py for tasks to queue
[2025-11-02T18:27:34.143+0000] {logging_mixin.py:188} INFO - [2025-11-02T18:27:34.142+0000] {dagbag.py:538} INFO - Filling up the DagBag from /home/airflow/.local/lib/python3.8/site-packages/airflow/example_dags/example_python_operator.py
[2025-11-02T18:27:34.174+0000] {processor.py:840} INFO - DAG(s) 'example_python_operator' retrieved from /home/airflow/.local/lib/python3.8/site-packages/airflow/example_dags/example_python_operator.py
[2025-11-02T18:27:34.229+0000] {logging_mixin.py:188} INFO - [2025-11-02T18:27:34.228+0000] {dag.py:3036} INFO - Sync 1 DAGs
[2025-11-02T18:27:34.267+0000] {logging_mixin.py:188} INFO - [2025-11-02T18:27:34.267+0000] {dag.py:3823} INFO - Setting next_dagrun for example_python_operator to None, run_after=None
[2025-11-02T18:27:34.319+0000] {processor.py:183} INFO - Processing /home/airflow/.local/lib/python3.8/site-packages/airflow/example_dags/example_python_operator.py took 0.197 seconds
[2025-11-02T18:28:04.916+0000] {processor.py:161} INFO - Started process (PID=451) to work on /home/airflow/.local/lib/python3.8/site-packages/airflow/example_dags/example_python_operator.py
[2025-11-02T18:28:04.924+0000] {processor.py:830} INFO - Processing file /home/airflow/.local/lib/python3.8/site-packages/airflow/example_dags/example_python_operator.py for tasks to queue
[2025-11-02T18:28:04.956+0000] {logging_mixin.py:188} INFO - [2025-11-02T18:28:04.954+0000] {dagbag.py:538} INFO - Filling up the DagBag from /home/airflow/.local/lib/python3.8/site-packages/airflow/example_dags/example_python_operator.py
[2025-11-02T18:28:05.010+0000] {processor.py:840} INFO - DAG(s) 'example_python_operator' retrieved from /home/airflow/.local/lib/python3.8/site-packages/airflow/example_dags/example_python_operator.py
[2025-11-02T18:28:05.133+0000] {logging_mixin.py:188} INFO - [2025-11-02T18:28:05.132+0000] {dag.py:3036} INFO - Sync 1 DAGs
[2025-11-02T18:28:05.340+0000] {logging_mixin.py:188} INFO - [2025-11-02T18:28:05.340+0000] {dag.py:3823} INFO - Setting next_dagrun for example_python_operator to None, run_after=None
[2025-11-02T18:28:05.439+0000] {processor.py:183} INFO - Processing /home/airflow/.local/lib/python3.8/site-packages/airflow/example_dags/example_python_operator.py took 0.428 seconds
[2025-11-02T18:28:36.332+0000] {processor.py:161} INFO - Started process (PID=506) to work on /home/airflow/.local/lib/python3.8/site-packages/airflow/example_dags/example_python_operator.py
[2025-11-02T18:28:36.335+0000] {processor.py:830} INFO - Processing file /home/airflow/.local/lib/python3.8/site-packages/airflow/example_dags/example_python_operator.py for tasks to queue
[2025-11-02T18:28:36.341+0000] {logging_mixin.py:188} INFO - [2025-11-02T18:28:36.340+0000] {dagbag.py:538} INFO - Filling up the DagBag from /home/airflow/.local/lib/python3.8/site-packages/airflow/example_dags/example_python_operator.py
[2025-11-02T18:28:36.365+0000] {processor.py:840} INFO - DAG(s) 'example_python_operator' retrieved from /home/airflow/.local/lib/python3.8/site-packages/airflow/example_dags/example_python_operator.py
[2025-11-02T18:28:36.444+0000] {logging_mixin.py:188} INFO - [2025-11-02T18:28:36.441+0000] {dag.py:3036} INFO - Sync 1 DAGs
[2025-11-02T18:28:36.499+0000] {logging_mixin.py:188} INFO - [2025-11-02T18:28:36.498+0000] {dag.py:3823} INFO - Setting next_dagrun for example_python_operator to None, run_after=None
[2025-11-02T18:28:36.553+0000] {processor.py:183} INFO - Processing /home/airflow/.local/lib/python3.8/site-packages/airflow/example_dags/example_python_operator.py took 0.234 seconds
[2025-11-02T18:29:06.932+0000] {processor.py:161} INFO - Started process (PID=562) to work on /home/airflow/.local/lib/python3.8/site-packages/airflow/example_dags/example_python_operator.py
[2025-11-02T18:29:06.937+0000] {processor.py:830} INFO - Processing file /home/airflow/.local/lib/python3.8/site-packages/airflow/example_dags/example_python_operator.py for tasks to queue
[2025-11-02T18:29:06.946+0000] {logging_mixin.py:188} INFO - [2025-11-02T18:29:06.945+0000] {dagbag.py:538} INFO - Filling up the DagBag from /home/airflow/.local/lib/python3.8/site-packages/airflow/example_dags/example_python_operator.py
[2025-11-02T18:29:07.002+0000] {processor.py:840} INFO - DAG(s) 'example_python_operator' retrieved from /home/airflow/.local/lib/python3.8/site-packages/airflow/example_dags/example_python_operator.py
[2025-11-02T18:29:07.134+0000] {logging_mixin.py:188} INFO - [2025-11-02T18:29:07.133+0000] {dag.py:3036} INFO - Sync 1 DAGs
[2025-11-02T18:29:07.201+0000] {logging_mixin.py:188} INFO - [2025-11-02T18:29:07.199+0000] {dag.py:3823} INFO - Setting next_dagrun for example_python_operator to None, run_after=None
[2025-11-02T18:29:07.288+0000] {processor.py:183} INFO - Processing /home/airflow/.local/lib/python3.8/site-packages/airflow/example_dags/example_python_operator.py took 0.373 seconds
[2025-11-02T18:29:37.733+0000] {processor.py:161} INFO - Started process (PID=617) to work on /home/airflow/.local/lib/python3.8/site-packages/airflow/example_dags/example_python_operator.py
[2025-11-02T18:29:37.738+0000] {processor.py:830} INFO - Processing file /home/airflow/.local/lib/python3.8/site-packages/airflow/example_dags/example_python_operator.py for tasks to queue
[2025-11-02T18:29:37.750+0000] {logging_mixin.py:188} INFO - [2025-11-02T18:29:37.748+0000] {dagbag.py:538} INFO - Filling up the DagBag from /home/airflow/.local/lib/python3.8/site-packages/airflow/example_dags/example_python_operator.py
[2025-11-02T18:29:37.828+0000] {processor.py:840} INFO - DAG(s) 'example_python_operator' retrieved from /home/airflow/.local/lib/python3.8/site-packages/airflow/example_dags/example_python_operator.py
[2025-11-02T18:29:37.934+0000] {logging_mixin.py:188} INFO - [2025-11-02T18:29:37.933+0000] {dag.py:3036} INFO - Sync 1 DAGs
[2025-11-02T18:29:37.982+0000] {logging_mixin.py:188} INFO - [2025-11-02T18:29:37.981+0000] {dag.py:3823} INFO - Setting next_dagrun for example_python_operator to None, run_after=None
[2025-11-02T18:29:38.070+0000] {processor.py:183} INFO - Processing /home/airflow/.local/lib/python3.8/site-packages/airflow/example_dags/example_python_operator.py took 0.352 seconds
[2025-11-02T18:30:08.192+0000] {processor.py:161} INFO - Started process (PID=672) to work on /home/airflow/.local/lib/python3.8/site-packages/airflow/example_dags/example_python_operator.py
[2025-11-02T18:30:08.195+0000] {processor.py:830} INFO - Processing file /home/airflow/.local/lib/python3.8/site-packages/airflow/example_dags/example_python_operator.py for tasks to queue
[2025-11-02T18:30:08.202+0000] {logging_mixin.py:188} INFO - [2025-11-02T18:30:08.201+0000] {dagbag.py:538} INFO - Filling up the DagBag from /home/airflow/.local/lib/python3.8/site-packages/airflow/example_dags/example_python_operator.py
[2025-11-02T18:30:08.227+0000] {processor.py:840} INFO - DAG(s) 'example_python_operator' retrieved from /home/airflow/.local/lib/python3.8/site-packages/airflow/example_dags/example_python_operator.py
[2025-11-02T18:30:08.312+0000] {logging_mixin.py:188} INFO - [2025-11-02T18:30:08.311+0000] {dag.py:3036} INFO - Sync 1 DAGs
[2025-11-02T18:30:08.345+0000] {logging_mixin.py:188} INFO - [2025-11-02T18:30:08.344+0000] {dag.py:3823} INFO - Setting next_dagrun for example_python_operator to None, run_after=None
[2025-11-02T18:30:08.392+0000] {processor.py:183} INFO - Processing /home/airflow/.local/lib/python3.8/site-packages/airflow/example_dags/example_python_operator.py took 0.209 seconds
[2025-11-02T18:30:38.656+0000] {processor.py:161} INFO - Started process (PID=727) to work on /home/airflow/.local/lib/python3.8/site-packages/airflow/example_dags/example_python_operator.py
[2025-11-02T18:30:38.659+0000] {processor.py:830} INFO - Processing file /home/airflow/.local/lib/python3.8/site-packages/airflow/example_dags/example_python_operator.py for tasks to queue
[2025-11-02T18:30:38.664+0000] {logging_mixin.py:188} INFO - [2025-11-02T18:30:38.663+0000] {dagbag.py:538} INFO - Filling up the DagBag from /home/airflow/.local/lib/python3.8/site-packages/airflow/example_dags/example_python_operator.py
[2025-11-02T18:30:38.691+0000] {processor.py:840} INFO - DAG(s) 'example_python_operator' retrieved from /home/airflow/.local/lib/python3.8/site-packages/airflow/example_dags/example_python_operator.py
[2025-11-02T18:30:38.760+0000] {logging_mixin.py:188} INFO - [2025-11-02T18:30:38.760+0000] {dag.py:3036} INFO - Sync 1 DAGs
[2025-11-02T18:30:38.793+0000] {logging_mixin.py:188} INFO - [2025-11-02T18:30:38.792+0000] {dag.py:3823} INFO - Setting next_dagrun for example_python_operator to None, run_after=None
[2025-11-02T18:30:38.870+0000] {processor.py:183} INFO - Processing /home/airflow/.local/lib/python3.8/site-packages/airflow/example_dags/example_python_operator.py took 0.224 seconds
[2025-11-02T18:31:08.963+0000] {processor.py:161} INFO - Started process (PID=781) to work on /home/airflow/.local/lib/python3.8/site-packages/airflow/example_dags/example_python_operator.py
[2025-11-02T18:31:08.966+0000] {processor.py:830} INFO - Processing file /home/airflow/.local/lib/python3.8/site-packages/airflow/example_dags/example_python_operator.py for tasks to queue
[2025-11-02T18:31:08.972+0000] {logging_mixin.py:188} INFO - [2025-11-02T18:31:08.971+0000] {dagbag.py:538} INFO - Filling up the DagBag from /home/airflow/.local/lib/python3.8/site-packages/airflow/example_dags/example_python_operator.py
[2025-11-02T18:31:08.997+0000] {processor.py:840} INFO - DAG(s) 'example_python_operator' retrieved from /home/airflow/.local/lib/python3.8/site-packages/airflow/example_dags/example_python_operator.py
[2025-11-02T18:31:09.052+0000] {logging_mixin.py:188} INFO - [2025-11-02T18:31:09.052+0000] {dag.py:3036} INFO - Sync 1 DAGs
[2025-11-02T18:31:09.080+0000] {logging_mixin.py:188} INFO - [2025-11-02T18:31:09.079+0000] {dag.py:3823} INFO - Setting next_dagrun for example_python_operator to None, run_after=None
[2025-11-02T18:31:09.147+0000] {processor.py:183} INFO - Processing /home/airflow/.local/lib/python3.8/site-packages/airflow/example_dags/example_python_operator.py took 0.197 seconds
[2025-11-02T18:31:39.498+0000] {processor.py:161} INFO - Started process (PID=836) to work on /home/airflow/.local/lib/python3.8/site-packages/airflow/example_dags/example_python_operator.py
[2025-11-02T18:31:39.502+0000] {processor.py:830} INFO - Processing file /home/airflow/.local/lib/python3.8/site-packages/airflow/example_dags/example_python_operator.py for tasks to queue
[2025-11-02T18:31:39.508+0000] {logging_mixin.py:188} INFO - [2025-11-02T18:31:39.507+0000] {dagbag.py:538} INFO - Filling up the DagBag from /home/airflow/.local/lib/python3.8/site-packages/airflow/example_dags/example_python_operator.py
[2025-11-02T18:31:39.542+0000] {processor.py:840} INFO - DAG(s) 'example_python_operator' retrieved from /home/airflow/.local/lib/python3.8/site-packages/airflow/example_dags/example_python_operator.py
[2025-11-02T18:31:39.688+0000] {logging_mixin.py:188} INFO - [2025-11-02T18:31:39.687+0000] {dag.py:3036} INFO - Sync 1 DAGs
[2025-11-02T18:31:39.762+0000] {logging_mixin.py:188} INFO - [2025-11-02T18:31:39.761+0000] {dag.py:3823} INFO - Setting next_dagrun for example_python_operator to None, run_after=None
[2025-11-02T18:31:39.832+0000] {processor.py:183} INFO - Processing /home/airflow/.local/lib/python3.8/site-packages/airflow/example_dags/example_python_operator.py took 0.345 seconds
[2025-11-02T18:32:10.097+0000] {processor.py:161} INFO - Started process (PID=892) to work on /home/airflow/.local/lib/python3.8/site-packages/airflow/example_dags/example_python_operator.py
[2025-11-02T18:32:10.100+0000] {processor.py:830} INFO - Processing file /home/airflow/.local/lib/python3.8/site-packages/airflow/example_dags/example_python_operator.py for tasks to queue
[2025-11-02T18:32:10.106+0000] {logging_mixin.py:188} INFO - [2025-11-02T18:32:10.105+0000] {dagbag.py:538} INFO - Filling up the DagBag from /home/airflow/.local/lib/python3.8/site-packages/airflow/example_dags/example_python_operator.py
[2025-11-02T18:32:10.131+0000] {processor.py:840} INFO - DAG(s) 'example_python_operator' retrieved from /home/airflow/.local/lib/python3.8/site-packages/airflow/example_dags/example_python_operator.py
[2025-11-02T18:32:10.176+0000] {logging_mixin.py:188} INFO - [2025-11-02T18:32:10.175+0000] {dag.py:3036} INFO - Sync 1 DAGs
[2025-11-02T18:32:10.201+0000] {logging_mixin.py:188} INFO - [2025-11-02T18:32:10.200+0000] {dag.py:3823} INFO - Setting next_dagrun for example_python_operator to None, run_after=None
[2025-11-02T18:32:10.243+0000] {processor.py:183} INFO - Processing /home/airflow/.local/lib/python3.8/site-packages/airflow/example_dags/example_python_operator.py took 0.156 seconds
[2025-11-02T18:32:40.331+0000] {processor.py:161} INFO - Started process (PID=946) to work on /home/airflow/.local/lib/python3.8/site-packages/airflow/example_dags/example_python_operator.py
[2025-11-02T18:32:40.334+0000] {processor.py:830} INFO - Processing file /home/airflow/.local/lib/python3.8/site-packages/airflow/example_dags/example_python_operator.py for tasks to queue
[2025-11-02T18:32:40.340+0000] {logging_mixin.py:188} INFO - [2025-11-02T18:32:40.339+0000] {dagbag.py:538} INFO - Filling up the DagBag from /home/airflow/.local/lib/python3.8/site-packages/airflow/example_dags/example_python_operator.py
[2025-11-02T18:32:40.363+0000] {processor.py:840} INFO - DAG(s) 'example_python_operator' retrieved from /home/airflow/.local/lib/python3.8/site-packages/airflow/example_dags/example_python_operator.py
[2025-11-02T18:32:40.411+0000] {logging_mixin.py:188} INFO - [2025-11-02T18:32:40.410+0000] {dag.py:3036} INFO - Sync 1 DAGs
[2025-11-02T18:32:40.435+0000] {logging_mixin.py:188} INFO - [2025-11-02T18:32:40.435+0000] {dag.py:3823} INFO - Setting next_dagrun for example_python_operator to None, run_after=None
[2025-11-02T18:32:40.482+0000] {processor.py:183} INFO - Processing /home/airflow/.local/lib/python3.8/site-packages/airflow/example_dags/example_python_operator.py took 0.166 seconds
[2025-11-02T18:33:11.400+0000] {processor.py:161} INFO - Started process (PID=1002) to work on /home/airflow/.local/lib/python3.8/site-packages/airflow/example_dags/example_python_operator.py
[2025-11-02T18:33:11.404+0000] {processor.py:830} INFO - Processing file /home/airflow/.local/lib/python3.8/site-packages/airflow/example_dags/example_python_operator.py for tasks to queue
[2025-11-02T18:33:11.409+0000] {logging_mixin.py:188} INFO - [2025-11-02T18:33:11.408+0000] {dagbag.py:538} INFO - Filling up the DagBag from /home/airflow/.local/lib/python3.8/site-packages/airflow/example_dags/example_python_operator.py
[2025-11-02T18:33:11.436+0000] {processor.py:840} INFO - DAG(s) 'example_python_operator' retrieved from /home/airflow/.local/lib/python3.8/site-packages/airflow/example_dags/example_python_operator.py
[2025-11-02T18:33:11.500+0000] {logging_mixin.py:188} INFO - [2025-11-02T18:33:11.499+0000] {dag.py:3036} INFO - Sync 1 DAGs
[2025-11-02T18:33:11.528+0000] {logging_mixin.py:188} INFO - [2025-11-02T18:33:11.527+0000] {dag.py:3823} INFO - Setting next_dagrun for example_python_operator to None, run_after=None
[2025-11-02T18:33:11.573+0000] {processor.py:183} INFO - Processing /home/airflow/.local/lib/python3.8/site-packages/airflow/example_dags/example_python_operator.py took 0.181 seconds
[2025-11-02T18:33:41.756+0000] {processor.py:161} INFO - Started process (PID=1057) to work on /home/airflow/.local/lib/python3.8/site-packages/airflow/example_dags/example_python_operator.py
[2025-11-02T18:33:41.760+0000] {processor.py:830} INFO - Processing file /home/airflow/.local/lib/python3.8/site-packages/airflow/example_dags/example_python_operator.py for tasks to queue
[2025-11-02T18:33:41.777+0000] {logging_mixin.py:188} INFO - [2025-11-02T18:33:41.776+0000] {dagbag.py:538} INFO - Filling up the DagBag from /home/airflow/.local/lib/python3.8/site-packages/airflow/example_dags/example_python_operator.py
[2025-11-02T18:33:41.824+0000] {processor.py:840} INFO - DAG(s) 'example_python_operator' retrieved from /home/airflow/.local/lib/python3.8/site-packages/airflow/example_dags/example_python_operator.py
[2025-11-02T18:33:41.913+0000] {logging_mixin.py:188} INFO - [2025-11-02T18:33:41.912+0000] {dag.py:3036} INFO - Sync 1 DAGs
[2025-11-02T18:33:41.987+0000] {logging_mixin.py:188} INFO - [2025-11-02T18:33:41.986+0000] {dag.py:3823} INFO - Setting next_dagrun for example_python_operator to None, run_after=None
[2025-11-02T18:33:42.096+0000] {processor.py:183} INFO - Processing /home/airflow/.local/lib/python3.8/site-packages/airflow/example_dags/example_python_operator.py took 0.354 seconds
[2025-11-02T18:34:12.369+0000] {processor.py:161} INFO - Started process (PID=1112) to work on /home/airflow/.local/lib/python3.8/site-packages/airflow/example_dags/example_python_operator.py
[2025-11-02T18:34:12.372+0000] {processor.py:830} INFO - Processing file /home/airflow/.local/lib/python3.8/site-packages/airflow/example_dags/example_python_operator.py for tasks to queue
[2025-11-02T18:34:12.379+0000] {logging_mixin.py:188} INFO - [2025-11-02T18:34:12.378+0000] {dagbag.py:538} INFO - Filling up the DagBag from /home/airflow/.local/lib/python3.8/site-packages/airflow/example_dags/example_python_operator.py
[2025-11-02T18:34:12.407+0000] {processor.py:840} INFO - DAG(s) 'example_python_operator' retrieved from /home/airflow/.local/lib/python3.8/site-packages/airflow/example_dags/example_python_operator.py
[2025-11-02T18:34:12.475+0000] {logging_mixin.py:188} INFO - [2025-11-02T18:34:12.475+0000] {dag.py:3036} INFO - Sync 1 DAGs
[2025-11-02T18:34:12.516+0000] {logging_mixin.py:188} INFO - [2025-11-02T18:34:12.515+0000] {dag.py:3823} INFO - Setting next_dagrun for example_python_operator to None, run_after=None
[2025-11-02T18:34:12.578+0000] {processor.py:183} INFO - Processing /home/airflow/.local/lib/python3.8/site-packages/airflow/example_dags/example_python_operator.py took 0.222 seconds
[2025-11-02T18:34:43.185+0000] {processor.py:161} INFO - Started process (PID=1167) to work on /home/airflow/.local/lib/python3.8/site-packages/airflow/example_dags/example_python_operator.py
[2025-11-02T18:34:43.189+0000] {processor.py:830} INFO - Processing file /home/airflow/.local/lib/python3.8/site-packages/airflow/example_dags/example_python_operator.py for tasks to queue
[2025-11-02T18:34:43.197+0000] {logging_mixin.py:188} INFO - [2025-11-02T18:34:43.196+0000] {dagbag.py:538} INFO - Filling up the DagBag from /home/airflow/.local/lib/python3.8/site-packages/airflow/example_dags/example_python_operator.py
[2025-11-02T18:34:43.223+0000] {processor.py:840} INFO - DAG(s) 'example_python_operator' retrieved from /home/airflow/.local/lib/python3.8/site-packages/airflow/example_dags/example_python_operator.py
[2025-11-02T18:34:43.303+0000] {logging_mixin.py:188} INFO - [2025-11-02T18:34:43.302+0000] {dag.py:3036} INFO - Sync 1 DAGs
[2025-11-02T18:34:43.337+0000] {logging_mixin.py:188} INFO - [2025-11-02T18:34:43.337+0000] {dag.py:3823} INFO - Setting next_dagrun for example_python_operator to None, run_after=None
[2025-11-02T18:34:43.382+0000] {processor.py:183} INFO - Processing /home/airflow/.local/lib/python3.8/site-packages/airflow/example_dags/example_python_operator.py took 0.209 seconds
[2025-11-02T18:35:13.705+0000] {processor.py:161} INFO - Started process (PID=1223) to work on /home/airflow/.local/lib/python3.8/site-packages/airflow/example_dags/example_python_operator.py
[2025-11-02T18:35:13.708+0000] {processor.py:830} INFO - Processing file /home/airflow/.local/lib/python3.8/site-packages/airflow/example_dags/example_python_operator.py for tasks to queue
[2025-11-02T18:35:13.715+0000] {logging_mixin.py:188} INFO - [2025-11-02T18:35:13.714+0000] {dagbag.py:538} INFO - Filling up the DagBag from /home/airflow/.local/lib/python3.8/site-packages/airflow/example_dags/example_python_operator.py
[2025-11-02T18:35:13.748+0000] {processor.py:840} INFO - DAG(s) 'example_python_operator' retrieved from /home/airflow/.local/lib/python3.8/site-packages/airflow/example_dags/example_python_operator.py
[2025-11-02T18:35:13.827+0000] {logging_mixin.py:188} INFO - [2025-11-02T18:35:13.826+0000] {dag.py:3036} INFO - Sync 1 DAGs
[2025-11-02T18:35:13.882+0000] {logging_mixin.py:188} INFO - [2025-11-02T18:35:13.881+0000] {dag.py:3823} INFO - Setting next_dagrun for example_python_operator to None, run_after=None
[2025-11-02T18:35:14.063+0000] {processor.py:183} INFO - Processing /home/airflow/.local/lib/python3.8/site-packages/airflow/example_dags/example_python_operator.py took 0.372 seconds
[2025-11-02T18:35:45.502+0000] {processor.py:161} INFO - Started process (PID=1285) to work on /home/airflow/.local/lib/python3.8/site-packages/airflow/example_dags/example_python_operator.py
[2025-11-02T18:35:45.514+0000] {processor.py:830} INFO - Processing file /home/airflow/.local/lib/python3.8/site-packages/airflow/example_dags/example_python_operator.py for tasks to queue
[2025-11-02T18:35:45.527+0000] {logging_mixin.py:188} INFO - [2025-11-02T18:35:45.526+0000] {dagbag.py:538} INFO - Filling up the DagBag from /home/airflow/.local/lib/python3.8/site-packages/airflow/example_dags/example_python_operator.py
[2025-11-02T18:35:45.622+0000] {processor.py:840} INFO - DAG(s) 'example_python_operator' retrieved from /home/airflow/.local/lib/python3.8/site-packages/airflow/example_dags/example_python_operator.py
[2025-11-02T18:35:45.779+0000] {logging_mixin.py:188} INFO - [2025-11-02T18:35:45.778+0000] {dag.py:3036} INFO - Sync 1 DAGs
[2025-11-02T18:35:45.919+0000] {logging_mixin.py:188} INFO - [2025-11-02T18:35:45.918+0000] {dag.py:3823} INFO - Setting next_dagrun for example_python_operator to None, run_after=None
[2025-11-02T18:35:46.062+0000] {processor.py:183} INFO - Processing /home/airflow/.local/lib/python3.8/site-packages/airflow/example_dags/example_python_operator.py took 0.583 seconds
[2025-11-02T18:36:16.494+0000] {processor.py:161} INFO - Started process (PID=1338) to work on /home/airflow/.local/lib/python3.8/site-packages/airflow/example_dags/example_python_operator.py
[2025-11-02T18:36:16.501+0000] {processor.py:830} INFO - Processing file /home/airflow/.local/lib/python3.8/site-packages/airflow/example_dags/example_python_operator.py for tasks to queue
[2025-11-02T18:36:16.518+0000] {logging_mixin.py:188} INFO - [2025-11-02T18:36:16.513+0000] {dagbag.py:538} INFO - Filling up the DagBag from /home/airflow/.local/lib/python3.8/site-packages/airflow/example_dags/example_python_operator.py
[2025-11-02T18:36:16.601+0000] {processor.py:840} INFO - DAG(s) 'example_python_operator' retrieved from /home/airflow/.local/lib/python3.8/site-packages/airflow/example_dags/example_python_operator.py
[2025-11-02T18:36:16.756+0000] {logging_mixin.py:188} INFO - [2025-11-02T18:36:16.756+0000] {dag.py:3036} INFO - Sync 1 DAGs
[2025-11-02T18:36:16.786+0000] {logging_mixin.py:188} INFO - [2025-11-02T18:36:16.785+0000] {dag.py:3823} INFO - Setting next_dagrun for example_python_operator to None, run_after=None
[2025-11-02T18:36:16.851+0000] {processor.py:183} INFO - Processing /home/airflow/.local/lib/python3.8/site-packages/airflow/example_dags/example_python_operator.py took 0.384 seconds
[2025-11-02T18:36:47.055+0000] {processor.py:161} INFO - Started process (PID=1393) to work on /home/airflow/.local/lib/python3.8/site-packages/airflow/example_dags/example_python_operator.py
[2025-11-02T18:36:47.060+0000] {processor.py:830} INFO - Processing file /home/airflow/.local/lib/python3.8/site-packages/airflow/example_dags/example_python_operator.py for tasks to queue
[2025-11-02T18:36:47.067+0000] {logging_mixin.py:188} INFO - [2025-11-02T18:36:47.066+0000] {dagbag.py:538} INFO - Filling up the DagBag from /home/airflow/.local/lib/python3.8/site-packages/airflow/example_dags/example_python_operator.py
[2025-11-02T18:36:47.118+0000] {processor.py:840} INFO - DAG(s) 'example_python_operator' retrieved from /home/airflow/.local/lib/python3.8/site-packages/airflow/example_dags/example_python_operator.py
[2025-11-02T18:36:47.217+0000] {logging_mixin.py:188} INFO - [2025-11-02T18:36:47.217+0000] {dag.py:3036} INFO - Sync 1 DAGs
[2025-11-02T18:36:47.254+0000] {logging_mixin.py:188} INFO - [2025-11-02T18:36:47.253+0000] {dag.py:3823} INFO - Setting next_dagrun for example_python_operator to None, run_after=None
[2025-11-02T18:36:47.322+0000] {processor.py:183} INFO - Processing /home/airflow/.local/lib/python3.8/site-packages/airflow/example_dags/example_python_operator.py took 0.288 seconds
[2025-11-02T18:37:17.765+0000] {processor.py:161} INFO - Started process (PID=1450) to work on /home/airflow/.local/lib/python3.8/site-packages/airflow/example_dags/example_python_operator.py
[2025-11-02T18:37:17.775+0000] {processor.py:830} INFO - Processing file /home/airflow/.local/lib/python3.8/site-packages/airflow/example_dags/example_python_operator.py for tasks to queue
[2025-11-02T18:37:17.781+0000] {logging_mixin.py:188} INFO - [2025-11-02T18:37:17.780+0000] {dagbag.py:538} INFO - Filling up the DagBag from /home/airflow/.local/lib/python3.8/site-packages/airflow/example_dags/example_python_operator.py
[2025-11-02T18:37:17.832+0000] {processor.py:840} INFO - DAG(s) 'example_python_operator' retrieved from /home/airflow/.local/lib/python3.8/site-packages/airflow/example_dags/example_python_operator.py
[2025-11-02T18:37:17.957+0000] {logging_mixin.py:188} INFO - [2025-11-02T18:37:17.956+0000] {dag.py:3036} INFO - Sync 1 DAGs
[2025-11-02T18:37:18.012+0000] {logging_mixin.py:188} INFO - [2025-11-02T18:37:18.012+0000] {dag.py:3823} INFO - Setting next_dagrun for example_python_operator to None, run_after=None
[2025-11-02T18:37:18.089+0000] {processor.py:183} INFO - Processing /home/airflow/.local/lib/python3.8/site-packages/airflow/example_dags/example_python_operator.py took 0.337 seconds
[2025-11-02T18:37:49.041+0000] {processor.py:161} INFO - Started process (PID=1505) to work on /home/airflow/.local/lib/python3.8/site-packages/airflow/example_dags/example_python_operator.py
[2025-11-02T18:37:49.044+0000] {processor.py:830} INFO - Processing file /home/airflow/.local/lib/python3.8/site-packages/airflow/example_dags/example_python_operator.py for tasks to queue
[2025-11-02T18:37:49.051+0000] {logging_mixin.py:188} INFO - [2025-11-02T18:37:49.050+0000] {dagbag.py:538} INFO - Filling up the DagBag from /home/airflow/.local/lib/python3.8/site-packages/airflow/example_dags/example_python_operator.py
[2025-11-02T18:37:49.094+0000] {processor.py:840} INFO - DAG(s) 'example_python_operator' retrieved from /home/airflow/.local/lib/python3.8/site-packages/airflow/example_dags/example_python_operator.py
[2025-11-02T18:37:49.160+0000] {logging_mixin.py:188} INFO - [2025-11-02T18:37:49.159+0000] {dag.py:3036} INFO - Sync 1 DAGs
[2025-11-02T18:37:49.191+0000] {logging_mixin.py:188} INFO - [2025-11-02T18:37:49.191+0000] {dag.py:3823} INFO - Setting next_dagrun for example_python_operator to None, run_after=None
[2025-11-02T18:37:49.252+0000] {processor.py:183} INFO - Processing /home/airflow/.local/lib/python3.8/site-packages/airflow/example_dags/example_python_operator.py took 0.221 seconds
[2025-11-02T18:38:20.489+0000] {processor.py:161} INFO - Started process (PID=1560) to work on /home/airflow/.local/lib/python3.8/site-packages/airflow/example_dags/example_python_operator.py
[2025-11-02T18:38:20.499+0000] {processor.py:830} INFO - Processing file /home/airflow/.local/lib/python3.8/site-packages/airflow/example_dags/example_python_operator.py for tasks to queue
[2025-11-02T18:38:20.520+0000] {logging_mixin.py:188} INFO - [2025-11-02T18:38:20.518+0000] {dagbag.py:538} INFO - Filling up the DagBag from /home/airflow/.local/lib/python3.8/site-packages/airflow/example_dags/example_python_operator.py
[2025-11-02T18:38:20.593+0000] {processor.py:840} INFO - DAG(s) 'example_python_operator' retrieved from /home/airflow/.local/lib/python3.8/site-packages/airflow/example_dags/example_python_operator.py
[2025-11-02T18:38:20.793+0000] {logging_mixin.py:188} INFO - [2025-11-02T18:38:20.793+0000] {dag.py:3036} INFO - Sync 1 DAGs
[2025-11-02T18:38:20.929+0000] {logging_mixin.py:188} INFO - [2025-11-02T18:38:20.928+0000] {dag.py:3823} INFO - Setting next_dagrun for example_python_operator to None, run_after=None
[2025-11-02T18:38:21.087+0000] {processor.py:183} INFO - Processing /home/airflow/.local/lib/python3.8/site-packages/airflow/example_dags/example_python_operator.py took 0.636 seconds
[2025-11-02T18:38:51.973+0000] {processor.py:161} INFO - Started process (PID=1616) to work on /home/airflow/.local/lib/python3.8/site-packages/airflow/example_dags/example_python_operator.py
[2025-11-02T18:38:51.976+0000] {processor.py:830} INFO - Processing file /home/airflow/.local/lib/python3.8/site-packages/airflow/example_dags/example_python_operator.py for tasks to queue
[2025-11-02T18:38:51.984+0000] {logging_mixin.py:188} INFO - [2025-11-02T18:38:51.983+0000] {dagbag.py:538} INFO - Filling up the DagBag from /home/airflow/.local/lib/python3.8/site-packages/airflow/example_dags/example_python_operator.py
[2025-11-02T18:38:52.028+0000] {processor.py:840} INFO - DAG(s) 'example_python_operator' retrieved from /home/airflow/.local/lib/python3.8/site-packages/airflow/example_dags/example_python_operator.py
[2025-11-02T18:38:52.142+0000] {logging_mixin.py:188} INFO - [2025-11-02T18:38:52.141+0000] {dag.py:3036} INFO - Sync 1 DAGs
[2025-11-02T18:38:52.202+0000] {logging_mixin.py:188} INFO - [2025-11-02T18:38:52.202+0000] {dag.py:3823} INFO - Setting next_dagrun for example_python_operator to None, run_after=None
[2025-11-02T18:38:52.270+0000] {processor.py:183} INFO - Processing /home/airflow/.local/lib/python3.8/site-packages/airflow/example_dags/example_python_operator.py took 0.314 seconds
[2025-11-02T18:39:23.240+0000] {processor.py:161} INFO - Started process (PID=1670) to work on /home/airflow/.local/lib/python3.8/site-packages/airflow/example_dags/example_python_operator.py
[2025-11-02T18:39:23.260+0000] {processor.py:830} INFO - Processing file /home/airflow/.local/lib/python3.8/site-packages/airflow/example_dags/example_python_operator.py for tasks to queue
[2025-11-02T18:39:23.276+0000] {logging_mixin.py:188} INFO - [2025-11-02T18:39:23.275+0000] {dagbag.py:538} INFO - Filling up the DagBag from /home/airflow/.local/lib/python3.8/site-packages/airflow/example_dags/example_python_operator.py
[2025-11-02T18:39:23.398+0000] {processor.py:840} INFO - DAG(s) 'example_python_operator' retrieved from /home/airflow/.local/lib/python3.8/site-packages/airflow/example_dags/example_python_operator.py
[2025-11-02T18:39:23.594+0000] {logging_mixin.py:188} INFO - [2025-11-02T18:39:23.593+0000] {dag.py:3036} INFO - Sync 1 DAGs
[2025-11-02T18:39:23.800+0000] {logging_mixin.py:188} INFO - [2025-11-02T18:39:23.800+0000] {dag.py:3823} INFO - Setting next_dagrun for example_python_operator to None, run_after=None
[2025-11-02T18:39:24.415+0000] {processor.py:183} INFO - Processing /home/airflow/.local/lib/python3.8/site-packages/airflow/example_dags/example_python_operator.py took 1.198 seconds
[2025-11-02T18:39:56.733+0000] {processor.py:161} INFO - Started process (PID=1721) to work on /home/airflow/.local/lib/python3.8/site-packages/airflow/example_dags/example_python_operator.py
[2025-11-02T18:39:56.750+0000] {processor.py:830} INFO - Processing file /home/airflow/.local/lib/python3.8/site-packages/airflow/example_dags/example_python_operator.py for tasks to queue
[2025-11-02T18:39:56.771+0000] {logging_mixin.py:188} INFO - [2025-11-02T18:39:56.770+0000] {dagbag.py:538} INFO - Filling up the DagBag from /home/airflow/.local/lib/python3.8/site-packages/airflow/example_dags/example_python_operator.py
[2025-11-02T18:39:56.891+0000] {processor.py:840} INFO - DAG(s) 'example_python_operator' retrieved from /home/airflow/.local/lib/python3.8/site-packages/airflow/example_dags/example_python_operator.py
[2025-11-02T18:39:57.041+0000] {logging_mixin.py:188} INFO - [2025-11-02T18:39:57.040+0000] {dag.py:3036} INFO - Sync 1 DAGs
[2025-11-02T18:39:57.091+0000] {logging_mixin.py:188} INFO - [2025-11-02T18:39:57.091+0000] {dag.py:3823} INFO - Setting next_dagrun for example_python_operator to None, run_after=None
[2025-11-02T18:39:57.182+0000] {processor.py:183} INFO - Processing /home/airflow/.local/lib/python3.8/site-packages/airflow/example_dags/example_python_operator.py took 0.481 seconds
[2025-11-02T18:40:28.159+0000] {processor.py:161} INFO - Started process (PID=1777) to work on /home/airflow/.local/lib/python3.8/site-packages/airflow/example_dags/example_python_operator.py
[2025-11-02T18:40:28.162+0000] {processor.py:830} INFO - Processing file /home/airflow/.local/lib/python3.8/site-packages/airflow/example_dags/example_python_operator.py for tasks to queue
[2025-11-02T18:40:28.171+0000] {logging_mixin.py:188} INFO - [2025-11-02T18:40:28.170+0000] {dagbag.py:538} INFO - Filling up the DagBag from /home/airflow/.local/lib/python3.8/site-packages/airflow/example_dags/example_python_operator.py
[2025-11-02T18:40:28.231+0000] {processor.py:840} INFO - DAG(s) 'example_python_operator' retrieved from /home/airflow/.local/lib/python3.8/site-packages/airflow/example_dags/example_python_operator.py
[2025-11-02T18:40:28.309+0000] {logging_mixin.py:188} INFO - [2025-11-02T18:40:28.308+0000] {dag.py:3036} INFO - Sync 1 DAGs
[2025-11-02T18:40:28.355+0000] {logging_mixin.py:188} INFO - [2025-11-02T18:40:28.354+0000] {dag.py:3823} INFO - Setting next_dagrun for example_python_operator to None, run_after=None
[2025-11-02T18:40:28.451+0000] {processor.py:183} INFO - Processing /home/airflow/.local/lib/python3.8/site-packages/airflow/example_dags/example_python_operator.py took 0.310 seconds
[2025-11-02T18:40:59.522+0000] {processor.py:161} INFO - Started process (PID=1832) to work on /home/airflow/.local/lib/python3.8/site-packages/airflow/example_dags/example_python_operator.py
[2025-11-02T18:40:59.527+0000] {processor.py:830} INFO - Processing file /home/airflow/.local/lib/python3.8/site-packages/airflow/example_dags/example_python_operator.py for tasks to queue
[2025-11-02T18:40:59.534+0000] {logging_mixin.py:188} INFO - [2025-11-02T18:40:59.533+0000] {dagbag.py:538} INFO - Filling up the DagBag from /home/airflow/.local/lib/python3.8/site-packages/airflow/example_dags/example_python_operator.py
[2025-11-02T18:40:59.589+0000] {processor.py:840} INFO - DAG(s) 'example_python_operator' retrieved from /home/airflow/.local/lib/python3.8/site-packages/airflow/example_dags/example_python_operator.py
[2025-11-02T18:40:59.784+0000] {logging_mixin.py:188} INFO - [2025-11-02T18:40:59.783+0000] {dag.py:3036} INFO - Sync 1 DAGs
[2025-11-02T18:40:59.836+0000] {logging_mixin.py:188} INFO - [2025-11-02T18:40:59.836+0000] {dag.py:3823} INFO - Setting next_dagrun for example_python_operator to None, run_after=None
[2025-11-02T18:40:59.939+0000] {processor.py:183} INFO - Processing /home/airflow/.local/lib/python3.8/site-packages/airflow/example_dags/example_python_operator.py took 0.430 seconds
[2025-11-02T18:41:30.573+0000] {processor.py:161} INFO - Started process (PID=1887) to work on /home/airflow/.local/lib/python3.8/site-packages/airflow/example_dags/example_python_operator.py
[2025-11-02T18:41:30.580+0000] {processor.py:830} INFO - Processing file /home/airflow/.local/lib/python3.8/site-packages/airflow/example_dags/example_python_operator.py for tasks to queue
[2025-11-02T18:41:30.594+0000] {logging_mixin.py:188} INFO - [2025-11-02T18:41:30.592+0000] {dagbag.py:538} INFO - Filling up the DagBag from /home/airflow/.local/lib/python3.8/site-packages/airflow/example_dags/example_python_operator.py
[2025-11-02T18:41:30.701+0000] {processor.py:840} INFO - DAG(s) 'example_python_operator' retrieved from /home/airflow/.local/lib/python3.8/site-packages/airflow/example_dags/example_python_operator.py
[2025-11-02T18:41:30.905+0000] {logging_mixin.py:188} INFO - [2025-11-02T18:41:30.904+0000] {dag.py:3036} INFO - Sync 1 DAGs
[2025-11-02T18:41:31.043+0000] {logging_mixin.py:188} INFO - [2025-11-02T18:41:31.042+0000] {dag.py:3823} INFO - Setting next_dagrun for example_python_operator to None, run_after=None
[2025-11-02T18:41:31.126+0000] {processor.py:183} INFO - Processing /home/airflow/.local/lib/python3.8/site-packages/airflow/example_dags/example_python_operator.py took 0.584 seconds
[2025-11-02T18:42:04.231+0000] {processor.py:161} INFO - Started process (PID=1942) to work on /home/airflow/.local/lib/python3.8/site-packages/airflow/example_dags/example_python_operator.py
[2025-11-02T18:42:04.238+0000] {processor.py:830} INFO - Processing file /home/airflow/.local/lib/python3.8/site-packages/airflow/example_dags/example_python_operator.py for tasks to queue
[2025-11-02T18:42:04.257+0000] {logging_mixin.py:188} INFO - [2025-11-02T18:42:04.256+0000] {dagbag.py:538} INFO - Filling up the DagBag from /home/airflow/.local/lib/python3.8/site-packages/airflow/example_dags/example_python_operator.py
[2025-11-02T18:42:04.338+0000] {processor.py:840} INFO - DAG(s) 'example_python_operator' retrieved from /home/airflow/.local/lib/python3.8/site-packages/airflow/example_dags/example_python_operator.py
[2025-11-02T18:42:04.469+0000] {logging_mixin.py:188} INFO - [2025-11-02T18:42:04.468+0000] {dag.py:3036} INFO - Sync 1 DAGs
[2025-11-02T18:42:04.520+0000] {logging_mixin.py:188} INFO - [2025-11-02T18:42:04.519+0000] {dag.py:3823} INFO - Setting next_dagrun for example_python_operator to None, run_after=None
[2025-11-02T18:42:04.617+0000] {processor.py:183} INFO - Processing /home/airflow/.local/lib/python3.8/site-packages/airflow/example_dags/example_python_operator.py took 0.408 seconds
[2025-11-02T18:42:35.064+0000] {processor.py:161} INFO - Started process (PID=1997) to work on /home/airflow/.local/lib/python3.8/site-packages/airflow/example_dags/example_python_operator.py
[2025-11-02T18:42:35.066+0000] {processor.py:830} INFO - Processing file /home/airflow/.local/lib/python3.8/site-packages/airflow/example_dags/example_python_operator.py for tasks to queue
[2025-11-02T18:42:35.076+0000] {logging_mixin.py:188} INFO - [2025-11-02T18:42:35.075+0000] {dagbag.py:538} INFO - Filling up the DagBag from /home/airflow/.local/lib/python3.8/site-packages/airflow/example_dags/example_python_operator.py
[2025-11-02T18:42:35.113+0000] {processor.py:840} INFO - DAG(s) 'example_python_operator' retrieved from /home/airflow/.local/lib/python3.8/site-packages/airflow/example_dags/example_python_operator.py
[2025-11-02T18:42:35.210+0000] {logging_mixin.py:188} INFO - [2025-11-02T18:42:35.210+0000] {dag.py:3036} INFO - Sync 1 DAGs
[2025-11-02T18:42:35.262+0000] {logging_mixin.py:188} INFO - [2025-11-02T18:42:35.261+0000] {dag.py:3823} INFO - Setting next_dagrun for example_python_operator to None, run_after=None
[2025-11-02T18:42:35.367+0000] {processor.py:183} INFO - Processing /home/airflow/.local/lib/python3.8/site-packages/airflow/example_dags/example_python_operator.py took 0.317 seconds
[2025-11-02T18:43:06.960+0000] {processor.py:161} INFO - Started process (PID=2052) to work on /home/airflow/.local/lib/python3.8/site-packages/airflow/example_dags/example_python_operator.py
[2025-11-02T18:43:06.972+0000] {processor.py:830} INFO - Processing file /home/airflow/.local/lib/python3.8/site-packages/airflow/example_dags/example_python_operator.py for tasks to queue
[2025-11-02T18:43:06.991+0000] {logging_mixin.py:188} INFO - [2025-11-02T18:43:06.978+0000] {dagbag.py:538} INFO - Filling up the DagBag from /home/airflow/.local/lib/python3.8/site-packages/airflow/example_dags/example_python_operator.py
[2025-11-02T18:43:07.037+0000] {processor.py:840} INFO - DAG(s) 'example_python_operator' retrieved from /home/airflow/.local/lib/python3.8/site-packages/airflow/example_dags/example_python_operator.py
[2025-11-02T18:43:07.167+0000] {logging_mixin.py:188} INFO - [2025-11-02T18:43:07.165+0000] {dag.py:3036} INFO - Sync 1 DAGs
[2025-11-02T18:43:07.215+0000] {logging_mixin.py:188} INFO - [2025-11-02T18:43:07.214+0000] {dag.py:3823} INFO - Setting next_dagrun for example_python_operator to None, run_after=None
[2025-11-02T18:43:07.305+0000] {processor.py:183} INFO - Processing /home/airflow/.local/lib/python3.8/site-packages/airflow/example_dags/example_python_operator.py took 0.371 seconds
[2025-11-02T18:43:38.907+0000] {processor.py:161} INFO - Started process (PID=2107) to work on /home/airflow/.local/lib/python3.8/site-packages/airflow/example_dags/example_python_operator.py
[2025-11-02T18:43:38.911+0000] {processor.py:830} INFO - Processing file /home/airflow/.local/lib/python3.8/site-packages/airflow/example_dags/example_python_operator.py for tasks to queue
[2025-11-02T18:43:38.918+0000] {logging_mixin.py:188} INFO - [2025-11-02T18:43:38.917+0000] {dagbag.py:538} INFO - Filling up the DagBag from /home/airflow/.local/lib/python3.8/site-packages/airflow/example_dags/example_python_operator.py
[2025-11-02T18:43:38.971+0000] {processor.py:840} INFO - DAG(s) 'example_python_operator' retrieved from /home/airflow/.local/lib/python3.8/site-packages/airflow/example_dags/example_python_operator.py
[2025-11-02T18:43:39.106+0000] {logging_mixin.py:188} INFO - [2025-11-02T18:43:39.105+0000] {dag.py:3036} INFO - Sync 1 DAGs
[2025-11-02T18:43:39.264+0000] {logging_mixin.py:188} INFO - [2025-11-02T18:43:39.264+0000] {dag.py:3823} INFO - Setting next_dagrun for example_python_operator to None, run_after=None
[2025-11-02T18:43:39.401+0000] {processor.py:183} INFO - Processing /home/airflow/.local/lib/python3.8/site-packages/airflow/example_dags/example_python_operator.py took 0.506 seconds
[2025-11-02T18:44:09.597+0000] {processor.py:161} INFO - Started process (PID=2162) to work on /home/airflow/.local/lib/python3.8/site-packages/airflow/example_dags/example_python_operator.py
[2025-11-02T18:44:09.600+0000] {processor.py:830} INFO - Processing file /home/airflow/.local/lib/python3.8/site-packages/airflow/example_dags/example_python_operator.py for tasks to queue
[2025-11-02T18:44:09.609+0000] {logging_mixin.py:188} INFO - [2025-11-02T18:44:09.608+0000] {dagbag.py:538} INFO - Filling up the DagBag from /home/airflow/.local/lib/python3.8/site-packages/airflow/example_dags/example_python_operator.py
[2025-11-02T18:44:09.646+0000] {processor.py:840} INFO - DAG(s) 'example_python_operator' retrieved from /home/airflow/.local/lib/python3.8/site-packages/airflow/example_dags/example_python_operator.py
[2025-11-02T18:44:09.779+0000] {logging_mixin.py:188} INFO - [2025-11-02T18:44:09.778+0000] {dag.py:3036} INFO - Sync 1 DAGs
[2025-11-02T18:44:09.854+0000] {logging_mixin.py:188} INFO - [2025-11-02T18:44:09.854+0000] {dag.py:3823} INFO - Setting next_dagrun for example_python_operator to None, run_after=None
[2025-11-02T18:44:10.069+0000] {processor.py:183} INFO - Processing /home/airflow/.local/lib/python3.8/site-packages/airflow/example_dags/example_python_operator.py took 0.340 seconds
[2025-11-02T18:44:44.100+0000] {processor.py:161} INFO - Started process (PID=2217) to work on /home/airflow/.local/lib/python3.8/site-packages/airflow/example_dags/example_python_operator.py
[2025-11-02T18:44:44.128+0000] {processor.py:830} INFO - Processing file /home/airflow/.local/lib/python3.8/site-packages/airflow/example_dags/example_python_operator.py for tasks to queue
[2025-11-02T18:44:44.160+0000] {logging_mixin.py:188} INFO - [2025-11-02T18:44:44.151+0000] {dagbag.py:538} INFO - Filling up the DagBag from /home/airflow/.local/lib/python3.8/site-packages/airflow/example_dags/example_python_operator.py
[2025-11-02T18:44:44.311+0000] {processor.py:840} INFO - DAG(s) 'example_python_operator' retrieved from /home/airflow/.local/lib/python3.8/site-packages/airflow/example_dags/example_python_operator.py
[2025-11-02T18:44:44.444+0000] {logging_mixin.py:188} INFO - [2025-11-02T18:44:44.443+0000] {dag.py:3036} INFO - Sync 1 DAGs
[2025-11-02T18:44:44.516+0000] {logging_mixin.py:188} INFO - [2025-11-02T18:44:44.515+0000] {dag.py:3823} INFO - Setting next_dagrun for example_python_operator to None, run_after=None
[2025-11-02T18:44:44.688+0000] {processor.py:183} INFO - Processing /home/airflow/.local/lib/python3.8/site-packages/airflow/example_dags/example_python_operator.py took 0.609 seconds
[2025-11-02T18:45:15.605+0000] {processor.py:161} INFO - Started process (PID=2270) to work on /home/airflow/.local/lib/python3.8/site-packages/airflow/example_dags/example_python_operator.py
[2025-11-02T18:45:15.608+0000] {processor.py:830} INFO - Processing file /home/airflow/.local/lib/python3.8/site-packages/airflow/example_dags/example_python_operator.py for tasks to queue
[2025-11-02T18:45:15.614+0000] {logging_mixin.py:188} INFO - [2025-11-02T18:45:15.613+0000] {dagbag.py:538} INFO - Filling up the DagBag from /home/airflow/.local/lib/python3.8/site-packages/airflow/example_dags/example_python_operator.py
[2025-11-02T18:45:15.642+0000] {processor.py:840} INFO - DAG(s) 'example_python_operator' retrieved from /home/airflow/.local/lib/python3.8/site-packages/airflow/example_dags/example_python_operator.py
[2025-11-02T18:45:15.709+0000] {logging_mixin.py:188} INFO - [2025-11-02T18:45:15.708+0000] {dag.py:3036} INFO - Sync 1 DAGs
[2025-11-02T18:45:15.740+0000] {logging_mixin.py:188} INFO - [2025-11-02T18:45:15.739+0000] {dag.py:3823} INFO - Setting next_dagrun for example_python_operator to None, run_after=None
[2025-11-02T18:45:15.783+0000] {processor.py:183} INFO - Processing /home/airflow/.local/lib/python3.8/site-packages/airflow/example_dags/example_python_operator.py took 0.186 seconds
[2025-11-02T18:45:45.902+0000] {processor.py:161} INFO - Started process (PID=2326) to work on /home/airflow/.local/lib/python3.8/site-packages/airflow/example_dags/example_python_operator.py
[2025-11-02T18:45:45.905+0000] {processor.py:830} INFO - Processing file /home/airflow/.local/lib/python3.8/site-packages/airflow/example_dags/example_python_operator.py for tasks to queue
[2025-11-02T18:45:45.910+0000] {logging_mixin.py:188} INFO - [2025-11-02T18:45:45.910+0000] {dagbag.py:538} INFO - Filling up the DagBag from /home/airflow/.local/lib/python3.8/site-packages/airflow/example_dags/example_python_operator.py
[2025-11-02T18:45:45.935+0000] {processor.py:840} INFO - DAG(s) 'example_python_operator' retrieved from /home/airflow/.local/lib/python3.8/site-packages/airflow/example_dags/example_python_operator.py
[2025-11-02T18:45:45.984+0000] {logging_mixin.py:188} INFO - [2025-11-02T18:45:45.983+0000] {dag.py:3036} INFO - Sync 1 DAGs
[2025-11-02T18:45:46.017+0000] {logging_mixin.py:188} INFO - [2025-11-02T18:45:46.016+0000] {dag.py:3823} INFO - Setting next_dagrun for example_python_operator to None, run_after=None
[2025-11-02T18:45:46.068+0000] {processor.py:183} INFO - Processing /home/airflow/.local/lib/python3.8/site-packages/airflow/example_dags/example_python_operator.py took 0.174 seconds
[2025-11-02T18:46:16.587+0000] {processor.py:161} INFO - Started process (PID=2380) to work on /home/airflow/.local/lib/python3.8/site-packages/airflow/example_dags/example_python_operator.py
[2025-11-02T18:46:16.589+0000] {processor.py:830} INFO - Processing file /home/airflow/.local/lib/python3.8/site-packages/airflow/example_dags/example_python_operator.py for tasks to queue
[2025-11-02T18:46:16.596+0000] {logging_mixin.py:188} INFO - [2025-11-02T18:46:16.595+0000] {dagbag.py:538} INFO - Filling up the DagBag from /home/airflow/.local/lib/python3.8/site-packages/airflow/example_dags/example_python_operator.py
[2025-11-02T18:46:16.624+0000] {processor.py:840} INFO - DAG(s) 'example_python_operator' retrieved from /home/airflow/.local/lib/python3.8/site-packages/airflow/example_dags/example_python_operator.py
[2025-11-02T18:46:16.694+0000] {logging_mixin.py:188} INFO - [2025-11-02T18:46:16.693+0000] {dag.py:3036} INFO - Sync 1 DAGs
[2025-11-02T18:46:16.727+0000] {logging_mixin.py:188} INFO - [2025-11-02T18:46:16.726+0000] {dag.py:3823} INFO - Setting next_dagrun for example_python_operator to None, run_after=None
[2025-11-02T18:46:16.803+0000] {processor.py:183} INFO - Processing /home/airflow/.local/lib/python3.8/site-packages/airflow/example_dags/example_python_operator.py took 0.224 seconds
[2025-11-02T18:46:46.977+0000] {processor.py:161} INFO - Started process (PID=2435) to work on /home/airflow/.local/lib/python3.8/site-packages/airflow/example_dags/example_python_operator.py
[2025-11-02T18:46:46.985+0000] {processor.py:830} INFO - Processing file /home/airflow/.local/lib/python3.8/site-packages/airflow/example_dags/example_python_operator.py for tasks to queue
[2025-11-02T18:46:46.998+0000] {logging_mixin.py:188} INFO - [2025-11-02T18:46:46.997+0000] {dagbag.py:538} INFO - Filling up the DagBag from /home/airflow/.local/lib/python3.8/site-packages/airflow/example_dags/example_python_operator.py
[2025-11-02T18:46:47.085+0000] {processor.py:840} INFO - DAG(s) 'example_python_operator' retrieved from /home/airflow/.local/lib/python3.8/site-packages/airflow/example_dags/example_python_operator.py
[2025-11-02T18:46:47.298+0000] {logging_mixin.py:188} INFO - [2025-11-02T18:46:47.297+0000] {dag.py:3036} INFO - Sync 1 DAGs
[2025-11-02T18:46:47.359+0000] {logging_mixin.py:188} INFO - [2025-11-02T18:46:47.358+0000] {dag.py:3823} INFO - Setting next_dagrun for example_python_operator to None, run_after=None
[2025-11-02T18:46:47.424+0000] {processor.py:183} INFO - Processing /home/airflow/.local/lib/python3.8/site-packages/airflow/example_dags/example_python_operator.py took 0.464 seconds
[2025-11-02T18:47:17.516+0000] {processor.py:161} INFO - Started process (PID=2492) to work on /home/airflow/.local/lib/python3.8/site-packages/airflow/example_dags/example_python_operator.py
[2025-11-02T18:47:17.519+0000] {processor.py:830} INFO - Processing file /home/airflow/.local/lib/python3.8/site-packages/airflow/example_dags/example_python_operator.py for tasks to queue
[2025-11-02T18:47:17.524+0000] {logging_mixin.py:188} INFO - [2025-11-02T18:47:17.523+0000] {dagbag.py:538} INFO - Filling up the DagBag from /home/airflow/.local/lib/python3.8/site-packages/airflow/example_dags/example_python_operator.py
[2025-11-02T18:47:17.553+0000] {processor.py:840} INFO - DAG(s) 'example_python_operator' retrieved from /home/airflow/.local/lib/python3.8/site-packages/airflow/example_dags/example_python_operator.py
[2025-11-02T18:47:17.615+0000] {logging_mixin.py:188} INFO - [2025-11-02T18:47:17.614+0000] {dag.py:3036} INFO - Sync 1 DAGs
[2025-11-02T18:47:17.639+0000] {logging_mixin.py:188} INFO - [2025-11-02T18:47:17.638+0000] {dag.py:3823} INFO - Setting next_dagrun for example_python_operator to None, run_after=None
[2025-11-02T18:47:17.679+0000] {processor.py:183} INFO - Processing /home/airflow/.local/lib/python3.8/site-packages/airflow/example_dags/example_python_operator.py took 0.176 seconds
[2025-11-02T18:47:48.546+0000] {processor.py:161} INFO - Started process (PID=2547) to work on /home/airflow/.local/lib/python3.8/site-packages/airflow/example_dags/example_python_operator.py
[2025-11-02T18:47:48.549+0000] {processor.py:830} INFO - Processing file /home/airflow/.local/lib/python3.8/site-packages/airflow/example_dags/example_python_operator.py for tasks to queue
[2025-11-02T18:47:48.554+0000] {logging_mixin.py:188} INFO - [2025-11-02T18:47:48.554+0000] {dagbag.py:538} INFO - Filling up the DagBag from /home/airflow/.local/lib/python3.8/site-packages/airflow/example_dags/example_python_operator.py
[2025-11-02T18:47:48.580+0000] {processor.py:840} INFO - DAG(s) 'example_python_operator' retrieved from /home/airflow/.local/lib/python3.8/site-packages/airflow/example_dags/example_python_operator.py
[2025-11-02T18:47:48.642+0000] {logging_mixin.py:188} INFO - [2025-11-02T18:47:48.641+0000] {dag.py:3036} INFO - Sync 1 DAGs
[2025-11-02T18:47:48.666+0000] {logging_mixin.py:188} INFO - [2025-11-02T18:47:48.666+0000] {dag.py:3823} INFO - Setting next_dagrun for example_python_operator to None, run_after=None
[2025-11-02T18:47:48.703+0000] {processor.py:183} INFO - Processing /home/airflow/.local/lib/python3.8/site-packages/airflow/example_dags/example_python_operator.py took 0.167 seconds
[2025-11-02T18:48:18.898+0000] {processor.py:161} INFO - Started process (PID=2601) to work on /home/airflow/.local/lib/python3.8/site-packages/airflow/example_dags/example_python_operator.py
[2025-11-02T18:48:18.902+0000] {processor.py:830} INFO - Processing file /home/airflow/.local/lib/python3.8/site-packages/airflow/example_dags/example_python_operator.py for tasks to queue
[2025-11-02T18:48:18.907+0000] {logging_mixin.py:188} INFO - [2025-11-02T18:48:18.906+0000] {dagbag.py:538} INFO - Filling up the DagBag from /home/airflow/.local/lib/python3.8/site-packages/airflow/example_dags/example_python_operator.py
[2025-11-02T18:48:18.946+0000] {processor.py:840} INFO - DAG(s) 'example_python_operator' retrieved from /home/airflow/.local/lib/python3.8/site-packages/airflow/example_dags/example_python_operator.py
[2025-11-02T18:48:19.031+0000] {logging_mixin.py:188} INFO - [2025-11-02T18:48:19.031+0000] {dag.py:3036} INFO - Sync 1 DAGs
[2025-11-02T18:48:19.063+0000] {logging_mixin.py:188} INFO - [2025-11-02T18:48:19.062+0000] {dag.py:3823} INFO - Setting next_dagrun for example_python_operator to None, run_after=None
[2025-11-02T18:48:19.107+0000] {processor.py:183} INFO - Processing /home/airflow/.local/lib/python3.8/site-packages/airflow/example_dags/example_python_operator.py took 0.221 seconds
[2025-11-02T18:48:49.189+0000] {processor.py:161} INFO - Started process (PID=2656) to work on /home/airflow/.local/lib/python3.8/site-packages/airflow/example_dags/example_python_operator.py
[2025-11-02T18:48:49.192+0000] {processor.py:830} INFO - Processing file /home/airflow/.local/lib/python3.8/site-packages/airflow/example_dags/example_python_operator.py for tasks to queue
[2025-11-02T18:48:49.199+0000] {logging_mixin.py:188} INFO - [2025-11-02T18:48:49.198+0000] {dagbag.py:538} INFO - Filling up the DagBag from /home/airflow/.local/lib/python3.8/site-packages/airflow/example_dags/example_python_operator.py
[2025-11-02T18:48:49.227+0000] {processor.py:840} INFO - DAG(s) 'example_python_operator' retrieved from /home/airflow/.local/lib/python3.8/site-packages/airflow/example_dags/example_python_operator.py
[2025-11-02T18:48:49.318+0000] {logging_mixin.py:188} INFO - [2025-11-02T18:48:49.317+0000] {dag.py:3036} INFO - Sync 1 DAGs
[2025-11-02T18:48:49.343+0000] {logging_mixin.py:188} INFO - [2025-11-02T18:48:49.343+0000] {dag.py:3823} INFO - Setting next_dagrun for example_python_operator to None, run_after=None
[2025-11-02T18:48:49.384+0000] {processor.py:183} INFO - Processing /home/airflow/.local/lib/python3.8/site-packages/airflow/example_dags/example_python_operator.py took 0.206 seconds
[2025-11-02T18:49:19.860+0000] {processor.py:161} INFO - Started process (PID=2712) to work on /home/airflow/.local/lib/python3.8/site-packages/airflow/example_dags/example_python_operator.py
[2025-11-02T18:49:19.863+0000] {processor.py:830} INFO - Processing file /home/airflow/.local/lib/python3.8/site-packages/airflow/example_dags/example_python_operator.py for tasks to queue
[2025-11-02T18:49:19.869+0000] {logging_mixin.py:188} INFO - [2025-11-02T18:49:19.868+0000] {dagbag.py:538} INFO - Filling up the DagBag from /home/airflow/.local/lib/python3.8/site-packages/airflow/example_dags/example_python_operator.py
[2025-11-02T18:49:19.900+0000] {processor.py:840} INFO - DAG(s) 'example_python_operator' retrieved from /home/airflow/.local/lib/python3.8/site-packages/airflow/example_dags/example_python_operator.py
[2025-11-02T18:49:20.339+0000] {logging_mixin.py:188} INFO - [2025-11-02T18:49:20.336+0000] {dag.py:3036} INFO - Sync 1 DAGs
[2025-11-02T18:49:20.363+0000] {logging_mixin.py:188} INFO - [2025-11-02T18:49:20.362+0000] {dag.py:3823} INFO - Setting next_dagrun for example_python_operator to None, run_after=None
[2025-11-02T18:49:20.404+0000] {processor.py:183} INFO - Processing /home/airflow/.local/lib/python3.8/site-packages/airflow/example_dags/example_python_operator.py took 0.554 seconds
[2025-11-02T18:49:50.819+0000] {processor.py:161} INFO - Started process (PID=2767) to work on /home/airflow/.local/lib/python3.8/site-packages/airflow/example_dags/example_python_operator.py
[2025-11-02T18:49:50.825+0000] {processor.py:830} INFO - Processing file /home/airflow/.local/lib/python3.8/site-packages/airflow/example_dags/example_python_operator.py for tasks to queue
[2025-11-02T18:49:50.854+0000] {logging_mixin.py:188} INFO - [2025-11-02T18:49:50.842+0000] {dagbag.py:538} INFO - Filling up the DagBag from /home/airflow/.local/lib/python3.8/site-packages/airflow/example_dags/example_python_operator.py
[2025-11-02T18:49:50.923+0000] {processor.py:840} INFO - DAG(s) 'example_python_operator' retrieved from /home/airflow/.local/lib/python3.8/site-packages/airflow/example_dags/example_python_operator.py
[2025-11-02T18:49:51.089+0000] {logging_mixin.py:188} INFO - [2025-11-02T18:49:51.087+0000] {dag.py:3036} INFO - Sync 1 DAGs
[2025-11-02T18:49:51.597+0000] {logging_mixin.py:188} INFO - [2025-11-02T18:49:51.597+0000] {dag.py:3823} INFO - Setting next_dagrun for example_python_operator to None, run_after=None
[2025-11-02T18:49:51.645+0000] {processor.py:183} INFO - Processing /home/airflow/.local/lib/python3.8/site-packages/airflow/example_dags/example_python_operator.py took 0.847 seconds
[2025-11-02T18:50:22.351+0000] {processor.py:161} INFO - Started process (PID=2822) to work on /home/airflow/.local/lib/python3.8/site-packages/airflow/example_dags/example_python_operator.py
[2025-11-02T18:50:22.354+0000] {processor.py:830} INFO - Processing file /home/airflow/.local/lib/python3.8/site-packages/airflow/example_dags/example_python_operator.py for tasks to queue
[2025-11-02T18:50:22.359+0000] {logging_mixin.py:188} INFO - [2025-11-02T18:50:22.358+0000] {dagbag.py:538} INFO - Filling up the DagBag from /home/airflow/.local/lib/python3.8/site-packages/airflow/example_dags/example_python_operator.py
[2025-11-02T18:50:22.385+0000] {processor.py:840} INFO - DAG(s) 'example_python_operator' retrieved from /home/airflow/.local/lib/python3.8/site-packages/airflow/example_dags/example_python_operator.py
[2025-11-02T18:50:22.444+0000] {logging_mixin.py:188} INFO - [2025-11-02T18:50:22.443+0000] {dag.py:3036} INFO - Sync 1 DAGs
[2025-11-02T18:50:22.474+0000] {logging_mixin.py:188} INFO - [2025-11-02T18:50:22.474+0000] {dag.py:3823} INFO - Setting next_dagrun for example_python_operator to None, run_after=None
[2025-11-02T18:50:22.524+0000] {processor.py:183} INFO - Processing /home/airflow/.local/lib/python3.8/site-packages/airflow/example_dags/example_python_operator.py took 0.185 seconds
[2025-11-02T18:50:53.429+0000] {processor.py:161} INFO - Started process (PID=2877) to work on /home/airflow/.local/lib/python3.8/site-packages/airflow/example_dags/example_python_operator.py
[2025-11-02T18:50:53.433+0000] {processor.py:830} INFO - Processing file /home/airflow/.local/lib/python3.8/site-packages/airflow/example_dags/example_python_operator.py for tasks to queue
[2025-11-02T18:50:53.441+0000] {logging_mixin.py:188} INFO - [2025-11-02T18:50:53.440+0000] {dagbag.py:538} INFO - Filling up the DagBag from /home/airflow/.local/lib/python3.8/site-packages/airflow/example_dags/example_python_operator.py
[2025-11-02T18:50:53.488+0000] {processor.py:840} INFO - DAG(s) 'example_python_operator' retrieved from /home/airflow/.local/lib/python3.8/site-packages/airflow/example_dags/example_python_operator.py
[2025-11-02T18:50:53.572+0000] {logging_mixin.py:188} INFO - [2025-11-02T18:50:53.571+0000] {dag.py:3036} INFO - Sync 1 DAGs
[2025-11-02T18:50:53.606+0000] {logging_mixin.py:188} INFO - [2025-11-02T18:50:53.605+0000] {dag.py:3823} INFO - Setting next_dagrun for example_python_operator to None, run_after=None
[2025-11-02T18:50:53.665+0000] {processor.py:183} INFO - Processing /home/airflow/.local/lib/python3.8/site-packages/airflow/example_dags/example_python_operator.py took 0.250 seconds
[2025-11-02T18:51:24.112+0000] {processor.py:161} INFO - Started process (PID=2932) to work on /home/airflow/.local/lib/python3.8/site-packages/airflow/example_dags/example_python_operator.py
[2025-11-02T18:51:24.116+0000] {processor.py:830} INFO - Processing file /home/airflow/.local/lib/python3.8/site-packages/airflow/example_dags/example_python_operator.py for tasks to queue
[2025-11-02T18:51:24.125+0000] {logging_mixin.py:188} INFO - [2025-11-02T18:51:24.124+0000] {dagbag.py:538} INFO - Filling up the DagBag from /home/airflow/.local/lib/python3.8/site-packages/airflow/example_dags/example_python_operator.py
[2025-11-02T18:51:24.171+0000] {processor.py:840} INFO - DAG(s) 'example_python_operator' retrieved from /home/airflow/.local/lib/python3.8/site-packages/airflow/example_dags/example_python_operator.py
[2025-11-02T18:51:24.261+0000] {logging_mixin.py:188} INFO - [2025-11-02T18:51:24.260+0000] {dag.py:3036} INFO - Sync 1 DAGs
[2025-11-02T18:51:24.305+0000] {logging_mixin.py:188} INFO - [2025-11-02T18:51:24.304+0000] {dag.py:3823} INFO - Setting next_dagrun for example_python_operator to None, run_after=None
[2025-11-02T18:51:24.385+0000] {processor.py:183} INFO - Processing /home/airflow/.local/lib/python3.8/site-packages/airflow/example_dags/example_python_operator.py took 0.287 seconds
[2025-11-02T18:51:54.753+0000] {processor.py:161} INFO - Started process (PID=2986) to work on /home/airflow/.local/lib/python3.8/site-packages/airflow/example_dags/example_python_operator.py
[2025-11-02T18:51:54.766+0000] {processor.py:830} INFO - Processing file /home/airflow/.local/lib/python3.8/site-packages/airflow/example_dags/example_python_operator.py for tasks to queue
[2025-11-02T18:51:54.776+0000] {logging_mixin.py:188} INFO - [2025-11-02T18:51:54.775+0000] {dagbag.py:538} INFO - Filling up the DagBag from /home/airflow/.local/lib/python3.8/site-packages/airflow/example_dags/example_python_operator.py
[2025-11-02T18:51:54.817+0000] {processor.py:840} INFO - DAG(s) 'example_python_operator' retrieved from /home/airflow/.local/lib/python3.8/site-packages/airflow/example_dags/example_python_operator.py
[2025-11-02T18:51:54.921+0000] {logging_mixin.py:188} INFO - [2025-11-02T18:51:54.920+0000] {dag.py:3036} INFO - Sync 1 DAGs
[2025-11-02T18:51:54.979+0000] {logging_mixin.py:188} INFO - [2025-11-02T18:51:54.979+0000] {dag.py:3823} INFO - Setting next_dagrun for example_python_operator to None, run_after=None
[2025-11-02T18:51:55.043+0000] {processor.py:183} INFO - Processing /home/airflow/.local/lib/python3.8/site-packages/airflow/example_dags/example_python_operator.py took 0.340 seconds
[2025-11-02T18:52:25.345+0000] {processor.py:161} INFO - Started process (PID=3041) to work on /home/airflow/.local/lib/python3.8/site-packages/airflow/example_dags/example_python_operator.py
[2025-11-02T18:52:25.348+0000] {processor.py:830} INFO - Processing file /home/airflow/.local/lib/python3.8/site-packages/airflow/example_dags/example_python_operator.py for tasks to queue
[2025-11-02T18:52:25.353+0000] {logging_mixin.py:188} INFO - [2025-11-02T18:52:25.353+0000] {dagbag.py:538} INFO - Filling up the DagBag from /home/airflow/.local/lib/python3.8/site-packages/airflow/example_dags/example_python_operator.py
[2025-11-02T18:52:25.377+0000] {processor.py:840} INFO - DAG(s) 'example_python_operator' retrieved from /home/airflow/.local/lib/python3.8/site-packages/airflow/example_dags/example_python_operator.py
[2025-11-02T18:52:25.425+0000] {logging_mixin.py:188} INFO - [2025-11-02T18:52:25.424+0000] {dag.py:3036} INFO - Sync 1 DAGs
[2025-11-02T18:52:25.450+0000] {logging_mixin.py:188} INFO - [2025-11-02T18:52:25.449+0000] {dag.py:3823} INFO - Setting next_dagrun for example_python_operator to None, run_after=None
[2025-11-02T18:52:25.496+0000] {processor.py:183} INFO - Processing /home/airflow/.local/lib/python3.8/site-packages/airflow/example_dags/example_python_operator.py took 0.164 seconds
[2025-11-02T18:52:55.845+0000] {processor.py:161} INFO - Started process (PID=3097) to work on /home/airflow/.local/lib/python3.8/site-packages/airflow/example_dags/example_python_operator.py
[2025-11-02T18:52:55.849+0000] {processor.py:830} INFO - Processing file /home/airflow/.local/lib/python3.8/site-packages/airflow/example_dags/example_python_operator.py for tasks to queue
[2025-11-02T18:52:55.856+0000] {logging_mixin.py:188} INFO - [2025-11-02T18:52:55.855+0000] {dagbag.py:538} INFO - Filling up the DagBag from /home/airflow/.local/lib/python3.8/site-packages/airflow/example_dags/example_python_operator.py
[2025-11-02T18:52:55.893+0000] {processor.py:840} INFO - DAG(s) 'example_python_operator' retrieved from /home/airflow/.local/lib/python3.8/site-packages/airflow/example_dags/example_python_operator.py
[2025-11-02T18:52:55.962+0000] {logging_mixin.py:188} INFO - [2025-11-02T18:52:55.961+0000] {dag.py:3036} INFO - Sync 1 DAGs
[2025-11-02T18:52:56.003+0000] {logging_mixin.py:188} INFO - [2025-11-02T18:52:56.002+0000] {dag.py:3823} INFO - Setting next_dagrun for example_python_operator to None, run_after=None
[2025-11-02T18:52:56.050+0000] {processor.py:183} INFO - Processing /home/airflow/.local/lib/python3.8/site-packages/airflow/example_dags/example_python_operator.py took 0.216 seconds
[2025-11-02T18:53:26.541+0000] {processor.py:161} INFO - Started process (PID=3152) to work on /home/airflow/.local/lib/python3.8/site-packages/airflow/example_dags/example_python_operator.py
[2025-11-02T18:53:26.545+0000] {processor.py:830} INFO - Processing file /home/airflow/.local/lib/python3.8/site-packages/airflow/example_dags/example_python_operator.py for tasks to queue
[2025-11-02T18:53:26.552+0000] {logging_mixin.py:188} INFO - [2025-11-02T18:53:26.551+0000] {dagbag.py:538} INFO - Filling up the DagBag from /home/airflow/.local/lib/python3.8/site-packages/airflow/example_dags/example_python_operator.py
[2025-11-02T18:53:26.592+0000] {processor.py:840} INFO - DAG(s) 'example_python_operator' retrieved from /home/airflow/.local/lib/python3.8/site-packages/airflow/example_dags/example_python_operator.py
[2025-11-02T18:53:26.654+0000] {logging_mixin.py:188} INFO - [2025-11-02T18:53:26.654+0000] {dag.py:3036} INFO - Sync 1 DAGs
[2025-11-02T18:53:26.683+0000] {logging_mixin.py:188} INFO - [2025-11-02T18:53:26.682+0000] {dag.py:3823} INFO - Setting next_dagrun for example_python_operator to None, run_after=None
[2025-11-02T18:53:26.739+0000] {processor.py:183} INFO - Processing /home/airflow/.local/lib/python3.8/site-packages/airflow/example_dags/example_python_operator.py took 0.209 seconds
[2025-11-02T18:53:56.923+0000] {processor.py:161} INFO - Started process (PID=3207) to work on /home/airflow/.local/lib/python3.8/site-packages/airflow/example_dags/example_python_operator.py
[2025-11-02T18:53:56.926+0000] {processor.py:830} INFO - Processing file /home/airflow/.local/lib/python3.8/site-packages/airflow/example_dags/example_python_operator.py for tasks to queue
[2025-11-02T18:53:56.931+0000] {logging_mixin.py:188} INFO - [2025-11-02T18:53:56.930+0000] {dagbag.py:538} INFO - Filling up the DagBag from /home/airflow/.local/lib/python3.8/site-packages/airflow/example_dags/example_python_operator.py
[2025-11-02T18:53:56.961+0000] {processor.py:840} INFO - DAG(s) 'example_python_operator' retrieved from /home/airflow/.local/lib/python3.8/site-packages/airflow/example_dags/example_python_operator.py
[2025-11-02T18:53:57.024+0000] {logging_mixin.py:188} INFO - [2025-11-02T18:53:57.023+0000] {dag.py:3036} INFO - Sync 1 DAGs
[2025-11-02T18:53:57.052+0000] {logging_mixin.py:188} INFO - [2025-11-02T18:53:57.051+0000] {dag.py:3823} INFO - Setting next_dagrun for example_python_operator to None, run_after=None
[2025-11-02T18:53:57.100+0000] {processor.py:183} INFO - Processing /home/airflow/.local/lib/python3.8/site-packages/airflow/example_dags/example_python_operator.py took 0.186 seconds
[2025-11-02T18:54:28.039+0000] {processor.py:161} INFO - Started process (PID=3262) to work on /home/airflow/.local/lib/python3.8/site-packages/airflow/example_dags/example_python_operator.py
[2025-11-02T18:54:28.042+0000] {processor.py:830} INFO - Processing file /home/airflow/.local/lib/python3.8/site-packages/airflow/example_dags/example_python_operator.py for tasks to queue
[2025-11-02T18:54:28.048+0000] {logging_mixin.py:188} INFO - [2025-11-02T18:54:28.047+0000] {dagbag.py:538} INFO - Filling up the DagBag from /home/airflow/.local/lib/python3.8/site-packages/airflow/example_dags/example_python_operator.py
[2025-11-02T18:54:28.081+0000] {processor.py:840} INFO - DAG(s) 'example_python_operator' retrieved from /home/airflow/.local/lib/python3.8/site-packages/airflow/example_dags/example_python_operator.py
[2025-11-02T18:54:28.143+0000] {logging_mixin.py:188} INFO - [2025-11-02T18:54:28.142+0000] {dag.py:3036} INFO - Sync 1 DAGs
[2025-11-02T18:54:28.175+0000] {logging_mixin.py:188} INFO - [2025-11-02T18:54:28.174+0000] {dag.py:3823} INFO - Setting next_dagrun for example_python_operator to None, run_after=None
[2025-11-02T18:54:28.236+0000] {processor.py:183} INFO - Processing /home/airflow/.local/lib/python3.8/site-packages/airflow/example_dags/example_python_operator.py took 0.209 seconds
[2025-11-02T18:54:58.460+0000] {processor.py:161} INFO - Started process (PID=3317) to work on /home/airflow/.local/lib/python3.8/site-packages/airflow/example_dags/example_python_operator.py
[2025-11-02T18:54:58.464+0000] {processor.py:830} INFO - Processing file /home/airflow/.local/lib/python3.8/site-packages/airflow/example_dags/example_python_operator.py for tasks to queue
[2025-11-02T18:54:58.471+0000] {logging_mixin.py:188} INFO - [2025-11-02T18:54:58.470+0000] {dagbag.py:538} INFO - Filling up the DagBag from /home/airflow/.local/lib/python3.8/site-packages/airflow/example_dags/example_python_operator.py
[2025-11-02T18:54:58.507+0000] {processor.py:840} INFO - DAG(s) 'example_python_operator' retrieved from /home/airflow/.local/lib/python3.8/site-packages/airflow/example_dags/example_python_operator.py
[2025-11-02T18:54:58.593+0000] {logging_mixin.py:188} INFO - [2025-11-02T18:54:58.592+0000] {dag.py:3036} INFO - Sync 1 DAGs
[2025-11-02T18:54:58.641+0000] {logging_mixin.py:188} INFO - [2025-11-02T18:54:58.641+0000] {dag.py:3823} INFO - Setting next_dagrun for example_python_operator to None, run_after=None
[2025-11-02T18:54:58.733+0000] {processor.py:183} INFO - Processing /home/airflow/.local/lib/python3.8/site-packages/airflow/example_dags/example_python_operator.py took 0.287 seconds
[2025-11-02T18:55:29.763+0000] {processor.py:161} INFO - Started process (PID=3372) to work on /home/airflow/.local/lib/python3.8/site-packages/airflow/example_dags/example_python_operator.py
[2025-11-02T18:55:29.766+0000] {processor.py:830} INFO - Processing file /home/airflow/.local/lib/python3.8/site-packages/airflow/example_dags/example_python_operator.py for tasks to queue
[2025-11-02T18:55:29.773+0000] {logging_mixin.py:188} INFO - [2025-11-02T18:55:29.772+0000] {dagbag.py:538} INFO - Filling up the DagBag from /home/airflow/.local/lib/python3.8/site-packages/airflow/example_dags/example_python_operator.py
[2025-11-02T18:55:29.806+0000] {processor.py:840} INFO - DAG(s) 'example_python_operator' retrieved from /home/airflow/.local/lib/python3.8/site-packages/airflow/example_dags/example_python_operator.py
[2025-11-02T18:55:29.875+0000] {logging_mixin.py:188} INFO - [2025-11-02T18:55:29.875+0000] {dag.py:3036} INFO - Sync 1 DAGs
[2025-11-02T18:55:29.937+0000] {logging_mixin.py:188} INFO - [2025-11-02T18:55:29.936+0000] {dag.py:3823} INFO - Setting next_dagrun for example_python_operator to None, run_after=None
[2025-11-02T18:55:29.986+0000] {processor.py:183} INFO - Processing /home/airflow/.local/lib/python3.8/site-packages/airflow/example_dags/example_python_operator.py took 0.231 seconds
[2025-11-02T18:56:00.262+0000] {processor.py:161} INFO - Started process (PID=3429) to work on /home/airflow/.local/lib/python3.8/site-packages/airflow/example_dags/example_python_operator.py
[2025-11-02T18:56:00.267+0000] {processor.py:830} INFO - Processing file /home/airflow/.local/lib/python3.8/site-packages/airflow/example_dags/example_python_operator.py for tasks to queue
[2025-11-02T18:56:00.273+0000] {logging_mixin.py:188} INFO - [2025-11-02T18:56:00.272+0000] {dagbag.py:538} INFO - Filling up the DagBag from /home/airflow/.local/lib/python3.8/site-packages/airflow/example_dags/example_python_operator.py
[2025-11-02T18:56:00.307+0000] {processor.py:840} INFO - DAG(s) 'example_python_operator' retrieved from /home/airflow/.local/lib/python3.8/site-packages/airflow/example_dags/example_python_operator.py
[2025-11-02T18:56:00.351+0000] {logging_mixin.py:188} INFO - [2025-11-02T18:56:00.351+0000] {dag.py:3036} INFO - Sync 1 DAGs
[2025-11-02T18:56:00.375+0000] {logging_mixin.py:188} INFO - [2025-11-02T18:56:00.374+0000] {dag.py:3823} INFO - Setting next_dagrun for example_python_operator to None, run_after=None
[2025-11-02T18:56:00.413+0000] {processor.py:183} INFO - Processing /home/airflow/.local/lib/python3.8/site-packages/airflow/example_dags/example_python_operator.py took 0.161 seconds
[2025-11-02T18:56:30.951+0000] {processor.py:161} INFO - Started process (PID=3483) to work on /home/airflow/.local/lib/python3.8/site-packages/airflow/example_dags/example_python_operator.py
[2025-11-02T18:56:30.957+0000] {processor.py:830} INFO - Processing file /home/airflow/.local/lib/python3.8/site-packages/airflow/example_dags/example_python_operator.py for tasks to queue
[2025-11-02T18:56:30.962+0000] {logging_mixin.py:188} INFO - [2025-11-02T18:56:30.961+0000] {dagbag.py:538} INFO - Filling up the DagBag from /home/airflow/.local/lib/python3.8/site-packages/airflow/example_dags/example_python_operator.py
[2025-11-02T18:56:30.989+0000] {processor.py:840} INFO - DAG(s) 'example_python_operator' retrieved from /home/airflow/.local/lib/python3.8/site-packages/airflow/example_dags/example_python_operator.py
[2025-11-02T18:56:31.050+0000] {logging_mixin.py:188} INFO - [2025-11-02T18:56:31.050+0000] {dag.py:3036} INFO - Sync 1 DAGs
[2025-11-02T18:56:31.086+0000] {logging_mixin.py:188} INFO - [2025-11-02T18:56:31.086+0000] {dag.py:3823} INFO - Setting next_dagrun for example_python_operator to None, run_after=None
[2025-11-02T18:56:31.138+0000] {processor.py:183} INFO - Processing /home/airflow/.local/lib/python3.8/site-packages/airflow/example_dags/example_python_operator.py took 0.196 seconds
[2025-11-02T18:57:01.552+0000] {processor.py:161} INFO - Started process (PID=3538) to work on /home/airflow/.local/lib/python3.8/site-packages/airflow/example_dags/example_python_operator.py
[2025-11-02T18:57:01.555+0000] {processor.py:830} INFO - Processing file /home/airflow/.local/lib/python3.8/site-packages/airflow/example_dags/example_python_operator.py for tasks to queue
[2025-11-02T18:57:01.559+0000] {logging_mixin.py:188} INFO - [2025-11-02T18:57:01.559+0000] {dagbag.py:538} INFO - Filling up the DagBag from /home/airflow/.local/lib/python3.8/site-packages/airflow/example_dags/example_python_operator.py
[2025-11-02T18:57:01.582+0000] {processor.py:840} INFO - DAG(s) 'example_python_operator' retrieved from /home/airflow/.local/lib/python3.8/site-packages/airflow/example_dags/example_python_operator.py
[2025-11-02T18:57:01.629+0000] {logging_mixin.py:188} INFO - [2025-11-02T18:57:01.629+0000] {dag.py:3036} INFO - Sync 1 DAGs
[2025-11-02T18:57:01.663+0000] {logging_mixin.py:188} INFO - [2025-11-02T18:57:01.662+0000] {dag.py:3823} INFO - Setting next_dagrun for example_python_operator to None, run_after=None
[2025-11-02T18:57:01.701+0000] {processor.py:183} INFO - Processing /home/airflow/.local/lib/python3.8/site-packages/airflow/example_dags/example_python_operator.py took 0.158 seconds
[2025-11-02T18:57:32.342+0000] {processor.py:161} INFO - Started process (PID=3593) to work on /home/airflow/.local/lib/python3.8/site-packages/airflow/example_dags/example_python_operator.py
[2025-11-02T18:57:32.344+0000] {processor.py:830} INFO - Processing file /home/airflow/.local/lib/python3.8/site-packages/airflow/example_dags/example_python_operator.py for tasks to queue
[2025-11-02T18:57:32.349+0000] {logging_mixin.py:188} INFO - [2025-11-02T18:57:32.348+0000] {dagbag.py:538} INFO - Filling up the DagBag from /home/airflow/.local/lib/python3.8/site-packages/airflow/example_dags/example_python_operator.py
[2025-11-02T18:57:32.381+0000] {processor.py:840} INFO - DAG(s) 'example_python_operator' retrieved from /home/airflow/.local/lib/python3.8/site-packages/airflow/example_dags/example_python_operator.py
[2025-11-02T18:57:32.439+0000] {logging_mixin.py:188} INFO - [2025-11-02T18:57:32.439+0000] {dag.py:3036} INFO - Sync 1 DAGs
[2025-11-02T18:57:32.465+0000] {logging_mixin.py:188} INFO - [2025-11-02T18:57:32.464+0000] {dag.py:3823} INFO - Setting next_dagrun for example_python_operator to None, run_after=None
[2025-11-02T18:57:32.502+0000] {processor.py:183} INFO - Processing /home/airflow/.local/lib/python3.8/site-packages/airflow/example_dags/example_python_operator.py took 0.171 seconds
[2025-11-02T18:58:03.363+0000] {processor.py:161} INFO - Started process (PID=3648) to work on /home/airflow/.local/lib/python3.8/site-packages/airflow/example_dags/example_python_operator.py
[2025-11-02T18:58:03.367+0000] {processor.py:830} INFO - Processing file /home/airflow/.local/lib/python3.8/site-packages/airflow/example_dags/example_python_operator.py for tasks to queue
[2025-11-02T18:58:03.377+0000] {logging_mixin.py:188} INFO - [2025-11-02T18:58:03.376+0000] {dagbag.py:538} INFO - Filling up the DagBag from /home/airflow/.local/lib/python3.8/site-packages/airflow/example_dags/example_python_operator.py
[2025-11-02T18:58:03.418+0000] {processor.py:840} INFO - DAG(s) 'example_python_operator' retrieved from /home/airflow/.local/lib/python3.8/site-packages/airflow/example_dags/example_python_operator.py
[2025-11-02T18:58:03.505+0000] {logging_mixin.py:188} INFO - [2025-11-02T18:58:03.505+0000] {dag.py:3036} INFO - Sync 1 DAGs
[2025-11-02T18:58:03.550+0000] {logging_mixin.py:188} INFO - [2025-11-02T18:58:03.550+0000] {dag.py:3823} INFO - Setting next_dagrun for example_python_operator to None, run_after=None
[2025-11-02T18:58:03.643+0000] {processor.py:183} INFO - Processing /home/airflow/.local/lib/python3.8/site-packages/airflow/example_dags/example_python_operator.py took 0.299 seconds
[2025-11-02T18:58:33.811+0000] {processor.py:161} INFO - Started process (PID=3704) to work on /home/airflow/.local/lib/python3.8/site-packages/airflow/example_dags/example_python_operator.py
[2025-11-02T18:58:33.814+0000] {processor.py:830} INFO - Processing file /home/airflow/.local/lib/python3.8/site-packages/airflow/example_dags/example_python_operator.py for tasks to queue
[2025-11-02T18:58:33.819+0000] {logging_mixin.py:188} INFO - [2025-11-02T18:58:33.819+0000] {dagbag.py:538} INFO - Filling up the DagBag from /home/airflow/.local/lib/python3.8/site-packages/airflow/example_dags/example_python_operator.py
[2025-11-02T18:58:33.849+0000] {processor.py:840} INFO - DAG(s) 'example_python_operator' retrieved from /home/airflow/.local/lib/python3.8/site-packages/airflow/example_dags/example_python_operator.py
[2025-11-02T18:58:33.910+0000] {logging_mixin.py:188} INFO - [2025-11-02T18:58:33.910+0000] {dag.py:3036} INFO - Sync 1 DAGs
[2025-11-02T18:58:33.943+0000] {logging_mixin.py:188} INFO - [2025-11-02T18:58:33.943+0000] {dag.py:3823} INFO - Setting next_dagrun for example_python_operator to None, run_after=None
[2025-11-02T18:58:33.987+0000] {processor.py:183} INFO - Processing /home/airflow/.local/lib/python3.8/site-packages/airflow/example_dags/example_python_operator.py took 0.185 seconds
[2025-11-02T18:59:04.797+0000] {processor.py:161} INFO - Started process (PID=3764) to work on /home/airflow/.local/lib/python3.8/site-packages/airflow/example_dags/example_python_operator.py
[2025-11-02T18:59:04.809+0000] {processor.py:830} INFO - Processing file /home/airflow/.local/lib/python3.8/site-packages/airflow/example_dags/example_python_operator.py for tasks to queue
[2025-11-02T18:59:04.829+0000] {logging_mixin.py:188} INFO - [2025-11-02T18:59:04.828+0000] {dagbag.py:538} INFO - Filling up the DagBag from /home/airflow/.local/lib/python3.8/site-packages/airflow/example_dags/example_python_operator.py
[2025-11-02T18:59:04.941+0000] {processor.py:840} INFO - DAG(s) 'example_python_operator' retrieved from /home/airflow/.local/lib/python3.8/site-packages/airflow/example_dags/example_python_operator.py
[2025-11-02T18:59:05.066+0000] {logging_mixin.py:188} INFO - [2025-11-02T18:59:05.066+0000] {dag.py:3036} INFO - Sync 1 DAGs
[2025-11-02T18:59:05.109+0000] {logging_mixin.py:188} INFO - [2025-11-02T18:59:05.109+0000] {dag.py:3823} INFO - Setting next_dagrun for example_python_operator to None, run_after=None
[2025-11-02T18:59:05.201+0000] {processor.py:183} INFO - Processing /home/airflow/.local/lib/python3.8/site-packages/airflow/example_dags/example_python_operator.py took 0.437 seconds
[2025-11-02T18:59:35.987+0000] {processor.py:161} INFO - Started process (PID=3818) to work on /home/airflow/.local/lib/python3.8/site-packages/airflow/example_dags/example_python_operator.py
[2025-11-02T18:59:35.989+0000] {processor.py:830} INFO - Processing file /home/airflow/.local/lib/python3.8/site-packages/airflow/example_dags/example_python_operator.py for tasks to queue
[2025-11-02T18:59:35.995+0000] {logging_mixin.py:188} INFO - [2025-11-02T18:59:35.994+0000] {dagbag.py:538} INFO - Filling up the DagBag from /home/airflow/.local/lib/python3.8/site-packages/airflow/example_dags/example_python_operator.py
[2025-11-02T18:59:36.030+0000] {processor.py:840} INFO - DAG(s) 'example_python_operator' retrieved from /home/airflow/.local/lib/python3.8/site-packages/airflow/example_dags/example_python_operator.py
[2025-11-02T18:59:36.101+0000] {logging_mixin.py:188} INFO - [2025-11-02T18:59:36.100+0000] {dag.py:3036} INFO - Sync 1 DAGs
[2025-11-02T18:59:36.158+0000] {logging_mixin.py:188} INFO - [2025-11-02T18:59:36.157+0000] {dag.py:3823} INFO - Setting next_dagrun for example_python_operator to None, run_after=None
[2025-11-02T18:59:36.220+0000] {processor.py:183} INFO - Processing /home/airflow/.local/lib/python3.8/site-packages/airflow/example_dags/example_python_operator.py took 0.245 seconds
[2025-11-02T19:00:06.625+0000] {processor.py:161} INFO - Started process (PID=3874) to work on /home/airflow/.local/lib/python3.8/site-packages/airflow/example_dags/example_python_operator.py
[2025-11-02T19:00:06.628+0000] {processor.py:830} INFO - Processing file /home/airflow/.local/lib/python3.8/site-packages/airflow/example_dags/example_python_operator.py for tasks to queue
[2025-11-02T19:00:06.634+0000] {logging_mixin.py:188} INFO - [2025-11-02T19:00:06.633+0000] {dagbag.py:538} INFO - Filling up the DagBag from /home/airflow/.local/lib/python3.8/site-packages/airflow/example_dags/example_python_operator.py
[2025-11-02T19:00:06.671+0000] {processor.py:840} INFO - DAG(s) 'example_python_operator' retrieved from /home/airflow/.local/lib/python3.8/site-packages/airflow/example_dags/example_python_operator.py
[2025-11-02T19:00:06.721+0000] {logging_mixin.py:188} INFO - [2025-11-02T19:00:06.720+0000] {dag.py:3036} INFO - Sync 1 DAGs
[2025-11-02T19:00:06.751+0000] {logging_mixin.py:188} INFO - [2025-11-02T19:00:06.750+0000] {dag.py:3823} INFO - Setting next_dagrun for example_python_operator to None, run_after=None
[2025-11-02T19:00:06.787+0000] {processor.py:183} INFO - Processing /home/airflow/.local/lib/python3.8/site-packages/airflow/example_dags/example_python_operator.py took 0.178 seconds
[2025-11-02T19:00:37.802+0000] {processor.py:161} INFO - Started process (PID=3928) to work on /home/airflow/.local/lib/python3.8/site-packages/airflow/example_dags/example_python_operator.py
[2025-11-02T19:00:37.805+0000] {processor.py:830} INFO - Processing file /home/airflow/.local/lib/python3.8/site-packages/airflow/example_dags/example_python_operator.py for tasks to queue
[2025-11-02T19:00:37.812+0000] {logging_mixin.py:188} INFO - [2025-11-02T19:00:37.811+0000] {dagbag.py:538} INFO - Filling up the DagBag from /home/airflow/.local/lib/python3.8/site-packages/airflow/example_dags/example_python_operator.py
[2025-11-02T19:00:37.868+0000] {processor.py:840} INFO - DAG(s) 'example_python_operator' retrieved from /home/airflow/.local/lib/python3.8/site-packages/airflow/example_dags/example_python_operator.py
[2025-11-02T19:00:37.972+0000] {logging_mixin.py:188} INFO - [2025-11-02T19:00:37.971+0000] {dag.py:3036} INFO - Sync 1 DAGs
[2025-11-02T19:00:38.026+0000] {logging_mixin.py:188} INFO - [2025-11-02T19:00:38.026+0000] {dag.py:3823} INFO - Setting next_dagrun for example_python_operator to None, run_after=None
[2025-11-02T19:00:38.107+0000] {processor.py:183} INFO - Processing /home/airflow/.local/lib/python3.8/site-packages/airflow/example_dags/example_python_operator.py took 0.327 seconds
[2025-11-02T19:01:08.729+0000] {processor.py:161} INFO - Started process (PID=3983) to work on /home/airflow/.local/lib/python3.8/site-packages/airflow/example_dags/example_python_operator.py
[2025-11-02T19:01:08.732+0000] {processor.py:830} INFO - Processing file /home/airflow/.local/lib/python3.8/site-packages/airflow/example_dags/example_python_operator.py for tasks to queue
[2025-11-02T19:01:08.749+0000] {logging_mixin.py:188} INFO - [2025-11-02T19:01:08.748+0000] {dagbag.py:538} INFO - Filling up the DagBag from /home/airflow/.local/lib/python3.8/site-packages/airflow/example_dags/example_python_operator.py
[2025-11-02T19:01:08.794+0000] {processor.py:840} INFO - DAG(s) 'example_python_operator' retrieved from /home/airflow/.local/lib/python3.8/site-packages/airflow/example_dags/example_python_operator.py
[2025-11-02T19:01:08.869+0000] {logging_mixin.py:188} INFO - [2025-11-02T19:01:08.869+0000] {dag.py:3036} INFO - Sync 1 DAGs
[2025-11-02T19:01:08.896+0000] {logging_mixin.py:188} INFO - [2025-11-02T19:01:08.896+0000] {dag.py:3823} INFO - Setting next_dagrun for example_python_operator to None, run_after=None
[2025-11-02T19:01:08.948+0000] {processor.py:183} INFO - Processing /home/airflow/.local/lib/python3.8/site-packages/airflow/example_dags/example_python_operator.py took 0.232 seconds
[2025-11-02T19:01:39.246+0000] {processor.py:161} INFO - Started process (PID=4038) to work on /home/airflow/.local/lib/python3.8/site-packages/airflow/example_dags/example_python_operator.py
[2025-11-02T19:01:39.250+0000] {processor.py:830} INFO - Processing file /home/airflow/.local/lib/python3.8/site-packages/airflow/example_dags/example_python_operator.py for tasks to queue
[2025-11-02T19:01:39.256+0000] {logging_mixin.py:188} INFO - [2025-11-02T19:01:39.255+0000] {dagbag.py:538} INFO - Filling up the DagBag from /home/airflow/.local/lib/python3.8/site-packages/airflow/example_dags/example_python_operator.py
[2025-11-02T19:01:39.289+0000] {processor.py:840} INFO - DAG(s) 'example_python_operator' retrieved from /home/airflow/.local/lib/python3.8/site-packages/airflow/example_dags/example_python_operator.py
[2025-11-02T19:01:39.373+0000] {logging_mixin.py:188} INFO - [2025-11-02T19:01:39.373+0000] {dag.py:3036} INFO - Sync 1 DAGs
[2025-11-02T19:01:39.406+0000] {logging_mixin.py:188} INFO - [2025-11-02T19:01:39.406+0000] {dag.py:3823} INFO - Setting next_dagrun for example_python_operator to None, run_after=None
[2025-11-02T19:01:39.456+0000] {processor.py:183} INFO - Processing /home/airflow/.local/lib/python3.8/site-packages/airflow/example_dags/example_python_operator.py took 0.221 seconds
[2025-11-02T19:02:10.195+0000] {processor.py:161} INFO - Started process (PID=4093) to work on /home/airflow/.local/lib/python3.8/site-packages/airflow/example_dags/example_python_operator.py
[2025-11-02T19:02:10.197+0000] {processor.py:830} INFO - Processing file /home/airflow/.local/lib/python3.8/site-packages/airflow/example_dags/example_python_operator.py for tasks to queue
[2025-11-02T19:02:10.202+0000] {logging_mixin.py:188} INFO - [2025-11-02T19:02:10.201+0000] {dagbag.py:538} INFO - Filling up the DagBag from /home/airflow/.local/lib/python3.8/site-packages/airflow/example_dags/example_python_operator.py
[2025-11-02T19:02:10.244+0000] {processor.py:840} INFO - DAG(s) 'example_python_operator' retrieved from /home/airflow/.local/lib/python3.8/site-packages/airflow/example_dags/example_python_operator.py
[2025-11-02T19:02:10.296+0000] {logging_mixin.py:188} INFO - [2025-11-02T19:02:10.296+0000] {dag.py:3036} INFO - Sync 1 DAGs
[2025-11-02T19:02:10.321+0000] {logging_mixin.py:188} INFO - [2025-11-02T19:02:10.320+0000] {dag.py:3823} INFO - Setting next_dagrun for example_python_operator to None, run_after=None
[2025-11-02T19:02:10.360+0000] {processor.py:183} INFO - Processing /home/airflow/.local/lib/python3.8/site-packages/airflow/example_dags/example_python_operator.py took 0.174 seconds
[2025-11-02T19:02:41.168+0000] {processor.py:161} INFO - Started process (PID=4149) to work on /home/airflow/.local/lib/python3.8/site-packages/airflow/example_dags/example_python_operator.py
[2025-11-02T19:02:41.170+0000] {processor.py:830} INFO - Processing file /home/airflow/.local/lib/python3.8/site-packages/airflow/example_dags/example_python_operator.py for tasks to queue
[2025-11-02T19:02:41.175+0000] {logging_mixin.py:188} INFO - [2025-11-02T19:02:41.174+0000] {dagbag.py:538} INFO - Filling up the DagBag from /home/airflow/.local/lib/python3.8/site-packages/airflow/example_dags/example_python_operator.py
[2025-11-02T19:02:41.219+0000] {processor.py:840} INFO - DAG(s) 'example_python_operator' retrieved from /home/airflow/.local/lib/python3.8/site-packages/airflow/example_dags/example_python_operator.py
[2025-11-02T19:02:41.298+0000] {logging_mixin.py:188} INFO - [2025-11-02T19:02:41.298+0000] {dag.py:3036} INFO - Sync 1 DAGs
[2025-11-02T19:02:41.326+0000] {logging_mixin.py:188} INFO - [2025-11-02T19:02:41.326+0000] {dag.py:3823} INFO - Setting next_dagrun for example_python_operator to None, run_after=None
[2025-11-02T19:02:41.388+0000] {processor.py:183} INFO - Processing /home/airflow/.local/lib/python3.8/site-packages/airflow/example_dags/example_python_operator.py took 0.231 seconds
[2025-11-02T19:03:11.724+0000] {processor.py:161} INFO - Started process (PID=4204) to work on /home/airflow/.local/lib/python3.8/site-packages/airflow/example_dags/example_python_operator.py
[2025-11-02T19:03:11.728+0000] {processor.py:830} INFO - Processing file /home/airflow/.local/lib/python3.8/site-packages/airflow/example_dags/example_python_operator.py for tasks to queue
[2025-11-02T19:03:11.736+0000] {logging_mixin.py:188} INFO - [2025-11-02T19:03:11.733+0000] {dagbag.py:538} INFO - Filling up the DagBag from /home/airflow/.local/lib/python3.8/site-packages/airflow/example_dags/example_python_operator.py
[2025-11-02T19:03:11.780+0000] {processor.py:840} INFO - DAG(s) 'example_python_operator' retrieved from /home/airflow/.local/lib/python3.8/site-packages/airflow/example_dags/example_python_operator.py
[2025-11-02T19:03:11.839+0000] {logging_mixin.py:188} INFO - [2025-11-02T19:03:11.839+0000] {dag.py:3036} INFO - Sync 1 DAGs
[2025-11-02T19:03:11.869+0000] {logging_mixin.py:188} INFO - [2025-11-02T19:03:11.868+0000] {dag.py:3823} INFO - Setting next_dagrun for example_python_operator to None, run_after=None
[2025-11-02T19:03:11.920+0000] {processor.py:183} INFO - Processing /home/airflow/.local/lib/python3.8/site-packages/airflow/example_dags/example_python_operator.py took 0.213 seconds
[2025-11-02T19:03:42.372+0000] {processor.py:161} INFO - Started process (PID=4259) to work on /home/airflow/.local/lib/python3.8/site-packages/airflow/example_dags/example_python_operator.py
[2025-11-02T19:03:42.375+0000] {processor.py:830} INFO - Processing file /home/airflow/.local/lib/python3.8/site-packages/airflow/example_dags/example_python_operator.py for tasks to queue
[2025-11-02T19:03:42.380+0000] {logging_mixin.py:188} INFO - [2025-11-02T19:03:42.379+0000] {dagbag.py:538} INFO - Filling up the DagBag from /home/airflow/.local/lib/python3.8/site-packages/airflow/example_dags/example_python_operator.py
[2025-11-02T19:03:42.411+0000] {processor.py:840} INFO - DAG(s) 'example_python_operator' retrieved from /home/airflow/.local/lib/python3.8/site-packages/airflow/example_dags/example_python_operator.py
[2025-11-02T19:03:42.473+0000] {logging_mixin.py:188} INFO - [2025-11-02T19:03:42.473+0000] {dag.py:3036} INFO - Sync 1 DAGs
[2025-11-02T19:03:42.506+0000] {logging_mixin.py:188} INFO - [2025-11-02T19:03:42.505+0000] {dag.py:3823} INFO - Setting next_dagrun for example_python_operator to None, run_after=None
[2025-11-02T19:03:42.551+0000] {processor.py:183} INFO - Processing /home/airflow/.local/lib/python3.8/site-packages/airflow/example_dags/example_python_operator.py took 0.187 seconds
[2025-11-02T19:04:12.675+0000] {processor.py:161} INFO - Started process (PID=4312) to work on /home/airflow/.local/lib/python3.8/site-packages/airflow/example_dags/example_python_operator.py
[2025-11-02T19:04:12.678+0000] {processor.py:830} INFO - Processing file /home/airflow/.local/lib/python3.8/site-packages/airflow/example_dags/example_python_operator.py for tasks to queue
[2025-11-02T19:04:12.686+0000] {logging_mixin.py:188} INFO - [2025-11-02T19:04:12.684+0000] {dagbag.py:538} INFO - Filling up the DagBag from /home/airflow/.local/lib/python3.8/site-packages/airflow/example_dags/example_python_operator.py
[2025-11-02T19:04:12.722+0000] {processor.py:840} INFO - DAG(s) 'example_python_operator' retrieved from /home/airflow/.local/lib/python3.8/site-packages/airflow/example_dags/example_python_operator.py
[2025-11-02T19:04:12.788+0000] {logging_mixin.py:188} INFO - [2025-11-02T19:04:12.787+0000] {dag.py:3036} INFO - Sync 1 DAGs
[2025-11-02T19:04:12.825+0000] {logging_mixin.py:188} INFO - [2025-11-02T19:04:12.825+0000] {dag.py:3823} INFO - Setting next_dagrun for example_python_operator to None, run_after=None
[2025-11-02T19:04:12.882+0000] {processor.py:183} INFO - Processing /home/airflow/.local/lib/python3.8/site-packages/airflow/example_dags/example_python_operator.py took 0.221 seconds
[2025-11-02T19:04:43.317+0000] {processor.py:161} INFO - Started process (PID=4367) to work on /home/airflow/.local/lib/python3.8/site-packages/airflow/example_dags/example_python_operator.py
[2025-11-02T19:04:43.321+0000] {processor.py:830} INFO - Processing file /home/airflow/.local/lib/python3.8/site-packages/airflow/example_dags/example_python_operator.py for tasks to queue
[2025-11-02T19:04:43.326+0000] {logging_mixin.py:188} INFO - [2025-11-02T19:04:43.325+0000] {dagbag.py:538} INFO - Filling up the DagBag from /home/airflow/.local/lib/python3.8/site-packages/airflow/example_dags/example_python_operator.py
[2025-11-02T19:04:43.363+0000] {processor.py:840} INFO - DAG(s) 'example_python_operator' retrieved from /home/airflow/.local/lib/python3.8/site-packages/airflow/example_dags/example_python_operator.py
[2025-11-02T19:04:43.437+0000] {logging_mixin.py:188} INFO - [2025-11-02T19:04:43.437+0000] {dag.py:3036} INFO - Sync 1 DAGs
[2025-11-02T19:04:43.481+0000] {logging_mixin.py:188} INFO - [2025-11-02T19:04:43.480+0000] {dag.py:3823} INFO - Setting next_dagrun for example_python_operator to None, run_after=None
[2025-11-02T19:04:43.539+0000] {processor.py:183} INFO - Processing /home/airflow/.local/lib/python3.8/site-packages/airflow/example_dags/example_python_operator.py took 0.234 seconds
[2025-11-02T19:05:14.130+0000] {processor.py:161} INFO - Started process (PID=4422) to work on /home/airflow/.local/lib/python3.8/site-packages/airflow/example_dags/example_python_operator.py
[2025-11-02T19:05:14.144+0000] {processor.py:830} INFO - Processing file /home/airflow/.local/lib/python3.8/site-packages/airflow/example_dags/example_python_operator.py for tasks to queue
[2025-11-02T19:05:14.160+0000] {logging_mixin.py:188} INFO - [2025-11-02T19:05:14.159+0000] {dagbag.py:538} INFO - Filling up the DagBag from /home/airflow/.local/lib/python3.8/site-packages/airflow/example_dags/example_python_operator.py
[2025-11-02T19:05:14.234+0000] {processor.py:840} INFO - DAG(s) 'example_python_operator' retrieved from /home/airflow/.local/lib/python3.8/site-packages/airflow/example_dags/example_python_operator.py
[2025-11-02T19:05:14.319+0000] {logging_mixin.py:188} INFO - [2025-11-02T19:05:14.318+0000] {dag.py:3036} INFO - Sync 1 DAGs
[2025-11-02T19:05:14.448+0000] {logging_mixin.py:188} INFO - [2025-11-02T19:05:14.447+0000] {dag.py:3823} INFO - Setting next_dagrun for example_python_operator to None, run_after=None
[2025-11-02T19:05:14.584+0000] {processor.py:183} INFO - Processing /home/airflow/.local/lib/python3.8/site-packages/airflow/example_dags/example_python_operator.py took 0.486 seconds
[2025-11-02T19:05:45.367+0000] {processor.py:161} INFO - Started process (PID=4477) to work on /home/airflow/.local/lib/python3.8/site-packages/airflow/example_dags/example_python_operator.py
[2025-11-02T19:05:45.372+0000] {processor.py:830} INFO - Processing file /home/airflow/.local/lib/python3.8/site-packages/airflow/example_dags/example_python_operator.py for tasks to queue
[2025-11-02T19:05:45.384+0000] {logging_mixin.py:188} INFO - [2025-11-02T19:05:45.383+0000] {dagbag.py:538} INFO - Filling up the DagBag from /home/airflow/.local/lib/python3.8/site-packages/airflow/example_dags/example_python_operator.py
[2025-11-02T19:05:45.454+0000] {processor.py:840} INFO - DAG(s) 'example_python_operator' retrieved from /home/airflow/.local/lib/python3.8/site-packages/airflow/example_dags/example_python_operator.py
[2025-11-02T19:05:45.514+0000] {logging_mixin.py:188} INFO - [2025-11-02T19:05:45.513+0000] {dag.py:3036} INFO - Sync 1 DAGs
[2025-11-02T19:05:45.549+0000] {logging_mixin.py:188} INFO - [2025-11-02T19:05:45.548+0000] {dag.py:3823} INFO - Setting next_dagrun for example_python_operator to None, run_after=None
[2025-11-02T19:05:45.600+0000] {processor.py:183} INFO - Processing /home/airflow/.local/lib/python3.8/site-packages/airflow/example_dags/example_python_operator.py took 0.253 seconds
[2025-11-02T19:06:15.863+0000] {processor.py:161} INFO - Started process (PID=4532) to work on /home/airflow/.local/lib/python3.8/site-packages/airflow/example_dags/example_python_operator.py
[2025-11-02T19:06:15.869+0000] {processor.py:830} INFO - Processing file /home/airflow/.local/lib/python3.8/site-packages/airflow/example_dags/example_python_operator.py for tasks to queue
[2025-11-02T19:06:15.874+0000] {logging_mixin.py:188} INFO - [2025-11-02T19:06:15.874+0000] {dagbag.py:538} INFO - Filling up the DagBag from /home/airflow/.local/lib/python3.8/site-packages/airflow/example_dags/example_python_operator.py
[2025-11-02T19:06:15.903+0000] {processor.py:840} INFO - DAG(s) 'example_python_operator' retrieved from /home/airflow/.local/lib/python3.8/site-packages/airflow/example_dags/example_python_operator.py
[2025-11-02T19:06:15.956+0000] {logging_mixin.py:188} INFO - [2025-11-02T19:06:15.955+0000] {dag.py:3036} INFO - Sync 1 DAGs
[2025-11-02T19:06:15.991+0000] {logging_mixin.py:188} INFO - [2025-11-02T19:06:15.991+0000] {dag.py:3823} INFO - Setting next_dagrun for example_python_operator to None, run_after=None
[2025-11-02T19:06:16.036+0000] {processor.py:183} INFO - Processing /home/airflow/.local/lib/python3.8/site-packages/airflow/example_dags/example_python_operator.py took 0.185 seconds
[2025-11-02T19:06:47.049+0000] {processor.py:161} INFO - Started process (PID=4587) to work on /home/airflow/.local/lib/python3.8/site-packages/airflow/example_dags/example_python_operator.py
[2025-11-02T19:06:47.055+0000] {processor.py:830} INFO - Processing file /home/airflow/.local/lib/python3.8/site-packages/airflow/example_dags/example_python_operator.py for tasks to queue
[2025-11-02T19:06:47.062+0000] {logging_mixin.py:188} INFO - [2025-11-02T19:06:47.061+0000] {dagbag.py:538} INFO - Filling up the DagBag from /home/airflow/.local/lib/python3.8/site-packages/airflow/example_dags/example_python_operator.py
[2025-11-02T19:06:47.094+0000] {processor.py:840} INFO - DAG(s) 'example_python_operator' retrieved from /home/airflow/.local/lib/python3.8/site-packages/airflow/example_dags/example_python_operator.py
[2025-11-02T19:06:47.158+0000] {logging_mixin.py:188} INFO - [2025-11-02T19:06:47.157+0000] {dag.py:3036} INFO - Sync 1 DAGs
[2025-11-02T19:06:47.187+0000] {logging_mixin.py:188} INFO - [2025-11-02T19:06:47.187+0000] {dag.py:3823} INFO - Setting next_dagrun for example_python_operator to None, run_after=None
[2025-11-02T19:06:47.232+0000] {processor.py:183} INFO - Processing /home/airflow/.local/lib/python3.8/site-packages/airflow/example_dags/example_python_operator.py took 0.194 seconds
[2025-11-02T19:07:17.447+0000] {processor.py:161} INFO - Started process (PID=4642) to work on /home/airflow/.local/lib/python3.8/site-packages/airflow/example_dags/example_python_operator.py
[2025-11-02T19:07:17.451+0000] {processor.py:830} INFO - Processing file /home/airflow/.local/lib/python3.8/site-packages/airflow/example_dags/example_python_operator.py for tasks to queue
[2025-11-02T19:07:17.458+0000] {logging_mixin.py:188} INFO - [2025-11-02T19:07:17.457+0000] {dagbag.py:538} INFO - Filling up the DagBag from /home/airflow/.local/lib/python3.8/site-packages/airflow/example_dags/example_python_operator.py
[2025-11-02T19:07:17.494+0000] {processor.py:840} INFO - DAG(s) 'example_python_operator' retrieved from /home/airflow/.local/lib/python3.8/site-packages/airflow/example_dags/example_python_operator.py
[2025-11-02T19:07:17.590+0000] {logging_mixin.py:188} INFO - [2025-11-02T19:07:17.589+0000] {dag.py:3036} INFO - Sync 1 DAGs
[2025-11-02T19:07:17.632+0000] {logging_mixin.py:188} INFO - [2025-11-02T19:07:17.631+0000] {dag.py:3823} INFO - Setting next_dagrun for example_python_operator to None, run_after=None
[2025-11-02T19:07:17.691+0000] {processor.py:183} INFO - Processing /home/airflow/.local/lib/python3.8/site-packages/airflow/example_dags/example_python_operator.py took 0.257 seconds
[2025-11-02T19:07:48.041+0000] {processor.py:161} INFO - Started process (PID=4697) to work on /home/airflow/.local/lib/python3.8/site-packages/airflow/example_dags/example_python_operator.py
[2025-11-02T19:07:48.046+0000] {processor.py:830} INFO - Processing file /home/airflow/.local/lib/python3.8/site-packages/airflow/example_dags/example_python_operator.py for tasks to queue
[2025-11-02T19:07:48.057+0000] {logging_mixin.py:188} INFO - [2025-11-02T19:07:48.055+0000] {dagbag.py:538} INFO - Filling up the DagBag from /home/airflow/.local/lib/python3.8/site-packages/airflow/example_dags/example_python_operator.py
[2025-11-02T19:07:48.103+0000] {processor.py:840} INFO - DAG(s) 'example_python_operator' retrieved from /home/airflow/.local/lib/python3.8/site-packages/airflow/example_dags/example_python_operator.py
[2025-11-02T19:07:48.176+0000] {logging_mixin.py:188} INFO - [2025-11-02T19:07:48.175+0000] {dag.py:3036} INFO - Sync 1 DAGs
[2025-11-02T19:07:48.203+0000] {logging_mixin.py:188} INFO - [2025-11-02T19:07:48.203+0000] {dag.py:3823} INFO - Setting next_dagrun for example_python_operator to None, run_after=None
[2025-11-02T19:07:48.250+0000] {processor.py:183} INFO - Processing /home/airflow/.local/lib/python3.8/site-packages/airflow/example_dags/example_python_operator.py took 0.228 seconds
[2025-11-02T19:08:18.413+0000] {processor.py:161} INFO - Started process (PID=4752) to work on /home/airflow/.local/lib/python3.8/site-packages/airflow/example_dags/example_python_operator.py
[2025-11-02T19:08:18.416+0000] {processor.py:830} INFO - Processing file /home/airflow/.local/lib/python3.8/site-packages/airflow/example_dags/example_python_operator.py for tasks to queue
[2025-11-02T19:08:18.423+0000] {logging_mixin.py:188} INFO - [2025-11-02T19:08:18.422+0000] {dagbag.py:538} INFO - Filling up the DagBag from /home/airflow/.local/lib/python3.8/site-packages/airflow/example_dags/example_python_operator.py
[2025-11-02T19:08:18.452+0000] {processor.py:840} INFO - DAG(s) 'example_python_operator' retrieved from /home/airflow/.local/lib/python3.8/site-packages/airflow/example_dags/example_python_operator.py
[2025-11-02T19:08:18.530+0000] {logging_mixin.py:188} INFO - [2025-11-02T19:08:18.530+0000] {dag.py:3036} INFO - Sync 1 DAGs
[2025-11-02T19:08:18.583+0000] {logging_mixin.py:188} INFO - [2025-11-02T19:08:18.582+0000] {dag.py:3823} INFO - Setting next_dagrun for example_python_operator to None, run_after=None
[2025-11-02T19:08:18.644+0000] {processor.py:183} INFO - Processing /home/airflow/.local/lib/python3.8/site-packages/airflow/example_dags/example_python_operator.py took 0.244 seconds
[2025-11-02T19:08:49.181+0000] {processor.py:161} INFO - Started process (PID=4805) to work on /home/airflow/.local/lib/python3.8/site-packages/airflow/example_dags/example_python_operator.py
[2025-11-02T19:08:49.186+0000] {processor.py:830} INFO - Processing file /home/airflow/.local/lib/python3.8/site-packages/airflow/example_dags/example_python_operator.py for tasks to queue
[2025-11-02T19:08:49.194+0000] {logging_mixin.py:188} INFO - [2025-11-02T19:08:49.193+0000] {dagbag.py:538} INFO - Filling up the DagBag from /home/airflow/.local/lib/python3.8/site-packages/airflow/example_dags/example_python_operator.py
[2025-11-02T19:08:49.240+0000] {processor.py:840} INFO - DAG(s) 'example_python_operator' retrieved from /home/airflow/.local/lib/python3.8/site-packages/airflow/example_dags/example_python_operator.py
[2025-11-02T19:08:49.327+0000] {logging_mixin.py:188} INFO - [2025-11-02T19:08:49.326+0000] {dag.py:3036} INFO - Sync 1 DAGs
[2025-11-02T19:08:49.383+0000] {logging_mixin.py:188} INFO - [2025-11-02T19:08:49.383+0000] {dag.py:3823} INFO - Setting next_dagrun for example_python_operator to None, run_after=None
[2025-11-02T19:08:49.431+0000] {processor.py:183} INFO - Processing /home/airflow/.local/lib/python3.8/site-packages/airflow/example_dags/example_python_operator.py took 0.264 seconds
[2025-11-02T19:09:19.987+0000] {processor.py:161} INFO - Started process (PID=4861) to work on /home/airflow/.local/lib/python3.8/site-packages/airflow/example_dags/example_python_operator.py
[2025-11-02T19:09:19.990+0000] {processor.py:830} INFO - Processing file /home/airflow/.local/lib/python3.8/site-packages/airflow/example_dags/example_python_operator.py for tasks to queue
[2025-11-02T19:09:19.996+0000] {logging_mixin.py:188} INFO - [2025-11-02T19:09:19.995+0000] {dagbag.py:538} INFO - Filling up the DagBag from /home/airflow/.local/lib/python3.8/site-packages/airflow/example_dags/example_python_operator.py
[2025-11-02T19:09:20.029+0000] {processor.py:840} INFO - DAG(s) 'example_python_operator' retrieved from /home/airflow/.local/lib/python3.8/site-packages/airflow/example_dags/example_python_operator.py
[2025-11-02T19:09:20.178+0000] {logging_mixin.py:188} INFO - [2025-11-02T19:09:20.177+0000] {dag.py:3036} INFO - Sync 1 DAGs
[2025-11-02T19:09:20.254+0000] {logging_mixin.py:188} INFO - [2025-11-02T19:09:20.254+0000] {dag.py:3823} INFO - Setting next_dagrun for example_python_operator to None, run_after=None
[2025-11-02T19:09:20.315+0000] {processor.py:183} INFO - Processing /home/airflow/.local/lib/python3.8/site-packages/airflow/example_dags/example_python_operator.py took 0.341 seconds
[2025-11-02T19:09:52.824+0000] {processor.py:161} INFO - Started process (PID=4916) to work on /home/airflow/.local/lib/python3.8/site-packages/airflow/example_dags/example_python_operator.py
[2025-11-02T19:09:52.827+0000] {processor.py:830} INFO - Processing file /home/airflow/.local/lib/python3.8/site-packages/airflow/example_dags/example_python_operator.py for tasks to queue
[2025-11-02T19:09:52.841+0000] {logging_mixin.py:188} INFO - [2025-11-02T19:09:52.840+0000] {dagbag.py:538} INFO - Filling up the DagBag from /home/airflow/.local/lib/python3.8/site-packages/airflow/example_dags/example_python_operator.py
[2025-11-02T19:09:52.922+0000] {processor.py:840} INFO - DAG(s) 'example_python_operator' retrieved from /home/airflow/.local/lib/python3.8/site-packages/airflow/example_dags/example_python_operator.py
[2025-11-02T19:09:53.060+0000] {logging_mixin.py:188} INFO - [2025-11-02T19:09:53.060+0000] {dag.py:3036} INFO - Sync 1 DAGs
[2025-11-02T19:09:53.115+0000] {logging_mixin.py:188} INFO - [2025-11-02T19:09:53.115+0000] {dag.py:3823} INFO - Setting next_dagrun for example_python_operator to None, run_after=None
[2025-11-02T19:09:53.207+0000] {processor.py:183} INFO - Processing /home/airflow/.local/lib/python3.8/site-packages/airflow/example_dags/example_python_operator.py took 0.402 seconds
[2025-11-02T19:10:23.366+0000] {processor.py:161} INFO - Started process (PID=4972) to work on /home/airflow/.local/lib/python3.8/site-packages/airflow/example_dags/example_python_operator.py
[2025-11-02T19:10:23.370+0000] {processor.py:830} INFO - Processing file /home/airflow/.local/lib/python3.8/site-packages/airflow/example_dags/example_python_operator.py for tasks to queue
[2025-11-02T19:10:23.375+0000] {logging_mixin.py:188} INFO - [2025-11-02T19:10:23.375+0000] {dagbag.py:538} INFO - Filling up the DagBag from /home/airflow/.local/lib/python3.8/site-packages/airflow/example_dags/example_python_operator.py
[2025-11-02T19:10:23.402+0000] {processor.py:840} INFO - DAG(s) 'example_python_operator' retrieved from /home/airflow/.local/lib/python3.8/site-packages/airflow/example_dags/example_python_operator.py
[2025-11-02T19:10:23.453+0000] {logging_mixin.py:188} INFO - [2025-11-02T19:10:23.452+0000] {dag.py:3036} INFO - Sync 1 DAGs
[2025-11-02T19:10:23.486+0000] {logging_mixin.py:188} INFO - [2025-11-02T19:10:23.486+0000] {dag.py:3823} INFO - Setting next_dagrun for example_python_operator to None, run_after=None
[2025-11-02T19:10:23.538+0000] {processor.py:183} INFO - Processing /home/airflow/.local/lib/python3.8/site-packages/airflow/example_dags/example_python_operator.py took 0.182 seconds
[2025-11-02T19:10:53.659+0000] {processor.py:161} INFO - Started process (PID=5026) to work on /home/airflow/.local/lib/python3.8/site-packages/airflow/example_dags/example_python_operator.py
[2025-11-02T19:10:53.662+0000] {processor.py:830} INFO - Processing file /home/airflow/.local/lib/python3.8/site-packages/airflow/example_dags/example_python_operator.py for tasks to queue
[2025-11-02T19:10:53.667+0000] {logging_mixin.py:188} INFO - [2025-11-02T19:10:53.666+0000] {dagbag.py:538} INFO - Filling up the DagBag from /home/airflow/.local/lib/python3.8/site-packages/airflow/example_dags/example_python_operator.py
[2025-11-02T19:10:53.696+0000] {processor.py:840} INFO - DAG(s) 'example_python_operator' retrieved from /home/airflow/.local/lib/python3.8/site-packages/airflow/example_dags/example_python_operator.py
[2025-11-02T19:10:53.757+0000] {logging_mixin.py:188} INFO - [2025-11-02T19:10:53.757+0000] {dag.py:3036} INFO - Sync 1 DAGs
[2025-11-02T19:10:53.790+0000] {logging_mixin.py:188} INFO - [2025-11-02T19:10:53.790+0000] {dag.py:3823} INFO - Setting next_dagrun for example_python_operator to None, run_after=None
[2025-11-02T19:10:53.842+0000] {processor.py:183} INFO - Processing /home/airflow/.local/lib/python3.8/site-packages/airflow/example_dags/example_python_operator.py took 0.197 seconds
[2025-11-02T19:11:24.594+0000] {processor.py:161} INFO - Started process (PID=5081) to work on /home/airflow/.local/lib/python3.8/site-packages/airflow/example_dags/example_python_operator.py
[2025-11-02T19:11:24.596+0000] {processor.py:830} INFO - Processing file /home/airflow/.local/lib/python3.8/site-packages/airflow/example_dags/example_python_operator.py for tasks to queue
[2025-11-02T19:11:24.602+0000] {logging_mixin.py:188} INFO - [2025-11-02T19:11:24.601+0000] {dagbag.py:538} INFO - Filling up the DagBag from /home/airflow/.local/lib/python3.8/site-packages/airflow/example_dags/example_python_operator.py
[2025-11-02T19:11:24.626+0000] {processor.py:840} INFO - DAG(s) 'example_python_operator' retrieved from /home/airflow/.local/lib/python3.8/site-packages/airflow/example_dags/example_python_operator.py
[2025-11-02T19:11:24.674+0000] {logging_mixin.py:188} INFO - [2025-11-02T19:11:24.673+0000] {dag.py:3036} INFO - Sync 1 DAGs
[2025-11-02T19:11:24.708+0000] {logging_mixin.py:188} INFO - [2025-11-02T19:11:24.707+0000] {dag.py:3823} INFO - Setting next_dagrun for example_python_operator to None, run_after=None
[2025-11-02T19:11:24.768+0000] {processor.py:183} INFO - Processing /home/airflow/.local/lib/python3.8/site-packages/airflow/example_dags/example_python_operator.py took 0.183 seconds
[2025-11-02T19:11:56.031+0000] {processor.py:161} INFO - Started process (PID=5136) to work on /home/airflow/.local/lib/python3.8/site-packages/airflow/example_dags/example_python_operator.py
[2025-11-02T19:11:56.040+0000] {processor.py:830} INFO - Processing file /home/airflow/.local/lib/python3.8/site-packages/airflow/example_dags/example_python_operator.py for tasks to queue
[2025-11-02T19:11:56.053+0000] {logging_mixin.py:188} INFO - [2025-11-02T19:11:56.049+0000] {dagbag.py:538} INFO - Filling up the DagBag from /home/airflow/.local/lib/python3.8/site-packages/airflow/example_dags/example_python_operator.py
[2025-11-02T19:11:56.130+0000] {processor.py:840} INFO - DAG(s) 'example_python_operator' retrieved from /home/airflow/.local/lib/python3.8/site-packages/airflow/example_dags/example_python_operator.py
[2025-11-02T19:11:56.214+0000] {logging_mixin.py:188} INFO - [2025-11-02T19:11:56.214+0000] {dag.py:3036} INFO - Sync 1 DAGs
[2025-11-02T19:11:56.247+0000] {logging_mixin.py:188} INFO - [2025-11-02T19:11:56.247+0000] {dag.py:3823} INFO - Setting next_dagrun for example_python_operator to None, run_after=None
[2025-11-02T19:11:56.301+0000] {processor.py:183} INFO - Processing /home/airflow/.local/lib/python3.8/site-packages/airflow/example_dags/example_python_operator.py took 0.316 seconds
[2025-11-02T19:12:27.121+0000] {processor.py:161} INFO - Started process (PID=5191) to work on /home/airflow/.local/lib/python3.8/site-packages/airflow/example_dags/example_python_operator.py
[2025-11-02T19:12:27.126+0000] {processor.py:830} INFO - Processing file /home/airflow/.local/lib/python3.8/site-packages/airflow/example_dags/example_python_operator.py for tasks to queue
[2025-11-02T19:12:27.133+0000] {logging_mixin.py:188} INFO - [2025-11-02T19:12:27.131+0000] {dagbag.py:538} INFO - Filling up the DagBag from /home/airflow/.local/lib/python3.8/site-packages/airflow/example_dags/example_python_operator.py
[2025-11-02T19:12:27.174+0000] {processor.py:840} INFO - DAG(s) 'example_python_operator' retrieved from /home/airflow/.local/lib/python3.8/site-packages/airflow/example_dags/example_python_operator.py
[2025-11-02T19:12:27.283+0000] {logging_mixin.py:188} INFO - [2025-11-02T19:12:27.282+0000] {dag.py:3036} INFO - Sync 1 DAGs
[2025-11-02T19:12:27.319+0000] {logging_mixin.py:188} INFO - [2025-11-02T19:12:27.318+0000] {dag.py:3823} INFO - Setting next_dagrun for example_python_operator to None, run_after=None
[2025-11-02T19:12:27.375+0000] {processor.py:183} INFO - Processing /home/airflow/.local/lib/python3.8/site-packages/airflow/example_dags/example_python_operator.py took 0.267 seconds
[2025-11-02T19:12:58.156+0000] {processor.py:161} INFO - Started process (PID=5247) to work on /home/airflow/.local/lib/python3.8/site-packages/airflow/example_dags/example_python_operator.py
[2025-11-02T19:12:58.162+0000] {processor.py:830} INFO - Processing file /home/airflow/.local/lib/python3.8/site-packages/airflow/example_dags/example_python_operator.py for tasks to queue
[2025-11-02T19:12:58.182+0000] {logging_mixin.py:188} INFO - [2025-11-02T19:12:58.180+0000] {dagbag.py:538} INFO - Filling up the DagBag from /home/airflow/.local/lib/python3.8/site-packages/airflow/example_dags/example_python_operator.py
[2025-11-02T19:12:58.255+0000] {processor.py:840} INFO - DAG(s) 'example_python_operator' retrieved from /home/airflow/.local/lib/python3.8/site-packages/airflow/example_dags/example_python_operator.py
[2025-11-02T19:12:58.448+0000] {logging_mixin.py:188} INFO - [2025-11-02T19:12:58.447+0000] {dag.py:3036} INFO - Sync 1 DAGs
[2025-11-02T19:12:58.573+0000] {logging_mixin.py:188} INFO - [2025-11-02T19:12:58.572+0000] {dag.py:3823} INFO - Setting next_dagrun for example_python_operator to None, run_after=None
[2025-11-02T19:12:58.692+0000] {processor.py:183} INFO - Processing /home/airflow/.local/lib/python3.8/site-packages/airflow/example_dags/example_python_operator.py took 0.556 seconds
[2025-11-02T19:13:29.734+0000] {processor.py:161} INFO - Started process (PID=5303) to work on /home/airflow/.local/lib/python3.8/site-packages/airflow/example_dags/example_python_operator.py
[2025-11-02T19:13:29.740+0000] {processor.py:830} INFO - Processing file /home/airflow/.local/lib/python3.8/site-packages/airflow/example_dags/example_python_operator.py for tasks to queue
[2025-11-02T19:13:29.745+0000] {logging_mixin.py:188} INFO - [2025-11-02T19:13:29.744+0000] {dagbag.py:538} INFO - Filling up the DagBag from /home/airflow/.local/lib/python3.8/site-packages/airflow/example_dags/example_python_operator.py
[2025-11-02T19:13:29.780+0000] {processor.py:840} INFO - DAG(s) 'example_python_operator' retrieved from /home/airflow/.local/lib/python3.8/site-packages/airflow/example_dags/example_python_operator.py
[2025-11-02T19:13:29.839+0000] {logging_mixin.py:188} INFO - [2025-11-02T19:13:29.839+0000] {dag.py:3036} INFO - Sync 1 DAGs
[2025-11-02T19:13:29.868+0000] {logging_mixin.py:188} INFO - [2025-11-02T19:13:29.867+0000] {dag.py:3823} INFO - Setting next_dagrun for example_python_operator to None, run_after=None
[2025-11-02T19:13:29.921+0000] {processor.py:183} INFO - Processing /home/airflow/.local/lib/python3.8/site-packages/airflow/example_dags/example_python_operator.py took 0.196 seconds
[2025-11-02T19:14:00.361+0000] {processor.py:161} INFO - Started process (PID=5358) to work on /home/airflow/.local/lib/python3.8/site-packages/airflow/example_dags/example_python_operator.py
[2025-11-02T19:14:00.364+0000] {processor.py:830} INFO - Processing file /home/airflow/.local/lib/python3.8/site-packages/airflow/example_dags/example_python_operator.py for tasks to queue
[2025-11-02T19:14:00.371+0000] {logging_mixin.py:188} INFO - [2025-11-02T19:14:00.369+0000] {dagbag.py:538} INFO - Filling up the DagBag from /home/airflow/.local/lib/python3.8/site-packages/airflow/example_dags/example_python_operator.py
[2025-11-02T19:14:00.403+0000] {processor.py:840} INFO - DAG(s) 'example_python_operator' retrieved from /home/airflow/.local/lib/python3.8/site-packages/airflow/example_dags/example_python_operator.py
[2025-11-02T19:14:00.472+0000] {logging_mixin.py:188} INFO - [2025-11-02T19:14:00.471+0000] {dag.py:3036} INFO - Sync 1 DAGs
[2025-11-02T19:14:00.505+0000] {logging_mixin.py:188} INFO - [2025-11-02T19:14:00.505+0000] {dag.py:3823} INFO - Setting next_dagrun for example_python_operator to None, run_after=None
[2025-11-02T19:14:00.559+0000] {processor.py:183} INFO - Processing /home/airflow/.local/lib/python3.8/site-packages/airflow/example_dags/example_python_operator.py took 0.210 seconds
[2025-11-02T19:14:30.857+0000] {processor.py:161} INFO - Started process (PID=5413) to work on /home/airflow/.local/lib/python3.8/site-packages/airflow/example_dags/example_python_operator.py
[2025-11-02T19:14:30.860+0000] {processor.py:830} INFO - Processing file /home/airflow/.local/lib/python3.8/site-packages/airflow/example_dags/example_python_operator.py for tasks to queue
[2025-11-02T19:14:30.866+0000] {logging_mixin.py:188} INFO - [2025-11-02T19:14:30.865+0000] {dagbag.py:538} INFO - Filling up the DagBag from /home/airflow/.local/lib/python3.8/site-packages/airflow/example_dags/example_python_operator.py
[2025-11-02T19:14:30.896+0000] {processor.py:840} INFO - DAG(s) 'example_python_operator' retrieved from /home/airflow/.local/lib/python3.8/site-packages/airflow/example_dags/example_python_operator.py
[2025-11-02T19:14:30.948+0000] {logging_mixin.py:188} INFO - [2025-11-02T19:14:30.947+0000] {dag.py:3036} INFO - Sync 1 DAGs
[2025-11-02T19:14:30.979+0000] {logging_mixin.py:188} INFO - [2025-11-02T19:14:30.979+0000] {dag.py:3823} INFO - Setting next_dagrun for example_python_operator to None, run_after=None
[2025-11-02T19:14:31.030+0000] {processor.py:183} INFO - Processing /home/airflow/.local/lib/python3.8/site-packages/airflow/example_dags/example_python_operator.py took 0.181 seconds
[2025-11-02T19:15:01.166+0000] {processor.py:161} INFO - Started process (PID=5468) to work on /home/airflow/.local/lib/python3.8/site-packages/airflow/example_dags/example_python_operator.py
[2025-11-02T19:15:01.169+0000] {processor.py:830} INFO - Processing file /home/airflow/.local/lib/python3.8/site-packages/airflow/example_dags/example_python_operator.py for tasks to queue
[2025-11-02T19:15:01.179+0000] {logging_mixin.py:188} INFO - [2025-11-02T19:15:01.178+0000] {dagbag.py:538} INFO - Filling up the DagBag from /home/airflow/.local/lib/python3.8/site-packages/airflow/example_dags/example_python_operator.py
[2025-11-02T19:15:01.218+0000] {processor.py:840} INFO - DAG(s) 'example_python_operator' retrieved from /home/airflow/.local/lib/python3.8/site-packages/airflow/example_dags/example_python_operator.py
[2025-11-02T19:15:01.300+0000] {logging_mixin.py:188} INFO - [2025-11-02T19:15:01.300+0000] {dag.py:3036} INFO - Sync 1 DAGs
[2025-11-02T19:15:01.337+0000] {logging_mixin.py:188} INFO - [2025-11-02T19:15:01.336+0000] {dag.py:3823} INFO - Setting next_dagrun for example_python_operator to None, run_after=None
[2025-11-02T19:15:01.401+0000] {processor.py:183} INFO - Processing /home/airflow/.local/lib/python3.8/site-packages/airflow/example_dags/example_python_operator.py took 0.252 seconds
[2025-11-02T19:15:31.902+0000] {processor.py:161} INFO - Started process (PID=5523) to work on /home/airflow/.local/lib/python3.8/site-packages/airflow/example_dags/example_python_operator.py
[2025-11-02T19:15:31.906+0000] {processor.py:830} INFO - Processing file /home/airflow/.local/lib/python3.8/site-packages/airflow/example_dags/example_python_operator.py for tasks to queue
[2025-11-02T19:15:31.912+0000] {logging_mixin.py:188} INFO - [2025-11-02T19:15:31.911+0000] {dagbag.py:538} INFO - Filling up the DagBag from /home/airflow/.local/lib/python3.8/site-packages/airflow/example_dags/example_python_operator.py
[2025-11-02T19:15:31.942+0000] {processor.py:840} INFO - DAG(s) 'example_python_operator' retrieved from /home/airflow/.local/lib/python3.8/site-packages/airflow/example_dags/example_python_operator.py
[2025-11-02T19:15:32.002+0000] {logging_mixin.py:188} INFO - [2025-11-02T19:15:32.001+0000] {dag.py:3036} INFO - Sync 1 DAGs
[2025-11-02T19:15:32.035+0000] {logging_mixin.py:188} INFO - [2025-11-02T19:15:32.034+0000] {dag.py:3823} INFO - Setting next_dagrun for example_python_operator to None, run_after=None
[2025-11-02T19:15:32.087+0000] {processor.py:183} INFO - Processing /home/airflow/.local/lib/python3.8/site-packages/airflow/example_dags/example_python_operator.py took 0.196 seconds
[2025-11-02T19:16:02.899+0000] {processor.py:161} INFO - Started process (PID=5578) to work on /home/airflow/.local/lib/python3.8/site-packages/airflow/example_dags/example_python_operator.py
[2025-11-02T19:16:02.904+0000] {processor.py:830} INFO - Processing file /home/airflow/.local/lib/python3.8/site-packages/airflow/example_dags/example_python_operator.py for tasks to queue
[2025-11-02T19:16:02.909+0000] {logging_mixin.py:188} INFO - [2025-11-02T19:16:02.908+0000] {dagbag.py:538} INFO - Filling up the DagBag from /home/airflow/.local/lib/python3.8/site-packages/airflow/example_dags/example_python_operator.py
[2025-11-02T19:16:02.940+0000] {processor.py:840} INFO - DAG(s) 'example_python_operator' retrieved from /home/airflow/.local/lib/python3.8/site-packages/airflow/example_dags/example_python_operator.py
[2025-11-02T19:16:03.007+0000] {logging_mixin.py:188} INFO - [2025-11-02T19:16:03.006+0000] {dag.py:3036} INFO - Sync 1 DAGs
[2025-11-02T19:16:03.052+0000] {logging_mixin.py:188} INFO - [2025-11-02T19:16:03.051+0000] {dag.py:3823} INFO - Setting next_dagrun for example_python_operator to None, run_after=None
[2025-11-02T19:16:03.124+0000] {processor.py:183} INFO - Processing /home/airflow/.local/lib/python3.8/site-packages/airflow/example_dags/example_python_operator.py took 0.235 seconds
[2025-11-02T19:16:33.303+0000] {processor.py:161} INFO - Started process (PID=5633) to work on /home/airflow/.local/lib/python3.8/site-packages/airflow/example_dags/example_python_operator.py
[2025-11-02T19:16:33.306+0000] {processor.py:830} INFO - Processing file /home/airflow/.local/lib/python3.8/site-packages/airflow/example_dags/example_python_operator.py for tasks to queue
[2025-11-02T19:16:33.313+0000] {logging_mixin.py:188} INFO - [2025-11-02T19:16:33.312+0000] {dagbag.py:538} INFO - Filling up the DagBag from /home/airflow/.local/lib/python3.8/site-packages/airflow/example_dags/example_python_operator.py
[2025-11-02T19:16:33.349+0000] {processor.py:840} INFO - DAG(s) 'example_python_operator' retrieved from /home/airflow/.local/lib/python3.8/site-packages/airflow/example_dags/example_python_operator.py
[2025-11-02T19:16:33.412+0000] {logging_mixin.py:188} INFO - [2025-11-02T19:16:33.411+0000] {dag.py:3036} INFO - Sync 1 DAGs
[2025-11-02T19:16:33.441+0000] {logging_mixin.py:188} INFO - [2025-11-02T19:16:33.440+0000] {dag.py:3823} INFO - Setting next_dagrun for example_python_operator to None, run_after=None
[2025-11-02T19:16:33.490+0000] {processor.py:183} INFO - Processing /home/airflow/.local/lib/python3.8/site-packages/airflow/example_dags/example_python_operator.py took 0.199 seconds
[2025-11-02T19:17:04.487+0000] {processor.py:161} INFO - Started process (PID=5687) to work on /home/airflow/.local/lib/python3.8/site-packages/airflow/example_dags/example_python_operator.py
[2025-11-02T19:17:04.490+0000] {processor.py:830} INFO - Processing file /home/airflow/.local/lib/python3.8/site-packages/airflow/example_dags/example_python_operator.py for tasks to queue
[2025-11-02T19:17:04.497+0000] {logging_mixin.py:188} INFO - [2025-11-02T19:17:04.496+0000] {dagbag.py:538} INFO - Filling up the DagBag from /home/airflow/.local/lib/python3.8/site-packages/airflow/example_dags/example_python_operator.py
[2025-11-02T19:17:04.529+0000] {processor.py:840} INFO - DAG(s) 'example_python_operator' retrieved from /home/airflow/.local/lib/python3.8/site-packages/airflow/example_dags/example_python_operator.py
[2025-11-02T19:17:04.585+0000] {logging_mixin.py:188} INFO - [2025-11-02T19:17:04.585+0000] {dag.py:3036} INFO - Sync 1 DAGs
[2025-11-02T19:17:04.620+0000] {logging_mixin.py:188} INFO - [2025-11-02T19:17:04.619+0000] {dag.py:3823} INFO - Setting next_dagrun for example_python_operator to None, run_after=None
[2025-11-02T19:17:04.678+0000] {processor.py:183} INFO - Processing /home/airflow/.local/lib/python3.8/site-packages/airflow/example_dags/example_python_operator.py took 0.200 seconds
[2025-11-02T19:17:35.018+0000] {processor.py:161} INFO - Started process (PID=5742) to work on /home/airflow/.local/lib/python3.8/site-packages/airflow/example_dags/example_python_operator.py
[2025-11-02T19:17:35.021+0000] {processor.py:830} INFO - Processing file /home/airflow/.local/lib/python3.8/site-packages/airflow/example_dags/example_python_operator.py for tasks to queue
[2025-11-02T19:17:35.026+0000] {logging_mixin.py:188} INFO - [2025-11-02T19:17:35.025+0000] {dagbag.py:538} INFO - Filling up the DagBag from /home/airflow/.local/lib/python3.8/site-packages/airflow/example_dags/example_python_operator.py
[2025-11-02T19:17:35.059+0000] {processor.py:840} INFO - DAG(s) 'example_python_operator' retrieved from /home/airflow/.local/lib/python3.8/site-packages/airflow/example_dags/example_python_operator.py
[2025-11-02T19:17:35.132+0000] {logging_mixin.py:188} INFO - [2025-11-02T19:17:35.132+0000] {dag.py:3036} INFO - Sync 1 DAGs
[2025-11-02T19:17:35.156+0000] {logging_mixin.py:188} INFO - [2025-11-02T19:17:35.156+0000] {dag.py:3823} INFO - Setting next_dagrun for example_python_operator to None, run_after=None
[2025-11-02T19:17:35.193+0000] {processor.py:183} INFO - Processing /home/airflow/.local/lib/python3.8/site-packages/airflow/example_dags/example_python_operator.py took 0.186 seconds
[2025-11-02T19:18:05.823+0000] {processor.py:161} INFO - Started process (PID=5796) to work on /home/airflow/.local/lib/python3.8/site-packages/airflow/example_dags/example_python_operator.py
[2025-11-02T19:18:05.828+0000] {processor.py:830} INFO - Processing file /home/airflow/.local/lib/python3.8/site-packages/airflow/example_dags/example_python_operator.py for tasks to queue
[2025-11-02T19:18:05.836+0000] {logging_mixin.py:188} INFO - [2025-11-02T19:18:05.834+0000] {dagbag.py:538} INFO - Filling up the DagBag from /home/airflow/.local/lib/python3.8/site-packages/airflow/example_dags/example_python_operator.py
[2025-11-02T19:18:05.893+0000] {processor.py:840} INFO - DAG(s) 'example_python_operator' retrieved from /home/airflow/.local/lib/python3.8/site-packages/airflow/example_dags/example_python_operator.py
[2025-11-02T19:18:06.016+0000] {logging_mixin.py:188} INFO - [2025-11-02T19:18:06.015+0000] {dag.py:3036} INFO - Sync 1 DAGs
[2025-11-02T19:18:06.082+0000] {logging_mixin.py:188} INFO - [2025-11-02T19:18:06.081+0000] {dag.py:3823} INFO - Setting next_dagrun for example_python_operator to None, run_after=None
[2025-11-02T19:18:06.186+0000] {processor.py:183} INFO - Processing /home/airflow/.local/lib/python3.8/site-packages/airflow/example_dags/example_python_operator.py took 0.394 seconds
[2025-11-02T19:18:36.650+0000] {processor.py:161} INFO - Started process (PID=5851) to work on /home/airflow/.local/lib/python3.8/site-packages/airflow/example_dags/example_python_operator.py
[2025-11-02T19:18:36.653+0000] {processor.py:830} INFO - Processing file /home/airflow/.local/lib/python3.8/site-packages/airflow/example_dags/example_python_operator.py for tasks to queue
[2025-11-02T19:18:36.658+0000] {logging_mixin.py:188} INFO - [2025-11-02T19:18:36.657+0000] {dagbag.py:538} INFO - Filling up the DagBag from /home/airflow/.local/lib/python3.8/site-packages/airflow/example_dags/example_python_operator.py
[2025-11-02T19:18:36.689+0000] {processor.py:840} INFO - DAG(s) 'example_python_operator' retrieved from /home/airflow/.local/lib/python3.8/site-packages/airflow/example_dags/example_python_operator.py
[2025-11-02T19:18:36.756+0000] {logging_mixin.py:188} INFO - [2025-11-02T19:18:36.755+0000] {dag.py:3036} INFO - Sync 1 DAGs
[2025-11-02T19:18:36.795+0000] {logging_mixin.py:188} INFO - [2025-11-02T19:18:36.794+0000] {dag.py:3823} INFO - Setting next_dagrun for example_python_operator to None, run_after=None
[2025-11-02T19:18:36.847+0000] {processor.py:183} INFO - Processing /home/airflow/.local/lib/python3.8/site-packages/airflow/example_dags/example_python_operator.py took 0.207 seconds
[2025-11-02T19:19:07.691+0000] {processor.py:161} INFO - Started process (PID=5905) to work on /home/airflow/.local/lib/python3.8/site-packages/airflow/example_dags/example_python_operator.py
[2025-11-02T19:19:07.694+0000] {processor.py:830} INFO - Processing file /home/airflow/.local/lib/python3.8/site-packages/airflow/example_dags/example_python_operator.py for tasks to queue
[2025-11-02T19:19:07.699+0000] {logging_mixin.py:188} INFO - [2025-11-02T19:19:07.698+0000] {dagbag.py:538} INFO - Filling up the DagBag from /home/airflow/.local/lib/python3.8/site-packages/airflow/example_dags/example_python_operator.py
[2025-11-02T19:19:07.723+0000] {processor.py:840} INFO - DAG(s) 'example_python_operator' retrieved from /home/airflow/.local/lib/python3.8/site-packages/airflow/example_dags/example_python_operator.py
[2025-11-02T19:19:07.781+0000] {logging_mixin.py:188} INFO - [2025-11-02T19:19:07.780+0000] {dag.py:3036} INFO - Sync 1 DAGs
[2025-11-02T19:19:07.813+0000] {logging_mixin.py:188} INFO - [2025-11-02T19:19:07.813+0000] {dag.py:3823} INFO - Setting next_dagrun for example_python_operator to None, run_after=None
[2025-11-02T19:19:07.862+0000] {processor.py:183} INFO - Processing /home/airflow/.local/lib/python3.8/site-packages/airflow/example_dags/example_python_operator.py took 0.179 seconds
[2025-11-02T19:19:38.874+0000] {processor.py:161} INFO - Started process (PID=5960) to work on /home/airflow/.local/lib/python3.8/site-packages/airflow/example_dags/example_python_operator.py
[2025-11-02T19:19:38.876+0000] {processor.py:830} INFO - Processing file /home/airflow/.local/lib/python3.8/site-packages/airflow/example_dags/example_python_operator.py for tasks to queue
[2025-11-02T19:19:38.881+0000] {logging_mixin.py:188} INFO - [2025-11-02T19:19:38.880+0000] {dagbag.py:538} INFO - Filling up the DagBag from /home/airflow/.local/lib/python3.8/site-packages/airflow/example_dags/example_python_operator.py
[2025-11-02T19:19:38.905+0000] {processor.py:840} INFO - DAG(s) 'example_python_operator' retrieved from /home/airflow/.local/lib/python3.8/site-packages/airflow/example_dags/example_python_operator.py
[2025-11-02T19:19:38.958+0000] {logging_mixin.py:188} INFO - [2025-11-02T19:19:38.957+0000] {dag.py:3036} INFO - Sync 1 DAGs
[2025-11-02T19:19:39.013+0000] {logging_mixin.py:188} INFO - [2025-11-02T19:19:39.013+0000] {dag.py:3823} INFO - Setting next_dagrun for example_python_operator to None, run_after=None
[2025-11-02T19:19:39.067+0000] {processor.py:183} INFO - Processing /home/airflow/.local/lib/python3.8/site-packages/airflow/example_dags/example_python_operator.py took 0.202 seconds
[2025-11-02T19:20:10.161+0000] {processor.py:161} INFO - Started process (PID=6016) to work on /home/airflow/.local/lib/python3.8/site-packages/airflow/example_dags/example_python_operator.py
[2025-11-02T19:20:10.165+0000] {processor.py:830} INFO - Processing file /home/airflow/.local/lib/python3.8/site-packages/airflow/example_dags/example_python_operator.py for tasks to queue
[2025-11-02T19:20:10.172+0000] {logging_mixin.py:188} INFO - [2025-11-02T19:20:10.171+0000] {dagbag.py:538} INFO - Filling up the DagBag from /home/airflow/.local/lib/python3.8/site-packages/airflow/example_dags/example_python_operator.py
[2025-11-02T19:20:10.204+0000] {processor.py:840} INFO - DAG(s) 'example_python_operator' retrieved from /home/airflow/.local/lib/python3.8/site-packages/airflow/example_dags/example_python_operator.py
[2025-11-02T19:20:10.265+0000] {logging_mixin.py:188} INFO - [2025-11-02T19:20:10.264+0000] {dag.py:3036} INFO - Sync 1 DAGs
[2025-11-02T19:20:10.302+0000] {logging_mixin.py:188} INFO - [2025-11-02T19:20:10.301+0000] {dag.py:3823} INFO - Setting next_dagrun for example_python_operator to None, run_after=None
[2025-11-02T19:20:10.355+0000] {processor.py:183} INFO - Processing /home/airflow/.local/lib/python3.8/site-packages/airflow/example_dags/example_python_operator.py took 0.204 seconds
[2025-11-02T19:20:40.863+0000] {processor.py:161} INFO - Started process (PID=6071) to work on /home/airflow/.local/lib/python3.8/site-packages/airflow/example_dags/example_python_operator.py
[2025-11-02T19:20:40.866+0000] {processor.py:830} INFO - Processing file /home/airflow/.local/lib/python3.8/site-packages/airflow/example_dags/example_python_operator.py for tasks to queue
[2025-11-02T19:20:40.875+0000] {logging_mixin.py:188} INFO - [2025-11-02T19:20:40.874+0000] {dagbag.py:538} INFO - Filling up the DagBag from /home/airflow/.local/lib/python3.8/site-packages/airflow/example_dags/example_python_operator.py
[2025-11-02T19:20:40.959+0000] {processor.py:840} INFO - DAG(s) 'example_python_operator' retrieved from /home/airflow/.local/lib/python3.8/site-packages/airflow/example_dags/example_python_operator.py
[2025-11-02T19:20:41.076+0000] {logging_mixin.py:188} INFO - [2025-11-02T19:20:41.075+0000] {dag.py:3036} INFO - Sync 1 DAGs
[2025-11-02T19:20:41.101+0000] {logging_mixin.py:188} INFO - [2025-11-02T19:20:41.100+0000] {dag.py:3823} INFO - Setting next_dagrun for example_python_operator to None, run_after=None
[2025-11-02T19:20:41.140+0000] {processor.py:183} INFO - Processing /home/airflow/.local/lib/python3.8/site-packages/airflow/example_dags/example_python_operator.py took 0.291 seconds
[2025-11-02T19:21:11.836+0000] {processor.py:161} INFO - Started process (PID=6126) to work on /home/airflow/.local/lib/python3.8/site-packages/airflow/example_dags/example_python_operator.py
[2025-11-02T19:21:11.840+0000] {processor.py:830} INFO - Processing file /home/airflow/.local/lib/python3.8/site-packages/airflow/example_dags/example_python_operator.py for tasks to queue
[2025-11-02T19:21:11.847+0000] {logging_mixin.py:188} INFO - [2025-11-02T19:21:11.846+0000] {dagbag.py:538} INFO - Filling up the DagBag from /home/airflow/.local/lib/python3.8/site-packages/airflow/example_dags/example_python_operator.py
[2025-11-02T19:21:11.891+0000] {processor.py:840} INFO - DAG(s) 'example_python_operator' retrieved from /home/airflow/.local/lib/python3.8/site-packages/airflow/example_dags/example_python_operator.py
[2025-11-02T19:21:11.989+0000] {logging_mixin.py:188} INFO - [2025-11-02T19:21:11.988+0000] {dag.py:3036} INFO - Sync 1 DAGs
[2025-11-02T19:21:12.030+0000] {logging_mixin.py:188} INFO - [2025-11-02T19:21:12.030+0000] {dag.py:3823} INFO - Setting next_dagrun for example_python_operator to None, run_after=None
[2025-11-02T19:21:12.088+0000] {processor.py:183} INFO - Processing /home/airflow/.local/lib/python3.8/site-packages/airflow/example_dags/example_python_operator.py took 0.265 seconds
[2025-11-02T19:21:42.190+0000] {processor.py:161} INFO - Started process (PID=6180) to work on /home/airflow/.local/lib/python3.8/site-packages/airflow/example_dags/example_python_operator.py
[2025-11-02T19:21:42.192+0000] {processor.py:830} INFO - Processing file /home/airflow/.local/lib/python3.8/site-packages/airflow/example_dags/example_python_operator.py for tasks to queue
[2025-11-02T19:21:42.197+0000] {logging_mixin.py:188} INFO - [2025-11-02T19:21:42.197+0000] {dagbag.py:538} INFO - Filling up the DagBag from /home/airflow/.local/lib/python3.8/site-packages/airflow/example_dags/example_python_operator.py
[2025-11-02T19:21:42.229+0000] {processor.py:840} INFO - DAG(s) 'example_python_operator' retrieved from /home/airflow/.local/lib/python3.8/site-packages/airflow/example_dags/example_python_operator.py
[2025-11-02T19:21:42.317+0000] {logging_mixin.py:188} INFO - [2025-11-02T19:21:42.316+0000] {dag.py:3036} INFO - Sync 1 DAGs
[2025-11-02T19:21:42.354+0000] {logging_mixin.py:188} INFO - [2025-11-02T19:21:42.354+0000] {dag.py:3823} INFO - Setting next_dagrun for example_python_operator to None, run_after=None
[2025-11-02T19:21:42.411+0000] {processor.py:183} INFO - Processing /home/airflow/.local/lib/python3.8/site-packages/airflow/example_dags/example_python_operator.py took 0.233 seconds
[2025-11-02T19:22:12.667+0000] {processor.py:161} INFO - Started process (PID=6235) to work on /home/airflow/.local/lib/python3.8/site-packages/airflow/example_dags/example_python_operator.py
[2025-11-02T19:22:12.670+0000] {processor.py:830} INFO - Processing file /home/airflow/.local/lib/python3.8/site-packages/airflow/example_dags/example_python_operator.py for tasks to queue
[2025-11-02T19:22:12.674+0000] {logging_mixin.py:188} INFO - [2025-11-02T19:22:12.674+0000] {dagbag.py:538} INFO - Filling up the DagBag from /home/airflow/.local/lib/python3.8/site-packages/airflow/example_dags/example_python_operator.py
[2025-11-02T19:22:12.704+0000] {processor.py:840} INFO - DAG(s) 'example_python_operator' retrieved from /home/airflow/.local/lib/python3.8/site-packages/airflow/example_dags/example_python_operator.py
[2025-11-02T19:22:12.765+0000] {logging_mixin.py:188} INFO - [2025-11-02T19:22:12.764+0000] {dag.py:3036} INFO - Sync 1 DAGs
[2025-11-02T19:22:12.791+0000] {logging_mixin.py:188} INFO - [2025-11-02T19:22:12.791+0000] {dag.py:3823} INFO - Setting next_dagrun for example_python_operator to None, run_after=None
[2025-11-02T19:22:12.837+0000] {processor.py:183} INFO - Processing /home/airflow/.local/lib/python3.8/site-packages/airflow/example_dags/example_python_operator.py took 0.180 seconds
[2025-11-02T19:22:43.166+0000] {processor.py:161} INFO - Started process (PID=6290) to work on /home/airflow/.local/lib/python3.8/site-packages/airflow/example_dags/example_python_operator.py
[2025-11-02T19:22:43.168+0000] {processor.py:830} INFO - Processing file /home/airflow/.local/lib/python3.8/site-packages/airflow/example_dags/example_python_operator.py for tasks to queue
[2025-11-02T19:22:43.172+0000] {logging_mixin.py:188} INFO - [2025-11-02T19:22:43.172+0000] {dagbag.py:538} INFO - Filling up the DagBag from /home/airflow/.local/lib/python3.8/site-packages/airflow/example_dags/example_python_operator.py
[2025-11-02T19:22:43.197+0000] {processor.py:840} INFO - DAG(s) 'example_python_operator' retrieved from /home/airflow/.local/lib/python3.8/site-packages/airflow/example_dags/example_python_operator.py
[2025-11-02T19:22:43.246+0000] {logging_mixin.py:188} INFO - [2025-11-02T19:22:43.246+0000] {dag.py:3036} INFO - Sync 1 DAGs
[2025-11-02T19:22:43.272+0000] {logging_mixin.py:188} INFO - [2025-11-02T19:22:43.272+0000] {dag.py:3823} INFO - Setting next_dagrun for example_python_operator to None, run_after=None
[2025-11-02T19:22:43.312+0000] {processor.py:183} INFO - Processing /home/airflow/.local/lib/python3.8/site-packages/airflow/example_dags/example_python_operator.py took 0.156 seconds
[2025-11-02T19:23:14.054+0000] {processor.py:161} INFO - Started process (PID=6343) to work on /home/airflow/.local/lib/python3.8/site-packages/airflow/example_dags/example_python_operator.py
[2025-11-02T19:23:14.056+0000] {processor.py:830} INFO - Processing file /home/airflow/.local/lib/python3.8/site-packages/airflow/example_dags/example_python_operator.py for tasks to queue
[2025-11-02T19:23:14.061+0000] {logging_mixin.py:188} INFO - [2025-11-02T19:23:14.060+0000] {dagbag.py:538} INFO - Filling up the DagBag from /home/airflow/.local/lib/python3.8/site-packages/airflow/example_dags/example_python_operator.py
[2025-11-02T19:23:14.084+0000] {processor.py:840} INFO - DAG(s) 'example_python_operator' retrieved from /home/airflow/.local/lib/python3.8/site-packages/airflow/example_dags/example_python_operator.py
[2025-11-02T19:23:14.131+0000] {logging_mixin.py:188} INFO - [2025-11-02T19:23:14.131+0000] {dag.py:3036} INFO - Sync 1 DAGs
[2025-11-02T19:23:14.188+0000] {logging_mixin.py:188} INFO - [2025-11-02T19:23:14.187+0000] {dag.py:3823} INFO - Setting next_dagrun for example_python_operator to None, run_after=None
[2025-11-02T19:23:14.241+0000] {processor.py:183} INFO - Processing /home/airflow/.local/lib/python3.8/site-packages/airflow/example_dags/example_python_operator.py took 0.196 seconds
[2025-11-02T19:23:44.662+0000] {processor.py:161} INFO - Started process (PID=6398) to work on /home/airflow/.local/lib/python3.8/site-packages/airflow/example_dags/example_python_operator.py
[2025-11-02T19:23:44.664+0000] {processor.py:830} INFO - Processing file /home/airflow/.local/lib/python3.8/site-packages/airflow/example_dags/example_python_operator.py for tasks to queue
[2025-11-02T19:23:44.669+0000] {logging_mixin.py:188} INFO - [2025-11-02T19:23:44.668+0000] {dagbag.py:538} INFO - Filling up the DagBag from /home/airflow/.local/lib/python3.8/site-packages/airflow/example_dags/example_python_operator.py
[2025-11-02T19:23:44.692+0000] {processor.py:840} INFO - DAG(s) 'example_python_operator' retrieved from /home/airflow/.local/lib/python3.8/site-packages/airflow/example_dags/example_python_operator.py
[2025-11-02T19:23:44.739+0000] {logging_mixin.py:188} INFO - [2025-11-02T19:23:44.738+0000] {dag.py:3036} INFO - Sync 1 DAGs
[2025-11-02T19:23:44.763+0000] {logging_mixin.py:188} INFO - [2025-11-02T19:23:44.763+0000] {dag.py:3823} INFO - Setting next_dagrun for example_python_operator to None, run_after=None
[2025-11-02T19:23:44.804+0000] {processor.py:183} INFO - Processing /home/airflow/.local/lib/python3.8/site-packages/airflow/example_dags/example_python_operator.py took 0.151 seconds
[2025-11-02T19:24:15.132+0000] {processor.py:161} INFO - Started process (PID=6453) to work on /home/airflow/.local/lib/python3.8/site-packages/airflow/example_dags/example_python_operator.py
[2025-11-02T19:24:15.138+0000] {processor.py:830} INFO - Processing file /home/airflow/.local/lib/python3.8/site-packages/airflow/example_dags/example_python_operator.py for tasks to queue
[2025-11-02T19:24:15.145+0000] {logging_mixin.py:188} INFO - [2025-11-02T19:24:15.144+0000] {dagbag.py:538} INFO - Filling up the DagBag from /home/airflow/.local/lib/python3.8/site-packages/airflow/example_dags/example_python_operator.py
[2025-11-02T19:24:15.183+0000] {processor.py:840} INFO - DAG(s) 'example_python_operator' retrieved from /home/airflow/.local/lib/python3.8/site-packages/airflow/example_dags/example_python_operator.py
[2025-11-02T19:24:15.250+0000] {logging_mixin.py:188} INFO - [2025-11-02T19:24:15.249+0000] {dag.py:3036} INFO - Sync 1 DAGs
[2025-11-02T19:24:15.290+0000] {logging_mixin.py:188} INFO - [2025-11-02T19:24:15.289+0000] {dag.py:3823} INFO - Setting next_dagrun for example_python_operator to None, run_after=None
[2025-11-02T19:24:15.350+0000] {processor.py:183} INFO - Processing /home/airflow/.local/lib/python3.8/site-packages/airflow/example_dags/example_python_operator.py took 0.231 seconds
[2025-11-02T19:24:45.902+0000] {processor.py:161} INFO - Started process (PID=6508) to work on /home/airflow/.local/lib/python3.8/site-packages/airflow/example_dags/example_python_operator.py
[2025-11-02T19:24:45.909+0000] {processor.py:830} INFO - Processing file /home/airflow/.local/lib/python3.8/site-packages/airflow/example_dags/example_python_operator.py for tasks to queue
[2025-11-02T19:24:45.916+0000] {logging_mixin.py:188} INFO - [2025-11-02T19:24:45.915+0000] {dagbag.py:538} INFO - Filling up the DagBag from /home/airflow/.local/lib/python3.8/site-packages/airflow/example_dags/example_python_operator.py
[2025-11-02T19:24:45.953+0000] {processor.py:840} INFO - DAG(s) 'example_python_operator' retrieved from /home/airflow/.local/lib/python3.8/site-packages/airflow/example_dags/example_python_operator.py
[2025-11-02T19:24:46.085+0000] {logging_mixin.py:188} INFO - [2025-11-02T19:24:46.084+0000] {dag.py:3036} INFO - Sync 1 DAGs
[2025-11-02T19:24:46.211+0000] {logging_mixin.py:188} INFO - [2025-11-02T19:24:46.210+0000] {dag.py:3823} INFO - Setting next_dagrun for example_python_operator to None, run_after=None
[2025-11-02T19:24:46.299+0000] {processor.py:183} INFO - Processing /home/airflow/.local/lib/python3.8/site-packages/airflow/example_dags/example_python_operator.py took 0.408 seconds
[2025-11-02T19:25:16.743+0000] {processor.py:161} INFO - Started process (PID=6563) to work on /home/airflow/.local/lib/python3.8/site-packages/airflow/example_dags/example_python_operator.py
[2025-11-02T19:25:16.746+0000] {processor.py:830} INFO - Processing file /home/airflow/.local/lib/python3.8/site-packages/airflow/example_dags/example_python_operator.py for tasks to queue
[2025-11-02T19:25:16.752+0000] {logging_mixin.py:188} INFO - [2025-11-02T19:25:16.751+0000] {dagbag.py:538} INFO - Filling up the DagBag from /home/airflow/.local/lib/python3.8/site-packages/airflow/example_dags/example_python_operator.py
[2025-11-02T19:25:16.786+0000] {processor.py:840} INFO - DAG(s) 'example_python_operator' retrieved from /home/airflow/.local/lib/python3.8/site-packages/airflow/example_dags/example_python_operator.py
[2025-11-02T19:25:16.847+0000] {logging_mixin.py:188} INFO - [2025-11-02T19:25:16.846+0000] {dag.py:3036} INFO - Sync 1 DAGs
[2025-11-02T19:25:16.890+0000] {logging_mixin.py:188} INFO - [2025-11-02T19:25:16.889+0000] {dag.py:3823} INFO - Setting next_dagrun for example_python_operator to None, run_after=None
[2025-11-02T19:25:16.944+0000] {processor.py:183} INFO - Processing /home/airflow/.local/lib/python3.8/site-packages/airflow/example_dags/example_python_operator.py took 0.211 seconds
[2025-11-02T19:25:47.116+0000] {processor.py:161} INFO - Started process (PID=6617) to work on /home/airflow/.local/lib/python3.8/site-packages/airflow/example_dags/example_python_operator.py
[2025-11-02T19:25:47.122+0000] {processor.py:830} INFO - Processing file /home/airflow/.local/lib/python3.8/site-packages/airflow/example_dags/example_python_operator.py for tasks to queue
[2025-11-02T19:25:47.127+0000] {logging_mixin.py:188} INFO - [2025-11-02T19:25:47.126+0000] {dagbag.py:538} INFO - Filling up the DagBag from /home/airflow/.local/lib/python3.8/site-packages/airflow/example_dags/example_python_operator.py
[2025-11-02T19:25:47.159+0000] {processor.py:840} INFO - DAG(s) 'example_python_operator' retrieved from /home/airflow/.local/lib/python3.8/site-packages/airflow/example_dags/example_python_operator.py
[2025-11-02T19:25:47.234+0000] {logging_mixin.py:188} INFO - [2025-11-02T19:25:47.233+0000] {dag.py:3036} INFO - Sync 1 DAGs
[2025-11-02T19:25:47.278+0000] {logging_mixin.py:188} INFO - [2025-11-02T19:25:47.277+0000] {dag.py:3823} INFO - Setting next_dagrun for example_python_operator to None, run_after=None
[2025-11-02T19:25:47.355+0000] {processor.py:183} INFO - Processing /home/airflow/.local/lib/python3.8/site-packages/airflow/example_dags/example_python_operator.py took 0.251 seconds
[2025-11-02T19:26:17.824+0000] {processor.py:161} INFO - Started process (PID=6672) to work on /home/airflow/.local/lib/python3.8/site-packages/airflow/example_dags/example_python_operator.py
[2025-11-02T19:26:17.828+0000] {processor.py:830} INFO - Processing file /home/airflow/.local/lib/python3.8/site-packages/airflow/example_dags/example_python_operator.py for tasks to queue
[2025-11-02T19:26:17.842+0000] {logging_mixin.py:188} INFO - [2025-11-02T19:26:17.841+0000] {dagbag.py:538} INFO - Filling up the DagBag from /home/airflow/.local/lib/python3.8/site-packages/airflow/example_dags/example_python_operator.py
[2025-11-02T19:26:17.890+0000] {processor.py:840} INFO - DAG(s) 'example_python_operator' retrieved from /home/airflow/.local/lib/python3.8/site-packages/airflow/example_dags/example_python_operator.py
[2025-11-02T19:26:17.954+0000] {logging_mixin.py:188} INFO - [2025-11-02T19:26:17.954+0000] {dag.py:3036} INFO - Sync 1 DAGs
[2025-11-02T19:26:17.984+0000] {logging_mixin.py:188} INFO - [2025-11-02T19:26:17.983+0000] {dag.py:3823} INFO - Setting next_dagrun for example_python_operator to None, run_after=None
[2025-11-02T19:26:18.037+0000] {processor.py:183} INFO - Processing /home/airflow/.local/lib/python3.8/site-packages/airflow/example_dags/example_python_operator.py took 0.227 seconds
[2025-11-02T19:26:48.542+0000] {processor.py:161} INFO - Started process (PID=6727) to work on /home/airflow/.local/lib/python3.8/site-packages/airflow/example_dags/example_python_operator.py
[2025-11-02T19:26:48.554+0000] {processor.py:830} INFO - Processing file /home/airflow/.local/lib/python3.8/site-packages/airflow/example_dags/example_python_operator.py for tasks to queue
[2025-11-02T19:26:48.571+0000] {logging_mixin.py:188} INFO - [2025-11-02T19:26:48.567+0000] {dagbag.py:538} INFO - Filling up the DagBag from /home/airflow/.local/lib/python3.8/site-packages/airflow/example_dags/example_python_operator.py
[2025-11-02T19:26:48.621+0000] {processor.py:840} INFO - DAG(s) 'example_python_operator' retrieved from /home/airflow/.local/lib/python3.8/site-packages/airflow/example_dags/example_python_operator.py
[2025-11-02T19:26:48.714+0000] {logging_mixin.py:188} INFO - [2025-11-02T19:26:48.713+0000] {dag.py:3036} INFO - Sync 1 DAGs
[2025-11-02T19:26:48.771+0000] {logging_mixin.py:188} INFO - [2025-11-02T19:26:48.770+0000] {dag.py:3823} INFO - Setting next_dagrun for example_python_operator to None, run_after=None
[2025-11-02T19:26:48.855+0000] {processor.py:183} INFO - Processing /home/airflow/.local/lib/python3.8/site-packages/airflow/example_dags/example_python_operator.py took 0.328 seconds
[2025-11-02T19:27:19.322+0000] {processor.py:161} INFO - Started process (PID=6780) to work on /home/airflow/.local/lib/python3.8/site-packages/airflow/example_dags/example_python_operator.py
[2025-11-02T19:27:19.325+0000] {processor.py:830} INFO - Processing file /home/airflow/.local/lib/python3.8/site-packages/airflow/example_dags/example_python_operator.py for tasks to queue
[2025-11-02T19:27:19.332+0000] {logging_mixin.py:188} INFO - [2025-11-02T19:27:19.331+0000] {dagbag.py:538} INFO - Filling up the DagBag from /home/airflow/.local/lib/python3.8/site-packages/airflow/example_dags/example_python_operator.py
[2025-11-02T19:27:19.375+0000] {processor.py:840} INFO - DAG(s) 'example_python_operator' retrieved from /home/airflow/.local/lib/python3.8/site-packages/airflow/example_dags/example_python_operator.py
[2025-11-02T19:27:19.455+0000] {logging_mixin.py:188} INFO - [2025-11-02T19:27:19.455+0000] {dag.py:3036} INFO - Sync 1 DAGs
[2025-11-02T19:27:19.505+0000] {logging_mixin.py:188} INFO - [2025-11-02T19:27:19.504+0000] {dag.py:3823} INFO - Setting next_dagrun for example_python_operator to None, run_after=None
[2025-11-02T19:27:19.588+0000] {processor.py:183} INFO - Processing /home/airflow/.local/lib/python3.8/site-packages/airflow/example_dags/example_python_operator.py took 0.279 seconds
[2025-11-02T19:27:50.312+0000] {processor.py:161} INFO - Started process (PID=6836) to work on /home/airflow/.local/lib/python3.8/site-packages/airflow/example_dags/example_python_operator.py
[2025-11-02T19:27:50.326+0000] {processor.py:830} INFO - Processing file /home/airflow/.local/lib/python3.8/site-packages/airflow/example_dags/example_python_operator.py for tasks to queue
[2025-11-02T19:27:50.343+0000] {logging_mixin.py:188} INFO - [2025-11-02T19:27:50.342+0000] {dagbag.py:538} INFO - Filling up the DagBag from /home/airflow/.local/lib/python3.8/site-packages/airflow/example_dags/example_python_operator.py
[2025-11-02T19:27:50.451+0000] {processor.py:840} INFO - DAG(s) 'example_python_operator' retrieved from /home/airflow/.local/lib/python3.8/site-packages/airflow/example_dags/example_python_operator.py
[2025-11-02T19:27:50.635+0000] {logging_mixin.py:188} INFO - [2025-11-02T19:27:50.635+0000] {dag.py:3036} INFO - Sync 1 DAGs
[2025-11-02T19:27:50.702+0000] {logging_mixin.py:188} INFO - [2025-11-02T19:27:50.701+0000] {dag.py:3823} INFO - Setting next_dagrun for example_python_operator to None, run_after=None
[2025-11-02T19:27:50.766+0000] {processor.py:183} INFO - Processing /home/airflow/.local/lib/python3.8/site-packages/airflow/example_dags/example_python_operator.py took 0.481 seconds
[2025-11-02T19:28:21.531+0000] {processor.py:161} INFO - Started process (PID=6891) to work on /home/airflow/.local/lib/python3.8/site-packages/airflow/example_dags/example_python_operator.py
[2025-11-02T19:28:21.534+0000] {processor.py:830} INFO - Processing file /home/airflow/.local/lib/python3.8/site-packages/airflow/example_dags/example_python_operator.py for tasks to queue
[2025-11-02T19:28:21.540+0000] {logging_mixin.py:188} INFO - [2025-11-02T19:28:21.539+0000] {dagbag.py:538} INFO - Filling up the DagBag from /home/airflow/.local/lib/python3.8/site-packages/airflow/example_dags/example_python_operator.py
[2025-11-02T19:28:21.577+0000] {processor.py:840} INFO - DAG(s) 'example_python_operator' retrieved from /home/airflow/.local/lib/python3.8/site-packages/airflow/example_dags/example_python_operator.py
[2025-11-02T19:28:21.635+0000] {logging_mixin.py:188} INFO - [2025-11-02T19:28:21.634+0000] {dag.py:3036} INFO - Sync 1 DAGs
[2025-11-02T19:28:21.665+0000] {logging_mixin.py:188} INFO - [2025-11-02T19:28:21.665+0000] {dag.py:3823} INFO - Setting next_dagrun for example_python_operator to None, run_after=None
[2025-11-02T19:28:21.708+0000] {processor.py:183} INFO - Processing /home/airflow/.local/lib/python3.8/site-packages/airflow/example_dags/example_python_operator.py took 0.187 seconds
[2025-11-02T19:28:52.167+0000] {processor.py:161} INFO - Started process (PID=6946) to work on /home/airflow/.local/lib/python3.8/site-packages/airflow/example_dags/example_python_operator.py
[2025-11-02T19:28:52.169+0000] {processor.py:830} INFO - Processing file /home/airflow/.local/lib/python3.8/site-packages/airflow/example_dags/example_python_operator.py for tasks to queue
[2025-11-02T19:28:52.175+0000] {logging_mixin.py:188} INFO - [2025-11-02T19:28:52.174+0000] {dagbag.py:538} INFO - Filling up the DagBag from /home/airflow/.local/lib/python3.8/site-packages/airflow/example_dags/example_python_operator.py
[2025-11-02T19:28:52.201+0000] {processor.py:840} INFO - DAG(s) 'example_python_operator' retrieved from /home/airflow/.local/lib/python3.8/site-packages/airflow/example_dags/example_python_operator.py
[2025-11-02T19:28:52.258+0000] {logging_mixin.py:188} INFO - [2025-11-02T19:28:52.257+0000] {dag.py:3036} INFO - Sync 1 DAGs
[2025-11-02T19:28:52.290+0000] {logging_mixin.py:188} INFO - [2025-11-02T19:28:52.290+0000] {dag.py:3823} INFO - Setting next_dagrun for example_python_operator to None, run_after=None
[2025-11-02T19:28:52.334+0000] {processor.py:183} INFO - Processing /home/airflow/.local/lib/python3.8/site-packages/airflow/example_dags/example_python_operator.py took 0.179 seconds
[2025-11-02T19:29:22.828+0000] {processor.py:161} INFO - Started process (PID=7000) to work on /home/airflow/.local/lib/python3.8/site-packages/airflow/example_dags/example_python_operator.py
[2025-11-02T19:29:22.831+0000] {processor.py:830} INFO - Processing file /home/airflow/.local/lib/python3.8/site-packages/airflow/example_dags/example_python_operator.py for tasks to queue
[2025-11-02T19:29:22.836+0000] {logging_mixin.py:188} INFO - [2025-11-02T19:29:22.835+0000] {dagbag.py:538} INFO - Filling up the DagBag from /home/airflow/.local/lib/python3.8/site-packages/airflow/example_dags/example_python_operator.py
[2025-11-02T19:29:22.871+0000] {processor.py:840} INFO - DAG(s) 'example_python_operator' retrieved from /home/airflow/.local/lib/python3.8/site-packages/airflow/example_dags/example_python_operator.py
[2025-11-02T19:29:22.939+0000] {logging_mixin.py:188} INFO - [2025-11-02T19:29:22.938+0000] {dag.py:3036} INFO - Sync 1 DAGs
[2025-11-02T19:29:22.976+0000] {logging_mixin.py:188} INFO - [2025-11-02T19:29:22.975+0000] {dag.py:3823} INFO - Setting next_dagrun for example_python_operator to None, run_after=None
[2025-11-02T19:29:23.033+0000] {processor.py:183} INFO - Processing /home/airflow/.local/lib/python3.8/site-packages/airflow/example_dags/example_python_operator.py took 0.215 seconds
[2025-11-02T19:29:53.221+0000] {processor.py:161} INFO - Started process (PID=7056) to work on /home/airflow/.local/lib/python3.8/site-packages/airflow/example_dags/example_python_operator.py
[2025-11-02T19:29:53.224+0000] {processor.py:830} INFO - Processing file /home/airflow/.local/lib/python3.8/site-packages/airflow/example_dags/example_python_operator.py for tasks to queue
[2025-11-02T19:29:53.230+0000] {logging_mixin.py:188} INFO - [2025-11-02T19:29:53.230+0000] {dagbag.py:538} INFO - Filling up the DagBag from /home/airflow/.local/lib/python3.8/site-packages/airflow/example_dags/example_python_operator.py
[2025-11-02T19:29:53.262+0000] {processor.py:840} INFO - DAG(s) 'example_python_operator' retrieved from /home/airflow/.local/lib/python3.8/site-packages/airflow/example_dags/example_python_operator.py
[2025-11-02T19:29:53.326+0000] {logging_mixin.py:188} INFO - [2025-11-02T19:29:53.325+0000] {dag.py:3036} INFO - Sync 1 DAGs
[2025-11-02T19:29:53.361+0000] {logging_mixin.py:188} INFO - [2025-11-02T19:29:53.361+0000] {dag.py:3823} INFO - Setting next_dagrun for example_python_operator to None, run_after=None
[2025-11-02T19:29:53.411+0000] {processor.py:183} INFO - Processing /home/airflow/.local/lib/python3.8/site-packages/airflow/example_dags/example_python_operator.py took 0.200 seconds
[2025-11-02T19:30:24.072+0000] {processor.py:161} INFO - Started process (PID=7111) to work on /home/airflow/.local/lib/python3.8/site-packages/airflow/example_dags/example_python_operator.py
[2025-11-02T19:30:24.075+0000] {processor.py:830} INFO - Processing file /home/airflow/.local/lib/python3.8/site-packages/airflow/example_dags/example_python_operator.py for tasks to queue
[2025-11-02T19:30:24.080+0000] {logging_mixin.py:188} INFO - [2025-11-02T19:30:24.080+0000] {dagbag.py:538} INFO - Filling up the DagBag from /home/airflow/.local/lib/python3.8/site-packages/airflow/example_dags/example_python_operator.py
[2025-11-02T19:30:24.109+0000] {processor.py:840} INFO - DAG(s) 'example_python_operator' retrieved from /home/airflow/.local/lib/python3.8/site-packages/airflow/example_dags/example_python_operator.py
[2025-11-02T19:30:24.176+0000] {logging_mixin.py:188} INFO - [2025-11-02T19:30:24.175+0000] {dag.py:3036} INFO - Sync 1 DAGs
[2025-11-02T19:30:24.203+0000] {logging_mixin.py:188} INFO - [2025-11-02T19:30:24.202+0000] {dag.py:3823} INFO - Setting next_dagrun for example_python_operator to None, run_after=None
[2025-11-02T19:30:24.246+0000] {processor.py:183} INFO - Processing /home/airflow/.local/lib/python3.8/site-packages/airflow/example_dags/example_python_operator.py took 0.185 seconds
[2025-11-02T19:30:54.797+0000] {processor.py:161} INFO - Started process (PID=7166) to work on /home/airflow/.local/lib/python3.8/site-packages/airflow/example_dags/example_python_operator.py
[2025-11-02T19:30:54.801+0000] {processor.py:830} INFO - Processing file /home/airflow/.local/lib/python3.8/site-packages/airflow/example_dags/example_python_operator.py for tasks to queue
[2025-11-02T19:30:54.807+0000] {logging_mixin.py:188} INFO - [2025-11-02T19:30:54.807+0000] {dagbag.py:538} INFO - Filling up the DagBag from /home/airflow/.local/lib/python3.8/site-packages/airflow/example_dags/example_python_operator.py
[2025-11-02T19:30:54.843+0000] {processor.py:840} INFO - DAG(s) 'example_python_operator' retrieved from /home/airflow/.local/lib/python3.8/site-packages/airflow/example_dags/example_python_operator.py
[2025-11-02T19:30:54.920+0000] {logging_mixin.py:188} INFO - [2025-11-02T19:30:54.919+0000] {dag.py:3036} INFO - Sync 1 DAGs
[2025-11-02T19:30:54.955+0000] {logging_mixin.py:188} INFO - [2025-11-02T19:30:54.954+0000] {dag.py:3823} INFO - Setting next_dagrun for example_python_operator to None, run_after=None
[2025-11-02T19:30:55.003+0000] {processor.py:183} INFO - Processing /home/airflow/.local/lib/python3.8/site-packages/airflow/example_dags/example_python_operator.py took 0.218 seconds
[2025-11-02T19:31:25.308+0000] {processor.py:161} INFO - Started process (PID=7221) to work on /home/airflow/.local/lib/python3.8/site-packages/airflow/example_dags/example_python_operator.py
[2025-11-02T19:31:25.313+0000] {processor.py:830} INFO - Processing file /home/airflow/.local/lib/python3.8/site-packages/airflow/example_dags/example_python_operator.py for tasks to queue
[2025-11-02T19:31:25.321+0000] {logging_mixin.py:188} INFO - [2025-11-02T19:31:25.320+0000] {dagbag.py:538} INFO - Filling up the DagBag from /home/airflow/.local/lib/python3.8/site-packages/airflow/example_dags/example_python_operator.py
[2025-11-02T19:31:25.356+0000] {processor.py:840} INFO - DAG(s) 'example_python_operator' retrieved from /home/airflow/.local/lib/python3.8/site-packages/airflow/example_dags/example_python_operator.py
[2025-11-02T19:31:25.430+0000] {logging_mixin.py:188} INFO - [2025-11-02T19:31:25.429+0000] {dag.py:3036} INFO - Sync 1 DAGs
[2025-11-02T19:31:25.466+0000] {logging_mixin.py:188} INFO - [2025-11-02T19:31:25.466+0000] {dag.py:3823} INFO - Setting next_dagrun for example_python_operator to None, run_after=None
[2025-11-02T19:31:25.519+0000] {processor.py:183} INFO - Processing /home/airflow/.local/lib/python3.8/site-packages/airflow/example_dags/example_python_operator.py took 0.224 seconds
[2025-11-02T19:31:55.704+0000] {processor.py:161} INFO - Started process (PID=7276) to work on /home/airflow/.local/lib/python3.8/site-packages/airflow/example_dags/example_python_operator.py
[2025-11-02T19:31:55.708+0000] {processor.py:830} INFO - Processing file /home/airflow/.local/lib/python3.8/site-packages/airflow/example_dags/example_python_operator.py for tasks to queue
[2025-11-02T19:31:55.715+0000] {logging_mixin.py:188} INFO - [2025-11-02T19:31:55.714+0000] {dagbag.py:538} INFO - Filling up the DagBag from /home/airflow/.local/lib/python3.8/site-packages/airflow/example_dags/example_python_operator.py
[2025-11-02T19:31:55.752+0000] {processor.py:840} INFO - DAG(s) 'example_python_operator' retrieved from /home/airflow/.local/lib/python3.8/site-packages/airflow/example_dags/example_python_operator.py
[2025-11-02T19:31:55.810+0000] {logging_mixin.py:188} INFO - [2025-11-02T19:31:55.810+0000] {dag.py:3036} INFO - Sync 1 DAGs
[2025-11-02T19:31:55.842+0000] {logging_mixin.py:188} INFO - [2025-11-02T19:31:55.841+0000] {dag.py:3823} INFO - Setting next_dagrun for example_python_operator to None, run_after=None
[2025-11-02T19:31:55.888+0000] {processor.py:183} INFO - Processing /home/airflow/.local/lib/python3.8/site-packages/airflow/example_dags/example_python_operator.py took 0.193 seconds
[2025-11-02T19:32:26.856+0000] {processor.py:161} INFO - Started process (PID=7331) to work on /home/airflow/.local/lib/python3.8/site-packages/airflow/example_dags/example_python_operator.py
[2025-11-02T19:32:26.859+0000] {processor.py:830} INFO - Processing file /home/airflow/.local/lib/python3.8/site-packages/airflow/example_dags/example_python_operator.py for tasks to queue
[2025-11-02T19:32:26.868+0000] {logging_mixin.py:188} INFO - [2025-11-02T19:32:26.867+0000] {dagbag.py:538} INFO - Filling up the DagBag from /home/airflow/.local/lib/python3.8/site-packages/airflow/example_dags/example_python_operator.py
[2025-11-02T19:32:27.019+0000] {processor.py:840} INFO - DAG(s) 'example_python_operator' retrieved from /home/airflow/.local/lib/python3.8/site-packages/airflow/example_dags/example_python_operator.py
[2025-11-02T19:32:27.153+0000] {logging_mixin.py:188} INFO - [2025-11-02T19:32:27.152+0000] {dag.py:3036} INFO - Sync 1 DAGs
[2025-11-02T19:32:27.199+0000] {logging_mixin.py:188} INFO - [2025-11-02T19:32:27.198+0000] {dag.py:3823} INFO - Setting next_dagrun for example_python_operator to None, run_after=None
[2025-11-02T19:32:27.324+0000] {processor.py:183} INFO - Processing /home/airflow/.local/lib/python3.8/site-packages/airflow/example_dags/example_python_operator.py took 0.489 seconds
[2025-11-02T19:32:57.810+0000] {processor.py:161} INFO - Started process (PID=7386) to work on /home/airflow/.local/lib/python3.8/site-packages/airflow/example_dags/example_python_operator.py
[2025-11-02T19:32:57.813+0000] {processor.py:830} INFO - Processing file /home/airflow/.local/lib/python3.8/site-packages/airflow/example_dags/example_python_operator.py for tasks to queue
[2025-11-02T19:32:57.818+0000] {logging_mixin.py:188} INFO - [2025-11-02T19:32:57.817+0000] {dagbag.py:538} INFO - Filling up the DagBag from /home/airflow/.local/lib/python3.8/site-packages/airflow/example_dags/example_python_operator.py
[2025-11-02T19:32:57.844+0000] {processor.py:840} INFO - DAG(s) 'example_python_operator' retrieved from /home/airflow/.local/lib/python3.8/site-packages/airflow/example_dags/example_python_operator.py
[2025-11-02T19:32:57.904+0000] {logging_mixin.py:188} INFO - [2025-11-02T19:32:57.903+0000] {dag.py:3036} INFO - Sync 1 DAGs
[2025-11-02T19:32:57.944+0000] {logging_mixin.py:188} INFO - [2025-11-02T19:32:57.943+0000] {dag.py:3823} INFO - Setting next_dagrun for example_python_operator to None, run_after=None
[2025-11-02T19:32:57.998+0000] {processor.py:183} INFO - Processing /home/airflow/.local/lib/python3.8/site-packages/airflow/example_dags/example_python_operator.py took 0.197 seconds
[2025-11-02T19:33:28.127+0000] {processor.py:161} INFO - Started process (PID=7439) to work on /home/airflow/.local/lib/python3.8/site-packages/airflow/example_dags/example_python_operator.py
[2025-11-02T19:33:28.130+0000] {processor.py:830} INFO - Processing file /home/airflow/.local/lib/python3.8/site-packages/airflow/example_dags/example_python_operator.py for tasks to queue
[2025-11-02T19:33:28.136+0000] {logging_mixin.py:188} INFO - [2025-11-02T19:33:28.135+0000] {dagbag.py:538} INFO - Filling up the DagBag from /home/airflow/.local/lib/python3.8/site-packages/airflow/example_dags/example_python_operator.py
[2025-11-02T19:33:28.166+0000] {processor.py:840} INFO - DAG(s) 'example_python_operator' retrieved from /home/airflow/.local/lib/python3.8/site-packages/airflow/example_dags/example_python_operator.py
[2025-11-02T19:33:28.235+0000] {logging_mixin.py:188} INFO - [2025-11-02T19:33:28.235+0000] {dag.py:3036} INFO - Sync 1 DAGs
[2025-11-02T19:33:28.262+0000] {logging_mixin.py:188} INFO - [2025-11-02T19:33:28.262+0000] {dag.py:3823} INFO - Setting next_dagrun for example_python_operator to None, run_after=None
[2025-11-02T19:33:28.302+0000] {processor.py:183} INFO - Processing /home/airflow/.local/lib/python3.8/site-packages/airflow/example_dags/example_python_operator.py took 0.184 seconds
[2025-11-02T19:33:58.527+0000] {processor.py:161} INFO - Started process (PID=7495) to work on /home/airflow/.local/lib/python3.8/site-packages/airflow/example_dags/example_python_operator.py
[2025-11-02T19:33:58.530+0000] {processor.py:830} INFO - Processing file /home/airflow/.local/lib/python3.8/site-packages/airflow/example_dags/example_python_operator.py for tasks to queue
[2025-11-02T19:33:58.538+0000] {logging_mixin.py:188} INFO - [2025-11-02T19:33:58.537+0000] {dagbag.py:538} INFO - Filling up the DagBag from /home/airflow/.local/lib/python3.8/site-packages/airflow/example_dags/example_python_operator.py
[2025-11-02T19:33:58.582+0000] {processor.py:840} INFO - DAG(s) 'example_python_operator' retrieved from /home/airflow/.local/lib/python3.8/site-packages/airflow/example_dags/example_python_operator.py
[2025-11-02T19:33:58.629+0000] {logging_mixin.py:188} INFO - [2025-11-02T19:33:58.628+0000] {dag.py:3036} INFO - Sync 1 DAGs
[2025-11-02T19:33:58.653+0000] {logging_mixin.py:188} INFO - [2025-11-02T19:33:58.652+0000] {dag.py:3823} INFO - Setting next_dagrun for example_python_operator to None, run_after=None
[2025-11-02T19:33:58.693+0000] {processor.py:183} INFO - Processing /home/airflow/.local/lib/python3.8/site-packages/airflow/example_dags/example_python_operator.py took 0.174 seconds
[2025-11-02T19:34:29.560+0000] {processor.py:161} INFO - Started process (PID=7550) to work on /home/airflow/.local/lib/python3.8/site-packages/airflow/example_dags/example_python_operator.py
[2025-11-02T19:34:29.563+0000] {processor.py:830} INFO - Processing file /home/airflow/.local/lib/python3.8/site-packages/airflow/example_dags/example_python_operator.py for tasks to queue
[2025-11-02T19:34:29.570+0000] {logging_mixin.py:188} INFO - [2025-11-02T19:34:29.570+0000] {dagbag.py:538} INFO - Filling up the DagBag from /home/airflow/.local/lib/python3.8/site-packages/airflow/example_dags/example_python_operator.py
[2025-11-02T19:34:29.610+0000] {processor.py:840} INFO - DAG(s) 'example_python_operator' retrieved from /home/airflow/.local/lib/python3.8/site-packages/airflow/example_dags/example_python_operator.py
[2025-11-02T19:34:29.734+0000] {logging_mixin.py:188} INFO - [2025-11-02T19:34:29.734+0000] {dag.py:3036} INFO - Sync 1 DAGs
[2025-11-02T19:34:29.806+0000] {logging_mixin.py:188} INFO - [2025-11-02T19:34:29.805+0000] {dag.py:3823} INFO - Setting next_dagrun for example_python_operator to None, run_after=None
[2025-11-02T19:34:29.915+0000] {processor.py:183} INFO - Processing /home/airflow/.local/lib/python3.8/site-packages/airflow/example_dags/example_python_operator.py took 0.368 seconds
[2025-11-02T19:35:00.053+0000] {processor.py:161} INFO - Started process (PID=7604) to work on /home/airflow/.local/lib/python3.8/site-packages/airflow/example_dags/example_python_operator.py
[2025-11-02T19:35:00.057+0000] {processor.py:830} INFO - Processing file /home/airflow/.local/lib/python3.8/site-packages/airflow/example_dags/example_python_operator.py for tasks to queue
[2025-11-02T19:35:00.066+0000] {logging_mixin.py:188} INFO - [2025-11-02T19:35:00.065+0000] {dagbag.py:538} INFO - Filling up the DagBag from /home/airflow/.local/lib/python3.8/site-packages/airflow/example_dags/example_python_operator.py
[2025-11-02T19:35:00.102+0000] {processor.py:840} INFO - DAG(s) 'example_python_operator' retrieved from /home/airflow/.local/lib/python3.8/site-packages/airflow/example_dags/example_python_operator.py
[2025-11-02T19:35:00.177+0000] {logging_mixin.py:188} INFO - [2025-11-02T19:35:00.175+0000] {dag.py:3036} INFO - Sync 1 DAGs
[2025-11-02T19:35:00.217+0000] {logging_mixin.py:188} INFO - [2025-11-02T19:35:00.217+0000] {dag.py:3823} INFO - Setting next_dagrun for example_python_operator to None, run_after=None
[2025-11-02T19:35:00.288+0000] {processor.py:183} INFO - Processing /home/airflow/.local/lib/python3.8/site-packages/airflow/example_dags/example_python_operator.py took 0.249 seconds
[2025-11-02T19:35:30.729+0000] {processor.py:161} INFO - Started process (PID=7660) to work on /home/airflow/.local/lib/python3.8/site-packages/airflow/example_dags/example_python_operator.py
[2025-11-02T19:35:30.731+0000] {processor.py:830} INFO - Processing file /home/airflow/.local/lib/python3.8/site-packages/airflow/example_dags/example_python_operator.py for tasks to queue
[2025-11-02T19:35:30.737+0000] {logging_mixin.py:188} INFO - [2025-11-02T19:35:30.736+0000] {dagbag.py:538} INFO - Filling up the DagBag from /home/airflow/.local/lib/python3.8/site-packages/airflow/example_dags/example_python_operator.py
[2025-11-02T19:35:30.764+0000] {processor.py:840} INFO - DAG(s) 'example_python_operator' retrieved from /home/airflow/.local/lib/python3.8/site-packages/airflow/example_dags/example_python_operator.py
[2025-11-02T19:35:30.825+0000] {logging_mixin.py:188} INFO - [2025-11-02T19:35:30.824+0000] {dag.py:3036} INFO - Sync 1 DAGs
[2025-11-02T19:35:30.856+0000] {logging_mixin.py:188} INFO - [2025-11-02T19:35:30.855+0000] {dag.py:3823} INFO - Setting next_dagrun for example_python_operator to None, run_after=None
[2025-11-02T19:35:30.903+0000] {processor.py:183} INFO - Processing /home/airflow/.local/lib/python3.8/site-packages/airflow/example_dags/example_python_operator.py took 0.183 seconds
[2025-11-02T19:36:01.460+0000] {processor.py:161} INFO - Started process (PID=7715) to work on /home/airflow/.local/lib/python3.8/site-packages/airflow/example_dags/example_python_operator.py
[2025-11-02T19:36:01.465+0000] {processor.py:830} INFO - Processing file /home/airflow/.local/lib/python3.8/site-packages/airflow/example_dags/example_python_operator.py for tasks to queue
[2025-11-02T19:36:01.475+0000] {logging_mixin.py:188} INFO - [2025-11-02T19:36:01.474+0000] {dagbag.py:538} INFO - Filling up the DagBag from /home/airflow/.local/lib/python3.8/site-packages/airflow/example_dags/example_python_operator.py
[2025-11-02T19:36:01.517+0000] {processor.py:840} INFO - DAG(s) 'example_python_operator' retrieved from /home/airflow/.local/lib/python3.8/site-packages/airflow/example_dags/example_python_operator.py
[2025-11-02T19:36:01.609+0000] {logging_mixin.py:188} INFO - [2025-11-02T19:36:01.609+0000] {dag.py:3036} INFO - Sync 1 DAGs
[2025-11-02T19:36:01.662+0000] {logging_mixin.py:188} INFO - [2025-11-02T19:36:01.662+0000] {dag.py:3823} INFO - Setting next_dagrun for example_python_operator to None, run_after=None
[2025-11-02T19:36:01.758+0000] {processor.py:183} INFO - Processing /home/airflow/.local/lib/python3.8/site-packages/airflow/example_dags/example_python_operator.py took 0.318 seconds
[2025-11-02T19:36:32.343+0000] {processor.py:161} INFO - Started process (PID=7769) to work on /home/airflow/.local/lib/python3.8/site-packages/airflow/example_dags/example_python_operator.py
[2025-11-02T19:36:32.346+0000] {processor.py:830} INFO - Processing file /home/airflow/.local/lib/python3.8/site-packages/airflow/example_dags/example_python_operator.py for tasks to queue
[2025-11-02T19:36:32.351+0000] {logging_mixin.py:188} INFO - [2025-11-02T19:36:32.350+0000] {dagbag.py:538} INFO - Filling up the DagBag from /home/airflow/.local/lib/python3.8/site-packages/airflow/example_dags/example_python_operator.py
[2025-11-02T19:36:32.382+0000] {processor.py:840} INFO - DAG(s) 'example_python_operator' retrieved from /home/airflow/.local/lib/python3.8/site-packages/airflow/example_dags/example_python_operator.py
[2025-11-02T19:36:32.443+0000] {logging_mixin.py:188} INFO - [2025-11-02T19:36:32.442+0000] {dag.py:3036} INFO - Sync 1 DAGs
[2025-11-02T19:36:32.470+0000] {logging_mixin.py:188} INFO - [2025-11-02T19:36:32.470+0000] {dag.py:3823} INFO - Setting next_dagrun for example_python_operator to None, run_after=None
[2025-11-02T19:36:32.522+0000] {processor.py:183} INFO - Processing /home/airflow/.local/lib/python3.8/site-packages/airflow/example_dags/example_python_operator.py took 0.187 seconds
[2025-11-02T19:37:06.631+0000] {processor.py:161} INFO - Started process (PID=7824) to work on /home/airflow/.local/lib/python3.8/site-packages/airflow/example_dags/example_python_operator.py
[2025-11-02T19:37:06.637+0000] {processor.py:830} INFO - Processing file /home/airflow/.local/lib/python3.8/site-packages/airflow/example_dags/example_python_operator.py for tasks to queue
[2025-11-02T19:37:06.645+0000] {logging_mixin.py:188} INFO - [2025-11-02T19:37:06.644+0000] {dagbag.py:538} INFO - Filling up the DagBag from /home/airflow/.local/lib/python3.8/site-packages/airflow/example_dags/example_python_operator.py
[2025-11-02T19:37:06.707+0000] {processor.py:840} INFO - DAG(s) 'example_python_operator' retrieved from /home/airflow/.local/lib/python3.8/site-packages/airflow/example_dags/example_python_operator.py
[2025-11-02T19:37:06.851+0000] {logging_mixin.py:188} INFO - [2025-11-02T19:37:06.849+0000] {dag.py:3036} INFO - Sync 1 DAGs
[2025-11-02T19:37:06.923+0000] {logging_mixin.py:188} INFO - [2025-11-02T19:37:06.922+0000] {dag.py:3823} INFO - Setting next_dagrun for example_python_operator to None, run_after=None
[2025-11-02T19:37:07.095+0000] {processor.py:183} INFO - Processing /home/airflow/.local/lib/python3.8/site-packages/airflow/example_dags/example_python_operator.py took 0.505 seconds
[2025-11-02T19:37:42.373+0000] {processor.py:161} INFO - Started process (PID=7879) to work on /home/airflow/.local/lib/python3.8/site-packages/airflow/example_dags/example_python_operator.py
[2025-11-02T19:37:42.377+0000] {processor.py:830} INFO - Processing file /home/airflow/.local/lib/python3.8/site-packages/airflow/example_dags/example_python_operator.py for tasks to queue
[2025-11-02T19:37:42.395+0000] {logging_mixin.py:188} INFO - [2025-11-02T19:37:42.394+0000] {dagbag.py:538} INFO - Filling up the DagBag from /home/airflow/.local/lib/python3.8/site-packages/airflow/example_dags/example_python_operator.py
[2025-11-02T19:37:42.468+0000] {processor.py:840} INFO - DAG(s) 'example_python_operator' retrieved from /home/airflow/.local/lib/python3.8/site-packages/airflow/example_dags/example_python_operator.py
[2025-11-02T19:37:42.607+0000] {logging_mixin.py:188} INFO - [2025-11-02T19:37:42.607+0000] {dag.py:3036} INFO - Sync 1 DAGs
[2025-11-02T19:37:42.669+0000] {logging_mixin.py:188} INFO - [2025-11-02T19:37:42.668+0000] {dag.py:3823} INFO - Setting next_dagrun for example_python_operator to None, run_after=None
[2025-11-02T19:37:42.784+0000] {processor.py:183} INFO - Processing /home/airflow/.local/lib/python3.8/site-packages/airflow/example_dags/example_python_operator.py took 0.448 seconds
[2025-11-02T19:38:13.042+0000] {processor.py:161} INFO - Started process (PID=7934) to work on /home/airflow/.local/lib/python3.8/site-packages/airflow/example_dags/example_python_operator.py
[2025-11-02T19:38:13.047+0000] {processor.py:830} INFO - Processing file /home/airflow/.local/lib/python3.8/site-packages/airflow/example_dags/example_python_operator.py for tasks to queue
[2025-11-02T19:38:13.054+0000] {logging_mixin.py:188} INFO - [2025-11-02T19:38:13.053+0000] {dagbag.py:538} INFO - Filling up the DagBag from /home/airflow/.local/lib/python3.8/site-packages/airflow/example_dags/example_python_operator.py
[2025-11-02T19:38:13.121+0000] {processor.py:840} INFO - DAG(s) 'example_python_operator' retrieved from /home/airflow/.local/lib/python3.8/site-packages/airflow/example_dags/example_python_operator.py
[2025-11-02T19:38:13.200+0000] {logging_mixin.py:188} INFO - [2025-11-02T19:38:13.199+0000] {dag.py:3036} INFO - Sync 1 DAGs
[2025-11-02T19:38:13.238+0000] {logging_mixin.py:188} INFO - [2025-11-02T19:38:13.237+0000] {dag.py:3823} INFO - Setting next_dagrun for example_python_operator to None, run_after=None
[2025-11-02T19:38:13.305+0000] {processor.py:183} INFO - Processing /home/airflow/.local/lib/python3.8/site-packages/airflow/example_dags/example_python_operator.py took 0.275 seconds
[2025-11-02T19:38:43.727+0000] {processor.py:161} INFO - Started process (PID=7987) to work on /home/airflow/.local/lib/python3.8/site-packages/airflow/example_dags/example_python_operator.py
[2025-11-02T19:38:43.730+0000] {processor.py:830} INFO - Processing file /home/airflow/.local/lib/python3.8/site-packages/airflow/example_dags/example_python_operator.py for tasks to queue
[2025-11-02T19:38:43.736+0000] {logging_mixin.py:188} INFO - [2025-11-02T19:38:43.735+0000] {dagbag.py:538} INFO - Filling up the DagBag from /home/airflow/.local/lib/python3.8/site-packages/airflow/example_dags/example_python_operator.py
[2025-11-02T19:38:43.763+0000] {processor.py:840} INFO - DAG(s) 'example_python_operator' retrieved from /home/airflow/.local/lib/python3.8/site-packages/airflow/example_dags/example_python_operator.py
[2025-11-02T19:38:43.821+0000] {logging_mixin.py:188} INFO - [2025-11-02T19:38:43.820+0000] {dag.py:3036} INFO - Sync 1 DAGs
[2025-11-02T19:38:43.856+0000] {logging_mixin.py:188} INFO - [2025-11-02T19:38:43.856+0000] {dag.py:3823} INFO - Setting next_dagrun for example_python_operator to None, run_after=None
[2025-11-02T19:38:43.905+0000] {processor.py:183} INFO - Processing /home/airflow/.local/lib/python3.8/site-packages/airflow/example_dags/example_python_operator.py took 0.189 seconds
[2025-11-02T19:39:14.172+0000] {processor.py:161} INFO - Started process (PID=8043) to work on /home/airflow/.local/lib/python3.8/site-packages/airflow/example_dags/example_python_operator.py
[2025-11-02T19:39:14.175+0000] {processor.py:830} INFO - Processing file /home/airflow/.local/lib/python3.8/site-packages/airflow/example_dags/example_python_operator.py for tasks to queue
[2025-11-02T19:39:14.180+0000] {logging_mixin.py:188} INFO - [2025-11-02T19:39:14.179+0000] {dagbag.py:538} INFO - Filling up the DagBag from /home/airflow/.local/lib/python3.8/site-packages/airflow/example_dags/example_python_operator.py
[2025-11-02T19:39:14.208+0000] {processor.py:840} INFO - DAG(s) 'example_python_operator' retrieved from /home/airflow/.local/lib/python3.8/site-packages/airflow/example_dags/example_python_operator.py
[2025-11-02T19:39:14.285+0000] {logging_mixin.py:188} INFO - [2025-11-02T19:39:14.285+0000] {dag.py:3036} INFO - Sync 1 DAGs
[2025-11-02T19:39:14.321+0000] {logging_mixin.py:188} INFO - [2025-11-02T19:39:14.320+0000] {dag.py:3823} INFO - Setting next_dagrun for example_python_operator to None, run_after=None
[2025-11-02T19:39:14.373+0000] {processor.py:183} INFO - Processing /home/airflow/.local/lib/python3.8/site-packages/airflow/example_dags/example_python_operator.py took 0.210 seconds
[2025-11-02T19:39:45.183+0000] {processor.py:161} INFO - Started process (PID=8099) to work on /home/airflow/.local/lib/python3.8/site-packages/airflow/example_dags/example_python_operator.py
[2025-11-02T19:39:45.187+0000] {processor.py:830} INFO - Processing file /home/airflow/.local/lib/python3.8/site-packages/airflow/example_dags/example_python_operator.py for tasks to queue
[2025-11-02T19:39:45.192+0000] {logging_mixin.py:188} INFO - [2025-11-02T19:39:45.191+0000] {dagbag.py:538} INFO - Filling up the DagBag from /home/airflow/.local/lib/python3.8/site-packages/airflow/example_dags/example_python_operator.py
[2025-11-02T19:39:45.222+0000] {processor.py:840} INFO - DAG(s) 'example_python_operator' retrieved from /home/airflow/.local/lib/python3.8/site-packages/airflow/example_dags/example_python_operator.py
[2025-11-02T19:39:45.298+0000] {logging_mixin.py:188} INFO - [2025-11-02T19:39:45.297+0000] {dag.py:3036} INFO - Sync 1 DAGs
[2025-11-02T19:39:45.330+0000] {logging_mixin.py:188} INFO - [2025-11-02T19:39:45.329+0000] {dag.py:3823} INFO - Setting next_dagrun for example_python_operator to None, run_after=None
[2025-11-02T19:39:45.376+0000] {processor.py:183} INFO - Processing /home/airflow/.local/lib/python3.8/site-packages/airflow/example_dags/example_python_operator.py took 0.203 seconds
[2025-11-02T19:40:16.040+0000] {processor.py:161} INFO - Started process (PID=8154) to work on /home/airflow/.local/lib/python3.8/site-packages/airflow/example_dags/example_python_operator.py
[2025-11-02T19:40:16.044+0000] {processor.py:830} INFO - Processing file /home/airflow/.local/lib/python3.8/site-packages/airflow/example_dags/example_python_operator.py for tasks to queue
[2025-11-02T19:40:16.052+0000] {logging_mixin.py:188} INFO - [2025-11-02T19:40:16.051+0000] {dagbag.py:538} INFO - Filling up the DagBag from /home/airflow/.local/lib/python3.8/site-packages/airflow/example_dags/example_python_operator.py
[2025-11-02T19:40:16.090+0000] {processor.py:840} INFO - DAG(s) 'example_python_operator' retrieved from /home/airflow/.local/lib/python3.8/site-packages/airflow/example_dags/example_python_operator.py
[2025-11-02T19:40:16.164+0000] {logging_mixin.py:188} INFO - [2025-11-02T19:40:16.164+0000] {dag.py:3036} INFO - Sync 1 DAGs
[2025-11-02T19:40:16.211+0000] {logging_mixin.py:188} INFO - [2025-11-02T19:40:16.210+0000] {dag.py:3823} INFO - Setting next_dagrun for example_python_operator to None, run_after=None
[2025-11-02T19:40:16.276+0000] {processor.py:183} INFO - Processing /home/airflow/.local/lib/python3.8/site-packages/airflow/example_dags/example_python_operator.py took 0.248 seconds
[2025-11-02T19:40:48.547+0000] {processor.py:161} INFO - Started process (PID=8209) to work on /home/airflow/.local/lib/python3.8/site-packages/airflow/example_dags/example_python_operator.py
[2025-11-02T19:40:48.584+0000] {processor.py:830} INFO - Processing file /home/airflow/.local/lib/python3.8/site-packages/airflow/example_dags/example_python_operator.py for tasks to queue
[2025-11-02T19:40:48.616+0000] {logging_mixin.py:188} INFO - [2025-11-02T19:40:48.611+0000] {dagbag.py:538} INFO - Filling up the DagBag from /home/airflow/.local/lib/python3.8/site-packages/airflow/example_dags/example_python_operator.py
[2025-11-02T19:40:48.756+0000] {processor.py:840} INFO - DAG(s) 'example_python_operator' retrieved from /home/airflow/.local/lib/python3.8/site-packages/airflow/example_dags/example_python_operator.py
[2025-11-02T19:40:48.889+0000] {logging_mixin.py:188} INFO - [2025-11-02T19:40:48.889+0000] {dag.py:3036} INFO - Sync 1 DAGs
[2025-11-02T19:40:48.973+0000] {logging_mixin.py:188} INFO - [2025-11-02T19:40:48.973+0000] {dag.py:3823} INFO - Setting next_dagrun for example_python_operator to None, run_after=None
[2025-11-02T19:40:49.155+0000] {processor.py:183} INFO - Processing /home/airflow/.local/lib/python3.8/site-packages/airflow/example_dags/example_python_operator.py took 0.635 seconds
[2025-11-02T19:41:19.325+0000] {processor.py:161} INFO - Started process (PID=8264) to work on /home/airflow/.local/lib/python3.8/site-packages/airflow/example_dags/example_python_operator.py
[2025-11-02T19:41:19.329+0000] {processor.py:830} INFO - Processing file /home/airflow/.local/lib/python3.8/site-packages/airflow/example_dags/example_python_operator.py for tasks to queue
[2025-11-02T19:41:19.334+0000] {logging_mixin.py:188} INFO - [2025-11-02T19:41:19.333+0000] {dagbag.py:538} INFO - Filling up the DagBag from /home/airflow/.local/lib/python3.8/site-packages/airflow/example_dags/example_python_operator.py
[2025-11-02T19:41:19.360+0000] {processor.py:840} INFO - DAG(s) 'example_python_operator' retrieved from /home/airflow/.local/lib/python3.8/site-packages/airflow/example_dags/example_python_operator.py
[2025-11-02T19:41:19.417+0000] {logging_mixin.py:188} INFO - [2025-11-02T19:41:19.416+0000] {dag.py:3036} INFO - Sync 1 DAGs
[2025-11-02T19:41:19.448+0000] {logging_mixin.py:188} INFO - [2025-11-02T19:41:19.448+0000] {dag.py:3823} INFO - Setting next_dagrun for example_python_operator to None, run_after=None
[2025-11-02T19:41:19.493+0000] {processor.py:183} INFO - Processing /home/airflow/.local/lib/python3.8/site-packages/airflow/example_dags/example_python_operator.py took 0.177 seconds
[2025-11-02T19:41:49.978+0000] {processor.py:161} INFO - Started process (PID=8319) to work on /home/airflow/.local/lib/python3.8/site-packages/airflow/example_dags/example_python_operator.py
[2025-11-02T19:41:49.983+0000] {processor.py:830} INFO - Processing file /home/airflow/.local/lib/python3.8/site-packages/airflow/example_dags/example_python_operator.py for tasks to queue
[2025-11-02T19:41:49.994+0000] {logging_mixin.py:188} INFO - [2025-11-02T19:41:49.992+0000] {dagbag.py:538} INFO - Filling up the DagBag from /home/airflow/.local/lib/python3.8/site-packages/airflow/example_dags/example_python_operator.py
[2025-11-02T19:41:50.067+0000] {processor.py:840} INFO - DAG(s) 'example_python_operator' retrieved from /home/airflow/.local/lib/python3.8/site-packages/airflow/example_dags/example_python_operator.py
[2025-11-02T19:41:50.168+0000] {logging_mixin.py:188} INFO - [2025-11-02T19:41:50.167+0000] {dag.py:3036} INFO - Sync 1 DAGs
[2025-11-02T19:41:50.221+0000] {logging_mixin.py:188} INFO - [2025-11-02T19:41:50.220+0000] {dag.py:3823} INFO - Setting next_dagrun for example_python_operator to None, run_after=None
[2025-11-02T19:41:50.275+0000] {processor.py:183} INFO - Processing /home/airflow/.local/lib/python3.8/site-packages/airflow/example_dags/example_python_operator.py took 0.313 seconds
[2025-11-02T19:42:23.380+0000] {processor.py:161} INFO - Started process (PID=8373) to work on /home/airflow/.local/lib/python3.8/site-packages/airflow/example_dags/example_python_operator.py
[2025-11-02T19:42:23.397+0000] {processor.py:830} INFO - Processing file /home/airflow/.local/lib/python3.8/site-packages/airflow/example_dags/example_python_operator.py for tasks to queue
[2025-11-02T19:42:23.409+0000] {logging_mixin.py:188} INFO - [2025-11-02T19:42:23.408+0000] {dagbag.py:538} INFO - Filling up the DagBag from /home/airflow/.local/lib/python3.8/site-packages/airflow/example_dags/example_python_operator.py
[2025-11-02T19:42:23.510+0000] {processor.py:840} INFO - DAG(s) 'example_python_operator' retrieved from /home/airflow/.local/lib/python3.8/site-packages/airflow/example_dags/example_python_operator.py
[2025-11-02T19:42:23.708+0000] {logging_mixin.py:188} INFO - [2025-11-02T19:42:23.707+0000] {dag.py:3036} INFO - Sync 1 DAGs
[2025-11-02T19:42:23.811+0000] {logging_mixin.py:188} INFO - [2025-11-02T19:42:23.810+0000] {dag.py:3823} INFO - Setting next_dagrun for example_python_operator to None, run_after=None
[2025-11-02T19:42:23.970+0000] {processor.py:183} INFO - Processing /home/airflow/.local/lib/python3.8/site-packages/airflow/example_dags/example_python_operator.py took 0.612 seconds
