[2025-11-02T18:24:54.200+0000] {processor.py:161} INFO - Started process (PID=119) to work on /home/airflow/.local/lib/python3.8/site-packages/airflow/example_dags/example_branch_datetime_operator.py
[2025-11-02T18:24:54.214+0000] {processor.py:830} INFO - Processing file /home/airflow/.local/lib/python3.8/site-packages/airflow/example_dags/example_branch_datetime_operator.py for tasks to queue
[2025-11-02T18:24:54.245+0000] {logging_mixin.py:188} INFO - [2025-11-02T18:24:54.243+0000] {dagbag.py:538} INFO - Filling up the DagBag from /home/airflow/.local/lib/python3.8/site-packages/airflow/example_dags/example_branch_datetime_operator.py
[2025-11-02T18:24:54.400+0000] {processor.py:840} INFO - DAG(s) 'example_branch_datetime_operator', 'example_branch_datetime_operator_3', 'example_branch_datetime_operator_2' retrieved from /home/airflow/.local/lib/python3.8/site-packages/airflow/example_dags/example_branch_datetime_operator.py
[2025-11-02T18:24:56.788+0000] {logging_mixin.py:188} INFO - [2025-11-02T18:24:56.787+0000] {dag.py:3036} INFO - Sync 3 DAGs
[2025-11-02T18:24:57.077+0000] {logging_mixin.py:188} INFO - [2025-11-02T18:24:57.076+0000] {dag.py:3823} INFO - Setting next_dagrun for example_branch_datetime_operator to 2025-11-01 00:00:00+00:00, run_after=2025-11-02 00:00:00+00:00
[2025-11-02T18:24:57.124+0000] {logging_mixin.py:188} INFO - [2025-11-02T18:24:57.124+0000] {dag.py:3823} INFO - Setting next_dagrun for example_branch_datetime_operator_2 to 2025-11-01 00:00:00+00:00, run_after=2025-11-02 00:00:00+00:00
[2025-11-02T18:24:57.151+0000] {logging_mixin.py:188} INFO - [2025-11-02T18:24:57.150+0000] {dag.py:3823} INFO - Setting next_dagrun for example_branch_datetime_operator_3 to 2025-11-01 00:00:00+00:00, run_after=2025-11-02 00:00:00+00:00
[2025-11-02T18:24:57.319+0000] {processor.py:183} INFO - Processing /home/airflow/.local/lib/python3.8/site-packages/airflow/example_dags/example_branch_datetime_operator.py took 3.264 seconds
[2025-11-02T18:25:27.703+0000] {processor.py:161} INFO - Started process (PID=174) to work on /home/airflow/.local/lib/python3.8/site-packages/airflow/example_dags/example_branch_datetime_operator.py
[2025-11-02T18:25:27.713+0000] {processor.py:830} INFO - Processing file /home/airflow/.local/lib/python3.8/site-packages/airflow/example_dags/example_branch_datetime_operator.py for tasks to queue
[2025-11-02T18:25:27.763+0000] {logging_mixin.py:188} INFO - [2025-11-02T18:25:27.761+0000] {dagbag.py:538} INFO - Filling up the DagBag from /home/airflow/.local/lib/python3.8/site-packages/airflow/example_dags/example_branch_datetime_operator.py
[2025-11-02T18:25:27.896+0000] {processor.py:840} INFO - DAG(s) 'example_branch_datetime_operator_3', 'example_branch_datetime_operator_2', 'example_branch_datetime_operator' retrieved from /home/airflow/.local/lib/python3.8/site-packages/airflow/example_dags/example_branch_datetime_operator.py
[2025-11-02T18:25:28.326+0000] {logging_mixin.py:188} INFO - [2025-11-02T18:25:28.324+0000] {dag.py:3036} INFO - Sync 3 DAGs
[2025-11-02T18:25:28.593+0000] {logging_mixin.py:188} INFO - [2025-11-02T18:25:28.581+0000] {dag.py:3823} INFO - Setting next_dagrun for example_branch_datetime_operator to 2025-11-01 00:00:00+00:00, run_after=2025-11-02 00:00:00+00:00
[2025-11-02T18:25:28.634+0000] {logging_mixin.py:188} INFO - [2025-11-02T18:25:28.633+0000] {dag.py:3823} INFO - Setting next_dagrun for example_branch_datetime_operator_2 to 2025-11-01 00:00:00+00:00, run_after=2025-11-02 00:00:00+00:00
[2025-11-02T18:25:28.653+0000] {logging_mixin.py:188} INFO - [2025-11-02T18:25:28.651+0000] {dag.py:3823} INFO - Setting next_dagrun for example_branch_datetime_operator_3 to 2025-11-01 00:00:00+00:00, run_after=2025-11-02 00:00:00+00:00
[2025-11-02T18:25:28.759+0000] {processor.py:183} INFO - Processing /home/airflow/.local/lib/python3.8/site-packages/airflow/example_dags/example_branch_datetime_operator.py took 1.089 seconds
[2025-11-02T18:25:59.756+0000] {processor.py:161} INFO - Started process (PID=229) to work on /home/airflow/.local/lib/python3.8/site-packages/airflow/example_dags/example_branch_datetime_operator.py
[2025-11-02T18:25:59.759+0000] {processor.py:830} INFO - Processing file /home/airflow/.local/lib/python3.8/site-packages/airflow/example_dags/example_branch_datetime_operator.py for tasks to queue
[2025-11-02T18:25:59.764+0000] {logging_mixin.py:188} INFO - [2025-11-02T18:25:59.764+0000] {dagbag.py:538} INFO - Filling up the DagBag from /home/airflow/.local/lib/python3.8/site-packages/airflow/example_dags/example_branch_datetime_operator.py
[2025-11-02T18:25:59.789+0000] {processor.py:840} INFO - DAG(s) 'example_branch_datetime_operator', 'example_branch_datetime_operator_3', 'example_branch_datetime_operator_2' retrieved from /home/airflow/.local/lib/python3.8/site-packages/airflow/example_dags/example_branch_datetime_operator.py
[2025-11-02T18:25:59.859+0000] {logging_mixin.py:188} INFO - [2025-11-02T18:25:59.859+0000] {dag.py:3036} INFO - Sync 3 DAGs
[2025-11-02T18:25:59.912+0000] {logging_mixin.py:188} INFO - [2025-11-02T18:25:59.912+0000] {dag.py:3823} INFO - Setting next_dagrun for example_branch_datetime_operator to 2025-11-01 00:00:00+00:00, run_after=2025-11-02 00:00:00+00:00
[2025-11-02T18:25:59.923+0000] {logging_mixin.py:188} INFO - [2025-11-02T18:25:59.922+0000] {dag.py:3823} INFO - Setting next_dagrun for example_branch_datetime_operator_2 to 2025-11-01 00:00:00+00:00, run_after=2025-11-02 00:00:00+00:00
[2025-11-02T18:25:59.929+0000] {logging_mixin.py:188} INFO - [2025-11-02T18:25:59.928+0000] {dag.py:3823} INFO - Setting next_dagrun for example_branch_datetime_operator_3 to 2025-11-01 00:00:00+00:00, run_after=2025-11-02 00:00:00+00:00
[2025-11-02T18:25:59.987+0000] {processor.py:183} INFO - Processing /home/airflow/.local/lib/python3.8/site-packages/airflow/example_dags/example_branch_datetime_operator.py took 0.242 seconds
[2025-11-02T18:26:30.528+0000] {processor.py:161} INFO - Started process (PID=284) to work on /home/airflow/.local/lib/python3.8/site-packages/airflow/example_dags/example_branch_datetime_operator.py
[2025-11-02T18:26:30.531+0000] {processor.py:830} INFO - Processing file /home/airflow/.local/lib/python3.8/site-packages/airflow/example_dags/example_branch_datetime_operator.py for tasks to queue
[2025-11-02T18:26:30.536+0000] {logging_mixin.py:188} INFO - [2025-11-02T18:26:30.536+0000] {dagbag.py:538} INFO - Filling up the DagBag from /home/airflow/.local/lib/python3.8/site-packages/airflow/example_dags/example_branch_datetime_operator.py
[2025-11-02T18:26:30.563+0000] {processor.py:840} INFO - DAG(s) 'example_branch_datetime_operator_2', 'example_branch_datetime_operator', 'example_branch_datetime_operator_3' retrieved from /home/airflow/.local/lib/python3.8/site-packages/airflow/example_dags/example_branch_datetime_operator.py
[2025-11-02T18:26:30.636+0000] {logging_mixin.py:188} INFO - [2025-11-02T18:26:30.636+0000] {dag.py:3036} INFO - Sync 3 DAGs
[2025-11-02T18:26:30.694+0000] {logging_mixin.py:188} INFO - [2025-11-02T18:26:30.693+0000] {dag.py:3823} INFO - Setting next_dagrun for example_branch_datetime_operator to 2025-11-01 00:00:00+00:00, run_after=2025-11-02 00:00:00+00:00
[2025-11-02T18:26:30.705+0000] {logging_mixin.py:188} INFO - [2025-11-02T18:26:30.704+0000] {dag.py:3823} INFO - Setting next_dagrun for example_branch_datetime_operator_2 to 2025-11-01 00:00:00+00:00, run_after=2025-11-02 00:00:00+00:00
[2025-11-02T18:26:30.711+0000] {logging_mixin.py:188} INFO - [2025-11-02T18:26:30.711+0000] {dag.py:3823} INFO - Setting next_dagrun for example_branch_datetime_operator_3 to 2025-11-01 00:00:00+00:00, run_after=2025-11-02 00:00:00+00:00
[2025-11-02T18:26:30.755+0000] {processor.py:183} INFO - Processing /home/airflow/.local/lib/python3.8/site-packages/airflow/example_dags/example_branch_datetime_operator.py took 0.236 seconds
[2025-11-02T18:27:01.494+0000] {processor.py:161} INFO - Started process (PID=339) to work on /home/airflow/.local/lib/python3.8/site-packages/airflow/example_dags/example_branch_datetime_operator.py
[2025-11-02T18:27:01.496+0000] {processor.py:830} INFO - Processing file /home/airflow/.local/lib/python3.8/site-packages/airflow/example_dags/example_branch_datetime_operator.py for tasks to queue
[2025-11-02T18:27:01.501+0000] {logging_mixin.py:188} INFO - [2025-11-02T18:27:01.500+0000] {dagbag.py:538} INFO - Filling up the DagBag from /home/airflow/.local/lib/python3.8/site-packages/airflow/example_dags/example_branch_datetime_operator.py
[2025-11-02T18:27:01.523+0000] {processor.py:840} INFO - DAG(s) 'example_branch_datetime_operator_2', 'example_branch_datetime_operator_3', 'example_branch_datetime_operator' retrieved from /home/airflow/.local/lib/python3.8/site-packages/airflow/example_dags/example_branch_datetime_operator.py
[2025-11-02T18:27:01.583+0000] {logging_mixin.py:188} INFO - [2025-11-02T18:27:01.583+0000] {dag.py:3036} INFO - Sync 3 DAGs
[2025-11-02T18:27:01.635+0000] {logging_mixin.py:188} INFO - [2025-11-02T18:27:01.635+0000] {dag.py:3823} INFO - Setting next_dagrun for example_branch_datetime_operator to 2025-11-01 00:00:00+00:00, run_after=2025-11-02 00:00:00+00:00
[2025-11-02T18:27:01.646+0000] {logging_mixin.py:188} INFO - [2025-11-02T18:27:01.645+0000] {dag.py:3823} INFO - Setting next_dagrun for example_branch_datetime_operator_2 to 2025-11-01 00:00:00+00:00, run_after=2025-11-02 00:00:00+00:00
[2025-11-02T18:27:01.651+0000] {logging_mixin.py:188} INFO - [2025-11-02T18:27:01.651+0000] {dag.py:3823} INFO - Setting next_dagrun for example_branch_datetime_operator_3 to 2025-11-01 00:00:00+00:00, run_after=2025-11-02 00:00:00+00:00
[2025-11-02T18:27:01.688+0000] {processor.py:183} INFO - Processing /home/airflow/.local/lib/python3.8/site-packages/airflow/example_dags/example_branch_datetime_operator.py took 0.202 seconds
[2025-11-02T18:27:31.977+0000] {processor.py:161} INFO - Started process (PID=394) to work on /home/airflow/.local/lib/python3.8/site-packages/airflow/example_dags/example_branch_datetime_operator.py
[2025-11-02T18:27:31.980+0000] {processor.py:830} INFO - Processing file /home/airflow/.local/lib/python3.8/site-packages/airflow/example_dags/example_branch_datetime_operator.py for tasks to queue
[2025-11-02T18:27:31.986+0000] {logging_mixin.py:188} INFO - [2025-11-02T18:27:31.985+0000] {dagbag.py:538} INFO - Filling up the DagBag from /home/airflow/.local/lib/python3.8/site-packages/airflow/example_dags/example_branch_datetime_operator.py
[2025-11-02T18:27:32.009+0000] {processor.py:840} INFO - DAG(s) 'example_branch_datetime_operator_2', 'example_branch_datetime_operator', 'example_branch_datetime_operator_3' retrieved from /home/airflow/.local/lib/python3.8/site-packages/airflow/example_dags/example_branch_datetime_operator.py
[2025-11-02T18:27:32.095+0000] {logging_mixin.py:188} INFO - [2025-11-02T18:27:32.095+0000] {dag.py:3036} INFO - Sync 3 DAGs
[2025-11-02T18:27:32.142+0000] {logging_mixin.py:188} INFO - [2025-11-02T18:27:32.141+0000] {dag.py:3823} INFO - Setting next_dagrun for example_branch_datetime_operator to 2025-11-01 00:00:00+00:00, run_after=2025-11-02 00:00:00+00:00
[2025-11-02T18:27:32.153+0000] {logging_mixin.py:188} INFO - [2025-11-02T18:27:32.153+0000] {dag.py:3823} INFO - Setting next_dagrun for example_branch_datetime_operator_2 to 2025-11-01 00:00:00+00:00, run_after=2025-11-02 00:00:00+00:00
[2025-11-02T18:27:32.168+0000] {logging_mixin.py:188} INFO - [2025-11-02T18:27:32.167+0000] {dag.py:3823} INFO - Setting next_dagrun for example_branch_datetime_operator_3 to 2025-11-01 00:00:00+00:00, run_after=2025-11-02 00:00:00+00:00
[2025-11-02T18:27:32.205+0000] {processor.py:183} INFO - Processing /home/airflow/.local/lib/python3.8/site-packages/airflow/example_dags/example_branch_datetime_operator.py took 0.236 seconds
[2025-11-02T18:28:02.589+0000] {processor.py:161} INFO - Started process (PID=449) to work on /home/airflow/.local/lib/python3.8/site-packages/airflow/example_dags/example_branch_datetime_operator.py
[2025-11-02T18:28:02.592+0000] {processor.py:830} INFO - Processing file /home/airflow/.local/lib/python3.8/site-packages/airflow/example_dags/example_branch_datetime_operator.py for tasks to queue
[2025-11-02T18:28:02.598+0000] {logging_mixin.py:188} INFO - [2025-11-02T18:28:02.597+0000] {dagbag.py:538} INFO - Filling up the DagBag from /home/airflow/.local/lib/python3.8/site-packages/airflow/example_dags/example_branch_datetime_operator.py
[2025-11-02T18:28:02.633+0000] {processor.py:840} INFO - DAG(s) 'example_branch_datetime_operator', 'example_branch_datetime_operator_3', 'example_branch_datetime_operator_2' retrieved from /home/airflow/.local/lib/python3.8/site-packages/airflow/example_dags/example_branch_datetime_operator.py
[2025-11-02T18:28:02.732+0000] {logging_mixin.py:188} INFO - [2025-11-02T18:28:02.732+0000] {dag.py:3036} INFO - Sync 3 DAGs
[2025-11-02T18:28:02.794+0000] {logging_mixin.py:188} INFO - [2025-11-02T18:28:02.793+0000] {dag.py:3823} INFO - Setting next_dagrun for example_branch_datetime_operator to 2025-11-01 00:00:00+00:00, run_after=2025-11-02 00:00:00+00:00
[2025-11-02T18:28:02.809+0000] {logging_mixin.py:188} INFO - [2025-11-02T18:28:02.809+0000] {dag.py:3823} INFO - Setting next_dagrun for example_branch_datetime_operator_2 to 2025-11-01 00:00:00+00:00, run_after=2025-11-02 00:00:00+00:00
[2025-11-02T18:28:02.819+0000] {logging_mixin.py:188} INFO - [2025-11-02T18:28:02.818+0000] {dag.py:3823} INFO - Setting next_dagrun for example_branch_datetime_operator_3 to 2025-11-01 00:00:00+00:00, run_after=2025-11-02 00:00:00+00:00
[2025-11-02T18:28:02.870+0000] {processor.py:183} INFO - Processing /home/airflow/.local/lib/python3.8/site-packages/airflow/example_dags/example_branch_datetime_operator.py took 0.292 seconds
[2025-11-02T18:28:33.008+0000] {processor.py:161} INFO - Started process (PID=504) to work on /home/airflow/.local/lib/python3.8/site-packages/airflow/example_dags/example_branch_datetime_operator.py
[2025-11-02T18:28:33.011+0000] {processor.py:830} INFO - Processing file /home/airflow/.local/lib/python3.8/site-packages/airflow/example_dags/example_branch_datetime_operator.py for tasks to queue
[2025-11-02T18:28:33.016+0000] {logging_mixin.py:188} INFO - [2025-11-02T18:28:33.015+0000] {dagbag.py:538} INFO - Filling up the DagBag from /home/airflow/.local/lib/python3.8/site-packages/airflow/example_dags/example_branch_datetime_operator.py
[2025-11-02T18:28:33.039+0000] {processor.py:840} INFO - DAG(s) 'example_branch_datetime_operator', 'example_branch_datetime_operator_2', 'example_branch_datetime_operator_3' retrieved from /home/airflow/.local/lib/python3.8/site-packages/airflow/example_dags/example_branch_datetime_operator.py
[2025-11-02T18:28:33.105+0000] {logging_mixin.py:188} INFO - [2025-11-02T18:28:33.105+0000] {dag.py:3036} INFO - Sync 3 DAGs
[2025-11-02T18:28:33.152+0000] {logging_mixin.py:188} INFO - [2025-11-02T18:28:33.151+0000] {dag.py:3823} INFO - Setting next_dagrun for example_branch_datetime_operator to 2025-11-01 00:00:00+00:00, run_after=2025-11-02 00:00:00+00:00
[2025-11-02T18:28:33.162+0000] {logging_mixin.py:188} INFO - [2025-11-02T18:28:33.161+0000] {dag.py:3823} INFO - Setting next_dagrun for example_branch_datetime_operator_2 to 2025-11-01 00:00:00+00:00, run_after=2025-11-02 00:00:00+00:00
[2025-11-02T18:28:33.168+0000] {logging_mixin.py:188} INFO - [2025-11-02T18:28:33.167+0000] {dag.py:3823} INFO - Setting next_dagrun for example_branch_datetime_operator_3 to 2025-11-01 00:00:00+00:00, run_after=2025-11-02 00:00:00+00:00
[2025-11-02T18:28:33.204+0000] {processor.py:183} INFO - Processing /home/airflow/.local/lib/python3.8/site-packages/airflow/example_dags/example_branch_datetime_operator.py took 0.204 seconds
[2025-11-02T18:29:03.524+0000] {processor.py:161} INFO - Started process (PID=560) to work on /home/airflow/.local/lib/python3.8/site-packages/airflow/example_dags/example_branch_datetime_operator.py
[2025-11-02T18:29:03.528+0000] {processor.py:830} INFO - Processing file /home/airflow/.local/lib/python3.8/site-packages/airflow/example_dags/example_branch_datetime_operator.py for tasks to queue
[2025-11-02T18:29:03.533+0000] {logging_mixin.py:188} INFO - [2025-11-02T18:29:03.532+0000] {dagbag.py:538} INFO - Filling up the DagBag from /home/airflow/.local/lib/python3.8/site-packages/airflow/example_dags/example_branch_datetime_operator.py
[2025-11-02T18:29:03.556+0000] {processor.py:840} INFO - DAG(s) 'example_branch_datetime_operator_2', 'example_branch_datetime_operator', 'example_branch_datetime_operator_3' retrieved from /home/airflow/.local/lib/python3.8/site-packages/airflow/example_dags/example_branch_datetime_operator.py
[2025-11-02T18:29:03.616+0000] {logging_mixin.py:188} INFO - [2025-11-02T18:29:03.616+0000] {dag.py:3036} INFO - Sync 3 DAGs
[2025-11-02T18:29:03.671+0000] {logging_mixin.py:188} INFO - [2025-11-02T18:29:03.670+0000] {dag.py:3823} INFO - Setting next_dagrun for example_branch_datetime_operator to 2025-11-01 00:00:00+00:00, run_after=2025-11-02 00:00:00+00:00
[2025-11-02T18:29:03.681+0000] {logging_mixin.py:188} INFO - [2025-11-02T18:29:03.681+0000] {dag.py:3823} INFO - Setting next_dagrun for example_branch_datetime_operator_2 to 2025-11-01 00:00:00+00:00, run_after=2025-11-02 00:00:00+00:00
[2025-11-02T18:29:03.689+0000] {logging_mixin.py:188} INFO - [2025-11-02T18:29:03.688+0000] {dag.py:3823} INFO - Setting next_dagrun for example_branch_datetime_operator_3 to 2025-11-01 00:00:00+00:00, run_after=2025-11-02 00:00:00+00:00
[2025-11-02T18:29:03.740+0000] {processor.py:183} INFO - Processing /home/airflow/.local/lib/python3.8/site-packages/airflow/example_dags/example_branch_datetime_operator.py took 0.225 seconds
[2025-11-02T18:29:34.340+0000] {processor.py:161} INFO - Started process (PID=615) to work on /home/airflow/.local/lib/python3.8/site-packages/airflow/example_dags/example_branch_datetime_operator.py
[2025-11-02T18:29:34.343+0000] {processor.py:830} INFO - Processing file /home/airflow/.local/lib/python3.8/site-packages/airflow/example_dags/example_branch_datetime_operator.py for tasks to queue
[2025-11-02T18:29:34.347+0000] {logging_mixin.py:188} INFO - [2025-11-02T18:29:34.347+0000] {dagbag.py:538} INFO - Filling up the DagBag from /home/airflow/.local/lib/python3.8/site-packages/airflow/example_dags/example_branch_datetime_operator.py
[2025-11-02T18:29:34.370+0000] {processor.py:840} INFO - DAG(s) 'example_branch_datetime_operator', 'example_branch_datetime_operator_3', 'example_branch_datetime_operator_2' retrieved from /home/airflow/.local/lib/python3.8/site-packages/airflow/example_dags/example_branch_datetime_operator.py
[2025-11-02T18:29:34.429+0000] {logging_mixin.py:188} INFO - [2025-11-02T18:29:34.429+0000] {dag.py:3036} INFO - Sync 3 DAGs
[2025-11-02T18:29:34.480+0000] {logging_mixin.py:188} INFO - [2025-11-02T18:29:34.479+0000] {dag.py:3823} INFO - Setting next_dagrun for example_branch_datetime_operator to 2025-11-01 00:00:00+00:00, run_after=2025-11-02 00:00:00+00:00
[2025-11-02T18:29:34.491+0000] {logging_mixin.py:188} INFO - [2025-11-02T18:29:34.490+0000] {dag.py:3823} INFO - Setting next_dagrun for example_branch_datetime_operator_2 to 2025-11-01 00:00:00+00:00, run_after=2025-11-02 00:00:00+00:00
[2025-11-02T18:29:34.498+0000] {logging_mixin.py:188} INFO - [2025-11-02T18:29:34.498+0000] {dag.py:3823} INFO - Setting next_dagrun for example_branch_datetime_operator_3 to 2025-11-01 00:00:00+00:00, run_after=2025-11-02 00:00:00+00:00
[2025-11-02T18:29:34.539+0000] {processor.py:183} INFO - Processing /home/airflow/.local/lib/python3.8/site-packages/airflow/example_dags/example_branch_datetime_operator.py took 0.207 seconds
[2025-11-02T18:30:04.758+0000] {processor.py:161} INFO - Started process (PID=670) to work on /home/airflow/.local/lib/python3.8/site-packages/airflow/example_dags/example_branch_datetime_operator.py
[2025-11-02T18:30:04.762+0000] {processor.py:830} INFO - Processing file /home/airflow/.local/lib/python3.8/site-packages/airflow/example_dags/example_branch_datetime_operator.py for tasks to queue
[2025-11-02T18:30:04.767+0000] {logging_mixin.py:188} INFO - [2025-11-02T18:30:04.766+0000] {dagbag.py:538} INFO - Filling up the DagBag from /home/airflow/.local/lib/python3.8/site-packages/airflow/example_dags/example_branch_datetime_operator.py
[2025-11-02T18:30:04.789+0000] {processor.py:840} INFO - DAG(s) 'example_branch_datetime_operator_2', 'example_branch_datetime_operator_3', 'example_branch_datetime_operator' retrieved from /home/airflow/.local/lib/python3.8/site-packages/airflow/example_dags/example_branch_datetime_operator.py
[2025-11-02T18:30:04.851+0000] {logging_mixin.py:188} INFO - [2025-11-02T18:30:04.851+0000] {dag.py:3036} INFO - Sync 3 DAGs
[2025-11-02T18:30:04.900+0000] {logging_mixin.py:188} INFO - [2025-11-02T18:30:04.898+0000] {dag.py:3823} INFO - Setting next_dagrun for example_branch_datetime_operator to 2025-11-01 00:00:00+00:00, run_after=2025-11-02 00:00:00+00:00
[2025-11-02T18:30:04.914+0000] {logging_mixin.py:188} INFO - [2025-11-02T18:30:04.914+0000] {dag.py:3823} INFO - Setting next_dagrun for example_branch_datetime_operator_2 to 2025-11-01 00:00:00+00:00, run_after=2025-11-02 00:00:00+00:00
[2025-11-02T18:30:04.920+0000] {logging_mixin.py:188} INFO - [2025-11-02T18:30:04.919+0000] {dag.py:3823} INFO - Setting next_dagrun for example_branch_datetime_operator_3 to 2025-11-01 00:00:00+00:00, run_after=2025-11-02 00:00:00+00:00
[2025-11-02T18:30:04.953+0000] {processor.py:183} INFO - Processing /home/airflow/.local/lib/python3.8/site-packages/airflow/example_dags/example_branch_datetime_operator.py took 0.206 seconds
[2025-11-02T18:30:35.145+0000] {processor.py:161} INFO - Started process (PID=725) to work on /home/airflow/.local/lib/python3.8/site-packages/airflow/example_dags/example_branch_datetime_operator.py
[2025-11-02T18:30:35.149+0000] {processor.py:830} INFO - Processing file /home/airflow/.local/lib/python3.8/site-packages/airflow/example_dags/example_branch_datetime_operator.py for tasks to queue
[2025-11-02T18:30:35.155+0000] {logging_mixin.py:188} INFO - [2025-11-02T18:30:35.154+0000] {dagbag.py:538} INFO - Filling up the DagBag from /home/airflow/.local/lib/python3.8/site-packages/airflow/example_dags/example_branch_datetime_operator.py
[2025-11-02T18:30:35.183+0000] {processor.py:840} INFO - DAG(s) 'example_branch_datetime_operator', 'example_branch_datetime_operator_3', 'example_branch_datetime_operator_2' retrieved from /home/airflow/.local/lib/python3.8/site-packages/airflow/example_dags/example_branch_datetime_operator.py
[2025-11-02T18:30:35.265+0000] {logging_mixin.py:188} INFO - [2025-11-02T18:30:35.265+0000] {dag.py:3036} INFO - Sync 3 DAGs
[2025-11-02T18:30:35.325+0000] {logging_mixin.py:188} INFO - [2025-11-02T18:30:35.325+0000] {dag.py:3823} INFO - Setting next_dagrun for example_branch_datetime_operator to 2025-11-01 00:00:00+00:00, run_after=2025-11-02 00:00:00+00:00
[2025-11-02T18:30:35.337+0000] {logging_mixin.py:188} INFO - [2025-11-02T18:30:35.337+0000] {dag.py:3823} INFO - Setting next_dagrun for example_branch_datetime_operator_2 to 2025-11-01 00:00:00+00:00, run_after=2025-11-02 00:00:00+00:00
[2025-11-02T18:30:35.346+0000] {logging_mixin.py:188} INFO - [2025-11-02T18:30:35.345+0000] {dag.py:3823} INFO - Setting next_dagrun for example_branch_datetime_operator_3 to 2025-11-01 00:00:00+00:00, run_after=2025-11-02 00:00:00+00:00
[2025-11-02T18:30:35.401+0000] {processor.py:183} INFO - Processing /home/airflow/.local/lib/python3.8/site-packages/airflow/example_dags/example_branch_datetime_operator.py took 0.269 seconds
[2025-11-02T18:31:05.520+0000] {processor.py:161} INFO - Started process (PID=780) to work on /home/airflow/.local/lib/python3.8/site-packages/airflow/example_dags/example_branch_datetime_operator.py
[2025-11-02T18:31:05.523+0000] {processor.py:830} INFO - Processing file /home/airflow/.local/lib/python3.8/site-packages/airflow/example_dags/example_branch_datetime_operator.py for tasks to queue
[2025-11-02T18:31:05.528+0000] {logging_mixin.py:188} INFO - [2025-11-02T18:31:05.527+0000] {dagbag.py:538} INFO - Filling up the DagBag from /home/airflow/.local/lib/python3.8/site-packages/airflow/example_dags/example_branch_datetime_operator.py
[2025-11-02T18:31:05.550+0000] {processor.py:840} INFO - DAG(s) 'example_branch_datetime_operator_3', 'example_branch_datetime_operator_2', 'example_branch_datetime_operator' retrieved from /home/airflow/.local/lib/python3.8/site-packages/airflow/example_dags/example_branch_datetime_operator.py
[2025-11-02T18:31:05.613+0000] {logging_mixin.py:188} INFO - [2025-11-02T18:31:05.612+0000] {dag.py:3036} INFO - Sync 3 DAGs
[2025-11-02T18:31:05.660+0000] {logging_mixin.py:188} INFO - [2025-11-02T18:31:05.660+0000] {dag.py:3823} INFO - Setting next_dagrun for example_branch_datetime_operator to 2025-11-01 00:00:00+00:00, run_after=2025-11-02 00:00:00+00:00
[2025-11-02T18:31:05.671+0000] {logging_mixin.py:188} INFO - [2025-11-02T18:31:05.670+0000] {dag.py:3823} INFO - Setting next_dagrun for example_branch_datetime_operator_2 to 2025-11-01 00:00:00+00:00, run_after=2025-11-02 00:00:00+00:00
[2025-11-02T18:31:05.677+0000] {logging_mixin.py:188} INFO - [2025-11-02T18:31:05.677+0000] {dag.py:3823} INFO - Setting next_dagrun for example_branch_datetime_operator_3 to 2025-11-01 00:00:00+00:00, run_after=2025-11-02 00:00:00+00:00
[2025-11-02T18:31:05.712+0000] {processor.py:183} INFO - Processing /home/airflow/.local/lib/python3.8/site-packages/airflow/example_dags/example_branch_datetime_operator.py took 0.201 seconds
[2025-11-02T18:31:35.945+0000] {processor.py:161} INFO - Started process (PID=835) to work on /home/airflow/.local/lib/python3.8/site-packages/airflow/example_dags/example_branch_datetime_operator.py
[2025-11-02T18:31:35.949+0000] {processor.py:830} INFO - Processing file /home/airflow/.local/lib/python3.8/site-packages/airflow/example_dags/example_branch_datetime_operator.py for tasks to queue
[2025-11-02T18:31:35.957+0000] {logging_mixin.py:188} INFO - [2025-11-02T18:31:35.956+0000] {dagbag.py:538} INFO - Filling up the DagBag from /home/airflow/.local/lib/python3.8/site-packages/airflow/example_dags/example_branch_datetime_operator.py
[2025-11-02T18:31:35.999+0000] {processor.py:840} INFO - DAG(s) 'example_branch_datetime_operator', 'example_branch_datetime_operator_3', 'example_branch_datetime_operator_2' retrieved from /home/airflow/.local/lib/python3.8/site-packages/airflow/example_dags/example_branch_datetime_operator.py
[2025-11-02T18:31:36.099+0000] {logging_mixin.py:188} INFO - [2025-11-02T18:31:36.098+0000] {dag.py:3036} INFO - Sync 3 DAGs
[2025-11-02T18:31:36.311+0000] {logging_mixin.py:188} INFO - [2025-11-02T18:31:36.311+0000] {dag.py:3823} INFO - Setting next_dagrun for example_branch_datetime_operator to 2025-11-01 00:00:00+00:00, run_after=2025-11-02 00:00:00+00:00
[2025-11-02T18:31:36.321+0000] {logging_mixin.py:188} INFO - [2025-11-02T18:31:36.320+0000] {dag.py:3823} INFO - Setting next_dagrun for example_branch_datetime_operator_2 to 2025-11-01 00:00:00+00:00, run_after=2025-11-02 00:00:00+00:00
[2025-11-02T18:31:36.327+0000] {logging_mixin.py:188} INFO - [2025-11-02T18:31:36.326+0000] {dag.py:3823} INFO - Setting next_dagrun for example_branch_datetime_operator_3 to 2025-11-01 00:00:00+00:00, run_after=2025-11-02 00:00:00+00:00
[2025-11-02T18:31:36.360+0000] {processor.py:183} INFO - Processing /home/airflow/.local/lib/python3.8/site-packages/airflow/example_dags/example_branch_datetime_operator.py took 0.298 seconds
[2025-11-02T18:32:06.745+0000] {processor.py:161} INFO - Started process (PID=890) to work on /home/airflow/.local/lib/python3.8/site-packages/airflow/example_dags/example_branch_datetime_operator.py
[2025-11-02T18:32:06.748+0000] {processor.py:830} INFO - Processing file /home/airflow/.local/lib/python3.8/site-packages/airflow/example_dags/example_branch_datetime_operator.py for tasks to queue
[2025-11-02T18:32:06.753+0000] {logging_mixin.py:188} INFO - [2025-11-02T18:32:06.752+0000] {dagbag.py:538} INFO - Filling up the DagBag from /home/airflow/.local/lib/python3.8/site-packages/airflow/example_dags/example_branch_datetime_operator.py
[2025-11-02T18:32:06.775+0000] {processor.py:840} INFO - DAG(s) 'example_branch_datetime_operator_3', 'example_branch_datetime_operator_2', 'example_branch_datetime_operator' retrieved from /home/airflow/.local/lib/python3.8/site-packages/airflow/example_dags/example_branch_datetime_operator.py
[2025-11-02T18:32:06.841+0000] {logging_mixin.py:188} INFO - [2025-11-02T18:32:06.840+0000] {dag.py:3036} INFO - Sync 3 DAGs
[2025-11-02T18:32:06.886+0000] {logging_mixin.py:188} INFO - [2025-11-02T18:32:06.886+0000] {dag.py:3823} INFO - Setting next_dagrun for example_branch_datetime_operator to 2025-11-01 00:00:00+00:00, run_after=2025-11-02 00:00:00+00:00
[2025-11-02T18:32:06.896+0000] {logging_mixin.py:188} INFO - [2025-11-02T18:32:06.896+0000] {dag.py:3823} INFO - Setting next_dagrun for example_branch_datetime_operator_2 to 2025-11-01 00:00:00+00:00, run_after=2025-11-02 00:00:00+00:00
[2025-11-02T18:32:06.902+0000] {logging_mixin.py:188} INFO - [2025-11-02T18:32:06.902+0000] {dag.py:3823} INFO - Setting next_dagrun for example_branch_datetime_operator_3 to 2025-11-01 00:00:00+00:00, run_after=2025-11-02 00:00:00+00:00
[2025-11-02T18:32:06.941+0000] {processor.py:183} INFO - Processing /home/airflow/.local/lib/python3.8/site-packages/airflow/example_dags/example_branch_datetime_operator.py took 0.204 seconds
[2025-11-02T18:32:37.117+0000] {processor.py:161} INFO - Started process (PID=944) to work on /home/airflow/.local/lib/python3.8/site-packages/airflow/example_dags/example_branch_datetime_operator.py
[2025-11-02T18:32:37.120+0000] {processor.py:830} INFO - Processing file /home/airflow/.local/lib/python3.8/site-packages/airflow/example_dags/example_branch_datetime_operator.py for tasks to queue
[2025-11-02T18:32:37.126+0000] {logging_mixin.py:188} INFO - [2025-11-02T18:32:37.125+0000] {dagbag.py:538} INFO - Filling up the DagBag from /home/airflow/.local/lib/python3.8/site-packages/airflow/example_dags/example_branch_datetime_operator.py
[2025-11-02T18:32:37.151+0000] {processor.py:840} INFO - DAG(s) 'example_branch_datetime_operator_3', 'example_branch_datetime_operator_2', 'example_branch_datetime_operator' retrieved from /home/airflow/.local/lib/python3.8/site-packages/airflow/example_dags/example_branch_datetime_operator.py
[2025-11-02T18:32:37.213+0000] {logging_mixin.py:188} INFO - [2025-11-02T18:32:37.213+0000] {dag.py:3036} INFO - Sync 3 DAGs
[2025-11-02T18:32:37.262+0000] {logging_mixin.py:188} INFO - [2025-11-02T18:32:37.261+0000] {dag.py:3823} INFO - Setting next_dagrun for example_branch_datetime_operator to 2025-11-01 00:00:00+00:00, run_after=2025-11-02 00:00:00+00:00
[2025-11-02T18:32:37.272+0000] {logging_mixin.py:188} INFO - [2025-11-02T18:32:37.271+0000] {dag.py:3823} INFO - Setting next_dagrun for example_branch_datetime_operator_2 to 2025-11-01 00:00:00+00:00, run_after=2025-11-02 00:00:00+00:00
[2025-11-02T18:32:37.278+0000] {logging_mixin.py:188} INFO - [2025-11-02T18:32:37.277+0000] {dag.py:3823} INFO - Setting next_dagrun for example_branch_datetime_operator_3 to 2025-11-01 00:00:00+00:00, run_after=2025-11-02 00:00:00+00:00
[2025-11-02T18:32:37.329+0000] {processor.py:183} INFO - Processing /home/airflow/.local/lib/python3.8/site-packages/airflow/example_dags/example_branch_datetime_operator.py took 0.220 seconds
[2025-11-02T18:33:07.996+0000] {processor.py:161} INFO - Started process (PID=999) to work on /home/airflow/.local/lib/python3.8/site-packages/airflow/example_dags/example_branch_datetime_operator.py
[2025-11-02T18:33:08.000+0000] {processor.py:830} INFO - Processing file /home/airflow/.local/lib/python3.8/site-packages/airflow/example_dags/example_branch_datetime_operator.py for tasks to queue
[2025-11-02T18:33:08.009+0000] {logging_mixin.py:188} INFO - [2025-11-02T18:33:08.008+0000] {dagbag.py:538} INFO - Filling up the DagBag from /home/airflow/.local/lib/python3.8/site-packages/airflow/example_dags/example_branch_datetime_operator.py
[2025-11-02T18:33:08.035+0000] {processor.py:840} INFO - DAG(s) 'example_branch_datetime_operator_3', 'example_branch_datetime_operator', 'example_branch_datetime_operator_2' retrieved from /home/airflow/.local/lib/python3.8/site-packages/airflow/example_dags/example_branch_datetime_operator.py
[2025-11-02T18:33:08.115+0000] {logging_mixin.py:188} INFO - [2025-11-02T18:33:08.114+0000] {dag.py:3036} INFO - Sync 3 DAGs
[2025-11-02T18:33:08.162+0000] {logging_mixin.py:188} INFO - [2025-11-02T18:33:08.161+0000] {dag.py:3823} INFO - Setting next_dagrun for example_branch_datetime_operator to 2025-11-01 00:00:00+00:00, run_after=2025-11-02 00:00:00+00:00
[2025-11-02T18:33:08.172+0000] {logging_mixin.py:188} INFO - [2025-11-02T18:33:08.172+0000] {dag.py:3823} INFO - Setting next_dagrun for example_branch_datetime_operator_2 to 2025-11-01 00:00:00+00:00, run_after=2025-11-02 00:00:00+00:00
[2025-11-02T18:33:08.178+0000] {logging_mixin.py:188} INFO - [2025-11-02T18:33:08.177+0000] {dag.py:3823} INFO - Setting next_dagrun for example_branch_datetime_operator_3 to 2025-11-01 00:00:00+00:00, run_after=2025-11-02 00:00:00+00:00
[2025-11-02T18:33:08.215+0000] {processor.py:183} INFO - Processing /home/airflow/.local/lib/python3.8/site-packages/airflow/example_dags/example_branch_datetime_operator.py took 0.228 seconds
[2025-11-02T18:33:38.431+0000] {processor.py:161} INFO - Started process (PID=1054) to work on /home/airflow/.local/lib/python3.8/site-packages/airflow/example_dags/example_branch_datetime_operator.py
[2025-11-02T18:33:38.434+0000] {processor.py:830} INFO - Processing file /home/airflow/.local/lib/python3.8/site-packages/airflow/example_dags/example_branch_datetime_operator.py for tasks to queue
[2025-11-02T18:33:38.440+0000] {logging_mixin.py:188} INFO - [2025-11-02T18:33:38.439+0000] {dagbag.py:538} INFO - Filling up the DagBag from /home/airflow/.local/lib/python3.8/site-packages/airflow/example_dags/example_branch_datetime_operator.py
[2025-11-02T18:33:38.472+0000] {processor.py:840} INFO - DAG(s) 'example_branch_datetime_operator', 'example_branch_datetime_operator_2', 'example_branch_datetime_operator_3' retrieved from /home/airflow/.local/lib/python3.8/site-packages/airflow/example_dags/example_branch_datetime_operator.py
[2025-11-02T18:33:38.569+0000] {logging_mixin.py:188} INFO - [2025-11-02T18:33:38.568+0000] {dag.py:3036} INFO - Sync 3 DAGs
[2025-11-02T18:33:38.624+0000] {logging_mixin.py:188} INFO - [2025-11-02T18:33:38.623+0000] {dag.py:3823} INFO - Setting next_dagrun for example_branch_datetime_operator to 2025-11-01 00:00:00+00:00, run_after=2025-11-02 00:00:00+00:00
[2025-11-02T18:33:38.634+0000] {logging_mixin.py:188} INFO - [2025-11-02T18:33:38.634+0000] {dag.py:3823} INFO - Setting next_dagrun for example_branch_datetime_operator_2 to 2025-11-01 00:00:00+00:00, run_after=2025-11-02 00:00:00+00:00
[2025-11-02T18:33:38.645+0000] {logging_mixin.py:188} INFO - [2025-11-02T18:33:38.645+0000] {dag.py:3823} INFO - Setting next_dagrun for example_branch_datetime_operator_3 to 2025-11-01 00:00:00+00:00, run_after=2025-11-02 00:00:00+00:00
[2025-11-02T18:33:38.686+0000] {processor.py:183} INFO - Processing /home/airflow/.local/lib/python3.8/site-packages/airflow/example_dags/example_branch_datetime_operator.py took 0.266 seconds
[2025-11-02T18:34:08.944+0000] {processor.py:161} INFO - Started process (PID=1109) to work on /home/airflow/.local/lib/python3.8/site-packages/airflow/example_dags/example_branch_datetime_operator.py
[2025-11-02T18:34:08.948+0000] {processor.py:830} INFO - Processing file /home/airflow/.local/lib/python3.8/site-packages/airflow/example_dags/example_branch_datetime_operator.py for tasks to queue
[2025-11-02T18:34:08.954+0000] {logging_mixin.py:188} INFO - [2025-11-02T18:34:08.953+0000] {dagbag.py:538} INFO - Filling up the DagBag from /home/airflow/.local/lib/python3.8/site-packages/airflow/example_dags/example_branch_datetime_operator.py
[2025-11-02T18:34:08.979+0000] {processor.py:840} INFO - DAG(s) 'example_branch_datetime_operator', 'example_branch_datetime_operator_2', 'example_branch_datetime_operator_3' retrieved from /home/airflow/.local/lib/python3.8/site-packages/airflow/example_dags/example_branch_datetime_operator.py
[2025-11-02T18:34:09.059+0000] {logging_mixin.py:188} INFO - [2025-11-02T18:34:09.059+0000] {dag.py:3036} INFO - Sync 3 DAGs
[2025-11-02T18:34:09.157+0000] {logging_mixin.py:188} INFO - [2025-11-02T18:34:09.156+0000] {dag.py:3823} INFO - Setting next_dagrun for example_branch_datetime_operator to 2025-11-01 00:00:00+00:00, run_after=2025-11-02 00:00:00+00:00
[2025-11-02T18:34:09.172+0000] {logging_mixin.py:188} INFO - [2025-11-02T18:34:09.171+0000] {dag.py:3823} INFO - Setting next_dagrun for example_branch_datetime_operator_2 to 2025-11-01 00:00:00+00:00, run_after=2025-11-02 00:00:00+00:00
[2025-11-02T18:34:09.177+0000] {logging_mixin.py:188} INFO - [2025-11-02T18:34:09.177+0000] {dag.py:3823} INFO - Setting next_dagrun for example_branch_datetime_operator_3 to 2025-11-01 00:00:00+00:00, run_after=2025-11-02 00:00:00+00:00
[2025-11-02T18:34:09.234+0000] {processor.py:183} INFO - Processing /home/airflow/.local/lib/python3.8/site-packages/airflow/example_dags/example_branch_datetime_operator.py took 0.303 seconds
[2025-11-02T18:34:39.850+0000] {processor.py:161} INFO - Started process (PID=1162) to work on /home/airflow/.local/lib/python3.8/site-packages/airflow/example_dags/example_branch_datetime_operator.py
[2025-11-02T18:34:39.865+0000] {processor.py:830} INFO - Processing file /home/airflow/.local/lib/python3.8/site-packages/airflow/example_dags/example_branch_datetime_operator.py for tasks to queue
[2025-11-02T18:34:39.875+0000] {logging_mixin.py:188} INFO - [2025-11-02T18:34:39.874+0000] {dagbag.py:538} INFO - Filling up the DagBag from /home/airflow/.local/lib/python3.8/site-packages/airflow/example_dags/example_branch_datetime_operator.py
[2025-11-02T18:34:39.941+0000] {processor.py:840} INFO - DAG(s) 'example_branch_datetime_operator_3', 'example_branch_datetime_operator', 'example_branch_datetime_operator_2' retrieved from /home/airflow/.local/lib/python3.8/site-packages/airflow/example_dags/example_branch_datetime_operator.py
[2025-11-02T18:34:40.064+0000] {logging_mixin.py:188} INFO - [2025-11-02T18:34:40.063+0000] {dag.py:3036} INFO - Sync 3 DAGs
[2025-11-02T18:34:40.168+0000] {logging_mixin.py:188} INFO - [2025-11-02T18:34:40.167+0000] {dag.py:3823} INFO - Setting next_dagrun for example_branch_datetime_operator to 2025-11-01 00:00:00+00:00, run_after=2025-11-02 00:00:00+00:00
[2025-11-02T18:34:40.203+0000] {logging_mixin.py:188} INFO - [2025-11-02T18:34:40.202+0000] {dag.py:3823} INFO - Setting next_dagrun for example_branch_datetime_operator_2 to 2025-11-01 00:00:00+00:00, run_after=2025-11-02 00:00:00+00:00
[2025-11-02T18:34:40.226+0000] {logging_mixin.py:188} INFO - [2025-11-02T18:34:40.226+0000] {dag.py:3823} INFO - Setting next_dagrun for example_branch_datetime_operator_3 to 2025-11-01 00:00:00+00:00, run_after=2025-11-02 00:00:00+00:00
[2025-11-02T18:34:40.348+0000] {processor.py:183} INFO - Processing /home/airflow/.local/lib/python3.8/site-packages/airflow/example_dags/example_branch_datetime_operator.py took 0.518 seconds
[2025-11-02T18:35:11.196+0000] {processor.py:161} INFO - Started process (PID=1218) to work on /home/airflow/.local/lib/python3.8/site-packages/airflow/example_dags/example_branch_datetime_operator.py
[2025-11-02T18:35:11.199+0000] {processor.py:830} INFO - Processing file /home/airflow/.local/lib/python3.8/site-packages/airflow/example_dags/example_branch_datetime_operator.py for tasks to queue
[2025-11-02T18:35:11.206+0000] {logging_mixin.py:188} INFO - [2025-11-02T18:35:11.205+0000] {dagbag.py:538} INFO - Filling up the DagBag from /home/airflow/.local/lib/python3.8/site-packages/airflow/example_dags/example_branch_datetime_operator.py
[2025-11-02T18:35:11.291+0000] {processor.py:840} INFO - DAG(s) 'example_branch_datetime_operator_2', 'example_branch_datetime_operator', 'example_branch_datetime_operator_3' retrieved from /home/airflow/.local/lib/python3.8/site-packages/airflow/example_dags/example_branch_datetime_operator.py
[2025-11-02T18:35:11.589+0000] {logging_mixin.py:188} INFO - [2025-11-02T18:35:11.588+0000] {dag.py:3036} INFO - Sync 3 DAGs
[2025-11-02T18:35:11.797+0000] {logging_mixin.py:188} INFO - [2025-11-02T18:35:11.796+0000] {dag.py:3823} INFO - Setting next_dagrun for example_branch_datetime_operator to 2025-11-01 00:00:00+00:00, run_after=2025-11-02 00:00:00+00:00
[2025-11-02T18:35:11.830+0000] {logging_mixin.py:188} INFO - [2025-11-02T18:35:11.829+0000] {dag.py:3823} INFO - Setting next_dagrun for example_branch_datetime_operator_2 to 2025-11-01 00:00:00+00:00, run_after=2025-11-02 00:00:00+00:00
[2025-11-02T18:35:11.843+0000] {logging_mixin.py:188} INFO - [2025-11-02T18:35:11.842+0000] {dag.py:3823} INFO - Setting next_dagrun for example_branch_datetime_operator_3 to 2025-11-01 00:00:00+00:00, run_after=2025-11-02 00:00:00+00:00
[2025-11-02T18:35:11.959+0000] {processor.py:183} INFO - Processing /home/airflow/.local/lib/python3.8/site-packages/airflow/example_dags/example_branch_datetime_operator.py took 0.778 seconds
[2025-11-02T18:35:42.385+0000] {processor.py:161} INFO - Started process (PID=1273) to work on /home/airflow/.local/lib/python3.8/site-packages/airflow/example_dags/example_branch_datetime_operator.py
[2025-11-02T18:35:42.389+0000] {processor.py:830} INFO - Processing file /home/airflow/.local/lib/python3.8/site-packages/airflow/example_dags/example_branch_datetime_operator.py for tasks to queue
[2025-11-02T18:35:42.407+0000] {logging_mixin.py:188} INFO - [2025-11-02T18:35:42.405+0000] {dagbag.py:538} INFO - Filling up the DagBag from /home/airflow/.local/lib/python3.8/site-packages/airflow/example_dags/example_branch_datetime_operator.py
[2025-11-02T18:35:42.517+0000] {processor.py:840} INFO - DAG(s) 'example_branch_datetime_operator_2', 'example_branch_datetime_operator_3', 'example_branch_datetime_operator' retrieved from /home/airflow/.local/lib/python3.8/site-packages/airflow/example_dags/example_branch_datetime_operator.py
[2025-11-02T18:35:42.776+0000] {logging_mixin.py:188} INFO - [2025-11-02T18:35:42.765+0000] {dag.py:3036} INFO - Sync 3 DAGs
[2025-11-02T18:35:43.029+0000] {logging_mixin.py:188} INFO - [2025-11-02T18:35:43.014+0000] {dag.py:3823} INFO - Setting next_dagrun for example_branch_datetime_operator to 2025-11-01 00:00:00+00:00, run_after=2025-11-02 00:00:00+00:00
[2025-11-02T18:35:43.188+0000] {logging_mixin.py:188} INFO - [2025-11-02T18:35:43.187+0000] {dag.py:3823} INFO - Setting next_dagrun for example_branch_datetime_operator_2 to 2025-11-01 00:00:00+00:00, run_after=2025-11-02 00:00:00+00:00
[2025-11-02T18:35:43.308+0000] {logging_mixin.py:188} INFO - [2025-11-02T18:35:43.307+0000] {dag.py:3823} INFO - Setting next_dagrun for example_branch_datetime_operator_3 to 2025-11-01 00:00:00+00:00, run_after=2025-11-02 00:00:00+00:00
[2025-11-02T18:35:43.492+0000] {processor.py:183} INFO - Processing /home/airflow/.local/lib/python3.8/site-packages/airflow/example_dags/example_branch_datetime_operator.py took 1.143 seconds
[2025-11-02T18:36:13.731+0000] {processor.py:161} INFO - Started process (PID=1329) to work on /home/airflow/.local/lib/python3.8/site-packages/airflow/example_dags/example_branch_datetime_operator.py
[2025-11-02T18:36:13.735+0000] {processor.py:830} INFO - Processing file /home/airflow/.local/lib/python3.8/site-packages/airflow/example_dags/example_branch_datetime_operator.py for tasks to queue
[2025-11-02T18:36:13.742+0000] {logging_mixin.py:188} INFO - [2025-11-02T18:36:13.741+0000] {dagbag.py:538} INFO - Filling up the DagBag from /home/airflow/.local/lib/python3.8/site-packages/airflow/example_dags/example_branch_datetime_operator.py
[2025-11-02T18:36:13.772+0000] {processor.py:840} INFO - DAG(s) 'example_branch_datetime_operator_3', 'example_branch_datetime_operator_2', 'example_branch_datetime_operator' retrieved from /home/airflow/.local/lib/python3.8/site-packages/airflow/example_dags/example_branch_datetime_operator.py
[2025-11-02T18:36:13.869+0000] {logging_mixin.py:188} INFO - [2025-11-02T18:36:13.867+0000] {dag.py:3036} INFO - Sync 3 DAGs
[2025-11-02T18:36:13.965+0000] {logging_mixin.py:188} INFO - [2025-11-02T18:36:13.965+0000] {dag.py:3823} INFO - Setting next_dagrun for example_branch_datetime_operator to 2025-11-01 00:00:00+00:00, run_after=2025-11-02 00:00:00+00:00
[2025-11-02T18:36:13.984+0000] {logging_mixin.py:188} INFO - [2025-11-02T18:36:13.983+0000] {dag.py:3823} INFO - Setting next_dagrun for example_branch_datetime_operator_2 to 2025-11-01 00:00:00+00:00, run_after=2025-11-02 00:00:00+00:00
[2025-11-02T18:36:13.994+0000] {logging_mixin.py:188} INFO - [2025-11-02T18:36:13.994+0000] {dag.py:3823} INFO - Setting next_dagrun for example_branch_datetime_operator_3 to 2025-11-01 00:00:00+00:00, run_after=2025-11-02 00:00:00+00:00
[2025-11-02T18:36:14.052+0000] {processor.py:183} INFO - Processing /home/airflow/.local/lib/python3.8/site-packages/airflow/example_dags/example_branch_datetime_operator.py took 0.334 seconds
[2025-11-02T18:36:44.488+0000] {processor.py:161} INFO - Started process (PID=1384) to work on /home/airflow/.local/lib/python3.8/site-packages/airflow/example_dags/example_branch_datetime_operator.py
[2025-11-02T18:36:44.493+0000] {processor.py:830} INFO - Processing file /home/airflow/.local/lib/python3.8/site-packages/airflow/example_dags/example_branch_datetime_operator.py for tasks to queue
[2025-11-02T18:36:44.505+0000] {logging_mixin.py:188} INFO - [2025-11-02T18:36:44.503+0000] {dagbag.py:538} INFO - Filling up the DagBag from /home/airflow/.local/lib/python3.8/site-packages/airflow/example_dags/example_branch_datetime_operator.py
[2025-11-02T18:36:44.548+0000] {processor.py:840} INFO - DAG(s) 'example_branch_datetime_operator_3', 'example_branch_datetime_operator_2', 'example_branch_datetime_operator' retrieved from /home/airflow/.local/lib/python3.8/site-packages/airflow/example_dags/example_branch_datetime_operator.py
[2025-11-02T18:36:44.663+0000] {logging_mixin.py:188} INFO - [2025-11-02T18:36:44.662+0000] {dag.py:3036} INFO - Sync 3 DAGs
[2025-11-02T18:36:44.765+0000] {logging_mixin.py:188} INFO - [2025-11-02T18:36:44.765+0000] {dag.py:3823} INFO - Setting next_dagrun for example_branch_datetime_operator to 2025-11-01 00:00:00+00:00, run_after=2025-11-02 00:00:00+00:00
[2025-11-02T18:36:44.784+0000] {logging_mixin.py:188} INFO - [2025-11-02T18:36:44.784+0000] {dag.py:3823} INFO - Setting next_dagrun for example_branch_datetime_operator_2 to 2025-11-01 00:00:00+00:00, run_after=2025-11-02 00:00:00+00:00
[2025-11-02T18:36:44.793+0000] {logging_mixin.py:188} INFO - [2025-11-02T18:36:44.792+0000] {dag.py:3823} INFO - Setting next_dagrun for example_branch_datetime_operator_3 to 2025-11-01 00:00:00+00:00, run_after=2025-11-02 00:00:00+00:00
[2025-11-02T18:36:44.865+0000] {processor.py:183} INFO - Processing /home/airflow/.local/lib/python3.8/site-packages/airflow/example_dags/example_branch_datetime_operator.py took 0.391 seconds
[2025-11-02T18:37:15.277+0000] {processor.py:161} INFO - Started process (PID=1440) to work on /home/airflow/.local/lib/python3.8/site-packages/airflow/example_dags/example_branch_datetime_operator.py
[2025-11-02T18:37:15.282+0000] {processor.py:830} INFO - Processing file /home/airflow/.local/lib/python3.8/site-packages/airflow/example_dags/example_branch_datetime_operator.py for tasks to queue
[2025-11-02T18:37:15.305+0000] {logging_mixin.py:188} INFO - [2025-11-02T18:37:15.305+0000] {dagbag.py:538} INFO - Filling up the DagBag from /home/airflow/.local/lib/python3.8/site-packages/airflow/example_dags/example_branch_datetime_operator.py
[2025-11-02T18:37:15.364+0000] {processor.py:840} INFO - DAG(s) 'example_branch_datetime_operator', 'example_branch_datetime_operator_2', 'example_branch_datetime_operator_3' retrieved from /home/airflow/.local/lib/python3.8/site-packages/airflow/example_dags/example_branch_datetime_operator.py
[2025-11-02T18:37:15.490+0000] {logging_mixin.py:188} INFO - [2025-11-02T18:37:15.489+0000] {dag.py:3036} INFO - Sync 3 DAGs
[2025-11-02T18:37:15.619+0000] {logging_mixin.py:188} INFO - [2025-11-02T18:37:15.618+0000] {dag.py:3823} INFO - Setting next_dagrun for example_branch_datetime_operator to 2025-11-01 00:00:00+00:00, run_after=2025-11-02 00:00:00+00:00
[2025-11-02T18:37:15.643+0000] {logging_mixin.py:188} INFO - [2025-11-02T18:37:15.642+0000] {dag.py:3823} INFO - Setting next_dagrun for example_branch_datetime_operator_2 to 2025-11-01 00:00:00+00:00, run_after=2025-11-02 00:00:00+00:00
[2025-11-02T18:37:15.665+0000] {logging_mixin.py:188} INFO - [2025-11-02T18:37:15.664+0000] {dag.py:3823} INFO - Setting next_dagrun for example_branch_datetime_operator_3 to 2025-11-01 00:00:00+00:00, run_after=2025-11-02 00:00:00+00:00
[2025-11-02T18:37:15.754+0000] {processor.py:183} INFO - Processing /home/airflow/.local/lib/python3.8/site-packages/airflow/example_dags/example_branch_datetime_operator.py took 0.489 seconds
[2025-11-02T18:37:46.732+0000] {processor.py:161} INFO - Started process (PID=1495) to work on /home/airflow/.local/lib/python3.8/site-packages/airflow/example_dags/example_branch_datetime_operator.py
[2025-11-02T18:37:46.735+0000] {processor.py:830} INFO - Processing file /home/airflow/.local/lib/python3.8/site-packages/airflow/example_dags/example_branch_datetime_operator.py for tasks to queue
[2025-11-02T18:37:46.740+0000] {logging_mixin.py:188} INFO - [2025-11-02T18:37:46.739+0000] {dagbag.py:538} INFO - Filling up the DagBag from /home/airflow/.local/lib/python3.8/site-packages/airflow/example_dags/example_branch_datetime_operator.py
[2025-11-02T18:37:46.777+0000] {processor.py:840} INFO - DAG(s) 'example_branch_datetime_operator_3', 'example_branch_datetime_operator_2', 'example_branch_datetime_operator' retrieved from /home/airflow/.local/lib/python3.8/site-packages/airflow/example_dags/example_branch_datetime_operator.py
[2025-11-02T18:37:46.865+0000] {logging_mixin.py:188} INFO - [2025-11-02T18:37:46.865+0000] {dag.py:3036} INFO - Sync 3 DAGs
[2025-11-02T18:37:46.924+0000] {logging_mixin.py:188} INFO - [2025-11-02T18:37:46.923+0000] {dag.py:3823} INFO - Setting next_dagrun for example_branch_datetime_operator to 2025-11-01 00:00:00+00:00, run_after=2025-11-02 00:00:00+00:00
[2025-11-02T18:37:46.937+0000] {logging_mixin.py:188} INFO - [2025-11-02T18:37:46.937+0000] {dag.py:3823} INFO - Setting next_dagrun for example_branch_datetime_operator_2 to 2025-11-01 00:00:00+00:00, run_after=2025-11-02 00:00:00+00:00
[2025-11-02T18:37:46.946+0000] {logging_mixin.py:188} INFO - [2025-11-02T18:37:46.946+0000] {dag.py:3823} INFO - Setting next_dagrun for example_branch_datetime_operator_3 to 2025-11-01 00:00:00+00:00, run_after=2025-11-02 00:00:00+00:00
[2025-11-02T18:37:46.995+0000] {processor.py:183} INFO - Processing /home/airflow/.local/lib/python3.8/site-packages/airflow/example_dags/example_branch_datetime_operator.py took 0.272 seconds
[2025-11-02T18:38:17.401+0000] {processor.py:161} INFO - Started process (PID=1550) to work on /home/airflow/.local/lib/python3.8/site-packages/airflow/example_dags/example_branch_datetime_operator.py
[2025-11-02T18:38:17.405+0000] {processor.py:830} INFO - Processing file /home/airflow/.local/lib/python3.8/site-packages/airflow/example_dags/example_branch_datetime_operator.py for tasks to queue
[2025-11-02T18:38:17.412+0000] {logging_mixin.py:188} INFO - [2025-11-02T18:38:17.411+0000] {dagbag.py:538} INFO - Filling up the DagBag from /home/airflow/.local/lib/python3.8/site-packages/airflow/example_dags/example_branch_datetime_operator.py
[2025-11-02T18:38:17.500+0000] {processor.py:840} INFO - DAG(s) 'example_branch_datetime_operator', 'example_branch_datetime_operator_3', 'example_branch_datetime_operator_2' retrieved from /home/airflow/.local/lib/python3.8/site-packages/airflow/example_dags/example_branch_datetime_operator.py
[2025-11-02T18:38:17.642+0000] {logging_mixin.py:188} INFO - [2025-11-02T18:38:17.642+0000] {dag.py:3036} INFO - Sync 3 DAGs
[2025-11-02T18:38:17.747+0000] {logging_mixin.py:188} INFO - [2025-11-02T18:38:17.746+0000] {dag.py:3823} INFO - Setting next_dagrun for example_branch_datetime_operator to 2025-11-01 00:00:00+00:00, run_after=2025-11-02 00:00:00+00:00
[2025-11-02T18:38:17.762+0000] {logging_mixin.py:188} INFO - [2025-11-02T18:38:17.761+0000] {dag.py:3823} INFO - Setting next_dagrun for example_branch_datetime_operator_2 to 2025-11-01 00:00:00+00:00, run_after=2025-11-02 00:00:00+00:00
[2025-11-02T18:38:17.773+0000] {logging_mixin.py:188} INFO - [2025-11-02T18:38:17.772+0000] {dag.py:3823} INFO - Setting next_dagrun for example_branch_datetime_operator_3 to 2025-11-01 00:00:00+00:00, run_after=2025-11-02 00:00:00+00:00
[2025-11-02T18:38:17.843+0000] {processor.py:183} INFO - Processing /home/airflow/.local/lib/python3.8/site-packages/airflow/example_dags/example_branch_datetime_operator.py took 0.454 seconds
[2025-11-02T18:38:48.009+0000] {processor.py:161} INFO - Started process (PID=1611) to work on /home/airflow/.local/lib/python3.8/site-packages/airflow/example_dags/example_branch_datetime_operator.py
[2025-11-02T18:38:48.013+0000] {processor.py:830} INFO - Processing file /home/airflow/.local/lib/python3.8/site-packages/airflow/example_dags/example_branch_datetime_operator.py for tasks to queue
[2025-11-02T18:38:48.020+0000] {logging_mixin.py:188} INFO - [2025-11-02T18:38:48.019+0000] {dagbag.py:538} INFO - Filling up the DagBag from /home/airflow/.local/lib/python3.8/site-packages/airflow/example_dags/example_branch_datetime_operator.py
[2025-11-02T18:38:48.067+0000] {processor.py:840} INFO - DAG(s) 'example_branch_datetime_operator', 'example_branch_datetime_operator_3', 'example_branch_datetime_operator_2' retrieved from /home/airflow/.local/lib/python3.8/site-packages/airflow/example_dags/example_branch_datetime_operator.py
[2025-11-02T18:38:48.162+0000] {logging_mixin.py:188} INFO - [2025-11-02T18:38:48.162+0000] {dag.py:3036} INFO - Sync 3 DAGs
[2025-11-02T18:38:48.216+0000] {logging_mixin.py:188} INFO - [2025-11-02T18:38:48.216+0000] {dag.py:3823} INFO - Setting next_dagrun for example_branch_datetime_operator to 2025-11-01 00:00:00+00:00, run_after=2025-11-02 00:00:00+00:00
[2025-11-02T18:38:48.230+0000] {logging_mixin.py:188} INFO - [2025-11-02T18:38:48.229+0000] {dag.py:3823} INFO - Setting next_dagrun for example_branch_datetime_operator_2 to 2025-11-01 00:00:00+00:00, run_after=2025-11-02 00:00:00+00:00
[2025-11-02T18:38:48.248+0000] {logging_mixin.py:188} INFO - [2025-11-02T18:38:48.247+0000] {dag.py:3823} INFO - Setting next_dagrun for example_branch_datetime_operator_3 to 2025-11-01 00:00:00+00:00, run_after=2025-11-02 00:00:00+00:00
[2025-11-02T18:38:48.385+0000] {processor.py:183} INFO - Processing /home/airflow/.local/lib/python3.8/site-packages/airflow/example_dags/example_branch_datetime_operator.py took 0.387 seconds
[2025-11-02T18:39:19.856+0000] {processor.py:161} INFO - Started process (PID=1665) to work on /home/airflow/.local/lib/python3.8/site-packages/airflow/example_dags/example_branch_datetime_operator.py
[2025-11-02T18:39:19.860+0000] {processor.py:830} INFO - Processing file /home/airflow/.local/lib/python3.8/site-packages/airflow/example_dags/example_branch_datetime_operator.py for tasks to queue
[2025-11-02T18:39:19.875+0000] {logging_mixin.py:188} INFO - [2025-11-02T18:39:19.874+0000] {dagbag.py:538} INFO - Filling up the DagBag from /home/airflow/.local/lib/python3.8/site-packages/airflow/example_dags/example_branch_datetime_operator.py
[2025-11-02T18:39:19.992+0000] {processor.py:840} INFO - DAG(s) 'example_branch_datetime_operator_3', 'example_branch_datetime_operator_2', 'example_branch_datetime_operator' retrieved from /home/airflow/.local/lib/python3.8/site-packages/airflow/example_dags/example_branch_datetime_operator.py
[2025-11-02T18:39:20.267+0000] {logging_mixin.py:188} INFO - [2025-11-02T18:39:20.266+0000] {dag.py:3036} INFO - Sync 3 DAGs
[2025-11-02T18:39:20.751+0000] {logging_mixin.py:188} INFO - [2025-11-02T18:39:20.750+0000] {dag.py:3823} INFO - Setting next_dagrun for example_branch_datetime_operator to 2025-11-01 00:00:00+00:00, run_after=2025-11-02 00:00:00+00:00
[2025-11-02T18:39:20.853+0000] {logging_mixin.py:188} INFO - [2025-11-02T18:39:20.852+0000] {dag.py:3823} INFO - Setting next_dagrun for example_branch_datetime_operator_2 to 2025-11-01 00:00:00+00:00, run_after=2025-11-02 00:00:00+00:00
[2025-11-02T18:39:20.945+0000] {logging_mixin.py:188} INFO - [2025-11-02T18:39:20.944+0000] {dag.py:3823} INFO - Setting next_dagrun for example_branch_datetime_operator_3 to 2025-11-01 00:00:00+00:00, run_after=2025-11-02 00:00:00+00:00
[2025-11-02T18:39:21.274+0000] {processor.py:183} INFO - Processing /home/airflow/.local/lib/python3.8/site-packages/airflow/example_dags/example_branch_datetime_operator.py took 1.449 seconds
[2025-11-02T18:39:56.095+0000] {processor.py:161} INFO - Started process (PID=1719) to work on /home/airflow/.local/lib/python3.8/site-packages/airflow/example_dags/example_branch_datetime_operator.py
[2025-11-02T18:39:56.099+0000] {processor.py:830} INFO - Processing file /home/airflow/.local/lib/python3.8/site-packages/airflow/example_dags/example_branch_datetime_operator.py for tasks to queue
[2025-11-02T18:39:56.110+0000] {logging_mixin.py:188} INFO - [2025-11-02T18:39:56.109+0000] {dagbag.py:538} INFO - Filling up the DagBag from /home/airflow/.local/lib/python3.8/site-packages/airflow/example_dags/example_branch_datetime_operator.py
[2025-11-02T18:39:56.149+0000] {processor.py:840} INFO - DAG(s) 'example_branch_datetime_operator', 'example_branch_datetime_operator_2', 'example_branch_datetime_operator_3' retrieved from /home/airflow/.local/lib/python3.8/site-packages/airflow/example_dags/example_branch_datetime_operator.py
[2025-11-02T18:39:56.242+0000] {logging_mixin.py:188} INFO - [2025-11-02T18:39:56.242+0000] {dag.py:3036} INFO - Sync 3 DAGs
[2025-11-02T18:39:56.328+0000] {logging_mixin.py:188} INFO - [2025-11-02T18:39:56.328+0000] {dag.py:3823} INFO - Setting next_dagrun for example_branch_datetime_operator to 2025-11-01 00:00:00+00:00, run_after=2025-11-02 00:00:00+00:00
[2025-11-02T18:39:56.345+0000] {logging_mixin.py:188} INFO - [2025-11-02T18:39:56.345+0000] {dag.py:3823} INFO - Setting next_dagrun for example_branch_datetime_operator_2 to 2025-11-01 00:00:00+00:00, run_after=2025-11-02 00:00:00+00:00
[2025-11-02T18:39:56.369+0000] {logging_mixin.py:188} INFO - [2025-11-02T18:39:56.368+0000] {dag.py:3823} INFO - Setting next_dagrun for example_branch_datetime_operator_3 to 2025-11-01 00:00:00+00:00, run_after=2025-11-02 00:00:00+00:00
[2025-11-02T18:39:56.482+0000] {processor.py:183} INFO - Processing /home/airflow/.local/lib/python3.8/site-packages/airflow/example_dags/example_branch_datetime_operator.py took 0.396 seconds
[2025-11-02T18:40:27.649+0000] {processor.py:161} INFO - Started process (PID=1775) to work on /home/airflow/.local/lib/python3.8/site-packages/airflow/example_dags/example_branch_datetime_operator.py
[2025-11-02T18:40:27.653+0000] {processor.py:830} INFO - Processing file /home/airflow/.local/lib/python3.8/site-packages/airflow/example_dags/example_branch_datetime_operator.py for tasks to queue
[2025-11-02T18:40:27.672+0000] {logging_mixin.py:188} INFO - [2025-11-02T18:40:27.671+0000] {dagbag.py:538} INFO - Filling up the DagBag from /home/airflow/.local/lib/python3.8/site-packages/airflow/example_dags/example_branch_datetime_operator.py
[2025-11-02T18:40:27.712+0000] {processor.py:840} INFO - DAG(s) 'example_branch_datetime_operator_3', 'example_branch_datetime_operator', 'example_branch_datetime_operator_2' retrieved from /home/airflow/.local/lib/python3.8/site-packages/airflow/example_dags/example_branch_datetime_operator.py
[2025-11-02T18:40:27.822+0000] {logging_mixin.py:188} INFO - [2025-11-02T18:40:27.821+0000] {dag.py:3036} INFO - Sync 3 DAGs
[2025-11-02T18:40:27.912+0000] {logging_mixin.py:188} INFO - [2025-11-02T18:40:27.911+0000] {dag.py:3823} INFO - Setting next_dagrun for example_branch_datetime_operator to 2025-11-01 00:00:00+00:00, run_after=2025-11-02 00:00:00+00:00
[2025-11-02T18:40:27.934+0000] {logging_mixin.py:188} INFO - [2025-11-02T18:40:27.933+0000] {dag.py:3823} INFO - Setting next_dagrun for example_branch_datetime_operator_2 to 2025-11-01 00:00:00+00:00, run_after=2025-11-02 00:00:00+00:00
[2025-11-02T18:40:27.944+0000] {logging_mixin.py:188} INFO - [2025-11-02T18:40:27.944+0000] {dag.py:3823} INFO - Setting next_dagrun for example_branch_datetime_operator_3 to 2025-11-01 00:00:00+00:00, run_after=2025-11-02 00:00:00+00:00
[2025-11-02T18:40:28.029+0000] {processor.py:183} INFO - Processing /home/airflow/.local/lib/python3.8/site-packages/airflow/example_dags/example_branch_datetime_operator.py took 0.395 seconds
[2025-11-02T18:40:58.484+0000] {processor.py:161} INFO - Started process (PID=1829) to work on /home/airflow/.local/lib/python3.8/site-packages/airflow/example_dags/example_branch_datetime_operator.py
[2025-11-02T18:40:58.487+0000] {processor.py:830} INFO - Processing file /home/airflow/.local/lib/python3.8/site-packages/airflow/example_dags/example_branch_datetime_operator.py for tasks to queue
[2025-11-02T18:40:58.499+0000] {logging_mixin.py:188} INFO - [2025-11-02T18:40:58.498+0000] {dagbag.py:538} INFO - Filling up the DagBag from /home/airflow/.local/lib/python3.8/site-packages/airflow/example_dags/example_branch_datetime_operator.py
[2025-11-02T18:40:58.534+0000] {processor.py:840} INFO - DAG(s) 'example_branch_datetime_operator_3', 'example_branch_datetime_operator_2', 'example_branch_datetime_operator' retrieved from /home/airflow/.local/lib/python3.8/site-packages/airflow/example_dags/example_branch_datetime_operator.py
[2025-11-02T18:40:58.633+0000] {logging_mixin.py:188} INFO - [2025-11-02T18:40:58.632+0000] {dag.py:3036} INFO - Sync 3 DAGs
[2025-11-02T18:40:58.748+0000] {logging_mixin.py:188} INFO - [2025-11-02T18:40:58.747+0000] {dag.py:3823} INFO - Setting next_dagrun for example_branch_datetime_operator to 2025-11-01 00:00:00+00:00, run_after=2025-11-02 00:00:00+00:00
[2025-11-02T18:40:58.768+0000] {logging_mixin.py:188} INFO - [2025-11-02T18:40:58.768+0000] {dag.py:3823} INFO - Setting next_dagrun for example_branch_datetime_operator_2 to 2025-11-01 00:00:00+00:00, run_after=2025-11-02 00:00:00+00:00
[2025-11-02T18:40:58.782+0000] {logging_mixin.py:188} INFO - [2025-11-02T18:40:58.781+0000] {dag.py:3823} INFO - Setting next_dagrun for example_branch_datetime_operator_3 to 2025-11-01 00:00:00+00:00, run_after=2025-11-02 00:00:00+00:00
[2025-11-02T18:40:58.848+0000] {processor.py:183} INFO - Processing /home/airflow/.local/lib/python3.8/site-packages/airflow/example_dags/example_branch_datetime_operator.py took 0.384 seconds
[2025-11-02T18:41:29.066+0000] {processor.py:161} INFO - Started process (PID=1884) to work on /home/airflow/.local/lib/python3.8/site-packages/airflow/example_dags/example_branch_datetime_operator.py
[2025-11-02T18:41:29.071+0000] {processor.py:830} INFO - Processing file /home/airflow/.local/lib/python3.8/site-packages/airflow/example_dags/example_branch_datetime_operator.py for tasks to queue
[2025-11-02T18:41:29.078+0000] {logging_mixin.py:188} INFO - [2025-11-02T18:41:29.077+0000] {dagbag.py:538} INFO - Filling up the DagBag from /home/airflow/.local/lib/python3.8/site-packages/airflow/example_dags/example_branch_datetime_operator.py
[2025-11-02T18:41:29.116+0000] {processor.py:840} INFO - DAG(s) 'example_branch_datetime_operator', 'example_branch_datetime_operator_3', 'example_branch_datetime_operator_2' retrieved from /home/airflow/.local/lib/python3.8/site-packages/airflow/example_dags/example_branch_datetime_operator.py
[2025-11-02T18:41:29.221+0000] {logging_mixin.py:188} INFO - [2025-11-02T18:41:29.221+0000] {dag.py:3036} INFO - Sync 3 DAGs
[2025-11-02T18:41:29.310+0000] {logging_mixin.py:188} INFO - [2025-11-02T18:41:29.309+0000] {dag.py:3823} INFO - Setting next_dagrun for example_branch_datetime_operator to 2025-11-01 00:00:00+00:00, run_after=2025-11-02 00:00:00+00:00
[2025-11-02T18:41:29.323+0000] {logging_mixin.py:188} INFO - [2025-11-02T18:41:29.323+0000] {dag.py:3823} INFO - Setting next_dagrun for example_branch_datetime_operator_2 to 2025-11-01 00:00:00+00:00, run_after=2025-11-02 00:00:00+00:00
[2025-11-02T18:41:29.330+0000] {logging_mixin.py:188} INFO - [2025-11-02T18:41:29.330+0000] {dag.py:3823} INFO - Setting next_dagrun for example_branch_datetime_operator_3 to 2025-11-01 00:00:00+00:00, run_after=2025-11-02 00:00:00+00:00
[2025-11-02T18:41:29.381+0000] {processor.py:183} INFO - Processing /home/airflow/.local/lib/python3.8/site-packages/airflow/example_dags/example_branch_datetime_operator.py took 0.324 seconds
[2025-11-02T18:42:03.437+0000] {processor.py:161} INFO - Started process (PID=1940) to work on /home/airflow/.local/lib/python3.8/site-packages/airflow/example_dags/example_branch_datetime_operator.py
[2025-11-02T18:42:03.440+0000] {processor.py:830} INFO - Processing file /home/airflow/.local/lib/python3.8/site-packages/airflow/example_dags/example_branch_datetime_operator.py for tasks to queue
[2025-11-02T18:42:03.447+0000] {logging_mixin.py:188} INFO - [2025-11-02T18:42:03.446+0000] {dagbag.py:538} INFO - Filling up the DagBag from /home/airflow/.local/lib/python3.8/site-packages/airflow/example_dags/example_branch_datetime_operator.py
[2025-11-02T18:42:03.494+0000] {processor.py:840} INFO - DAG(s) 'example_branch_datetime_operator_3', 'example_branch_datetime_operator_2', 'example_branch_datetime_operator' retrieved from /home/airflow/.local/lib/python3.8/site-packages/airflow/example_dags/example_branch_datetime_operator.py
[2025-11-02T18:42:03.598+0000] {logging_mixin.py:188} INFO - [2025-11-02T18:42:03.597+0000] {dag.py:3036} INFO - Sync 3 DAGs
[2025-11-02T18:42:03.777+0000] {logging_mixin.py:188} INFO - [2025-11-02T18:42:03.776+0000] {dag.py:3823} INFO - Setting next_dagrun for example_branch_datetime_operator to 2025-11-01 00:00:00+00:00, run_after=2025-11-02 00:00:00+00:00
[2025-11-02T18:42:03.840+0000] {logging_mixin.py:188} INFO - [2025-11-02T18:42:03.840+0000] {dag.py:3823} INFO - Setting next_dagrun for example_branch_datetime_operator_2 to 2025-11-01 00:00:00+00:00, run_after=2025-11-02 00:00:00+00:00
[2025-11-02T18:42:03.873+0000] {logging_mixin.py:188} INFO - [2025-11-02T18:42:03.872+0000] {dag.py:3823} INFO - Setting next_dagrun for example_branch_datetime_operator_3 to 2025-11-01 00:00:00+00:00, run_after=2025-11-02 00:00:00+00:00
[2025-11-02T18:42:04.019+0000] {processor.py:183} INFO - Processing /home/airflow/.local/lib/python3.8/site-packages/airflow/example_dags/example_branch_datetime_operator.py took 0.596 seconds
[2025-11-02T18:42:34.312+0000] {processor.py:161} INFO - Started process (PID=1995) to work on /home/airflow/.local/lib/python3.8/site-packages/airflow/example_dags/example_branch_datetime_operator.py
[2025-11-02T18:42:34.316+0000] {processor.py:830} INFO - Processing file /home/airflow/.local/lib/python3.8/site-packages/airflow/example_dags/example_branch_datetime_operator.py for tasks to queue
[2025-11-02T18:42:34.327+0000] {logging_mixin.py:188} INFO - [2025-11-02T18:42:34.326+0000] {dagbag.py:538} INFO - Filling up the DagBag from /home/airflow/.local/lib/python3.8/site-packages/airflow/example_dags/example_branch_datetime_operator.py
[2025-11-02T18:42:34.387+0000] {processor.py:840} INFO - DAG(s) 'example_branch_datetime_operator', 'example_branch_datetime_operator_2', 'example_branch_datetime_operator_3' retrieved from /home/airflow/.local/lib/python3.8/site-packages/airflow/example_dags/example_branch_datetime_operator.py
[2025-11-02T18:42:34.465+0000] {logging_mixin.py:188} INFO - [2025-11-02T18:42:34.464+0000] {dag.py:3036} INFO - Sync 3 DAGs
[2025-11-02T18:42:34.521+0000] {logging_mixin.py:188} INFO - [2025-11-02T18:42:34.520+0000] {dag.py:3823} INFO - Setting next_dagrun for example_branch_datetime_operator to 2025-11-01 00:00:00+00:00, run_after=2025-11-02 00:00:00+00:00
[2025-11-02T18:42:34.533+0000] {logging_mixin.py:188} INFO - [2025-11-02T18:42:34.532+0000] {dag.py:3823} INFO - Setting next_dagrun for example_branch_datetime_operator_2 to 2025-11-01 00:00:00+00:00, run_after=2025-11-02 00:00:00+00:00
[2025-11-02T18:42:34.542+0000] {logging_mixin.py:188} INFO - [2025-11-02T18:42:34.541+0000] {dag.py:3823} INFO - Setting next_dagrun for example_branch_datetime_operator_3 to 2025-11-01 00:00:00+00:00, run_after=2025-11-02 00:00:00+00:00
[2025-11-02T18:42:34.588+0000] {processor.py:183} INFO - Processing /home/airflow/.local/lib/python3.8/site-packages/airflow/example_dags/example_branch_datetime_operator.py took 0.288 seconds
[2025-11-02T18:43:06.255+0000] {processor.py:161} INFO - Started process (PID=2050) to work on /home/airflow/.local/lib/python3.8/site-packages/airflow/example_dags/example_branch_datetime_operator.py
[2025-11-02T18:43:06.260+0000] {processor.py:830} INFO - Processing file /home/airflow/.local/lib/python3.8/site-packages/airflow/example_dags/example_branch_datetime_operator.py for tasks to queue
[2025-11-02T18:43:06.265+0000] {logging_mixin.py:188} INFO - [2025-11-02T18:43:06.264+0000] {dagbag.py:538} INFO - Filling up the DagBag from /home/airflow/.local/lib/python3.8/site-packages/airflow/example_dags/example_branch_datetime_operator.py
[2025-11-02T18:43:06.304+0000] {processor.py:840} INFO - DAG(s) 'example_branch_datetime_operator_3', 'example_branch_datetime_operator_2', 'example_branch_datetime_operator' retrieved from /home/airflow/.local/lib/python3.8/site-packages/airflow/example_dags/example_branch_datetime_operator.py
[2025-11-02T18:43:06.405+0000] {logging_mixin.py:188} INFO - [2025-11-02T18:43:06.404+0000] {dag.py:3036} INFO - Sync 3 DAGs
[2025-11-02T18:43:06.557+0000] {logging_mixin.py:188} INFO - [2025-11-02T18:43:06.556+0000] {dag.py:3823} INFO - Setting next_dagrun for example_branch_datetime_operator to 2025-11-01 00:00:00+00:00, run_after=2025-11-02 00:00:00+00:00
[2025-11-02T18:43:06.606+0000] {logging_mixin.py:188} INFO - [2025-11-02T18:43:06.605+0000] {dag.py:3823} INFO - Setting next_dagrun for example_branch_datetime_operator_2 to 2025-11-01 00:00:00+00:00, run_after=2025-11-02 00:00:00+00:00
[2025-11-02T18:43:06.633+0000] {logging_mixin.py:188} INFO - [2025-11-02T18:43:06.632+0000] {dag.py:3823} INFO - Setting next_dagrun for example_branch_datetime_operator_3 to 2025-11-01 00:00:00+00:00, run_after=2025-11-02 00:00:00+00:00
[2025-11-02T18:43:06.760+0000] {processor.py:183} INFO - Processing /home/airflow/.local/lib/python3.8/site-packages/airflow/example_dags/example_branch_datetime_operator.py took 0.520 seconds
[2025-11-02T18:43:37.952+0000] {processor.py:161} INFO - Started process (PID=2105) to work on /home/airflow/.local/lib/python3.8/site-packages/airflow/example_dags/example_branch_datetime_operator.py
[2025-11-02T18:43:37.961+0000] {processor.py:830} INFO - Processing file /home/airflow/.local/lib/python3.8/site-packages/airflow/example_dags/example_branch_datetime_operator.py for tasks to queue
[2025-11-02T18:43:37.978+0000] {logging_mixin.py:188} INFO - [2025-11-02T18:43:37.974+0000] {dagbag.py:538} INFO - Filling up the DagBag from /home/airflow/.local/lib/python3.8/site-packages/airflow/example_dags/example_branch_datetime_operator.py
[2025-11-02T18:43:38.072+0000] {processor.py:840} INFO - DAG(s) 'example_branch_datetime_operator', 'example_branch_datetime_operator_2', 'example_branch_datetime_operator_3' retrieved from /home/airflow/.local/lib/python3.8/site-packages/airflow/example_dags/example_branch_datetime_operator.py
[2025-11-02T18:43:38.380+0000] {logging_mixin.py:188} INFO - [2025-11-02T18:43:38.380+0000] {dag.py:3036} INFO - Sync 3 DAGs
[2025-11-02T18:43:38.573+0000] {logging_mixin.py:188} INFO - [2025-11-02T18:43:38.573+0000] {dag.py:3823} INFO - Setting next_dagrun for example_branch_datetime_operator to 2025-11-01 00:00:00+00:00, run_after=2025-11-02 00:00:00+00:00
[2025-11-02T18:43:38.594+0000] {logging_mixin.py:188} INFO - [2025-11-02T18:43:38.594+0000] {dag.py:3823} INFO - Setting next_dagrun for example_branch_datetime_operator_2 to 2025-11-01 00:00:00+00:00, run_after=2025-11-02 00:00:00+00:00
[2025-11-02T18:43:38.614+0000] {logging_mixin.py:188} INFO - [2025-11-02T18:43:38.614+0000] {dag.py:3823} INFO - Setting next_dagrun for example_branch_datetime_operator_3 to 2025-11-01 00:00:00+00:00, run_after=2025-11-02 00:00:00+00:00
[2025-11-02T18:43:38.757+0000] {processor.py:183} INFO - Processing /home/airflow/.local/lib/python3.8/site-packages/airflow/example_dags/example_branch_datetime_operator.py took 0.887 seconds
[2025-11-02T18:44:09.085+0000] {processor.py:161} INFO - Started process (PID=2160) to work on /home/airflow/.local/lib/python3.8/site-packages/airflow/example_dags/example_branch_datetime_operator.py
[2025-11-02T18:44:09.089+0000] {processor.py:830} INFO - Processing file /home/airflow/.local/lib/python3.8/site-packages/airflow/example_dags/example_branch_datetime_operator.py for tasks to queue
[2025-11-02T18:44:09.100+0000] {logging_mixin.py:188} INFO - [2025-11-02T18:44:09.099+0000] {dagbag.py:538} INFO - Filling up the DagBag from /home/airflow/.local/lib/python3.8/site-packages/airflow/example_dags/example_branch_datetime_operator.py
[2025-11-02T18:44:09.184+0000] {processor.py:840} INFO - DAG(s) 'example_branch_datetime_operator', 'example_branch_datetime_operator_2', 'example_branch_datetime_operator_3' retrieved from /home/airflow/.local/lib/python3.8/site-packages/airflow/example_dags/example_branch_datetime_operator.py
[2025-11-02T18:44:09.287+0000] {logging_mixin.py:188} INFO - [2025-11-02T18:44:09.287+0000] {dag.py:3036} INFO - Sync 3 DAGs
[2025-11-02T18:44:09.396+0000] {logging_mixin.py:188} INFO - [2025-11-02T18:44:09.395+0000] {dag.py:3823} INFO - Setting next_dagrun for example_branch_datetime_operator to 2025-11-01 00:00:00+00:00, run_after=2025-11-02 00:00:00+00:00
[2025-11-02T18:44:09.418+0000] {logging_mixin.py:188} INFO - [2025-11-02T18:44:09.418+0000] {dag.py:3823} INFO - Setting next_dagrun for example_branch_datetime_operator_2 to 2025-11-01 00:00:00+00:00, run_after=2025-11-02 00:00:00+00:00
[2025-11-02T18:44:09.432+0000] {logging_mixin.py:188} INFO - [2025-11-02T18:44:09.429+0000] {dag.py:3823} INFO - Setting next_dagrun for example_branch_datetime_operator_3 to 2025-11-01 00:00:00+00:00, run_after=2025-11-02 00:00:00+00:00
[2025-11-02T18:44:09.494+0000] {processor.py:183} INFO - Processing /home/airflow/.local/lib/python3.8/site-packages/airflow/example_dags/example_branch_datetime_operator.py took 0.422 seconds
[2025-11-02T18:44:42.073+0000] {processor.py:161} INFO - Started process (PID=2214) to work on /home/airflow/.local/lib/python3.8/site-packages/airflow/example_dags/example_branch_datetime_operator.py
[2025-11-02T18:44:42.096+0000] {processor.py:830} INFO - Processing file /home/airflow/.local/lib/python3.8/site-packages/airflow/example_dags/example_branch_datetime_operator.py for tasks to queue
[2025-11-02T18:44:42.127+0000] {logging_mixin.py:188} INFO - [2025-11-02T18:44:42.125+0000] {dagbag.py:538} INFO - Filling up the DagBag from /home/airflow/.local/lib/python3.8/site-packages/airflow/example_dags/example_branch_datetime_operator.py
[2025-11-02T18:44:42.256+0000] {processor.py:840} INFO - DAG(s) 'example_branch_datetime_operator_3', 'example_branch_datetime_operator', 'example_branch_datetime_operator_2' retrieved from /home/airflow/.local/lib/python3.8/site-packages/airflow/example_dags/example_branch_datetime_operator.py
[2025-11-02T18:44:42.490+0000] {logging_mixin.py:188} INFO - [2025-11-02T18:44:42.489+0000] {dag.py:3036} INFO - Sync 3 DAGs
[2025-11-02T18:44:42.762+0000] {logging_mixin.py:188} INFO - [2025-11-02T18:44:42.761+0000] {dag.py:3823} INFO - Setting next_dagrun for example_branch_datetime_operator to 2025-11-01 00:00:00+00:00, run_after=2025-11-02 00:00:00+00:00
[2025-11-02T18:44:42.811+0000] {logging_mixin.py:188} INFO - [2025-11-02T18:44:42.811+0000] {dag.py:3823} INFO - Setting next_dagrun for example_branch_datetime_operator_2 to 2025-11-01 00:00:00+00:00, run_after=2025-11-02 00:00:00+00:00
[2025-11-02T18:44:42.846+0000] {logging_mixin.py:188} INFO - [2025-11-02T18:44:42.844+0000] {dag.py:3823} INFO - Setting next_dagrun for example_branch_datetime_operator_3 to 2025-11-01 00:00:00+00:00, run_after=2025-11-02 00:00:00+00:00
[2025-11-02T18:44:43.007+0000] {processor.py:183} INFO - Processing /home/airflow/.local/lib/python3.8/site-packages/airflow/example_dags/example_branch_datetime_operator.py took 1.032 seconds
[2025-11-02T18:45:13.239+0000] {processor.py:161} INFO - Started process (PID=2268) to work on /home/airflow/.local/lib/python3.8/site-packages/airflow/example_dags/example_branch_datetime_operator.py
[2025-11-02T18:45:13.243+0000] {processor.py:830} INFO - Processing file /home/airflow/.local/lib/python3.8/site-packages/airflow/example_dags/example_branch_datetime_operator.py for tasks to queue
[2025-11-02T18:45:13.248+0000] {logging_mixin.py:188} INFO - [2025-11-02T18:45:13.247+0000] {dagbag.py:538} INFO - Filling up the DagBag from /home/airflow/.local/lib/python3.8/site-packages/airflow/example_dags/example_branch_datetime_operator.py
[2025-11-02T18:45:13.282+0000] {processor.py:840} INFO - DAG(s) 'example_branch_datetime_operator', 'example_branch_datetime_operator_2', 'example_branch_datetime_operator_3' retrieved from /home/airflow/.local/lib/python3.8/site-packages/airflow/example_dags/example_branch_datetime_operator.py
[2025-11-02T18:45:13.356+0000] {logging_mixin.py:188} INFO - [2025-11-02T18:45:13.356+0000] {dag.py:3036} INFO - Sync 3 DAGs
[2025-11-02T18:45:13.410+0000] {logging_mixin.py:188} INFO - [2025-11-02T18:45:13.410+0000] {dag.py:3823} INFO - Setting next_dagrun for example_branch_datetime_operator to 2025-11-01 00:00:00+00:00, run_after=2025-11-02 00:00:00+00:00
[2025-11-02T18:45:13.420+0000] {logging_mixin.py:188} INFO - [2025-11-02T18:45:13.420+0000] {dag.py:3823} INFO - Setting next_dagrun for example_branch_datetime_operator_2 to 2025-11-01 00:00:00+00:00, run_after=2025-11-02 00:00:00+00:00
[2025-11-02T18:45:13.426+0000] {logging_mixin.py:188} INFO - [2025-11-02T18:45:13.425+0000] {dag.py:3823} INFO - Setting next_dagrun for example_branch_datetime_operator_3 to 2025-11-01 00:00:00+00:00, run_after=2025-11-02 00:00:00+00:00
[2025-11-02T18:45:13.479+0000] {processor.py:183} INFO - Processing /home/airflow/.local/lib/python3.8/site-packages/airflow/example_dags/example_branch_datetime_operator.py took 0.252 seconds
[2025-11-02T18:45:43.711+0000] {processor.py:161} INFO - Started process (PID=2323) to work on /home/airflow/.local/lib/python3.8/site-packages/airflow/example_dags/example_branch_datetime_operator.py
[2025-11-02T18:45:43.713+0000] {processor.py:830} INFO - Processing file /home/airflow/.local/lib/python3.8/site-packages/airflow/example_dags/example_branch_datetime_operator.py for tasks to queue
[2025-11-02T18:45:43.718+0000] {logging_mixin.py:188} INFO - [2025-11-02T18:45:43.717+0000] {dagbag.py:538} INFO - Filling up the DagBag from /home/airflow/.local/lib/python3.8/site-packages/airflow/example_dags/example_branch_datetime_operator.py
[2025-11-02T18:45:43.744+0000] {processor.py:840} INFO - DAG(s) 'example_branch_datetime_operator_2', 'example_branch_datetime_operator_3', 'example_branch_datetime_operator' retrieved from /home/airflow/.local/lib/python3.8/site-packages/airflow/example_dags/example_branch_datetime_operator.py
[2025-11-02T18:45:43.808+0000] {logging_mixin.py:188} INFO - [2025-11-02T18:45:43.807+0000] {dag.py:3036} INFO - Sync 3 DAGs
[2025-11-02T18:45:43.854+0000] {logging_mixin.py:188} INFO - [2025-11-02T18:45:43.854+0000] {dag.py:3823} INFO - Setting next_dagrun for example_branch_datetime_operator to 2025-11-01 00:00:00+00:00, run_after=2025-11-02 00:00:00+00:00
[2025-11-02T18:45:43.865+0000] {logging_mixin.py:188} INFO - [2025-11-02T18:45:43.864+0000] {dag.py:3823} INFO - Setting next_dagrun for example_branch_datetime_operator_2 to 2025-11-01 00:00:00+00:00, run_after=2025-11-02 00:00:00+00:00
[2025-11-02T18:45:43.871+0000] {logging_mixin.py:188} INFO - [2025-11-02T18:45:43.870+0000] {dag.py:3823} INFO - Setting next_dagrun for example_branch_datetime_operator_3 to 2025-11-01 00:00:00+00:00, run_after=2025-11-02 00:00:00+00:00
[2025-11-02T18:45:43.915+0000] {processor.py:183} INFO - Processing /home/airflow/.local/lib/python3.8/site-packages/airflow/example_dags/example_branch_datetime_operator.py took 0.213 seconds
[2025-11-02T18:46:14.262+0000] {processor.py:161} INFO - Started process (PID=2378) to work on /home/airflow/.local/lib/python3.8/site-packages/airflow/example_dags/example_branch_datetime_operator.py
[2025-11-02T18:46:14.265+0000] {processor.py:830} INFO - Processing file /home/airflow/.local/lib/python3.8/site-packages/airflow/example_dags/example_branch_datetime_operator.py for tasks to queue
[2025-11-02T18:46:14.270+0000] {logging_mixin.py:188} INFO - [2025-11-02T18:46:14.269+0000] {dagbag.py:538} INFO - Filling up the DagBag from /home/airflow/.local/lib/python3.8/site-packages/airflow/example_dags/example_branch_datetime_operator.py
[2025-11-02T18:46:14.293+0000] {processor.py:840} INFO - DAG(s) 'example_branch_datetime_operator_3', 'example_branch_datetime_operator', 'example_branch_datetime_operator_2' retrieved from /home/airflow/.local/lib/python3.8/site-packages/airflow/example_dags/example_branch_datetime_operator.py
[2025-11-02T18:46:14.358+0000] {logging_mixin.py:188} INFO - [2025-11-02T18:46:14.358+0000] {dag.py:3036} INFO - Sync 3 DAGs
[2025-11-02T18:46:14.407+0000] {logging_mixin.py:188} INFO - [2025-11-02T18:46:14.406+0000] {dag.py:3823} INFO - Setting next_dagrun for example_branch_datetime_operator to 2025-11-01 00:00:00+00:00, run_after=2025-11-02 00:00:00+00:00
[2025-11-02T18:46:14.418+0000] {logging_mixin.py:188} INFO - [2025-11-02T18:46:14.417+0000] {dag.py:3823} INFO - Setting next_dagrun for example_branch_datetime_operator_2 to 2025-11-01 00:00:00+00:00, run_after=2025-11-02 00:00:00+00:00
[2025-11-02T18:46:14.424+0000] {logging_mixin.py:188} INFO - [2025-11-02T18:46:14.423+0000] {dag.py:3823} INFO - Setting next_dagrun for example_branch_datetime_operator_3 to 2025-11-01 00:00:00+00:00, run_after=2025-11-02 00:00:00+00:00
[2025-11-02T18:46:14.463+0000] {processor.py:183} INFO - Processing /home/airflow/.local/lib/python3.8/site-packages/airflow/example_dags/example_branch_datetime_operator.py took 0.210 seconds
[2025-11-02T18:46:44.623+0000] {processor.py:161} INFO - Started process (PID=2433) to work on /home/airflow/.local/lib/python3.8/site-packages/airflow/example_dags/example_branch_datetime_operator.py
[2025-11-02T18:46:44.626+0000] {processor.py:830} INFO - Processing file /home/airflow/.local/lib/python3.8/site-packages/airflow/example_dags/example_branch_datetime_operator.py for tasks to queue
[2025-11-02T18:46:44.631+0000] {logging_mixin.py:188} INFO - [2025-11-02T18:46:44.631+0000] {dagbag.py:538} INFO - Filling up the DagBag from /home/airflow/.local/lib/python3.8/site-packages/airflow/example_dags/example_branch_datetime_operator.py
[2025-11-02T18:46:44.656+0000] {processor.py:840} INFO - DAG(s) 'example_branch_datetime_operator', 'example_branch_datetime_operator_2', 'example_branch_datetime_operator_3' retrieved from /home/airflow/.local/lib/python3.8/site-packages/airflow/example_dags/example_branch_datetime_operator.py
[2025-11-02T18:46:44.723+0000] {logging_mixin.py:188} INFO - [2025-11-02T18:46:44.723+0000] {dag.py:3036} INFO - Sync 3 DAGs
[2025-11-02T18:46:44.781+0000] {logging_mixin.py:188} INFO - [2025-11-02T18:46:44.781+0000] {dag.py:3823} INFO - Setting next_dagrun for example_branch_datetime_operator to 2025-11-01 00:00:00+00:00, run_after=2025-11-02 00:00:00+00:00
[2025-11-02T18:46:44.793+0000] {logging_mixin.py:188} INFO - [2025-11-02T18:46:44.792+0000] {dag.py:3823} INFO - Setting next_dagrun for example_branch_datetime_operator_2 to 2025-11-01 00:00:00+00:00, run_after=2025-11-02 00:00:00+00:00
[2025-11-02T18:46:44.800+0000] {logging_mixin.py:188} INFO - [2025-11-02T18:46:44.800+0000] {dag.py:3823} INFO - Setting next_dagrun for example_branch_datetime_operator_3 to 2025-11-01 00:00:00+00:00, run_after=2025-11-02 00:00:00+00:00
[2025-11-02T18:46:44.841+0000] {processor.py:183} INFO - Processing /home/airflow/.local/lib/python3.8/site-packages/airflow/example_dags/example_branch_datetime_operator.py took 0.228 seconds
[2025-11-02T18:47:15.255+0000] {processor.py:161} INFO - Started process (PID=2489) to work on /home/airflow/.local/lib/python3.8/site-packages/airflow/example_dags/example_branch_datetime_operator.py
[2025-11-02T18:47:15.258+0000] {processor.py:830} INFO - Processing file /home/airflow/.local/lib/python3.8/site-packages/airflow/example_dags/example_branch_datetime_operator.py for tasks to queue
[2025-11-02T18:47:15.262+0000] {logging_mixin.py:188} INFO - [2025-11-02T18:47:15.262+0000] {dagbag.py:538} INFO - Filling up the DagBag from /home/airflow/.local/lib/python3.8/site-packages/airflow/example_dags/example_branch_datetime_operator.py
[2025-11-02T18:47:15.287+0000] {processor.py:840} INFO - DAG(s) 'example_branch_datetime_operator_2', 'example_branch_datetime_operator_3', 'example_branch_datetime_operator' retrieved from /home/airflow/.local/lib/python3.8/site-packages/airflow/example_dags/example_branch_datetime_operator.py
[2025-11-02T18:47:15.357+0000] {logging_mixin.py:188} INFO - [2025-11-02T18:47:15.356+0000] {dag.py:3036} INFO - Sync 3 DAGs
[2025-11-02T18:47:15.410+0000] {logging_mixin.py:188} INFO - [2025-11-02T18:47:15.409+0000] {dag.py:3823} INFO - Setting next_dagrun for example_branch_datetime_operator to 2025-11-01 00:00:00+00:00, run_after=2025-11-02 00:00:00+00:00
[2025-11-02T18:47:15.420+0000] {logging_mixin.py:188} INFO - [2025-11-02T18:47:15.419+0000] {dag.py:3823} INFO - Setting next_dagrun for example_branch_datetime_operator_2 to 2025-11-01 00:00:00+00:00, run_after=2025-11-02 00:00:00+00:00
[2025-11-02T18:47:15.425+0000] {logging_mixin.py:188} INFO - [2025-11-02T18:47:15.425+0000] {dag.py:3823} INFO - Setting next_dagrun for example_branch_datetime_operator_3 to 2025-11-01 00:00:00+00:00, run_after=2025-11-02 00:00:00+00:00
[2025-11-02T18:47:15.468+0000] {processor.py:183} INFO - Processing /home/airflow/.local/lib/python3.8/site-packages/airflow/example_dags/example_branch_datetime_operator.py took 0.220 seconds
[2025-11-02T18:47:46.156+0000] {processor.py:161} INFO - Started process (PID=2544) to work on /home/airflow/.local/lib/python3.8/site-packages/airflow/example_dags/example_branch_datetime_operator.py
[2025-11-02T18:47:46.159+0000] {processor.py:830} INFO - Processing file /home/airflow/.local/lib/python3.8/site-packages/airflow/example_dags/example_branch_datetime_operator.py for tasks to queue
[2025-11-02T18:47:46.164+0000] {logging_mixin.py:188} INFO - [2025-11-02T18:47:46.164+0000] {dagbag.py:538} INFO - Filling up the DagBag from /home/airflow/.local/lib/python3.8/site-packages/airflow/example_dags/example_branch_datetime_operator.py
[2025-11-02T18:47:46.195+0000] {processor.py:840} INFO - DAG(s) 'example_branch_datetime_operator_2', 'example_branch_datetime_operator_3', 'example_branch_datetime_operator' retrieved from /home/airflow/.local/lib/python3.8/site-packages/airflow/example_dags/example_branch_datetime_operator.py
[2025-11-02T18:47:46.264+0000] {logging_mixin.py:188} INFO - [2025-11-02T18:47:46.263+0000] {dag.py:3036} INFO - Sync 3 DAGs
[2025-11-02T18:47:46.326+0000] {logging_mixin.py:188} INFO - [2025-11-02T18:47:46.325+0000] {dag.py:3823} INFO - Setting next_dagrun for example_branch_datetime_operator to 2025-11-01 00:00:00+00:00, run_after=2025-11-02 00:00:00+00:00
[2025-11-02T18:47:46.338+0000] {logging_mixin.py:188} INFO - [2025-11-02T18:47:46.338+0000] {dag.py:3823} INFO - Setting next_dagrun for example_branch_datetime_operator_2 to 2025-11-01 00:00:00+00:00, run_after=2025-11-02 00:00:00+00:00
[2025-11-02T18:47:46.358+0000] {logging_mixin.py:188} INFO - [2025-11-02T18:47:46.357+0000] {dag.py:3823} INFO - Setting next_dagrun for example_branch_datetime_operator_3 to 2025-11-01 00:00:00+00:00, run_after=2025-11-02 00:00:00+00:00
[2025-11-02T18:47:46.410+0000] {processor.py:183} INFO - Processing /home/airflow/.local/lib/python3.8/site-packages/airflow/example_dags/example_branch_datetime_operator.py took 0.265 seconds
[2025-11-02T18:48:16.586+0000] {processor.py:161} INFO - Started process (PID=2598) to work on /home/airflow/.local/lib/python3.8/site-packages/airflow/example_dags/example_branch_datetime_operator.py
[2025-11-02T18:48:16.589+0000] {processor.py:830} INFO - Processing file /home/airflow/.local/lib/python3.8/site-packages/airflow/example_dags/example_branch_datetime_operator.py for tasks to queue
[2025-11-02T18:48:16.594+0000] {logging_mixin.py:188} INFO - [2025-11-02T18:48:16.593+0000] {dagbag.py:538} INFO - Filling up the DagBag from /home/airflow/.local/lib/python3.8/site-packages/airflow/example_dags/example_branch_datetime_operator.py
[2025-11-02T18:48:16.617+0000] {processor.py:840} INFO - DAG(s) 'example_branch_datetime_operator_2', 'example_branch_datetime_operator', 'example_branch_datetime_operator_3' retrieved from /home/airflow/.local/lib/python3.8/site-packages/airflow/example_dags/example_branch_datetime_operator.py
[2025-11-02T18:48:16.676+0000] {logging_mixin.py:188} INFO - [2025-11-02T18:48:16.675+0000] {dag.py:3036} INFO - Sync 3 DAGs
[2025-11-02T18:48:16.723+0000] {logging_mixin.py:188} INFO - [2025-11-02T18:48:16.722+0000] {dag.py:3823} INFO - Setting next_dagrun for example_branch_datetime_operator to 2025-11-01 00:00:00+00:00, run_after=2025-11-02 00:00:00+00:00
[2025-11-02T18:48:16.735+0000] {logging_mixin.py:188} INFO - [2025-11-02T18:48:16.734+0000] {dag.py:3823} INFO - Setting next_dagrun for example_branch_datetime_operator_2 to 2025-11-01 00:00:00+00:00, run_after=2025-11-02 00:00:00+00:00
[2025-11-02T18:48:16.741+0000] {logging_mixin.py:188} INFO - [2025-11-02T18:48:16.741+0000] {dag.py:3823} INFO - Setting next_dagrun for example_branch_datetime_operator_3 to 2025-11-01 00:00:00+00:00, run_after=2025-11-02 00:00:00+00:00
[2025-11-02T18:48:16.778+0000] {processor.py:183} INFO - Processing /home/airflow/.local/lib/python3.8/site-packages/airflow/example_dags/example_branch_datetime_operator.py took 0.199 seconds
[2025-11-02T18:48:47.551+0000] {processor.py:161} INFO - Started process (PID=2653) to work on /home/airflow/.local/lib/python3.8/site-packages/airflow/example_dags/example_branch_datetime_operator.py
[2025-11-02T18:48:47.553+0000] {processor.py:830} INFO - Processing file /home/airflow/.local/lib/python3.8/site-packages/airflow/example_dags/example_branch_datetime_operator.py for tasks to queue
[2025-11-02T18:48:47.558+0000] {logging_mixin.py:188} INFO - [2025-11-02T18:48:47.557+0000] {dagbag.py:538} INFO - Filling up the DagBag from /home/airflow/.local/lib/python3.8/site-packages/airflow/example_dags/example_branch_datetime_operator.py
[2025-11-02T18:48:47.580+0000] {processor.py:840} INFO - DAG(s) 'example_branch_datetime_operator_2', 'example_branch_datetime_operator', 'example_branch_datetime_operator_3' retrieved from /home/airflow/.local/lib/python3.8/site-packages/airflow/example_dags/example_branch_datetime_operator.py
[2025-11-02T18:48:47.657+0000] {logging_mixin.py:188} INFO - [2025-11-02T18:48:47.656+0000] {dag.py:3036} INFO - Sync 3 DAGs
[2025-11-02T18:48:47.708+0000] {logging_mixin.py:188} INFO - [2025-11-02T18:48:47.707+0000] {dag.py:3823} INFO - Setting next_dagrun for example_branch_datetime_operator to 2025-11-01 00:00:00+00:00, run_after=2025-11-02 00:00:00+00:00
[2025-11-02T18:48:47.722+0000] {logging_mixin.py:188} INFO - [2025-11-02T18:48:47.721+0000] {dag.py:3823} INFO - Setting next_dagrun for example_branch_datetime_operator_2 to 2025-11-01 00:00:00+00:00, run_after=2025-11-02 00:00:00+00:00
[2025-11-02T18:48:47.736+0000] {logging_mixin.py:188} INFO - [2025-11-02T18:48:47.733+0000] {dag.py:3823} INFO - Setting next_dagrun for example_branch_datetime_operator_3 to 2025-11-01 00:00:00+00:00, run_after=2025-11-02 00:00:00+00:00
[2025-11-02T18:48:47.799+0000] {processor.py:183} INFO - Processing /home/airflow/.local/lib/python3.8/site-packages/airflow/example_dags/example_branch_datetime_operator.py took 0.255 seconds
[2025-11-02T18:49:18.312+0000] {processor.py:161} INFO - Started process (PID=2709) to work on /home/airflow/.local/lib/python3.8/site-packages/airflow/example_dags/example_branch_datetime_operator.py
[2025-11-02T18:49:18.315+0000] {processor.py:830} INFO - Processing file /home/airflow/.local/lib/python3.8/site-packages/airflow/example_dags/example_branch_datetime_operator.py for tasks to queue
[2025-11-02T18:49:18.322+0000] {logging_mixin.py:188} INFO - [2025-11-02T18:49:18.321+0000] {dagbag.py:538} INFO - Filling up the DagBag from /home/airflow/.local/lib/python3.8/site-packages/airflow/example_dags/example_branch_datetime_operator.py
[2025-11-02T18:49:18.359+0000] {processor.py:840} INFO - DAG(s) 'example_branch_datetime_operator', 'example_branch_datetime_operator_2', 'example_branch_datetime_operator_3' retrieved from /home/airflow/.local/lib/python3.8/site-packages/airflow/example_dags/example_branch_datetime_operator.py
[2025-11-02T18:49:18.455+0000] {logging_mixin.py:188} INFO - [2025-11-02T18:49:18.454+0000] {dag.py:3036} INFO - Sync 3 DAGs
[2025-11-02T18:49:18.843+0000] {logging_mixin.py:188} INFO - [2025-11-02T18:49:18.843+0000] {dag.py:3823} INFO - Setting next_dagrun for example_branch_datetime_operator to 2025-11-01 00:00:00+00:00, run_after=2025-11-02 00:00:00+00:00
[2025-11-02T18:49:18.855+0000] {logging_mixin.py:188} INFO - [2025-11-02T18:49:18.854+0000] {dag.py:3823} INFO - Setting next_dagrun for example_branch_datetime_operator_2 to 2025-11-01 00:00:00+00:00, run_after=2025-11-02 00:00:00+00:00
[2025-11-02T18:49:18.861+0000] {logging_mixin.py:188} INFO - [2025-11-02T18:49:18.861+0000] {dag.py:3823} INFO - Setting next_dagrun for example_branch_datetime_operator_3 to 2025-11-01 00:00:00+00:00, run_after=2025-11-02 00:00:00+00:00
[2025-11-02T18:49:18.900+0000] {processor.py:183} INFO - Processing /home/airflow/.local/lib/python3.8/site-packages/airflow/example_dags/example_branch_datetime_operator.py took 0.600 seconds
[2025-11-02T18:49:49.132+0000] {processor.py:161} INFO - Started process (PID=2765) to work on /home/airflow/.local/lib/python3.8/site-packages/airflow/example_dags/example_branch_datetime_operator.py
[2025-11-02T18:49:49.135+0000] {processor.py:830} INFO - Processing file /home/airflow/.local/lib/python3.8/site-packages/airflow/example_dags/example_branch_datetime_operator.py for tasks to queue
[2025-11-02T18:49:49.141+0000] {logging_mixin.py:188} INFO - [2025-11-02T18:49:49.140+0000] {dagbag.py:538} INFO - Filling up the DagBag from /home/airflow/.local/lib/python3.8/site-packages/airflow/example_dags/example_branch_datetime_operator.py
[2025-11-02T18:49:49.170+0000] {processor.py:840} INFO - DAG(s) 'example_branch_datetime_operator_2', 'example_branch_datetime_operator', 'example_branch_datetime_operator_3' retrieved from /home/airflow/.local/lib/python3.8/site-packages/airflow/example_dags/example_branch_datetime_operator.py
[2025-11-02T18:49:49.231+0000] {logging_mixin.py:188} INFO - [2025-11-02T18:49:49.230+0000] {dag.py:3036} INFO - Sync 3 DAGs
[2025-11-02T18:49:49.279+0000] {logging_mixin.py:188} INFO - [2025-11-02T18:49:49.278+0000] {dag.py:3823} INFO - Setting next_dagrun for example_branch_datetime_operator to 2025-11-01 00:00:00+00:00, run_after=2025-11-02 00:00:00+00:00
[2025-11-02T18:49:49.547+0000] {logging_mixin.py:188} INFO - [2025-11-02T18:49:49.547+0000] {dag.py:3823} INFO - Setting next_dagrun for example_branch_datetime_operator_2 to 2025-11-01 00:00:00+00:00, run_after=2025-11-02 00:00:00+00:00
[2025-11-02T18:49:49.560+0000] {logging_mixin.py:188} INFO - [2025-11-02T18:49:49.560+0000] {dag.py:3823} INFO - Setting next_dagrun for example_branch_datetime_operator_3 to 2025-11-01 00:00:00+00:00, run_after=2025-11-02 00:00:00+00:00
[2025-11-02T18:49:49.617+0000] {processor.py:183} INFO - Processing /home/airflow/.local/lib/python3.8/site-packages/airflow/example_dags/example_branch_datetime_operator.py took 0.498 seconds
[2025-11-02T18:50:20.174+0000] {processor.py:161} INFO - Started process (PID=2820) to work on /home/airflow/.local/lib/python3.8/site-packages/airflow/example_dags/example_branch_datetime_operator.py
[2025-11-02T18:50:20.177+0000] {processor.py:830} INFO - Processing file /home/airflow/.local/lib/python3.8/site-packages/airflow/example_dags/example_branch_datetime_operator.py for tasks to queue
[2025-11-02T18:50:20.182+0000] {logging_mixin.py:188} INFO - [2025-11-02T18:50:20.181+0000] {dagbag.py:538} INFO - Filling up the DagBag from /home/airflow/.local/lib/python3.8/site-packages/airflow/example_dags/example_branch_datetime_operator.py
[2025-11-02T18:50:20.204+0000] {processor.py:840} INFO - DAG(s) 'example_branch_datetime_operator_3', 'example_branch_datetime_operator_2', 'example_branch_datetime_operator' retrieved from /home/airflow/.local/lib/python3.8/site-packages/airflow/example_dags/example_branch_datetime_operator.py
[2025-11-02T18:50:20.286+0000] {logging_mixin.py:188} INFO - [2025-11-02T18:50:20.285+0000] {dag.py:3036} INFO - Sync 3 DAGs
[2025-11-02T18:50:20.343+0000] {logging_mixin.py:188} INFO - [2025-11-02T18:50:20.343+0000] {dag.py:3823} INFO - Setting next_dagrun for example_branch_datetime_operator to 2025-11-01 00:00:00+00:00, run_after=2025-11-02 00:00:00+00:00
[2025-11-02T18:50:20.354+0000] {logging_mixin.py:188} INFO - [2025-11-02T18:50:20.354+0000] {dag.py:3823} INFO - Setting next_dagrun for example_branch_datetime_operator_2 to 2025-11-01 00:00:00+00:00, run_after=2025-11-02 00:00:00+00:00
[2025-11-02T18:50:20.360+0000] {logging_mixin.py:188} INFO - [2025-11-02T18:50:20.359+0000] {dag.py:3823} INFO - Setting next_dagrun for example_branch_datetime_operator_3 to 2025-11-01 00:00:00+00:00, run_after=2025-11-02 00:00:00+00:00
[2025-11-02T18:50:20.397+0000] {processor.py:183} INFO - Processing /home/airflow/.local/lib/python3.8/site-packages/airflow/example_dags/example_branch_datetime_operator.py took 0.232 seconds
[2025-11-02T18:50:51.299+0000] {processor.py:161} INFO - Started process (PID=2875) to work on /home/airflow/.local/lib/python3.8/site-packages/airflow/example_dags/example_branch_datetime_operator.py
[2025-11-02T18:50:51.302+0000] {processor.py:830} INFO - Processing file /home/airflow/.local/lib/python3.8/site-packages/airflow/example_dags/example_branch_datetime_operator.py for tasks to queue
[2025-11-02T18:50:51.309+0000] {logging_mixin.py:188} INFO - [2025-11-02T18:50:51.308+0000] {dagbag.py:538} INFO - Filling up the DagBag from /home/airflow/.local/lib/python3.8/site-packages/airflow/example_dags/example_branch_datetime_operator.py
[2025-11-02T18:50:51.688+0000] {processor.py:840} INFO - DAG(s) 'example_branch_datetime_operator_3', 'example_branch_datetime_operator', 'example_branch_datetime_operator_2' retrieved from /home/airflow/.local/lib/python3.8/site-packages/airflow/example_dags/example_branch_datetime_operator.py
[2025-11-02T18:50:51.743+0000] {logging_mixin.py:188} INFO - [2025-11-02T18:50:51.742+0000] {dag.py:3036} INFO - Sync 3 DAGs
[2025-11-02T18:50:51.796+0000] {logging_mixin.py:188} INFO - [2025-11-02T18:50:51.795+0000] {dag.py:3823} INFO - Setting next_dagrun for example_branch_datetime_operator to 2025-11-01 00:00:00+00:00, run_after=2025-11-02 00:00:00+00:00
[2025-11-02T18:50:51.809+0000] {logging_mixin.py:188} INFO - [2025-11-02T18:50:51.808+0000] {dag.py:3823} INFO - Setting next_dagrun for example_branch_datetime_operator_2 to 2025-11-01 00:00:00+00:00, run_after=2025-11-02 00:00:00+00:00
[2025-11-02T18:50:51.816+0000] {logging_mixin.py:188} INFO - [2025-11-02T18:50:51.816+0000] {dag.py:3823} INFO - Setting next_dagrun for example_branch_datetime_operator_3 to 2025-11-01 00:00:00+00:00, run_after=2025-11-02 00:00:00+00:00
[2025-11-02T18:50:51.859+0000] {processor.py:183} INFO - Processing /home/airflow/.local/lib/python3.8/site-packages/airflow/example_dags/example_branch_datetime_operator.py took 0.573 seconds
[2025-11-02T18:51:22.076+0000] {processor.py:161} INFO - Started process (PID=2930) to work on /home/airflow/.local/lib/python3.8/site-packages/airflow/example_dags/example_branch_datetime_operator.py
[2025-11-02T18:51:22.080+0000] {processor.py:830} INFO - Processing file /home/airflow/.local/lib/python3.8/site-packages/airflow/example_dags/example_branch_datetime_operator.py for tasks to queue
[2025-11-02T18:51:22.087+0000] {logging_mixin.py:188} INFO - [2025-11-02T18:51:22.085+0000] {dagbag.py:538} INFO - Filling up the DagBag from /home/airflow/.local/lib/python3.8/site-packages/airflow/example_dags/example_branch_datetime_operator.py
[2025-11-02T18:51:22.126+0000] {processor.py:840} INFO - DAG(s) 'example_branch_datetime_operator_3', 'example_branch_datetime_operator', 'example_branch_datetime_operator_2' retrieved from /home/airflow/.local/lib/python3.8/site-packages/airflow/example_dags/example_branch_datetime_operator.py
[2025-11-02T18:51:22.222+0000] {logging_mixin.py:188} INFO - [2025-11-02T18:51:22.222+0000] {dag.py:3036} INFO - Sync 3 DAGs
[2025-11-02T18:51:22.305+0000] {logging_mixin.py:188} INFO - [2025-11-02T18:51:22.304+0000] {dag.py:3823} INFO - Setting next_dagrun for example_branch_datetime_operator to 2025-11-01 00:00:00+00:00, run_after=2025-11-02 00:00:00+00:00
[2025-11-02T18:51:22.321+0000] {logging_mixin.py:188} INFO - [2025-11-02T18:51:22.321+0000] {dag.py:3823} INFO - Setting next_dagrun for example_branch_datetime_operator_2 to 2025-11-01 00:00:00+00:00, run_after=2025-11-02 00:00:00+00:00
[2025-11-02T18:51:22.328+0000] {logging_mixin.py:188} INFO - [2025-11-02T18:51:22.328+0000] {dag.py:3823} INFO - Setting next_dagrun for example_branch_datetime_operator_3 to 2025-11-01 00:00:00+00:00, run_after=2025-11-02 00:00:00+00:00
[2025-11-02T18:51:22.379+0000] {processor.py:183} INFO - Processing /home/airflow/.local/lib/python3.8/site-packages/airflow/example_dags/example_branch_datetime_operator.py took 0.316 seconds
[2025-11-02T18:51:53.285+0000] {processor.py:161} INFO - Started process (PID=2985) to work on /home/airflow/.local/lib/python3.8/site-packages/airflow/example_dags/example_branch_datetime_operator.py
[2025-11-02T18:51:53.288+0000] {processor.py:830} INFO - Processing file /home/airflow/.local/lib/python3.8/site-packages/airflow/example_dags/example_branch_datetime_operator.py for tasks to queue
[2025-11-02T18:51:53.293+0000] {logging_mixin.py:188} INFO - [2025-11-02T18:51:53.292+0000] {dagbag.py:538} INFO - Filling up the DagBag from /home/airflow/.local/lib/python3.8/site-packages/airflow/example_dags/example_branch_datetime_operator.py
[2025-11-02T18:51:53.319+0000] {processor.py:840} INFO - DAG(s) 'example_branch_datetime_operator_3', 'example_branch_datetime_operator_2', 'example_branch_datetime_operator' retrieved from /home/airflow/.local/lib/python3.8/site-packages/airflow/example_dags/example_branch_datetime_operator.py
[2025-11-02T18:51:53.378+0000] {logging_mixin.py:188} INFO - [2025-11-02T18:51:53.378+0000] {dag.py:3036} INFO - Sync 3 DAGs
[2025-11-02T18:51:53.426+0000] {logging_mixin.py:188} INFO - [2025-11-02T18:51:53.425+0000] {dag.py:3823} INFO - Setting next_dagrun for example_branch_datetime_operator to 2025-11-01 00:00:00+00:00, run_after=2025-11-02 00:00:00+00:00
[2025-11-02T18:51:53.436+0000] {logging_mixin.py:188} INFO - [2025-11-02T18:51:53.436+0000] {dag.py:3823} INFO - Setting next_dagrun for example_branch_datetime_operator_2 to 2025-11-01 00:00:00+00:00, run_after=2025-11-02 00:00:00+00:00
[2025-11-02T18:51:53.442+0000] {logging_mixin.py:188} INFO - [2025-11-02T18:51:53.442+0000] {dag.py:3823} INFO - Setting next_dagrun for example_branch_datetime_operator_3 to 2025-11-01 00:00:00+00:00, run_after=2025-11-02 00:00:00+00:00
[2025-11-02T18:51:53.478+0000] {processor.py:183} INFO - Processing /home/airflow/.local/lib/python3.8/site-packages/airflow/example_dags/example_branch_datetime_operator.py took 0.202 seconds
[2025-11-02T18:52:24.247+0000] {processor.py:161} INFO - Started process (PID=3040) to work on /home/airflow/.local/lib/python3.8/site-packages/airflow/example_dags/example_branch_datetime_operator.py
[2025-11-02T18:52:24.250+0000] {processor.py:830} INFO - Processing file /home/airflow/.local/lib/python3.8/site-packages/airflow/example_dags/example_branch_datetime_operator.py for tasks to queue
[2025-11-02T18:52:24.255+0000] {logging_mixin.py:188} INFO - [2025-11-02T18:52:24.254+0000] {dagbag.py:538} INFO - Filling up the DagBag from /home/airflow/.local/lib/python3.8/site-packages/airflow/example_dags/example_branch_datetime_operator.py
[2025-11-02T18:52:24.285+0000] {processor.py:840} INFO - DAG(s) 'example_branch_datetime_operator_3', 'example_branch_datetime_operator', 'example_branch_datetime_operator_2' retrieved from /home/airflow/.local/lib/python3.8/site-packages/airflow/example_dags/example_branch_datetime_operator.py
[2025-11-02T18:52:24.358+0000] {logging_mixin.py:188} INFO - [2025-11-02T18:52:24.357+0000] {dag.py:3036} INFO - Sync 3 DAGs
[2025-11-02T18:52:24.412+0000] {logging_mixin.py:188} INFO - [2025-11-02T18:52:24.412+0000] {dag.py:3823} INFO - Setting next_dagrun for example_branch_datetime_operator to 2025-11-01 00:00:00+00:00, run_after=2025-11-02 00:00:00+00:00
[2025-11-02T18:52:24.428+0000] {logging_mixin.py:188} INFO - [2025-11-02T18:52:24.427+0000] {dag.py:3823} INFO - Setting next_dagrun for example_branch_datetime_operator_2 to 2025-11-01 00:00:00+00:00, run_after=2025-11-02 00:00:00+00:00
[2025-11-02T18:52:24.434+0000] {logging_mixin.py:188} INFO - [2025-11-02T18:52:24.434+0000] {dag.py:3823} INFO - Setting next_dagrun for example_branch_datetime_operator_3 to 2025-11-01 00:00:00+00:00, run_after=2025-11-02 00:00:00+00:00
[2025-11-02T18:52:24.475+0000] {processor.py:183} INFO - Processing /home/airflow/.local/lib/python3.8/site-packages/airflow/example_dags/example_branch_datetime_operator.py took 0.236 seconds
[2025-11-02T18:52:54.829+0000] {processor.py:161} INFO - Started process (PID=3095) to work on /home/airflow/.local/lib/python3.8/site-packages/airflow/example_dags/example_branch_datetime_operator.py
[2025-11-02T18:52:54.834+0000] {processor.py:830} INFO - Processing file /home/airflow/.local/lib/python3.8/site-packages/airflow/example_dags/example_branch_datetime_operator.py for tasks to queue
[2025-11-02T18:52:54.842+0000] {logging_mixin.py:188} INFO - [2025-11-02T18:52:54.841+0000] {dagbag.py:538} INFO - Filling up the DagBag from /home/airflow/.local/lib/python3.8/site-packages/airflow/example_dags/example_branch_datetime_operator.py
[2025-11-02T18:52:54.889+0000] {processor.py:840} INFO - DAG(s) 'example_branch_datetime_operator_2', 'example_branch_datetime_operator_3', 'example_branch_datetime_operator' retrieved from /home/airflow/.local/lib/python3.8/site-packages/airflow/example_dags/example_branch_datetime_operator.py
[2025-11-02T18:52:55.063+0000] {logging_mixin.py:188} INFO - [2025-11-02T18:52:55.062+0000] {dag.py:3036} INFO - Sync 3 DAGs
[2025-11-02T18:52:55.151+0000] {logging_mixin.py:188} INFO - [2025-11-02T18:52:55.150+0000] {dag.py:3823} INFO - Setting next_dagrun for example_branch_datetime_operator to 2025-11-01 00:00:00+00:00, run_after=2025-11-02 00:00:00+00:00
[2025-11-02T18:52:55.171+0000] {logging_mixin.py:188} INFO - [2025-11-02T18:52:55.170+0000] {dag.py:3823} INFO - Setting next_dagrun for example_branch_datetime_operator_2 to 2025-11-01 00:00:00+00:00, run_after=2025-11-02 00:00:00+00:00
[2025-11-02T18:52:55.186+0000] {logging_mixin.py:188} INFO - [2025-11-02T18:52:55.185+0000] {dag.py:3823} INFO - Setting next_dagrun for example_branch_datetime_operator_3 to 2025-11-01 00:00:00+00:00, run_after=2025-11-02 00:00:00+00:00
[2025-11-02T18:52:55.273+0000] {processor.py:183} INFO - Processing /home/airflow/.local/lib/python3.8/site-packages/airflow/example_dags/example_branch_datetime_operator.py took 0.463 seconds
[2025-11-02T18:53:25.479+0000] {processor.py:161} INFO - Started process (PID=3150) to work on /home/airflow/.local/lib/python3.8/site-packages/airflow/example_dags/example_branch_datetime_operator.py
[2025-11-02T18:53:25.481+0000] {processor.py:830} INFO - Processing file /home/airflow/.local/lib/python3.8/site-packages/airflow/example_dags/example_branch_datetime_operator.py for tasks to queue
[2025-11-02T18:53:25.486+0000] {logging_mixin.py:188} INFO - [2025-11-02T18:53:25.486+0000] {dagbag.py:538} INFO - Filling up the DagBag from /home/airflow/.local/lib/python3.8/site-packages/airflow/example_dags/example_branch_datetime_operator.py
[2025-11-02T18:53:25.509+0000] {processor.py:840} INFO - DAG(s) 'example_branch_datetime_operator_3', 'example_branch_datetime_operator_2', 'example_branch_datetime_operator' retrieved from /home/airflow/.local/lib/python3.8/site-packages/airflow/example_dags/example_branch_datetime_operator.py
[2025-11-02T18:53:25.567+0000] {logging_mixin.py:188} INFO - [2025-11-02T18:53:25.566+0000] {dag.py:3036} INFO - Sync 3 DAGs
[2025-11-02T18:53:25.612+0000] {logging_mixin.py:188} INFO - [2025-11-02T18:53:25.611+0000] {dag.py:3823} INFO - Setting next_dagrun for example_branch_datetime_operator to 2025-11-01 00:00:00+00:00, run_after=2025-11-02 00:00:00+00:00
[2025-11-02T18:53:25.622+0000] {logging_mixin.py:188} INFO - [2025-11-02T18:53:25.622+0000] {dag.py:3823} INFO - Setting next_dagrun for example_branch_datetime_operator_2 to 2025-11-01 00:00:00+00:00, run_after=2025-11-02 00:00:00+00:00
[2025-11-02T18:53:25.628+0000] {logging_mixin.py:188} INFO - [2025-11-02T18:53:25.628+0000] {dag.py:3823} INFO - Setting next_dagrun for example_branch_datetime_operator_3 to 2025-11-01 00:00:00+00:00, run_after=2025-11-02 00:00:00+00:00
[2025-11-02T18:53:25.668+0000] {processor.py:183} INFO - Processing /home/airflow/.local/lib/python3.8/site-packages/airflow/example_dags/example_branch_datetime_operator.py took 0.196 seconds
[2025-11-02T18:53:56.635+0000] {processor.py:161} INFO - Started process (PID=3205) to work on /home/airflow/.local/lib/python3.8/site-packages/airflow/example_dags/example_branch_datetime_operator.py
[2025-11-02T18:53:56.638+0000] {processor.py:830} INFO - Processing file /home/airflow/.local/lib/python3.8/site-packages/airflow/example_dags/example_branch_datetime_operator.py for tasks to queue
[2025-11-02T18:53:56.644+0000] {logging_mixin.py:188} INFO - [2025-11-02T18:53:56.643+0000] {dagbag.py:538} INFO - Filling up the DagBag from /home/airflow/.local/lib/python3.8/site-packages/airflow/example_dags/example_branch_datetime_operator.py
[2025-11-02T18:53:56.666+0000] {processor.py:840} INFO - DAG(s) 'example_branch_datetime_operator', 'example_branch_datetime_operator_2', 'example_branch_datetime_operator_3' retrieved from /home/airflow/.local/lib/python3.8/site-packages/airflow/example_dags/example_branch_datetime_operator.py
[2025-11-02T18:53:56.726+0000] {logging_mixin.py:188} INFO - [2025-11-02T18:53:56.726+0000] {dag.py:3036} INFO - Sync 3 DAGs
[2025-11-02T18:53:56.773+0000] {logging_mixin.py:188} INFO - [2025-11-02T18:53:56.772+0000] {dag.py:3823} INFO - Setting next_dagrun for example_branch_datetime_operator to 2025-11-01 00:00:00+00:00, run_after=2025-11-02 00:00:00+00:00
[2025-11-02T18:53:56.783+0000] {logging_mixin.py:188} INFO - [2025-11-02T18:53:56.783+0000] {dag.py:3823} INFO - Setting next_dagrun for example_branch_datetime_operator_2 to 2025-11-01 00:00:00+00:00, run_after=2025-11-02 00:00:00+00:00
[2025-11-02T18:53:56.789+0000] {logging_mixin.py:188} INFO - [2025-11-02T18:53:56.789+0000] {dag.py:3823} INFO - Setting next_dagrun for example_branch_datetime_operator_3 to 2025-11-01 00:00:00+00:00, run_after=2025-11-02 00:00:00+00:00
[2025-11-02T18:53:56.828+0000] {processor.py:183} INFO - Processing /home/airflow/.local/lib/python3.8/site-packages/airflow/example_dags/example_branch_datetime_operator.py took 0.200 seconds
[2025-11-02T18:54:27.394+0000] {processor.py:161} INFO - Started process (PID=3260) to work on /home/airflow/.local/lib/python3.8/site-packages/airflow/example_dags/example_branch_datetime_operator.py
[2025-11-02T18:54:27.402+0000] {processor.py:830} INFO - Processing file /home/airflow/.local/lib/python3.8/site-packages/airflow/example_dags/example_branch_datetime_operator.py for tasks to queue
[2025-11-02T18:54:27.411+0000] {logging_mixin.py:188} INFO - [2025-11-02T18:54:27.409+0000] {dagbag.py:538} INFO - Filling up the DagBag from /home/airflow/.local/lib/python3.8/site-packages/airflow/example_dags/example_branch_datetime_operator.py
[2025-11-02T18:54:27.531+0000] {processor.py:840} INFO - DAG(s) 'example_branch_datetime_operator', 'example_branch_datetime_operator_2', 'example_branch_datetime_operator_3' retrieved from /home/airflow/.local/lib/python3.8/site-packages/airflow/example_dags/example_branch_datetime_operator.py
[2025-11-02T18:54:27.691+0000] {logging_mixin.py:188} INFO - [2025-11-02T18:54:27.690+0000] {dag.py:3036} INFO - Sync 3 DAGs
[2025-11-02T18:54:27.828+0000] {logging_mixin.py:188} INFO - [2025-11-02T18:54:27.827+0000] {dag.py:3823} INFO - Setting next_dagrun for example_branch_datetime_operator to 2025-11-01 00:00:00+00:00, run_after=2025-11-02 00:00:00+00:00
[2025-11-02T18:54:27.853+0000] {logging_mixin.py:188} INFO - [2025-11-02T18:54:27.852+0000] {dag.py:3823} INFO - Setting next_dagrun for example_branch_datetime_operator_2 to 2025-11-01 00:00:00+00:00, run_after=2025-11-02 00:00:00+00:00
[2025-11-02T18:54:27.866+0000] {logging_mixin.py:188} INFO - [2025-11-02T18:54:27.865+0000] {dag.py:3823} INFO - Setting next_dagrun for example_branch_datetime_operator_3 to 2025-11-01 00:00:00+00:00, run_after=2025-11-02 00:00:00+00:00
[2025-11-02T18:54:27.949+0000] {processor.py:183} INFO - Processing /home/airflow/.local/lib/python3.8/site-packages/airflow/example_dags/example_branch_datetime_operator.py took 0.579 seconds
[2025-11-02T18:54:58.456+0000] {processor.py:161} INFO - Started process (PID=3316) to work on /home/airflow/.local/lib/python3.8/site-packages/airflow/example_dags/example_branch_datetime_operator.py
[2025-11-02T18:54:58.460+0000] {processor.py:830} INFO - Processing file /home/airflow/.local/lib/python3.8/site-packages/airflow/example_dags/example_branch_datetime_operator.py for tasks to queue
[2025-11-02T18:54:58.467+0000] {logging_mixin.py:188} INFO - [2025-11-02T18:54:58.466+0000] {dagbag.py:538} INFO - Filling up the DagBag from /home/airflow/.local/lib/python3.8/site-packages/airflow/example_dags/example_branch_datetime_operator.py
[2025-11-02T18:54:58.505+0000] {processor.py:840} INFO - DAG(s) 'example_branch_datetime_operator_3', 'example_branch_datetime_operator', 'example_branch_datetime_operator_2' retrieved from /home/airflow/.local/lib/python3.8/site-packages/airflow/example_dags/example_branch_datetime_operator.py
[2025-11-02T18:54:58.605+0000] {logging_mixin.py:188} INFO - [2025-11-02T18:54:58.604+0000] {dag.py:3036} INFO - Sync 3 DAGs
[2025-11-02T18:54:58.721+0000] {logging_mixin.py:188} INFO - [2025-11-02T18:54:58.721+0000] {dag.py:3823} INFO - Setting next_dagrun for example_branch_datetime_operator to 2025-11-01 00:00:00+00:00, run_after=2025-11-02 00:00:00+00:00
[2025-11-02T18:54:58.738+0000] {logging_mixin.py:188} INFO - [2025-11-02T18:54:58.737+0000] {dag.py:3823} INFO - Setting next_dagrun for example_branch_datetime_operator_2 to 2025-11-01 00:00:00+00:00, run_after=2025-11-02 00:00:00+00:00
[2025-11-02T18:54:58.752+0000] {logging_mixin.py:188} INFO - [2025-11-02T18:54:58.751+0000] {dag.py:3823} INFO - Setting next_dagrun for example_branch_datetime_operator_3 to 2025-11-01 00:00:00+00:00, run_after=2025-11-02 00:00:00+00:00
[2025-11-02T18:54:58.805+0000] {processor.py:183} INFO - Processing /home/airflow/.local/lib/python3.8/site-packages/airflow/example_dags/example_branch_datetime_operator.py took 0.361 seconds
[2025-11-02T18:55:29.347+0000] {processor.py:161} INFO - Started process (PID=3370) to work on /home/airflow/.local/lib/python3.8/site-packages/airflow/example_dags/example_branch_datetime_operator.py
[2025-11-02T18:55:29.350+0000] {processor.py:830} INFO - Processing file /home/airflow/.local/lib/python3.8/site-packages/airflow/example_dags/example_branch_datetime_operator.py for tasks to queue
[2025-11-02T18:55:29.357+0000] {logging_mixin.py:188} INFO - [2025-11-02T18:55:29.356+0000] {dagbag.py:538} INFO - Filling up the DagBag from /home/airflow/.local/lib/python3.8/site-packages/airflow/example_dags/example_branch_datetime_operator.py
[2025-11-02T18:55:29.422+0000] {processor.py:840} INFO - DAG(s) 'example_branch_datetime_operator_2', 'example_branch_datetime_operator_3', 'example_branch_datetime_operator' retrieved from /home/airflow/.local/lib/python3.8/site-packages/airflow/example_dags/example_branch_datetime_operator.py
[2025-11-02T18:55:29.501+0000] {logging_mixin.py:188} INFO - [2025-11-02T18:55:29.501+0000] {dag.py:3036} INFO - Sync 3 DAGs
[2025-11-02T18:55:29.586+0000] {logging_mixin.py:188} INFO - [2025-11-02T18:55:29.585+0000] {dag.py:3823} INFO - Setting next_dagrun for example_branch_datetime_operator to 2025-11-01 00:00:00+00:00, run_after=2025-11-02 00:00:00+00:00
[2025-11-02T18:55:29.611+0000] {logging_mixin.py:188} INFO - [2025-11-02T18:55:29.610+0000] {dag.py:3823} INFO - Setting next_dagrun for example_branch_datetime_operator_2 to 2025-11-01 00:00:00+00:00, run_after=2025-11-02 00:00:00+00:00
[2025-11-02T18:55:29.622+0000] {logging_mixin.py:188} INFO - [2025-11-02T18:55:29.622+0000] {dag.py:3823} INFO - Setting next_dagrun for example_branch_datetime_operator_3 to 2025-11-01 00:00:00+00:00, run_after=2025-11-02 00:00:00+00:00
[2025-11-02T18:55:29.692+0000] {processor.py:183} INFO - Processing /home/airflow/.local/lib/python3.8/site-packages/airflow/example_dags/example_branch_datetime_operator.py took 0.358 seconds
[2025-11-02T18:55:59.894+0000] {processor.py:161} INFO - Started process (PID=3426) to work on /home/airflow/.local/lib/python3.8/site-packages/airflow/example_dags/example_branch_datetime_operator.py
[2025-11-02T18:55:59.898+0000] {processor.py:830} INFO - Processing file /home/airflow/.local/lib/python3.8/site-packages/airflow/example_dags/example_branch_datetime_operator.py for tasks to queue
[2025-11-02T18:55:59.905+0000] {logging_mixin.py:188} INFO - [2025-11-02T18:55:59.904+0000] {dagbag.py:538} INFO - Filling up the DagBag from /home/airflow/.local/lib/python3.8/site-packages/airflow/example_dags/example_branch_datetime_operator.py
[2025-11-02T18:55:59.940+0000] {processor.py:840} INFO - DAG(s) 'example_branch_datetime_operator', 'example_branch_datetime_operator_3', 'example_branch_datetime_operator_2' retrieved from /home/airflow/.local/lib/python3.8/site-packages/airflow/example_dags/example_branch_datetime_operator.py
[2025-11-02T18:56:00.017+0000] {logging_mixin.py:188} INFO - [2025-11-02T18:56:00.017+0000] {dag.py:3036} INFO - Sync 3 DAGs
[2025-11-02T18:56:00.108+0000] {logging_mixin.py:188} INFO - [2025-11-02T18:56:00.107+0000] {dag.py:3823} INFO - Setting next_dagrun for example_branch_datetime_operator to 2025-11-01 00:00:00+00:00, run_after=2025-11-02 00:00:00+00:00
[2025-11-02T18:56:00.118+0000] {logging_mixin.py:188} INFO - [2025-11-02T18:56:00.118+0000] {dag.py:3823} INFO - Setting next_dagrun for example_branch_datetime_operator_2 to 2025-11-01 00:00:00+00:00, run_after=2025-11-02 00:00:00+00:00
[2025-11-02T18:56:00.125+0000] {logging_mixin.py:188} INFO - [2025-11-02T18:56:00.125+0000] {dag.py:3823} INFO - Setting next_dagrun for example_branch_datetime_operator_3 to 2025-11-01 00:00:00+00:00, run_after=2025-11-02 00:00:00+00:00
[2025-11-02T18:56:00.177+0000] {processor.py:183} INFO - Processing /home/airflow/.local/lib/python3.8/site-packages/airflow/example_dags/example_branch_datetime_operator.py took 0.295 seconds
[2025-11-02T18:56:30.664+0000] {processor.py:161} INFO - Started process (PID=3481) to work on /home/airflow/.local/lib/python3.8/site-packages/airflow/example_dags/example_branch_datetime_operator.py
[2025-11-02T18:56:30.667+0000] {processor.py:830} INFO - Processing file /home/airflow/.local/lib/python3.8/site-packages/airflow/example_dags/example_branch_datetime_operator.py for tasks to queue
[2025-11-02T18:56:30.671+0000] {logging_mixin.py:188} INFO - [2025-11-02T18:56:30.671+0000] {dagbag.py:538} INFO - Filling up the DagBag from /home/airflow/.local/lib/python3.8/site-packages/airflow/example_dags/example_branch_datetime_operator.py
[2025-11-02T18:56:30.701+0000] {processor.py:840} INFO - DAG(s) 'example_branch_datetime_operator', 'example_branch_datetime_operator_2', 'example_branch_datetime_operator_3' retrieved from /home/airflow/.local/lib/python3.8/site-packages/airflow/example_dags/example_branch_datetime_operator.py
[2025-11-02T18:56:30.776+0000] {logging_mixin.py:188} INFO - [2025-11-02T18:56:30.776+0000] {dag.py:3036} INFO - Sync 3 DAGs
[2025-11-02T18:56:30.833+0000] {logging_mixin.py:188} INFO - [2025-11-02T18:56:30.832+0000] {dag.py:3823} INFO - Setting next_dagrun for example_branch_datetime_operator to 2025-11-01 00:00:00+00:00, run_after=2025-11-02 00:00:00+00:00
[2025-11-02T18:56:30.844+0000] {logging_mixin.py:188} INFO - [2025-11-02T18:56:30.843+0000] {dag.py:3823} INFO - Setting next_dagrun for example_branch_datetime_operator_2 to 2025-11-01 00:00:00+00:00, run_after=2025-11-02 00:00:00+00:00
[2025-11-02T18:56:30.851+0000] {logging_mixin.py:188} INFO - [2025-11-02T18:56:30.851+0000] {dag.py:3823} INFO - Setting next_dagrun for example_branch_datetime_operator_3 to 2025-11-01 00:00:00+00:00, run_after=2025-11-02 00:00:00+00:00
[2025-11-02T18:56:30.896+0000] {processor.py:183} INFO - Processing /home/airflow/.local/lib/python3.8/site-packages/airflow/example_dags/example_branch_datetime_operator.py took 0.240 seconds
[2025-11-02T18:57:01.269+0000] {processor.py:161} INFO - Started process (PID=3536) to work on /home/airflow/.local/lib/python3.8/site-packages/airflow/example_dags/example_branch_datetime_operator.py
[2025-11-02T18:57:01.272+0000] {processor.py:830} INFO - Processing file /home/airflow/.local/lib/python3.8/site-packages/airflow/example_dags/example_branch_datetime_operator.py for tasks to queue
[2025-11-02T18:57:01.278+0000] {logging_mixin.py:188} INFO - [2025-11-02T18:57:01.277+0000] {dagbag.py:538} INFO - Filling up the DagBag from /home/airflow/.local/lib/python3.8/site-packages/airflow/example_dags/example_branch_datetime_operator.py
[2025-11-02T18:57:01.301+0000] {processor.py:840} INFO - DAG(s) 'example_branch_datetime_operator_2', 'example_branch_datetime_operator', 'example_branch_datetime_operator_3' retrieved from /home/airflow/.local/lib/python3.8/site-packages/airflow/example_dags/example_branch_datetime_operator.py
[2025-11-02T18:57:01.367+0000] {logging_mixin.py:188} INFO - [2025-11-02T18:57:01.367+0000] {dag.py:3036} INFO - Sync 3 DAGs
[2025-11-02T18:57:01.423+0000] {logging_mixin.py:188} INFO - [2025-11-02T18:57:01.422+0000] {dag.py:3823} INFO - Setting next_dagrun for example_branch_datetime_operator to 2025-11-01 00:00:00+00:00, run_after=2025-11-02 00:00:00+00:00
[2025-11-02T18:57:01.434+0000] {logging_mixin.py:188} INFO - [2025-11-02T18:57:01.434+0000] {dag.py:3823} INFO - Setting next_dagrun for example_branch_datetime_operator_2 to 2025-11-01 00:00:00+00:00, run_after=2025-11-02 00:00:00+00:00
[2025-11-02T18:57:01.440+0000] {logging_mixin.py:188} INFO - [2025-11-02T18:57:01.440+0000] {dag.py:3823} INFO - Setting next_dagrun for example_branch_datetime_operator_3 to 2025-11-01 00:00:00+00:00, run_after=2025-11-02 00:00:00+00:00
[2025-11-02T18:57:01.488+0000] {processor.py:183} INFO - Processing /home/airflow/.local/lib/python3.8/site-packages/airflow/example_dags/example_branch_datetime_operator.py took 0.229 seconds
[2025-11-02T18:57:31.988+0000] {processor.py:161} INFO - Started process (PID=3591) to work on /home/airflow/.local/lib/python3.8/site-packages/airflow/example_dags/example_branch_datetime_operator.py
[2025-11-02T18:57:31.992+0000] {processor.py:830} INFO - Processing file /home/airflow/.local/lib/python3.8/site-packages/airflow/example_dags/example_branch_datetime_operator.py for tasks to queue
[2025-11-02T18:57:31.998+0000] {logging_mixin.py:188} INFO - [2025-11-02T18:57:31.997+0000] {dagbag.py:538} INFO - Filling up the DagBag from /home/airflow/.local/lib/python3.8/site-packages/airflow/example_dags/example_branch_datetime_operator.py
[2025-11-02T18:57:32.029+0000] {processor.py:840} INFO - DAG(s) 'example_branch_datetime_operator_3', 'example_branch_datetime_operator_2', 'example_branch_datetime_operator' retrieved from /home/airflow/.local/lib/python3.8/site-packages/airflow/example_dags/example_branch_datetime_operator.py
[2025-11-02T18:57:32.102+0000] {logging_mixin.py:188} INFO - [2025-11-02T18:57:32.102+0000] {dag.py:3036} INFO - Sync 3 DAGs
[2025-11-02T18:57:32.165+0000] {logging_mixin.py:188} INFO - [2025-11-02T18:57:32.165+0000] {dag.py:3823} INFO - Setting next_dagrun for example_branch_datetime_operator to 2025-11-01 00:00:00+00:00, run_after=2025-11-02 00:00:00+00:00
[2025-11-02T18:57:32.176+0000] {logging_mixin.py:188} INFO - [2025-11-02T18:57:32.175+0000] {dag.py:3823} INFO - Setting next_dagrun for example_branch_datetime_operator_2 to 2025-11-01 00:00:00+00:00, run_after=2025-11-02 00:00:00+00:00
[2025-11-02T18:57:32.182+0000] {logging_mixin.py:188} INFO - [2025-11-02T18:57:32.182+0000] {dag.py:3823} INFO - Setting next_dagrun for example_branch_datetime_operator_3 to 2025-11-01 00:00:00+00:00, run_after=2025-11-02 00:00:00+00:00
[2025-11-02T18:57:32.222+0000] {processor.py:183} INFO - Processing /home/airflow/.local/lib/python3.8/site-packages/airflow/example_dags/example_branch_datetime_operator.py took 0.246 seconds
[2025-11-02T18:58:02.879+0000] {processor.py:161} INFO - Started process (PID=3646) to work on /home/airflow/.local/lib/python3.8/site-packages/airflow/example_dags/example_branch_datetime_operator.py
[2025-11-02T18:58:02.883+0000] {processor.py:830} INFO - Processing file /home/airflow/.local/lib/python3.8/site-packages/airflow/example_dags/example_branch_datetime_operator.py for tasks to queue
[2025-11-02T18:58:02.890+0000] {logging_mixin.py:188} INFO - [2025-11-02T18:58:02.889+0000] {dagbag.py:538} INFO - Filling up the DagBag from /home/airflow/.local/lib/python3.8/site-packages/airflow/example_dags/example_branch_datetime_operator.py
[2025-11-02T18:58:02.930+0000] {processor.py:840} INFO - DAG(s) 'example_branch_datetime_operator_3', 'example_branch_datetime_operator_2', 'example_branch_datetime_operator' retrieved from /home/airflow/.local/lib/python3.8/site-packages/airflow/example_dags/example_branch_datetime_operator.py
[2025-11-02T18:58:03.053+0000] {logging_mixin.py:188} INFO - [2025-11-02T18:58:03.052+0000] {dag.py:3036} INFO - Sync 3 DAGs
[2025-11-02T18:58:03.127+0000] {logging_mixin.py:188} INFO - [2025-11-02T18:58:03.126+0000] {dag.py:3823} INFO - Setting next_dagrun for example_branch_datetime_operator to 2025-11-01 00:00:00+00:00, run_after=2025-11-02 00:00:00+00:00
[2025-11-02T18:58:03.144+0000] {logging_mixin.py:188} INFO - [2025-11-02T18:58:03.143+0000] {dag.py:3823} INFO - Setting next_dagrun for example_branch_datetime_operator_2 to 2025-11-01 00:00:00+00:00, run_after=2025-11-02 00:00:00+00:00
[2025-11-02T18:58:03.154+0000] {logging_mixin.py:188} INFO - [2025-11-02T18:58:03.154+0000] {dag.py:3823} INFO - Setting next_dagrun for example_branch_datetime_operator_3 to 2025-11-01 00:00:00+00:00, run_after=2025-11-02 00:00:00+00:00
[2025-11-02T18:58:03.254+0000] {processor.py:183} INFO - Processing /home/airflow/.local/lib/python3.8/site-packages/airflow/example_dags/example_branch_datetime_operator.py took 0.389 seconds
[2025-11-02T18:58:33.677+0000] {processor.py:161} INFO - Started process (PID=3702) to work on /home/airflow/.local/lib/python3.8/site-packages/airflow/example_dags/example_branch_datetime_operator.py
[2025-11-02T18:58:33.679+0000] {processor.py:830} INFO - Processing file /home/airflow/.local/lib/python3.8/site-packages/airflow/example_dags/example_branch_datetime_operator.py for tasks to queue
[2025-11-02T18:58:33.685+0000] {logging_mixin.py:188} INFO - [2025-11-02T18:58:33.684+0000] {dagbag.py:538} INFO - Filling up the DagBag from /home/airflow/.local/lib/python3.8/site-packages/airflow/example_dags/example_branch_datetime_operator.py
[2025-11-02T18:58:33.711+0000] {processor.py:840} INFO - DAG(s) 'example_branch_datetime_operator_2', 'example_branch_datetime_operator', 'example_branch_datetime_operator_3' retrieved from /home/airflow/.local/lib/python3.8/site-packages/airflow/example_dags/example_branch_datetime_operator.py
[2025-11-02T18:58:33.796+0000] {logging_mixin.py:188} INFO - [2025-11-02T18:58:33.795+0000] {dag.py:3036} INFO - Sync 3 DAGs
[2025-11-02T18:58:33.857+0000] {logging_mixin.py:188} INFO - [2025-11-02T18:58:33.856+0000] {dag.py:3823} INFO - Setting next_dagrun for example_branch_datetime_operator to 2025-11-01 00:00:00+00:00, run_after=2025-11-02 00:00:00+00:00
[2025-11-02T18:58:33.872+0000] {logging_mixin.py:188} INFO - [2025-11-02T18:58:33.871+0000] {dag.py:3823} INFO - Setting next_dagrun for example_branch_datetime_operator_2 to 2025-11-01 00:00:00+00:00, run_after=2025-11-02 00:00:00+00:00
[2025-11-02T18:58:33.881+0000] {logging_mixin.py:188} INFO - [2025-11-02T18:58:33.881+0000] {dag.py:3823} INFO - Setting next_dagrun for example_branch_datetime_operator_3 to 2025-11-01 00:00:00+00:00, run_after=2025-11-02 00:00:00+00:00
[2025-11-02T18:58:33.925+0000] {processor.py:183} INFO - Processing /home/airflow/.local/lib/python3.8/site-packages/airflow/example_dags/example_branch_datetime_operator.py took 0.259 seconds
[2025-11-02T18:59:04.052+0000] {processor.py:161} INFO - Started process (PID=3756) to work on /home/airflow/.local/lib/python3.8/site-packages/airflow/example_dags/example_branch_datetime_operator.py
[2025-11-02T18:59:04.055+0000] {processor.py:830} INFO - Processing file /home/airflow/.local/lib/python3.8/site-packages/airflow/example_dags/example_branch_datetime_operator.py for tasks to queue
[2025-11-02T18:59:04.061+0000] {logging_mixin.py:188} INFO - [2025-11-02T18:59:04.061+0000] {dagbag.py:538} INFO - Filling up the DagBag from /home/airflow/.local/lib/python3.8/site-packages/airflow/example_dags/example_branch_datetime_operator.py
[2025-11-02T18:59:04.094+0000] {processor.py:840} INFO - DAG(s) 'example_branch_datetime_operator_3', 'example_branch_datetime_operator', 'example_branch_datetime_operator_2' retrieved from /home/airflow/.local/lib/python3.8/site-packages/airflow/example_dags/example_branch_datetime_operator.py
[2025-11-02T18:59:04.228+0000] {logging_mixin.py:188} INFO - [2025-11-02T18:59:04.227+0000] {dag.py:3036} INFO - Sync 3 DAGs
[2025-11-02T18:59:04.430+0000] {logging_mixin.py:188} INFO - [2025-11-02T18:59:04.430+0000] {dag.py:3823} INFO - Setting next_dagrun for example_branch_datetime_operator to 2025-11-01 00:00:00+00:00, run_after=2025-11-02 00:00:00+00:00
[2025-11-02T18:59:04.453+0000] {logging_mixin.py:188} INFO - [2025-11-02T18:59:04.453+0000] {dag.py:3823} INFO - Setting next_dagrun for example_branch_datetime_operator_2 to 2025-11-01 00:00:00+00:00, run_after=2025-11-02 00:00:00+00:00
[2025-11-02T18:59:04.502+0000] {logging_mixin.py:188} INFO - [2025-11-02T18:59:04.501+0000] {dag.py:3823} INFO - Setting next_dagrun for example_branch_datetime_operator_3 to 2025-11-01 00:00:00+00:00, run_after=2025-11-02 00:00:00+00:00
[2025-11-02T18:59:04.574+0000] {processor.py:183} INFO - Processing /home/airflow/.local/lib/python3.8/site-packages/airflow/example_dags/example_branch_datetime_operator.py took 0.534 seconds
[2025-11-02T18:59:35.599+0000] {processor.py:161} INFO - Started process (PID=3816) to work on /home/airflow/.local/lib/python3.8/site-packages/airflow/example_dags/example_branch_datetime_operator.py
[2025-11-02T18:59:35.603+0000] {processor.py:830} INFO - Processing file /home/airflow/.local/lib/python3.8/site-packages/airflow/example_dags/example_branch_datetime_operator.py for tasks to queue
[2025-11-02T18:59:35.610+0000] {logging_mixin.py:188} INFO - [2025-11-02T18:59:35.609+0000] {dagbag.py:538} INFO - Filling up the DagBag from /home/airflow/.local/lib/python3.8/site-packages/airflow/example_dags/example_branch_datetime_operator.py
[2025-11-02T18:59:35.656+0000] {processor.py:840} INFO - DAG(s) 'example_branch_datetime_operator_2', 'example_branch_datetime_operator', 'example_branch_datetime_operator_3' retrieved from /home/airflow/.local/lib/python3.8/site-packages/airflow/example_dags/example_branch_datetime_operator.py
[2025-11-02T18:59:35.760+0000] {logging_mixin.py:188} INFO - [2025-11-02T18:59:35.759+0000] {dag.py:3036} INFO - Sync 3 DAGs
[2025-11-02T18:59:35.835+0000] {logging_mixin.py:188} INFO - [2025-11-02T18:59:35.835+0000] {dag.py:3823} INFO - Setting next_dagrun for example_branch_datetime_operator to 2025-11-01 00:00:00+00:00, run_after=2025-11-02 00:00:00+00:00
[2025-11-02T18:59:35.851+0000] {logging_mixin.py:188} INFO - [2025-11-02T18:59:35.850+0000] {dag.py:3823} INFO - Setting next_dagrun for example_branch_datetime_operator_2 to 2025-11-01 00:00:00+00:00, run_after=2025-11-02 00:00:00+00:00
[2025-11-02T18:59:35.863+0000] {logging_mixin.py:188} INFO - [2025-11-02T18:59:35.862+0000] {dag.py:3823} INFO - Setting next_dagrun for example_branch_datetime_operator_3 to 2025-11-01 00:00:00+00:00, run_after=2025-11-02 00:00:00+00:00
[2025-11-02T18:59:35.920+0000] {processor.py:183} INFO - Processing /home/airflow/.local/lib/python3.8/site-packages/airflow/example_dags/example_branch_datetime_operator.py took 0.345 seconds
[2025-11-02T19:00:06.237+0000] {processor.py:161} INFO - Started process (PID=3871) to work on /home/airflow/.local/lib/python3.8/site-packages/airflow/example_dags/example_branch_datetime_operator.py
[2025-11-02T19:00:06.240+0000] {processor.py:830} INFO - Processing file /home/airflow/.local/lib/python3.8/site-packages/airflow/example_dags/example_branch_datetime_operator.py for tasks to queue
[2025-11-02T19:00:06.246+0000] {logging_mixin.py:188} INFO - [2025-11-02T19:00:06.246+0000] {dagbag.py:538} INFO - Filling up the DagBag from /home/airflow/.local/lib/python3.8/site-packages/airflow/example_dags/example_branch_datetime_operator.py
[2025-11-02T19:00:06.271+0000] {processor.py:840} INFO - DAG(s) 'example_branch_datetime_operator', 'example_branch_datetime_operator_3', 'example_branch_datetime_operator_2' retrieved from /home/airflow/.local/lib/python3.8/site-packages/airflow/example_dags/example_branch_datetime_operator.py
[2025-11-02T19:00:06.353+0000] {logging_mixin.py:188} INFO - [2025-11-02T19:00:06.352+0000] {dag.py:3036} INFO - Sync 3 DAGs
[2025-11-02T19:00:06.428+0000] {logging_mixin.py:188} INFO - [2025-11-02T19:00:06.427+0000] {dag.py:3823} INFO - Setting next_dagrun for example_branch_datetime_operator to 2025-11-01 00:00:00+00:00, run_after=2025-11-02 00:00:00+00:00
[2025-11-02T19:00:06.448+0000] {logging_mixin.py:188} INFO - [2025-11-02T19:00:06.447+0000] {dag.py:3823} INFO - Setting next_dagrun for example_branch_datetime_operator_2 to 2025-11-01 00:00:00+00:00, run_after=2025-11-02 00:00:00+00:00
[2025-11-02T19:00:06.456+0000] {logging_mixin.py:188} INFO - [2025-11-02T19:00:06.455+0000] {dag.py:3823} INFO - Setting next_dagrun for example_branch_datetime_operator_3 to 2025-11-01 00:00:00+00:00, run_after=2025-11-02 00:00:00+00:00
[2025-11-02T19:00:06.510+0000] {processor.py:183} INFO - Processing /home/airflow/.local/lib/python3.8/site-packages/airflow/example_dags/example_branch_datetime_operator.py took 0.284 seconds
[2025-11-02T19:00:36.915+0000] {processor.py:161} INFO - Started process (PID=3926) to work on /home/airflow/.local/lib/python3.8/site-packages/airflow/example_dags/example_branch_datetime_operator.py
[2025-11-02T19:00:36.922+0000] {processor.py:830} INFO - Processing file /home/airflow/.local/lib/python3.8/site-packages/airflow/example_dags/example_branch_datetime_operator.py for tasks to queue
[2025-11-02T19:00:36.931+0000] {logging_mixin.py:188} INFO - [2025-11-02T19:00:36.930+0000] {dagbag.py:538} INFO - Filling up the DagBag from /home/airflow/.local/lib/python3.8/site-packages/airflow/example_dags/example_branch_datetime_operator.py
[2025-11-02T19:00:37.001+0000] {processor.py:840} INFO - DAG(s) 'example_branch_datetime_operator', 'example_branch_datetime_operator_2', 'example_branch_datetime_operator_3' retrieved from /home/airflow/.local/lib/python3.8/site-packages/airflow/example_dags/example_branch_datetime_operator.py
[2025-11-02T19:00:37.201+0000] {logging_mixin.py:188} INFO - [2025-11-02T19:00:37.200+0000] {dag.py:3036} INFO - Sync 3 DAGs
[2025-11-02T19:00:37.343+0000] {logging_mixin.py:188} INFO - [2025-11-02T19:00:37.343+0000] {dag.py:3823} INFO - Setting next_dagrun for example_branch_datetime_operator to 2025-11-01 00:00:00+00:00, run_after=2025-11-02 00:00:00+00:00
[2025-11-02T19:00:37.412+0000] {logging_mixin.py:188} INFO - [2025-11-02T19:00:37.408+0000] {dag.py:3823} INFO - Setting next_dagrun for example_branch_datetime_operator_2 to 2025-11-01 00:00:00+00:00, run_after=2025-11-02 00:00:00+00:00
[2025-11-02T19:00:37.432+0000] {logging_mixin.py:188} INFO - [2025-11-02T19:00:37.431+0000] {dag.py:3823} INFO - Setting next_dagrun for example_branch_datetime_operator_3 to 2025-11-01 00:00:00+00:00, run_after=2025-11-02 00:00:00+00:00
[2025-11-02T19:00:37.667+0000] {processor.py:183} INFO - Processing /home/airflow/.local/lib/python3.8/site-packages/airflow/example_dags/example_branch_datetime_operator.py took 0.774 seconds
[2025-11-02T19:01:08.204+0000] {processor.py:161} INFO - Started process (PID=3981) to work on /home/airflow/.local/lib/python3.8/site-packages/airflow/example_dags/example_branch_datetime_operator.py
[2025-11-02T19:01:08.209+0000] {processor.py:830} INFO - Processing file /home/airflow/.local/lib/python3.8/site-packages/airflow/example_dags/example_branch_datetime_operator.py for tasks to queue
[2025-11-02T19:01:08.215+0000] {logging_mixin.py:188} INFO - [2025-11-02T19:01:08.214+0000] {dagbag.py:538} INFO - Filling up the DagBag from /home/airflow/.local/lib/python3.8/site-packages/airflow/example_dags/example_branch_datetime_operator.py
[2025-11-02T19:01:08.256+0000] {processor.py:840} INFO - DAG(s) 'example_branch_datetime_operator', 'example_branch_datetime_operator_3', 'example_branch_datetime_operator_2' retrieved from /home/airflow/.local/lib/python3.8/site-packages/airflow/example_dags/example_branch_datetime_operator.py
[2025-11-02T19:01:08.371+0000] {logging_mixin.py:188} INFO - [2025-11-02T19:01:08.370+0000] {dag.py:3036} INFO - Sync 3 DAGs
[2025-11-02T19:01:08.473+0000] {logging_mixin.py:188} INFO - [2025-11-02T19:01:08.471+0000] {dag.py:3823} INFO - Setting next_dagrun for example_branch_datetime_operator to 2025-11-01 00:00:00+00:00, run_after=2025-11-02 00:00:00+00:00
[2025-11-02T19:01:08.501+0000] {logging_mixin.py:188} INFO - [2025-11-02T19:01:08.501+0000] {dag.py:3823} INFO - Setting next_dagrun for example_branch_datetime_operator_2 to 2025-11-01 00:00:00+00:00, run_after=2025-11-02 00:00:00+00:00
[2025-11-02T19:01:08.513+0000] {logging_mixin.py:188} INFO - [2025-11-02T19:01:08.513+0000] {dag.py:3823} INFO - Setting next_dagrun for example_branch_datetime_operator_3 to 2025-11-01 00:00:00+00:00, run_after=2025-11-02 00:00:00+00:00
[2025-11-02T19:01:08.603+0000] {processor.py:183} INFO - Processing /home/airflow/.local/lib/python3.8/site-packages/airflow/example_dags/example_branch_datetime_operator.py took 0.412 seconds
[2025-11-02T19:01:38.847+0000] {processor.py:161} INFO - Started process (PID=4036) to work on /home/airflow/.local/lib/python3.8/site-packages/airflow/example_dags/example_branch_datetime_operator.py
[2025-11-02T19:01:38.853+0000] {processor.py:830} INFO - Processing file /home/airflow/.local/lib/python3.8/site-packages/airflow/example_dags/example_branch_datetime_operator.py for tasks to queue
[2025-11-02T19:01:38.860+0000] {logging_mixin.py:188} INFO - [2025-11-02T19:01:38.859+0000] {dagbag.py:538} INFO - Filling up the DagBag from /home/airflow/.local/lib/python3.8/site-packages/airflow/example_dags/example_branch_datetime_operator.py
[2025-11-02T19:01:38.897+0000] {processor.py:840} INFO - DAG(s) 'example_branch_datetime_operator', 'example_branch_datetime_operator_2', 'example_branch_datetime_operator_3' retrieved from /home/airflow/.local/lib/python3.8/site-packages/airflow/example_dags/example_branch_datetime_operator.py
[2025-11-02T19:01:39.011+0000] {logging_mixin.py:188} INFO - [2025-11-02T19:01:39.010+0000] {dag.py:3036} INFO - Sync 3 DAGs
[2025-11-02T19:01:39.087+0000] {logging_mixin.py:188} INFO - [2025-11-02T19:01:39.086+0000] {dag.py:3823} INFO - Setting next_dagrun for example_branch_datetime_operator to 2025-11-01 00:00:00+00:00, run_after=2025-11-02 00:00:00+00:00
[2025-11-02T19:01:39.102+0000] {logging_mixin.py:188} INFO - [2025-11-02T19:01:39.101+0000] {dag.py:3823} INFO - Setting next_dagrun for example_branch_datetime_operator_2 to 2025-11-01 00:00:00+00:00, run_after=2025-11-02 00:00:00+00:00
[2025-11-02T19:01:39.107+0000] {logging_mixin.py:188} INFO - [2025-11-02T19:01:39.107+0000] {dag.py:3823} INFO - Setting next_dagrun for example_branch_datetime_operator_3 to 2025-11-01 00:00:00+00:00, run_after=2025-11-02 00:00:00+00:00
[2025-11-02T19:01:39.164+0000] {processor.py:183} INFO - Processing /home/airflow/.local/lib/python3.8/site-packages/airflow/example_dags/example_branch_datetime_operator.py took 0.331 seconds
[2025-11-02T19:02:09.897+0000] {processor.py:161} INFO - Started process (PID=4091) to work on /home/airflow/.local/lib/python3.8/site-packages/airflow/example_dags/example_branch_datetime_operator.py
[2025-11-02T19:02:09.900+0000] {processor.py:830} INFO - Processing file /home/airflow/.local/lib/python3.8/site-packages/airflow/example_dags/example_branch_datetime_operator.py for tasks to queue
[2025-11-02T19:02:09.906+0000] {logging_mixin.py:188} INFO - [2025-11-02T19:02:09.905+0000] {dagbag.py:538} INFO - Filling up the DagBag from /home/airflow/.local/lib/python3.8/site-packages/airflow/example_dags/example_branch_datetime_operator.py
[2025-11-02T19:02:09.932+0000] {processor.py:840} INFO - DAG(s) 'example_branch_datetime_operator', 'example_branch_datetime_operator_3', 'example_branch_datetime_operator_2' retrieved from /home/airflow/.local/lib/python3.8/site-packages/airflow/example_dags/example_branch_datetime_operator.py
[2025-11-02T19:02:10.000+0000] {logging_mixin.py:188} INFO - [2025-11-02T19:02:09.999+0000] {dag.py:3036} INFO - Sync 3 DAGs
[2025-11-02T19:02:10.058+0000] {logging_mixin.py:188} INFO - [2025-11-02T19:02:10.058+0000] {dag.py:3823} INFO - Setting next_dagrun for example_branch_datetime_operator to 2025-11-01 00:00:00+00:00, run_after=2025-11-02 00:00:00+00:00
[2025-11-02T19:02:10.075+0000] {logging_mixin.py:188} INFO - [2025-11-02T19:02:10.075+0000] {dag.py:3823} INFO - Setting next_dagrun for example_branch_datetime_operator_2 to 2025-11-01 00:00:00+00:00, run_after=2025-11-02 00:00:00+00:00
[2025-11-02T19:02:10.082+0000] {logging_mixin.py:188} INFO - [2025-11-02T19:02:10.081+0000] {dag.py:3823} INFO - Setting next_dagrun for example_branch_datetime_operator_3 to 2025-11-01 00:00:00+00:00, run_after=2025-11-02 00:00:00+00:00
[2025-11-02T19:02:10.126+0000] {processor.py:183} INFO - Processing /home/airflow/.local/lib/python3.8/site-packages/airflow/example_dags/example_branch_datetime_operator.py took 0.238 seconds
[2025-11-02T19:02:40.391+0000] {processor.py:161} INFO - Started process (PID=4146) to work on /home/airflow/.local/lib/python3.8/site-packages/airflow/example_dags/example_branch_datetime_operator.py
[2025-11-02T19:02:40.393+0000] {processor.py:830} INFO - Processing file /home/airflow/.local/lib/python3.8/site-packages/airflow/example_dags/example_branch_datetime_operator.py for tasks to queue
[2025-11-02T19:02:40.400+0000] {logging_mixin.py:188} INFO - [2025-11-02T19:02:40.399+0000] {dagbag.py:538} INFO - Filling up the DagBag from /home/airflow/.local/lib/python3.8/site-packages/airflow/example_dags/example_branch_datetime_operator.py
[2025-11-02T19:02:40.428+0000] {processor.py:840} INFO - DAG(s) 'example_branch_datetime_operator', 'example_branch_datetime_operator_3', 'example_branch_datetime_operator_2' retrieved from /home/airflow/.local/lib/python3.8/site-packages/airflow/example_dags/example_branch_datetime_operator.py
[2025-11-02T19:02:40.565+0000] {logging_mixin.py:188} INFO - [2025-11-02T19:02:40.564+0000] {dag.py:3036} INFO - Sync 3 DAGs
[2025-11-02T19:02:40.678+0000] {logging_mixin.py:188} INFO - [2025-11-02T19:02:40.677+0000] {dag.py:3823} INFO - Setting next_dagrun for example_branch_datetime_operator to 2025-11-01 00:00:00+00:00, run_after=2025-11-02 00:00:00+00:00
[2025-11-02T19:02:40.708+0000] {logging_mixin.py:188} INFO - [2025-11-02T19:02:40.707+0000] {dag.py:3823} INFO - Setting next_dagrun for example_branch_datetime_operator_2 to 2025-11-01 00:00:00+00:00, run_after=2025-11-02 00:00:00+00:00
[2025-11-02T19:02:40.723+0000] {logging_mixin.py:188} INFO - [2025-11-02T19:02:40.721+0000] {dag.py:3823} INFO - Setting next_dagrun for example_branch_datetime_operator_3 to 2025-11-01 00:00:00+00:00, run_after=2025-11-02 00:00:00+00:00
[2025-11-02T19:02:40.793+0000] {processor.py:183} INFO - Processing /home/airflow/.local/lib/python3.8/site-packages/airflow/example_dags/example_branch_datetime_operator.py took 0.411 seconds
[2025-11-02T19:03:11.056+0000] {processor.py:161} INFO - Started process (PID=4200) to work on /home/airflow/.local/lib/python3.8/site-packages/airflow/example_dags/example_branch_datetime_operator.py
[2025-11-02T19:03:11.060+0000] {processor.py:830} INFO - Processing file /home/airflow/.local/lib/python3.8/site-packages/airflow/example_dags/example_branch_datetime_operator.py for tasks to queue
[2025-11-02T19:03:11.065+0000] {logging_mixin.py:188} INFO - [2025-11-02T19:03:11.065+0000] {dagbag.py:538} INFO - Filling up the DagBag from /home/airflow/.local/lib/python3.8/site-packages/airflow/example_dags/example_branch_datetime_operator.py
[2025-11-02T19:03:11.095+0000] {processor.py:840} INFO - DAG(s) 'example_branch_datetime_operator_2', 'example_branch_datetime_operator_3', 'example_branch_datetime_operator' retrieved from /home/airflow/.local/lib/python3.8/site-packages/airflow/example_dags/example_branch_datetime_operator.py
[2025-11-02T19:03:11.175+0000] {logging_mixin.py:188} INFO - [2025-11-02T19:03:11.175+0000] {dag.py:3036} INFO - Sync 3 DAGs
[2025-11-02T19:03:11.236+0000] {logging_mixin.py:188} INFO - [2025-11-02T19:03:11.236+0000] {dag.py:3823} INFO - Setting next_dagrun for example_branch_datetime_operator to 2025-11-01 00:00:00+00:00, run_after=2025-11-02 00:00:00+00:00
[2025-11-02T19:03:11.249+0000] {logging_mixin.py:188} INFO - [2025-11-02T19:03:11.248+0000] {dag.py:3823} INFO - Setting next_dagrun for example_branch_datetime_operator_2 to 2025-11-01 00:00:00+00:00, run_after=2025-11-02 00:00:00+00:00
[2025-11-02T19:03:11.254+0000] {logging_mixin.py:188} INFO - [2025-11-02T19:03:11.254+0000] {dag.py:3823} INFO - Setting next_dagrun for example_branch_datetime_operator_3 to 2025-11-01 00:00:00+00:00, run_after=2025-11-02 00:00:00+00:00
[2025-11-02T19:03:11.296+0000] {processor.py:183} INFO - Processing /home/airflow/.local/lib/python3.8/site-packages/airflow/example_dags/example_branch_datetime_operator.py took 0.250 seconds
[2025-11-02T19:03:41.567+0000] {processor.py:161} INFO - Started process (PID=4254) to work on /home/airflow/.local/lib/python3.8/site-packages/airflow/example_dags/example_branch_datetime_operator.py
[2025-11-02T19:03:41.570+0000] {processor.py:830} INFO - Processing file /home/airflow/.local/lib/python3.8/site-packages/airflow/example_dags/example_branch_datetime_operator.py for tasks to queue
[2025-11-02T19:03:41.577+0000] {logging_mixin.py:188} INFO - [2025-11-02T19:03:41.576+0000] {dagbag.py:538} INFO - Filling up the DagBag from /home/airflow/.local/lib/python3.8/site-packages/airflow/example_dags/example_branch_datetime_operator.py
[2025-11-02T19:03:41.599+0000] {processor.py:840} INFO - DAG(s) 'example_branch_datetime_operator_2', 'example_branch_datetime_operator', 'example_branch_datetime_operator_3' retrieved from /home/airflow/.local/lib/python3.8/site-packages/airflow/example_dags/example_branch_datetime_operator.py
[2025-11-02T19:03:41.657+0000] {logging_mixin.py:188} INFO - [2025-11-02T19:03:41.656+0000] {dag.py:3036} INFO - Sync 3 DAGs
[2025-11-02T19:03:41.703+0000] {logging_mixin.py:188} INFO - [2025-11-02T19:03:41.703+0000] {dag.py:3823} INFO - Setting next_dagrun for example_branch_datetime_operator to 2025-11-01 00:00:00+00:00, run_after=2025-11-02 00:00:00+00:00
[2025-11-02T19:03:41.714+0000] {logging_mixin.py:188} INFO - [2025-11-02T19:03:41.713+0000] {dag.py:3823} INFO - Setting next_dagrun for example_branch_datetime_operator_2 to 2025-11-01 00:00:00+00:00, run_after=2025-11-02 00:00:00+00:00
[2025-11-02T19:03:41.720+0000] {logging_mixin.py:188} INFO - [2025-11-02T19:03:41.719+0000] {dag.py:3823} INFO - Setting next_dagrun for example_branch_datetime_operator_3 to 2025-11-01 00:00:00+00:00, run_after=2025-11-02 00:00:00+00:00
[2025-11-02T19:03:41.754+0000] {processor.py:183} INFO - Processing /home/airflow/.local/lib/python3.8/site-packages/airflow/example_dags/example_branch_datetime_operator.py took 0.195 seconds
[2025-11-02T19:04:12.079+0000] {processor.py:161} INFO - Started process (PID=4309) to work on /home/airflow/.local/lib/python3.8/site-packages/airflow/example_dags/example_branch_datetime_operator.py
[2025-11-02T19:04:12.082+0000] {processor.py:830} INFO - Processing file /home/airflow/.local/lib/python3.8/site-packages/airflow/example_dags/example_branch_datetime_operator.py for tasks to queue
[2025-11-02T19:04:12.089+0000] {logging_mixin.py:188} INFO - [2025-11-02T19:04:12.088+0000] {dagbag.py:538} INFO - Filling up the DagBag from /home/airflow/.local/lib/python3.8/site-packages/airflow/example_dags/example_branch_datetime_operator.py
[2025-11-02T19:04:12.132+0000] {processor.py:840} INFO - DAG(s) 'example_branch_datetime_operator', 'example_branch_datetime_operator_3', 'example_branch_datetime_operator_2' retrieved from /home/airflow/.local/lib/python3.8/site-packages/airflow/example_dags/example_branch_datetime_operator.py
[2025-11-02T19:04:12.202+0000] {logging_mixin.py:188} INFO - [2025-11-02T19:04:12.202+0000] {dag.py:3036} INFO - Sync 3 DAGs
[2025-11-02T19:04:12.253+0000] {logging_mixin.py:188} INFO - [2025-11-02T19:04:12.253+0000] {dag.py:3823} INFO - Setting next_dagrun for example_branch_datetime_operator to 2025-11-01 00:00:00+00:00, run_after=2025-11-02 00:00:00+00:00
[2025-11-02T19:04:12.266+0000] {logging_mixin.py:188} INFO - [2025-11-02T19:04:12.265+0000] {dag.py:3823} INFO - Setting next_dagrun for example_branch_datetime_operator_2 to 2025-11-01 00:00:00+00:00, run_after=2025-11-02 00:00:00+00:00
[2025-11-02T19:04:12.272+0000] {logging_mixin.py:188} INFO - [2025-11-02T19:04:12.272+0000] {dag.py:3823} INFO - Setting next_dagrun for example_branch_datetime_operator_3 to 2025-11-01 00:00:00+00:00, run_after=2025-11-02 00:00:00+00:00
[2025-11-02T19:04:12.316+0000] {processor.py:183} INFO - Processing /home/airflow/.local/lib/python3.8/site-packages/airflow/example_dags/example_branch_datetime_operator.py took 0.247 seconds
[2025-11-02T19:04:42.940+0000] {processor.py:161} INFO - Started process (PID=4365) to work on /home/airflow/.local/lib/python3.8/site-packages/airflow/example_dags/example_branch_datetime_operator.py
[2025-11-02T19:04:42.943+0000] {processor.py:830} INFO - Processing file /home/airflow/.local/lib/python3.8/site-packages/airflow/example_dags/example_branch_datetime_operator.py for tasks to queue
[2025-11-02T19:04:42.949+0000] {logging_mixin.py:188} INFO - [2025-11-02T19:04:42.948+0000] {dagbag.py:538} INFO - Filling up the DagBag from /home/airflow/.local/lib/python3.8/site-packages/airflow/example_dags/example_branch_datetime_operator.py
[2025-11-02T19:04:42.980+0000] {processor.py:840} INFO - DAG(s) 'example_branch_datetime_operator_3', 'example_branch_datetime_operator', 'example_branch_datetime_operator_2' retrieved from /home/airflow/.local/lib/python3.8/site-packages/airflow/example_dags/example_branch_datetime_operator.py
[2025-11-02T19:04:43.060+0000] {logging_mixin.py:188} INFO - [2025-11-02T19:04:43.059+0000] {dag.py:3036} INFO - Sync 3 DAGs
[2025-11-02T19:04:43.139+0000] {logging_mixin.py:188} INFO - [2025-11-02T19:04:43.138+0000] {dag.py:3823} INFO - Setting next_dagrun for example_branch_datetime_operator to 2025-11-01 00:00:00+00:00, run_after=2025-11-02 00:00:00+00:00
[2025-11-02T19:04:43.162+0000] {logging_mixin.py:188} INFO - [2025-11-02T19:04:43.162+0000] {dag.py:3823} INFO - Setting next_dagrun for example_branch_datetime_operator_2 to 2025-11-01 00:00:00+00:00, run_after=2025-11-02 00:00:00+00:00
[2025-11-02T19:04:43.175+0000] {logging_mixin.py:188} INFO - [2025-11-02T19:04:43.174+0000] {dag.py:3823} INFO - Setting next_dagrun for example_branch_datetime_operator_3 to 2025-11-01 00:00:00+00:00, run_after=2025-11-02 00:00:00+00:00
[2025-11-02T19:04:43.220+0000] {processor.py:183} INFO - Processing /home/airflow/.local/lib/python3.8/site-packages/airflow/example_dags/example_branch_datetime_operator.py took 0.290 seconds
[2025-11-02T19:05:13.590+0000] {processor.py:161} INFO - Started process (PID=4420) to work on /home/airflow/.local/lib/python3.8/site-packages/airflow/example_dags/example_branch_datetime_operator.py
[2025-11-02T19:05:13.593+0000] {processor.py:830} INFO - Processing file /home/airflow/.local/lib/python3.8/site-packages/airflow/example_dags/example_branch_datetime_operator.py for tasks to queue
[2025-11-02T19:05:13.598+0000] {logging_mixin.py:188} INFO - [2025-11-02T19:05:13.598+0000] {dagbag.py:538} INFO - Filling up the DagBag from /home/airflow/.local/lib/python3.8/site-packages/airflow/example_dags/example_branch_datetime_operator.py
[2025-11-02T19:05:13.633+0000] {processor.py:840} INFO - DAG(s) 'example_branch_datetime_operator_3', 'example_branch_datetime_operator_2', 'example_branch_datetime_operator' retrieved from /home/airflow/.local/lib/python3.8/site-packages/airflow/example_dags/example_branch_datetime_operator.py
[2025-11-02T19:05:13.714+0000] {logging_mixin.py:188} INFO - [2025-11-02T19:05:13.713+0000] {dag.py:3036} INFO - Sync 3 DAGs
[2025-11-02T19:05:13.810+0000] {logging_mixin.py:188} INFO - [2025-11-02T19:05:13.809+0000] {dag.py:3823} INFO - Setting next_dagrun for example_branch_datetime_operator to 2025-11-01 00:00:00+00:00, run_after=2025-11-02 00:00:00+00:00
[2025-11-02T19:05:13.855+0000] {logging_mixin.py:188} INFO - [2025-11-02T19:05:13.854+0000] {dag.py:3823} INFO - Setting next_dagrun for example_branch_datetime_operator_2 to 2025-11-01 00:00:00+00:00, run_after=2025-11-02 00:00:00+00:00
[2025-11-02T19:05:13.877+0000] {logging_mixin.py:188} INFO - [2025-11-02T19:05:13.876+0000] {dag.py:3823} INFO - Setting next_dagrun for example_branch_datetime_operator_3 to 2025-11-01 00:00:00+00:00, run_after=2025-11-02 00:00:00+00:00
[2025-11-02T19:05:13.957+0000] {processor.py:183} INFO - Processing /home/airflow/.local/lib/python3.8/site-packages/airflow/example_dags/example_branch_datetime_operator.py took 0.378 seconds
[2025-11-02T19:05:44.086+0000] {processor.py:161} INFO - Started process (PID=4475) to work on /home/airflow/.local/lib/python3.8/site-packages/airflow/example_dags/example_branch_datetime_operator.py
[2025-11-02T19:05:44.090+0000] {processor.py:830} INFO - Processing file /home/airflow/.local/lib/python3.8/site-packages/airflow/example_dags/example_branch_datetime_operator.py for tasks to queue
[2025-11-02T19:05:44.095+0000] {logging_mixin.py:188} INFO - [2025-11-02T19:05:44.094+0000] {dagbag.py:538} INFO - Filling up the DagBag from /home/airflow/.local/lib/python3.8/site-packages/airflow/example_dags/example_branch_datetime_operator.py
[2025-11-02T19:05:44.123+0000] {processor.py:840} INFO - DAG(s) 'example_branch_datetime_operator_3', 'example_branch_datetime_operator_2', 'example_branch_datetime_operator' retrieved from /home/airflow/.local/lib/python3.8/site-packages/airflow/example_dags/example_branch_datetime_operator.py
[2025-11-02T19:05:44.194+0000] {logging_mixin.py:188} INFO - [2025-11-02T19:05:44.194+0000] {dag.py:3036} INFO - Sync 3 DAGs
[2025-11-02T19:05:44.259+0000] {logging_mixin.py:188} INFO - [2025-11-02T19:05:44.259+0000] {dag.py:3823} INFO - Setting next_dagrun for example_branch_datetime_operator to 2025-11-01 00:00:00+00:00, run_after=2025-11-02 00:00:00+00:00
[2025-11-02T19:05:44.270+0000] {logging_mixin.py:188} INFO - [2025-11-02T19:05:44.269+0000] {dag.py:3823} INFO - Setting next_dagrun for example_branch_datetime_operator_2 to 2025-11-01 00:00:00+00:00, run_after=2025-11-02 00:00:00+00:00
[2025-11-02T19:05:44.275+0000] {logging_mixin.py:188} INFO - [2025-11-02T19:05:44.275+0000] {dag.py:3823} INFO - Setting next_dagrun for example_branch_datetime_operator_3 to 2025-11-01 00:00:00+00:00, run_after=2025-11-02 00:00:00+00:00
[2025-11-02T19:05:44.308+0000] {processor.py:183} INFO - Processing /home/airflow/.local/lib/python3.8/site-packages/airflow/example_dags/example_branch_datetime_operator.py took 0.231 seconds
[2025-11-02T19:06:14.577+0000] {processor.py:161} INFO - Started process (PID=4530) to work on /home/airflow/.local/lib/python3.8/site-packages/airflow/example_dags/example_branch_datetime_operator.py
[2025-11-02T19:06:14.579+0000] {processor.py:830} INFO - Processing file /home/airflow/.local/lib/python3.8/site-packages/airflow/example_dags/example_branch_datetime_operator.py for tasks to queue
[2025-11-02T19:06:14.584+0000] {logging_mixin.py:188} INFO - [2025-11-02T19:06:14.584+0000] {dagbag.py:538} INFO - Filling up the DagBag from /home/airflow/.local/lib/python3.8/site-packages/airflow/example_dags/example_branch_datetime_operator.py
[2025-11-02T19:06:14.619+0000] {processor.py:840} INFO - DAG(s) 'example_branch_datetime_operator_2', 'example_branch_datetime_operator_3', 'example_branch_datetime_operator' retrieved from /home/airflow/.local/lib/python3.8/site-packages/airflow/example_dags/example_branch_datetime_operator.py
[2025-11-02T19:06:14.699+0000] {logging_mixin.py:188} INFO - [2025-11-02T19:06:14.697+0000] {dag.py:3036} INFO - Sync 3 DAGs
[2025-11-02T19:06:14.780+0000] {logging_mixin.py:188} INFO - [2025-11-02T19:06:14.779+0000] {dag.py:3823} INFO - Setting next_dagrun for example_branch_datetime_operator to 2025-11-01 00:00:00+00:00, run_after=2025-11-02 00:00:00+00:00
[2025-11-02T19:06:14.793+0000] {logging_mixin.py:188} INFO - [2025-11-02T19:06:14.793+0000] {dag.py:3823} INFO - Setting next_dagrun for example_branch_datetime_operator_2 to 2025-11-01 00:00:00+00:00, run_after=2025-11-02 00:00:00+00:00
[2025-11-02T19:06:14.800+0000] {logging_mixin.py:188} INFO - [2025-11-02T19:06:14.799+0000] {dag.py:3823} INFO - Setting next_dagrun for example_branch_datetime_operator_3 to 2025-11-01 00:00:00+00:00, run_after=2025-11-02 00:00:00+00:00
[2025-11-02T19:06:14.834+0000] {processor.py:183} INFO - Processing /home/airflow/.local/lib/python3.8/site-packages/airflow/example_dags/example_branch_datetime_operator.py took 0.267 seconds
[2025-11-02T19:06:45.628+0000] {processor.py:161} INFO - Started process (PID=4585) to work on /home/airflow/.local/lib/python3.8/site-packages/airflow/example_dags/example_branch_datetime_operator.py
[2025-11-02T19:06:45.631+0000] {processor.py:830} INFO - Processing file /home/airflow/.local/lib/python3.8/site-packages/airflow/example_dags/example_branch_datetime_operator.py for tasks to queue
[2025-11-02T19:06:45.636+0000] {logging_mixin.py:188} INFO - [2025-11-02T19:06:45.635+0000] {dagbag.py:538} INFO - Filling up the DagBag from /home/airflow/.local/lib/python3.8/site-packages/airflow/example_dags/example_branch_datetime_operator.py
[2025-11-02T19:06:45.672+0000] {processor.py:840} INFO - DAG(s) 'example_branch_datetime_operator_2', 'example_branch_datetime_operator_3', 'example_branch_datetime_operator' retrieved from /home/airflow/.local/lib/python3.8/site-packages/airflow/example_dags/example_branch_datetime_operator.py
[2025-11-02T19:06:45.743+0000] {logging_mixin.py:188} INFO - [2025-11-02T19:06:45.742+0000] {dag.py:3036} INFO - Sync 3 DAGs
[2025-11-02T19:06:45.807+0000] {logging_mixin.py:188} INFO - [2025-11-02T19:06:45.807+0000] {dag.py:3823} INFO - Setting next_dagrun for example_branch_datetime_operator to 2025-11-01 00:00:00+00:00, run_after=2025-11-02 00:00:00+00:00
[2025-11-02T19:06:45.820+0000] {logging_mixin.py:188} INFO - [2025-11-02T19:06:45.820+0000] {dag.py:3823} INFO - Setting next_dagrun for example_branch_datetime_operator_2 to 2025-11-01 00:00:00+00:00, run_after=2025-11-02 00:00:00+00:00
[2025-11-02T19:06:45.826+0000] {logging_mixin.py:188} INFO - [2025-11-02T19:06:45.826+0000] {dag.py:3823} INFO - Setting next_dagrun for example_branch_datetime_operator_3 to 2025-11-01 00:00:00+00:00, run_after=2025-11-02 00:00:00+00:00
[2025-11-02T19:06:45.877+0000] {processor.py:183} INFO - Processing /home/airflow/.local/lib/python3.8/site-packages/airflow/example_dags/example_branch_datetime_operator.py took 0.257 seconds
[2025-11-02T19:07:16.045+0000] {processor.py:161} INFO - Started process (PID=4640) to work on /home/airflow/.local/lib/python3.8/site-packages/airflow/example_dags/example_branch_datetime_operator.py
[2025-11-02T19:07:16.049+0000] {processor.py:830} INFO - Processing file /home/airflow/.local/lib/python3.8/site-packages/airflow/example_dags/example_branch_datetime_operator.py for tasks to queue
[2025-11-02T19:07:16.056+0000] {logging_mixin.py:188} INFO - [2025-11-02T19:07:16.055+0000] {dagbag.py:538} INFO - Filling up the DagBag from /home/airflow/.local/lib/python3.8/site-packages/airflow/example_dags/example_branch_datetime_operator.py
[2025-11-02T19:07:16.097+0000] {processor.py:840} INFO - DAG(s) 'example_branch_datetime_operator_2', 'example_branch_datetime_operator', 'example_branch_datetime_operator_3' retrieved from /home/airflow/.local/lib/python3.8/site-packages/airflow/example_dags/example_branch_datetime_operator.py
[2025-11-02T19:07:16.200+0000] {logging_mixin.py:188} INFO - [2025-11-02T19:07:16.199+0000] {dag.py:3036} INFO - Sync 3 DAGs
[2025-11-02T19:07:16.271+0000] {logging_mixin.py:188} INFO - [2025-11-02T19:07:16.270+0000] {dag.py:3823} INFO - Setting next_dagrun for example_branch_datetime_operator to 2025-11-01 00:00:00+00:00, run_after=2025-11-02 00:00:00+00:00
[2025-11-02T19:07:16.283+0000] {logging_mixin.py:188} INFO - [2025-11-02T19:07:16.282+0000] {dag.py:3823} INFO - Setting next_dagrun for example_branch_datetime_operator_2 to 2025-11-01 00:00:00+00:00, run_after=2025-11-02 00:00:00+00:00
[2025-11-02T19:07:16.289+0000] {logging_mixin.py:188} INFO - [2025-11-02T19:07:16.289+0000] {dag.py:3823} INFO - Setting next_dagrun for example_branch_datetime_operator_3 to 2025-11-01 00:00:00+00:00, run_after=2025-11-02 00:00:00+00:00
[2025-11-02T19:07:16.335+0000] {processor.py:183} INFO - Processing /home/airflow/.local/lib/python3.8/site-packages/airflow/example_dags/example_branch_datetime_operator.py took 0.305 seconds
[2025-11-02T19:07:46.613+0000] {processor.py:161} INFO - Started process (PID=4694) to work on /home/airflow/.local/lib/python3.8/site-packages/airflow/example_dags/example_branch_datetime_operator.py
[2025-11-02T19:07:46.616+0000] {processor.py:830} INFO - Processing file /home/airflow/.local/lib/python3.8/site-packages/airflow/example_dags/example_branch_datetime_operator.py for tasks to queue
[2025-11-02T19:07:46.621+0000] {logging_mixin.py:188} INFO - [2025-11-02T19:07:46.620+0000] {dagbag.py:538} INFO - Filling up the DagBag from /home/airflow/.local/lib/python3.8/site-packages/airflow/example_dags/example_branch_datetime_operator.py
[2025-11-02T19:07:46.648+0000] {processor.py:840} INFO - DAG(s) 'example_branch_datetime_operator', 'example_branch_datetime_operator_2', 'example_branch_datetime_operator_3' retrieved from /home/airflow/.local/lib/python3.8/site-packages/airflow/example_dags/example_branch_datetime_operator.py
[2025-11-02T19:07:46.740+0000] {logging_mixin.py:188} INFO - [2025-11-02T19:07:46.740+0000] {dag.py:3036} INFO - Sync 3 DAGs
[2025-11-02T19:07:46.809+0000] {logging_mixin.py:188} INFO - [2025-11-02T19:07:46.809+0000] {dag.py:3823} INFO - Setting next_dagrun for example_branch_datetime_operator to 2025-11-01 00:00:00+00:00, run_after=2025-11-02 00:00:00+00:00
[2025-11-02T19:07:46.821+0000] {logging_mixin.py:188} INFO - [2025-11-02T19:07:46.821+0000] {dag.py:3823} INFO - Setting next_dagrun for example_branch_datetime_operator_2 to 2025-11-01 00:00:00+00:00, run_after=2025-11-02 00:00:00+00:00
[2025-11-02T19:07:46.830+0000] {logging_mixin.py:188} INFO - [2025-11-02T19:07:46.830+0000] {dag.py:3823} INFO - Setting next_dagrun for example_branch_datetime_operator_3 to 2025-11-01 00:00:00+00:00, run_after=2025-11-02 00:00:00+00:00
[2025-11-02T19:07:46.873+0000] {processor.py:183} INFO - Processing /home/airflow/.local/lib/python3.8/site-packages/airflow/example_dags/example_branch_datetime_operator.py took 0.269 seconds
[2025-11-02T19:08:17.912+0000] {processor.py:161} INFO - Started process (PID=4749) to work on /home/airflow/.local/lib/python3.8/site-packages/airflow/example_dags/example_branch_datetime_operator.py
[2025-11-02T19:08:17.917+0000] {processor.py:830} INFO - Processing file /home/airflow/.local/lib/python3.8/site-packages/airflow/example_dags/example_branch_datetime_operator.py for tasks to queue
[2025-11-02T19:08:17.926+0000] {logging_mixin.py:188} INFO - [2025-11-02T19:08:17.925+0000] {dagbag.py:538} INFO - Filling up the DagBag from /home/airflow/.local/lib/python3.8/site-packages/airflow/example_dags/example_branch_datetime_operator.py
[2025-11-02T19:08:17.972+0000] {processor.py:840} INFO - DAG(s) 'example_branch_datetime_operator_3', 'example_branch_datetime_operator', 'example_branch_datetime_operator_2' retrieved from /home/airflow/.local/lib/python3.8/site-packages/airflow/example_dags/example_branch_datetime_operator.py
[2025-11-02T19:08:18.118+0000] {logging_mixin.py:188} INFO - [2025-11-02T19:08:18.117+0000] {dag.py:3036} INFO - Sync 3 DAGs
[2025-11-02T19:08:18.212+0000] {logging_mixin.py:188} INFO - [2025-11-02T19:08:18.212+0000] {dag.py:3823} INFO - Setting next_dagrun for example_branch_datetime_operator to 2025-11-01 00:00:00+00:00, run_after=2025-11-02 00:00:00+00:00
[2025-11-02T19:08:18.234+0000] {logging_mixin.py:188} INFO - [2025-11-02T19:08:18.234+0000] {dag.py:3823} INFO - Setting next_dagrun for example_branch_datetime_operator_2 to 2025-11-01 00:00:00+00:00, run_after=2025-11-02 00:00:00+00:00
[2025-11-02T19:08:18.241+0000] {logging_mixin.py:188} INFO - [2025-11-02T19:08:18.240+0000] {dag.py:3823} INFO - Setting next_dagrun for example_branch_datetime_operator_3 to 2025-11-01 00:00:00+00:00, run_after=2025-11-02 00:00:00+00:00
[2025-11-02T19:08:18.301+0000] {processor.py:183} INFO - Processing /home/airflow/.local/lib/python3.8/site-packages/airflow/example_dags/example_branch_datetime_operator.py took 0.403 seconds
[2025-11-02T19:08:48.784+0000] {processor.py:161} INFO - Started process (PID=4804) to work on /home/airflow/.local/lib/python3.8/site-packages/airflow/example_dags/example_branch_datetime_operator.py
[2025-11-02T19:08:48.787+0000] {processor.py:830} INFO - Processing file /home/airflow/.local/lib/python3.8/site-packages/airflow/example_dags/example_branch_datetime_operator.py for tasks to queue
[2025-11-02T19:08:48.792+0000] {logging_mixin.py:188} INFO - [2025-11-02T19:08:48.791+0000] {dagbag.py:538} INFO - Filling up the DagBag from /home/airflow/.local/lib/python3.8/site-packages/airflow/example_dags/example_branch_datetime_operator.py
[2025-11-02T19:08:48.823+0000] {processor.py:840} INFO - DAG(s) 'example_branch_datetime_operator_3', 'example_branch_datetime_operator', 'example_branch_datetime_operator_2' retrieved from /home/airflow/.local/lib/python3.8/site-packages/airflow/example_dags/example_branch_datetime_operator.py
[2025-11-02T19:08:48.908+0000] {logging_mixin.py:188} INFO - [2025-11-02T19:08:48.907+0000] {dag.py:3036} INFO - Sync 3 DAGs
[2025-11-02T19:08:48.966+0000] {logging_mixin.py:188} INFO - [2025-11-02T19:08:48.966+0000] {dag.py:3823} INFO - Setting next_dagrun for example_branch_datetime_operator to 2025-11-01 00:00:00+00:00, run_after=2025-11-02 00:00:00+00:00
[2025-11-02T19:08:48.985+0000] {logging_mixin.py:188} INFO - [2025-11-02T19:08:48.984+0000] {dag.py:3823} INFO - Setting next_dagrun for example_branch_datetime_operator_2 to 2025-11-01 00:00:00+00:00, run_after=2025-11-02 00:00:00+00:00
[2025-11-02T19:08:49.004+0000] {logging_mixin.py:188} INFO - [2025-11-02T19:08:49.003+0000] {dag.py:3823} INFO - Setting next_dagrun for example_branch_datetime_operator_3 to 2025-11-01 00:00:00+00:00, run_after=2025-11-02 00:00:00+00:00
[2025-11-02T19:08:49.076+0000] {processor.py:183} INFO - Processing /home/airflow/.local/lib/python3.8/site-packages/airflow/example_dags/example_branch_datetime_operator.py took 0.302 seconds
[2025-11-02T19:09:19.570+0000] {processor.py:161} INFO - Started process (PID=4859) to work on /home/airflow/.local/lib/python3.8/site-packages/airflow/example_dags/example_branch_datetime_operator.py
[2025-11-02T19:09:19.574+0000] {processor.py:830} INFO - Processing file /home/airflow/.local/lib/python3.8/site-packages/airflow/example_dags/example_branch_datetime_operator.py for tasks to queue
[2025-11-02T19:09:19.579+0000] {logging_mixin.py:188} INFO - [2025-11-02T19:09:19.578+0000] {dagbag.py:538} INFO - Filling up the DagBag from /home/airflow/.local/lib/python3.8/site-packages/airflow/example_dags/example_branch_datetime_operator.py
[2025-11-02T19:09:19.607+0000] {processor.py:840} INFO - DAG(s) 'example_branch_datetime_operator_2', 'example_branch_datetime_operator', 'example_branch_datetime_operator_3' retrieved from /home/airflow/.local/lib/python3.8/site-packages/airflow/example_dags/example_branch_datetime_operator.py
[2025-11-02T19:09:19.685+0000] {logging_mixin.py:188} INFO - [2025-11-02T19:09:19.685+0000] {dag.py:3036} INFO - Sync 3 DAGs
[2025-11-02T19:09:19.750+0000] {logging_mixin.py:188} INFO - [2025-11-02T19:09:19.750+0000] {dag.py:3823} INFO - Setting next_dagrun for example_branch_datetime_operator to 2025-11-01 00:00:00+00:00, run_after=2025-11-02 00:00:00+00:00
[2025-11-02T19:09:19.765+0000] {logging_mixin.py:188} INFO - [2025-11-02T19:09:19.765+0000] {dag.py:3823} INFO - Setting next_dagrun for example_branch_datetime_operator_2 to 2025-11-01 00:00:00+00:00, run_after=2025-11-02 00:00:00+00:00
[2025-11-02T19:09:19.772+0000] {logging_mixin.py:188} INFO - [2025-11-02T19:09:19.771+0000] {dag.py:3823} INFO - Setting next_dagrun for example_branch_datetime_operator_3 to 2025-11-01 00:00:00+00:00, run_after=2025-11-02 00:00:00+00:00
[2025-11-02T19:09:19.846+0000] {processor.py:183} INFO - Processing /home/airflow/.local/lib/python3.8/site-packages/airflow/example_dags/example_branch_datetime_operator.py took 0.286 seconds
[2025-11-02T19:09:52.038+0000] {processor.py:161} INFO - Started process (PID=4914) to work on /home/airflow/.local/lib/python3.8/site-packages/airflow/example_dags/example_branch_datetime_operator.py
[2025-11-02T19:09:52.053+0000] {processor.py:830} INFO - Processing file /home/airflow/.local/lib/python3.8/site-packages/airflow/example_dags/example_branch_datetime_operator.py for tasks to queue
[2025-11-02T19:09:52.072+0000] {logging_mixin.py:188} INFO - [2025-11-02T19:09:52.070+0000] {dagbag.py:538} INFO - Filling up the DagBag from /home/airflow/.local/lib/python3.8/site-packages/airflow/example_dags/example_branch_datetime_operator.py
[2025-11-02T19:09:52.148+0000] {processor.py:840} INFO - DAG(s) 'example_branch_datetime_operator_3', 'example_branch_datetime_operator', 'example_branch_datetime_operator_2' retrieved from /home/airflow/.local/lib/python3.8/site-packages/airflow/example_dags/example_branch_datetime_operator.py
[2025-11-02T19:09:52.302+0000] {logging_mixin.py:188} INFO - [2025-11-02T19:09:52.302+0000] {dag.py:3036} INFO - Sync 3 DAGs
[2025-11-02T19:09:52.437+0000] {logging_mixin.py:188} INFO - [2025-11-02T19:09:52.436+0000] {dag.py:3823} INFO - Setting next_dagrun for example_branch_datetime_operator to 2025-11-01 00:00:00+00:00, run_after=2025-11-02 00:00:00+00:00
[2025-11-02T19:09:52.458+0000] {logging_mixin.py:188} INFO - [2025-11-02T19:09:52.457+0000] {dag.py:3823} INFO - Setting next_dagrun for example_branch_datetime_operator_2 to 2025-11-01 00:00:00+00:00, run_after=2025-11-02 00:00:00+00:00
[2025-11-02T19:09:52.474+0000] {logging_mixin.py:188} INFO - [2025-11-02T19:09:52.474+0000] {dag.py:3823} INFO - Setting next_dagrun for example_branch_datetime_operator_3 to 2025-11-01 00:00:00+00:00, run_after=2025-11-02 00:00:00+00:00
[2025-11-02T19:09:52.550+0000] {processor.py:183} INFO - Processing /home/airflow/.local/lib/python3.8/site-packages/airflow/example_dags/example_branch_datetime_operator.py took 0.532 seconds
[2025-11-02T19:10:22.804+0000] {processor.py:161} INFO - Started process (PID=4969) to work on /home/airflow/.local/lib/python3.8/site-packages/airflow/example_dags/example_branch_datetime_operator.py
[2025-11-02T19:10:22.808+0000] {processor.py:830} INFO - Processing file /home/airflow/.local/lib/python3.8/site-packages/airflow/example_dags/example_branch_datetime_operator.py for tasks to queue
[2025-11-02T19:10:22.818+0000] {logging_mixin.py:188} INFO - [2025-11-02T19:10:22.817+0000] {dagbag.py:538} INFO - Filling up the DagBag from /home/airflow/.local/lib/python3.8/site-packages/airflow/example_dags/example_branch_datetime_operator.py
[2025-11-02T19:10:22.844+0000] {processor.py:840} INFO - DAG(s) 'example_branch_datetime_operator', 'example_branch_datetime_operator_3', 'example_branch_datetime_operator_2' retrieved from /home/airflow/.local/lib/python3.8/site-packages/airflow/example_dags/example_branch_datetime_operator.py
[2025-11-02T19:10:22.919+0000] {logging_mixin.py:188} INFO - [2025-11-02T19:10:22.918+0000] {dag.py:3036} INFO - Sync 3 DAGs
[2025-11-02T19:10:22.993+0000] {logging_mixin.py:188} INFO - [2025-11-02T19:10:22.992+0000] {dag.py:3823} INFO - Setting next_dagrun for example_branch_datetime_operator to 2025-11-01 00:00:00+00:00, run_after=2025-11-02 00:00:00+00:00
[2025-11-02T19:10:23.008+0000] {logging_mixin.py:188} INFO - [2025-11-02T19:10:23.007+0000] {dag.py:3823} INFO - Setting next_dagrun for example_branch_datetime_operator_2 to 2025-11-01 00:00:00+00:00, run_after=2025-11-02 00:00:00+00:00
[2025-11-02T19:10:23.016+0000] {logging_mixin.py:188} INFO - [2025-11-02T19:10:23.015+0000] {dag.py:3823} INFO - Setting next_dagrun for example_branch_datetime_operator_3 to 2025-11-01 00:00:00+00:00, run_after=2025-11-02 00:00:00+00:00
[2025-11-02T19:10:23.059+0000] {processor.py:183} INFO - Processing /home/airflow/.local/lib/python3.8/site-packages/airflow/example_dags/example_branch_datetime_operator.py took 0.268 seconds
[2025-11-02T19:10:53.272+0000] {processor.py:161} INFO - Started process (PID=5024) to work on /home/airflow/.local/lib/python3.8/site-packages/airflow/example_dags/example_branch_datetime_operator.py
[2025-11-02T19:10:53.274+0000] {processor.py:830} INFO - Processing file /home/airflow/.local/lib/python3.8/site-packages/airflow/example_dags/example_branch_datetime_operator.py for tasks to queue
[2025-11-02T19:10:53.280+0000] {logging_mixin.py:188} INFO - [2025-11-02T19:10:53.279+0000] {dagbag.py:538} INFO - Filling up the DagBag from /home/airflow/.local/lib/python3.8/site-packages/airflow/example_dags/example_branch_datetime_operator.py
[2025-11-02T19:10:53.312+0000] {processor.py:840} INFO - DAG(s) 'example_branch_datetime_operator_2', 'example_branch_datetime_operator', 'example_branch_datetime_operator_3' retrieved from /home/airflow/.local/lib/python3.8/site-packages/airflow/example_dags/example_branch_datetime_operator.py
[2025-11-02T19:10:53.382+0000] {logging_mixin.py:188} INFO - [2025-11-02T19:10:53.382+0000] {dag.py:3036} INFO - Sync 3 DAGs
[2025-11-02T19:10:53.443+0000] {logging_mixin.py:188} INFO - [2025-11-02T19:10:53.443+0000] {dag.py:3823} INFO - Setting next_dagrun for example_branch_datetime_operator to 2025-11-01 00:00:00+00:00, run_after=2025-11-02 00:00:00+00:00
[2025-11-02T19:10:53.455+0000] {logging_mixin.py:188} INFO - [2025-11-02T19:10:53.454+0000] {dag.py:3823} INFO - Setting next_dagrun for example_branch_datetime_operator_2 to 2025-11-01 00:00:00+00:00, run_after=2025-11-02 00:00:00+00:00
[2025-11-02T19:10:53.462+0000] {logging_mixin.py:188} INFO - [2025-11-02T19:10:53.461+0000] {dag.py:3823} INFO - Setting next_dagrun for example_branch_datetime_operator_3 to 2025-11-01 00:00:00+00:00, run_after=2025-11-02 00:00:00+00:00
[2025-11-02T19:10:53.506+0000] {processor.py:183} INFO - Processing /home/airflow/.local/lib/python3.8/site-packages/airflow/example_dags/example_branch_datetime_operator.py took 0.242 seconds
[2025-11-02T19:11:23.951+0000] {processor.py:161} INFO - Started process (PID=5079) to work on /home/airflow/.local/lib/python3.8/site-packages/airflow/example_dags/example_branch_datetime_operator.py
[2025-11-02T19:11:23.954+0000] {processor.py:830} INFO - Processing file /home/airflow/.local/lib/python3.8/site-packages/airflow/example_dags/example_branch_datetime_operator.py for tasks to queue
[2025-11-02T19:11:23.958+0000] {logging_mixin.py:188} INFO - [2025-11-02T19:11:23.958+0000] {dagbag.py:538} INFO - Filling up the DagBag from /home/airflow/.local/lib/python3.8/site-packages/airflow/example_dags/example_branch_datetime_operator.py
[2025-11-02T19:11:23.986+0000] {processor.py:840} INFO - DAG(s) 'example_branch_datetime_operator', 'example_branch_datetime_operator_3', 'example_branch_datetime_operator_2' retrieved from /home/airflow/.local/lib/python3.8/site-packages/airflow/example_dags/example_branch_datetime_operator.py
[2025-11-02T19:11:24.064+0000] {logging_mixin.py:188} INFO - [2025-11-02T19:11:24.063+0000] {dag.py:3036} INFO - Sync 3 DAGs
[2025-11-02T19:11:24.130+0000] {logging_mixin.py:188} INFO - [2025-11-02T19:11:24.130+0000] {dag.py:3823} INFO - Setting next_dagrun for example_branch_datetime_operator to 2025-11-01 00:00:00+00:00, run_after=2025-11-02 00:00:00+00:00
[2025-11-02T19:11:24.145+0000] {logging_mixin.py:188} INFO - [2025-11-02T19:11:24.145+0000] {dag.py:3823} INFO - Setting next_dagrun for example_branch_datetime_operator_2 to 2025-11-01 00:00:00+00:00, run_after=2025-11-02 00:00:00+00:00
[2025-11-02T19:11:24.154+0000] {logging_mixin.py:188} INFO - [2025-11-02T19:11:24.154+0000] {dag.py:3823} INFO - Setting next_dagrun for example_branch_datetime_operator_3 to 2025-11-01 00:00:00+00:00, run_after=2025-11-02 00:00:00+00:00
[2025-11-02T19:11:24.197+0000] {processor.py:183} INFO - Processing /home/airflow/.local/lib/python3.8/site-packages/airflow/example_dags/example_branch_datetime_operator.py took 0.257 seconds
[2025-11-02T19:11:55.404+0000] {processor.py:161} INFO - Started process (PID=5134) to work on /home/airflow/.local/lib/python3.8/site-packages/airflow/example_dags/example_branch_datetime_operator.py
[2025-11-02T19:11:55.407+0000] {processor.py:830} INFO - Processing file /home/airflow/.local/lib/python3.8/site-packages/airflow/example_dags/example_branch_datetime_operator.py for tasks to queue
[2025-11-02T19:11:55.412+0000] {logging_mixin.py:188} INFO - [2025-11-02T19:11:55.411+0000] {dagbag.py:538} INFO - Filling up the DagBag from /home/airflow/.local/lib/python3.8/site-packages/airflow/example_dags/example_branch_datetime_operator.py
[2025-11-02T19:11:55.440+0000] {processor.py:840} INFO - DAG(s) 'example_branch_datetime_operator', 'example_branch_datetime_operator_3', 'example_branch_datetime_operator_2' retrieved from /home/airflow/.local/lib/python3.8/site-packages/airflow/example_dags/example_branch_datetime_operator.py
[2025-11-02T19:11:55.582+0000] {logging_mixin.py:188} INFO - [2025-11-02T19:11:55.581+0000] {dag.py:3036} INFO - Sync 3 DAGs
[2025-11-02T19:11:55.744+0000] {logging_mixin.py:188} INFO - [2025-11-02T19:11:55.743+0000] {dag.py:3823} INFO - Setting next_dagrun for example_branch_datetime_operator to 2025-11-01 00:00:00+00:00, run_after=2025-11-02 00:00:00+00:00
[2025-11-02T19:11:55.766+0000] {logging_mixin.py:188} INFO - [2025-11-02T19:11:55.765+0000] {dag.py:3823} INFO - Setting next_dagrun for example_branch_datetime_operator_2 to 2025-11-01 00:00:00+00:00, run_after=2025-11-02 00:00:00+00:00
[2025-11-02T19:11:55.782+0000] {logging_mixin.py:188} INFO - [2025-11-02T19:11:55.782+0000] {dag.py:3823} INFO - Setting next_dagrun for example_branch_datetime_operator_3 to 2025-11-01 00:00:00+00:00, run_after=2025-11-02 00:00:00+00:00
[2025-11-02T19:11:55.859+0000] {processor.py:183} INFO - Processing /home/airflow/.local/lib/python3.8/site-packages/airflow/example_dags/example_branch_datetime_operator.py took 0.465 seconds
[2025-11-02T19:12:26.597+0000] {processor.py:161} INFO - Started process (PID=5189) to work on /home/airflow/.local/lib/python3.8/site-packages/airflow/example_dags/example_branch_datetime_operator.py
[2025-11-02T19:12:26.601+0000] {processor.py:830} INFO - Processing file /home/airflow/.local/lib/python3.8/site-packages/airflow/example_dags/example_branch_datetime_operator.py for tasks to queue
[2025-11-02T19:12:26.608+0000] {logging_mixin.py:188} INFO - [2025-11-02T19:12:26.607+0000] {dagbag.py:538} INFO - Filling up the DagBag from /home/airflow/.local/lib/python3.8/site-packages/airflow/example_dags/example_branch_datetime_operator.py
[2025-11-02T19:12:26.646+0000] {processor.py:840} INFO - DAG(s) 'example_branch_datetime_operator', 'example_branch_datetime_operator_2', 'example_branch_datetime_operator_3' retrieved from /home/airflow/.local/lib/python3.8/site-packages/airflow/example_dags/example_branch_datetime_operator.py
[2025-11-02T19:12:26.767+0000] {logging_mixin.py:188} INFO - [2025-11-02T19:12:26.766+0000] {dag.py:3036} INFO - Sync 3 DAGs
[2025-11-02T19:12:26.877+0000] {logging_mixin.py:188} INFO - [2025-11-02T19:12:26.877+0000] {dag.py:3823} INFO - Setting next_dagrun for example_branch_datetime_operator to 2025-11-01 00:00:00+00:00, run_after=2025-11-02 00:00:00+00:00
[2025-11-02T19:12:26.912+0000] {logging_mixin.py:188} INFO - [2025-11-02T19:12:26.912+0000] {dag.py:3823} INFO - Setting next_dagrun for example_branch_datetime_operator_2 to 2025-11-01 00:00:00+00:00, run_after=2025-11-02 00:00:00+00:00
[2025-11-02T19:12:26.932+0000] {logging_mixin.py:188} INFO - [2025-11-02T19:12:26.931+0000] {dag.py:3823} INFO - Setting next_dagrun for example_branch_datetime_operator_3 to 2025-11-01 00:00:00+00:00, run_after=2025-11-02 00:00:00+00:00
[2025-11-02T19:12:27.004+0000] {processor.py:183} INFO - Processing /home/airflow/.local/lib/python3.8/site-packages/airflow/example_dags/example_branch_datetime_operator.py took 0.419 seconds
[2025-11-02T19:12:57.522+0000] {processor.py:161} INFO - Started process (PID=5245) to work on /home/airflow/.local/lib/python3.8/site-packages/airflow/example_dags/example_branch_datetime_operator.py
[2025-11-02T19:12:57.526+0000] {processor.py:830} INFO - Processing file /home/airflow/.local/lib/python3.8/site-packages/airflow/example_dags/example_branch_datetime_operator.py for tasks to queue
[2025-11-02T19:12:57.532+0000] {logging_mixin.py:188} INFO - [2025-11-02T19:12:57.531+0000] {dagbag.py:538} INFO - Filling up the DagBag from /home/airflow/.local/lib/python3.8/site-packages/airflow/example_dags/example_branch_datetime_operator.py
[2025-11-02T19:12:57.566+0000] {processor.py:840} INFO - DAG(s) 'example_branch_datetime_operator_2', 'example_branch_datetime_operator', 'example_branch_datetime_operator_3' retrieved from /home/airflow/.local/lib/python3.8/site-packages/airflow/example_dags/example_branch_datetime_operator.py
[2025-11-02T19:12:57.645+0000] {logging_mixin.py:188} INFO - [2025-11-02T19:12:57.644+0000] {dag.py:3036} INFO - Sync 3 DAGs
[2025-11-02T19:12:57.706+0000] {logging_mixin.py:188} INFO - [2025-11-02T19:12:57.705+0000] {dag.py:3823} INFO - Setting next_dagrun for example_branch_datetime_operator to 2025-11-01 00:00:00+00:00, run_after=2025-11-02 00:00:00+00:00
[2025-11-02T19:12:57.723+0000] {logging_mixin.py:188} INFO - [2025-11-02T19:12:57.722+0000] {dag.py:3823} INFO - Setting next_dagrun for example_branch_datetime_operator_2 to 2025-11-01 00:00:00+00:00, run_after=2025-11-02 00:00:00+00:00
[2025-11-02T19:12:57.732+0000] {logging_mixin.py:188} INFO - [2025-11-02T19:12:57.732+0000] {dag.py:3823} INFO - Setting next_dagrun for example_branch_datetime_operator_3 to 2025-11-01 00:00:00+00:00, run_after=2025-11-02 00:00:00+00:00
[2025-11-02T19:12:57.780+0000] {processor.py:183} INFO - Processing /home/airflow/.local/lib/python3.8/site-packages/airflow/example_dags/example_branch_datetime_operator.py took 0.270 seconds
[2025-11-02T19:13:28.638+0000] {processor.py:161} INFO - Started process (PID=5299) to work on /home/airflow/.local/lib/python3.8/site-packages/airflow/example_dags/example_branch_datetime_operator.py
[2025-11-02T19:13:28.640+0000] {processor.py:830} INFO - Processing file /home/airflow/.local/lib/python3.8/site-packages/airflow/example_dags/example_branch_datetime_operator.py for tasks to queue
[2025-11-02T19:13:28.646+0000] {logging_mixin.py:188} INFO - [2025-11-02T19:13:28.645+0000] {dagbag.py:538} INFO - Filling up the DagBag from /home/airflow/.local/lib/python3.8/site-packages/airflow/example_dags/example_branch_datetime_operator.py
[2025-11-02T19:13:28.684+0000] {processor.py:840} INFO - DAG(s) 'example_branch_datetime_operator_2', 'example_branch_datetime_operator', 'example_branch_datetime_operator_3' retrieved from /home/airflow/.local/lib/python3.8/site-packages/airflow/example_dags/example_branch_datetime_operator.py
[2025-11-02T19:13:28.787+0000] {logging_mixin.py:188} INFO - [2025-11-02T19:13:28.787+0000] {dag.py:3036} INFO - Sync 3 DAGs
[2025-11-02T19:13:28.865+0000] {logging_mixin.py:188} INFO - [2025-11-02T19:13:28.864+0000] {dag.py:3823} INFO - Setting next_dagrun for example_branch_datetime_operator to 2025-11-01 00:00:00+00:00, run_after=2025-11-02 00:00:00+00:00
[2025-11-02T19:13:28.879+0000] {logging_mixin.py:188} INFO - [2025-11-02T19:13:28.878+0000] {dag.py:3823} INFO - Setting next_dagrun for example_branch_datetime_operator_2 to 2025-11-01 00:00:00+00:00, run_after=2025-11-02 00:00:00+00:00
[2025-11-02T19:13:28.889+0000] {logging_mixin.py:188} INFO - [2025-11-02T19:13:28.888+0000] {dag.py:3823} INFO - Setting next_dagrun for example_branch_datetime_operator_3 to 2025-11-01 00:00:00+00:00, run_after=2025-11-02 00:00:00+00:00
[2025-11-02T19:13:28.946+0000] {processor.py:183} INFO - Processing /home/airflow/.local/lib/python3.8/site-packages/airflow/example_dags/example_branch_datetime_operator.py took 0.319 seconds
[2025-11-02T19:13:59.321+0000] {processor.py:161} INFO - Started process (PID=5353) to work on /home/airflow/.local/lib/python3.8/site-packages/airflow/example_dags/example_branch_datetime_operator.py
[2025-11-02T19:13:59.324+0000] {processor.py:830} INFO - Processing file /home/airflow/.local/lib/python3.8/site-packages/airflow/example_dags/example_branch_datetime_operator.py for tasks to queue
[2025-11-02T19:13:59.328+0000] {logging_mixin.py:188} INFO - [2025-11-02T19:13:59.328+0000] {dagbag.py:538} INFO - Filling up the DagBag from /home/airflow/.local/lib/python3.8/site-packages/airflow/example_dags/example_branch_datetime_operator.py
[2025-11-02T19:13:59.352+0000] {processor.py:840} INFO - DAG(s) 'example_branch_datetime_operator_2', 'example_branch_datetime_operator', 'example_branch_datetime_operator_3' retrieved from /home/airflow/.local/lib/python3.8/site-packages/airflow/example_dags/example_branch_datetime_operator.py
[2025-11-02T19:13:59.410+0000] {logging_mixin.py:188} INFO - [2025-11-02T19:13:59.410+0000] {dag.py:3036} INFO - Sync 3 DAGs
[2025-11-02T19:13:59.458+0000] {logging_mixin.py:188} INFO - [2025-11-02T19:13:59.458+0000] {dag.py:3823} INFO - Setting next_dagrun for example_branch_datetime_operator to 2025-11-01 00:00:00+00:00, run_after=2025-11-02 00:00:00+00:00
[2025-11-02T19:13:59.468+0000] {logging_mixin.py:188} INFO - [2025-11-02T19:13:59.468+0000] {dag.py:3823} INFO - Setting next_dagrun for example_branch_datetime_operator_2 to 2025-11-01 00:00:00+00:00, run_after=2025-11-02 00:00:00+00:00
[2025-11-02T19:13:59.474+0000] {logging_mixin.py:188} INFO - [2025-11-02T19:13:59.474+0000] {dag.py:3823} INFO - Setting next_dagrun for example_branch_datetime_operator_3 to 2025-11-01 00:00:00+00:00, run_after=2025-11-02 00:00:00+00:00
[2025-11-02T19:13:59.522+0000] {processor.py:183} INFO - Processing /home/airflow/.local/lib/python3.8/site-packages/airflow/example_dags/example_branch_datetime_operator.py took 0.210 seconds
[2025-11-02T19:14:30.204+0000] {processor.py:161} INFO - Started process (PID=5409) to work on /home/airflow/.local/lib/python3.8/site-packages/airflow/example_dags/example_branch_datetime_operator.py
[2025-11-02T19:14:30.208+0000] {processor.py:830} INFO - Processing file /home/airflow/.local/lib/python3.8/site-packages/airflow/example_dags/example_branch_datetime_operator.py for tasks to queue
[2025-11-02T19:14:30.213+0000] {logging_mixin.py:188} INFO - [2025-11-02T19:14:30.213+0000] {dagbag.py:538} INFO - Filling up the DagBag from /home/airflow/.local/lib/python3.8/site-packages/airflow/example_dags/example_branch_datetime_operator.py
[2025-11-02T19:14:30.237+0000] {processor.py:840} INFO - DAG(s) 'example_branch_datetime_operator_3', 'example_branch_datetime_operator', 'example_branch_datetime_operator_2' retrieved from /home/airflow/.local/lib/python3.8/site-packages/airflow/example_dags/example_branch_datetime_operator.py
[2025-11-02T19:14:30.331+0000] {logging_mixin.py:188} INFO - [2025-11-02T19:14:30.331+0000] {dag.py:3036} INFO - Sync 3 DAGs
[2025-11-02T19:14:30.386+0000] {logging_mixin.py:188} INFO - [2025-11-02T19:14:30.386+0000] {dag.py:3823} INFO - Setting next_dagrun for example_branch_datetime_operator to 2025-11-01 00:00:00+00:00, run_after=2025-11-02 00:00:00+00:00
[2025-11-02T19:14:30.397+0000] {logging_mixin.py:188} INFO - [2025-11-02T19:14:30.397+0000] {dag.py:3823} INFO - Setting next_dagrun for example_branch_datetime_operator_2 to 2025-11-01 00:00:00+00:00, run_after=2025-11-02 00:00:00+00:00
[2025-11-02T19:14:30.403+0000] {logging_mixin.py:188} INFO - [2025-11-02T19:14:30.403+0000] {dag.py:3823} INFO - Setting next_dagrun for example_branch_datetime_operator_3 to 2025-11-01 00:00:00+00:00, run_after=2025-11-02 00:00:00+00:00
[2025-11-02T19:14:30.451+0000] {processor.py:183} INFO - Processing /home/airflow/.local/lib/python3.8/site-packages/airflow/example_dags/example_branch_datetime_operator.py took 0.256 seconds
[2025-11-02T19:15:00.559+0000] {processor.py:161} INFO - Started process (PID=5465) to work on /home/airflow/.local/lib/python3.8/site-packages/airflow/example_dags/example_branch_datetime_operator.py
[2025-11-02T19:15:00.562+0000] {processor.py:830} INFO - Processing file /home/airflow/.local/lib/python3.8/site-packages/airflow/example_dags/example_branch_datetime_operator.py for tasks to queue
[2025-11-02T19:15:00.568+0000] {logging_mixin.py:188} INFO - [2025-11-02T19:15:00.567+0000] {dagbag.py:538} INFO - Filling up the DagBag from /home/airflow/.local/lib/python3.8/site-packages/airflow/example_dags/example_branch_datetime_operator.py
[2025-11-02T19:15:00.597+0000] {processor.py:840} INFO - DAG(s) 'example_branch_datetime_operator_3', 'example_branch_datetime_operator_2', 'example_branch_datetime_operator' retrieved from /home/airflow/.local/lib/python3.8/site-packages/airflow/example_dags/example_branch_datetime_operator.py
[2025-11-02T19:15:00.677+0000] {logging_mixin.py:188} INFO - [2025-11-02T19:15:00.676+0000] {dag.py:3036} INFO - Sync 3 DAGs
[2025-11-02T19:15:00.739+0000] {logging_mixin.py:188} INFO - [2025-11-02T19:15:00.739+0000] {dag.py:3823} INFO - Setting next_dagrun for example_branch_datetime_operator to 2025-11-01 00:00:00+00:00, run_after=2025-11-02 00:00:00+00:00
[2025-11-02T19:15:00.758+0000] {logging_mixin.py:188} INFO - [2025-11-02T19:15:00.757+0000] {dag.py:3823} INFO - Setting next_dagrun for example_branch_datetime_operator_2 to 2025-11-01 00:00:00+00:00, run_after=2025-11-02 00:00:00+00:00
[2025-11-02T19:15:00.771+0000] {logging_mixin.py:188} INFO - [2025-11-02T19:15:00.770+0000] {dag.py:3823} INFO - Setting next_dagrun for example_branch_datetime_operator_3 to 2025-11-01 00:00:00+00:00, run_after=2025-11-02 00:00:00+00:00
[2025-11-02T19:15:00.828+0000] {processor.py:183} INFO - Processing /home/airflow/.local/lib/python3.8/site-packages/airflow/example_dags/example_branch_datetime_operator.py took 0.280 seconds
[2025-11-02T19:15:31.475+0000] {processor.py:161} INFO - Started process (PID=5521) to work on /home/airflow/.local/lib/python3.8/site-packages/airflow/example_dags/example_branch_datetime_operator.py
[2025-11-02T19:15:31.479+0000] {processor.py:830} INFO - Processing file /home/airflow/.local/lib/python3.8/site-packages/airflow/example_dags/example_branch_datetime_operator.py for tasks to queue
[2025-11-02T19:15:31.486+0000] {logging_mixin.py:188} INFO - [2025-11-02T19:15:31.485+0000] {dagbag.py:538} INFO - Filling up the DagBag from /home/airflow/.local/lib/python3.8/site-packages/airflow/example_dags/example_branch_datetime_operator.py
[2025-11-02T19:15:31.536+0000] {processor.py:840} INFO - DAG(s) 'example_branch_datetime_operator_2', 'example_branch_datetime_operator', 'example_branch_datetime_operator_3' retrieved from /home/airflow/.local/lib/python3.8/site-packages/airflow/example_dags/example_branch_datetime_operator.py
[2025-11-02T19:15:31.670+0000] {logging_mixin.py:188} INFO - [2025-11-02T19:15:31.669+0000] {dag.py:3036} INFO - Sync 3 DAGs
[2025-11-02T19:15:31.732+0000] {logging_mixin.py:188} INFO - [2025-11-02T19:15:31.732+0000] {dag.py:3823} INFO - Setting next_dagrun for example_branch_datetime_operator to 2025-11-01 00:00:00+00:00, run_after=2025-11-02 00:00:00+00:00
[2025-11-02T19:15:31.745+0000] {logging_mixin.py:188} INFO - [2025-11-02T19:15:31.744+0000] {dag.py:3823} INFO - Setting next_dagrun for example_branch_datetime_operator_2 to 2025-11-01 00:00:00+00:00, run_after=2025-11-02 00:00:00+00:00
[2025-11-02T19:15:31.758+0000] {logging_mixin.py:188} INFO - [2025-11-02T19:15:31.757+0000] {dag.py:3823} INFO - Setting next_dagrun for example_branch_datetime_operator_3 to 2025-11-01 00:00:00+00:00, run_after=2025-11-02 00:00:00+00:00
[2025-11-02T19:15:31.802+0000] {processor.py:183} INFO - Processing /home/airflow/.local/lib/python3.8/site-packages/airflow/example_dags/example_branch_datetime_operator.py took 0.341 seconds
[2025-11-02T19:16:02.092+0000] {processor.py:161} INFO - Started process (PID=5576) to work on /home/airflow/.local/lib/python3.8/site-packages/airflow/example_dags/example_branch_datetime_operator.py
[2025-11-02T19:16:02.095+0000] {processor.py:830} INFO - Processing file /home/airflow/.local/lib/python3.8/site-packages/airflow/example_dags/example_branch_datetime_operator.py for tasks to queue
[2025-11-02T19:16:02.101+0000] {logging_mixin.py:188} INFO - [2025-11-02T19:16:02.100+0000] {dagbag.py:538} INFO - Filling up the DagBag from /home/airflow/.local/lib/python3.8/site-packages/airflow/example_dags/example_branch_datetime_operator.py
[2025-11-02T19:16:02.131+0000] {processor.py:840} INFO - DAG(s) 'example_branch_datetime_operator_2', 'example_branch_datetime_operator', 'example_branch_datetime_operator_3' retrieved from /home/airflow/.local/lib/python3.8/site-packages/airflow/example_dags/example_branch_datetime_operator.py
[2025-11-02T19:16:02.258+0000] {logging_mixin.py:188} INFO - [2025-11-02T19:16:02.253+0000] {dag.py:3036} INFO - Sync 3 DAGs
[2025-11-02T19:16:02.343+0000] {logging_mixin.py:188} INFO - [2025-11-02T19:16:02.342+0000] {dag.py:3823} INFO - Setting next_dagrun for example_branch_datetime_operator to 2025-11-01 00:00:00+00:00, run_after=2025-11-02 00:00:00+00:00
[2025-11-02T19:16:02.354+0000] {logging_mixin.py:188} INFO - [2025-11-02T19:16:02.354+0000] {dag.py:3823} INFO - Setting next_dagrun for example_branch_datetime_operator_2 to 2025-11-01 00:00:00+00:00, run_after=2025-11-02 00:00:00+00:00
[2025-11-02T19:16:02.360+0000] {logging_mixin.py:188} INFO - [2025-11-02T19:16:02.359+0000] {dag.py:3823} INFO - Setting next_dagrun for example_branch_datetime_operator_3 to 2025-11-01 00:00:00+00:00, run_after=2025-11-02 00:00:00+00:00
[2025-11-02T19:16:02.397+0000] {processor.py:183} INFO - Processing /home/airflow/.local/lib/python3.8/site-packages/airflow/example_dags/example_branch_datetime_operator.py took 0.318 seconds
[2025-11-02T19:16:32.868+0000] {processor.py:161} INFO - Started process (PID=5631) to work on /home/airflow/.local/lib/python3.8/site-packages/airflow/example_dags/example_branch_datetime_operator.py
[2025-11-02T19:16:32.871+0000] {processor.py:830} INFO - Processing file /home/airflow/.local/lib/python3.8/site-packages/airflow/example_dags/example_branch_datetime_operator.py for tasks to queue
[2025-11-02T19:16:32.877+0000] {logging_mixin.py:188} INFO - [2025-11-02T19:16:32.876+0000] {dagbag.py:538} INFO - Filling up the DagBag from /home/airflow/.local/lib/python3.8/site-packages/airflow/example_dags/example_branch_datetime_operator.py
[2025-11-02T19:16:32.926+0000] {processor.py:840} INFO - DAG(s) 'example_branch_datetime_operator', 'example_branch_datetime_operator_3', 'example_branch_datetime_operator_2' retrieved from /home/airflow/.local/lib/python3.8/site-packages/airflow/example_dags/example_branch_datetime_operator.py
[2025-11-02T19:16:33.013+0000] {logging_mixin.py:188} INFO - [2025-11-02T19:16:33.013+0000] {dag.py:3036} INFO - Sync 3 DAGs
[2025-11-02T19:16:33.083+0000] {logging_mixin.py:188} INFO - [2025-11-02T19:16:33.082+0000] {dag.py:3823} INFO - Setting next_dagrun for example_branch_datetime_operator to 2025-11-01 00:00:00+00:00, run_after=2025-11-02 00:00:00+00:00
[2025-11-02T19:16:33.095+0000] {logging_mixin.py:188} INFO - [2025-11-02T19:16:33.095+0000] {dag.py:3823} INFO - Setting next_dagrun for example_branch_datetime_operator_2 to 2025-11-01 00:00:00+00:00, run_after=2025-11-02 00:00:00+00:00
[2025-11-02T19:16:33.107+0000] {logging_mixin.py:188} INFO - [2025-11-02T19:16:33.106+0000] {dag.py:3823} INFO - Setting next_dagrun for example_branch_datetime_operator_3 to 2025-11-01 00:00:00+00:00, run_after=2025-11-02 00:00:00+00:00
[2025-11-02T19:16:33.183+0000] {processor.py:183} INFO - Processing /home/airflow/.local/lib/python3.8/site-packages/airflow/example_dags/example_branch_datetime_operator.py took 0.323 seconds
[2025-11-02T19:17:04.214+0000] {processor.py:161} INFO - Started process (PID=5685) to work on /home/airflow/.local/lib/python3.8/site-packages/airflow/example_dags/example_branch_datetime_operator.py
[2025-11-02T19:17:04.217+0000] {processor.py:830} INFO - Processing file /home/airflow/.local/lib/python3.8/site-packages/airflow/example_dags/example_branch_datetime_operator.py for tasks to queue
[2025-11-02T19:17:04.223+0000] {logging_mixin.py:188} INFO - [2025-11-02T19:17:04.222+0000] {dagbag.py:538} INFO - Filling up the DagBag from /home/airflow/.local/lib/python3.8/site-packages/airflow/example_dags/example_branch_datetime_operator.py
[2025-11-02T19:17:04.248+0000] {processor.py:840} INFO - DAG(s) 'example_branch_datetime_operator_2', 'example_branch_datetime_operator_3', 'example_branch_datetime_operator' retrieved from /home/airflow/.local/lib/python3.8/site-packages/airflow/example_dags/example_branch_datetime_operator.py
[2025-11-02T19:17:04.313+0000] {logging_mixin.py:188} INFO - [2025-11-02T19:17:04.313+0000] {dag.py:3036} INFO - Sync 3 DAGs
[2025-11-02T19:17:04.380+0000] {logging_mixin.py:188} INFO - [2025-11-02T19:17:04.379+0000] {dag.py:3823} INFO - Setting next_dagrun for example_branch_datetime_operator to 2025-11-01 00:00:00+00:00, run_after=2025-11-02 00:00:00+00:00
[2025-11-02T19:17:04.391+0000] {logging_mixin.py:188} INFO - [2025-11-02T19:17:04.390+0000] {dag.py:3823} INFO - Setting next_dagrun for example_branch_datetime_operator_2 to 2025-11-01 00:00:00+00:00, run_after=2025-11-02 00:00:00+00:00
[2025-11-02T19:17:04.398+0000] {logging_mixin.py:188} INFO - [2025-11-02T19:17:04.397+0000] {dag.py:3823} INFO - Setting next_dagrun for example_branch_datetime_operator_3 to 2025-11-01 00:00:00+00:00, run_after=2025-11-02 00:00:00+00:00
[2025-11-02T19:17:04.437+0000] {processor.py:183} INFO - Processing /home/airflow/.local/lib/python3.8/site-packages/airflow/example_dags/example_branch_datetime_operator.py took 0.232 seconds
[2025-11-02T19:17:34.603+0000] {processor.py:161} INFO - Started process (PID=5739) to work on /home/airflow/.local/lib/python3.8/site-packages/airflow/example_dags/example_branch_datetime_operator.py
[2025-11-02T19:17:34.606+0000] {processor.py:830} INFO - Processing file /home/airflow/.local/lib/python3.8/site-packages/airflow/example_dags/example_branch_datetime_operator.py for tasks to queue
[2025-11-02T19:17:34.611+0000] {logging_mixin.py:188} INFO - [2025-11-02T19:17:34.610+0000] {dagbag.py:538} INFO - Filling up the DagBag from /home/airflow/.local/lib/python3.8/site-packages/airflow/example_dags/example_branch_datetime_operator.py
[2025-11-02T19:17:34.634+0000] {processor.py:840} INFO - DAG(s) 'example_branch_datetime_operator_2', 'example_branch_datetime_operator', 'example_branch_datetime_operator_3' retrieved from /home/airflow/.local/lib/python3.8/site-packages/airflow/example_dags/example_branch_datetime_operator.py
[2025-11-02T19:17:34.702+0000] {logging_mixin.py:188} INFO - [2025-11-02T19:17:34.701+0000] {dag.py:3036} INFO - Sync 3 DAGs
[2025-11-02T19:17:34.756+0000] {logging_mixin.py:188} INFO - [2025-11-02T19:17:34.755+0000] {dag.py:3823} INFO - Setting next_dagrun for example_branch_datetime_operator to 2025-11-01 00:00:00+00:00, run_after=2025-11-02 00:00:00+00:00
[2025-11-02T19:17:34.769+0000] {logging_mixin.py:188} INFO - [2025-11-02T19:17:34.768+0000] {dag.py:3823} INFO - Setting next_dagrun for example_branch_datetime_operator_2 to 2025-11-01 00:00:00+00:00, run_after=2025-11-02 00:00:00+00:00
[2025-11-02T19:17:34.775+0000] {logging_mixin.py:188} INFO - [2025-11-02T19:17:34.774+0000] {dag.py:3823} INFO - Setting next_dagrun for example_branch_datetime_operator_3 to 2025-11-01 00:00:00+00:00, run_after=2025-11-02 00:00:00+00:00
[2025-11-02T19:17:34.814+0000] {processor.py:183} INFO - Processing /home/airflow/.local/lib/python3.8/site-packages/airflow/example_dags/example_branch_datetime_operator.py took 0.221 seconds
[2025-11-02T19:18:05.425+0000] {processor.py:161} INFO - Started process (PID=5794) to work on /home/airflow/.local/lib/python3.8/site-packages/airflow/example_dags/example_branch_datetime_operator.py
[2025-11-02T19:18:05.428+0000] {processor.py:830} INFO - Processing file /home/airflow/.local/lib/python3.8/site-packages/airflow/example_dags/example_branch_datetime_operator.py for tasks to queue
[2025-11-02T19:18:05.433+0000] {logging_mixin.py:188} INFO - [2025-11-02T19:18:05.432+0000] {dagbag.py:538} INFO - Filling up the DagBag from /home/airflow/.local/lib/python3.8/site-packages/airflow/example_dags/example_branch_datetime_operator.py
[2025-11-02T19:18:05.467+0000] {processor.py:840} INFO - DAG(s) 'example_branch_datetime_operator_3', 'example_branch_datetime_operator_2', 'example_branch_datetime_operator' retrieved from /home/airflow/.local/lib/python3.8/site-packages/airflow/example_dags/example_branch_datetime_operator.py
[2025-11-02T19:18:05.543+0000] {logging_mixin.py:188} INFO - [2025-11-02T19:18:05.542+0000] {dag.py:3036} INFO - Sync 3 DAGs
[2025-11-02T19:18:05.612+0000] {logging_mixin.py:188} INFO - [2025-11-02T19:18:05.612+0000] {dag.py:3823} INFO - Setting next_dagrun for example_branch_datetime_operator to 2025-11-01 00:00:00+00:00, run_after=2025-11-02 00:00:00+00:00
[2025-11-02T19:18:05.627+0000] {logging_mixin.py:188} INFO - [2025-11-02T19:18:05.626+0000] {dag.py:3823} INFO - Setting next_dagrun for example_branch_datetime_operator_2 to 2025-11-01 00:00:00+00:00, run_after=2025-11-02 00:00:00+00:00
[2025-11-02T19:18:05.633+0000] {logging_mixin.py:188} INFO - [2025-11-02T19:18:05.632+0000] {dag.py:3823} INFO - Setting next_dagrun for example_branch_datetime_operator_3 to 2025-11-01 00:00:00+00:00, run_after=2025-11-02 00:00:00+00:00
[2025-11-02T19:18:05.673+0000] {processor.py:183} INFO - Processing /home/airflow/.local/lib/python3.8/site-packages/airflow/example_dags/example_branch_datetime_operator.py took 0.263 seconds
[2025-11-02T19:18:36.035+0000] {processor.py:161} INFO - Started process (PID=5849) to work on /home/airflow/.local/lib/python3.8/site-packages/airflow/example_dags/example_branch_datetime_operator.py
[2025-11-02T19:18:36.039+0000] {processor.py:830} INFO - Processing file /home/airflow/.local/lib/python3.8/site-packages/airflow/example_dags/example_branch_datetime_operator.py for tasks to queue
[2025-11-02T19:18:36.054+0000] {logging_mixin.py:188} INFO - [2025-11-02T19:18:36.050+0000] {dagbag.py:538} INFO - Filling up the DagBag from /home/airflow/.local/lib/python3.8/site-packages/airflow/example_dags/example_branch_datetime_operator.py
[2025-11-02T19:18:36.152+0000] {processor.py:840} INFO - DAG(s) 'example_branch_datetime_operator_3', 'example_branch_datetime_operator', 'example_branch_datetime_operator_2' retrieved from /home/airflow/.local/lib/python3.8/site-packages/airflow/example_dags/example_branch_datetime_operator.py
[2025-11-02T19:18:36.327+0000] {logging_mixin.py:188} INFO - [2025-11-02T19:18:36.326+0000] {dag.py:3036} INFO - Sync 3 DAGs
[2025-11-02T19:18:36.489+0000] {logging_mixin.py:188} INFO - [2025-11-02T19:18:36.488+0000] {dag.py:3823} INFO - Setting next_dagrun for example_branch_datetime_operator to 2025-11-01 00:00:00+00:00, run_after=2025-11-02 00:00:00+00:00
[2025-11-02T19:18:36.504+0000] {logging_mixin.py:188} INFO - [2025-11-02T19:18:36.503+0000] {dag.py:3823} INFO - Setting next_dagrun for example_branch_datetime_operator_2 to 2025-11-01 00:00:00+00:00, run_after=2025-11-02 00:00:00+00:00
[2025-11-02T19:18:36.510+0000] {logging_mixin.py:188} INFO - [2025-11-02T19:18:36.509+0000] {dag.py:3823} INFO - Setting next_dagrun for example_branch_datetime_operator_3 to 2025-11-01 00:00:00+00:00, run_after=2025-11-02 00:00:00+00:00
[2025-11-02T19:18:36.568+0000] {processor.py:183} INFO - Processing /home/airflow/.local/lib/python3.8/site-packages/airflow/example_dags/example_branch_datetime_operator.py took 0.547 seconds
[2025-11-02T19:19:07.357+0000] {processor.py:161} INFO - Started process (PID=5903) to work on /home/airflow/.local/lib/python3.8/site-packages/airflow/example_dags/example_branch_datetime_operator.py
[2025-11-02T19:19:07.360+0000] {processor.py:830} INFO - Processing file /home/airflow/.local/lib/python3.8/site-packages/airflow/example_dags/example_branch_datetime_operator.py for tasks to queue
[2025-11-02T19:19:07.366+0000] {logging_mixin.py:188} INFO - [2025-11-02T19:19:07.365+0000] {dagbag.py:538} INFO - Filling up the DagBag from /home/airflow/.local/lib/python3.8/site-packages/airflow/example_dags/example_branch_datetime_operator.py
[2025-11-02T19:19:07.402+0000] {processor.py:840} INFO - DAG(s) 'example_branch_datetime_operator', 'example_branch_datetime_operator_2', 'example_branch_datetime_operator_3' retrieved from /home/airflow/.local/lib/python3.8/site-packages/airflow/example_dags/example_branch_datetime_operator.py
[2025-11-02T19:19:07.477+0000] {logging_mixin.py:188} INFO - [2025-11-02T19:19:07.476+0000] {dag.py:3036} INFO - Sync 3 DAGs
[2025-11-02T19:19:07.534+0000] {logging_mixin.py:188} INFO - [2025-11-02T19:19:07.533+0000] {dag.py:3823} INFO - Setting next_dagrun for example_branch_datetime_operator to 2025-11-01 00:00:00+00:00, run_after=2025-11-02 00:00:00+00:00
[2025-11-02T19:19:07.549+0000] {logging_mixin.py:188} INFO - [2025-11-02T19:19:07.548+0000] {dag.py:3823} INFO - Setting next_dagrun for example_branch_datetime_operator_2 to 2025-11-01 00:00:00+00:00, run_after=2025-11-02 00:00:00+00:00
[2025-11-02T19:19:07.558+0000] {logging_mixin.py:188} INFO - [2025-11-02T19:19:07.558+0000] {dag.py:3823} INFO - Setting next_dagrun for example_branch_datetime_operator_3 to 2025-11-01 00:00:00+00:00, run_after=2025-11-02 00:00:00+00:00
[2025-11-02T19:19:07.608+0000] {processor.py:183} INFO - Processing /home/airflow/.local/lib/python3.8/site-packages/airflow/example_dags/example_branch_datetime_operator.py took 0.261 seconds
[2025-11-02T19:19:38.322+0000] {processor.py:161} INFO - Started process (PID=5958) to work on /home/airflow/.local/lib/python3.8/site-packages/airflow/example_dags/example_branch_datetime_operator.py
[2025-11-02T19:19:38.325+0000] {processor.py:830} INFO - Processing file /home/airflow/.local/lib/python3.8/site-packages/airflow/example_dags/example_branch_datetime_operator.py for tasks to queue
[2025-11-02T19:19:38.331+0000] {logging_mixin.py:188} INFO - [2025-11-02T19:19:38.330+0000] {dagbag.py:538} INFO - Filling up the DagBag from /home/airflow/.local/lib/python3.8/site-packages/airflow/example_dags/example_branch_datetime_operator.py
[2025-11-02T19:19:38.378+0000] {processor.py:840} INFO - DAG(s) 'example_branch_datetime_operator_2', 'example_branch_datetime_operator_3', 'example_branch_datetime_operator' retrieved from /home/airflow/.local/lib/python3.8/site-packages/airflow/example_dags/example_branch_datetime_operator.py
[2025-11-02T19:19:38.533+0000] {logging_mixin.py:188} INFO - [2025-11-02T19:19:38.533+0000] {dag.py:3036} INFO - Sync 3 DAGs
[2025-11-02T19:19:38.620+0000] {logging_mixin.py:188} INFO - [2025-11-02T19:19:38.619+0000] {dag.py:3823} INFO - Setting next_dagrun for example_branch_datetime_operator to 2025-11-01 00:00:00+00:00, run_after=2025-11-02 00:00:00+00:00
[2025-11-02T19:19:38.637+0000] {logging_mixin.py:188} INFO - [2025-11-02T19:19:38.636+0000] {dag.py:3823} INFO - Setting next_dagrun for example_branch_datetime_operator_2 to 2025-11-01 00:00:00+00:00, run_after=2025-11-02 00:00:00+00:00
[2025-11-02T19:19:38.647+0000] {logging_mixin.py:188} INFO - [2025-11-02T19:19:38.646+0000] {dag.py:3823} INFO - Setting next_dagrun for example_branch_datetime_operator_3 to 2025-11-01 00:00:00+00:00, run_after=2025-11-02 00:00:00+00:00
[2025-11-02T19:19:38.749+0000] {processor.py:183} INFO - Processing /home/airflow/.local/lib/python3.8/site-packages/airflow/example_dags/example_branch_datetime_operator.py took 0.439 seconds
[2025-11-02T19:20:09.825+0000] {processor.py:161} INFO - Started process (PID=6014) to work on /home/airflow/.local/lib/python3.8/site-packages/airflow/example_dags/example_branch_datetime_operator.py
[2025-11-02T19:20:09.828+0000] {processor.py:830} INFO - Processing file /home/airflow/.local/lib/python3.8/site-packages/airflow/example_dags/example_branch_datetime_operator.py for tasks to queue
[2025-11-02T19:20:09.834+0000] {logging_mixin.py:188} INFO - [2025-11-02T19:20:09.833+0000] {dagbag.py:538} INFO - Filling up the DagBag from /home/airflow/.local/lib/python3.8/site-packages/airflow/example_dags/example_branch_datetime_operator.py
[2025-11-02T19:20:09.861+0000] {processor.py:840} INFO - DAG(s) 'example_branch_datetime_operator_2', 'example_branch_datetime_operator', 'example_branch_datetime_operator_3' retrieved from /home/airflow/.local/lib/python3.8/site-packages/airflow/example_dags/example_branch_datetime_operator.py
[2025-11-02T19:20:09.938+0000] {logging_mixin.py:188} INFO - [2025-11-02T19:20:09.938+0000] {dag.py:3036} INFO - Sync 3 DAGs
[2025-11-02T19:20:10.028+0000] {logging_mixin.py:188} INFO - [2025-11-02T19:20:10.026+0000] {dag.py:3823} INFO - Setting next_dagrun for example_branch_datetime_operator to 2025-11-01 00:00:00+00:00, run_after=2025-11-02 00:00:00+00:00
[2025-11-02T19:20:10.049+0000] {logging_mixin.py:188} INFO - [2025-11-02T19:20:10.049+0000] {dag.py:3823} INFO - Setting next_dagrun for example_branch_datetime_operator_2 to 2025-11-01 00:00:00+00:00, run_after=2025-11-02 00:00:00+00:00
[2025-11-02T19:20:10.056+0000] {logging_mixin.py:188} INFO - [2025-11-02T19:20:10.055+0000] {dag.py:3823} INFO - Setting next_dagrun for example_branch_datetime_operator_3 to 2025-11-01 00:00:00+00:00, run_after=2025-11-02 00:00:00+00:00
[2025-11-02T19:20:10.115+0000] {processor.py:183} INFO - Processing /home/airflow/.local/lib/python3.8/site-packages/airflow/example_dags/example_branch_datetime_operator.py took 0.300 seconds
[2025-11-02T19:20:40.302+0000] {processor.py:161} INFO - Started process (PID=6068) to work on /home/airflow/.local/lib/python3.8/site-packages/airflow/example_dags/example_branch_datetime_operator.py
[2025-11-02T19:20:40.305+0000] {processor.py:830} INFO - Processing file /home/airflow/.local/lib/python3.8/site-packages/airflow/example_dags/example_branch_datetime_operator.py for tasks to queue
[2025-11-02T19:20:40.309+0000] {logging_mixin.py:188} INFO - [2025-11-02T19:20:40.309+0000] {dagbag.py:538} INFO - Filling up the DagBag from /home/airflow/.local/lib/python3.8/site-packages/airflow/example_dags/example_branch_datetime_operator.py
[2025-11-02T19:20:40.341+0000] {processor.py:840} INFO - DAG(s) 'example_branch_datetime_operator_3', 'example_branch_datetime_operator', 'example_branch_datetime_operator_2' retrieved from /home/airflow/.local/lib/python3.8/site-packages/airflow/example_dags/example_branch_datetime_operator.py
[2025-11-02T19:20:40.419+0000] {logging_mixin.py:188} INFO - [2025-11-02T19:20:40.418+0000] {dag.py:3036} INFO - Sync 3 DAGs
[2025-11-02T19:20:40.511+0000] {logging_mixin.py:188} INFO - [2025-11-02T19:20:40.510+0000] {dag.py:3823} INFO - Setting next_dagrun for example_branch_datetime_operator to 2025-11-01 00:00:00+00:00, run_after=2025-11-02 00:00:00+00:00
[2025-11-02T19:20:40.524+0000] {logging_mixin.py:188} INFO - [2025-11-02T19:20:40.524+0000] {dag.py:3823} INFO - Setting next_dagrun for example_branch_datetime_operator_2 to 2025-11-01 00:00:00+00:00, run_after=2025-11-02 00:00:00+00:00
[2025-11-02T19:20:40.532+0000] {logging_mixin.py:188} INFO - [2025-11-02T19:20:40.531+0000] {dag.py:3823} INFO - Setting next_dagrun for example_branch_datetime_operator_3 to 2025-11-01 00:00:00+00:00, run_after=2025-11-02 00:00:00+00:00
[2025-11-02T19:20:40.586+0000] {processor.py:183} INFO - Processing /home/airflow/.local/lib/python3.8/site-packages/airflow/example_dags/example_branch_datetime_operator.py took 0.294 seconds
[2025-11-02T19:21:10.988+0000] {processor.py:161} INFO - Started process (PID=6123) to work on /home/airflow/.local/lib/python3.8/site-packages/airflow/example_dags/example_branch_datetime_operator.py
[2025-11-02T19:21:10.992+0000] {processor.py:830} INFO - Processing file /home/airflow/.local/lib/python3.8/site-packages/airflow/example_dags/example_branch_datetime_operator.py for tasks to queue
[2025-11-02T19:21:10.999+0000] {logging_mixin.py:188} INFO - [2025-11-02T19:21:10.998+0000] {dagbag.py:538} INFO - Filling up the DagBag from /home/airflow/.local/lib/python3.8/site-packages/airflow/example_dags/example_branch_datetime_operator.py
[2025-11-02T19:21:11.048+0000] {processor.py:840} INFO - DAG(s) 'example_branch_datetime_operator_3', 'example_branch_datetime_operator', 'example_branch_datetime_operator_2' retrieved from /home/airflow/.local/lib/python3.8/site-packages/airflow/example_dags/example_branch_datetime_operator.py
[2025-11-02T19:21:11.228+0000] {logging_mixin.py:188} INFO - [2025-11-02T19:21:11.227+0000] {dag.py:3036} INFO - Sync 3 DAGs
[2025-11-02T19:21:11.362+0000] {logging_mixin.py:188} INFO - [2025-11-02T19:21:11.361+0000] {dag.py:3823} INFO - Setting next_dagrun for example_branch_datetime_operator to 2025-11-01 00:00:00+00:00, run_after=2025-11-02 00:00:00+00:00
[2025-11-02T19:21:11.380+0000] {logging_mixin.py:188} INFO - [2025-11-02T19:21:11.379+0000] {dag.py:3823} INFO - Setting next_dagrun for example_branch_datetime_operator_2 to 2025-11-01 00:00:00+00:00, run_after=2025-11-02 00:00:00+00:00
[2025-11-02T19:21:11.390+0000] {logging_mixin.py:188} INFO - [2025-11-02T19:21:11.390+0000] {dag.py:3823} INFO - Setting next_dagrun for example_branch_datetime_operator_3 to 2025-11-01 00:00:00+00:00, run_after=2025-11-02 00:00:00+00:00
[2025-11-02T19:21:11.454+0000] {processor.py:183} INFO - Processing /home/airflow/.local/lib/python3.8/site-packages/airflow/example_dags/example_branch_datetime_operator.py took 0.479 seconds
[2025-11-02T19:21:41.758+0000] {processor.py:161} INFO - Started process (PID=6177) to work on /home/airflow/.local/lib/python3.8/site-packages/airflow/example_dags/example_branch_datetime_operator.py
[2025-11-02T19:21:41.761+0000] {processor.py:830} INFO - Processing file /home/airflow/.local/lib/python3.8/site-packages/airflow/example_dags/example_branch_datetime_operator.py for tasks to queue
[2025-11-02T19:21:41.766+0000] {logging_mixin.py:188} INFO - [2025-11-02T19:21:41.765+0000] {dagbag.py:538} INFO - Filling up the DagBag from /home/airflow/.local/lib/python3.8/site-packages/airflow/example_dags/example_branch_datetime_operator.py
[2025-11-02T19:21:41.792+0000] {processor.py:840} INFO - DAG(s) 'example_branch_datetime_operator_2', 'example_branch_datetime_operator_3', 'example_branch_datetime_operator' retrieved from /home/airflow/.local/lib/python3.8/site-packages/airflow/example_dags/example_branch_datetime_operator.py
[2025-11-02T19:21:41.865+0000] {logging_mixin.py:188} INFO - [2025-11-02T19:21:41.865+0000] {dag.py:3036} INFO - Sync 3 DAGs
[2025-11-02T19:21:41.922+0000] {logging_mixin.py:188} INFO - [2025-11-02T19:21:41.921+0000] {dag.py:3823} INFO - Setting next_dagrun for example_branch_datetime_operator to 2025-11-01 00:00:00+00:00, run_after=2025-11-02 00:00:00+00:00
[2025-11-02T19:21:41.934+0000] {logging_mixin.py:188} INFO - [2025-11-02T19:21:41.933+0000] {dag.py:3823} INFO - Setting next_dagrun for example_branch_datetime_operator_2 to 2025-11-01 00:00:00+00:00, run_after=2025-11-02 00:00:00+00:00
[2025-11-02T19:21:41.940+0000] {logging_mixin.py:188} INFO - [2025-11-02T19:21:41.939+0000] {dag.py:3823} INFO - Setting next_dagrun for example_branch_datetime_operator_3 to 2025-11-01 00:00:00+00:00, run_after=2025-11-02 00:00:00+00:00
[2025-11-02T19:21:41.983+0000] {processor.py:183} INFO - Processing /home/airflow/.local/lib/python3.8/site-packages/airflow/example_dags/example_branch_datetime_operator.py took 0.234 seconds
[2025-11-02T19:22:12.150+0000] {processor.py:161} INFO - Started process (PID=6231) to work on /home/airflow/.local/lib/python3.8/site-packages/airflow/example_dags/example_branch_datetime_operator.py
[2025-11-02T19:22:12.153+0000] {processor.py:830} INFO - Processing file /home/airflow/.local/lib/python3.8/site-packages/airflow/example_dags/example_branch_datetime_operator.py for tasks to queue
[2025-11-02T19:22:12.158+0000] {logging_mixin.py:188} INFO - [2025-11-02T19:22:12.158+0000] {dagbag.py:538} INFO - Filling up the DagBag from /home/airflow/.local/lib/python3.8/site-packages/airflow/example_dags/example_branch_datetime_operator.py
[2025-11-02T19:22:12.189+0000] {processor.py:840} INFO - DAG(s) 'example_branch_datetime_operator', 'example_branch_datetime_operator_2', 'example_branch_datetime_operator_3' retrieved from /home/airflow/.local/lib/python3.8/site-packages/airflow/example_dags/example_branch_datetime_operator.py
[2025-11-02T19:22:12.270+0000] {logging_mixin.py:188} INFO - [2025-11-02T19:22:12.269+0000] {dag.py:3036} INFO - Sync 3 DAGs
[2025-11-02T19:22:12.338+0000] {logging_mixin.py:188} INFO - [2025-11-02T19:22:12.337+0000] {dag.py:3823} INFO - Setting next_dagrun for example_branch_datetime_operator to 2025-11-01 00:00:00+00:00, run_after=2025-11-02 00:00:00+00:00
[2025-11-02T19:22:12.354+0000] {logging_mixin.py:188} INFO - [2025-11-02T19:22:12.354+0000] {dag.py:3823} INFO - Setting next_dagrun for example_branch_datetime_operator_2 to 2025-11-01 00:00:00+00:00, run_after=2025-11-02 00:00:00+00:00
[2025-11-02T19:22:12.362+0000] {logging_mixin.py:188} INFO - [2025-11-02T19:22:12.361+0000] {dag.py:3823} INFO - Setting next_dagrun for example_branch_datetime_operator_3 to 2025-11-01 00:00:00+00:00, run_after=2025-11-02 00:00:00+00:00
[2025-11-02T19:22:12.421+0000] {processor.py:183} INFO - Processing /home/airflow/.local/lib/python3.8/site-packages/airflow/example_dags/example_branch_datetime_operator.py took 0.283 seconds
[2025-11-02T19:22:42.730+0000] {processor.py:161} INFO - Started process (PID=6286) to work on /home/airflow/.local/lib/python3.8/site-packages/airflow/example_dags/example_branch_datetime_operator.py
[2025-11-02T19:22:42.733+0000] {processor.py:830} INFO - Processing file /home/airflow/.local/lib/python3.8/site-packages/airflow/example_dags/example_branch_datetime_operator.py for tasks to queue
[2025-11-02T19:22:42.738+0000] {logging_mixin.py:188} INFO - [2025-11-02T19:22:42.737+0000] {dagbag.py:538} INFO - Filling up the DagBag from /home/airflow/.local/lib/python3.8/site-packages/airflow/example_dags/example_branch_datetime_operator.py
[2025-11-02T19:22:42.767+0000] {processor.py:840} INFO - DAG(s) 'example_branch_datetime_operator_2', 'example_branch_datetime_operator_3', 'example_branch_datetime_operator' retrieved from /home/airflow/.local/lib/python3.8/site-packages/airflow/example_dags/example_branch_datetime_operator.py
[2025-11-02T19:22:42.841+0000] {logging_mixin.py:188} INFO - [2025-11-02T19:22:42.841+0000] {dag.py:3036} INFO - Sync 3 DAGs
[2025-11-02T19:22:42.901+0000] {logging_mixin.py:188} INFO - [2025-11-02T19:22:42.901+0000] {dag.py:3823} INFO - Setting next_dagrun for example_branch_datetime_operator to 2025-11-01 00:00:00+00:00, run_after=2025-11-02 00:00:00+00:00
[2025-11-02T19:22:42.914+0000] {logging_mixin.py:188} INFO - [2025-11-02T19:22:42.913+0000] {dag.py:3823} INFO - Setting next_dagrun for example_branch_datetime_operator_2 to 2025-11-01 00:00:00+00:00, run_after=2025-11-02 00:00:00+00:00
[2025-11-02T19:22:42.921+0000] {logging_mixin.py:188} INFO - [2025-11-02T19:22:42.920+0000] {dag.py:3823} INFO - Setting next_dagrun for example_branch_datetime_operator_3 to 2025-11-01 00:00:00+00:00, run_after=2025-11-02 00:00:00+00:00
[2025-11-02T19:22:42.967+0000] {processor.py:183} INFO - Processing /home/airflow/.local/lib/python3.8/site-packages/airflow/example_dags/example_branch_datetime_operator.py took 0.245 seconds
[2025-11-02T19:23:13.759+0000] {processor.py:161} INFO - Started process (PID=6341) to work on /home/airflow/.local/lib/python3.8/site-packages/airflow/example_dags/example_branch_datetime_operator.py
[2025-11-02T19:23:13.762+0000] {processor.py:830} INFO - Processing file /home/airflow/.local/lib/python3.8/site-packages/airflow/example_dags/example_branch_datetime_operator.py for tasks to queue
[2025-11-02T19:23:13.770+0000] {logging_mixin.py:188} INFO - [2025-11-02T19:23:13.769+0000] {dagbag.py:538} INFO - Filling up the DagBag from /home/airflow/.local/lib/python3.8/site-packages/airflow/example_dags/example_branch_datetime_operator.py
[2025-11-02T19:23:13.808+0000] {processor.py:840} INFO - DAG(s) 'example_branch_datetime_operator_2', 'example_branch_datetime_operator', 'example_branch_datetime_operator_3' retrieved from /home/airflow/.local/lib/python3.8/site-packages/airflow/example_dags/example_branch_datetime_operator.py
[2025-11-02T19:23:13.882+0000] {logging_mixin.py:188} INFO - [2025-11-02T19:23:13.881+0000] {dag.py:3036} INFO - Sync 3 DAGs
[2025-11-02T19:23:13.932+0000] {logging_mixin.py:188} INFO - [2025-11-02T19:23:13.932+0000] {dag.py:3823} INFO - Setting next_dagrun for example_branch_datetime_operator to 2025-11-01 00:00:00+00:00, run_after=2025-11-02 00:00:00+00:00
[2025-11-02T19:23:13.944+0000] {logging_mixin.py:188} INFO - [2025-11-02T19:23:13.943+0000] {dag.py:3823} INFO - Setting next_dagrun for example_branch_datetime_operator_2 to 2025-11-01 00:00:00+00:00, run_after=2025-11-02 00:00:00+00:00
[2025-11-02T19:23:13.950+0000] {logging_mixin.py:188} INFO - [2025-11-02T19:23:13.950+0000] {dag.py:3823} INFO - Setting next_dagrun for example_branch_datetime_operator_3 to 2025-11-01 00:00:00+00:00, run_after=2025-11-02 00:00:00+00:00
[2025-11-02T19:23:13.988+0000] {processor.py:183} INFO - Processing /home/airflow/.local/lib/python3.8/site-packages/airflow/example_dags/example_branch_datetime_operator.py took 0.242 seconds
[2025-11-02T19:23:44.348+0000] {processor.py:161} INFO - Started process (PID=6396) to work on /home/airflow/.local/lib/python3.8/site-packages/airflow/example_dags/example_branch_datetime_operator.py
[2025-11-02T19:23:44.351+0000] {processor.py:830} INFO - Processing file /home/airflow/.local/lib/python3.8/site-packages/airflow/example_dags/example_branch_datetime_operator.py for tasks to queue
[2025-11-02T19:23:44.356+0000] {logging_mixin.py:188} INFO - [2025-11-02T19:23:44.356+0000] {dagbag.py:538} INFO - Filling up the DagBag from /home/airflow/.local/lib/python3.8/site-packages/airflow/example_dags/example_branch_datetime_operator.py
[2025-11-02T19:23:44.392+0000] {processor.py:840} INFO - DAG(s) 'example_branch_datetime_operator', 'example_branch_datetime_operator_3', 'example_branch_datetime_operator_2' retrieved from /home/airflow/.local/lib/python3.8/site-packages/airflow/example_dags/example_branch_datetime_operator.py
[2025-11-02T19:23:44.470+0000] {logging_mixin.py:188} INFO - [2025-11-02T19:23:44.469+0000] {dag.py:3036} INFO - Sync 3 DAGs
[2025-11-02T19:23:44.523+0000] {logging_mixin.py:188} INFO - [2025-11-02T19:23:44.522+0000] {dag.py:3823} INFO - Setting next_dagrun for example_branch_datetime_operator to 2025-11-01 00:00:00+00:00, run_after=2025-11-02 00:00:00+00:00
[2025-11-02T19:23:44.536+0000] {logging_mixin.py:188} INFO - [2025-11-02T19:23:44.535+0000] {dag.py:3823} INFO - Setting next_dagrun for example_branch_datetime_operator_2 to 2025-11-01 00:00:00+00:00, run_after=2025-11-02 00:00:00+00:00
[2025-11-02T19:23:44.543+0000] {logging_mixin.py:188} INFO - [2025-11-02T19:23:44.542+0000] {dag.py:3823} INFO - Setting next_dagrun for example_branch_datetime_operator_3 to 2025-11-01 00:00:00+00:00, run_after=2025-11-02 00:00:00+00:00
[2025-11-02T19:23:44.588+0000] {processor.py:183} INFO - Processing /home/airflow/.local/lib/python3.8/site-packages/airflow/example_dags/example_branch_datetime_operator.py took 0.254 seconds
[2025-11-02T19:24:14.781+0000] {processor.py:161} INFO - Started process (PID=6451) to work on /home/airflow/.local/lib/python3.8/site-packages/airflow/example_dags/example_branch_datetime_operator.py
[2025-11-02T19:24:14.784+0000] {processor.py:830} INFO - Processing file /home/airflow/.local/lib/python3.8/site-packages/airflow/example_dags/example_branch_datetime_operator.py for tasks to queue
[2025-11-02T19:24:14.791+0000] {logging_mixin.py:188} INFO - [2025-11-02T19:24:14.790+0000] {dagbag.py:538} INFO - Filling up the DagBag from /home/airflow/.local/lib/python3.8/site-packages/airflow/example_dags/example_branch_datetime_operator.py
[2025-11-02T19:24:14.843+0000] {processor.py:840} INFO - DAG(s) 'example_branch_datetime_operator_2', 'example_branch_datetime_operator', 'example_branch_datetime_operator_3' retrieved from /home/airflow/.local/lib/python3.8/site-packages/airflow/example_dags/example_branch_datetime_operator.py
[2025-11-02T19:24:14.939+0000] {logging_mixin.py:188} INFO - [2025-11-02T19:24:14.938+0000] {dag.py:3036} INFO - Sync 3 DAGs
[2025-11-02T19:24:15.001+0000] {logging_mixin.py:188} INFO - [2025-11-02T19:24:15.000+0000] {dag.py:3823} INFO - Setting next_dagrun for example_branch_datetime_operator to 2025-11-01 00:00:00+00:00, run_after=2025-11-02 00:00:00+00:00
[2025-11-02T19:24:15.017+0000] {logging_mixin.py:188} INFO - [2025-11-02T19:24:15.017+0000] {dag.py:3823} INFO - Setting next_dagrun for example_branch_datetime_operator_2 to 2025-11-01 00:00:00+00:00, run_after=2025-11-02 00:00:00+00:00
[2025-11-02T19:24:15.025+0000] {logging_mixin.py:188} INFO - [2025-11-02T19:24:15.025+0000] {dag.py:3823} INFO - Setting next_dagrun for example_branch_datetime_operator_3 to 2025-11-01 00:00:00+00:00, run_after=2025-11-02 00:00:00+00:00
[2025-11-02T19:24:15.091+0000] {processor.py:183} INFO - Processing /home/airflow/.local/lib/python3.8/site-packages/airflow/example_dags/example_branch_datetime_operator.py took 0.323 seconds
[2025-11-02T19:24:45.561+0000] {processor.py:161} INFO - Started process (PID=6506) to work on /home/airflow/.local/lib/python3.8/site-packages/airflow/example_dags/example_branch_datetime_operator.py
[2025-11-02T19:24:45.564+0000] {processor.py:830} INFO - Processing file /home/airflow/.local/lib/python3.8/site-packages/airflow/example_dags/example_branch_datetime_operator.py for tasks to queue
[2025-11-02T19:24:45.571+0000] {logging_mixin.py:188} INFO - [2025-11-02T19:24:45.570+0000] {dagbag.py:538} INFO - Filling up the DagBag from /home/airflow/.local/lib/python3.8/site-packages/airflow/example_dags/example_branch_datetime_operator.py
[2025-11-02T19:24:45.601+0000] {processor.py:840} INFO - DAG(s) 'example_branch_datetime_operator_2', 'example_branch_datetime_operator', 'example_branch_datetime_operator_3' retrieved from /home/airflow/.local/lib/python3.8/site-packages/airflow/example_dags/example_branch_datetime_operator.py
[2025-11-02T19:24:45.675+0000] {logging_mixin.py:188} INFO - [2025-11-02T19:24:45.675+0000] {dag.py:3036} INFO - Sync 3 DAGs
[2025-11-02T19:24:45.743+0000] {logging_mixin.py:188} INFO - [2025-11-02T19:24:45.743+0000] {dag.py:3823} INFO - Setting next_dagrun for example_branch_datetime_operator to 2025-11-01 00:00:00+00:00, run_after=2025-11-02 00:00:00+00:00
[2025-11-02T19:24:45.759+0000] {logging_mixin.py:188} INFO - [2025-11-02T19:24:45.758+0000] {dag.py:3823} INFO - Setting next_dagrun for example_branch_datetime_operator_2 to 2025-11-01 00:00:00+00:00, run_after=2025-11-02 00:00:00+00:00
[2025-11-02T19:24:45.765+0000] {logging_mixin.py:188} INFO - [2025-11-02T19:24:45.765+0000] {dag.py:3823} INFO - Setting next_dagrun for example_branch_datetime_operator_3 to 2025-11-01 00:00:00+00:00, run_after=2025-11-02 00:00:00+00:00
[2025-11-02T19:24:45.812+0000] {processor.py:183} INFO - Processing /home/airflow/.local/lib/python3.8/site-packages/airflow/example_dags/example_branch_datetime_operator.py took 0.259 seconds
[2025-11-02T19:25:16.269+0000] {processor.py:161} INFO - Started process (PID=6561) to work on /home/airflow/.local/lib/python3.8/site-packages/airflow/example_dags/example_branch_datetime_operator.py
[2025-11-02T19:25:16.272+0000] {processor.py:830} INFO - Processing file /home/airflow/.local/lib/python3.8/site-packages/airflow/example_dags/example_branch_datetime_operator.py for tasks to queue
[2025-11-02T19:25:16.289+0000] {logging_mixin.py:188} INFO - [2025-11-02T19:25:16.288+0000] {dagbag.py:538} INFO - Filling up the DagBag from /home/airflow/.local/lib/python3.8/site-packages/airflow/example_dags/example_branch_datetime_operator.py
[2025-11-02T19:25:16.365+0000] {processor.py:840} INFO - DAG(s) 'example_branch_datetime_operator_2', 'example_branch_datetime_operator', 'example_branch_datetime_operator_3' retrieved from /home/airflow/.local/lib/python3.8/site-packages/airflow/example_dags/example_branch_datetime_operator.py
[2025-11-02T19:25:16.531+0000] {logging_mixin.py:188} INFO - [2025-11-02T19:25:16.531+0000] {dag.py:3036} INFO - Sync 3 DAGs
[2025-11-02T19:25:16.638+0000] {logging_mixin.py:188} INFO - [2025-11-02T19:25:16.637+0000] {dag.py:3823} INFO - Setting next_dagrun for example_branch_datetime_operator to 2025-11-01 00:00:00+00:00, run_after=2025-11-02 00:00:00+00:00
[2025-11-02T19:25:16.653+0000] {logging_mixin.py:188} INFO - [2025-11-02T19:25:16.652+0000] {dag.py:3823} INFO - Setting next_dagrun for example_branch_datetime_operator_2 to 2025-11-01 00:00:00+00:00, run_after=2025-11-02 00:00:00+00:00
[2025-11-02T19:25:16.661+0000] {logging_mixin.py:188} INFO - [2025-11-02T19:25:16.661+0000] {dag.py:3823} INFO - Setting next_dagrun for example_branch_datetime_operator_3 to 2025-11-01 00:00:00+00:00, run_after=2025-11-02 00:00:00+00:00
[2025-11-02T19:25:16.708+0000] {processor.py:183} INFO - Processing /home/airflow/.local/lib/python3.8/site-packages/airflow/example_dags/example_branch_datetime_operator.py took 0.452 seconds
[2025-11-02T19:25:47.119+0000] {processor.py:161} INFO - Started process (PID=6616) to work on /home/airflow/.local/lib/python3.8/site-packages/airflow/example_dags/example_branch_datetime_operator.py
[2025-11-02T19:25:47.126+0000] {processor.py:830} INFO - Processing file /home/airflow/.local/lib/python3.8/site-packages/airflow/example_dags/example_branch_datetime_operator.py for tasks to queue
[2025-11-02T19:25:47.131+0000] {logging_mixin.py:188} INFO - [2025-11-02T19:25:47.130+0000] {dagbag.py:538} INFO - Filling up the DagBag from /home/airflow/.local/lib/python3.8/site-packages/airflow/example_dags/example_branch_datetime_operator.py
[2025-11-02T19:25:47.162+0000] {processor.py:840} INFO - DAG(s) 'example_branch_datetime_operator_2', 'example_branch_datetime_operator', 'example_branch_datetime_operator_3' retrieved from /home/airflow/.local/lib/python3.8/site-packages/airflow/example_dags/example_branch_datetime_operator.py
[2025-11-02T19:25:47.243+0000] {logging_mixin.py:188} INFO - [2025-11-02T19:25:47.243+0000] {dag.py:3036} INFO - Sync 3 DAGs
[2025-11-02T19:25:47.329+0000] {logging_mixin.py:188} INFO - [2025-11-02T19:25:47.328+0000] {dag.py:3823} INFO - Setting next_dagrun for example_branch_datetime_operator to 2025-11-01 00:00:00+00:00, run_after=2025-11-02 00:00:00+00:00
[2025-11-02T19:25:47.340+0000] {logging_mixin.py:188} INFO - [2025-11-02T19:25:47.339+0000] {dag.py:3823} INFO - Setting next_dagrun for example_branch_datetime_operator_2 to 2025-11-01 00:00:00+00:00, run_after=2025-11-02 00:00:00+00:00
[2025-11-02T19:25:47.348+0000] {logging_mixin.py:188} INFO - [2025-11-02T19:25:47.348+0000] {dag.py:3823} INFO - Setting next_dagrun for example_branch_datetime_operator_3 to 2025-11-01 00:00:00+00:00, run_after=2025-11-02 00:00:00+00:00
[2025-11-02T19:25:47.397+0000] {processor.py:183} INFO - Processing /home/airflow/.local/lib/python3.8/site-packages/airflow/example_dags/example_branch_datetime_operator.py took 0.290 seconds
[2025-11-02T19:26:17.744+0000] {processor.py:161} INFO - Started process (PID=6671) to work on /home/airflow/.local/lib/python3.8/site-packages/airflow/example_dags/example_branch_datetime_operator.py
[2025-11-02T19:26:17.747+0000] {processor.py:830} INFO - Processing file /home/airflow/.local/lib/python3.8/site-packages/airflow/example_dags/example_branch_datetime_operator.py for tasks to queue
[2025-11-02T19:26:17.756+0000] {logging_mixin.py:188} INFO - [2025-11-02T19:26:17.755+0000] {dagbag.py:538} INFO - Filling up the DagBag from /home/airflow/.local/lib/python3.8/site-packages/airflow/example_dags/example_branch_datetime_operator.py
[2025-11-02T19:26:17.798+0000] {processor.py:840} INFO - DAG(s) 'example_branch_datetime_operator_2', 'example_branch_datetime_operator', 'example_branch_datetime_operator_3' retrieved from /home/airflow/.local/lib/python3.8/site-packages/airflow/example_dags/example_branch_datetime_operator.py
[2025-11-02T19:26:17.904+0000] {logging_mixin.py:188} INFO - [2025-11-02T19:26:17.903+0000] {dag.py:3036} INFO - Sync 3 DAGs
[2025-11-02T19:26:17.979+0000] {logging_mixin.py:188} INFO - [2025-11-02T19:26:17.979+0000] {dag.py:3823} INFO - Setting next_dagrun for example_branch_datetime_operator to 2025-11-01 00:00:00+00:00, run_after=2025-11-02 00:00:00+00:00
[2025-11-02T19:26:17.991+0000] {logging_mixin.py:188} INFO - [2025-11-02T19:26:17.990+0000] {dag.py:3823} INFO - Setting next_dagrun for example_branch_datetime_operator_2 to 2025-11-01 00:00:00+00:00, run_after=2025-11-02 00:00:00+00:00
[2025-11-02T19:26:17.996+0000] {logging_mixin.py:188} INFO - [2025-11-02T19:26:17.996+0000] {dag.py:3823} INFO - Setting next_dagrun for example_branch_datetime_operator_3 to 2025-11-01 00:00:00+00:00, run_after=2025-11-02 00:00:00+00:00
[2025-11-02T19:26:18.038+0000] {processor.py:183} INFO - Processing /home/airflow/.local/lib/python3.8/site-packages/airflow/example_dags/example_branch_datetime_operator.py took 0.306 seconds
[2025-11-02T19:26:48.138+0000] {processor.py:161} INFO - Started process (PID=6726) to work on /home/airflow/.local/lib/python3.8/site-packages/airflow/example_dags/example_branch_datetime_operator.py
[2025-11-02T19:26:48.140+0000] {processor.py:830} INFO - Processing file /home/airflow/.local/lib/python3.8/site-packages/airflow/example_dags/example_branch_datetime_operator.py for tasks to queue
[2025-11-02T19:26:48.146+0000] {logging_mixin.py:188} INFO - [2025-11-02T19:26:48.145+0000] {dagbag.py:538} INFO - Filling up the DagBag from /home/airflow/.local/lib/python3.8/site-packages/airflow/example_dags/example_branch_datetime_operator.py
[2025-11-02T19:26:48.173+0000] {processor.py:840} INFO - DAG(s) 'example_branch_datetime_operator_2', 'example_branch_datetime_operator_3', 'example_branch_datetime_operator' retrieved from /home/airflow/.local/lib/python3.8/site-packages/airflow/example_dags/example_branch_datetime_operator.py
[2025-11-02T19:26:48.250+0000] {logging_mixin.py:188} INFO - [2025-11-02T19:26:48.249+0000] {dag.py:3036} INFO - Sync 3 DAGs
[2025-11-02T19:26:48.316+0000] {logging_mixin.py:188} INFO - [2025-11-02T19:26:48.316+0000] {dag.py:3823} INFO - Setting next_dagrun for example_branch_datetime_operator to 2025-11-01 00:00:00+00:00, run_after=2025-11-02 00:00:00+00:00
[2025-11-02T19:26:48.329+0000] {logging_mixin.py:188} INFO - [2025-11-02T19:26:48.329+0000] {dag.py:3823} INFO - Setting next_dagrun for example_branch_datetime_operator_2 to 2025-11-01 00:00:00+00:00, run_after=2025-11-02 00:00:00+00:00
[2025-11-02T19:26:48.335+0000] {logging_mixin.py:188} INFO - [2025-11-02T19:26:48.334+0000] {dag.py:3823} INFO - Setting next_dagrun for example_branch_datetime_operator_3 to 2025-11-01 00:00:00+00:00, run_after=2025-11-02 00:00:00+00:00
[2025-11-02T19:26:48.374+0000] {processor.py:183} INFO - Processing /home/airflow/.local/lib/python3.8/site-packages/airflow/example_dags/example_branch_datetime_operator.py took 0.245 seconds
[2025-11-02T19:27:19.313+0000] {processor.py:161} INFO - Started process (PID=6779) to work on /home/airflow/.local/lib/python3.8/site-packages/airflow/example_dags/example_branch_datetime_operator.py
[2025-11-02T19:27:19.316+0000] {processor.py:830} INFO - Processing file /home/airflow/.local/lib/python3.8/site-packages/airflow/example_dags/example_branch_datetime_operator.py for tasks to queue
[2025-11-02T19:27:19.322+0000] {logging_mixin.py:188} INFO - [2025-11-02T19:27:19.321+0000] {dagbag.py:538} INFO - Filling up the DagBag from /home/airflow/.local/lib/python3.8/site-packages/airflow/example_dags/example_branch_datetime_operator.py
[2025-11-02T19:27:19.356+0000] {processor.py:840} INFO - DAG(s) 'example_branch_datetime_operator_3', 'example_branch_datetime_operator_2', 'example_branch_datetime_operator' retrieved from /home/airflow/.local/lib/python3.8/site-packages/airflow/example_dags/example_branch_datetime_operator.py
[2025-11-02T19:27:19.456+0000] {logging_mixin.py:188} INFO - [2025-11-02T19:27:19.455+0000] {dag.py:3036} INFO - Sync 3 DAGs
[2025-11-02T19:27:19.552+0000] {logging_mixin.py:188} INFO - [2025-11-02T19:27:19.551+0000] {dag.py:3823} INFO - Setting next_dagrun for example_branch_datetime_operator to 2025-11-01 00:00:00+00:00, run_after=2025-11-02 00:00:00+00:00
[2025-11-02T19:27:19.581+0000] {logging_mixin.py:188} INFO - [2025-11-02T19:27:19.580+0000] {dag.py:3823} INFO - Setting next_dagrun for example_branch_datetime_operator_2 to 2025-11-01 00:00:00+00:00, run_after=2025-11-02 00:00:00+00:00
[2025-11-02T19:27:19.597+0000] {logging_mixin.py:188} INFO - [2025-11-02T19:27:19.597+0000] {dag.py:3823} INFO - Setting next_dagrun for example_branch_datetime_operator_3 to 2025-11-01 00:00:00+00:00, run_after=2025-11-02 00:00:00+00:00
[2025-11-02T19:27:19.668+0000] {processor.py:183} INFO - Processing /home/airflow/.local/lib/python3.8/site-packages/airflow/example_dags/example_branch_datetime_operator.py took 0.366 seconds
[2025-11-02T19:27:50.263+0000] {processor.py:161} INFO - Started process (PID=6835) to work on /home/airflow/.local/lib/python3.8/site-packages/airflow/example_dags/example_branch_datetime_operator.py
[2025-11-02T19:27:50.278+0000] {processor.py:830} INFO - Processing file /home/airflow/.local/lib/python3.8/site-packages/airflow/example_dags/example_branch_datetime_operator.py for tasks to queue
[2025-11-02T19:27:50.296+0000] {logging_mixin.py:188} INFO - [2025-11-02T19:27:50.295+0000] {dagbag.py:538} INFO - Filling up the DagBag from /home/airflow/.local/lib/python3.8/site-packages/airflow/example_dags/example_branch_datetime_operator.py
[2025-11-02T19:27:50.368+0000] {processor.py:840} INFO - DAG(s) 'example_branch_datetime_operator', 'example_branch_datetime_operator_2', 'example_branch_datetime_operator_3' retrieved from /home/airflow/.local/lib/python3.8/site-packages/airflow/example_dags/example_branch_datetime_operator.py
[2025-11-02T19:27:50.592+0000] {logging_mixin.py:188} INFO - [2025-11-02T19:27:50.592+0000] {dag.py:3036} INFO - Sync 3 DAGs
[2025-11-02T19:27:50.732+0000] {logging_mixin.py:188} INFO - [2025-11-02T19:27:50.731+0000] {dag.py:3823} INFO - Setting next_dagrun for example_branch_datetime_operator to 2025-11-01 00:00:00+00:00, run_after=2025-11-02 00:00:00+00:00
[2025-11-02T19:27:50.750+0000] {logging_mixin.py:188} INFO - [2025-11-02T19:27:50.749+0000] {dag.py:3823} INFO - Setting next_dagrun for example_branch_datetime_operator_2 to 2025-11-01 00:00:00+00:00, run_after=2025-11-02 00:00:00+00:00
[2025-11-02T19:27:50.760+0000] {logging_mixin.py:188} INFO - [2025-11-02T19:27:50.760+0000] {dag.py:3823} INFO - Setting next_dagrun for example_branch_datetime_operator_3 to 2025-11-01 00:00:00+00:00, run_after=2025-11-02 00:00:00+00:00
[2025-11-02T19:27:50.855+0000] {processor.py:183} INFO - Processing /home/airflow/.local/lib/python3.8/site-packages/airflow/example_dags/example_branch_datetime_operator.py took 0.618 seconds
[2025-11-02T19:28:21.528+0000] {processor.py:161} INFO - Started process (PID=6890) to work on /home/airflow/.local/lib/python3.8/site-packages/airflow/example_dags/example_branch_datetime_operator.py
[2025-11-02T19:28:21.531+0000] {processor.py:830} INFO - Processing file /home/airflow/.local/lib/python3.8/site-packages/airflow/example_dags/example_branch_datetime_operator.py for tasks to queue
[2025-11-02T19:28:21.537+0000] {logging_mixin.py:188} INFO - [2025-11-02T19:28:21.537+0000] {dagbag.py:538} INFO - Filling up the DagBag from /home/airflow/.local/lib/python3.8/site-packages/airflow/example_dags/example_branch_datetime_operator.py
[2025-11-02T19:28:21.576+0000] {processor.py:840} INFO - DAG(s) 'example_branch_datetime_operator', 'example_branch_datetime_operator_3', 'example_branch_datetime_operator_2' retrieved from /home/airflow/.local/lib/python3.8/site-packages/airflow/example_dags/example_branch_datetime_operator.py
[2025-11-02T19:28:21.651+0000] {logging_mixin.py:188} INFO - [2025-11-02T19:28:21.651+0000] {dag.py:3036} INFO - Sync 3 DAGs
[2025-11-02T19:28:21.705+0000] {logging_mixin.py:188} INFO - [2025-11-02T19:28:21.704+0000] {dag.py:3823} INFO - Setting next_dagrun for example_branch_datetime_operator to 2025-11-01 00:00:00+00:00, run_after=2025-11-02 00:00:00+00:00
[2025-11-02T19:28:21.723+0000] {logging_mixin.py:188} INFO - [2025-11-02T19:28:21.722+0000] {dag.py:3823} INFO - Setting next_dagrun for example_branch_datetime_operator_2 to 2025-11-01 00:00:00+00:00, run_after=2025-11-02 00:00:00+00:00
[2025-11-02T19:28:21.731+0000] {logging_mixin.py:188} INFO - [2025-11-02T19:28:21.730+0000] {dag.py:3823} INFO - Setting next_dagrun for example_branch_datetime_operator_3 to 2025-11-01 00:00:00+00:00, run_after=2025-11-02 00:00:00+00:00
[2025-11-02T19:28:21.789+0000] {processor.py:183} INFO - Processing /home/airflow/.local/lib/python3.8/site-packages/airflow/example_dags/example_branch_datetime_operator.py took 0.269 seconds
[2025-11-02T19:28:52.160+0000] {processor.py:161} INFO - Started process (PID=6945) to work on /home/airflow/.local/lib/python3.8/site-packages/airflow/example_dags/example_branch_datetime_operator.py
[2025-11-02T19:28:52.163+0000] {processor.py:830} INFO - Processing file /home/airflow/.local/lib/python3.8/site-packages/airflow/example_dags/example_branch_datetime_operator.py for tasks to queue
[2025-11-02T19:28:52.169+0000] {logging_mixin.py:188} INFO - [2025-11-02T19:28:52.168+0000] {dagbag.py:538} INFO - Filling up the DagBag from /home/airflow/.local/lib/python3.8/site-packages/airflow/example_dags/example_branch_datetime_operator.py
[2025-11-02T19:28:52.197+0000] {processor.py:840} INFO - DAG(s) 'example_branch_datetime_operator_2', 'example_branch_datetime_operator', 'example_branch_datetime_operator_3' retrieved from /home/airflow/.local/lib/python3.8/site-packages/airflow/example_dags/example_branch_datetime_operator.py
[2025-11-02T19:28:52.272+0000] {logging_mixin.py:188} INFO - [2025-11-02T19:28:52.272+0000] {dag.py:3036} INFO - Sync 3 DAGs
[2025-11-02T19:28:52.324+0000] {logging_mixin.py:188} INFO - [2025-11-02T19:28:52.323+0000] {dag.py:3823} INFO - Setting next_dagrun for example_branch_datetime_operator to 2025-11-01 00:00:00+00:00, run_after=2025-11-02 00:00:00+00:00
[2025-11-02T19:28:52.338+0000] {logging_mixin.py:188} INFO - [2025-11-02T19:28:52.337+0000] {dag.py:3823} INFO - Setting next_dagrun for example_branch_datetime_operator_2 to 2025-11-01 00:00:00+00:00, run_after=2025-11-02 00:00:00+00:00
[2025-11-02T19:28:52.349+0000] {logging_mixin.py:188} INFO - [2025-11-02T19:28:52.348+0000] {dag.py:3823} INFO - Setting next_dagrun for example_branch_datetime_operator_3 to 2025-11-01 00:00:00+00:00, run_after=2025-11-02 00:00:00+00:00
[2025-11-02T19:28:52.400+0000] {processor.py:183} INFO - Processing /home/airflow/.local/lib/python3.8/site-packages/airflow/example_dags/example_branch_datetime_operator.py took 0.252 seconds
[2025-11-02T19:29:22.816+0000] {processor.py:161} INFO - Started process (PID=6999) to work on /home/airflow/.local/lib/python3.8/site-packages/airflow/example_dags/example_branch_datetime_operator.py
[2025-11-02T19:29:22.818+0000] {processor.py:830} INFO - Processing file /home/airflow/.local/lib/python3.8/site-packages/airflow/example_dags/example_branch_datetime_operator.py for tasks to queue
[2025-11-02T19:29:22.823+0000] {logging_mixin.py:188} INFO - [2025-11-02T19:29:22.822+0000] {dagbag.py:538} INFO - Filling up the DagBag from /home/airflow/.local/lib/python3.8/site-packages/airflow/example_dags/example_branch_datetime_operator.py
[2025-11-02T19:29:22.855+0000] {processor.py:840} INFO - DAG(s) 'example_branch_datetime_operator_3', 'example_branch_datetime_operator_2', 'example_branch_datetime_operator' retrieved from /home/airflow/.local/lib/python3.8/site-packages/airflow/example_dags/example_branch_datetime_operator.py
[2025-11-02T19:29:22.930+0000] {logging_mixin.py:188} INFO - [2025-11-02T19:29:22.930+0000] {dag.py:3036} INFO - Sync 3 DAGs
[2025-11-02T19:29:23.008+0000] {logging_mixin.py:188} INFO - [2025-11-02T19:29:23.007+0000] {dag.py:3823} INFO - Setting next_dagrun for example_branch_datetime_operator to 2025-11-01 00:00:00+00:00, run_after=2025-11-02 00:00:00+00:00
[2025-11-02T19:29:23.021+0000] {logging_mixin.py:188} INFO - [2025-11-02T19:29:23.021+0000] {dag.py:3823} INFO - Setting next_dagrun for example_branch_datetime_operator_2 to 2025-11-01 00:00:00+00:00, run_after=2025-11-02 00:00:00+00:00
[2025-11-02T19:29:23.028+0000] {logging_mixin.py:188} INFO - [2025-11-02T19:29:23.028+0000] {dag.py:3823} INFO - Setting next_dagrun for example_branch_datetime_operator_3 to 2025-11-01 00:00:00+00:00, run_after=2025-11-02 00:00:00+00:00
[2025-11-02T19:29:23.084+0000] {processor.py:183} INFO - Processing /home/airflow/.local/lib/python3.8/site-packages/airflow/example_dags/example_branch_datetime_operator.py took 0.282 seconds
[2025-11-02T19:29:53.214+0000] {processor.py:161} INFO - Started process (PID=7055) to work on /home/airflow/.local/lib/python3.8/site-packages/airflow/example_dags/example_branch_datetime_operator.py
[2025-11-02T19:29:53.217+0000] {processor.py:830} INFO - Processing file /home/airflow/.local/lib/python3.8/site-packages/airflow/example_dags/example_branch_datetime_operator.py for tasks to queue
[2025-11-02T19:29:53.222+0000] {logging_mixin.py:188} INFO - [2025-11-02T19:29:53.221+0000] {dagbag.py:538} INFO - Filling up the DagBag from /home/airflow/.local/lib/python3.8/site-packages/airflow/example_dags/example_branch_datetime_operator.py
[2025-11-02T19:29:53.250+0000] {processor.py:840} INFO - DAG(s) 'example_branch_datetime_operator_3', 'example_branch_datetime_operator_2', 'example_branch_datetime_operator' retrieved from /home/airflow/.local/lib/python3.8/site-packages/airflow/example_dags/example_branch_datetime_operator.py
[2025-11-02T19:29:53.334+0000] {logging_mixin.py:188} INFO - [2025-11-02T19:29:53.334+0000] {dag.py:3036} INFO - Sync 3 DAGs
[2025-11-02T19:29:53.396+0000] {logging_mixin.py:188} INFO - [2025-11-02T19:29:53.395+0000] {dag.py:3823} INFO - Setting next_dagrun for example_branch_datetime_operator to 2025-11-01 00:00:00+00:00, run_after=2025-11-02 00:00:00+00:00
[2025-11-02T19:29:53.409+0000] {logging_mixin.py:188} INFO - [2025-11-02T19:29:53.408+0000] {dag.py:3823} INFO - Setting next_dagrun for example_branch_datetime_operator_2 to 2025-11-01 00:00:00+00:00, run_after=2025-11-02 00:00:00+00:00
[2025-11-02T19:29:53.418+0000] {logging_mixin.py:188} INFO - [2025-11-02T19:29:53.418+0000] {dag.py:3823} INFO - Setting next_dagrun for example_branch_datetime_operator_3 to 2025-11-01 00:00:00+00:00, run_after=2025-11-02 00:00:00+00:00
[2025-11-02T19:29:53.466+0000] {processor.py:183} INFO - Processing /home/airflow/.local/lib/python3.8/site-packages/airflow/example_dags/example_branch_datetime_operator.py took 0.263 seconds
[2025-11-02T19:30:24.063+0000] {processor.py:161} INFO - Started process (PID=7110) to work on /home/airflow/.local/lib/python3.8/site-packages/airflow/example_dags/example_branch_datetime_operator.py
[2025-11-02T19:30:24.066+0000] {processor.py:830} INFO - Processing file /home/airflow/.local/lib/python3.8/site-packages/airflow/example_dags/example_branch_datetime_operator.py for tasks to queue
[2025-11-02T19:30:24.073+0000] {logging_mixin.py:188} INFO - [2025-11-02T19:30:24.072+0000] {dagbag.py:538} INFO - Filling up the DagBag from /home/airflow/.local/lib/python3.8/site-packages/airflow/example_dags/example_branch_datetime_operator.py
[2025-11-02T19:30:24.097+0000] {processor.py:840} INFO - DAG(s) 'example_branch_datetime_operator', 'example_branch_datetime_operator_3', 'example_branch_datetime_operator_2' retrieved from /home/airflow/.local/lib/python3.8/site-packages/airflow/example_dags/example_branch_datetime_operator.py
[2025-11-02T19:30:24.180+0000] {logging_mixin.py:188} INFO - [2025-11-02T19:30:24.180+0000] {dag.py:3036} INFO - Sync 3 DAGs
[2025-11-02T19:30:24.233+0000] {logging_mixin.py:188} INFO - [2025-11-02T19:30:24.233+0000] {dag.py:3823} INFO - Setting next_dagrun for example_branch_datetime_operator to 2025-11-01 00:00:00+00:00, run_after=2025-11-02 00:00:00+00:00
[2025-11-02T19:30:24.246+0000] {logging_mixin.py:188} INFO - [2025-11-02T19:30:24.245+0000] {dag.py:3823} INFO - Setting next_dagrun for example_branch_datetime_operator_2 to 2025-11-01 00:00:00+00:00, run_after=2025-11-02 00:00:00+00:00
[2025-11-02T19:30:24.257+0000] {logging_mixin.py:188} INFO - [2025-11-02T19:30:24.256+0000] {dag.py:3823} INFO - Setting next_dagrun for example_branch_datetime_operator_3 to 2025-11-01 00:00:00+00:00, run_after=2025-11-02 00:00:00+00:00
[2025-11-02T19:30:24.307+0000] {processor.py:183} INFO - Processing /home/airflow/.local/lib/python3.8/site-packages/airflow/example_dags/example_branch_datetime_operator.py took 0.253 seconds
[2025-11-02T19:30:54.794+0000] {processor.py:161} INFO - Started process (PID=7165) to work on /home/airflow/.local/lib/python3.8/site-packages/airflow/example_dags/example_branch_datetime_operator.py
[2025-11-02T19:30:54.797+0000] {processor.py:830} INFO - Processing file /home/airflow/.local/lib/python3.8/site-packages/airflow/example_dags/example_branch_datetime_operator.py for tasks to queue
[2025-11-02T19:30:54.803+0000] {logging_mixin.py:188} INFO - [2025-11-02T19:30:54.802+0000] {dagbag.py:538} INFO - Filling up the DagBag from /home/airflow/.local/lib/python3.8/site-packages/airflow/example_dags/example_branch_datetime_operator.py
[2025-11-02T19:30:54.828+0000] {processor.py:840} INFO - DAG(s) 'example_branch_datetime_operator_2', 'example_branch_datetime_operator', 'example_branch_datetime_operator_3' retrieved from /home/airflow/.local/lib/python3.8/site-packages/airflow/example_dags/example_branch_datetime_operator.py
[2025-11-02T19:30:54.918+0000] {logging_mixin.py:188} INFO - [2025-11-02T19:30:54.918+0000] {dag.py:3036} INFO - Sync 3 DAGs
[2025-11-02T19:30:54.994+0000] {logging_mixin.py:188} INFO - [2025-11-02T19:30:54.993+0000] {dag.py:3823} INFO - Setting next_dagrun for example_branch_datetime_operator to 2025-11-01 00:00:00+00:00, run_after=2025-11-02 00:00:00+00:00
[2025-11-02T19:30:55.010+0000] {logging_mixin.py:188} INFO - [2025-11-02T19:30:55.010+0000] {dag.py:3823} INFO - Setting next_dagrun for example_branch_datetime_operator_2 to 2025-11-01 00:00:00+00:00, run_after=2025-11-02 00:00:00+00:00
[2025-11-02T19:30:55.021+0000] {logging_mixin.py:188} INFO - [2025-11-02T19:30:55.020+0000] {dag.py:3823} INFO - Setting next_dagrun for example_branch_datetime_operator_3 to 2025-11-01 00:00:00+00:00, run_after=2025-11-02 00:00:00+00:00
[2025-11-02T19:30:55.080+0000] {processor.py:183} INFO - Processing /home/airflow/.local/lib/python3.8/site-packages/airflow/example_dags/example_branch_datetime_operator.py took 0.296 seconds
[2025-11-02T19:31:25.290+0000] {processor.py:161} INFO - Started process (PID=7220) to work on /home/airflow/.local/lib/python3.8/site-packages/airflow/example_dags/example_branch_datetime_operator.py
[2025-11-02T19:31:25.294+0000] {processor.py:830} INFO - Processing file /home/airflow/.local/lib/python3.8/site-packages/airflow/example_dags/example_branch_datetime_operator.py for tasks to queue
[2025-11-02T19:31:25.300+0000] {logging_mixin.py:188} INFO - [2025-11-02T19:31:25.299+0000] {dagbag.py:538} INFO - Filling up the DagBag from /home/airflow/.local/lib/python3.8/site-packages/airflow/example_dags/example_branch_datetime_operator.py
[2025-11-02T19:31:25.334+0000] {processor.py:840} INFO - DAG(s) 'example_branch_datetime_operator', 'example_branch_datetime_operator_3', 'example_branch_datetime_operator_2' retrieved from /home/airflow/.local/lib/python3.8/site-packages/airflow/example_dags/example_branch_datetime_operator.py
[2025-11-02T19:31:25.422+0000] {logging_mixin.py:188} INFO - [2025-11-02T19:31:25.422+0000] {dag.py:3036} INFO - Sync 3 DAGs
[2025-11-02T19:31:25.492+0000] {logging_mixin.py:188} INFO - [2025-11-02T19:31:25.490+0000] {dag.py:3823} INFO - Setting next_dagrun for example_branch_datetime_operator to 2025-11-01 00:00:00+00:00, run_after=2025-11-02 00:00:00+00:00
[2025-11-02T19:31:25.510+0000] {logging_mixin.py:188} INFO - [2025-11-02T19:31:25.509+0000] {dag.py:3823} INFO - Setting next_dagrun for example_branch_datetime_operator_2 to 2025-11-01 00:00:00+00:00, run_after=2025-11-02 00:00:00+00:00
[2025-11-02T19:31:25.517+0000] {logging_mixin.py:188} INFO - [2025-11-02T19:31:25.517+0000] {dag.py:3823} INFO - Setting next_dagrun for example_branch_datetime_operator_3 to 2025-11-01 00:00:00+00:00, run_after=2025-11-02 00:00:00+00:00
[2025-11-02T19:31:25.598+0000] {processor.py:183} INFO - Processing /home/airflow/.local/lib/python3.8/site-packages/airflow/example_dags/example_branch_datetime_operator.py took 0.322 seconds
[2025-11-02T19:31:55.701+0000] {processor.py:161} INFO - Started process (PID=7275) to work on /home/airflow/.local/lib/python3.8/site-packages/airflow/example_dags/example_branch_datetime_operator.py
[2025-11-02T19:31:55.704+0000] {processor.py:830} INFO - Processing file /home/airflow/.local/lib/python3.8/site-packages/airflow/example_dags/example_branch_datetime_operator.py for tasks to queue
[2025-11-02T19:31:55.711+0000] {logging_mixin.py:188} INFO - [2025-11-02T19:31:55.710+0000] {dagbag.py:538} INFO - Filling up the DagBag from /home/airflow/.local/lib/python3.8/site-packages/airflow/example_dags/example_branch_datetime_operator.py
[2025-11-02T19:31:55.740+0000] {processor.py:840} INFO - DAG(s) 'example_branch_datetime_operator', 'example_branch_datetime_operator_3', 'example_branch_datetime_operator_2' retrieved from /home/airflow/.local/lib/python3.8/site-packages/airflow/example_dags/example_branch_datetime_operator.py
[2025-11-02T19:31:55.813+0000] {logging_mixin.py:188} INFO - [2025-11-02T19:31:55.813+0000] {dag.py:3036} INFO - Sync 3 DAGs
[2025-11-02T19:31:55.871+0000] {logging_mixin.py:188} INFO - [2025-11-02T19:31:55.870+0000] {dag.py:3823} INFO - Setting next_dagrun for example_branch_datetime_operator to 2025-11-01 00:00:00+00:00, run_after=2025-11-02 00:00:00+00:00
[2025-11-02T19:31:55.883+0000] {logging_mixin.py:188} INFO - [2025-11-02T19:31:55.882+0000] {dag.py:3823} INFO - Setting next_dagrun for example_branch_datetime_operator_2 to 2025-11-01 00:00:00+00:00, run_after=2025-11-02 00:00:00+00:00
[2025-11-02T19:31:55.889+0000] {logging_mixin.py:188} INFO - [2025-11-02T19:31:55.889+0000] {dag.py:3823} INFO - Setting next_dagrun for example_branch_datetime_operator_3 to 2025-11-01 00:00:00+00:00, run_after=2025-11-02 00:00:00+00:00
[2025-11-02T19:31:55.938+0000] {processor.py:183} INFO - Processing /home/airflow/.local/lib/python3.8/site-packages/airflow/example_dags/example_branch_datetime_operator.py took 0.246 seconds
[2025-11-02T19:32:26.858+0000] {processor.py:161} INFO - Started process (PID=7330) to work on /home/airflow/.local/lib/python3.8/site-packages/airflow/example_dags/example_branch_datetime_operator.py
[2025-11-02T19:32:26.873+0000] {processor.py:830} INFO - Processing file /home/airflow/.local/lib/python3.8/site-packages/airflow/example_dags/example_branch_datetime_operator.py for tasks to queue
[2025-11-02T19:32:26.902+0000] {logging_mixin.py:188} INFO - [2025-11-02T19:32:26.901+0000] {dagbag.py:538} INFO - Filling up the DagBag from /home/airflow/.local/lib/python3.8/site-packages/airflow/example_dags/example_branch_datetime_operator.py
[2025-11-02T19:32:26.973+0000] {processor.py:840} INFO - DAG(s) 'example_branch_datetime_operator_2', 'example_branch_datetime_operator_3', 'example_branch_datetime_operator' retrieved from /home/airflow/.local/lib/python3.8/site-packages/airflow/example_dags/example_branch_datetime_operator.py
[2025-11-02T19:32:27.150+0000] {logging_mixin.py:188} INFO - [2025-11-02T19:32:27.149+0000] {dag.py:3036} INFO - Sync 3 DAGs
[2025-11-02T19:32:27.237+0000] {logging_mixin.py:188} INFO - [2025-11-02T19:32:27.236+0000] {dag.py:3823} INFO - Setting next_dagrun for example_branch_datetime_operator to 2025-11-01 00:00:00+00:00, run_after=2025-11-02 00:00:00+00:00
[2025-11-02T19:32:27.284+0000] {logging_mixin.py:188} INFO - [2025-11-02T19:32:27.283+0000] {dag.py:3823} INFO - Setting next_dagrun for example_branch_datetime_operator_2 to 2025-11-01 00:00:00+00:00, run_after=2025-11-02 00:00:00+00:00
[2025-11-02T19:32:27.306+0000] {logging_mixin.py:188} INFO - [2025-11-02T19:32:27.305+0000] {dag.py:3823} INFO - Setting next_dagrun for example_branch_datetime_operator_3 to 2025-11-01 00:00:00+00:00, run_after=2025-11-02 00:00:00+00:00
[2025-11-02T19:32:27.368+0000] {processor.py:183} INFO - Processing /home/airflow/.local/lib/python3.8/site-packages/airflow/example_dags/example_branch_datetime_operator.py took 0.560 seconds
[2025-11-02T19:32:57.804+0000] {processor.py:161} INFO - Started process (PID=7385) to work on /home/airflow/.local/lib/python3.8/site-packages/airflow/example_dags/example_branch_datetime_operator.py
[2025-11-02T19:32:57.807+0000] {processor.py:830} INFO - Processing file /home/airflow/.local/lib/python3.8/site-packages/airflow/example_dags/example_branch_datetime_operator.py for tasks to queue
[2025-11-02T19:32:57.812+0000] {logging_mixin.py:188} INFO - [2025-11-02T19:32:57.811+0000] {dagbag.py:538} INFO - Filling up the DagBag from /home/airflow/.local/lib/python3.8/site-packages/airflow/example_dags/example_branch_datetime_operator.py
[2025-11-02T19:32:57.837+0000] {processor.py:840} INFO - DAG(s) 'example_branch_datetime_operator', 'example_branch_datetime_operator_2', 'example_branch_datetime_operator_3' retrieved from /home/airflow/.local/lib/python3.8/site-packages/airflow/example_dags/example_branch_datetime_operator.py
[2025-11-02T19:32:57.910+0000] {logging_mixin.py:188} INFO - [2025-11-02T19:32:57.910+0000] {dag.py:3036} INFO - Sync 3 DAGs
[2025-11-02T19:32:57.980+0000] {logging_mixin.py:188} INFO - [2025-11-02T19:32:57.979+0000] {dag.py:3823} INFO - Setting next_dagrun for example_branch_datetime_operator to 2025-11-01 00:00:00+00:00, run_after=2025-11-02 00:00:00+00:00
[2025-11-02T19:32:57.994+0000] {logging_mixin.py:188} INFO - [2025-11-02T19:32:57.994+0000] {dag.py:3823} INFO - Setting next_dagrun for example_branch_datetime_operator_2 to 2025-11-01 00:00:00+00:00, run_after=2025-11-02 00:00:00+00:00
[2025-11-02T19:32:58.005+0000] {logging_mixin.py:188} INFO - [2025-11-02T19:32:58.004+0000] {dag.py:3823} INFO - Setting next_dagrun for example_branch_datetime_operator_3 to 2025-11-01 00:00:00+00:00, run_after=2025-11-02 00:00:00+00:00
[2025-11-02T19:32:58.058+0000] {processor.py:183} INFO - Processing /home/airflow/.local/lib/python3.8/site-packages/airflow/example_dags/example_branch_datetime_operator.py took 0.265 seconds
[2025-11-02T19:33:28.383+0000] {processor.py:161} INFO - Started process (PID=7440) to work on /home/airflow/.local/lib/python3.8/site-packages/airflow/example_dags/example_branch_datetime_operator.py
[2025-11-02T19:33:28.386+0000] {processor.py:830} INFO - Processing file /home/airflow/.local/lib/python3.8/site-packages/airflow/example_dags/example_branch_datetime_operator.py for tasks to queue
[2025-11-02T19:33:28.392+0000] {logging_mixin.py:188} INFO - [2025-11-02T19:33:28.391+0000] {dagbag.py:538} INFO - Filling up the DagBag from /home/airflow/.local/lib/python3.8/site-packages/airflow/example_dags/example_branch_datetime_operator.py
[2025-11-02T19:33:28.418+0000] {processor.py:840} INFO - DAG(s) 'example_branch_datetime_operator', 'example_branch_datetime_operator_3', 'example_branch_datetime_operator_2' retrieved from /home/airflow/.local/lib/python3.8/site-packages/airflow/example_dags/example_branch_datetime_operator.py
[2025-11-02T19:33:28.507+0000] {logging_mixin.py:188} INFO - [2025-11-02T19:33:28.506+0000] {dag.py:3036} INFO - Sync 3 DAGs
[2025-11-02T19:33:28.576+0000] {logging_mixin.py:188} INFO - [2025-11-02T19:33:28.576+0000] {dag.py:3823} INFO - Setting next_dagrun for example_branch_datetime_operator to 2025-11-01 00:00:00+00:00, run_after=2025-11-02 00:00:00+00:00
[2025-11-02T19:33:28.591+0000] {logging_mixin.py:188} INFO - [2025-11-02T19:33:28.591+0000] {dag.py:3823} INFO - Setting next_dagrun for example_branch_datetime_operator_2 to 2025-11-01 00:00:00+00:00, run_after=2025-11-02 00:00:00+00:00
[2025-11-02T19:33:28.616+0000] {logging_mixin.py:188} INFO - [2025-11-02T19:33:28.616+0000] {dag.py:3823} INFO - Setting next_dagrun for example_branch_datetime_operator_3 to 2025-11-01 00:00:00+00:00, run_after=2025-11-02 00:00:00+00:00
[2025-11-02T19:33:28.672+0000] {processor.py:183} INFO - Processing /home/airflow/.local/lib/python3.8/site-packages/airflow/example_dags/example_branch_datetime_operator.py took 0.300 seconds
[2025-11-02T19:33:58.790+0000] {processor.py:161} INFO - Started process (PID=7496) to work on /home/airflow/.local/lib/python3.8/site-packages/airflow/example_dags/example_branch_datetime_operator.py
[2025-11-02T19:33:58.796+0000] {processor.py:830} INFO - Processing file /home/airflow/.local/lib/python3.8/site-packages/airflow/example_dags/example_branch_datetime_operator.py for tasks to queue
[2025-11-02T19:33:58.804+0000] {logging_mixin.py:188} INFO - [2025-11-02T19:33:58.803+0000] {dagbag.py:538} INFO - Filling up the DagBag from /home/airflow/.local/lib/python3.8/site-packages/airflow/example_dags/example_branch_datetime_operator.py
[2025-11-02T19:33:58.841+0000] {processor.py:840} INFO - DAG(s) 'example_branch_datetime_operator_2', 'example_branch_datetime_operator_3', 'example_branch_datetime_operator' retrieved from /home/airflow/.local/lib/python3.8/site-packages/airflow/example_dags/example_branch_datetime_operator.py
[2025-11-02T19:33:58.985+0000] {logging_mixin.py:188} INFO - [2025-11-02T19:33:58.985+0000] {dag.py:3036} INFO - Sync 3 DAGs
[2025-11-02T19:33:59.134+0000] {logging_mixin.py:188} INFO - [2025-11-02T19:33:59.133+0000] {dag.py:3823} INFO - Setting next_dagrun for example_branch_datetime_operator to 2025-11-01 00:00:00+00:00, run_after=2025-11-02 00:00:00+00:00
[2025-11-02T19:33:59.152+0000] {logging_mixin.py:188} INFO - [2025-11-02T19:33:59.151+0000] {dag.py:3823} INFO - Setting next_dagrun for example_branch_datetime_operator_2 to 2025-11-01 00:00:00+00:00, run_after=2025-11-02 00:00:00+00:00
[2025-11-02T19:33:59.165+0000] {logging_mixin.py:188} INFO - [2025-11-02T19:33:59.164+0000] {dag.py:3823} INFO - Setting next_dagrun for example_branch_datetime_operator_3 to 2025-11-01 00:00:00+00:00, run_after=2025-11-02 00:00:00+00:00
[2025-11-02T19:33:59.246+0000] {processor.py:183} INFO - Processing /home/airflow/.local/lib/python3.8/site-packages/airflow/example_dags/example_branch_datetime_operator.py took 0.469 seconds
[2025-11-02T19:34:29.560+0000] {processor.py:161} INFO - Started process (PID=7549) to work on /home/airflow/.local/lib/python3.8/site-packages/airflow/example_dags/example_branch_datetime_operator.py
[2025-11-02T19:34:29.564+0000] {processor.py:830} INFO - Processing file /home/airflow/.local/lib/python3.8/site-packages/airflow/example_dags/example_branch_datetime_operator.py for tasks to queue
[2025-11-02T19:34:29.570+0000] {logging_mixin.py:188} INFO - [2025-11-02T19:34:29.570+0000] {dagbag.py:538} INFO - Filling up the DagBag from /home/airflow/.local/lib/python3.8/site-packages/airflow/example_dags/example_branch_datetime_operator.py
[2025-11-02T19:34:29.625+0000] {processor.py:840} INFO - DAG(s) 'example_branch_datetime_operator_2', 'example_branch_datetime_operator', 'example_branch_datetime_operator_3' retrieved from /home/airflow/.local/lib/python3.8/site-packages/airflow/example_dags/example_branch_datetime_operator.py
[2025-11-02T19:34:29.796+0000] {logging_mixin.py:188} INFO - [2025-11-02T19:34:29.796+0000] {dag.py:3036} INFO - Sync 3 DAGs
[2025-11-02T19:34:29.966+0000] {logging_mixin.py:188} INFO - [2025-11-02T19:34:29.966+0000] {dag.py:3823} INFO - Setting next_dagrun for example_branch_datetime_operator to 2025-11-01 00:00:00+00:00, run_after=2025-11-02 00:00:00+00:00
[2025-11-02T19:34:29.991+0000] {logging_mixin.py:188} INFO - [2025-11-02T19:34:29.990+0000] {dag.py:3823} INFO - Setting next_dagrun for example_branch_datetime_operator_2 to 2025-11-01 00:00:00+00:00, run_after=2025-11-02 00:00:00+00:00
[2025-11-02T19:34:30.007+0000] {logging_mixin.py:188} INFO - [2025-11-02T19:34:30.006+0000] {dag.py:3823} INFO - Setting next_dagrun for example_branch_datetime_operator_3 to 2025-11-01 00:00:00+00:00, run_after=2025-11-02 00:00:00+00:00
[2025-11-02T19:34:30.085+0000] {processor.py:183} INFO - Processing /home/airflow/.local/lib/python3.8/site-packages/airflow/example_dags/example_branch_datetime_operator.py took 0.539 seconds
[2025-11-02T19:35:00.276+0000] {processor.py:161} INFO - Started process (PID=7605) to work on /home/airflow/.local/lib/python3.8/site-packages/airflow/example_dags/example_branch_datetime_operator.py
[2025-11-02T19:35:00.280+0000] {processor.py:830} INFO - Processing file /home/airflow/.local/lib/python3.8/site-packages/airflow/example_dags/example_branch_datetime_operator.py for tasks to queue
[2025-11-02T19:35:00.287+0000] {logging_mixin.py:188} INFO - [2025-11-02T19:35:00.286+0000] {dagbag.py:538} INFO - Filling up the DagBag from /home/airflow/.local/lib/python3.8/site-packages/airflow/example_dags/example_branch_datetime_operator.py
[2025-11-02T19:35:00.355+0000] {processor.py:840} INFO - DAG(s) 'example_branch_datetime_operator_2', 'example_branch_datetime_operator_3', 'example_branch_datetime_operator' retrieved from /home/airflow/.local/lib/python3.8/site-packages/airflow/example_dags/example_branch_datetime_operator.py
[2025-11-02T19:35:00.439+0000] {logging_mixin.py:188} INFO - [2025-11-02T19:35:00.438+0000] {dag.py:3036} INFO - Sync 3 DAGs
[2025-11-02T19:35:00.515+0000] {logging_mixin.py:188} INFO - [2025-11-02T19:35:00.514+0000] {dag.py:3823} INFO - Setting next_dagrun for example_branch_datetime_operator to 2025-11-01 00:00:00+00:00, run_after=2025-11-02 00:00:00+00:00
[2025-11-02T19:35:00.532+0000] {logging_mixin.py:188} INFO - [2025-11-02T19:35:00.531+0000] {dag.py:3823} INFO - Setting next_dagrun for example_branch_datetime_operator_2 to 2025-11-01 00:00:00+00:00, run_after=2025-11-02 00:00:00+00:00
[2025-11-02T19:35:00.540+0000] {logging_mixin.py:188} INFO - [2025-11-02T19:35:00.539+0000] {dag.py:3823} INFO - Setting next_dagrun for example_branch_datetime_operator_3 to 2025-11-01 00:00:00+00:00, run_after=2025-11-02 00:00:00+00:00
[2025-11-02T19:35:00.588+0000] {processor.py:183} INFO - Processing /home/airflow/.local/lib/python3.8/site-packages/airflow/example_dags/example_branch_datetime_operator.py took 0.324 seconds
[2025-11-02T19:35:30.718+0000] {processor.py:161} INFO - Started process (PID=7659) to work on /home/airflow/.local/lib/python3.8/site-packages/airflow/example_dags/example_branch_datetime_operator.py
[2025-11-02T19:35:30.721+0000] {processor.py:830} INFO - Processing file /home/airflow/.local/lib/python3.8/site-packages/airflow/example_dags/example_branch_datetime_operator.py for tasks to queue
[2025-11-02T19:35:30.726+0000] {logging_mixin.py:188} INFO - [2025-11-02T19:35:30.725+0000] {dagbag.py:538} INFO - Filling up the DagBag from /home/airflow/.local/lib/python3.8/site-packages/airflow/example_dags/example_branch_datetime_operator.py
[2025-11-02T19:35:30.751+0000] {processor.py:840} INFO - DAG(s) 'example_branch_datetime_operator_3', 'example_branch_datetime_operator_2', 'example_branch_datetime_operator' retrieved from /home/airflow/.local/lib/python3.8/site-packages/airflow/example_dags/example_branch_datetime_operator.py
[2025-11-02T19:35:30.832+0000] {logging_mixin.py:188} INFO - [2025-11-02T19:35:30.831+0000] {dag.py:3036} INFO - Sync 3 DAGs
[2025-11-02T19:35:30.886+0000] {logging_mixin.py:188} INFO - [2025-11-02T19:35:30.885+0000] {dag.py:3823} INFO - Setting next_dagrun for example_branch_datetime_operator to 2025-11-01 00:00:00+00:00, run_after=2025-11-02 00:00:00+00:00
[2025-11-02T19:35:30.902+0000] {logging_mixin.py:188} INFO - [2025-11-02T19:35:30.902+0000] {dag.py:3823} INFO - Setting next_dagrun for example_branch_datetime_operator_2 to 2025-11-01 00:00:00+00:00, run_after=2025-11-02 00:00:00+00:00
[2025-11-02T19:35:30.909+0000] {logging_mixin.py:188} INFO - [2025-11-02T19:35:30.909+0000] {dag.py:3823} INFO - Setting next_dagrun for example_branch_datetime_operator_3 to 2025-11-01 00:00:00+00:00, run_after=2025-11-02 00:00:00+00:00
[2025-11-02T19:35:30.961+0000] {processor.py:183} INFO - Processing /home/airflow/.local/lib/python3.8/site-packages/airflow/example_dags/example_branch_datetime_operator.py took 0.256 seconds
[2025-11-02T19:36:01.454+0000] {processor.py:161} INFO - Started process (PID=7714) to work on /home/airflow/.local/lib/python3.8/site-packages/airflow/example_dags/example_branch_datetime_operator.py
[2025-11-02T19:36:01.468+0000] {processor.py:830} INFO - Processing file /home/airflow/.local/lib/python3.8/site-packages/airflow/example_dags/example_branch_datetime_operator.py for tasks to queue
[2025-11-02T19:36:01.482+0000] {logging_mixin.py:188} INFO - [2025-11-02T19:36:01.481+0000] {dagbag.py:538} INFO - Filling up the DagBag from /home/airflow/.local/lib/python3.8/site-packages/airflow/example_dags/example_branch_datetime_operator.py
[2025-11-02T19:36:01.521+0000] {processor.py:840} INFO - DAG(s) 'example_branch_datetime_operator', 'example_branch_datetime_operator_3', 'example_branch_datetime_operator_2' retrieved from /home/airflow/.local/lib/python3.8/site-packages/airflow/example_dags/example_branch_datetime_operator.py
[2025-11-02T19:36:01.635+0000] {logging_mixin.py:188} INFO - [2025-11-02T19:36:01.634+0000] {dag.py:3036} INFO - Sync 3 DAGs
[2025-11-02T19:36:01.725+0000] {logging_mixin.py:188} INFO - [2025-11-02T19:36:01.723+0000] {dag.py:3823} INFO - Setting next_dagrun for example_branch_datetime_operator to 2025-11-01 00:00:00+00:00, run_after=2025-11-02 00:00:00+00:00
[2025-11-02T19:36:01.750+0000] {logging_mixin.py:188} INFO - [2025-11-02T19:36:01.750+0000] {dag.py:3823} INFO - Setting next_dagrun for example_branch_datetime_operator_2 to 2025-11-01 00:00:00+00:00, run_after=2025-11-02 00:00:00+00:00
[2025-11-02T19:36:01.770+0000] {logging_mixin.py:188} INFO - [2025-11-02T19:36:01.770+0000] {dag.py:3823} INFO - Setting next_dagrun for example_branch_datetime_operator_3 to 2025-11-01 00:00:00+00:00, run_after=2025-11-02 00:00:00+00:00
[2025-11-02T19:36:01.854+0000] {processor.py:183} INFO - Processing /home/airflow/.local/lib/python3.8/site-packages/airflow/example_dags/example_branch_datetime_operator.py took 0.416 seconds
[2025-11-02T19:36:32.340+0000] {processor.py:161} INFO - Started process (PID=7768) to work on /home/airflow/.local/lib/python3.8/site-packages/airflow/example_dags/example_branch_datetime_operator.py
[2025-11-02T19:36:32.343+0000] {processor.py:830} INFO - Processing file /home/airflow/.local/lib/python3.8/site-packages/airflow/example_dags/example_branch_datetime_operator.py for tasks to queue
[2025-11-02T19:36:32.348+0000] {logging_mixin.py:188} INFO - [2025-11-02T19:36:32.347+0000] {dagbag.py:538} INFO - Filling up the DagBag from /home/airflow/.local/lib/python3.8/site-packages/airflow/example_dags/example_branch_datetime_operator.py
[2025-11-02T19:36:32.379+0000] {processor.py:840} INFO - DAG(s) 'example_branch_datetime_operator_3', 'example_branch_datetime_operator_2', 'example_branch_datetime_operator' retrieved from /home/airflow/.local/lib/python3.8/site-packages/airflow/example_dags/example_branch_datetime_operator.py
[2025-11-02T19:36:32.451+0000] {logging_mixin.py:188} INFO - [2025-11-02T19:36:32.451+0000] {dag.py:3036} INFO - Sync 3 DAGs
[2025-11-02T19:36:32.508+0000] {logging_mixin.py:188} INFO - [2025-11-02T19:36:32.508+0000] {dag.py:3823} INFO - Setting next_dagrun for example_branch_datetime_operator to 2025-11-01 00:00:00+00:00, run_after=2025-11-02 00:00:00+00:00
[2025-11-02T19:36:32.521+0000] {logging_mixin.py:188} INFO - [2025-11-02T19:36:32.520+0000] {dag.py:3823} INFO - Setting next_dagrun for example_branch_datetime_operator_2 to 2025-11-01 00:00:00+00:00, run_after=2025-11-02 00:00:00+00:00
[2025-11-02T19:36:32.529+0000] {logging_mixin.py:188} INFO - [2025-11-02T19:36:32.528+0000] {dag.py:3823} INFO - Setting next_dagrun for example_branch_datetime_operator_3 to 2025-11-01 00:00:00+00:00, run_after=2025-11-02 00:00:00+00:00
[2025-11-02T19:36:32.585+0000] {processor.py:183} INFO - Processing /home/airflow/.local/lib/python3.8/site-packages/airflow/example_dags/example_branch_datetime_operator.py took 0.256 seconds
[2025-11-02T19:37:05.919+0000] {processor.py:161} INFO - Started process (PID=7822) to work on /home/airflow/.local/lib/python3.8/site-packages/airflow/example_dags/example_branch_datetime_operator.py
[2025-11-02T19:37:05.930+0000] {processor.py:830} INFO - Processing file /home/airflow/.local/lib/python3.8/site-packages/airflow/example_dags/example_branch_datetime_operator.py for tasks to queue
[2025-11-02T19:37:05.943+0000] {logging_mixin.py:188} INFO - [2025-11-02T19:37:05.938+0000] {dagbag.py:538} INFO - Filling up the DagBag from /home/airflow/.local/lib/python3.8/site-packages/airflow/example_dags/example_branch_datetime_operator.py
[2025-11-02T19:37:05.996+0000] {processor.py:840} INFO - DAG(s) 'example_branch_datetime_operator', 'example_branch_datetime_operator_2', 'example_branch_datetime_operator_3' retrieved from /home/airflow/.local/lib/python3.8/site-packages/airflow/example_dags/example_branch_datetime_operator.py
[2025-11-02T19:37:06.088+0000] {logging_mixin.py:188} INFO - [2025-11-02T19:37:06.087+0000] {dag.py:3036} INFO - Sync 3 DAGs
[2025-11-02T19:37:06.171+0000] {logging_mixin.py:188} INFO - [2025-11-02T19:37:06.171+0000] {dag.py:3823} INFO - Setting next_dagrun for example_branch_datetime_operator to 2025-11-01 00:00:00+00:00, run_after=2025-11-02 00:00:00+00:00
[2025-11-02T19:37:06.191+0000] {logging_mixin.py:188} INFO - [2025-11-02T19:37:06.191+0000] {dag.py:3823} INFO - Setting next_dagrun for example_branch_datetime_operator_2 to 2025-11-01 00:00:00+00:00, run_after=2025-11-02 00:00:00+00:00
[2025-11-02T19:37:06.202+0000] {logging_mixin.py:188} INFO - [2025-11-02T19:37:06.201+0000] {dag.py:3823} INFO - Setting next_dagrun for example_branch_datetime_operator_3 to 2025-11-01 00:00:00+00:00, run_after=2025-11-02 00:00:00+00:00
[2025-11-02T19:37:06.263+0000] {processor.py:183} INFO - Processing /home/airflow/.local/lib/python3.8/site-packages/airflow/example_dags/example_branch_datetime_operator.py took 0.358 seconds
[2025-11-02T19:37:41.339+0000] {processor.py:161} INFO - Started process (PID=7877) to work on /home/airflow/.local/lib/python3.8/site-packages/airflow/example_dags/example_branch_datetime_operator.py
[2025-11-02T19:37:41.345+0000] {processor.py:830} INFO - Processing file /home/airflow/.local/lib/python3.8/site-packages/airflow/example_dags/example_branch_datetime_operator.py for tasks to queue
[2025-11-02T19:37:41.372+0000] {logging_mixin.py:188} INFO - [2025-11-02T19:37:41.363+0000] {dagbag.py:538} INFO - Filling up the DagBag from /home/airflow/.local/lib/python3.8/site-packages/airflow/example_dags/example_branch_datetime_operator.py
[2025-11-02T19:37:41.458+0000] {processor.py:840} INFO - DAG(s) 'example_branch_datetime_operator_3', 'example_branch_datetime_operator', 'example_branch_datetime_operator_2' retrieved from /home/airflow/.local/lib/python3.8/site-packages/airflow/example_dags/example_branch_datetime_operator.py
[2025-11-02T19:37:41.669+0000] {logging_mixin.py:188} INFO - [2025-11-02T19:37:41.668+0000] {dag.py:3036} INFO - Sync 3 DAGs
[2025-11-02T19:37:41.883+0000] {logging_mixin.py:188} INFO - [2025-11-02T19:37:41.883+0000] {dag.py:3823} INFO - Setting next_dagrun for example_branch_datetime_operator to 2025-11-01 00:00:00+00:00, run_after=2025-11-02 00:00:00+00:00
[2025-11-02T19:37:41.955+0000] {logging_mixin.py:188} INFO - [2025-11-02T19:37:41.954+0000] {dag.py:3823} INFO - Setting next_dagrun for example_branch_datetime_operator_2 to 2025-11-01 00:00:00+00:00, run_after=2025-11-02 00:00:00+00:00
[2025-11-02T19:37:41.980+0000] {logging_mixin.py:188} INFO - [2025-11-02T19:37:41.979+0000] {dag.py:3823} INFO - Setting next_dagrun for example_branch_datetime_operator_3 to 2025-11-01 00:00:00+00:00, run_after=2025-11-02 00:00:00+00:00
[2025-11-02T19:37:42.141+0000] {processor.py:183} INFO - Processing /home/airflow/.local/lib/python3.8/site-packages/airflow/example_dags/example_branch_datetime_operator.py took 0.855 seconds
[2025-11-02T19:38:12.297+0000] {processor.py:161} INFO - Started process (PID=7932) to work on /home/airflow/.local/lib/python3.8/site-packages/airflow/example_dags/example_branch_datetime_operator.py
[2025-11-02T19:38:12.300+0000] {processor.py:830} INFO - Processing file /home/airflow/.local/lib/python3.8/site-packages/airflow/example_dags/example_branch_datetime_operator.py for tasks to queue
[2025-11-02T19:38:12.305+0000] {logging_mixin.py:188} INFO - [2025-11-02T19:38:12.304+0000] {dagbag.py:538} INFO - Filling up the DagBag from /home/airflow/.local/lib/python3.8/site-packages/airflow/example_dags/example_branch_datetime_operator.py
[2025-11-02T19:38:12.333+0000] {processor.py:840} INFO - DAG(s) 'example_branch_datetime_operator', 'example_branch_datetime_operator_3', 'example_branch_datetime_operator_2' retrieved from /home/airflow/.local/lib/python3.8/site-packages/airflow/example_dags/example_branch_datetime_operator.py
[2025-11-02T19:38:12.415+0000] {logging_mixin.py:188} INFO - [2025-11-02T19:38:12.414+0000] {dag.py:3036} INFO - Sync 3 DAGs
[2025-11-02T19:38:12.487+0000] {logging_mixin.py:188} INFO - [2025-11-02T19:38:12.487+0000] {dag.py:3823} INFO - Setting next_dagrun for example_branch_datetime_operator to 2025-11-01 00:00:00+00:00, run_after=2025-11-02 00:00:00+00:00
[2025-11-02T19:38:12.505+0000] {logging_mixin.py:188} INFO - [2025-11-02T19:38:12.504+0000] {dag.py:3823} INFO - Setting next_dagrun for example_branch_datetime_operator_2 to 2025-11-01 00:00:00+00:00, run_after=2025-11-02 00:00:00+00:00
[2025-11-02T19:38:12.514+0000] {logging_mixin.py:188} INFO - [2025-11-02T19:38:12.513+0000] {dag.py:3823} INFO - Setting next_dagrun for example_branch_datetime_operator_3 to 2025-11-01 00:00:00+00:00, run_after=2025-11-02 00:00:00+00:00
[2025-11-02T19:38:12.574+0000] {processor.py:183} INFO - Processing /home/airflow/.local/lib/python3.8/site-packages/airflow/example_dags/example_branch_datetime_operator.py took 0.287 seconds
[2025-11-02T19:38:42.697+0000] {processor.py:161} INFO - Started process (PID=7985) to work on /home/airflow/.local/lib/python3.8/site-packages/airflow/example_dags/example_branch_datetime_operator.py
[2025-11-02T19:38:42.701+0000] {processor.py:830} INFO - Processing file /home/airflow/.local/lib/python3.8/site-packages/airflow/example_dags/example_branch_datetime_operator.py for tasks to queue
[2025-11-02T19:38:42.706+0000] {logging_mixin.py:188} INFO - [2025-11-02T19:38:42.706+0000] {dagbag.py:538} INFO - Filling up the DagBag from /home/airflow/.local/lib/python3.8/site-packages/airflow/example_dags/example_branch_datetime_operator.py
[2025-11-02T19:38:42.730+0000] {processor.py:840} INFO - DAG(s) 'example_branch_datetime_operator_2', 'example_branch_datetime_operator', 'example_branch_datetime_operator_3' retrieved from /home/airflow/.local/lib/python3.8/site-packages/airflow/example_dags/example_branch_datetime_operator.py
[2025-11-02T19:38:42.794+0000] {logging_mixin.py:188} INFO - [2025-11-02T19:38:42.793+0000] {dag.py:3036} INFO - Sync 3 DAGs
[2025-11-02T19:38:42.850+0000] {logging_mixin.py:188} INFO - [2025-11-02T19:38:42.849+0000] {dag.py:3823} INFO - Setting next_dagrun for example_branch_datetime_operator to 2025-11-01 00:00:00+00:00, run_after=2025-11-02 00:00:00+00:00
[2025-11-02T19:38:42.860+0000] {logging_mixin.py:188} INFO - [2025-11-02T19:38:42.860+0000] {dag.py:3823} INFO - Setting next_dagrun for example_branch_datetime_operator_2 to 2025-11-01 00:00:00+00:00, run_after=2025-11-02 00:00:00+00:00
[2025-11-02T19:38:42.866+0000] {logging_mixin.py:188} INFO - [2025-11-02T19:38:42.866+0000] {dag.py:3823} INFO - Setting next_dagrun for example_branch_datetime_operator_3 to 2025-11-01 00:00:00+00:00, run_after=2025-11-02 00:00:00+00:00
[2025-11-02T19:38:42.900+0000] {processor.py:183} INFO - Processing /home/airflow/.local/lib/python3.8/site-packages/airflow/example_dags/example_branch_datetime_operator.py took 0.213 seconds
[2025-11-02T19:39:13.143+0000] {processor.py:161} INFO - Started process (PID=8041) to work on /home/airflow/.local/lib/python3.8/site-packages/airflow/example_dags/example_branch_datetime_operator.py
[2025-11-02T19:39:13.146+0000] {processor.py:830} INFO - Processing file /home/airflow/.local/lib/python3.8/site-packages/airflow/example_dags/example_branch_datetime_operator.py for tasks to queue
[2025-11-02T19:39:13.150+0000] {logging_mixin.py:188} INFO - [2025-11-02T19:39:13.150+0000] {dagbag.py:538} INFO - Filling up the DagBag from /home/airflow/.local/lib/python3.8/site-packages/airflow/example_dags/example_branch_datetime_operator.py
[2025-11-02T19:39:13.173+0000] {processor.py:840} INFO - DAG(s) 'example_branch_datetime_operator_3', 'example_branch_datetime_operator', 'example_branch_datetime_operator_2' retrieved from /home/airflow/.local/lib/python3.8/site-packages/airflow/example_dags/example_branch_datetime_operator.py
[2025-11-02T19:39:13.235+0000] {logging_mixin.py:188} INFO - [2025-11-02T19:39:13.235+0000] {dag.py:3036} INFO - Sync 3 DAGs
[2025-11-02T19:39:13.281+0000] {logging_mixin.py:188} INFO - [2025-11-02T19:39:13.281+0000] {dag.py:3823} INFO - Setting next_dagrun for example_branch_datetime_operator to 2025-11-01 00:00:00+00:00, run_after=2025-11-02 00:00:00+00:00
[2025-11-02T19:39:13.291+0000] {logging_mixin.py:188} INFO - [2025-11-02T19:39:13.291+0000] {dag.py:3823} INFO - Setting next_dagrun for example_branch_datetime_operator_2 to 2025-11-01 00:00:00+00:00, run_after=2025-11-02 00:00:00+00:00
[2025-11-02T19:39:13.297+0000] {logging_mixin.py:188} INFO - [2025-11-02T19:39:13.296+0000] {dag.py:3823} INFO - Setting next_dagrun for example_branch_datetime_operator_3 to 2025-11-01 00:00:00+00:00, run_after=2025-11-02 00:00:00+00:00
[2025-11-02T19:39:13.334+0000] {processor.py:183} INFO - Processing /home/airflow/.local/lib/python3.8/site-packages/airflow/example_dags/example_branch_datetime_operator.py took 0.200 seconds
[2025-11-02T19:39:44.144+0000] {processor.py:161} INFO - Started process (PID=8097) to work on /home/airflow/.local/lib/python3.8/site-packages/airflow/example_dags/example_branch_datetime_operator.py
[2025-11-02T19:39:44.146+0000] {processor.py:830} INFO - Processing file /home/airflow/.local/lib/python3.8/site-packages/airflow/example_dags/example_branch_datetime_operator.py for tasks to queue
[2025-11-02T19:39:44.151+0000] {logging_mixin.py:188} INFO - [2025-11-02T19:39:44.150+0000] {dagbag.py:538} INFO - Filling up the DagBag from /home/airflow/.local/lib/python3.8/site-packages/airflow/example_dags/example_branch_datetime_operator.py
[2025-11-02T19:39:44.174+0000] {processor.py:840} INFO - DAG(s) 'example_branch_datetime_operator_2', 'example_branch_datetime_operator_3', 'example_branch_datetime_operator' retrieved from /home/airflow/.local/lib/python3.8/site-packages/airflow/example_dags/example_branch_datetime_operator.py
[2025-11-02T19:39:44.235+0000] {logging_mixin.py:188} INFO - [2025-11-02T19:39:44.235+0000] {dag.py:3036} INFO - Sync 3 DAGs
[2025-11-02T19:39:44.291+0000] {logging_mixin.py:188} INFO - [2025-11-02T19:39:44.290+0000] {dag.py:3823} INFO - Setting next_dagrun for example_branch_datetime_operator to 2025-11-01 00:00:00+00:00, run_after=2025-11-02 00:00:00+00:00
[2025-11-02T19:39:44.303+0000] {logging_mixin.py:188} INFO - [2025-11-02T19:39:44.302+0000] {dag.py:3823} INFO - Setting next_dagrun for example_branch_datetime_operator_2 to 2025-11-01 00:00:00+00:00, run_after=2025-11-02 00:00:00+00:00
[2025-11-02T19:39:44.308+0000] {logging_mixin.py:188} INFO - [2025-11-02T19:39:44.308+0000] {dag.py:3823} INFO - Setting next_dagrun for example_branch_datetime_operator_3 to 2025-11-01 00:00:00+00:00, run_after=2025-11-02 00:00:00+00:00
[2025-11-02T19:39:44.343+0000] {processor.py:183} INFO - Processing /home/airflow/.local/lib/python3.8/site-packages/airflow/example_dags/example_branch_datetime_operator.py took 0.208 seconds
[2025-11-02T19:40:15.009+0000] {processor.py:161} INFO - Started process (PID=8152) to work on /home/airflow/.local/lib/python3.8/site-packages/airflow/example_dags/example_branch_datetime_operator.py
[2025-11-02T19:40:15.012+0000] {processor.py:830} INFO - Processing file /home/airflow/.local/lib/python3.8/site-packages/airflow/example_dags/example_branch_datetime_operator.py for tasks to queue
[2025-11-02T19:40:15.019+0000] {logging_mixin.py:188} INFO - [2025-11-02T19:40:15.018+0000] {dagbag.py:538} INFO - Filling up the DagBag from /home/airflow/.local/lib/python3.8/site-packages/airflow/example_dags/example_branch_datetime_operator.py
[2025-11-02T19:40:15.046+0000] {processor.py:840} INFO - DAG(s) 'example_branch_datetime_operator', 'example_branch_datetime_operator_3', 'example_branch_datetime_operator_2' retrieved from /home/airflow/.local/lib/python3.8/site-packages/airflow/example_dags/example_branch_datetime_operator.py
[2025-11-02T19:40:15.122+0000] {logging_mixin.py:188} INFO - [2025-11-02T19:40:15.121+0000] {dag.py:3036} INFO - Sync 3 DAGs
[2025-11-02T19:40:15.193+0000] {logging_mixin.py:188} INFO - [2025-11-02T19:40:15.193+0000] {dag.py:3823} INFO - Setting next_dagrun for example_branch_datetime_operator to 2025-11-01 00:00:00+00:00, run_after=2025-11-02 00:00:00+00:00
[2025-11-02T19:40:15.206+0000] {logging_mixin.py:188} INFO - [2025-11-02T19:40:15.206+0000] {dag.py:3823} INFO - Setting next_dagrun for example_branch_datetime_operator_2 to 2025-11-01 00:00:00+00:00, run_after=2025-11-02 00:00:00+00:00
[2025-11-02T19:40:15.214+0000] {logging_mixin.py:188} INFO - [2025-11-02T19:40:15.213+0000] {dag.py:3823} INFO - Setting next_dagrun for example_branch_datetime_operator_3 to 2025-11-01 00:00:00+00:00, run_after=2025-11-02 00:00:00+00:00
[2025-11-02T19:40:15.260+0000] {processor.py:183} INFO - Processing /home/airflow/.local/lib/python3.8/site-packages/airflow/example_dags/example_branch_datetime_operator.py took 0.266 seconds
[2025-11-02T19:40:47.093+0000] {processor.py:161} INFO - Started process (PID=8207) to work on /home/airflow/.local/lib/python3.8/site-packages/airflow/example_dags/example_branch_datetime_operator.py
[2025-11-02T19:40:47.122+0000] {processor.py:830} INFO - Processing file /home/airflow/.local/lib/python3.8/site-packages/airflow/example_dags/example_branch_datetime_operator.py for tasks to queue
[2025-11-02T19:40:47.136+0000] {logging_mixin.py:188} INFO - [2025-11-02T19:40:47.135+0000] {dagbag.py:538} INFO - Filling up the DagBag from /home/airflow/.local/lib/python3.8/site-packages/airflow/example_dags/example_branch_datetime_operator.py
[2025-11-02T19:40:47.263+0000] {processor.py:840} INFO - DAG(s) 'example_branch_datetime_operator_3', 'example_branch_datetime_operator_2', 'example_branch_datetime_operator' retrieved from /home/airflow/.local/lib/python3.8/site-packages/airflow/example_dags/example_branch_datetime_operator.py
[2025-11-02T19:40:47.642+0000] {logging_mixin.py:188} INFO - [2025-11-02T19:40:47.640+0000] {dag.py:3036} INFO - Sync 3 DAGs
[2025-11-02T19:40:47.980+0000] {logging_mixin.py:188} INFO - [2025-11-02T19:40:47.980+0000] {dag.py:3823} INFO - Setting next_dagrun for example_branch_datetime_operator to 2025-11-01 00:00:00+00:00, run_after=2025-11-02 00:00:00+00:00
[2025-11-02T19:40:48.049+0000] {logging_mixin.py:188} INFO - [2025-11-02T19:40:48.038+0000] {dag.py:3823} INFO - Setting next_dagrun for example_branch_datetime_operator_2 to 2025-11-01 00:00:00+00:00, run_after=2025-11-02 00:00:00+00:00
[2025-11-02T19:40:48.068+0000] {logging_mixin.py:188} INFO - [2025-11-02T19:40:48.068+0000] {dag.py:3823} INFO - Setting next_dagrun for example_branch_datetime_operator_3 to 2025-11-01 00:00:00+00:00, run_after=2025-11-02 00:00:00+00:00
[2025-11-02T19:40:48.268+0000] {processor.py:183} INFO - Processing /home/airflow/.local/lib/python3.8/site-packages/airflow/example_dags/example_branch_datetime_operator.py took 1.212 seconds
[2025-11-02T19:41:18.957+0000] {processor.py:161} INFO - Started process (PID=8262) to work on /home/airflow/.local/lib/python3.8/site-packages/airflow/example_dags/example_branch_datetime_operator.py
[2025-11-02T19:41:18.959+0000] {processor.py:830} INFO - Processing file /home/airflow/.local/lib/python3.8/site-packages/airflow/example_dags/example_branch_datetime_operator.py for tasks to queue
[2025-11-02T19:41:18.966+0000] {logging_mixin.py:188} INFO - [2025-11-02T19:41:18.965+0000] {dagbag.py:538} INFO - Filling up the DagBag from /home/airflow/.local/lib/python3.8/site-packages/airflow/example_dags/example_branch_datetime_operator.py
[2025-11-02T19:41:18.999+0000] {processor.py:840} INFO - DAG(s) 'example_branch_datetime_operator_2', 'example_branch_datetime_operator_3', 'example_branch_datetime_operator' retrieved from /home/airflow/.local/lib/python3.8/site-packages/airflow/example_dags/example_branch_datetime_operator.py
[2025-11-02T19:41:19.073+0000] {logging_mixin.py:188} INFO - [2025-11-02T19:41:19.072+0000] {dag.py:3036} INFO - Sync 3 DAGs
[2025-11-02T19:41:19.137+0000] {logging_mixin.py:188} INFO - [2025-11-02T19:41:19.136+0000] {dag.py:3823} INFO - Setting next_dagrun for example_branch_datetime_operator to 2025-11-01 00:00:00+00:00, run_after=2025-11-02 00:00:00+00:00
[2025-11-02T19:41:19.173+0000] {logging_mixin.py:188} INFO - [2025-11-02T19:41:19.172+0000] {dag.py:3823} INFO - Setting next_dagrun for example_branch_datetime_operator_2 to 2025-11-01 00:00:00+00:00, run_after=2025-11-02 00:00:00+00:00
[2025-11-02T19:41:19.191+0000] {logging_mixin.py:188} INFO - [2025-11-02T19:41:19.190+0000] {dag.py:3823} INFO - Setting next_dagrun for example_branch_datetime_operator_3 to 2025-11-01 00:00:00+00:00, run_after=2025-11-02 00:00:00+00:00
[2025-11-02T19:41:19.245+0000] {processor.py:183} INFO - Processing /home/airflow/.local/lib/python3.8/site-packages/airflow/example_dags/example_branch_datetime_operator.py took 0.297 seconds
[2025-11-02T19:41:49.536+0000] {processor.py:161} INFO - Started process (PID=8317) to work on /home/airflow/.local/lib/python3.8/site-packages/airflow/example_dags/example_branch_datetime_operator.py
[2025-11-02T19:41:49.539+0000] {processor.py:830} INFO - Processing file /home/airflow/.local/lib/python3.8/site-packages/airflow/example_dags/example_branch_datetime_operator.py for tasks to queue
[2025-11-02T19:41:49.544+0000] {logging_mixin.py:188} INFO - [2025-11-02T19:41:49.543+0000] {dagbag.py:538} INFO - Filling up the DagBag from /home/airflow/.local/lib/python3.8/site-packages/airflow/example_dags/example_branch_datetime_operator.py
[2025-11-02T19:41:49.576+0000] {processor.py:840} INFO - DAG(s) 'example_branch_datetime_operator', 'example_branch_datetime_operator_3', 'example_branch_datetime_operator_2' retrieved from /home/airflow/.local/lib/python3.8/site-packages/airflow/example_dags/example_branch_datetime_operator.py
[2025-11-02T19:41:49.652+0000] {logging_mixin.py:188} INFO - [2025-11-02T19:41:49.652+0000] {dag.py:3036} INFO - Sync 3 DAGs
[2025-11-02T19:41:49.707+0000] {logging_mixin.py:188} INFO - [2025-11-02T19:41:49.707+0000] {dag.py:3823} INFO - Setting next_dagrun for example_branch_datetime_operator to 2025-11-01 00:00:00+00:00, run_after=2025-11-02 00:00:00+00:00
[2025-11-02T19:41:49.724+0000] {logging_mixin.py:188} INFO - [2025-11-02T19:41:49.724+0000] {dag.py:3823} INFO - Setting next_dagrun for example_branch_datetime_operator_2 to 2025-11-01 00:00:00+00:00, run_after=2025-11-02 00:00:00+00:00
[2025-11-02T19:41:49.747+0000] {logging_mixin.py:188} INFO - [2025-11-02T19:41:49.746+0000] {dag.py:3823} INFO - Setting next_dagrun for example_branch_datetime_operator_3 to 2025-11-01 00:00:00+00:00, run_after=2025-11-02 00:00:00+00:00
[2025-11-02T19:41:49.818+0000] {processor.py:183} INFO - Processing /home/airflow/.local/lib/python3.8/site-packages/airflow/example_dags/example_branch_datetime_operator.py took 0.293 seconds
[2025-11-02T19:42:20.873+0000] {processor.py:161} INFO - Started process (PID=8371) to work on /home/airflow/.local/lib/python3.8/site-packages/airflow/example_dags/example_branch_datetime_operator.py
[2025-11-02T19:42:20.944+0000] {processor.py:830} INFO - Processing file /home/airflow/.local/lib/python3.8/site-packages/airflow/example_dags/example_branch_datetime_operator.py for tasks to queue
[2025-11-02T19:42:20.970+0000] {logging_mixin.py:188} INFO - [2025-11-02T19:42:20.969+0000] {dagbag.py:538} INFO - Filling up the DagBag from /home/airflow/.local/lib/python3.8/site-packages/airflow/example_dags/example_branch_datetime_operator.py
[2025-11-02T19:42:21.095+0000] {processor.py:840} INFO - DAG(s) 'example_branch_datetime_operator_2', 'example_branch_datetime_operator_3', 'example_branch_datetime_operator' retrieved from /home/airflow/.local/lib/python3.8/site-packages/airflow/example_dags/example_branch_datetime_operator.py
[2025-11-02T19:42:21.338+0000] {logging_mixin.py:188} INFO - [2025-11-02T19:42:21.337+0000] {dag.py:3036} INFO - Sync 3 DAGs
[2025-11-02T19:42:21.552+0000] {logging_mixin.py:188} INFO - [2025-11-02T19:42:21.551+0000] {dag.py:3823} INFO - Setting next_dagrun for example_branch_datetime_operator to 2025-11-01 00:00:00+00:00, run_after=2025-11-02 00:00:00+00:00
[2025-11-02T19:42:21.613+0000] {logging_mixin.py:188} INFO - [2025-11-02T19:42:21.612+0000] {dag.py:3823} INFO - Setting next_dagrun for example_branch_datetime_operator_2 to 2025-11-01 00:00:00+00:00, run_after=2025-11-02 00:00:00+00:00
[2025-11-02T19:42:21.644+0000] {logging_mixin.py:188} INFO - [2025-11-02T19:42:21.635+0000] {dag.py:3823} INFO - Setting next_dagrun for example_branch_datetime_operator_3 to 2025-11-01 00:00:00+00:00, run_after=2025-11-02 00:00:00+00:00
[2025-11-02T19:42:21.825+0000] {processor.py:183} INFO - Processing /home/airflow/.local/lib/python3.8/site-packages/airflow/example_dags/example_branch_datetime_operator.py took 1.017 seconds
