[2025-11-02T18:24:37.242+0000] {processor.py:161} INFO - Started process (PID=104) to work on /home/airflow/.local/lib/python3.8/site-packages/airflow/example_dags/tutorial_taskflow_api.py
[2025-11-02T18:24:37.255+0000] {processor.py:830} INFO - Processing file /home/airflow/.local/lib/python3.8/site-packages/airflow/example_dags/tutorial_taskflow_api.py for tasks to queue
[2025-11-02T18:24:37.280+0000] {logging_mixin.py:188} INFO - [2025-11-02T18:24:37.279+0000] {dagbag.py:538} INFO - Filling up the DagBag from /home/airflow/.local/lib/python3.8/site-packages/airflow/example_dags/tutorial_taskflow_api.py
[2025-11-02T18:24:37.326+0000] {processor.py:840} INFO - DAG(s) 'tutorial_taskflow_api' retrieved from /home/airflow/.local/lib/python3.8/site-packages/airflow/example_dags/tutorial_taskflow_api.py
[2025-11-02T18:24:38.301+0000] {logging_mixin.py:188} INFO - [2025-11-02T18:24:38.288+0000] {dag.py:3036} INFO - Sync 1 DAGs
[2025-11-02T18:24:38.401+0000] {logging_mixin.py:188} INFO - [2025-11-02T18:24:38.400+0000] {dag.py:3823} INFO - Setting next_dagrun for tutorial_taskflow_api to None, run_after=None
[2025-11-02T18:24:38.576+0000] {processor.py:183} INFO - Processing /home/airflow/.local/lib/python3.8/site-packages/airflow/example_dags/tutorial_taskflow_api.py took 1.371 seconds
[2025-11-02T18:25:11.285+0000] {processor.py:161} INFO - Started process (PID=159) to work on /home/airflow/.local/lib/python3.8/site-packages/airflow/example_dags/tutorial_taskflow_api.py
[2025-11-02T18:25:11.288+0000] {processor.py:830} INFO - Processing file /home/airflow/.local/lib/python3.8/site-packages/airflow/example_dags/tutorial_taskflow_api.py for tasks to queue
[2025-11-02T18:25:11.295+0000] {logging_mixin.py:188} INFO - [2025-11-02T18:25:11.294+0000] {dagbag.py:538} INFO - Filling up the DagBag from /home/airflow/.local/lib/python3.8/site-packages/airflow/example_dags/tutorial_taskflow_api.py
[2025-11-02T18:25:11.318+0000] {processor.py:840} INFO - DAG(s) 'tutorial_taskflow_api' retrieved from /home/airflow/.local/lib/python3.8/site-packages/airflow/example_dags/tutorial_taskflow_api.py
[2025-11-02T18:25:11.387+0000] {logging_mixin.py:188} INFO - [2025-11-02T18:25:11.387+0000] {dag.py:3036} INFO - Sync 1 DAGs
[2025-11-02T18:25:11.436+0000] {logging_mixin.py:188} INFO - [2025-11-02T18:25:11.435+0000] {dag.py:3823} INFO - Setting next_dagrun for tutorial_taskflow_api to None, run_after=None
[2025-11-02T18:25:11.489+0000] {processor.py:183} INFO - Processing /home/airflow/.local/lib/python3.8/site-packages/airflow/example_dags/tutorial_taskflow_api.py took 0.218 seconds
[2025-11-02T18:25:41.678+0000] {processor.py:161} INFO - Started process (PID=213) to work on /home/airflow/.local/lib/python3.8/site-packages/airflow/example_dags/tutorial_taskflow_api.py
[2025-11-02T18:25:41.681+0000] {processor.py:830} INFO - Processing file /home/airflow/.local/lib/python3.8/site-packages/airflow/example_dags/tutorial_taskflow_api.py for tasks to queue
[2025-11-02T18:25:41.687+0000] {logging_mixin.py:188} INFO - [2025-11-02T18:25:41.686+0000] {dagbag.py:538} INFO - Filling up the DagBag from /home/airflow/.local/lib/python3.8/site-packages/airflow/example_dags/tutorial_taskflow_api.py
[2025-11-02T18:25:41.711+0000] {processor.py:840} INFO - DAG(s) 'tutorial_taskflow_api' retrieved from /home/airflow/.local/lib/python3.8/site-packages/airflow/example_dags/tutorial_taskflow_api.py
[2025-11-02T18:25:41.796+0000] {logging_mixin.py:188} INFO - [2025-11-02T18:25:41.796+0000] {dag.py:3036} INFO - Sync 1 DAGs
[2025-11-02T18:25:41.820+0000] {logging_mixin.py:188} INFO - [2025-11-02T18:25:41.820+0000] {dag.py:3823} INFO - Setting next_dagrun for tutorial_taskflow_api to None, run_after=None
[2025-11-02T18:25:41.858+0000] {processor.py:183} INFO - Processing /home/airflow/.local/lib/python3.8/site-packages/airflow/example_dags/tutorial_taskflow_api.py took 0.194 seconds
[2025-11-02T18:26:15.426+0000] {processor.py:161} INFO - Started process (PID=269) to work on /home/airflow/.local/lib/python3.8/site-packages/airflow/example_dags/tutorial_taskflow_api.py
[2025-11-02T18:26:15.433+0000] {processor.py:830} INFO - Processing file /home/airflow/.local/lib/python3.8/site-packages/airflow/example_dags/tutorial_taskflow_api.py for tasks to queue
[2025-11-02T18:26:15.439+0000] {logging_mixin.py:188} INFO - [2025-11-02T18:26:15.438+0000] {dagbag.py:538} INFO - Filling up the DagBag from /home/airflow/.local/lib/python3.8/site-packages/airflow/example_dags/tutorial_taskflow_api.py
[2025-11-02T18:26:15.459+0000] {processor.py:840} INFO - DAG(s) 'tutorial_taskflow_api' retrieved from /home/airflow/.local/lib/python3.8/site-packages/airflow/example_dags/tutorial_taskflow_api.py
[2025-11-02T18:26:15.513+0000] {logging_mixin.py:188} INFO - [2025-11-02T18:26:15.512+0000] {dag.py:3036} INFO - Sync 1 DAGs
[2025-11-02T18:26:15.549+0000] {logging_mixin.py:188} INFO - [2025-11-02T18:26:15.548+0000] {dag.py:3823} INFO - Setting next_dagrun for tutorial_taskflow_api to None, run_after=None
[2025-11-02T18:26:15.604+0000] {processor.py:183} INFO - Processing /home/airflow/.local/lib/python3.8/site-packages/airflow/example_dags/tutorial_taskflow_api.py took 0.192 seconds
[2025-11-02T18:26:50.496+0000] {processor.py:161} INFO - Started process (PID=324) to work on /home/airflow/.local/lib/python3.8/site-packages/airflow/example_dags/tutorial_taskflow_api.py
[2025-11-02T18:26:50.506+0000] {processor.py:830} INFO - Processing file /home/airflow/.local/lib/python3.8/site-packages/airflow/example_dags/tutorial_taskflow_api.py for tasks to queue
[2025-11-02T18:26:50.516+0000] {logging_mixin.py:188} INFO - [2025-11-02T18:26:50.515+0000] {dagbag.py:538} INFO - Filling up the DagBag from /home/airflow/.local/lib/python3.8/site-packages/airflow/example_dags/tutorial_taskflow_api.py
[2025-11-02T18:26:50.568+0000] {processor.py:840} INFO - DAG(s) 'tutorial_taskflow_api' retrieved from /home/airflow/.local/lib/python3.8/site-packages/airflow/example_dags/tutorial_taskflow_api.py
[2025-11-02T18:26:50.683+0000] {logging_mixin.py:188} INFO - [2025-11-02T18:26:50.683+0000] {dag.py:3036} INFO - Sync 1 DAGs
[2025-11-02T18:26:50.760+0000] {logging_mixin.py:188} INFO - [2025-11-02T18:26:50.760+0000] {dag.py:3823} INFO - Setting next_dagrun for tutorial_taskflow_api to None, run_after=None
[2025-11-02T18:26:50.824+0000] {processor.py:183} INFO - Processing /home/airflow/.local/lib/python3.8/site-packages/airflow/example_dags/tutorial_taskflow_api.py took 0.352 seconds
[2025-11-02T18:27:20.941+0000] {processor.py:161} INFO - Started process (PID=378) to work on /home/airflow/.local/lib/python3.8/site-packages/airflow/example_dags/tutorial_taskflow_api.py
[2025-11-02T18:27:20.945+0000] {processor.py:830} INFO - Processing file /home/airflow/.local/lib/python3.8/site-packages/airflow/example_dags/tutorial_taskflow_api.py for tasks to queue
[2025-11-02T18:27:20.951+0000] {logging_mixin.py:188} INFO - [2025-11-02T18:27:20.950+0000] {dagbag.py:538} INFO - Filling up the DagBag from /home/airflow/.local/lib/python3.8/site-packages/airflow/example_dags/tutorial_taskflow_api.py
[2025-11-02T18:27:20.967+0000] {processor.py:840} INFO - DAG(s) 'tutorial_taskflow_api' retrieved from /home/airflow/.local/lib/python3.8/site-packages/airflow/example_dags/tutorial_taskflow_api.py
[2025-11-02T18:27:21.016+0000] {logging_mixin.py:188} INFO - [2025-11-02T18:27:21.016+0000] {dag.py:3036} INFO - Sync 1 DAGs
[2025-11-02T18:27:21.050+0000] {logging_mixin.py:188} INFO - [2025-11-02T18:27:21.049+0000] {dag.py:3823} INFO - Setting next_dagrun for tutorial_taskflow_api to None, run_after=None
[2025-11-02T18:27:21.102+0000] {processor.py:183} INFO - Processing /home/airflow/.local/lib/python3.8/site-packages/airflow/example_dags/tutorial_taskflow_api.py took 0.171 seconds
[2025-11-02T18:27:51.568+0000] {processor.py:161} INFO - Started process (PID=433) to work on /home/airflow/.local/lib/python3.8/site-packages/airflow/example_dags/tutorial_taskflow_api.py
[2025-11-02T18:27:51.571+0000] {processor.py:830} INFO - Processing file /home/airflow/.local/lib/python3.8/site-packages/airflow/example_dags/tutorial_taskflow_api.py for tasks to queue
[2025-11-02T18:27:51.576+0000] {logging_mixin.py:188} INFO - [2025-11-02T18:27:51.576+0000] {dagbag.py:538} INFO - Filling up the DagBag from /home/airflow/.local/lib/python3.8/site-packages/airflow/example_dags/tutorial_taskflow_api.py
[2025-11-02T18:27:51.592+0000] {processor.py:840} INFO - DAG(s) 'tutorial_taskflow_api' retrieved from /home/airflow/.local/lib/python3.8/site-packages/airflow/example_dags/tutorial_taskflow_api.py
[2025-11-02T18:27:51.642+0000] {logging_mixin.py:188} INFO - [2025-11-02T18:27:51.642+0000] {dag.py:3036} INFO - Sync 1 DAGs
[2025-11-02T18:27:51.673+0000] {logging_mixin.py:188} INFO - [2025-11-02T18:27:51.673+0000] {dag.py:3823} INFO - Setting next_dagrun for tutorial_taskflow_api to None, run_after=None
[2025-11-02T18:27:51.719+0000] {processor.py:183} INFO - Processing /home/airflow/.local/lib/python3.8/site-packages/airflow/example_dags/tutorial_taskflow_api.py took 0.161 seconds
[2025-11-02T18:28:22.183+0000] {processor.py:161} INFO - Started process (PID=488) to work on /home/airflow/.local/lib/python3.8/site-packages/airflow/example_dags/tutorial_taskflow_api.py
[2025-11-02T18:28:22.186+0000] {processor.py:830} INFO - Processing file /home/airflow/.local/lib/python3.8/site-packages/airflow/example_dags/tutorial_taskflow_api.py for tasks to queue
[2025-11-02T18:28:22.195+0000] {logging_mixin.py:188} INFO - [2025-11-02T18:28:22.192+0000] {dagbag.py:538} INFO - Filling up the DagBag from /home/airflow/.local/lib/python3.8/site-packages/airflow/example_dags/tutorial_taskflow_api.py
[2025-11-02T18:28:22.219+0000] {processor.py:840} INFO - DAG(s) 'tutorial_taskflow_api' retrieved from /home/airflow/.local/lib/python3.8/site-packages/airflow/example_dags/tutorial_taskflow_api.py
[2025-11-02T18:28:22.273+0000] {logging_mixin.py:188} INFO - [2025-11-02T18:28:22.273+0000] {dag.py:3036} INFO - Sync 1 DAGs
[2025-11-02T18:28:22.305+0000] {logging_mixin.py:188} INFO - [2025-11-02T18:28:22.304+0000] {dag.py:3823} INFO - Setting next_dagrun for tutorial_taskflow_api to None, run_after=None
[2025-11-02T18:28:22.417+0000] {processor.py:183} INFO - Processing /home/airflow/.local/lib/python3.8/site-packages/airflow/example_dags/tutorial_taskflow_api.py took 0.244 seconds
[2025-11-02T18:28:53.891+0000] {processor.py:161} INFO - Started process (PID=545) to work on /home/airflow/.local/lib/python3.8/site-packages/airflow/example_dags/tutorial_taskflow_api.py
[2025-11-02T18:28:53.896+0000] {processor.py:830} INFO - Processing file /home/airflow/.local/lib/python3.8/site-packages/airflow/example_dags/tutorial_taskflow_api.py for tasks to queue
[2025-11-02T18:28:53.910+0000] {logging_mixin.py:188} INFO - [2025-11-02T18:28:53.909+0000] {dagbag.py:538} INFO - Filling up the DagBag from /home/airflow/.local/lib/python3.8/site-packages/airflow/example_dags/tutorial_taskflow_api.py
[2025-11-02T18:28:53.947+0000] {processor.py:840} INFO - DAG(s) 'tutorial_taskflow_api' retrieved from /home/airflow/.local/lib/python3.8/site-packages/airflow/example_dags/tutorial_taskflow_api.py
[2025-11-02T18:28:54.050+0000] {logging_mixin.py:188} INFO - [2025-11-02T18:28:54.049+0000] {dag.py:3036} INFO - Sync 1 DAGs
[2025-11-02T18:28:54.103+0000] {logging_mixin.py:188} INFO - [2025-11-02T18:28:54.102+0000] {dag.py:3823} INFO - Setting next_dagrun for tutorial_taskflow_api to None, run_after=None
[2025-11-02T18:28:54.200+0000] {processor.py:183} INFO - Processing /home/airflow/.local/lib/python3.8/site-packages/airflow/example_dags/tutorial_taskflow_api.py took 0.333 seconds
[2025-11-02T18:29:24.562+0000] {processor.py:161} INFO - Started process (PID=599) to work on /home/airflow/.local/lib/python3.8/site-packages/airflow/example_dags/tutorial_taskflow_api.py
[2025-11-02T18:29:24.565+0000] {processor.py:830} INFO - Processing file /home/airflow/.local/lib/python3.8/site-packages/airflow/example_dags/tutorial_taskflow_api.py for tasks to queue
[2025-11-02T18:29:24.573+0000] {logging_mixin.py:188} INFO - [2025-11-02T18:29:24.572+0000] {dagbag.py:538} INFO - Filling up the DagBag from /home/airflow/.local/lib/python3.8/site-packages/airflow/example_dags/tutorial_taskflow_api.py
[2025-11-02T18:29:24.624+0000] {processor.py:840} INFO - DAG(s) 'tutorial_taskflow_api' retrieved from /home/airflow/.local/lib/python3.8/site-packages/airflow/example_dags/tutorial_taskflow_api.py
[2025-11-02T18:29:24.741+0000] {logging_mixin.py:188} INFO - [2025-11-02T18:29:24.740+0000] {dag.py:3036} INFO - Sync 1 DAGs
[2025-11-02T18:29:24.783+0000] {logging_mixin.py:188} INFO - [2025-11-02T18:29:24.782+0000] {dag.py:3823} INFO - Setting next_dagrun for tutorial_taskflow_api to None, run_after=None
[2025-11-02T18:29:24.834+0000] {processor.py:183} INFO - Processing /home/airflow/.local/lib/python3.8/site-packages/airflow/example_dags/tutorial_taskflow_api.py took 0.286 seconds
[2025-11-02T18:29:55.577+0000] {processor.py:161} INFO - Started process (PID=654) to work on /home/airflow/.local/lib/python3.8/site-packages/airflow/example_dags/tutorial_taskflow_api.py
[2025-11-02T18:29:55.580+0000] {processor.py:830} INFO - Processing file /home/airflow/.local/lib/python3.8/site-packages/airflow/example_dags/tutorial_taskflow_api.py for tasks to queue
[2025-11-02T18:29:55.589+0000] {logging_mixin.py:188} INFO - [2025-11-02T18:29:55.588+0000] {dagbag.py:538} INFO - Filling up the DagBag from /home/airflow/.local/lib/python3.8/site-packages/airflow/example_dags/tutorial_taskflow_api.py
[2025-11-02T18:29:55.608+0000] {processor.py:840} INFO - DAG(s) 'tutorial_taskflow_api' retrieved from /home/airflow/.local/lib/python3.8/site-packages/airflow/example_dags/tutorial_taskflow_api.py
[2025-11-02T18:29:55.669+0000] {logging_mixin.py:188} INFO - [2025-11-02T18:29:55.668+0000] {dag.py:3036} INFO - Sync 1 DAGs
[2025-11-02T18:29:55.705+0000] {logging_mixin.py:188} INFO - [2025-11-02T18:29:55.705+0000] {dag.py:3823} INFO - Setting next_dagrun for tutorial_taskflow_api to None, run_after=None
[2025-11-02T18:29:55.777+0000] {processor.py:183} INFO - Processing /home/airflow/.local/lib/python3.8/site-packages/airflow/example_dags/tutorial_taskflow_api.py took 0.210 seconds
[2025-11-02T18:30:26.123+0000] {processor.py:161} INFO - Started process (PID=707) to work on /home/airflow/.local/lib/python3.8/site-packages/airflow/example_dags/tutorial_taskflow_api.py
[2025-11-02T18:30:26.127+0000] {processor.py:830} INFO - Processing file /home/airflow/.local/lib/python3.8/site-packages/airflow/example_dags/tutorial_taskflow_api.py for tasks to queue
[2025-11-02T18:30:26.138+0000] {logging_mixin.py:188} INFO - [2025-11-02T18:30:26.137+0000] {dagbag.py:538} INFO - Filling up the DagBag from /home/airflow/.local/lib/python3.8/site-packages/airflow/example_dags/tutorial_taskflow_api.py
[2025-11-02T18:30:26.168+0000] {processor.py:840} INFO - DAG(s) 'tutorial_taskflow_api' retrieved from /home/airflow/.local/lib/python3.8/site-packages/airflow/example_dags/tutorial_taskflow_api.py
[2025-11-02T18:30:26.279+0000] {logging_mixin.py:188} INFO - [2025-11-02T18:30:26.278+0000] {dag.py:3036} INFO - Sync 1 DAGs
[2025-11-02T18:30:26.313+0000] {logging_mixin.py:188} INFO - [2025-11-02T18:30:26.312+0000] {dag.py:3823} INFO - Setting next_dagrun for tutorial_taskflow_api to None, run_after=None
[2025-11-02T18:30:26.381+0000] {processor.py:183} INFO - Processing /home/airflow/.local/lib/python3.8/site-packages/airflow/example_dags/tutorial_taskflow_api.py took 0.285 seconds
[2025-11-02T18:30:57.482+0000] {processor.py:161} INFO - Started process (PID=762) to work on /home/airflow/.local/lib/python3.8/site-packages/airflow/example_dags/tutorial_taskflow_api.py
[2025-11-02T18:30:57.485+0000] {processor.py:830} INFO - Processing file /home/airflow/.local/lib/python3.8/site-packages/airflow/example_dags/tutorial_taskflow_api.py for tasks to queue
[2025-11-02T18:30:57.491+0000] {logging_mixin.py:188} INFO - [2025-11-02T18:30:57.490+0000] {dagbag.py:538} INFO - Filling up the DagBag from /home/airflow/.local/lib/python3.8/site-packages/airflow/example_dags/tutorial_taskflow_api.py
[2025-11-02T18:30:57.506+0000] {processor.py:840} INFO - DAG(s) 'tutorial_taskflow_api' retrieved from /home/airflow/.local/lib/python3.8/site-packages/airflow/example_dags/tutorial_taskflow_api.py
[2025-11-02T18:30:57.556+0000] {logging_mixin.py:188} INFO - [2025-11-02T18:30:57.556+0000] {dag.py:3036} INFO - Sync 1 DAGs
[2025-11-02T18:30:57.583+0000] {logging_mixin.py:188} INFO - [2025-11-02T18:30:57.583+0000] {dag.py:3823} INFO - Setting next_dagrun for tutorial_taskflow_api to None, run_after=None
[2025-11-02T18:30:57.627+0000] {processor.py:183} INFO - Processing /home/airflow/.local/lib/python3.8/site-packages/airflow/example_dags/tutorial_taskflow_api.py took 0.155 seconds
[2025-11-02T18:31:27.863+0000] {processor.py:161} INFO - Started process (PID=817) to work on /home/airflow/.local/lib/python3.8/site-packages/airflow/example_dags/tutorial_taskflow_api.py
[2025-11-02T18:31:27.866+0000] {processor.py:830} INFO - Processing file /home/airflow/.local/lib/python3.8/site-packages/airflow/example_dags/tutorial_taskflow_api.py for tasks to queue
[2025-11-02T18:31:27.875+0000] {logging_mixin.py:188} INFO - [2025-11-02T18:31:27.874+0000] {dagbag.py:538} INFO - Filling up the DagBag from /home/airflow/.local/lib/python3.8/site-packages/airflow/example_dags/tutorial_taskflow_api.py
[2025-11-02T18:31:27.896+0000] {processor.py:840} INFO - DAG(s) 'tutorial_taskflow_api' retrieved from /home/airflow/.local/lib/python3.8/site-packages/airflow/example_dags/tutorial_taskflow_api.py
[2025-11-02T18:31:27.953+0000] {logging_mixin.py:188} INFO - [2025-11-02T18:31:27.952+0000] {dag.py:3036} INFO - Sync 1 DAGs
[2025-11-02T18:31:27.990+0000] {logging_mixin.py:188} INFO - [2025-11-02T18:31:27.990+0000] {dag.py:3823} INFO - Setting next_dagrun for tutorial_taskflow_api to None, run_after=None
[2025-11-02T18:31:28.050+0000] {processor.py:183} INFO - Processing /home/airflow/.local/lib/python3.8/site-packages/airflow/example_dags/tutorial_taskflow_api.py took 0.197 seconds
[2025-11-02T18:31:58.163+0000] {processor.py:161} INFO - Started process (PID=871) to work on /home/airflow/.local/lib/python3.8/site-packages/airflow/example_dags/tutorial_taskflow_api.py
[2025-11-02T18:31:58.167+0000] {processor.py:830} INFO - Processing file /home/airflow/.local/lib/python3.8/site-packages/airflow/example_dags/tutorial_taskflow_api.py for tasks to queue
[2025-11-02T18:31:58.173+0000] {logging_mixin.py:188} INFO - [2025-11-02T18:31:58.172+0000] {dagbag.py:538} INFO - Filling up the DagBag from /home/airflow/.local/lib/python3.8/site-packages/airflow/example_dags/tutorial_taskflow_api.py
[2025-11-02T18:31:58.192+0000] {processor.py:840} INFO - DAG(s) 'tutorial_taskflow_api' retrieved from /home/airflow/.local/lib/python3.8/site-packages/airflow/example_dags/tutorial_taskflow_api.py
[2025-11-02T18:31:58.252+0000] {logging_mixin.py:188} INFO - [2025-11-02T18:31:58.252+0000] {dag.py:3036} INFO - Sync 1 DAGs
[2025-11-02T18:31:58.307+0000] {logging_mixin.py:188} INFO - [2025-11-02T18:31:58.306+0000] {dag.py:3823} INFO - Setting next_dagrun for tutorial_taskflow_api to None, run_after=None
[2025-11-02T18:31:58.355+0000] {processor.py:183} INFO - Processing /home/airflow/.local/lib/python3.8/site-packages/airflow/example_dags/tutorial_taskflow_api.py took 0.204 seconds
[2025-11-02T18:32:28.769+0000] {processor.py:161} INFO - Started process (PID=926) to work on /home/airflow/.local/lib/python3.8/site-packages/airflow/example_dags/tutorial_taskflow_api.py
[2025-11-02T18:32:28.772+0000] {processor.py:830} INFO - Processing file /home/airflow/.local/lib/python3.8/site-packages/airflow/example_dags/tutorial_taskflow_api.py for tasks to queue
[2025-11-02T18:32:28.785+0000] {logging_mixin.py:188} INFO - [2025-11-02T18:32:28.785+0000] {dagbag.py:538} INFO - Filling up the DagBag from /home/airflow/.local/lib/python3.8/site-packages/airflow/example_dags/tutorial_taskflow_api.py
[2025-11-02T18:32:28.818+0000] {processor.py:840} INFO - DAG(s) 'tutorial_taskflow_api' retrieved from /home/airflow/.local/lib/python3.8/site-packages/airflow/example_dags/tutorial_taskflow_api.py
[2025-11-02T18:32:28.930+0000] {logging_mixin.py:188} INFO - [2025-11-02T18:32:28.927+0000] {dag.py:3036} INFO - Sync 1 DAGs
[2025-11-02T18:32:28.961+0000] {logging_mixin.py:188} INFO - [2025-11-02T18:32:28.960+0000] {dag.py:3823} INFO - Setting next_dagrun for tutorial_taskflow_api to None, run_after=None
[2025-11-02T18:32:29.019+0000] {processor.py:183} INFO - Processing /home/airflow/.local/lib/python3.8/site-packages/airflow/example_dags/tutorial_taskflow_api.py took 0.263 seconds
[2025-11-02T18:32:59.119+0000] {processor.py:161} INFO - Started process (PID=980) to work on /home/airflow/.local/lib/python3.8/site-packages/airflow/example_dags/tutorial_taskflow_api.py
[2025-11-02T18:32:59.122+0000] {processor.py:830} INFO - Processing file /home/airflow/.local/lib/python3.8/site-packages/airflow/example_dags/tutorial_taskflow_api.py for tasks to queue
[2025-11-02T18:32:59.129+0000] {logging_mixin.py:188} INFO - [2025-11-02T18:32:59.128+0000] {dagbag.py:538} INFO - Filling up the DagBag from /home/airflow/.local/lib/python3.8/site-packages/airflow/example_dags/tutorial_taskflow_api.py
[2025-11-02T18:32:59.150+0000] {processor.py:840} INFO - DAG(s) 'tutorial_taskflow_api' retrieved from /home/airflow/.local/lib/python3.8/site-packages/airflow/example_dags/tutorial_taskflow_api.py
[2025-11-02T18:32:59.198+0000] {logging_mixin.py:188} INFO - [2025-11-02T18:32:59.198+0000] {dag.py:3036} INFO - Sync 1 DAGs
[2025-11-02T18:32:59.230+0000] {logging_mixin.py:188} INFO - [2025-11-02T18:32:59.229+0000] {dag.py:3823} INFO - Setting next_dagrun for tutorial_taskflow_api to None, run_after=None
[2025-11-02T18:32:59.298+0000] {processor.py:183} INFO - Processing /home/airflow/.local/lib/python3.8/site-packages/airflow/example_dags/tutorial_taskflow_api.py took 0.190 seconds
[2025-11-02T18:33:30.050+0000] {processor.py:161} INFO - Started process (PID=1036) to work on /home/airflow/.local/lib/python3.8/site-packages/airflow/example_dags/tutorial_taskflow_api.py
[2025-11-02T18:33:30.052+0000] {processor.py:830} INFO - Processing file /home/airflow/.local/lib/python3.8/site-packages/airflow/example_dags/tutorial_taskflow_api.py for tasks to queue
[2025-11-02T18:33:30.060+0000] {logging_mixin.py:188} INFO - [2025-11-02T18:33:30.057+0000] {dagbag.py:538} INFO - Filling up the DagBag from /home/airflow/.local/lib/python3.8/site-packages/airflow/example_dags/tutorial_taskflow_api.py
[2025-11-02T18:33:30.078+0000] {processor.py:840} INFO - DAG(s) 'tutorial_taskflow_api' retrieved from /home/airflow/.local/lib/python3.8/site-packages/airflow/example_dags/tutorial_taskflow_api.py
[2025-11-02T18:33:30.138+0000] {logging_mixin.py:188} INFO - [2025-11-02T18:33:30.137+0000] {dag.py:3036} INFO - Sync 1 DAGs
[2025-11-02T18:33:30.197+0000] {logging_mixin.py:188} INFO - [2025-11-02T18:33:30.196+0000] {dag.py:3823} INFO - Setting next_dagrun for tutorial_taskflow_api to None, run_after=None
[2025-11-02T18:33:30.253+0000] {processor.py:183} INFO - Processing /home/airflow/.local/lib/python3.8/site-packages/airflow/example_dags/tutorial_taskflow_api.py took 0.219 seconds
[2025-11-02T18:34:00.753+0000] {processor.py:161} INFO - Started process (PID=1091) to work on /home/airflow/.local/lib/python3.8/site-packages/airflow/example_dags/tutorial_taskflow_api.py
[2025-11-02T18:34:00.756+0000] {processor.py:830} INFO - Processing file /home/airflow/.local/lib/python3.8/site-packages/airflow/example_dags/tutorial_taskflow_api.py for tasks to queue
[2025-11-02T18:34:00.766+0000] {logging_mixin.py:188} INFO - [2025-11-02T18:34:00.765+0000] {dagbag.py:538} INFO - Filling up the DagBag from /home/airflow/.local/lib/python3.8/site-packages/airflow/example_dags/tutorial_taskflow_api.py
[2025-11-02T18:34:00.783+0000] {processor.py:840} INFO - DAG(s) 'tutorial_taskflow_api' retrieved from /home/airflow/.local/lib/python3.8/site-packages/airflow/example_dags/tutorial_taskflow_api.py
[2025-11-02T18:34:00.841+0000] {logging_mixin.py:188} INFO - [2025-11-02T18:34:00.840+0000] {dag.py:3036} INFO - Sync 1 DAGs
[2025-11-02T18:34:00.885+0000] {logging_mixin.py:188} INFO - [2025-11-02T18:34:00.884+0000] {dag.py:3823} INFO - Setting next_dagrun for tutorial_taskflow_api to None, run_after=None
[2025-11-02T18:34:00.932+0000] {processor.py:183} INFO - Processing /home/airflow/.local/lib/python3.8/site-packages/airflow/example_dags/tutorial_taskflow_api.py took 0.190 seconds
[2025-11-02T18:34:31.166+0000] {processor.py:161} INFO - Started process (PID=1146) to work on /home/airflow/.local/lib/python3.8/site-packages/airflow/example_dags/tutorial_taskflow_api.py
[2025-11-02T18:34:31.170+0000] {processor.py:830} INFO - Processing file /home/airflow/.local/lib/python3.8/site-packages/airflow/example_dags/tutorial_taskflow_api.py for tasks to queue
[2025-11-02T18:34:31.175+0000] {logging_mixin.py:188} INFO - [2025-11-02T18:34:31.175+0000] {dagbag.py:538} INFO - Filling up the DagBag from /home/airflow/.local/lib/python3.8/site-packages/airflow/example_dags/tutorial_taskflow_api.py
[2025-11-02T18:34:31.197+0000] {processor.py:840} INFO - DAG(s) 'tutorial_taskflow_api' retrieved from /home/airflow/.local/lib/python3.8/site-packages/airflow/example_dags/tutorial_taskflow_api.py
[2025-11-02T18:34:31.288+0000] {logging_mixin.py:188} INFO - [2025-11-02T18:34:31.288+0000] {dag.py:3036} INFO - Sync 1 DAGs
[2025-11-02T18:34:31.391+0000] {logging_mixin.py:188} INFO - [2025-11-02T18:34:31.390+0000] {dag.py:3823} INFO - Setting next_dagrun for tutorial_taskflow_api to None, run_after=None
[2025-11-02T18:34:31.465+0000] {processor.py:183} INFO - Processing /home/airflow/.local/lib/python3.8/site-packages/airflow/example_dags/tutorial_taskflow_api.py took 0.308 seconds
[2025-11-02T18:35:01.580+0000] {processor.py:161} INFO - Started process (PID=1201) to work on /home/airflow/.local/lib/python3.8/site-packages/airflow/example_dags/tutorial_taskflow_api.py
[2025-11-02T18:35:01.583+0000] {processor.py:830} INFO - Processing file /home/airflow/.local/lib/python3.8/site-packages/airflow/example_dags/tutorial_taskflow_api.py for tasks to queue
[2025-11-02T18:35:01.589+0000] {logging_mixin.py:188} INFO - [2025-11-02T18:35:01.588+0000] {dagbag.py:538} INFO - Filling up the DagBag from /home/airflow/.local/lib/python3.8/site-packages/airflow/example_dags/tutorial_taskflow_api.py
[2025-11-02T18:35:01.607+0000] {processor.py:840} INFO - DAG(s) 'tutorial_taskflow_api' retrieved from /home/airflow/.local/lib/python3.8/site-packages/airflow/example_dags/tutorial_taskflow_api.py
[2025-11-02T18:35:01.653+0000] {logging_mixin.py:188} INFO - [2025-11-02T18:35:01.653+0000] {dag.py:3036} INFO - Sync 1 DAGs
[2025-11-02T18:35:01.677+0000] {logging_mixin.py:188} INFO - [2025-11-02T18:35:01.677+0000] {dag.py:3823} INFO - Setting next_dagrun for tutorial_taskflow_api to None, run_after=None
[2025-11-02T18:35:01.719+0000] {processor.py:183} INFO - Processing /home/airflow/.local/lib/python3.8/site-packages/airflow/example_dags/tutorial_taskflow_api.py took 0.149 seconds
[2025-11-02T18:35:32.550+0000] {processor.py:161} INFO - Started process (PID=1257) to work on /home/airflow/.local/lib/python3.8/site-packages/airflow/example_dags/tutorial_taskflow_api.py
[2025-11-02T18:35:32.554+0000] {processor.py:830} INFO - Processing file /home/airflow/.local/lib/python3.8/site-packages/airflow/example_dags/tutorial_taskflow_api.py for tasks to queue
[2025-11-02T18:35:32.570+0000] {logging_mixin.py:188} INFO - [2025-11-02T18:35:32.567+0000] {dagbag.py:538} INFO - Filling up the DagBag from /home/airflow/.local/lib/python3.8/site-packages/airflow/example_dags/tutorial_taskflow_api.py
[2025-11-02T18:35:32.609+0000] {processor.py:840} INFO - DAG(s) 'tutorial_taskflow_api' retrieved from /home/airflow/.local/lib/python3.8/site-packages/airflow/example_dags/tutorial_taskflow_api.py
[2025-11-02T18:35:32.701+0000] {logging_mixin.py:188} INFO - [2025-11-02T18:35:32.700+0000] {dag.py:3036} INFO - Sync 1 DAGs
[2025-11-02T18:35:32.849+0000] {logging_mixin.py:188} INFO - [2025-11-02T18:35:32.846+0000] {dag.py:3823} INFO - Setting next_dagrun for tutorial_taskflow_api to None, run_after=None
[2025-11-02T18:35:32.978+0000] {processor.py:183} INFO - Processing /home/airflow/.local/lib/python3.8/site-packages/airflow/example_dags/tutorial_taskflow_api.py took 0.443 seconds
[2025-11-02T18:36:03.542+0000] {processor.py:161} INFO - Started process (PID=1313) to work on /home/airflow/.local/lib/python3.8/site-packages/airflow/example_dags/tutorial_taskflow_api.py
[2025-11-02T18:36:03.548+0000] {processor.py:830} INFO - Processing file /home/airflow/.local/lib/python3.8/site-packages/airflow/example_dags/tutorial_taskflow_api.py for tasks to queue
[2025-11-02T18:36:03.563+0000] {logging_mixin.py:188} INFO - [2025-11-02T18:36:03.562+0000] {dagbag.py:538} INFO - Filling up the DagBag from /home/airflow/.local/lib/python3.8/site-packages/airflow/example_dags/tutorial_taskflow_api.py
[2025-11-02T18:36:03.601+0000] {processor.py:840} INFO - DAG(s) 'tutorial_taskflow_api' retrieved from /home/airflow/.local/lib/python3.8/site-packages/airflow/example_dags/tutorial_taskflow_api.py
[2025-11-02T18:36:03.683+0000] {logging_mixin.py:188} INFO - [2025-11-02T18:36:03.682+0000] {dag.py:3036} INFO - Sync 1 DAGs
[2025-11-02T18:36:03.727+0000] {logging_mixin.py:188} INFO - [2025-11-02T18:36:03.727+0000] {dag.py:3823} INFO - Setting next_dagrun for tutorial_taskflow_api to None, run_after=None
[2025-11-02T18:36:03.796+0000] {processor.py:183} INFO - Processing /home/airflow/.local/lib/python3.8/site-packages/airflow/example_dags/tutorial_taskflow_api.py took 0.277 seconds
[2025-11-02T18:36:34.232+0000] {processor.py:161} INFO - Started process (PID=1368) to work on /home/airflow/.local/lib/python3.8/site-packages/airflow/example_dags/tutorial_taskflow_api.py
[2025-11-02T18:36:34.238+0000] {processor.py:830} INFO - Processing file /home/airflow/.local/lib/python3.8/site-packages/airflow/example_dags/tutorial_taskflow_api.py for tasks to queue
[2025-11-02T18:36:34.246+0000] {logging_mixin.py:188} INFO - [2025-11-02T18:36:34.245+0000] {dagbag.py:538} INFO - Filling up the DagBag from /home/airflow/.local/lib/python3.8/site-packages/airflow/example_dags/tutorial_taskflow_api.py
[2025-11-02T18:36:34.288+0000] {processor.py:840} INFO - DAG(s) 'tutorial_taskflow_api' retrieved from /home/airflow/.local/lib/python3.8/site-packages/airflow/example_dags/tutorial_taskflow_api.py
[2025-11-02T18:36:34.439+0000] {logging_mixin.py:188} INFO - [2025-11-02T18:36:34.438+0000] {dag.py:3036} INFO - Sync 1 DAGs
[2025-11-02T18:36:34.486+0000] {logging_mixin.py:188} INFO - [2025-11-02T18:36:34.485+0000] {dag.py:3823} INFO - Setting next_dagrun for tutorial_taskflow_api to None, run_after=None
[2025-11-02T18:36:34.560+0000] {processor.py:183} INFO - Processing /home/airflow/.local/lib/python3.8/site-packages/airflow/example_dags/tutorial_taskflow_api.py took 0.345 seconds
[2025-11-02T18:37:04.918+0000] {processor.py:161} INFO - Started process (PID=1423) to work on /home/airflow/.local/lib/python3.8/site-packages/airflow/example_dags/tutorial_taskflow_api.py
[2025-11-02T18:37:04.922+0000] {processor.py:830} INFO - Processing file /home/airflow/.local/lib/python3.8/site-packages/airflow/example_dags/tutorial_taskflow_api.py for tasks to queue
[2025-11-02T18:37:04.998+0000] {logging_mixin.py:188} INFO - [2025-11-02T18:37:04.997+0000] {dagbag.py:538} INFO - Filling up the DagBag from /home/airflow/.local/lib/python3.8/site-packages/airflow/example_dags/tutorial_taskflow_api.py
[2025-11-02T18:37:05.091+0000] {processor.py:840} INFO - DAG(s) 'tutorial_taskflow_api' retrieved from /home/airflow/.local/lib/python3.8/site-packages/airflow/example_dags/tutorial_taskflow_api.py
[2025-11-02T18:37:05.255+0000] {logging_mixin.py:188} INFO - [2025-11-02T18:37:05.254+0000] {dag.py:3036} INFO - Sync 1 DAGs
[2025-11-02T18:37:05.348+0000] {logging_mixin.py:188} INFO - [2025-11-02T18:37:05.347+0000] {dag.py:3823} INFO - Setting next_dagrun for tutorial_taskflow_api to None, run_after=None
[2025-11-02T18:37:05.588+0000] {processor.py:183} INFO - Processing /home/airflow/.local/lib/python3.8/site-packages/airflow/example_dags/tutorial_taskflow_api.py took 0.694 seconds
[2025-11-02T18:37:36.660+0000] {processor.py:161} INFO - Started process (PID=1479) to work on /home/airflow/.local/lib/python3.8/site-packages/airflow/example_dags/tutorial_taskflow_api.py
[2025-11-02T18:37:36.672+0000] {processor.py:830} INFO - Processing file /home/airflow/.local/lib/python3.8/site-packages/airflow/example_dags/tutorial_taskflow_api.py for tasks to queue
[2025-11-02T18:37:36.691+0000] {logging_mixin.py:188} INFO - [2025-11-02T18:37:36.688+0000] {dagbag.py:538} INFO - Filling up the DagBag from /home/airflow/.local/lib/python3.8/site-packages/airflow/example_dags/tutorial_taskflow_api.py
[2025-11-02T18:37:36.767+0000] {processor.py:840} INFO - DAG(s) 'tutorial_taskflow_api' retrieved from /home/airflow/.local/lib/python3.8/site-packages/airflow/example_dags/tutorial_taskflow_api.py
[2025-11-02T18:37:36.983+0000] {logging_mixin.py:188} INFO - [2025-11-02T18:37:36.982+0000] {dag.py:3036} INFO - Sync 1 DAGs
[2025-11-02T18:37:37.087+0000] {logging_mixin.py:188} INFO - [2025-11-02T18:37:37.086+0000] {dag.py:3823} INFO - Setting next_dagrun for tutorial_taskflow_api to None, run_after=None
[2025-11-02T18:37:37.184+0000] {processor.py:183} INFO - Processing /home/airflow/.local/lib/python3.8/site-packages/airflow/example_dags/tutorial_taskflow_api.py took 0.556 seconds
[2025-11-02T18:38:07.555+0000] {processor.py:161} INFO - Started process (PID=1534) to work on /home/airflow/.local/lib/python3.8/site-packages/airflow/example_dags/tutorial_taskflow_api.py
[2025-11-02T18:38:07.558+0000] {processor.py:830} INFO - Processing file /home/airflow/.local/lib/python3.8/site-packages/airflow/example_dags/tutorial_taskflow_api.py for tasks to queue
[2025-11-02T18:38:07.564+0000] {logging_mixin.py:188} INFO - [2025-11-02T18:38:07.563+0000] {dagbag.py:538} INFO - Filling up the DagBag from /home/airflow/.local/lib/python3.8/site-packages/airflow/example_dags/tutorial_taskflow_api.py
[2025-11-02T18:38:07.597+0000] {processor.py:840} INFO - DAG(s) 'tutorial_taskflow_api' retrieved from /home/airflow/.local/lib/python3.8/site-packages/airflow/example_dags/tutorial_taskflow_api.py
[2025-11-02T18:38:07.760+0000] {logging_mixin.py:188} INFO - [2025-11-02T18:38:07.759+0000] {dag.py:3036} INFO - Sync 1 DAGs
[2025-11-02T18:38:07.827+0000] {logging_mixin.py:188} INFO - [2025-11-02T18:38:07.826+0000] {dag.py:3823} INFO - Setting next_dagrun for tutorial_taskflow_api to None, run_after=None
[2025-11-02T18:38:07.948+0000] {processor.py:183} INFO - Processing /home/airflow/.local/lib/python3.8/site-packages/airflow/example_dags/tutorial_taskflow_api.py took 0.404 seconds
[2025-11-02T18:38:38.127+0000] {processor.py:161} INFO - Started process (PID=1588) to work on /home/airflow/.local/lib/python3.8/site-packages/airflow/example_dags/tutorial_taskflow_api.py
[2025-11-02T18:38:38.131+0000] {processor.py:830} INFO - Processing file /home/airflow/.local/lib/python3.8/site-packages/airflow/example_dags/tutorial_taskflow_api.py for tasks to queue
[2025-11-02T18:38:38.137+0000] {logging_mixin.py:188} INFO - [2025-11-02T18:38:38.136+0000] {dagbag.py:538} INFO - Filling up the DagBag from /home/airflow/.local/lib/python3.8/site-packages/airflow/example_dags/tutorial_taskflow_api.py
[2025-11-02T18:38:38.168+0000] {processor.py:840} INFO - DAG(s) 'tutorial_taskflow_api' retrieved from /home/airflow/.local/lib/python3.8/site-packages/airflow/example_dags/tutorial_taskflow_api.py
[2025-11-02T18:38:38.399+0000] {logging_mixin.py:188} INFO - [2025-11-02T18:38:38.399+0000] {dag.py:3036} INFO - Sync 1 DAGs
[2025-11-02T18:38:38.440+0000] {logging_mixin.py:188} INFO - [2025-11-02T18:38:38.440+0000] {dag.py:3823} INFO - Setting next_dagrun for tutorial_taskflow_api to None, run_after=None
[2025-11-02T18:38:38.504+0000] {processor.py:183} INFO - Processing /home/airflow/.local/lib/python3.8/site-packages/airflow/example_dags/tutorial_taskflow_api.py took 0.238 seconds
[2025-11-02T18:39:08.938+0000] {processor.py:161} INFO - Started process (PID=1643) to work on /home/airflow/.local/lib/python3.8/site-packages/airflow/example_dags/tutorial_taskflow_api.py
[2025-11-02T18:39:08.942+0000] {processor.py:830} INFO - Processing file /home/airflow/.local/lib/python3.8/site-packages/airflow/example_dags/tutorial_taskflow_api.py for tasks to queue
[2025-11-02T18:39:08.951+0000] {logging_mixin.py:188} INFO - [2025-11-02T18:39:08.948+0000] {dagbag.py:538} INFO - Filling up the DagBag from /home/airflow/.local/lib/python3.8/site-packages/airflow/example_dags/tutorial_taskflow_api.py
[2025-11-02T18:39:08.986+0000] {processor.py:840} INFO - DAG(s) 'tutorial_taskflow_api' retrieved from /home/airflow/.local/lib/python3.8/site-packages/airflow/example_dags/tutorial_taskflow_api.py
[2025-11-02T18:39:09.108+0000] {logging_mixin.py:188} INFO - [2025-11-02T18:39:09.107+0000] {dag.py:3036} INFO - Sync 1 DAGs
[2025-11-02T18:39:09.175+0000] {logging_mixin.py:188} INFO - [2025-11-02T18:39:09.174+0000] {dag.py:3823} INFO - Setting next_dagrun for tutorial_taskflow_api to None, run_after=None
[2025-11-02T18:39:09.280+0000] {processor.py:183} INFO - Processing /home/airflow/.local/lib/python3.8/site-packages/airflow/example_dags/tutorial_taskflow_api.py took 0.355 seconds
[2025-11-02T18:39:48.688+0000] {processor.py:161} INFO - Started process (PID=1699) to work on /home/airflow/.local/lib/python3.8/site-packages/airflow/example_dags/tutorial_taskflow_api.py
[2025-11-02T18:39:48.694+0000] {processor.py:830} INFO - Processing file /home/airflow/.local/lib/python3.8/site-packages/airflow/example_dags/tutorial_taskflow_api.py for tasks to queue
[2025-11-02T18:39:48.736+0000] {logging_mixin.py:188} INFO - [2025-11-02T18:39:48.735+0000] {dagbag.py:538} INFO - Filling up the DagBag from /home/airflow/.local/lib/python3.8/site-packages/airflow/example_dags/tutorial_taskflow_api.py
[2025-11-02T18:39:48.840+0000] {processor.py:840} INFO - DAG(s) 'tutorial_taskflow_api' retrieved from /home/airflow/.local/lib/python3.8/site-packages/airflow/example_dags/tutorial_taskflow_api.py
[2025-11-02T18:39:49.009+0000] {logging_mixin.py:188} INFO - [2025-11-02T18:39:49.008+0000] {dag.py:3036} INFO - Sync 1 DAGs
[2025-11-02T18:39:49.119+0000] {logging_mixin.py:188} INFO - [2025-11-02T18:39:49.119+0000] {dag.py:3823} INFO - Setting next_dagrun for tutorial_taskflow_api to None, run_after=None
[2025-11-02T18:39:49.235+0000] {processor.py:183} INFO - Processing /home/airflow/.local/lib/python3.8/site-packages/airflow/example_dags/tutorial_taskflow_api.py took 0.574 seconds
[2025-11-02T18:40:21.407+0000] {processor.py:161} INFO - Started process (PID=1760) to work on /home/airflow/.local/lib/python3.8/site-packages/airflow/example_dags/tutorial_taskflow_api.py
[2025-11-02T18:40:21.418+0000] {processor.py:830} INFO - Processing file /home/airflow/.local/lib/python3.8/site-packages/airflow/example_dags/tutorial_taskflow_api.py for tasks to queue
[2025-11-02T18:40:21.431+0000] {logging_mixin.py:188} INFO - [2025-11-02T18:40:21.429+0000] {dagbag.py:538} INFO - Filling up the DagBag from /home/airflow/.local/lib/python3.8/site-packages/airflow/example_dags/tutorial_taskflow_api.py
[2025-11-02T18:40:21.485+0000] {processor.py:840} INFO - DAG(s) 'tutorial_taskflow_api' retrieved from /home/airflow/.local/lib/python3.8/site-packages/airflow/example_dags/tutorial_taskflow_api.py
[2025-11-02T18:40:21.685+0000] {logging_mixin.py:188} INFO - [2025-11-02T18:40:21.684+0000] {dag.py:3036} INFO - Sync 1 DAGs
[2025-11-02T18:40:21.794+0000] {logging_mixin.py:188} INFO - [2025-11-02T18:40:21.793+0000] {dag.py:3823} INFO - Setting next_dagrun for tutorial_taskflow_api to None, run_after=None
[2025-11-02T18:40:21.870+0000] {processor.py:183} INFO - Processing /home/airflow/.local/lib/python3.8/site-packages/airflow/example_dags/tutorial_taskflow_api.py took 0.483 seconds
[2025-11-02T18:40:52.867+0000] {processor.py:161} INFO - Started process (PID=1814) to work on /home/airflow/.local/lib/python3.8/site-packages/airflow/example_dags/tutorial_taskflow_api.py
[2025-11-02T18:40:52.871+0000] {processor.py:830} INFO - Processing file /home/airflow/.local/lib/python3.8/site-packages/airflow/example_dags/tutorial_taskflow_api.py for tasks to queue
[2025-11-02T18:40:52.887+0000] {logging_mixin.py:188} INFO - [2025-11-02T18:40:52.886+0000] {dagbag.py:538} INFO - Filling up the DagBag from /home/airflow/.local/lib/python3.8/site-packages/airflow/example_dags/tutorial_taskflow_api.py
[2025-11-02T18:40:52.937+0000] {processor.py:840} INFO - DAG(s) 'tutorial_taskflow_api' retrieved from /home/airflow/.local/lib/python3.8/site-packages/airflow/example_dags/tutorial_taskflow_api.py
[2025-11-02T18:40:53.043+0000] {logging_mixin.py:188} INFO - [2025-11-02T18:40:53.043+0000] {dag.py:3036} INFO - Sync 1 DAGs
[2025-11-02T18:40:53.153+0000] {logging_mixin.py:188} INFO - [2025-11-02T18:40:53.140+0000] {dag.py:3823} INFO - Setting next_dagrun for tutorial_taskflow_api to None, run_after=None
[2025-11-02T18:40:53.224+0000] {processor.py:183} INFO - Processing /home/airflow/.local/lib/python3.8/site-packages/airflow/example_dags/tutorial_taskflow_api.py took 0.376 seconds
[2025-11-02T18:41:23.993+0000] {processor.py:161} INFO - Started process (PID=1869) to work on /home/airflow/.local/lib/python3.8/site-packages/airflow/example_dags/tutorial_taskflow_api.py
[2025-11-02T18:41:23.996+0000] {processor.py:830} INFO - Processing file /home/airflow/.local/lib/python3.8/site-packages/airflow/example_dags/tutorial_taskflow_api.py for tasks to queue
[2025-11-02T18:41:24.007+0000] {logging_mixin.py:188} INFO - [2025-11-02T18:41:24.005+0000] {dagbag.py:538} INFO - Filling up the DagBag from /home/airflow/.local/lib/python3.8/site-packages/airflow/example_dags/tutorial_taskflow_api.py
[2025-11-02T18:41:24.060+0000] {processor.py:840} INFO - DAG(s) 'tutorial_taskflow_api' retrieved from /home/airflow/.local/lib/python3.8/site-packages/airflow/example_dags/tutorial_taskflow_api.py
[2025-11-02T18:41:24.159+0000] {logging_mixin.py:188} INFO - [2025-11-02T18:41:24.159+0000] {dag.py:3036} INFO - Sync 1 DAGs
[2025-11-02T18:41:24.226+0000] {logging_mixin.py:188} INFO - [2025-11-02T18:41:24.225+0000] {dag.py:3823} INFO - Setting next_dagrun for tutorial_taskflow_api to None, run_after=None
[2025-11-02T18:41:24.323+0000] {processor.py:183} INFO - Processing /home/airflow/.local/lib/python3.8/site-packages/airflow/example_dags/tutorial_taskflow_api.py took 0.346 seconds
[2025-11-02T18:41:54.599+0000] {processor.py:161} INFO - Started process (PID=1921) to work on /home/airflow/.local/lib/python3.8/site-packages/airflow/example_dags/tutorial_taskflow_api.py
[2025-11-02T18:41:54.602+0000] {processor.py:830} INFO - Processing file /home/airflow/.local/lib/python3.8/site-packages/airflow/example_dags/tutorial_taskflow_api.py for tasks to queue
[2025-11-02T18:41:54.631+0000] {logging_mixin.py:188} INFO - [2025-11-02T18:41:54.630+0000] {dagbag.py:538} INFO - Filling up the DagBag from /home/airflow/.local/lib/python3.8/site-packages/airflow/example_dags/tutorial_taskflow_api.py
[2025-11-02T18:41:54.697+0000] {processor.py:840} INFO - DAG(s) 'tutorial_taskflow_api' retrieved from /home/airflow/.local/lib/python3.8/site-packages/airflow/example_dags/tutorial_taskflow_api.py
[2025-11-02T18:41:54.865+0000] {logging_mixin.py:188} INFO - [2025-11-02T18:41:54.865+0000] {dag.py:3036} INFO - Sync 1 DAGs
[2025-11-02T18:41:54.933+0000] {logging_mixin.py:188} INFO - [2025-11-02T18:41:54.932+0000] {dag.py:3823} INFO - Setting next_dagrun for tutorial_taskflow_api to None, run_after=None
[2025-11-02T18:41:55.079+0000] {processor.py:183} INFO - Processing /home/airflow/.local/lib/python3.8/site-packages/airflow/example_dags/tutorial_taskflow_api.py took 0.514 seconds
[2025-11-02T18:42:25.886+0000] {processor.py:161} INFO - Started process (PID=1976) to work on /home/airflow/.local/lib/python3.8/site-packages/airflow/example_dags/tutorial_taskflow_api.py
[2025-11-02T18:42:25.890+0000] {processor.py:830} INFO - Processing file /home/airflow/.local/lib/python3.8/site-packages/airflow/example_dags/tutorial_taskflow_api.py for tasks to queue
[2025-11-02T18:42:25.898+0000] {logging_mixin.py:188} INFO - [2025-11-02T18:42:25.896+0000] {dagbag.py:538} INFO - Filling up the DagBag from /home/airflow/.local/lib/python3.8/site-packages/airflow/example_dags/tutorial_taskflow_api.py
[2025-11-02T18:42:25.925+0000] {processor.py:840} INFO - DAG(s) 'tutorial_taskflow_api' retrieved from /home/airflow/.local/lib/python3.8/site-packages/airflow/example_dags/tutorial_taskflow_api.py
[2025-11-02T18:42:26.004+0000] {logging_mixin.py:188} INFO - [2025-11-02T18:42:26.003+0000] {dag.py:3036} INFO - Sync 1 DAGs
[2025-11-02T18:42:26.053+0000] {logging_mixin.py:188} INFO - [2025-11-02T18:42:26.052+0000] {dag.py:3823} INFO - Setting next_dagrun for tutorial_taskflow_api to None, run_after=None
[2025-11-02T18:42:26.160+0000] {processor.py:183} INFO - Processing /home/airflow/.local/lib/python3.8/site-packages/airflow/example_dags/tutorial_taskflow_api.py took 0.286 seconds
[2025-11-02T18:42:56.461+0000] {processor.py:161} INFO - Started process (PID=2031) to work on /home/airflow/.local/lib/python3.8/site-packages/airflow/example_dags/tutorial_taskflow_api.py
[2025-11-02T18:42:56.465+0000] {processor.py:830} INFO - Processing file /home/airflow/.local/lib/python3.8/site-packages/airflow/example_dags/tutorial_taskflow_api.py for tasks to queue
[2025-11-02T18:42:56.472+0000] {logging_mixin.py:188} INFO - [2025-11-02T18:42:56.471+0000] {dagbag.py:538} INFO - Filling up the DagBag from /home/airflow/.local/lib/python3.8/site-packages/airflow/example_dags/tutorial_taskflow_api.py
[2025-11-02T18:42:56.501+0000] {processor.py:840} INFO - DAG(s) 'tutorial_taskflow_api' retrieved from /home/airflow/.local/lib/python3.8/site-packages/airflow/example_dags/tutorial_taskflow_api.py
[2025-11-02T18:42:56.642+0000] {logging_mixin.py:188} INFO - [2025-11-02T18:42:56.631+0000] {dag.py:3036} INFO - Sync 1 DAGs
[2025-11-02T18:42:56.747+0000] {logging_mixin.py:188} INFO - [2025-11-02T18:42:56.746+0000] {dag.py:3823} INFO - Setting next_dagrun for tutorial_taskflow_api to None, run_after=None
[2025-11-02T18:42:56.870+0000] {processor.py:183} INFO - Processing /home/airflow/.local/lib/python3.8/site-packages/airflow/example_dags/tutorial_taskflow_api.py took 0.422 seconds
[2025-11-02T18:43:27.171+0000] {processor.py:161} INFO - Started process (PID=2086) to work on /home/airflow/.local/lib/python3.8/site-packages/airflow/example_dags/tutorial_taskflow_api.py
[2025-11-02T18:43:27.175+0000] {processor.py:830} INFO - Processing file /home/airflow/.local/lib/python3.8/site-packages/airflow/example_dags/tutorial_taskflow_api.py for tasks to queue
[2025-11-02T18:43:27.184+0000] {logging_mixin.py:188} INFO - [2025-11-02T18:43:27.183+0000] {dagbag.py:538} INFO - Filling up the DagBag from /home/airflow/.local/lib/python3.8/site-packages/airflow/example_dags/tutorial_taskflow_api.py
[2025-11-02T18:43:27.213+0000] {processor.py:840} INFO - DAG(s) 'tutorial_taskflow_api' retrieved from /home/airflow/.local/lib/python3.8/site-packages/airflow/example_dags/tutorial_taskflow_api.py
[2025-11-02T18:43:27.281+0000] {logging_mixin.py:188} INFO - [2025-11-02T18:43:27.280+0000] {dag.py:3036} INFO - Sync 1 DAGs
[2025-11-02T18:43:27.323+0000] {logging_mixin.py:188} INFO - [2025-11-02T18:43:27.322+0000] {dag.py:3823} INFO - Setting next_dagrun for tutorial_taskflow_api to None, run_after=None
[2025-11-02T18:43:27.380+0000] {processor.py:183} INFO - Processing /home/airflow/.local/lib/python3.8/site-packages/airflow/example_dags/tutorial_taskflow_api.py took 0.235 seconds
[2025-11-02T18:43:57.665+0000] {processor.py:161} INFO - Started process (PID=2141) to work on /home/airflow/.local/lib/python3.8/site-packages/airflow/example_dags/tutorial_taskflow_api.py
[2025-11-02T18:43:57.669+0000] {processor.py:830} INFO - Processing file /home/airflow/.local/lib/python3.8/site-packages/airflow/example_dags/tutorial_taskflow_api.py for tasks to queue
[2025-11-02T18:43:57.677+0000] {logging_mixin.py:188} INFO - [2025-11-02T18:43:57.676+0000] {dagbag.py:538} INFO - Filling up the DagBag from /home/airflow/.local/lib/python3.8/site-packages/airflow/example_dags/tutorial_taskflow_api.py
[2025-11-02T18:43:57.705+0000] {processor.py:840} INFO - DAG(s) 'tutorial_taskflow_api' retrieved from /home/airflow/.local/lib/python3.8/site-packages/airflow/example_dags/tutorial_taskflow_api.py
[2025-11-02T18:43:57.796+0000] {logging_mixin.py:188} INFO - [2025-11-02T18:43:57.795+0000] {dag.py:3036} INFO - Sync 1 DAGs
[2025-11-02T18:43:57.839+0000] {logging_mixin.py:188} INFO - [2025-11-02T18:43:57.839+0000] {dag.py:3823} INFO - Setting next_dagrun for tutorial_taskflow_api to None, run_after=None
[2025-11-02T18:43:57.908+0000] {processor.py:183} INFO - Processing /home/airflow/.local/lib/python3.8/site-packages/airflow/example_dags/tutorial_taskflow_api.py took 0.256 seconds
[2025-11-02T18:44:29.299+0000] {processor.py:161} INFO - Started process (PID=2196) to work on /home/airflow/.local/lib/python3.8/site-packages/airflow/example_dags/tutorial_taskflow_api.py
[2025-11-02T18:44:29.306+0000] {processor.py:830} INFO - Processing file /home/airflow/.local/lib/python3.8/site-packages/airflow/example_dags/tutorial_taskflow_api.py for tasks to queue
[2025-11-02T18:44:29.323+0000] {logging_mixin.py:188} INFO - [2025-11-02T18:44:29.322+0000] {dagbag.py:538} INFO - Filling up the DagBag from /home/airflow/.local/lib/python3.8/site-packages/airflow/example_dags/tutorial_taskflow_api.py
[2025-11-02T18:44:29.376+0000] {processor.py:840} INFO - DAG(s) 'tutorial_taskflow_api' retrieved from /home/airflow/.local/lib/python3.8/site-packages/airflow/example_dags/tutorial_taskflow_api.py
[2025-11-02T18:44:29.520+0000] {logging_mixin.py:188} INFO - [2025-11-02T18:44:29.510+0000] {dag.py:3036} INFO - Sync 1 DAGs
[2025-11-02T18:44:29.609+0000] {logging_mixin.py:188} INFO - [2025-11-02T18:44:29.608+0000] {dag.py:3823} INFO - Setting next_dagrun for tutorial_taskflow_api to None, run_after=None
[2025-11-02T18:44:29.722+0000] {processor.py:183} INFO - Processing /home/airflow/.local/lib/python3.8/site-packages/airflow/example_dags/tutorial_taskflow_api.py took 0.439 seconds
[2025-11-02T18:45:00.336+0000] {processor.py:161} INFO - Started process (PID=2251) to work on /home/airflow/.local/lib/python3.8/site-packages/airflow/example_dags/tutorial_taskflow_api.py
[2025-11-02T18:45:00.339+0000] {processor.py:830} INFO - Processing file /home/airflow/.local/lib/python3.8/site-packages/airflow/example_dags/tutorial_taskflow_api.py for tasks to queue
[2025-11-02T18:45:00.344+0000] {logging_mixin.py:188} INFO - [2025-11-02T18:45:00.343+0000] {dagbag.py:538} INFO - Filling up the DagBag from /home/airflow/.local/lib/python3.8/site-packages/airflow/example_dags/tutorial_taskflow_api.py
[2025-11-02T18:45:00.359+0000] {processor.py:840} INFO - DAG(s) 'tutorial_taskflow_api' retrieved from /home/airflow/.local/lib/python3.8/site-packages/airflow/example_dags/tutorial_taskflow_api.py
[2025-11-02T18:45:00.436+0000] {logging_mixin.py:188} INFO - [2025-11-02T18:45:00.435+0000] {dag.py:3036} INFO - Sync 1 DAGs
[2025-11-02T18:45:00.488+0000] {logging_mixin.py:188} INFO - [2025-11-02T18:45:00.488+0000] {dag.py:3823} INFO - Setting next_dagrun for tutorial_taskflow_api to None, run_after=None
[2025-11-02T18:45:00.577+0000] {processor.py:183} INFO - Processing /home/airflow/.local/lib/python3.8/site-packages/airflow/example_dags/tutorial_taskflow_api.py took 0.249 seconds
[2025-11-02T18:45:31.197+0000] {processor.py:161} INFO - Started process (PID=2306) to work on /home/airflow/.local/lib/python3.8/site-packages/airflow/example_dags/tutorial_taskflow_api.py
[2025-11-02T18:45:31.199+0000] {processor.py:830} INFO - Processing file /home/airflow/.local/lib/python3.8/site-packages/airflow/example_dags/tutorial_taskflow_api.py for tasks to queue
[2025-11-02T18:45:31.204+0000] {logging_mixin.py:188} INFO - [2025-11-02T18:45:31.204+0000] {dagbag.py:538} INFO - Filling up the DagBag from /home/airflow/.local/lib/python3.8/site-packages/airflow/example_dags/tutorial_taskflow_api.py
[2025-11-02T18:45:31.225+0000] {processor.py:840} INFO - DAG(s) 'tutorial_taskflow_api' retrieved from /home/airflow/.local/lib/python3.8/site-packages/airflow/example_dags/tutorial_taskflow_api.py
[2025-11-02T18:45:31.285+0000] {logging_mixin.py:188} INFO - [2025-11-02T18:45:31.284+0000] {dag.py:3036} INFO - Sync 1 DAGs
[2025-11-02T18:45:31.325+0000] {logging_mixin.py:188} INFO - [2025-11-02T18:45:31.324+0000] {dag.py:3823} INFO - Setting next_dagrun for tutorial_taskflow_api to None, run_after=None
[2025-11-02T18:45:31.377+0000] {processor.py:183} INFO - Processing /home/airflow/.local/lib/python3.8/site-packages/airflow/example_dags/tutorial_taskflow_api.py took 0.198 seconds
[2025-11-02T18:46:02.171+0000] {processor.py:161} INFO - Started process (PID=2361) to work on /home/airflow/.local/lib/python3.8/site-packages/airflow/example_dags/tutorial_taskflow_api.py
[2025-11-02T18:46:02.173+0000] {processor.py:830} INFO - Processing file /home/airflow/.local/lib/python3.8/site-packages/airflow/example_dags/tutorial_taskflow_api.py for tasks to queue
[2025-11-02T18:46:02.178+0000] {logging_mixin.py:188} INFO - [2025-11-02T18:46:02.177+0000] {dagbag.py:538} INFO - Filling up the DagBag from /home/airflow/.local/lib/python3.8/site-packages/airflow/example_dags/tutorial_taskflow_api.py
[2025-11-02T18:46:02.193+0000] {processor.py:840} INFO - DAG(s) 'tutorial_taskflow_api' retrieved from /home/airflow/.local/lib/python3.8/site-packages/airflow/example_dags/tutorial_taskflow_api.py
[2025-11-02T18:46:02.235+0000] {logging_mixin.py:188} INFO - [2025-11-02T18:46:02.235+0000] {dag.py:3036} INFO - Sync 1 DAGs
[2025-11-02T18:46:02.282+0000] {logging_mixin.py:188} INFO - [2025-11-02T18:46:02.282+0000] {dag.py:3823} INFO - Setting next_dagrun for tutorial_taskflow_api to None, run_after=None
[2025-11-02T18:46:02.320+0000] {processor.py:183} INFO - Processing /home/airflow/.local/lib/python3.8/site-packages/airflow/example_dags/tutorial_taskflow_api.py took 0.158 seconds
[2025-11-02T18:46:32.728+0000] {processor.py:161} INFO - Started process (PID=2416) to work on /home/airflow/.local/lib/python3.8/site-packages/airflow/example_dags/tutorial_taskflow_api.py
[2025-11-02T18:46:32.731+0000] {processor.py:830} INFO - Processing file /home/airflow/.local/lib/python3.8/site-packages/airflow/example_dags/tutorial_taskflow_api.py for tasks to queue
[2025-11-02T18:46:32.736+0000] {logging_mixin.py:188} INFO - [2025-11-02T18:46:32.735+0000] {dagbag.py:538} INFO - Filling up the DagBag from /home/airflow/.local/lib/python3.8/site-packages/airflow/example_dags/tutorial_taskflow_api.py
[2025-11-02T18:46:32.756+0000] {processor.py:840} INFO - DAG(s) 'tutorial_taskflow_api' retrieved from /home/airflow/.local/lib/python3.8/site-packages/airflow/example_dags/tutorial_taskflow_api.py
[2025-11-02T18:46:32.810+0000] {logging_mixin.py:188} INFO - [2025-11-02T18:46:32.810+0000] {dag.py:3036} INFO - Sync 1 DAGs
[2025-11-02T18:46:32.847+0000] {logging_mixin.py:188} INFO - [2025-11-02T18:46:32.847+0000] {dag.py:3823} INFO - Setting next_dagrun for tutorial_taskflow_api to None, run_after=None
[2025-11-02T18:46:32.898+0000] {processor.py:183} INFO - Processing /home/airflow/.local/lib/python3.8/site-packages/airflow/example_dags/tutorial_taskflow_api.py took 0.179 seconds
[2025-11-02T18:47:03.346+0000] {processor.py:161} INFO - Started process (PID=2472) to work on /home/airflow/.local/lib/python3.8/site-packages/airflow/example_dags/tutorial_taskflow_api.py
[2025-11-02T18:47:03.349+0000] {processor.py:830} INFO - Processing file /home/airflow/.local/lib/python3.8/site-packages/airflow/example_dags/tutorial_taskflow_api.py for tasks to queue
[2025-11-02T18:47:03.355+0000] {logging_mixin.py:188} INFO - [2025-11-02T18:47:03.354+0000] {dagbag.py:538} INFO - Filling up the DagBag from /home/airflow/.local/lib/python3.8/site-packages/airflow/example_dags/tutorial_taskflow_api.py
[2025-11-02T18:47:03.376+0000] {processor.py:840} INFO - DAG(s) 'tutorial_taskflow_api' retrieved from /home/airflow/.local/lib/python3.8/site-packages/airflow/example_dags/tutorial_taskflow_api.py
[2025-11-02T18:47:03.419+0000] {logging_mixin.py:188} INFO - [2025-11-02T18:47:03.418+0000] {dag.py:3036} INFO - Sync 1 DAGs
[2025-11-02T18:47:03.443+0000] {logging_mixin.py:188} INFO - [2025-11-02T18:47:03.443+0000] {dag.py:3823} INFO - Setting next_dagrun for tutorial_taskflow_api to None, run_after=None
[2025-11-02T18:47:03.483+0000] {processor.py:183} INFO - Processing /home/airflow/.local/lib/python3.8/site-packages/airflow/example_dags/tutorial_taskflow_api.py took 0.145 seconds
[2025-11-02T18:47:33.856+0000] {processor.py:161} INFO - Started process (PID=2527) to work on /home/airflow/.local/lib/python3.8/site-packages/airflow/example_dags/tutorial_taskflow_api.py
[2025-11-02T18:47:33.859+0000] {processor.py:830} INFO - Processing file /home/airflow/.local/lib/python3.8/site-packages/airflow/example_dags/tutorial_taskflow_api.py for tasks to queue
[2025-11-02T18:47:33.865+0000] {logging_mixin.py:188} INFO - [2025-11-02T18:47:33.864+0000] {dagbag.py:538} INFO - Filling up the DagBag from /home/airflow/.local/lib/python3.8/site-packages/airflow/example_dags/tutorial_taskflow_api.py
[2025-11-02T18:47:33.881+0000] {processor.py:840} INFO - DAG(s) 'tutorial_taskflow_api' retrieved from /home/airflow/.local/lib/python3.8/site-packages/airflow/example_dags/tutorial_taskflow_api.py
[2025-11-02T18:47:33.932+0000] {logging_mixin.py:188} INFO - [2025-11-02T18:47:33.932+0000] {dag.py:3036} INFO - Sync 1 DAGs
[2025-11-02T18:47:33.964+0000] {logging_mixin.py:188} INFO - [2025-11-02T18:47:33.963+0000] {dag.py:3823} INFO - Setting next_dagrun for tutorial_taskflow_api to None, run_after=None
[2025-11-02T18:47:34.023+0000] {processor.py:183} INFO - Processing /home/airflow/.local/lib/python3.8/site-packages/airflow/example_dags/tutorial_taskflow_api.py took 0.176 seconds
[2025-11-02T18:48:04.374+0000] {processor.py:161} INFO - Started process (PID=2581) to work on /home/airflow/.local/lib/python3.8/site-packages/airflow/example_dags/tutorial_taskflow_api.py
[2025-11-02T18:48:04.377+0000] {processor.py:830} INFO - Processing file /home/airflow/.local/lib/python3.8/site-packages/airflow/example_dags/tutorial_taskflow_api.py for tasks to queue
[2025-11-02T18:48:04.381+0000] {logging_mixin.py:188} INFO - [2025-11-02T18:48:04.381+0000] {dagbag.py:538} INFO - Filling up the DagBag from /home/airflow/.local/lib/python3.8/site-packages/airflow/example_dags/tutorial_taskflow_api.py
[2025-11-02T18:48:04.397+0000] {processor.py:840} INFO - DAG(s) 'tutorial_taskflow_api' retrieved from /home/airflow/.local/lib/python3.8/site-packages/airflow/example_dags/tutorial_taskflow_api.py
[2025-11-02T18:48:04.441+0000] {logging_mixin.py:188} INFO - [2025-11-02T18:48:04.440+0000] {dag.py:3036} INFO - Sync 1 DAGs
[2025-11-02T18:48:04.466+0000] {logging_mixin.py:188} INFO - [2025-11-02T18:48:04.466+0000] {dag.py:3823} INFO - Setting next_dagrun for tutorial_taskflow_api to None, run_after=None
[2025-11-02T18:48:04.507+0000] {processor.py:183} INFO - Processing /home/airflow/.local/lib/python3.8/site-packages/airflow/example_dags/tutorial_taskflow_api.py took 0.141 seconds
[2025-11-02T18:48:35.385+0000] {processor.py:161} INFO - Started process (PID=2636) to work on /home/airflow/.local/lib/python3.8/site-packages/airflow/example_dags/tutorial_taskflow_api.py
[2025-11-02T18:48:35.388+0000] {processor.py:830} INFO - Processing file /home/airflow/.local/lib/python3.8/site-packages/airflow/example_dags/tutorial_taskflow_api.py for tasks to queue
[2025-11-02T18:48:35.395+0000] {logging_mixin.py:188} INFO - [2025-11-02T18:48:35.394+0000] {dagbag.py:538} INFO - Filling up the DagBag from /home/airflow/.local/lib/python3.8/site-packages/airflow/example_dags/tutorial_taskflow_api.py
[2025-11-02T18:48:35.422+0000] {processor.py:840} INFO - DAG(s) 'tutorial_taskflow_api' retrieved from /home/airflow/.local/lib/python3.8/site-packages/airflow/example_dags/tutorial_taskflow_api.py
[2025-11-02T18:48:35.480+0000] {logging_mixin.py:188} INFO - [2025-11-02T18:48:35.479+0000] {dag.py:3036} INFO - Sync 1 DAGs
[2025-11-02T18:48:35.523+0000] {logging_mixin.py:188} INFO - [2025-11-02T18:48:35.523+0000] {dag.py:3823} INFO - Setting next_dagrun for tutorial_taskflow_api to None, run_after=None
[2025-11-02T18:48:35.891+0000] {processor.py:183} INFO - Processing /home/airflow/.local/lib/python3.8/site-packages/airflow/example_dags/tutorial_taskflow_api.py took 0.522 seconds
[2025-11-02T18:49:06.608+0000] {processor.py:161} INFO - Started process (PID=2693) to work on /home/airflow/.local/lib/python3.8/site-packages/airflow/example_dags/tutorial_taskflow_api.py
[2025-11-02T18:49:06.612+0000] {processor.py:830} INFO - Processing file /home/airflow/.local/lib/python3.8/site-packages/airflow/example_dags/tutorial_taskflow_api.py for tasks to queue
[2025-11-02T18:49:06.618+0000] {logging_mixin.py:188} INFO - [2025-11-02T18:49:06.617+0000] {dagbag.py:538} INFO - Filling up the DagBag from /home/airflow/.local/lib/python3.8/site-packages/airflow/example_dags/tutorial_taskflow_api.py
[2025-11-02T18:49:06.636+0000] {processor.py:840} INFO - DAG(s) 'tutorial_taskflow_api' retrieved from /home/airflow/.local/lib/python3.8/site-packages/airflow/example_dags/tutorial_taskflow_api.py
[2025-11-02T18:49:06.695+0000] {logging_mixin.py:188} INFO - [2025-11-02T18:49:06.695+0000] {dag.py:3036} INFO - Sync 1 DAGs
[2025-11-02T18:49:06.734+0000] {logging_mixin.py:188} INFO - [2025-11-02T18:49:06.734+0000] {dag.py:3823} INFO - Setting next_dagrun for tutorial_taskflow_api to None, run_after=None
[2025-11-02T18:49:06.799+0000] {processor.py:183} INFO - Processing /home/airflow/.local/lib/python3.8/site-packages/airflow/example_dags/tutorial_taskflow_api.py took 0.204 seconds
[2025-11-02T18:49:37.285+0000] {processor.py:161} INFO - Started process (PID=2748) to work on /home/airflow/.local/lib/python3.8/site-packages/airflow/example_dags/tutorial_taskflow_api.py
[2025-11-02T18:49:37.288+0000] {processor.py:830} INFO - Processing file /home/airflow/.local/lib/python3.8/site-packages/airflow/example_dags/tutorial_taskflow_api.py for tasks to queue
[2025-11-02T18:49:37.295+0000] {logging_mixin.py:188} INFO - [2025-11-02T18:49:37.293+0000] {dagbag.py:538} INFO - Filling up the DagBag from /home/airflow/.local/lib/python3.8/site-packages/airflow/example_dags/tutorial_taskflow_api.py
[2025-11-02T18:49:37.317+0000] {processor.py:840} INFO - DAG(s) 'tutorial_taskflow_api' retrieved from /home/airflow/.local/lib/python3.8/site-packages/airflow/example_dags/tutorial_taskflow_api.py
[2025-11-02T18:49:37.364+0000] {logging_mixin.py:188} INFO - [2025-11-02T18:49:37.364+0000] {dag.py:3036} INFO - Sync 1 DAGs
[2025-11-02T18:49:37.393+0000] {logging_mixin.py:188} INFO - [2025-11-02T18:49:37.393+0000] {dag.py:3823} INFO - Setting next_dagrun for tutorial_taskflow_api to None, run_after=None
[2025-11-02T18:49:37.443+0000] {processor.py:183} INFO - Processing /home/airflow/.local/lib/python3.8/site-packages/airflow/example_dags/tutorial_taskflow_api.py took 0.168 seconds
[2025-11-02T18:50:07.580+0000] {processor.py:161} INFO - Started process (PID=2802) to work on /home/airflow/.local/lib/python3.8/site-packages/airflow/example_dags/tutorial_taskflow_api.py
[2025-11-02T18:50:07.583+0000] {processor.py:830} INFO - Processing file /home/airflow/.local/lib/python3.8/site-packages/airflow/example_dags/tutorial_taskflow_api.py for tasks to queue
[2025-11-02T18:50:07.589+0000] {logging_mixin.py:188} INFO - [2025-11-02T18:50:07.588+0000] {dagbag.py:538} INFO - Filling up the DagBag from /home/airflow/.local/lib/python3.8/site-packages/airflow/example_dags/tutorial_taskflow_api.py
[2025-11-02T18:50:07.607+0000] {processor.py:840} INFO - DAG(s) 'tutorial_taskflow_api' retrieved from /home/airflow/.local/lib/python3.8/site-packages/airflow/example_dags/tutorial_taskflow_api.py
[2025-11-02T18:50:07.662+0000] {logging_mixin.py:188} INFO - [2025-11-02T18:50:07.662+0000] {dag.py:3036} INFO - Sync 1 DAGs
[2025-11-02T18:50:07.714+0000] {logging_mixin.py:188} INFO - [2025-11-02T18:50:07.713+0000] {dag.py:3823} INFO - Setting next_dagrun for tutorial_taskflow_api to None, run_after=None
[2025-11-02T18:50:07.779+0000] {processor.py:183} INFO - Processing /home/airflow/.local/lib/python3.8/site-packages/airflow/example_dags/tutorial_taskflow_api.py took 0.211 seconds
[2025-11-02T18:50:39.745+0000] {processor.py:161} INFO - Started process (PID=2857) to work on /home/airflow/.local/lib/python3.8/site-packages/airflow/example_dags/tutorial_taskflow_api.py
[2025-11-02T18:50:39.748+0000] {processor.py:830} INFO - Processing file /home/airflow/.local/lib/python3.8/site-packages/airflow/example_dags/tutorial_taskflow_api.py for tasks to queue
[2025-11-02T18:50:39.768+0000] {logging_mixin.py:188} INFO - [2025-11-02T18:50:39.764+0000] {dagbag.py:538} INFO - Filling up the DagBag from /home/airflow/.local/lib/python3.8/site-packages/airflow/example_dags/tutorial_taskflow_api.py
[2025-11-02T18:50:39.799+0000] {processor.py:840} INFO - DAG(s) 'tutorial_taskflow_api' retrieved from /home/airflow/.local/lib/python3.8/site-packages/airflow/example_dags/tutorial_taskflow_api.py
[2025-11-02T18:50:39.843+0000] {logging_mixin.py:188} INFO - [2025-11-02T18:50:39.842+0000] {dag.py:3036} INFO - Sync 1 DAGs
[2025-11-02T18:50:40.193+0000] {logging_mixin.py:188} INFO - [2025-11-02T18:50:40.192+0000] {dag.py:3823} INFO - Setting next_dagrun for tutorial_taskflow_api to None, run_after=None
[2025-11-02T18:50:40.237+0000] {processor.py:183} INFO - Processing /home/airflow/.local/lib/python3.8/site-packages/airflow/example_dags/tutorial_taskflow_api.py took 0.501 seconds
[2025-11-02T18:51:10.712+0000] {processor.py:161} INFO - Started process (PID=2912) to work on /home/airflow/.local/lib/python3.8/site-packages/airflow/example_dags/tutorial_taskflow_api.py
[2025-11-02T18:51:10.715+0000] {processor.py:830} INFO - Processing file /home/airflow/.local/lib/python3.8/site-packages/airflow/example_dags/tutorial_taskflow_api.py for tasks to queue
[2025-11-02T18:51:10.733+0000] {logging_mixin.py:188} INFO - [2025-11-02T18:51:10.732+0000] {dagbag.py:538} INFO - Filling up the DagBag from /home/airflow/.local/lib/python3.8/site-packages/airflow/example_dags/tutorial_taskflow_api.py
[2025-11-02T18:51:10.767+0000] {processor.py:840} INFO - DAG(s) 'tutorial_taskflow_api' retrieved from /home/airflow/.local/lib/python3.8/site-packages/airflow/example_dags/tutorial_taskflow_api.py
[2025-11-02T18:51:10.852+0000] {logging_mixin.py:188} INFO - [2025-11-02T18:51:10.851+0000] {dag.py:3036} INFO - Sync 1 DAGs
[2025-11-02T18:51:10.902+0000] {logging_mixin.py:188} INFO - [2025-11-02T18:51:10.902+0000] {dag.py:3823} INFO - Setting next_dagrun for tutorial_taskflow_api to None, run_after=None
[2025-11-02T18:51:10.959+0000] {processor.py:183} INFO - Processing /home/airflow/.local/lib/python3.8/site-packages/airflow/example_dags/tutorial_taskflow_api.py took 0.274 seconds
[2025-11-02T18:51:41.959+0000] {processor.py:161} INFO - Started process (PID=2967) to work on /home/airflow/.local/lib/python3.8/site-packages/airflow/example_dags/tutorial_taskflow_api.py
[2025-11-02T18:51:41.962+0000] {processor.py:830} INFO - Processing file /home/airflow/.local/lib/python3.8/site-packages/airflow/example_dags/tutorial_taskflow_api.py for tasks to queue
[2025-11-02T18:51:41.967+0000] {logging_mixin.py:188} INFO - [2025-11-02T18:51:41.966+0000] {dagbag.py:538} INFO - Filling up the DagBag from /home/airflow/.local/lib/python3.8/site-packages/airflow/example_dags/tutorial_taskflow_api.py
[2025-11-02T18:51:41.985+0000] {processor.py:840} INFO - DAG(s) 'tutorial_taskflow_api' retrieved from /home/airflow/.local/lib/python3.8/site-packages/airflow/example_dags/tutorial_taskflow_api.py
[2025-11-02T18:51:42.035+0000] {logging_mixin.py:188} INFO - [2025-11-02T18:51:42.034+0000] {dag.py:3036} INFO - Sync 1 DAGs
[2025-11-02T18:51:42.070+0000] {logging_mixin.py:188} INFO - [2025-11-02T18:51:42.070+0000] {dag.py:3823} INFO - Setting next_dagrun for tutorial_taskflow_api to None, run_after=None
[2025-11-02T18:51:42.136+0000] {processor.py:183} INFO - Processing /home/airflow/.local/lib/python3.8/site-packages/airflow/example_dags/tutorial_taskflow_api.py took 0.185 seconds
[2025-11-02T18:52:13.240+0000] {processor.py:161} INFO - Started process (PID=3022) to work on /home/airflow/.local/lib/python3.8/site-packages/airflow/example_dags/tutorial_taskflow_api.py
[2025-11-02T18:52:13.243+0000] {processor.py:830} INFO - Processing file /home/airflow/.local/lib/python3.8/site-packages/airflow/example_dags/tutorial_taskflow_api.py for tasks to queue
[2025-11-02T18:52:13.249+0000] {logging_mixin.py:188} INFO - [2025-11-02T18:52:13.248+0000] {dagbag.py:538} INFO - Filling up the DagBag from /home/airflow/.local/lib/python3.8/site-packages/airflow/example_dags/tutorial_taskflow_api.py
[2025-11-02T18:52:13.267+0000] {processor.py:840} INFO - DAG(s) 'tutorial_taskflow_api' retrieved from /home/airflow/.local/lib/python3.8/site-packages/airflow/example_dags/tutorial_taskflow_api.py
[2025-11-02T18:52:13.332+0000] {logging_mixin.py:188} INFO - [2025-11-02T18:52:13.331+0000] {dag.py:3036} INFO - Sync 1 DAGs
[2025-11-02T18:52:13.363+0000] {logging_mixin.py:188} INFO - [2025-11-02T18:52:13.363+0000] {dag.py:3823} INFO - Setting next_dagrun for tutorial_taskflow_api to None, run_after=None
[2025-11-02T18:52:13.409+0000] {processor.py:183} INFO - Processing /home/airflow/.local/lib/python3.8/site-packages/airflow/example_dags/tutorial_taskflow_api.py took 0.178 seconds
[2025-11-02T18:52:43.633+0000] {processor.py:161} INFO - Started process (PID=3076) to work on /home/airflow/.local/lib/python3.8/site-packages/airflow/example_dags/tutorial_taskflow_api.py
[2025-11-02T18:52:43.636+0000] {processor.py:830} INFO - Processing file /home/airflow/.local/lib/python3.8/site-packages/airflow/example_dags/tutorial_taskflow_api.py for tasks to queue
[2025-11-02T18:52:43.641+0000] {logging_mixin.py:188} INFO - [2025-11-02T18:52:43.640+0000] {dagbag.py:538} INFO - Filling up the DagBag from /home/airflow/.local/lib/python3.8/site-packages/airflow/example_dags/tutorial_taskflow_api.py
[2025-11-02T18:52:43.656+0000] {processor.py:840} INFO - DAG(s) 'tutorial_taskflow_api' retrieved from /home/airflow/.local/lib/python3.8/site-packages/airflow/example_dags/tutorial_taskflow_api.py
[2025-11-02T18:52:43.703+0000] {logging_mixin.py:188} INFO - [2025-11-02T18:52:43.703+0000] {dag.py:3036} INFO - Sync 1 DAGs
[2025-11-02T18:52:43.728+0000] {logging_mixin.py:188} INFO - [2025-11-02T18:52:43.728+0000] {dag.py:3823} INFO - Setting next_dagrun for tutorial_taskflow_api to None, run_after=None
[2025-11-02T18:52:43.774+0000] {processor.py:183} INFO - Processing /home/airflow/.local/lib/python3.8/site-packages/airflow/example_dags/tutorial_taskflow_api.py took 0.150 seconds
[2025-11-02T18:53:14.152+0000] {processor.py:161} INFO - Started process (PID=3131) to work on /home/airflow/.local/lib/python3.8/site-packages/airflow/example_dags/tutorial_taskflow_api.py
[2025-11-02T18:53:14.160+0000] {processor.py:830} INFO - Processing file /home/airflow/.local/lib/python3.8/site-packages/airflow/example_dags/tutorial_taskflow_api.py for tasks to queue
[2025-11-02T18:53:14.166+0000] {logging_mixin.py:188} INFO - [2025-11-02T18:53:14.165+0000] {dagbag.py:538} INFO - Filling up the DagBag from /home/airflow/.local/lib/python3.8/site-packages/airflow/example_dags/tutorial_taskflow_api.py
[2025-11-02T18:53:14.186+0000] {processor.py:840} INFO - DAG(s) 'tutorial_taskflow_api' retrieved from /home/airflow/.local/lib/python3.8/site-packages/airflow/example_dags/tutorial_taskflow_api.py
[2025-11-02T18:53:14.241+0000] {logging_mixin.py:188} INFO - [2025-11-02T18:53:14.240+0000] {dag.py:3036} INFO - Sync 1 DAGs
[2025-11-02T18:53:14.273+0000] {logging_mixin.py:188} INFO - [2025-11-02T18:53:14.273+0000] {dag.py:3823} INFO - Setting next_dagrun for tutorial_taskflow_api to None, run_after=None
[2025-11-02T18:53:14.319+0000] {processor.py:183} INFO - Processing /home/airflow/.local/lib/python3.8/site-packages/airflow/example_dags/tutorial_taskflow_api.py took 0.179 seconds
[2025-11-02T18:53:44.781+0000] {processor.py:161} INFO - Started process (PID=3184) to work on /home/airflow/.local/lib/python3.8/site-packages/airflow/example_dags/tutorial_taskflow_api.py
[2025-11-02T18:53:44.788+0000] {processor.py:830} INFO - Processing file /home/airflow/.local/lib/python3.8/site-packages/airflow/example_dags/tutorial_taskflow_api.py for tasks to queue
[2025-11-02T18:53:44.801+0000] {logging_mixin.py:188} INFO - [2025-11-02T18:53:44.800+0000] {dagbag.py:538} INFO - Filling up the DagBag from /home/airflow/.local/lib/python3.8/site-packages/airflow/example_dags/tutorial_taskflow_api.py
[2025-11-02T18:53:44.848+0000] {processor.py:840} INFO - DAG(s) 'tutorial_taskflow_api' retrieved from /home/airflow/.local/lib/python3.8/site-packages/airflow/example_dags/tutorial_taskflow_api.py
[2025-11-02T18:53:44.980+0000] {logging_mixin.py:188} INFO - [2025-11-02T18:53:44.978+0000] {dag.py:3036} INFO - Sync 1 DAGs
[2025-11-02T18:53:45.083+0000] {logging_mixin.py:188} INFO - [2025-11-02T18:53:45.083+0000] {dag.py:3823} INFO - Setting next_dagrun for tutorial_taskflow_api to None, run_after=None
[2025-11-02T18:53:45.241+0000] {processor.py:183} INFO - Processing /home/airflow/.local/lib/python3.8/site-packages/airflow/example_dags/tutorial_taskflow_api.py took 0.487 seconds
[2025-11-02T18:54:16.040+0000] {processor.py:161} INFO - Started process (PID=3239) to work on /home/airflow/.local/lib/python3.8/site-packages/airflow/example_dags/tutorial_taskflow_api.py
[2025-11-02T18:54:16.043+0000] {processor.py:830} INFO - Processing file /home/airflow/.local/lib/python3.8/site-packages/airflow/example_dags/tutorial_taskflow_api.py for tasks to queue
[2025-11-02T18:54:16.048+0000] {logging_mixin.py:188} INFO - [2025-11-02T18:54:16.047+0000] {dagbag.py:538} INFO - Filling up the DagBag from /home/airflow/.local/lib/python3.8/site-packages/airflow/example_dags/tutorial_taskflow_api.py
[2025-11-02T18:54:16.067+0000] {processor.py:840} INFO - DAG(s) 'tutorial_taskflow_api' retrieved from /home/airflow/.local/lib/python3.8/site-packages/airflow/example_dags/tutorial_taskflow_api.py
[2025-11-02T18:54:16.135+0000] {logging_mixin.py:188} INFO - [2025-11-02T18:54:16.135+0000] {dag.py:3036} INFO - Sync 1 DAGs
[2025-11-02T18:54:16.164+0000] {logging_mixin.py:188} INFO - [2025-11-02T18:54:16.163+0000] {dag.py:3823} INFO - Setting next_dagrun for tutorial_taskflow_api to None, run_after=None
[2025-11-02T18:54:16.209+0000] {processor.py:183} INFO - Processing /home/airflow/.local/lib/python3.8/site-packages/airflow/example_dags/tutorial_taskflow_api.py took 0.177 seconds
[2025-11-02T18:54:46.529+0000] {processor.py:161} INFO - Started process (PID=3294) to work on /home/airflow/.local/lib/python3.8/site-packages/airflow/example_dags/tutorial_taskflow_api.py
[2025-11-02T18:54:46.532+0000] {processor.py:830} INFO - Processing file /home/airflow/.local/lib/python3.8/site-packages/airflow/example_dags/tutorial_taskflow_api.py for tasks to queue
[2025-11-02T18:54:46.537+0000] {logging_mixin.py:188} INFO - [2025-11-02T18:54:46.536+0000] {dagbag.py:538} INFO - Filling up the DagBag from /home/airflow/.local/lib/python3.8/site-packages/airflow/example_dags/tutorial_taskflow_api.py
[2025-11-02T18:54:46.553+0000] {processor.py:840} INFO - DAG(s) 'tutorial_taskflow_api' retrieved from /home/airflow/.local/lib/python3.8/site-packages/airflow/example_dags/tutorial_taskflow_api.py
[2025-11-02T18:54:46.600+0000] {logging_mixin.py:188} INFO - [2025-11-02T18:54:46.600+0000] {dag.py:3036} INFO - Sync 1 DAGs
[2025-11-02T18:54:46.626+0000] {logging_mixin.py:188} INFO - [2025-11-02T18:54:46.625+0000] {dag.py:3823} INFO - Setting next_dagrun for tutorial_taskflow_api to None, run_after=None
[2025-11-02T18:54:46.669+0000] {processor.py:183} INFO - Processing /home/airflow/.local/lib/python3.8/site-packages/airflow/example_dags/tutorial_taskflow_api.py took 0.149 seconds
[2025-11-02T18:55:17.285+0000] {processor.py:161} INFO - Started process (PID=3349) to work on /home/airflow/.local/lib/python3.8/site-packages/airflow/example_dags/tutorial_taskflow_api.py
[2025-11-02T18:55:17.290+0000] {processor.py:830} INFO - Processing file /home/airflow/.local/lib/python3.8/site-packages/airflow/example_dags/tutorial_taskflow_api.py for tasks to queue
[2025-11-02T18:55:17.298+0000] {logging_mixin.py:188} INFO - [2025-11-02T18:55:17.296+0000] {dagbag.py:538} INFO - Filling up the DagBag from /home/airflow/.local/lib/python3.8/site-packages/airflow/example_dags/tutorial_taskflow_api.py
[2025-11-02T18:55:17.380+0000] {processor.py:840} INFO - DAG(s) 'tutorial_taskflow_api' retrieved from /home/airflow/.local/lib/python3.8/site-packages/airflow/example_dags/tutorial_taskflow_api.py
[2025-11-02T18:55:17.482+0000] {logging_mixin.py:188} INFO - [2025-11-02T18:55:17.481+0000] {dag.py:3036} INFO - Sync 1 DAGs
[2025-11-02T18:55:17.537+0000] {logging_mixin.py:188} INFO - [2025-11-02T18:55:17.536+0000] {dag.py:3823} INFO - Setting next_dagrun for tutorial_taskflow_api to None, run_after=None
[2025-11-02T18:55:17.653+0000] {processor.py:183} INFO - Processing /home/airflow/.local/lib/python3.8/site-packages/airflow/example_dags/tutorial_taskflow_api.py took 0.377 seconds
[2025-11-02T18:55:47.924+0000] {processor.py:161} INFO - Started process (PID=3405) to work on /home/airflow/.local/lib/python3.8/site-packages/airflow/example_dags/tutorial_taskflow_api.py
[2025-11-02T18:55:47.928+0000] {processor.py:830} INFO - Processing file /home/airflow/.local/lib/python3.8/site-packages/airflow/example_dags/tutorial_taskflow_api.py for tasks to queue
[2025-11-02T18:55:47.939+0000] {logging_mixin.py:188} INFO - [2025-11-02T18:55:47.938+0000] {dagbag.py:538} INFO - Filling up the DagBag from /home/airflow/.local/lib/python3.8/site-packages/airflow/example_dags/tutorial_taskflow_api.py
[2025-11-02T18:55:47.964+0000] {processor.py:840} INFO - DAG(s) 'tutorial_taskflow_api' retrieved from /home/airflow/.local/lib/python3.8/site-packages/airflow/example_dags/tutorial_taskflow_api.py
[2025-11-02T18:55:48.048+0000] {logging_mixin.py:188} INFO - [2025-11-02T18:55:48.047+0000] {dag.py:3036} INFO - Sync 1 DAGs
[2025-11-02T18:55:48.121+0000] {logging_mixin.py:188} INFO - [2025-11-02T18:55:48.120+0000] {dag.py:3823} INFO - Setting next_dagrun for tutorial_taskflow_api to None, run_after=None
[2025-11-02T18:55:48.275+0000] {processor.py:183} INFO - Processing /home/airflow/.local/lib/python3.8/site-packages/airflow/example_dags/tutorial_taskflow_api.py took 0.368 seconds
[2025-11-02T18:56:18.418+0000] {processor.py:161} INFO - Started process (PID=3460) to work on /home/airflow/.local/lib/python3.8/site-packages/airflow/example_dags/tutorial_taskflow_api.py
[2025-11-02T18:56:18.420+0000] {processor.py:830} INFO - Processing file /home/airflow/.local/lib/python3.8/site-packages/airflow/example_dags/tutorial_taskflow_api.py for tasks to queue
[2025-11-02T18:56:18.425+0000] {logging_mixin.py:188} INFO - [2025-11-02T18:56:18.425+0000] {dagbag.py:538} INFO - Filling up the DagBag from /home/airflow/.local/lib/python3.8/site-packages/airflow/example_dags/tutorial_taskflow_api.py
[2025-11-02T18:56:18.442+0000] {processor.py:840} INFO - DAG(s) 'tutorial_taskflow_api' retrieved from /home/airflow/.local/lib/python3.8/site-packages/airflow/example_dags/tutorial_taskflow_api.py
[2025-11-02T18:56:18.489+0000] {logging_mixin.py:188} INFO - [2025-11-02T18:56:18.489+0000] {dag.py:3036} INFO - Sync 1 DAGs
[2025-11-02T18:56:18.515+0000] {logging_mixin.py:188} INFO - [2025-11-02T18:56:18.515+0000] {dag.py:3823} INFO - Setting next_dagrun for tutorial_taskflow_api to None, run_after=None
[2025-11-02T18:56:18.559+0000] {processor.py:183} INFO - Processing /home/airflow/.local/lib/python3.8/site-packages/airflow/example_dags/tutorial_taskflow_api.py took 0.150 seconds
[2025-11-02T18:56:48.707+0000] {processor.py:161} INFO - Started process (PID=3515) to work on /home/airflow/.local/lib/python3.8/site-packages/airflow/example_dags/tutorial_taskflow_api.py
[2025-11-02T18:56:48.710+0000] {processor.py:830} INFO - Processing file /home/airflow/.local/lib/python3.8/site-packages/airflow/example_dags/tutorial_taskflow_api.py for tasks to queue
[2025-11-02T18:56:48.716+0000] {logging_mixin.py:188} INFO - [2025-11-02T18:56:48.715+0000] {dagbag.py:538} INFO - Filling up the DagBag from /home/airflow/.local/lib/python3.8/site-packages/airflow/example_dags/tutorial_taskflow_api.py
[2025-11-02T18:56:48.735+0000] {processor.py:840} INFO - DAG(s) 'tutorial_taskflow_api' retrieved from /home/airflow/.local/lib/python3.8/site-packages/airflow/example_dags/tutorial_taskflow_api.py
[2025-11-02T18:56:48.789+0000] {logging_mixin.py:188} INFO - [2025-11-02T18:56:48.788+0000] {dag.py:3036} INFO - Sync 1 DAGs
[2025-11-02T18:56:48.819+0000] {logging_mixin.py:188} INFO - [2025-11-02T18:56:48.819+0000] {dag.py:3823} INFO - Setting next_dagrun for tutorial_taskflow_api to None, run_after=None
[2025-11-02T18:56:48.865+0000] {processor.py:183} INFO - Processing /home/airflow/.local/lib/python3.8/site-packages/airflow/example_dags/tutorial_taskflow_api.py took 0.171 seconds
[2025-11-02T18:57:18.995+0000] {processor.py:161} INFO - Started process (PID=3570) to work on /home/airflow/.local/lib/python3.8/site-packages/airflow/example_dags/tutorial_taskflow_api.py
[2025-11-02T18:57:18.998+0000] {processor.py:830} INFO - Processing file /home/airflow/.local/lib/python3.8/site-packages/airflow/example_dags/tutorial_taskflow_api.py for tasks to queue
[2025-11-02T18:57:19.003+0000] {logging_mixin.py:188} INFO - [2025-11-02T18:57:19.002+0000] {dagbag.py:538} INFO - Filling up the DagBag from /home/airflow/.local/lib/python3.8/site-packages/airflow/example_dags/tutorial_taskflow_api.py
[2025-11-02T18:57:19.021+0000] {processor.py:840} INFO - DAG(s) 'tutorial_taskflow_api' retrieved from /home/airflow/.local/lib/python3.8/site-packages/airflow/example_dags/tutorial_taskflow_api.py
[2025-11-02T18:57:19.070+0000] {logging_mixin.py:188} INFO - [2025-11-02T18:57:19.070+0000] {dag.py:3036} INFO - Sync 1 DAGs
[2025-11-02T18:57:19.097+0000] {logging_mixin.py:188} INFO - [2025-11-02T18:57:19.096+0000] {dag.py:3823} INFO - Setting next_dagrun for tutorial_taskflow_api to None, run_after=None
[2025-11-02T18:57:19.139+0000] {processor.py:183} INFO - Processing /home/airflow/.local/lib/python3.8/site-packages/airflow/example_dags/tutorial_taskflow_api.py took 0.153 seconds
[2025-11-02T18:57:49.445+0000] {processor.py:161} INFO - Started process (PID=3625) to work on /home/airflow/.local/lib/python3.8/site-packages/airflow/example_dags/tutorial_taskflow_api.py
[2025-11-02T18:57:49.449+0000] {processor.py:830} INFO - Processing file /home/airflow/.local/lib/python3.8/site-packages/airflow/example_dags/tutorial_taskflow_api.py for tasks to queue
[2025-11-02T18:57:49.455+0000] {logging_mixin.py:188} INFO - [2025-11-02T18:57:49.454+0000] {dagbag.py:538} INFO - Filling up the DagBag from /home/airflow/.local/lib/python3.8/site-packages/airflow/example_dags/tutorial_taskflow_api.py
[2025-11-02T18:57:49.481+0000] {processor.py:840} INFO - DAG(s) 'tutorial_taskflow_api' retrieved from /home/airflow/.local/lib/python3.8/site-packages/airflow/example_dags/tutorial_taskflow_api.py
[2025-11-02T18:57:49.524+0000] {logging_mixin.py:188} INFO - [2025-11-02T18:57:49.524+0000] {dag.py:3036} INFO - Sync 1 DAGs
[2025-11-02T18:57:49.549+0000] {logging_mixin.py:188} INFO - [2025-11-02T18:57:49.549+0000] {dag.py:3823} INFO - Setting next_dagrun for tutorial_taskflow_api to None, run_after=None
[2025-11-02T18:57:49.595+0000] {processor.py:183} INFO - Processing /home/airflow/.local/lib/python3.8/site-packages/airflow/example_dags/tutorial_taskflow_api.py took 0.163 seconds
[2025-11-02T18:58:19.895+0000] {processor.py:161} INFO - Started process (PID=3680) to work on /home/airflow/.local/lib/python3.8/site-packages/airflow/example_dags/tutorial_taskflow_api.py
[2025-11-02T18:58:19.898+0000] {processor.py:830} INFO - Processing file /home/airflow/.local/lib/python3.8/site-packages/airflow/example_dags/tutorial_taskflow_api.py for tasks to queue
[2025-11-02T18:58:19.904+0000] {logging_mixin.py:188} INFO - [2025-11-02T18:58:19.903+0000] {dagbag.py:538} INFO - Filling up the DagBag from /home/airflow/.local/lib/python3.8/site-packages/airflow/example_dags/tutorial_taskflow_api.py
[2025-11-02T18:58:19.928+0000] {processor.py:840} INFO - DAG(s) 'tutorial_taskflow_api' retrieved from /home/airflow/.local/lib/python3.8/site-packages/airflow/example_dags/tutorial_taskflow_api.py
[2025-11-02T18:58:19.976+0000] {logging_mixin.py:188} INFO - [2025-11-02T18:58:19.975+0000] {dag.py:3036} INFO - Sync 1 DAGs
[2025-11-02T18:58:20.000+0000] {logging_mixin.py:188} INFO - [2025-11-02T18:58:19.999+0000] {dag.py:3823} INFO - Setting next_dagrun for tutorial_taskflow_api to None, run_after=None
[2025-11-02T18:58:20.039+0000] {processor.py:183} INFO - Processing /home/airflow/.local/lib/python3.8/site-packages/airflow/example_dags/tutorial_taskflow_api.py took 0.160 seconds
[2025-11-02T18:58:50.475+0000] {processor.py:161} INFO - Started process (PID=3735) to work on /home/airflow/.local/lib/python3.8/site-packages/airflow/example_dags/tutorial_taskflow_api.py
[2025-11-02T18:58:50.478+0000] {processor.py:830} INFO - Processing file /home/airflow/.local/lib/python3.8/site-packages/airflow/example_dags/tutorial_taskflow_api.py for tasks to queue
[2025-11-02T18:58:50.483+0000] {logging_mixin.py:188} INFO - [2025-11-02T18:58:50.482+0000] {dagbag.py:538} INFO - Filling up the DagBag from /home/airflow/.local/lib/python3.8/site-packages/airflow/example_dags/tutorial_taskflow_api.py
[2025-11-02T18:58:50.498+0000] {processor.py:840} INFO - DAG(s) 'tutorial_taskflow_api' retrieved from /home/airflow/.local/lib/python3.8/site-packages/airflow/example_dags/tutorial_taskflow_api.py
[2025-11-02T18:58:50.541+0000] {logging_mixin.py:188} INFO - [2025-11-02T18:58:50.541+0000] {dag.py:3036} INFO - Sync 1 DAGs
[2025-11-02T18:58:50.566+0000] {logging_mixin.py:188} INFO - [2025-11-02T18:58:50.566+0000] {dag.py:3823} INFO - Setting next_dagrun for tutorial_taskflow_api to None, run_after=None
[2025-11-02T18:58:50.609+0000] {processor.py:183} INFO - Processing /home/airflow/.local/lib/python3.8/site-packages/airflow/example_dags/tutorial_taskflow_api.py took 0.141 seconds
[2025-11-02T18:59:20.942+0000] {processor.py:161} INFO - Started process (PID=3789) to work on /home/airflow/.local/lib/python3.8/site-packages/airflow/example_dags/tutorial_taskflow_api.py
[2025-11-02T18:59:20.946+0000] {processor.py:830} INFO - Processing file /home/airflow/.local/lib/python3.8/site-packages/airflow/example_dags/tutorial_taskflow_api.py for tasks to queue
[2025-11-02T18:59:20.952+0000] {logging_mixin.py:188} INFO - [2025-11-02T18:59:20.951+0000] {dagbag.py:538} INFO - Filling up the DagBag from /home/airflow/.local/lib/python3.8/site-packages/airflow/example_dags/tutorial_taskflow_api.py
[2025-11-02T18:59:20.972+0000] {processor.py:840} INFO - DAG(s) 'tutorial_taskflow_api' retrieved from /home/airflow/.local/lib/python3.8/site-packages/airflow/example_dags/tutorial_taskflow_api.py
[2025-11-02T18:59:21.036+0000] {logging_mixin.py:188} INFO - [2025-11-02T18:59:21.035+0000] {dag.py:3036} INFO - Sync 1 DAGs
[2025-11-02T18:59:21.076+0000] {logging_mixin.py:188} INFO - [2025-11-02T18:59:21.076+0000] {dag.py:3823} INFO - Setting next_dagrun for tutorial_taskflow_api to None, run_after=None
[2025-11-02T18:59:21.122+0000] {processor.py:183} INFO - Processing /home/airflow/.local/lib/python3.8/site-packages/airflow/example_dags/tutorial_taskflow_api.py took 0.191 seconds
[2025-11-02T18:59:51.621+0000] {processor.py:161} INFO - Started process (PID=3844) to work on /home/airflow/.local/lib/python3.8/site-packages/airflow/example_dags/tutorial_taskflow_api.py
[2025-11-02T18:59:51.624+0000] {processor.py:830} INFO - Processing file /home/airflow/.local/lib/python3.8/site-packages/airflow/example_dags/tutorial_taskflow_api.py for tasks to queue
[2025-11-02T18:59:51.631+0000] {logging_mixin.py:188} INFO - [2025-11-02T18:59:51.630+0000] {dagbag.py:538} INFO - Filling up the DagBag from /home/airflow/.local/lib/python3.8/site-packages/airflow/example_dags/tutorial_taskflow_api.py
[2025-11-02T18:59:51.654+0000] {processor.py:840} INFO - DAG(s) 'tutorial_taskflow_api' retrieved from /home/airflow/.local/lib/python3.8/site-packages/airflow/example_dags/tutorial_taskflow_api.py
[2025-11-02T18:59:51.698+0000] {logging_mixin.py:188} INFO - [2025-11-02T18:59:51.698+0000] {dag.py:3036} INFO - Sync 1 DAGs
[2025-11-02T18:59:51.722+0000] {logging_mixin.py:188} INFO - [2025-11-02T18:59:51.722+0000] {dag.py:3823} INFO - Setting next_dagrun for tutorial_taskflow_api to None, run_after=None
[2025-11-02T18:59:51.763+0000] {processor.py:183} INFO - Processing /home/airflow/.local/lib/python3.8/site-packages/airflow/example_dags/tutorial_taskflow_api.py took 0.152 seconds
[2025-11-02T19:00:23.236+0000] {processor.py:161} INFO - Started process (PID=3899) to work on /home/airflow/.local/lib/python3.8/site-packages/airflow/example_dags/tutorial_taskflow_api.py
[2025-11-02T19:00:23.241+0000] {processor.py:830} INFO - Processing file /home/airflow/.local/lib/python3.8/site-packages/airflow/example_dags/tutorial_taskflow_api.py for tasks to queue
[2025-11-02T19:00:23.249+0000] {logging_mixin.py:188} INFO - [2025-11-02T19:00:23.247+0000] {dagbag.py:538} INFO - Filling up the DagBag from /home/airflow/.local/lib/python3.8/site-packages/airflow/example_dags/tutorial_taskflow_api.py
[2025-11-02T19:00:23.287+0000] {processor.py:840} INFO - DAG(s) 'tutorial_taskflow_api' retrieved from /home/airflow/.local/lib/python3.8/site-packages/airflow/example_dags/tutorial_taskflow_api.py
[2025-11-02T19:00:23.416+0000] {logging_mixin.py:188} INFO - [2025-11-02T19:00:23.415+0000] {dag.py:3036} INFO - Sync 1 DAGs
[2025-11-02T19:00:23.470+0000] {logging_mixin.py:188} INFO - [2025-11-02T19:00:23.468+0000] {dag.py:3823} INFO - Setting next_dagrun for tutorial_taskflow_api to None, run_after=None
[2025-11-02T19:00:23.538+0000] {processor.py:183} INFO - Processing /home/airflow/.local/lib/python3.8/site-packages/airflow/example_dags/tutorial_taskflow_api.py took 0.315 seconds
[2025-11-02T19:00:54.288+0000] {processor.py:161} INFO - Started process (PID=3954) to work on /home/airflow/.local/lib/python3.8/site-packages/airflow/example_dags/tutorial_taskflow_api.py
[2025-11-02T19:00:54.291+0000] {processor.py:830} INFO - Processing file /home/airflow/.local/lib/python3.8/site-packages/airflow/example_dags/tutorial_taskflow_api.py for tasks to queue
[2025-11-02T19:00:54.296+0000] {logging_mixin.py:188} INFO - [2025-11-02T19:00:54.295+0000] {dagbag.py:538} INFO - Filling up the DagBag from /home/airflow/.local/lib/python3.8/site-packages/airflow/example_dags/tutorial_taskflow_api.py
[2025-11-02T19:00:54.315+0000] {processor.py:840} INFO - DAG(s) 'tutorial_taskflow_api' retrieved from /home/airflow/.local/lib/python3.8/site-packages/airflow/example_dags/tutorial_taskflow_api.py
[2025-11-02T19:00:54.376+0000] {logging_mixin.py:188} INFO - [2025-11-02T19:00:54.374+0000] {dag.py:3036} INFO - Sync 1 DAGs
[2025-11-02T19:00:54.408+0000] {logging_mixin.py:188} INFO - [2025-11-02T19:00:54.407+0000] {dag.py:3823} INFO - Setting next_dagrun for tutorial_taskflow_api to None, run_after=None
[2025-11-02T19:00:54.453+0000] {processor.py:183} INFO - Processing /home/airflow/.local/lib/python3.8/site-packages/airflow/example_dags/tutorial_taskflow_api.py took 0.173 seconds
[2025-11-02T19:01:24.573+0000] {processor.py:161} INFO - Started process (PID=4009) to work on /home/airflow/.local/lib/python3.8/site-packages/airflow/example_dags/tutorial_taskflow_api.py
[2025-11-02T19:01:24.576+0000] {processor.py:830} INFO - Processing file /home/airflow/.local/lib/python3.8/site-packages/airflow/example_dags/tutorial_taskflow_api.py for tasks to queue
[2025-11-02T19:01:24.582+0000] {logging_mixin.py:188} INFO - [2025-11-02T19:01:24.581+0000] {dagbag.py:538} INFO - Filling up the DagBag from /home/airflow/.local/lib/python3.8/site-packages/airflow/example_dags/tutorial_taskflow_api.py
[2025-11-02T19:01:24.605+0000] {processor.py:840} INFO - DAG(s) 'tutorial_taskflow_api' retrieved from /home/airflow/.local/lib/python3.8/site-packages/airflow/example_dags/tutorial_taskflow_api.py
[2025-11-02T19:01:24.675+0000] {logging_mixin.py:188} INFO - [2025-11-02T19:01:24.674+0000] {dag.py:3036} INFO - Sync 1 DAGs
[2025-11-02T19:01:24.708+0000] {logging_mixin.py:188} INFO - [2025-11-02T19:01:24.708+0000] {dag.py:3823} INFO - Setting next_dagrun for tutorial_taskflow_api to None, run_after=None
[2025-11-02T19:01:24.756+0000] {processor.py:183} INFO - Processing /home/airflow/.local/lib/python3.8/site-packages/airflow/example_dags/tutorial_taskflow_api.py took 0.193 seconds
[2025-11-02T19:01:55.807+0000] {processor.py:161} INFO - Started process (PID=4064) to work on /home/airflow/.local/lib/python3.8/site-packages/airflow/example_dags/tutorial_taskflow_api.py
[2025-11-02T19:01:55.810+0000] {processor.py:830} INFO - Processing file /home/airflow/.local/lib/python3.8/site-packages/airflow/example_dags/tutorial_taskflow_api.py for tasks to queue
[2025-11-02T19:01:55.820+0000] {logging_mixin.py:188} INFO - [2025-11-02T19:01:55.819+0000] {dagbag.py:538} INFO - Filling up the DagBag from /home/airflow/.local/lib/python3.8/site-packages/airflow/example_dags/tutorial_taskflow_api.py
[2025-11-02T19:01:55.838+0000] {processor.py:840} INFO - DAG(s) 'tutorial_taskflow_api' retrieved from /home/airflow/.local/lib/python3.8/site-packages/airflow/example_dags/tutorial_taskflow_api.py
[2025-11-02T19:01:55.887+0000] {logging_mixin.py:188} INFO - [2025-11-02T19:01:55.887+0000] {dag.py:3036} INFO - Sync 1 DAGs
[2025-11-02T19:01:55.916+0000] {logging_mixin.py:188} INFO - [2025-11-02T19:01:55.915+0000] {dag.py:3823} INFO - Setting next_dagrun for tutorial_taskflow_api to None, run_after=None
[2025-11-02T19:01:55.961+0000] {processor.py:183} INFO - Processing /home/airflow/.local/lib/python3.8/site-packages/airflow/example_dags/tutorial_taskflow_api.py took 0.165 seconds
[2025-11-02T19:02:26.655+0000] {processor.py:161} INFO - Started process (PID=4119) to work on /home/airflow/.local/lib/python3.8/site-packages/airflow/example_dags/tutorial_taskflow_api.py
[2025-11-02T19:02:26.659+0000] {processor.py:830} INFO - Processing file /home/airflow/.local/lib/python3.8/site-packages/airflow/example_dags/tutorial_taskflow_api.py for tasks to queue
[2025-11-02T19:02:26.666+0000] {logging_mixin.py:188} INFO - [2025-11-02T19:02:26.665+0000] {dagbag.py:538} INFO - Filling up the DagBag from /home/airflow/.local/lib/python3.8/site-packages/airflow/example_dags/tutorial_taskflow_api.py
[2025-11-02T19:02:26.700+0000] {processor.py:840} INFO - DAG(s) 'tutorial_taskflow_api' retrieved from /home/airflow/.local/lib/python3.8/site-packages/airflow/example_dags/tutorial_taskflow_api.py
[2025-11-02T19:02:26.747+0000] {logging_mixin.py:188} INFO - [2025-11-02T19:02:26.746+0000] {dag.py:3036} INFO - Sync 1 DAGs
[2025-11-02T19:02:26.772+0000] {logging_mixin.py:188} INFO - [2025-11-02T19:02:26.771+0000] {dag.py:3823} INFO - Setting next_dagrun for tutorial_taskflow_api to None, run_after=None
[2025-11-02T19:02:26.826+0000] {processor.py:183} INFO - Processing /home/airflow/.local/lib/python3.8/site-packages/airflow/example_dags/tutorial_taskflow_api.py took 0.180 seconds
[2025-11-02T19:02:58.165+0000] {processor.py:161} INFO - Started process (PID=4174) to work on /home/airflow/.local/lib/python3.8/site-packages/airflow/example_dags/tutorial_taskflow_api.py
[2025-11-02T19:02:58.182+0000] {processor.py:830} INFO - Processing file /home/airflow/.local/lib/python3.8/site-packages/airflow/example_dags/tutorial_taskflow_api.py for tasks to queue
[2025-11-02T19:02:58.211+0000] {logging_mixin.py:188} INFO - [2025-11-02T19:02:58.210+0000] {dagbag.py:538} INFO - Filling up the DagBag from /home/airflow/.local/lib/python3.8/site-packages/airflow/example_dags/tutorial_taskflow_api.py
[2025-11-02T19:02:58.253+0000] {processor.py:840} INFO - DAG(s) 'tutorial_taskflow_api' retrieved from /home/airflow/.local/lib/python3.8/site-packages/airflow/example_dags/tutorial_taskflow_api.py
[2025-11-02T19:02:58.372+0000] {logging_mixin.py:188} INFO - [2025-11-02T19:02:58.372+0000] {dag.py:3036} INFO - Sync 1 DAGs
[2025-11-02T19:02:58.424+0000] {logging_mixin.py:188} INFO - [2025-11-02T19:02:58.423+0000] {dag.py:3823} INFO - Setting next_dagrun for tutorial_taskflow_api to None, run_after=None
[2025-11-02T19:02:58.498+0000] {processor.py:183} INFO - Processing /home/airflow/.local/lib/python3.8/site-packages/airflow/example_dags/tutorial_taskflow_api.py took 0.356 seconds
[2025-11-02T19:03:29.343+0000] {processor.py:161} INFO - Started process (PID=4229) to work on /home/airflow/.local/lib/python3.8/site-packages/airflow/example_dags/tutorial_taskflow_api.py
[2025-11-02T19:03:29.346+0000] {processor.py:830} INFO - Processing file /home/airflow/.local/lib/python3.8/site-packages/airflow/example_dags/tutorial_taskflow_api.py for tasks to queue
[2025-11-02T19:03:29.353+0000] {logging_mixin.py:188} INFO - [2025-11-02T19:03:29.352+0000] {dagbag.py:538} INFO - Filling up the DagBag from /home/airflow/.local/lib/python3.8/site-packages/airflow/example_dags/tutorial_taskflow_api.py
[2025-11-02T19:03:29.378+0000] {processor.py:840} INFO - DAG(s) 'tutorial_taskflow_api' retrieved from /home/airflow/.local/lib/python3.8/site-packages/airflow/example_dags/tutorial_taskflow_api.py
[2025-11-02T19:03:29.449+0000] {logging_mixin.py:188} INFO - [2025-11-02T19:03:29.448+0000] {dag.py:3036} INFO - Sync 1 DAGs
[2025-11-02T19:03:29.496+0000] {logging_mixin.py:188} INFO - [2025-11-02T19:03:29.495+0000] {dag.py:3823} INFO - Setting next_dagrun for tutorial_taskflow_api to None, run_after=None
[2025-11-02T19:03:29.571+0000] {processor.py:183} INFO - Processing /home/airflow/.local/lib/python3.8/site-packages/airflow/example_dags/tutorial_taskflow_api.py took 0.240 seconds
[2025-11-02T19:03:59.949+0000] {processor.py:161} INFO - Started process (PID=4284) to work on /home/airflow/.local/lib/python3.8/site-packages/airflow/example_dags/tutorial_taskflow_api.py
[2025-11-02T19:03:59.954+0000] {processor.py:830} INFO - Processing file /home/airflow/.local/lib/python3.8/site-packages/airflow/example_dags/tutorial_taskflow_api.py for tasks to queue
[2025-11-02T19:03:59.962+0000] {logging_mixin.py:188} INFO - [2025-11-02T19:03:59.961+0000] {dagbag.py:538} INFO - Filling up the DagBag from /home/airflow/.local/lib/python3.8/site-packages/airflow/example_dags/tutorial_taskflow_api.py
[2025-11-02T19:03:59.986+0000] {processor.py:840} INFO - DAG(s) 'tutorial_taskflow_api' retrieved from /home/airflow/.local/lib/python3.8/site-packages/airflow/example_dags/tutorial_taskflow_api.py
[2025-11-02T19:04:00.042+0000] {logging_mixin.py:188} INFO - [2025-11-02T19:04:00.041+0000] {dag.py:3036} INFO - Sync 1 DAGs
[2025-11-02T19:04:00.079+0000] {logging_mixin.py:188} INFO - [2025-11-02T19:04:00.079+0000] {dag.py:3823} INFO - Setting next_dagrun for tutorial_taskflow_api to None, run_after=None
[2025-11-02T19:04:00.153+0000] {processor.py:183} INFO - Processing /home/airflow/.local/lib/python3.8/site-packages/airflow/example_dags/tutorial_taskflow_api.py took 0.217 seconds
[2025-11-02T19:04:30.818+0000] {processor.py:161} INFO - Started process (PID=4339) to work on /home/airflow/.local/lib/python3.8/site-packages/airflow/example_dags/tutorial_taskflow_api.py
[2025-11-02T19:04:30.821+0000] {processor.py:830} INFO - Processing file /home/airflow/.local/lib/python3.8/site-packages/airflow/example_dags/tutorial_taskflow_api.py for tasks to queue
[2025-11-02T19:04:30.827+0000] {logging_mixin.py:188} INFO - [2025-11-02T19:04:30.826+0000] {dagbag.py:538} INFO - Filling up the DagBag from /home/airflow/.local/lib/python3.8/site-packages/airflow/example_dags/tutorial_taskflow_api.py
[2025-11-02T19:04:30.849+0000] {processor.py:840} INFO - DAG(s) 'tutorial_taskflow_api' retrieved from /home/airflow/.local/lib/python3.8/site-packages/airflow/example_dags/tutorial_taskflow_api.py
[2025-11-02T19:04:30.911+0000] {logging_mixin.py:188} INFO - [2025-11-02T19:04:30.911+0000] {dag.py:3036} INFO - Sync 1 DAGs
[2025-11-02T19:04:30.940+0000] {logging_mixin.py:188} INFO - [2025-11-02T19:04:30.939+0000] {dag.py:3823} INFO - Setting next_dagrun for tutorial_taskflow_api to None, run_after=None
[2025-11-02T19:04:30.991+0000] {processor.py:183} INFO - Processing /home/airflow/.local/lib/python3.8/site-packages/airflow/example_dags/tutorial_taskflow_api.py took 0.181 seconds
[2025-11-02T19:05:01.525+0000] {processor.py:161} INFO - Started process (PID=4394) to work on /home/airflow/.local/lib/python3.8/site-packages/airflow/example_dags/tutorial_taskflow_api.py
[2025-11-02T19:05:01.528+0000] {processor.py:830} INFO - Processing file /home/airflow/.local/lib/python3.8/site-packages/airflow/example_dags/tutorial_taskflow_api.py for tasks to queue
[2025-11-02T19:05:01.533+0000] {logging_mixin.py:188} INFO - [2025-11-02T19:05:01.532+0000] {dagbag.py:538} INFO - Filling up the DagBag from /home/airflow/.local/lib/python3.8/site-packages/airflow/example_dags/tutorial_taskflow_api.py
[2025-11-02T19:05:01.554+0000] {processor.py:840} INFO - DAG(s) 'tutorial_taskflow_api' retrieved from /home/airflow/.local/lib/python3.8/site-packages/airflow/example_dags/tutorial_taskflow_api.py
[2025-11-02T19:05:01.608+0000] {logging_mixin.py:188} INFO - [2025-11-02T19:05:01.608+0000] {dag.py:3036} INFO - Sync 1 DAGs
[2025-11-02T19:05:01.636+0000] {logging_mixin.py:188} INFO - [2025-11-02T19:05:01.635+0000] {dag.py:3823} INFO - Setting next_dagrun for tutorial_taskflow_api to None, run_after=None
[2025-11-02T19:05:01.682+0000] {processor.py:183} INFO - Processing /home/airflow/.local/lib/python3.8/site-packages/airflow/example_dags/tutorial_taskflow_api.py took 0.165 seconds
[2025-11-02T19:05:32.808+0000] {processor.py:161} INFO - Started process (PID=4449) to work on /home/airflow/.local/lib/python3.8/site-packages/airflow/example_dags/tutorial_taskflow_api.py
[2025-11-02T19:05:32.812+0000] {processor.py:830} INFO - Processing file /home/airflow/.local/lib/python3.8/site-packages/airflow/example_dags/tutorial_taskflow_api.py for tasks to queue
[2025-11-02T19:05:32.819+0000] {logging_mixin.py:188} INFO - [2025-11-02T19:05:32.818+0000] {dagbag.py:538} INFO - Filling up the DagBag from /home/airflow/.local/lib/python3.8/site-packages/airflow/example_dags/tutorial_taskflow_api.py
[2025-11-02T19:05:32.842+0000] {processor.py:840} INFO - DAG(s) 'tutorial_taskflow_api' retrieved from /home/airflow/.local/lib/python3.8/site-packages/airflow/example_dags/tutorial_taskflow_api.py
[2025-11-02T19:05:32.925+0000] {logging_mixin.py:188} INFO - [2025-11-02T19:05:32.924+0000] {dag.py:3036} INFO - Sync 1 DAGs
[2025-11-02T19:05:32.991+0000] {logging_mixin.py:188} INFO - [2025-11-02T19:05:32.991+0000] {dag.py:3823} INFO - Setting next_dagrun for tutorial_taskflow_api to None, run_after=None
[2025-11-02T19:05:33.046+0000] {processor.py:183} INFO - Processing /home/airflow/.local/lib/python3.8/site-packages/airflow/example_dags/tutorial_taskflow_api.py took 0.251 seconds
[2025-11-02T19:06:03.342+0000] {processor.py:161} INFO - Started process (PID=4504) to work on /home/airflow/.local/lib/python3.8/site-packages/airflow/example_dags/tutorial_taskflow_api.py
[2025-11-02T19:06:03.346+0000] {processor.py:830} INFO - Processing file /home/airflow/.local/lib/python3.8/site-packages/airflow/example_dags/tutorial_taskflow_api.py for tasks to queue
[2025-11-02T19:06:03.352+0000] {logging_mixin.py:188} INFO - [2025-11-02T19:06:03.351+0000] {dagbag.py:538} INFO - Filling up the DagBag from /home/airflow/.local/lib/python3.8/site-packages/airflow/example_dags/tutorial_taskflow_api.py
[2025-11-02T19:06:03.374+0000] {processor.py:840} INFO - DAG(s) 'tutorial_taskflow_api' retrieved from /home/airflow/.local/lib/python3.8/site-packages/airflow/example_dags/tutorial_taskflow_api.py
[2025-11-02T19:06:03.435+0000] {logging_mixin.py:188} INFO - [2025-11-02T19:06:03.434+0000] {dag.py:3036} INFO - Sync 1 DAGs
[2025-11-02T19:06:03.472+0000] {logging_mixin.py:188} INFO - [2025-11-02T19:06:03.472+0000] {dag.py:3823} INFO - Setting next_dagrun for tutorial_taskflow_api to None, run_after=None
[2025-11-02T19:06:03.536+0000] {processor.py:183} INFO - Processing /home/airflow/.local/lib/python3.8/site-packages/airflow/example_dags/tutorial_taskflow_api.py took 0.207 seconds
[2025-11-02T19:06:34.284+0000] {processor.py:161} INFO - Started process (PID=4559) to work on /home/airflow/.local/lib/python3.8/site-packages/airflow/example_dags/tutorial_taskflow_api.py
[2025-11-02T19:06:34.286+0000] {processor.py:830} INFO - Processing file /home/airflow/.local/lib/python3.8/site-packages/airflow/example_dags/tutorial_taskflow_api.py for tasks to queue
[2025-11-02T19:06:34.291+0000] {logging_mixin.py:188} INFO - [2025-11-02T19:06:34.291+0000] {dagbag.py:538} INFO - Filling up the DagBag from /home/airflow/.local/lib/python3.8/site-packages/airflow/example_dags/tutorial_taskflow_api.py
[2025-11-02T19:06:34.310+0000] {processor.py:840} INFO - DAG(s) 'tutorial_taskflow_api' retrieved from /home/airflow/.local/lib/python3.8/site-packages/airflow/example_dags/tutorial_taskflow_api.py
[2025-11-02T19:06:34.374+0000] {logging_mixin.py:188} INFO - [2025-11-02T19:06:34.374+0000] {dag.py:3036} INFO - Sync 1 DAGs
[2025-11-02T19:06:34.404+0000] {logging_mixin.py:188} INFO - [2025-11-02T19:06:34.403+0000] {dag.py:3823} INFO - Setting next_dagrun for tutorial_taskflow_api to None, run_after=None
[2025-11-02T19:06:34.451+0000] {processor.py:183} INFO - Processing /home/airflow/.local/lib/python3.8/site-packages/airflow/example_dags/tutorial_taskflow_api.py took 0.175 seconds
[2025-11-02T19:07:04.620+0000] {processor.py:161} INFO - Started process (PID=4614) to work on /home/airflow/.local/lib/python3.8/site-packages/airflow/example_dags/tutorial_taskflow_api.py
[2025-11-02T19:07:04.623+0000] {processor.py:830} INFO - Processing file /home/airflow/.local/lib/python3.8/site-packages/airflow/example_dags/tutorial_taskflow_api.py for tasks to queue
[2025-11-02T19:07:04.630+0000] {logging_mixin.py:188} INFO - [2025-11-02T19:07:04.629+0000] {dagbag.py:538} INFO - Filling up the DagBag from /home/airflow/.local/lib/python3.8/site-packages/airflow/example_dags/tutorial_taskflow_api.py
[2025-11-02T19:07:04.651+0000] {processor.py:840} INFO - DAG(s) 'tutorial_taskflow_api' retrieved from /home/airflow/.local/lib/python3.8/site-packages/airflow/example_dags/tutorial_taskflow_api.py
[2025-11-02T19:07:04.700+0000] {logging_mixin.py:188} INFO - [2025-11-02T19:07:04.700+0000] {dag.py:3036} INFO - Sync 1 DAGs
[2025-11-02T19:07:04.732+0000] {logging_mixin.py:188} INFO - [2025-11-02T19:07:04.732+0000] {dag.py:3823} INFO - Setting next_dagrun for tutorial_taskflow_api to None, run_after=None
[2025-11-02T19:07:04.791+0000] {processor.py:183} INFO - Processing /home/airflow/.local/lib/python3.8/site-packages/airflow/example_dags/tutorial_taskflow_api.py took 0.181 seconds
[2025-11-02T19:07:36.245+0000] {processor.py:161} INFO - Started process (PID=4669) to work on /home/airflow/.local/lib/python3.8/site-packages/airflow/example_dags/tutorial_taskflow_api.py
[2025-11-02T19:07:36.248+0000] {processor.py:830} INFO - Processing file /home/airflow/.local/lib/python3.8/site-packages/airflow/example_dags/tutorial_taskflow_api.py for tasks to queue
[2025-11-02T19:07:36.255+0000] {logging_mixin.py:188} INFO - [2025-11-02T19:07:36.254+0000] {dagbag.py:538} INFO - Filling up the DagBag from /home/airflow/.local/lib/python3.8/site-packages/airflow/example_dags/tutorial_taskflow_api.py
[2025-11-02T19:07:36.278+0000] {processor.py:840} INFO - DAG(s) 'tutorial_taskflow_api' retrieved from /home/airflow/.local/lib/python3.8/site-packages/airflow/example_dags/tutorial_taskflow_api.py
[2025-11-02T19:07:36.362+0000] {logging_mixin.py:188} INFO - [2025-11-02T19:07:36.362+0000] {dag.py:3036} INFO - Sync 1 DAGs
[2025-11-02T19:07:36.438+0000] {logging_mixin.py:188} INFO - [2025-11-02T19:07:36.437+0000] {dag.py:3823} INFO - Setting next_dagrun for tutorial_taskflow_api to None, run_after=None
[2025-11-02T19:07:36.532+0000] {processor.py:183} INFO - Processing /home/airflow/.local/lib/python3.8/site-packages/airflow/example_dags/tutorial_taskflow_api.py took 0.299 seconds
[2025-11-02T19:08:06.872+0000] {processor.py:161} INFO - Started process (PID=4724) to work on /home/airflow/.local/lib/python3.8/site-packages/airflow/example_dags/tutorial_taskflow_api.py
[2025-11-02T19:08:06.875+0000] {processor.py:830} INFO - Processing file /home/airflow/.local/lib/python3.8/site-packages/airflow/example_dags/tutorial_taskflow_api.py for tasks to queue
[2025-11-02T19:08:06.879+0000] {logging_mixin.py:188} INFO - [2025-11-02T19:08:06.879+0000] {dagbag.py:538} INFO - Filling up the DagBag from /home/airflow/.local/lib/python3.8/site-packages/airflow/example_dags/tutorial_taskflow_api.py
[2025-11-02T19:08:06.896+0000] {processor.py:840} INFO - DAG(s) 'tutorial_taskflow_api' retrieved from /home/airflow/.local/lib/python3.8/site-packages/airflow/example_dags/tutorial_taskflow_api.py
[2025-11-02T19:08:06.940+0000] {logging_mixin.py:188} INFO - [2025-11-02T19:08:06.940+0000] {dag.py:3036} INFO - Sync 1 DAGs
[2025-11-02T19:08:06.966+0000] {logging_mixin.py:188} INFO - [2025-11-02T19:08:06.965+0000] {dag.py:3823} INFO - Setting next_dagrun for tutorial_taskflow_api to None, run_after=None
[2025-11-02T19:08:07.006+0000] {processor.py:183} INFO - Processing /home/airflow/.local/lib/python3.8/site-packages/airflow/example_dags/tutorial_taskflow_api.py took 0.142 seconds
[2025-11-02T19:08:38.272+0000] {processor.py:161} INFO - Started process (PID=4779) to work on /home/airflow/.local/lib/python3.8/site-packages/airflow/example_dags/tutorial_taskflow_api.py
[2025-11-02T19:08:38.281+0000] {processor.py:830} INFO - Processing file /home/airflow/.local/lib/python3.8/site-packages/airflow/example_dags/tutorial_taskflow_api.py for tasks to queue
[2025-11-02T19:08:38.292+0000] {logging_mixin.py:188} INFO - [2025-11-02T19:08:38.291+0000] {dagbag.py:538} INFO - Filling up the DagBag from /home/airflow/.local/lib/python3.8/site-packages/airflow/example_dags/tutorial_taskflow_api.py
[2025-11-02T19:08:38.367+0000] {processor.py:840} INFO - DAG(s) 'tutorial_taskflow_api' retrieved from /home/airflow/.local/lib/python3.8/site-packages/airflow/example_dags/tutorial_taskflow_api.py
[2025-11-02T19:08:38.583+0000] {logging_mixin.py:188} INFO - [2025-11-02T19:08:38.582+0000] {dag.py:3036} INFO - Sync 1 DAGs
[2025-11-02T19:08:38.629+0000] {logging_mixin.py:188} INFO - [2025-11-02T19:08:38.629+0000] {dag.py:3823} INFO - Setting next_dagrun for tutorial_taskflow_api to None, run_after=None
[2025-11-02T19:08:38.686+0000] {processor.py:183} INFO - Processing /home/airflow/.local/lib/python3.8/site-packages/airflow/example_dags/tutorial_taskflow_api.py took 0.444 seconds
[2025-11-02T19:09:09.552+0000] {processor.py:161} INFO - Started process (PID=4834) to work on /home/airflow/.local/lib/python3.8/site-packages/airflow/example_dags/tutorial_taskflow_api.py
[2025-11-02T19:09:09.555+0000] {processor.py:830} INFO - Processing file /home/airflow/.local/lib/python3.8/site-packages/airflow/example_dags/tutorial_taskflow_api.py for tasks to queue
[2025-11-02T19:09:09.560+0000] {logging_mixin.py:188} INFO - [2025-11-02T19:09:09.559+0000] {dagbag.py:538} INFO - Filling up the DagBag from /home/airflow/.local/lib/python3.8/site-packages/airflow/example_dags/tutorial_taskflow_api.py
[2025-11-02T19:09:09.578+0000] {processor.py:840} INFO - DAG(s) 'tutorial_taskflow_api' retrieved from /home/airflow/.local/lib/python3.8/site-packages/airflow/example_dags/tutorial_taskflow_api.py
[2025-11-02T19:09:09.629+0000] {logging_mixin.py:188} INFO - [2025-11-02T19:09:09.628+0000] {dag.py:3036} INFO - Sync 1 DAGs
[2025-11-02T19:09:09.665+0000] {logging_mixin.py:188} INFO - [2025-11-02T19:09:09.664+0000] {dag.py:3823} INFO - Setting next_dagrun for tutorial_taskflow_api to None, run_after=None
[2025-11-02T19:09:09.731+0000] {processor.py:183} INFO - Processing /home/airflow/.local/lib/python3.8/site-packages/airflow/example_dags/tutorial_taskflow_api.py took 0.192 seconds
[2025-11-02T19:09:40.140+0000] {processor.py:161} INFO - Started process (PID=4889) to work on /home/airflow/.local/lib/python3.8/site-packages/airflow/example_dags/tutorial_taskflow_api.py
[2025-11-02T19:09:40.143+0000] {processor.py:830} INFO - Processing file /home/airflow/.local/lib/python3.8/site-packages/airflow/example_dags/tutorial_taskflow_api.py for tasks to queue
[2025-11-02T19:09:40.148+0000] {logging_mixin.py:188} INFO - [2025-11-02T19:09:40.148+0000] {dagbag.py:538} INFO - Filling up the DagBag from /home/airflow/.local/lib/python3.8/site-packages/airflow/example_dags/tutorial_taskflow_api.py
[2025-11-02T19:09:40.168+0000] {processor.py:840} INFO - DAG(s) 'tutorial_taskflow_api' retrieved from /home/airflow/.local/lib/python3.8/site-packages/airflow/example_dags/tutorial_taskflow_api.py
[2025-11-02T19:09:40.216+0000] {logging_mixin.py:188} INFO - [2025-11-02T19:09:40.216+0000] {dag.py:3036} INFO - Sync 1 DAGs
[2025-11-02T19:09:40.246+0000] {logging_mixin.py:188} INFO - [2025-11-02T19:09:40.245+0000] {dag.py:3823} INFO - Setting next_dagrun for tutorial_taskflow_api to None, run_after=None
[2025-11-02T19:09:40.291+0000] {processor.py:183} INFO - Processing /home/airflow/.local/lib/python3.8/site-packages/airflow/example_dags/tutorial_taskflow_api.py took 0.161 seconds
[2025-11-02T19:10:10.652+0000] {processor.py:161} INFO - Started process (PID=4944) to work on /home/airflow/.local/lib/python3.8/site-packages/airflow/example_dags/tutorial_taskflow_api.py
[2025-11-02T19:10:10.655+0000] {processor.py:830} INFO - Processing file /home/airflow/.local/lib/python3.8/site-packages/airflow/example_dags/tutorial_taskflow_api.py for tasks to queue
[2025-11-02T19:10:10.662+0000] {logging_mixin.py:188} INFO - [2025-11-02T19:10:10.661+0000] {dagbag.py:538} INFO - Filling up the DagBag from /home/airflow/.local/lib/python3.8/site-packages/airflow/example_dags/tutorial_taskflow_api.py
[2025-11-02T19:10:10.677+0000] {processor.py:840} INFO - DAG(s) 'tutorial_taskflow_api' retrieved from /home/airflow/.local/lib/python3.8/site-packages/airflow/example_dags/tutorial_taskflow_api.py
[2025-11-02T19:10:10.730+0000] {logging_mixin.py:188} INFO - [2025-11-02T19:10:10.730+0000] {dag.py:3036} INFO - Sync 1 DAGs
[2025-11-02T19:10:10.760+0000] {logging_mixin.py:188} INFO - [2025-11-02T19:10:10.760+0000] {dag.py:3823} INFO - Setting next_dagrun for tutorial_taskflow_api to None, run_after=None
[2025-11-02T19:10:10.810+0000] {processor.py:183} INFO - Processing /home/airflow/.local/lib/python3.8/site-packages/airflow/example_dags/tutorial_taskflow_api.py took 0.168 seconds
[2025-11-02T19:10:41.100+0000] {processor.py:161} INFO - Started process (PID=4999) to work on /home/airflow/.local/lib/python3.8/site-packages/airflow/example_dags/tutorial_taskflow_api.py
[2025-11-02T19:10:41.104+0000] {processor.py:830} INFO - Processing file /home/airflow/.local/lib/python3.8/site-packages/airflow/example_dags/tutorial_taskflow_api.py for tasks to queue
[2025-11-02T19:10:41.111+0000] {logging_mixin.py:188} INFO - [2025-11-02T19:10:41.109+0000] {dagbag.py:538} INFO - Filling up the DagBag from /home/airflow/.local/lib/python3.8/site-packages/airflow/example_dags/tutorial_taskflow_api.py
[2025-11-02T19:10:41.141+0000] {processor.py:840} INFO - DAG(s) 'tutorial_taskflow_api' retrieved from /home/airflow/.local/lib/python3.8/site-packages/airflow/example_dags/tutorial_taskflow_api.py
[2025-11-02T19:10:41.227+0000] {logging_mixin.py:188} INFO - [2025-11-02T19:10:41.226+0000] {dag.py:3036} INFO - Sync 1 DAGs
[2025-11-02T19:10:41.282+0000] {logging_mixin.py:188} INFO - [2025-11-02T19:10:41.281+0000] {dag.py:3823} INFO - Setting next_dagrun for tutorial_taskflow_api to None, run_after=None
[2025-11-02T19:10:41.351+0000] {processor.py:183} INFO - Processing /home/airflow/.local/lib/python3.8/site-packages/airflow/example_dags/tutorial_taskflow_api.py took 0.268 seconds
[2025-11-02T19:11:12.181+0000] {processor.py:161} INFO - Started process (PID=5054) to work on /home/airflow/.local/lib/python3.8/site-packages/airflow/example_dags/tutorial_taskflow_api.py
[2025-11-02T19:11:12.186+0000] {processor.py:830} INFO - Processing file /home/airflow/.local/lib/python3.8/site-packages/airflow/example_dags/tutorial_taskflow_api.py for tasks to queue
[2025-11-02T19:11:12.192+0000] {logging_mixin.py:188} INFO - [2025-11-02T19:11:12.191+0000] {dagbag.py:538} INFO - Filling up the DagBag from /home/airflow/.local/lib/python3.8/site-packages/airflow/example_dags/tutorial_taskflow_api.py
[2025-11-02T19:11:12.222+0000] {processor.py:840} INFO - DAG(s) 'tutorial_taskflow_api' retrieved from /home/airflow/.local/lib/python3.8/site-packages/airflow/example_dags/tutorial_taskflow_api.py
[2025-11-02T19:11:12.293+0000] {logging_mixin.py:188} INFO - [2025-11-02T19:11:12.293+0000] {dag.py:3036} INFO - Sync 1 DAGs
[2025-11-02T19:11:12.372+0000] {logging_mixin.py:188} INFO - [2025-11-02T19:11:12.371+0000] {dag.py:3823} INFO - Setting next_dagrun for tutorial_taskflow_api to None, run_after=None
[2025-11-02T19:11:12.452+0000] {processor.py:183} INFO - Processing /home/airflow/.local/lib/python3.8/site-packages/airflow/example_dags/tutorial_taskflow_api.py took 0.286 seconds
[2025-11-02T19:11:42.782+0000] {processor.py:161} INFO - Started process (PID=5110) to work on /home/airflow/.local/lib/python3.8/site-packages/airflow/example_dags/tutorial_taskflow_api.py
[2025-11-02T19:11:42.786+0000] {processor.py:830} INFO - Processing file /home/airflow/.local/lib/python3.8/site-packages/airflow/example_dags/tutorial_taskflow_api.py for tasks to queue
[2025-11-02T19:11:42.795+0000] {logging_mixin.py:188} INFO - [2025-11-02T19:11:42.794+0000] {dagbag.py:538} INFO - Filling up the DagBag from /home/airflow/.local/lib/python3.8/site-packages/airflow/example_dags/tutorial_taskflow_api.py
[2025-11-02T19:11:42.824+0000] {processor.py:840} INFO - DAG(s) 'tutorial_taskflow_api' retrieved from /home/airflow/.local/lib/python3.8/site-packages/airflow/example_dags/tutorial_taskflow_api.py
[2025-11-02T19:11:42.875+0000] {logging_mixin.py:188} INFO - [2025-11-02T19:11:42.875+0000] {dag.py:3036} INFO - Sync 1 DAGs
[2025-11-02T19:11:42.910+0000] {logging_mixin.py:188} INFO - [2025-11-02T19:11:42.910+0000] {dag.py:3823} INFO - Setting next_dagrun for tutorial_taskflow_api to None, run_after=None
[2025-11-02T19:11:42.971+0000] {processor.py:183} INFO - Processing /home/airflow/.local/lib/python3.8/site-packages/airflow/example_dags/tutorial_taskflow_api.py took 0.203 seconds
[2025-11-02T19:12:13.427+0000] {processor.py:161} INFO - Started process (PID=5164) to work on /home/airflow/.local/lib/python3.8/site-packages/airflow/example_dags/tutorial_taskflow_api.py
[2025-11-02T19:12:13.430+0000] {processor.py:830} INFO - Processing file /home/airflow/.local/lib/python3.8/site-packages/airflow/example_dags/tutorial_taskflow_api.py for tasks to queue
[2025-11-02T19:12:13.437+0000] {logging_mixin.py:188} INFO - [2025-11-02T19:12:13.436+0000] {dagbag.py:538} INFO - Filling up the DagBag from /home/airflow/.local/lib/python3.8/site-packages/airflow/example_dags/tutorial_taskflow_api.py
[2025-11-02T19:12:13.456+0000] {processor.py:840} INFO - DAG(s) 'tutorial_taskflow_api' retrieved from /home/airflow/.local/lib/python3.8/site-packages/airflow/example_dags/tutorial_taskflow_api.py
[2025-11-02T19:12:13.515+0000] {logging_mixin.py:188} INFO - [2025-11-02T19:12:13.514+0000] {dag.py:3036} INFO - Sync 1 DAGs
[2025-11-02T19:12:13.545+0000] {logging_mixin.py:188} INFO - [2025-11-02T19:12:13.544+0000] {dag.py:3823} INFO - Setting next_dagrun for tutorial_taskflow_api to None, run_after=None
[2025-11-02T19:12:13.591+0000] {processor.py:183} INFO - Processing /home/airflow/.local/lib/python3.8/site-packages/airflow/example_dags/tutorial_taskflow_api.py took 0.176 seconds
[2025-11-02T19:12:44.232+0000] {processor.py:161} INFO - Started process (PID=5219) to work on /home/airflow/.local/lib/python3.8/site-packages/airflow/example_dags/tutorial_taskflow_api.py
[2025-11-02T19:12:44.236+0000] {processor.py:830} INFO - Processing file /home/airflow/.local/lib/python3.8/site-packages/airflow/example_dags/tutorial_taskflow_api.py for tasks to queue
[2025-11-02T19:12:44.245+0000] {logging_mixin.py:188} INFO - [2025-11-02T19:12:44.244+0000] {dagbag.py:538} INFO - Filling up the DagBag from /home/airflow/.local/lib/python3.8/site-packages/airflow/example_dags/tutorial_taskflow_api.py
[2025-11-02T19:12:44.268+0000] {processor.py:840} INFO - DAG(s) 'tutorial_taskflow_api' retrieved from /home/airflow/.local/lib/python3.8/site-packages/airflow/example_dags/tutorial_taskflow_api.py
[2025-11-02T19:12:44.342+0000] {logging_mixin.py:188} INFO - [2025-11-02T19:12:44.341+0000] {dag.py:3036} INFO - Sync 1 DAGs
[2025-11-02T19:12:44.383+0000] {logging_mixin.py:188} INFO - [2025-11-02T19:12:44.382+0000] {dag.py:3823} INFO - Setting next_dagrun for tutorial_taskflow_api to None, run_after=None
[2025-11-02T19:12:44.482+0000] {processor.py:183} INFO - Processing /home/airflow/.local/lib/python3.8/site-packages/airflow/example_dags/tutorial_taskflow_api.py took 0.264 seconds
[2025-11-02T19:13:14.746+0000] {processor.py:161} INFO - Started process (PID=5275) to work on /home/airflow/.local/lib/python3.8/site-packages/airflow/example_dags/tutorial_taskflow_api.py
[2025-11-02T19:13:14.748+0000] {processor.py:830} INFO - Processing file /home/airflow/.local/lib/python3.8/site-packages/airflow/example_dags/tutorial_taskflow_api.py for tasks to queue
[2025-11-02T19:13:14.753+0000] {logging_mixin.py:188} INFO - [2025-11-02T19:13:14.752+0000] {dagbag.py:538} INFO - Filling up the DagBag from /home/airflow/.local/lib/python3.8/site-packages/airflow/example_dags/tutorial_taskflow_api.py
[2025-11-02T19:13:14.779+0000] {processor.py:840} INFO - DAG(s) 'tutorial_taskflow_api' retrieved from /home/airflow/.local/lib/python3.8/site-packages/airflow/example_dags/tutorial_taskflow_api.py
[2025-11-02T19:13:14.900+0000] {logging_mixin.py:188} INFO - [2025-11-02T19:13:14.900+0000] {dag.py:3036} INFO - Sync 1 DAGs
[2025-11-02T19:13:14.965+0000] {logging_mixin.py:188} INFO - [2025-11-02T19:13:14.964+0000] {dag.py:3823} INFO - Setting next_dagrun for tutorial_taskflow_api to None, run_after=None
[2025-11-02T19:13:15.016+0000] {processor.py:183} INFO - Processing /home/airflow/.local/lib/python3.8/site-packages/airflow/example_dags/tutorial_taskflow_api.py took 0.279 seconds
[2025-11-02T19:13:45.708+0000] {processor.py:161} INFO - Started process (PID=5335) to work on /home/airflow/.local/lib/python3.8/site-packages/airflow/example_dags/tutorial_taskflow_api.py
[2025-11-02T19:13:45.712+0000] {processor.py:830} INFO - Processing file /home/airflow/.local/lib/python3.8/site-packages/airflow/example_dags/tutorial_taskflow_api.py for tasks to queue
[2025-11-02T19:13:45.723+0000] {logging_mixin.py:188} INFO - [2025-11-02T19:13:45.722+0000] {dagbag.py:538} INFO - Filling up the DagBag from /home/airflow/.local/lib/python3.8/site-packages/airflow/example_dags/tutorial_taskflow_api.py
[2025-11-02T19:13:45.774+0000] {processor.py:840} INFO - DAG(s) 'tutorial_taskflow_api' retrieved from /home/airflow/.local/lib/python3.8/site-packages/airflow/example_dags/tutorial_taskflow_api.py
[2025-11-02T19:13:45.926+0000] {logging_mixin.py:188} INFO - [2025-11-02T19:13:45.925+0000] {dag.py:3036} INFO - Sync 1 DAGs
[2025-11-02T19:13:45.992+0000] {logging_mixin.py:188} INFO - [2025-11-02T19:13:45.991+0000] {dag.py:3823} INFO - Setting next_dagrun for tutorial_taskflow_api to None, run_after=None
[2025-11-02T19:13:46.105+0000] {processor.py:183} INFO - Processing /home/airflow/.local/lib/python3.8/site-packages/airflow/example_dags/tutorial_taskflow_api.py took 0.429 seconds
[2025-11-02T19:14:16.980+0000] {processor.py:161} INFO - Started process (PID=5390) to work on /home/airflow/.local/lib/python3.8/site-packages/airflow/example_dags/tutorial_taskflow_api.py
[2025-11-02T19:14:16.984+0000] {processor.py:830} INFO - Processing file /home/airflow/.local/lib/python3.8/site-packages/airflow/example_dags/tutorial_taskflow_api.py for tasks to queue
[2025-11-02T19:14:16.995+0000] {logging_mixin.py:188} INFO - [2025-11-02T19:14:16.994+0000] {dagbag.py:538} INFO - Filling up the DagBag from /home/airflow/.local/lib/python3.8/site-packages/airflow/example_dags/tutorial_taskflow_api.py
[2025-11-02T19:14:17.026+0000] {processor.py:840} INFO - DAG(s) 'tutorial_taskflow_api' retrieved from /home/airflow/.local/lib/python3.8/site-packages/airflow/example_dags/tutorial_taskflow_api.py
[2025-11-02T19:14:17.161+0000] {logging_mixin.py:188} INFO - [2025-11-02T19:14:17.160+0000] {dag.py:3036} INFO - Sync 1 DAGs
[2025-11-02T19:14:17.241+0000] {logging_mixin.py:188} INFO - [2025-11-02T19:14:17.240+0000] {dag.py:3823} INFO - Setting next_dagrun for tutorial_taskflow_api to None, run_after=None
[2025-11-02T19:14:17.334+0000] {processor.py:183} INFO - Processing /home/airflow/.local/lib/python3.8/site-packages/airflow/example_dags/tutorial_taskflow_api.py took 0.371 seconds
[2025-11-02T19:14:47.932+0000] {processor.py:161} INFO - Started process (PID=5446) to work on /home/airflow/.local/lib/python3.8/site-packages/airflow/example_dags/tutorial_taskflow_api.py
[2025-11-02T19:14:47.937+0000] {processor.py:830} INFO - Processing file /home/airflow/.local/lib/python3.8/site-packages/airflow/example_dags/tutorial_taskflow_api.py for tasks to queue
[2025-11-02T19:14:47.949+0000] {logging_mixin.py:188} INFO - [2025-11-02T19:14:47.948+0000] {dagbag.py:538} INFO - Filling up the DagBag from /home/airflow/.local/lib/python3.8/site-packages/airflow/example_dags/tutorial_taskflow_api.py
[2025-11-02T19:14:48.006+0000] {processor.py:840} INFO - DAG(s) 'tutorial_taskflow_api' retrieved from /home/airflow/.local/lib/python3.8/site-packages/airflow/example_dags/tutorial_taskflow_api.py
[2025-11-02T19:14:48.134+0000] {logging_mixin.py:188} INFO - [2025-11-02T19:14:48.133+0000] {dag.py:3036} INFO - Sync 1 DAGs
[2025-11-02T19:14:48.198+0000] {logging_mixin.py:188} INFO - [2025-11-02T19:14:48.198+0000] {dag.py:3823} INFO - Setting next_dagrun for tutorial_taskflow_api to None, run_after=None
[2025-11-02T19:14:48.290+0000] {processor.py:183} INFO - Processing /home/airflow/.local/lib/python3.8/site-packages/airflow/example_dags/tutorial_taskflow_api.py took 0.379 seconds
[2025-11-02T19:15:18.520+0000] {processor.py:161} INFO - Started process (PID=5501) to work on /home/airflow/.local/lib/python3.8/site-packages/airflow/example_dags/tutorial_taskflow_api.py
[2025-11-02T19:15:18.523+0000] {processor.py:830} INFO - Processing file /home/airflow/.local/lib/python3.8/site-packages/airflow/example_dags/tutorial_taskflow_api.py for tasks to queue
[2025-11-02T19:15:18.529+0000] {logging_mixin.py:188} INFO - [2025-11-02T19:15:18.528+0000] {dagbag.py:538} INFO - Filling up the DagBag from /home/airflow/.local/lib/python3.8/site-packages/airflow/example_dags/tutorial_taskflow_api.py
[2025-11-02T19:15:18.548+0000] {processor.py:840} INFO - DAG(s) 'tutorial_taskflow_api' retrieved from /home/airflow/.local/lib/python3.8/site-packages/airflow/example_dags/tutorial_taskflow_api.py
[2025-11-02T19:15:18.606+0000] {logging_mixin.py:188} INFO - [2025-11-02T19:15:18.605+0000] {dag.py:3036} INFO - Sync 1 DAGs
[2025-11-02T19:15:18.638+0000] {logging_mixin.py:188} INFO - [2025-11-02T19:15:18.638+0000] {dag.py:3823} INFO - Setting next_dagrun for tutorial_taskflow_api to None, run_after=None
[2025-11-02T19:15:18.689+0000] {processor.py:183} INFO - Processing /home/airflow/.local/lib/python3.8/site-packages/airflow/example_dags/tutorial_taskflow_api.py took 0.179 seconds
[2025-11-02T19:15:50.112+0000] {processor.py:161} INFO - Started process (PID=5556) to work on /home/airflow/.local/lib/python3.8/site-packages/airflow/example_dags/tutorial_taskflow_api.py
[2025-11-02T19:15:50.115+0000] {processor.py:830} INFO - Processing file /home/airflow/.local/lib/python3.8/site-packages/airflow/example_dags/tutorial_taskflow_api.py for tasks to queue
[2025-11-02T19:15:50.121+0000] {logging_mixin.py:188} INFO - [2025-11-02T19:15:50.120+0000] {dagbag.py:538} INFO - Filling up the DagBag from /home/airflow/.local/lib/python3.8/site-packages/airflow/example_dags/tutorial_taskflow_api.py
[2025-11-02T19:15:50.141+0000] {processor.py:840} INFO - DAG(s) 'tutorial_taskflow_api' retrieved from /home/airflow/.local/lib/python3.8/site-packages/airflow/example_dags/tutorial_taskflow_api.py
[2025-11-02T19:15:50.198+0000] {logging_mixin.py:188} INFO - [2025-11-02T19:15:50.198+0000] {dag.py:3036} INFO - Sync 1 DAGs
[2025-11-02T19:15:50.232+0000] {logging_mixin.py:188} INFO - [2025-11-02T19:15:50.232+0000] {dag.py:3823} INFO - Setting next_dagrun for tutorial_taskflow_api to None, run_after=None
[2025-11-02T19:15:50.280+0000] {processor.py:183} INFO - Processing /home/airflow/.local/lib/python3.8/site-packages/airflow/example_dags/tutorial_taskflow_api.py took 0.181 seconds
[2025-11-02T19:16:20.621+0000] {processor.py:161} INFO - Started process (PID=5611) to work on /home/airflow/.local/lib/python3.8/site-packages/airflow/example_dags/tutorial_taskflow_api.py
[2025-11-02T19:16:20.623+0000] {processor.py:830} INFO - Processing file /home/airflow/.local/lib/python3.8/site-packages/airflow/example_dags/tutorial_taskflow_api.py for tasks to queue
[2025-11-02T19:16:20.628+0000] {logging_mixin.py:188} INFO - [2025-11-02T19:16:20.627+0000] {dagbag.py:538} INFO - Filling up the DagBag from /home/airflow/.local/lib/python3.8/site-packages/airflow/example_dags/tutorial_taskflow_api.py
[2025-11-02T19:16:20.643+0000] {processor.py:840} INFO - DAG(s) 'tutorial_taskflow_api' retrieved from /home/airflow/.local/lib/python3.8/site-packages/airflow/example_dags/tutorial_taskflow_api.py
[2025-11-02T19:16:20.687+0000] {logging_mixin.py:188} INFO - [2025-11-02T19:16:20.687+0000] {dag.py:3036} INFO - Sync 1 DAGs
[2025-11-02T19:16:20.712+0000] {logging_mixin.py:188} INFO - [2025-11-02T19:16:20.711+0000] {dag.py:3823} INFO - Setting next_dagrun for tutorial_taskflow_api to None, run_after=None
[2025-11-02T19:16:20.751+0000] {processor.py:183} INFO - Processing /home/airflow/.local/lib/python3.8/site-packages/airflow/example_dags/tutorial_taskflow_api.py took 0.139 seconds
[2025-11-02T19:16:52.178+0000] {processor.py:161} INFO - Started process (PID=5665) to work on /home/airflow/.local/lib/python3.8/site-packages/airflow/example_dags/tutorial_taskflow_api.py
[2025-11-02T19:16:52.183+0000] {processor.py:830} INFO - Processing file /home/airflow/.local/lib/python3.8/site-packages/airflow/example_dags/tutorial_taskflow_api.py for tasks to queue
[2025-11-02T19:16:52.198+0000] {logging_mixin.py:188} INFO - [2025-11-02T19:16:52.197+0000] {dagbag.py:538} INFO - Filling up the DagBag from /home/airflow/.local/lib/python3.8/site-packages/airflow/example_dags/tutorial_taskflow_api.py
[2025-11-02T19:16:52.230+0000] {processor.py:840} INFO - DAG(s) 'tutorial_taskflow_api' retrieved from /home/airflow/.local/lib/python3.8/site-packages/airflow/example_dags/tutorial_taskflow_api.py
[2025-11-02T19:16:52.318+0000] {logging_mixin.py:188} INFO - [2025-11-02T19:16:52.318+0000] {dag.py:3036} INFO - Sync 1 DAGs
[2025-11-02T19:16:52.376+0000] {logging_mixin.py:188} INFO - [2025-11-02T19:16:52.375+0000] {dag.py:3823} INFO - Setting next_dagrun for tutorial_taskflow_api to None, run_after=None
[2025-11-02T19:16:52.461+0000] {processor.py:183} INFO - Processing /home/airflow/.local/lib/python3.8/site-packages/airflow/example_dags/tutorial_taskflow_api.py took 0.302 seconds
[2025-11-02T19:17:22.572+0000] {processor.py:161} INFO - Started process (PID=5719) to work on /home/airflow/.local/lib/python3.8/site-packages/airflow/example_dags/tutorial_taskflow_api.py
[2025-11-02T19:17:22.576+0000] {processor.py:830} INFO - Processing file /home/airflow/.local/lib/python3.8/site-packages/airflow/example_dags/tutorial_taskflow_api.py for tasks to queue
[2025-11-02T19:17:22.583+0000] {logging_mixin.py:188} INFO - [2025-11-02T19:17:22.581+0000] {dagbag.py:538} INFO - Filling up the DagBag from /home/airflow/.local/lib/python3.8/site-packages/airflow/example_dags/tutorial_taskflow_api.py
[2025-11-02T19:17:22.604+0000] {processor.py:840} INFO - DAG(s) 'tutorial_taskflow_api' retrieved from /home/airflow/.local/lib/python3.8/site-packages/airflow/example_dags/tutorial_taskflow_api.py
[2025-11-02T19:17:22.667+0000] {logging_mixin.py:188} INFO - [2025-11-02T19:17:22.666+0000] {dag.py:3036} INFO - Sync 1 DAGs
[2025-11-02T19:17:22.699+0000] {logging_mixin.py:188} INFO - [2025-11-02T19:17:22.698+0000] {dag.py:3823} INFO - Setting next_dagrun for tutorial_taskflow_api to None, run_after=None
[2025-11-02T19:17:22.748+0000] {processor.py:183} INFO - Processing /home/airflow/.local/lib/python3.8/site-packages/airflow/example_dags/tutorial_taskflow_api.py took 0.188 seconds
[2025-11-02T19:17:53.172+0000] {processor.py:161} INFO - Started process (PID=5774) to work on /home/airflow/.local/lib/python3.8/site-packages/airflow/example_dags/tutorial_taskflow_api.py
[2025-11-02T19:17:53.175+0000] {processor.py:830} INFO - Processing file /home/airflow/.local/lib/python3.8/site-packages/airflow/example_dags/tutorial_taskflow_api.py for tasks to queue
[2025-11-02T19:17:53.180+0000] {logging_mixin.py:188} INFO - [2025-11-02T19:17:53.179+0000] {dagbag.py:538} INFO - Filling up the DagBag from /home/airflow/.local/lib/python3.8/site-packages/airflow/example_dags/tutorial_taskflow_api.py
[2025-11-02T19:17:53.197+0000] {processor.py:840} INFO - DAG(s) 'tutorial_taskflow_api' retrieved from /home/airflow/.local/lib/python3.8/site-packages/airflow/example_dags/tutorial_taskflow_api.py
[2025-11-02T19:17:53.246+0000] {logging_mixin.py:188} INFO - [2025-11-02T19:17:53.246+0000] {dag.py:3036} INFO - Sync 1 DAGs
[2025-11-02T19:17:53.272+0000] {logging_mixin.py:188} INFO - [2025-11-02T19:17:53.271+0000] {dag.py:3823} INFO - Setting next_dagrun for tutorial_taskflow_api to None, run_after=None
[2025-11-02T19:17:53.312+0000] {processor.py:183} INFO - Processing /home/airflow/.local/lib/python3.8/site-packages/airflow/example_dags/tutorial_taskflow_api.py took 0.148 seconds
[2025-11-02T19:18:23.502+0000] {processor.py:161} INFO - Started process (PID=5829) to work on /home/airflow/.local/lib/python3.8/site-packages/airflow/example_dags/tutorial_taskflow_api.py
[2025-11-02T19:18:23.505+0000] {processor.py:830} INFO - Processing file /home/airflow/.local/lib/python3.8/site-packages/airflow/example_dags/tutorial_taskflow_api.py for tasks to queue
[2025-11-02T19:18:23.511+0000] {logging_mixin.py:188} INFO - [2025-11-02T19:18:23.510+0000] {dagbag.py:538} INFO - Filling up the DagBag from /home/airflow/.local/lib/python3.8/site-packages/airflow/example_dags/tutorial_taskflow_api.py
[2025-11-02T19:18:23.528+0000] {processor.py:840} INFO - DAG(s) 'tutorial_taskflow_api' retrieved from /home/airflow/.local/lib/python3.8/site-packages/airflow/example_dags/tutorial_taskflow_api.py
[2025-11-02T19:18:23.578+0000] {logging_mixin.py:188} INFO - [2025-11-02T19:18:23.577+0000] {dag.py:3036} INFO - Sync 1 DAGs
[2025-11-02T19:18:23.615+0000] {logging_mixin.py:188} INFO - [2025-11-02T19:18:23.614+0000] {dag.py:3823} INFO - Setting next_dagrun for tutorial_taskflow_api to None, run_after=None
[2025-11-02T19:18:23.667+0000] {processor.py:183} INFO - Processing /home/airflow/.local/lib/python3.8/site-packages/airflow/example_dags/tutorial_taskflow_api.py took 0.174 seconds
[2025-11-02T19:18:53.964+0000] {processor.py:161} INFO - Started process (PID=5881) to work on /home/airflow/.local/lib/python3.8/site-packages/airflow/example_dags/tutorial_taskflow_api.py
[2025-11-02T19:18:53.977+0000] {processor.py:830} INFO - Processing file /home/airflow/.local/lib/python3.8/site-packages/airflow/example_dags/tutorial_taskflow_api.py for tasks to queue
[2025-11-02T19:18:53.993+0000] {logging_mixin.py:188} INFO - [2025-11-02T19:18:53.992+0000] {dagbag.py:538} INFO - Filling up the DagBag from /home/airflow/.local/lib/python3.8/site-packages/airflow/example_dags/tutorial_taskflow_api.py
[2025-11-02T19:18:54.037+0000] {processor.py:840} INFO - DAG(s) 'tutorial_taskflow_api' retrieved from /home/airflow/.local/lib/python3.8/site-packages/airflow/example_dags/tutorial_taskflow_api.py
[2025-11-02T19:18:54.103+0000] {logging_mixin.py:188} INFO - [2025-11-02T19:18:54.103+0000] {dag.py:3036} INFO - Sync 1 DAGs
[2025-11-02T19:18:54.144+0000] {logging_mixin.py:188} INFO - [2025-11-02T19:18:54.144+0000] {dag.py:3823} INFO - Setting next_dagrun for tutorial_taskflow_api to None, run_after=None
[2025-11-02T19:18:54.207+0000] {processor.py:183} INFO - Processing /home/airflow/.local/lib/python3.8/site-packages/airflow/example_dags/tutorial_taskflow_api.py took 0.275 seconds
[2025-11-02T19:19:25.059+0000] {processor.py:161} INFO - Started process (PID=5936) to work on /home/airflow/.local/lib/python3.8/site-packages/airflow/example_dags/tutorial_taskflow_api.py
[2025-11-02T19:19:25.061+0000] {processor.py:830} INFO - Processing file /home/airflow/.local/lib/python3.8/site-packages/airflow/example_dags/tutorial_taskflow_api.py for tasks to queue
[2025-11-02T19:19:25.068+0000] {logging_mixin.py:188} INFO - [2025-11-02T19:19:25.067+0000] {dagbag.py:538} INFO - Filling up the DagBag from /home/airflow/.local/lib/python3.8/site-packages/airflow/example_dags/tutorial_taskflow_api.py
[2025-11-02T19:19:25.091+0000] {processor.py:840} INFO - DAG(s) 'tutorial_taskflow_api' retrieved from /home/airflow/.local/lib/python3.8/site-packages/airflow/example_dags/tutorial_taskflow_api.py
[2025-11-02T19:19:25.157+0000] {logging_mixin.py:188} INFO - [2025-11-02T19:19:25.157+0000] {dag.py:3036} INFO - Sync 1 DAGs
[2025-11-02T19:19:25.199+0000] {logging_mixin.py:188} INFO - [2025-11-02T19:19:25.199+0000] {dag.py:3823} INFO - Setting next_dagrun for tutorial_taskflow_api to None, run_after=None
[2025-11-02T19:19:25.263+0000] {processor.py:183} INFO - Processing /home/airflow/.local/lib/python3.8/site-packages/airflow/example_dags/tutorial_taskflow_api.py took 0.217 seconds
[2025-11-02T19:19:55.497+0000] {processor.py:161} INFO - Started process (PID=5992) to work on /home/airflow/.local/lib/python3.8/site-packages/airflow/example_dags/tutorial_taskflow_api.py
[2025-11-02T19:19:55.501+0000] {processor.py:830} INFO - Processing file /home/airflow/.local/lib/python3.8/site-packages/airflow/example_dags/tutorial_taskflow_api.py for tasks to queue
[2025-11-02T19:19:55.509+0000] {logging_mixin.py:188} INFO - [2025-11-02T19:19:55.508+0000] {dagbag.py:538} INFO - Filling up the DagBag from /home/airflow/.local/lib/python3.8/site-packages/airflow/example_dags/tutorial_taskflow_api.py
[2025-11-02T19:19:55.530+0000] {processor.py:840} INFO - DAG(s) 'tutorial_taskflow_api' retrieved from /home/airflow/.local/lib/python3.8/site-packages/airflow/example_dags/tutorial_taskflow_api.py
[2025-11-02T19:19:55.601+0000] {logging_mixin.py:188} INFO - [2025-11-02T19:19:55.601+0000] {dag.py:3036} INFO - Sync 1 DAGs
[2025-11-02T19:19:55.643+0000] {logging_mixin.py:188} INFO - [2025-11-02T19:19:55.642+0000] {dag.py:3823} INFO - Setting next_dagrun for tutorial_taskflow_api to None, run_after=None
[2025-11-02T19:19:55.699+0000] {processor.py:183} INFO - Processing /home/airflow/.local/lib/python3.8/site-packages/airflow/example_dags/tutorial_taskflow_api.py took 0.214 seconds
[2025-11-02T19:20:26.144+0000] {processor.py:161} INFO - Started process (PID=6046) to work on /home/airflow/.local/lib/python3.8/site-packages/airflow/example_dags/tutorial_taskflow_api.py
[2025-11-02T19:20:26.147+0000] {processor.py:830} INFO - Processing file /home/airflow/.local/lib/python3.8/site-packages/airflow/example_dags/tutorial_taskflow_api.py for tasks to queue
[2025-11-02T19:20:26.155+0000] {logging_mixin.py:188} INFO - [2025-11-02T19:20:26.154+0000] {dagbag.py:538} INFO - Filling up the DagBag from /home/airflow/.local/lib/python3.8/site-packages/airflow/example_dags/tutorial_taskflow_api.py
[2025-11-02T19:20:26.199+0000] {processor.py:840} INFO - DAG(s) 'tutorial_taskflow_api' retrieved from /home/airflow/.local/lib/python3.8/site-packages/airflow/example_dags/tutorial_taskflow_api.py
[2025-11-02T19:20:26.342+0000] {logging_mixin.py:188} INFO - [2025-11-02T19:20:26.340+0000] {dag.py:3036} INFO - Sync 1 DAGs
[2025-11-02T19:20:26.416+0000] {logging_mixin.py:188} INFO - [2025-11-02T19:20:26.415+0000] {dag.py:3823} INFO - Setting next_dagrun for tutorial_taskflow_api to None, run_after=None
[2025-11-02T19:20:26.535+0000] {processor.py:183} INFO - Processing /home/airflow/.local/lib/python3.8/site-packages/airflow/example_dags/tutorial_taskflow_api.py took 0.414 seconds
[2025-11-02T19:20:57.385+0000] {processor.py:161} INFO - Started process (PID=6101) to work on /home/airflow/.local/lib/python3.8/site-packages/airflow/example_dags/tutorial_taskflow_api.py
[2025-11-02T19:20:57.394+0000] {processor.py:830} INFO - Processing file /home/airflow/.local/lib/python3.8/site-packages/airflow/example_dags/tutorial_taskflow_api.py for tasks to queue
[2025-11-02T19:20:57.404+0000] {logging_mixin.py:188} INFO - [2025-11-02T19:20:57.403+0000] {dagbag.py:538} INFO - Filling up the DagBag from /home/airflow/.local/lib/python3.8/site-packages/airflow/example_dags/tutorial_taskflow_api.py
[2025-11-02T19:20:57.433+0000] {processor.py:840} INFO - DAG(s) 'tutorial_taskflow_api' retrieved from /home/airflow/.local/lib/python3.8/site-packages/airflow/example_dags/tutorial_taskflow_api.py
[2025-11-02T19:20:57.557+0000] {logging_mixin.py:188} INFO - [2025-11-02T19:20:57.556+0000] {dag.py:3036} INFO - Sync 1 DAGs
[2025-11-02T19:20:57.684+0000] {logging_mixin.py:188} INFO - [2025-11-02T19:20:57.674+0000] {dag.py:3823} INFO - Setting next_dagrun for tutorial_taskflow_api to None, run_after=None
[2025-11-02T19:20:57.822+0000] {processor.py:183} INFO - Processing /home/airflow/.local/lib/python3.8/site-packages/airflow/example_dags/tutorial_taskflow_api.py took 0.458 seconds
[2025-11-02T19:21:28.103+0000] {processor.py:161} INFO - Started process (PID=6156) to work on /home/airflow/.local/lib/python3.8/site-packages/airflow/example_dags/tutorial_taskflow_api.py
[2025-11-02T19:21:28.106+0000] {processor.py:830} INFO - Processing file /home/airflow/.local/lib/python3.8/site-packages/airflow/example_dags/tutorial_taskflow_api.py for tasks to queue
[2025-11-02T19:21:28.112+0000] {logging_mixin.py:188} INFO - [2025-11-02T19:21:28.111+0000] {dagbag.py:538} INFO - Filling up the DagBag from /home/airflow/.local/lib/python3.8/site-packages/airflow/example_dags/tutorial_taskflow_api.py
[2025-11-02T19:21:28.130+0000] {processor.py:840} INFO - DAG(s) 'tutorial_taskflow_api' retrieved from /home/airflow/.local/lib/python3.8/site-packages/airflow/example_dags/tutorial_taskflow_api.py
[2025-11-02T19:21:28.178+0000] {logging_mixin.py:188} INFO - [2025-11-02T19:21:28.177+0000] {dag.py:3036} INFO - Sync 1 DAGs
[2025-11-02T19:21:28.203+0000] {logging_mixin.py:188} INFO - [2025-11-02T19:21:28.203+0000] {dag.py:3823} INFO - Setting next_dagrun for tutorial_taskflow_api to None, run_after=None
[2025-11-02T19:21:28.246+0000] {processor.py:183} INFO - Processing /home/airflow/.local/lib/python3.8/site-packages/airflow/example_dags/tutorial_taskflow_api.py took 0.154 seconds
[2025-11-02T19:21:58.659+0000] {processor.py:161} INFO - Started process (PID=6209) to work on /home/airflow/.local/lib/python3.8/site-packages/airflow/example_dags/tutorial_taskflow_api.py
[2025-11-02T19:21:58.664+0000] {processor.py:830} INFO - Processing file /home/airflow/.local/lib/python3.8/site-packages/airflow/example_dags/tutorial_taskflow_api.py for tasks to queue
[2025-11-02T19:21:58.674+0000] {logging_mixin.py:188} INFO - [2025-11-02T19:21:58.673+0000] {dagbag.py:538} INFO - Filling up the DagBag from /home/airflow/.local/lib/python3.8/site-packages/airflow/example_dags/tutorial_taskflow_api.py
[2025-11-02T19:21:58.703+0000] {processor.py:840} INFO - DAG(s) 'tutorial_taskflow_api' retrieved from /home/airflow/.local/lib/python3.8/site-packages/airflow/example_dags/tutorial_taskflow_api.py
[2025-11-02T19:21:58.786+0000] {logging_mixin.py:188} INFO - [2025-11-02T19:21:58.785+0000] {dag.py:3036} INFO - Sync 1 DAGs
[2025-11-02T19:21:58.835+0000] {logging_mixin.py:188} INFO - [2025-11-02T19:21:58.834+0000] {dag.py:3823} INFO - Setting next_dagrun for tutorial_taskflow_api to None, run_after=None
[2025-11-02T19:21:58.910+0000] {processor.py:183} INFO - Processing /home/airflow/.local/lib/python3.8/site-packages/airflow/example_dags/tutorial_taskflow_api.py took 0.270 seconds
[2025-11-02T19:22:29.203+0000] {processor.py:161} INFO - Started process (PID=6264) to work on /home/airflow/.local/lib/python3.8/site-packages/airflow/example_dags/tutorial_taskflow_api.py
[2025-11-02T19:22:29.206+0000] {processor.py:830} INFO - Processing file /home/airflow/.local/lib/python3.8/site-packages/airflow/example_dags/tutorial_taskflow_api.py for tasks to queue
[2025-11-02T19:22:29.213+0000] {logging_mixin.py:188} INFO - [2025-11-02T19:22:29.211+0000] {dagbag.py:538} INFO - Filling up the DagBag from /home/airflow/.local/lib/python3.8/site-packages/airflow/example_dags/tutorial_taskflow_api.py
[2025-11-02T19:22:29.258+0000] {processor.py:840} INFO - DAG(s) 'tutorial_taskflow_api' retrieved from /home/airflow/.local/lib/python3.8/site-packages/airflow/example_dags/tutorial_taskflow_api.py
[2025-11-02T19:22:29.345+0000] {logging_mixin.py:188} INFO - [2025-11-02T19:22:29.345+0000] {dag.py:3036} INFO - Sync 1 DAGs
[2025-11-02T19:22:29.391+0000] {logging_mixin.py:188} INFO - [2025-11-02T19:22:29.390+0000] {dag.py:3823} INFO - Setting next_dagrun for tutorial_taskflow_api to None, run_after=None
[2025-11-02T19:22:29.463+0000] {processor.py:183} INFO - Processing /home/airflow/.local/lib/python3.8/site-packages/airflow/example_dags/tutorial_taskflow_api.py took 0.277 seconds
[2025-11-02T19:23:00.023+0000] {processor.py:161} INFO - Started process (PID=6319) to work on /home/airflow/.local/lib/python3.8/site-packages/airflow/example_dags/tutorial_taskflow_api.py
[2025-11-02T19:23:00.026+0000] {processor.py:830} INFO - Processing file /home/airflow/.local/lib/python3.8/site-packages/airflow/example_dags/tutorial_taskflow_api.py for tasks to queue
[2025-11-02T19:23:00.031+0000] {logging_mixin.py:188} INFO - [2025-11-02T19:23:00.030+0000] {dagbag.py:538} INFO - Filling up the DagBag from /home/airflow/.local/lib/python3.8/site-packages/airflow/example_dags/tutorial_taskflow_api.py
[2025-11-02T19:23:00.050+0000] {processor.py:840} INFO - DAG(s) 'tutorial_taskflow_api' retrieved from /home/airflow/.local/lib/python3.8/site-packages/airflow/example_dags/tutorial_taskflow_api.py
[2025-11-02T19:23:00.149+0000] {logging_mixin.py:188} INFO - [2025-11-02T19:23:00.148+0000] {dag.py:3036} INFO - Sync 1 DAGs
[2025-11-02T19:23:00.190+0000] {logging_mixin.py:188} INFO - [2025-11-02T19:23:00.190+0000] {dag.py:3823} INFO - Setting next_dagrun for tutorial_taskflow_api to None, run_after=None
[2025-11-02T19:23:00.247+0000] {processor.py:183} INFO - Processing /home/airflow/.local/lib/python3.8/site-packages/airflow/example_dags/tutorial_taskflow_api.py took 0.234 seconds
[2025-11-02T19:23:30.418+0000] {processor.py:161} INFO - Started process (PID=6374) to work on /home/airflow/.local/lib/python3.8/site-packages/airflow/example_dags/tutorial_taskflow_api.py
[2025-11-02T19:23:30.422+0000] {processor.py:830} INFO - Processing file /home/airflow/.local/lib/python3.8/site-packages/airflow/example_dags/tutorial_taskflow_api.py for tasks to queue
[2025-11-02T19:23:30.432+0000] {logging_mixin.py:188} INFO - [2025-11-02T19:23:30.431+0000] {dagbag.py:538} INFO - Filling up the DagBag from /home/airflow/.local/lib/python3.8/site-packages/airflow/example_dags/tutorial_taskflow_api.py
[2025-11-02T19:23:30.457+0000] {processor.py:840} INFO - DAG(s) 'tutorial_taskflow_api' retrieved from /home/airflow/.local/lib/python3.8/site-packages/airflow/example_dags/tutorial_taskflow_api.py
[2025-11-02T19:23:30.532+0000] {logging_mixin.py:188} INFO - [2025-11-02T19:23:30.531+0000] {dag.py:3036} INFO - Sync 1 DAGs
[2025-11-02T19:23:30.579+0000] {logging_mixin.py:188} INFO - [2025-11-02T19:23:30.578+0000] {dag.py:3823} INFO - Setting next_dagrun for tutorial_taskflow_api to None, run_after=None
[2025-11-02T19:23:30.668+0000] {processor.py:183} INFO - Processing /home/airflow/.local/lib/python3.8/site-packages/airflow/example_dags/tutorial_taskflow_api.py took 0.263 seconds
[2025-11-02T19:24:01.311+0000] {processor.py:161} INFO - Started process (PID=6429) to work on /home/airflow/.local/lib/python3.8/site-packages/airflow/example_dags/tutorial_taskflow_api.py
[2025-11-02T19:24:01.313+0000] {processor.py:830} INFO - Processing file /home/airflow/.local/lib/python3.8/site-packages/airflow/example_dags/tutorial_taskflow_api.py for tasks to queue
[2025-11-02T19:24:01.318+0000] {logging_mixin.py:188} INFO - [2025-11-02T19:24:01.317+0000] {dagbag.py:538} INFO - Filling up the DagBag from /home/airflow/.local/lib/python3.8/site-packages/airflow/example_dags/tutorial_taskflow_api.py
[2025-11-02T19:24:01.332+0000] {processor.py:840} INFO - DAG(s) 'tutorial_taskflow_api' retrieved from /home/airflow/.local/lib/python3.8/site-packages/airflow/example_dags/tutorial_taskflow_api.py
[2025-11-02T19:24:01.376+0000] {logging_mixin.py:188} INFO - [2025-11-02T19:24:01.376+0000] {dag.py:3036} INFO - Sync 1 DAGs
[2025-11-02T19:24:01.402+0000] {logging_mixin.py:188} INFO - [2025-11-02T19:24:01.401+0000] {dag.py:3823} INFO - Setting next_dagrun for tutorial_taskflow_api to None, run_after=None
[2025-11-02T19:24:01.442+0000] {processor.py:183} INFO - Processing /home/airflow/.local/lib/python3.8/site-packages/airflow/example_dags/tutorial_taskflow_api.py took 0.140 seconds
[2025-11-02T19:24:31.730+0000] {processor.py:161} INFO - Started process (PID=6484) to work on /home/airflow/.local/lib/python3.8/site-packages/airflow/example_dags/tutorial_taskflow_api.py
[2025-11-02T19:24:31.733+0000] {processor.py:830} INFO - Processing file /home/airflow/.local/lib/python3.8/site-packages/airflow/example_dags/tutorial_taskflow_api.py for tasks to queue
[2025-11-02T19:24:31.738+0000] {logging_mixin.py:188} INFO - [2025-11-02T19:24:31.737+0000] {dagbag.py:538} INFO - Filling up the DagBag from /home/airflow/.local/lib/python3.8/site-packages/airflow/example_dags/tutorial_taskflow_api.py
[2025-11-02T19:24:31.753+0000] {processor.py:840} INFO - DAG(s) 'tutorial_taskflow_api' retrieved from /home/airflow/.local/lib/python3.8/site-packages/airflow/example_dags/tutorial_taskflow_api.py
[2025-11-02T19:24:31.797+0000] {logging_mixin.py:188} INFO - [2025-11-02T19:24:31.797+0000] {dag.py:3036} INFO - Sync 1 DAGs
[2025-11-02T19:24:31.822+0000] {logging_mixin.py:188} INFO - [2025-11-02T19:24:31.822+0000] {dag.py:3823} INFO - Setting next_dagrun for tutorial_taskflow_api to None, run_after=None
[2025-11-02T19:24:31.864+0000] {processor.py:183} INFO - Processing /home/airflow/.local/lib/python3.8/site-packages/airflow/example_dags/tutorial_taskflow_api.py took 0.143 seconds
[2025-11-02T19:25:02.293+0000] {processor.py:161} INFO - Started process (PID=6539) to work on /home/airflow/.local/lib/python3.8/site-packages/airflow/example_dags/tutorial_taskflow_api.py
[2025-11-02T19:25:02.296+0000] {processor.py:830} INFO - Processing file /home/airflow/.local/lib/python3.8/site-packages/airflow/example_dags/tutorial_taskflow_api.py for tasks to queue
[2025-11-02T19:25:02.302+0000] {logging_mixin.py:188} INFO - [2025-11-02T19:25:02.301+0000] {dagbag.py:538} INFO - Filling up the DagBag from /home/airflow/.local/lib/python3.8/site-packages/airflow/example_dags/tutorial_taskflow_api.py
[2025-11-02T19:25:02.318+0000] {processor.py:840} INFO - DAG(s) 'tutorial_taskflow_api' retrieved from /home/airflow/.local/lib/python3.8/site-packages/airflow/example_dags/tutorial_taskflow_api.py
[2025-11-02T19:25:02.369+0000] {logging_mixin.py:188} INFO - [2025-11-02T19:25:02.368+0000] {dag.py:3036} INFO - Sync 1 DAGs
[2025-11-02T19:25:02.400+0000] {logging_mixin.py:188} INFO - [2025-11-02T19:25:02.399+0000] {dag.py:3823} INFO - Setting next_dagrun for tutorial_taskflow_api to None, run_after=None
[2025-11-02T19:25:02.452+0000] {processor.py:183} INFO - Processing /home/airflow/.local/lib/python3.8/site-packages/airflow/example_dags/tutorial_taskflow_api.py took 0.168 seconds
[2025-11-02T19:25:34.034+0000] {processor.py:161} INFO - Started process (PID=6593) to work on /home/airflow/.local/lib/python3.8/site-packages/airflow/example_dags/tutorial_taskflow_api.py
[2025-11-02T19:25:34.037+0000] {processor.py:830} INFO - Processing file /home/airflow/.local/lib/python3.8/site-packages/airflow/example_dags/tutorial_taskflow_api.py for tasks to queue
[2025-11-02T19:25:34.044+0000] {logging_mixin.py:188} INFO - [2025-11-02T19:25:34.043+0000] {dagbag.py:538} INFO - Filling up the DagBag from /home/airflow/.local/lib/python3.8/site-packages/airflow/example_dags/tutorial_taskflow_api.py
[2025-11-02T19:25:34.064+0000] {processor.py:840} INFO - DAG(s) 'tutorial_taskflow_api' retrieved from /home/airflow/.local/lib/python3.8/site-packages/airflow/example_dags/tutorial_taskflow_api.py
[2025-11-02T19:25:34.122+0000] {logging_mixin.py:188} INFO - [2025-11-02T19:25:34.121+0000] {dag.py:3036} INFO - Sync 1 DAGs
[2025-11-02T19:25:34.160+0000] {logging_mixin.py:188} INFO - [2025-11-02T19:25:34.159+0000] {dag.py:3823} INFO - Setting next_dagrun for tutorial_taskflow_api to None, run_after=None
[2025-11-02T19:25:34.210+0000] {processor.py:183} INFO - Processing /home/airflow/.local/lib/python3.8/site-packages/airflow/example_dags/tutorial_taskflow_api.py took 0.189 seconds
[2025-11-02T19:26:04.398+0000] {processor.py:161} INFO - Started process (PID=6648) to work on /home/airflow/.local/lib/python3.8/site-packages/airflow/example_dags/tutorial_taskflow_api.py
[2025-11-02T19:26:04.401+0000] {processor.py:830} INFO - Processing file /home/airflow/.local/lib/python3.8/site-packages/airflow/example_dags/tutorial_taskflow_api.py for tasks to queue
[2025-11-02T19:26:04.408+0000] {logging_mixin.py:188} INFO - [2025-11-02T19:26:04.407+0000] {dagbag.py:538} INFO - Filling up the DagBag from /home/airflow/.local/lib/python3.8/site-packages/airflow/example_dags/tutorial_taskflow_api.py
[2025-11-02T19:26:04.423+0000] {processor.py:840} INFO - DAG(s) 'tutorial_taskflow_api' retrieved from /home/airflow/.local/lib/python3.8/site-packages/airflow/example_dags/tutorial_taskflow_api.py
[2025-11-02T19:26:04.473+0000] {logging_mixin.py:188} INFO - [2025-11-02T19:26:04.472+0000] {dag.py:3036} INFO - Sync 1 DAGs
[2025-11-02T19:26:04.500+0000] {logging_mixin.py:188} INFO - [2025-11-02T19:26:04.499+0000] {dag.py:3823} INFO - Setting next_dagrun for tutorial_taskflow_api to None, run_after=None
[2025-11-02T19:26:04.543+0000] {processor.py:183} INFO - Processing /home/airflow/.local/lib/python3.8/site-packages/airflow/example_dags/tutorial_taskflow_api.py took 0.158 seconds
[2025-11-02T19:26:34.838+0000] {processor.py:161} INFO - Started process (PID=6703) to work on /home/airflow/.local/lib/python3.8/site-packages/airflow/example_dags/tutorial_taskflow_api.py
[2025-11-02T19:26:34.841+0000] {processor.py:830} INFO - Processing file /home/airflow/.local/lib/python3.8/site-packages/airflow/example_dags/tutorial_taskflow_api.py for tasks to queue
[2025-11-02T19:26:34.855+0000] {logging_mixin.py:188} INFO - [2025-11-02T19:26:34.854+0000] {dagbag.py:538} INFO - Filling up the DagBag from /home/airflow/.local/lib/python3.8/site-packages/airflow/example_dags/tutorial_taskflow_api.py
[2025-11-02T19:26:34.892+0000] {processor.py:840} INFO - DAG(s) 'tutorial_taskflow_api' retrieved from /home/airflow/.local/lib/python3.8/site-packages/airflow/example_dags/tutorial_taskflow_api.py
[2025-11-02T19:26:34.959+0000] {logging_mixin.py:188} INFO - [2025-11-02T19:26:34.958+0000] {dag.py:3036} INFO - Sync 1 DAGs
[2025-11-02T19:26:35.003+0000] {logging_mixin.py:188} INFO - [2025-11-02T19:26:35.003+0000] {dag.py:3823} INFO - Setting next_dagrun for tutorial_taskflow_api to None, run_after=None
[2025-11-02T19:26:35.048+0000] {processor.py:183} INFO - Processing /home/airflow/.local/lib/python3.8/site-packages/airflow/example_dags/tutorial_taskflow_api.py took 0.226 seconds
[2025-11-02T19:27:05.980+0000] {processor.py:161} INFO - Started process (PID=6758) to work on /home/airflow/.local/lib/python3.8/site-packages/airflow/example_dags/tutorial_taskflow_api.py
[2025-11-02T19:27:05.984+0000] {processor.py:830} INFO - Processing file /home/airflow/.local/lib/python3.8/site-packages/airflow/example_dags/tutorial_taskflow_api.py for tasks to queue
[2025-11-02T19:27:05.990+0000] {logging_mixin.py:188} INFO - [2025-11-02T19:27:05.989+0000] {dagbag.py:538} INFO - Filling up the DagBag from /home/airflow/.local/lib/python3.8/site-packages/airflow/example_dags/tutorial_taskflow_api.py
[2025-11-02T19:27:06.010+0000] {processor.py:840} INFO - DAG(s) 'tutorial_taskflow_api' retrieved from /home/airflow/.local/lib/python3.8/site-packages/airflow/example_dags/tutorial_taskflow_api.py
[2025-11-02T19:27:06.071+0000] {logging_mixin.py:188} INFO - [2025-11-02T19:27:06.070+0000] {dag.py:3036} INFO - Sync 1 DAGs
[2025-11-02T19:27:06.101+0000] {logging_mixin.py:188} INFO - [2025-11-02T19:27:06.100+0000] {dag.py:3823} INFO - Setting next_dagrun for tutorial_taskflow_api to None, run_after=None
[2025-11-02T19:27:06.147+0000] {processor.py:183} INFO - Processing /home/airflow/.local/lib/python3.8/site-packages/airflow/example_dags/tutorial_taskflow_api.py took 0.176 seconds
[2025-11-02T19:27:36.649+0000] {processor.py:161} INFO - Started process (PID=6814) to work on /home/airflow/.local/lib/python3.8/site-packages/airflow/example_dags/tutorial_taskflow_api.py
[2025-11-02T19:27:36.653+0000] {processor.py:830} INFO - Processing file /home/airflow/.local/lib/python3.8/site-packages/airflow/example_dags/tutorial_taskflow_api.py for tasks to queue
[2025-11-02T19:27:36.661+0000] {logging_mixin.py:188} INFO - [2025-11-02T19:27:36.660+0000] {dagbag.py:538} INFO - Filling up the DagBag from /home/airflow/.local/lib/python3.8/site-packages/airflow/example_dags/tutorial_taskflow_api.py
[2025-11-02T19:27:36.695+0000] {processor.py:840} INFO - DAG(s) 'tutorial_taskflow_api' retrieved from /home/airflow/.local/lib/python3.8/site-packages/airflow/example_dags/tutorial_taskflow_api.py
[2025-11-02T19:27:36.822+0000] {logging_mixin.py:188} INFO - [2025-11-02T19:27:36.817+0000] {dag.py:3036} INFO - Sync 1 DAGs
[2025-11-02T19:27:36.892+0000] {logging_mixin.py:188} INFO - [2025-11-02T19:27:36.890+0000] {dag.py:3823} INFO - Setting next_dagrun for tutorial_taskflow_api to None, run_after=None
[2025-11-02T19:27:36.946+0000] {processor.py:183} INFO - Processing /home/airflow/.local/lib/python3.8/site-packages/airflow/example_dags/tutorial_taskflow_api.py took 0.312 seconds
[2025-11-02T19:28:07.699+0000] {processor.py:161} INFO - Started process (PID=6868) to work on /home/airflow/.local/lib/python3.8/site-packages/airflow/example_dags/tutorial_taskflow_api.py
[2025-11-02T19:28:07.701+0000] {processor.py:830} INFO - Processing file /home/airflow/.local/lib/python3.8/site-packages/airflow/example_dags/tutorial_taskflow_api.py for tasks to queue
[2025-11-02T19:28:07.708+0000] {logging_mixin.py:188} INFO - [2025-11-02T19:28:07.707+0000] {dagbag.py:538} INFO - Filling up the DagBag from /home/airflow/.local/lib/python3.8/site-packages/airflow/example_dags/tutorial_taskflow_api.py
[2025-11-02T19:28:07.731+0000] {processor.py:840} INFO - DAG(s) 'tutorial_taskflow_api' retrieved from /home/airflow/.local/lib/python3.8/site-packages/airflow/example_dags/tutorial_taskflow_api.py
[2025-11-02T19:28:07.815+0000] {logging_mixin.py:188} INFO - [2025-11-02T19:28:07.812+0000] {dag.py:3036} INFO - Sync 1 DAGs
[2025-11-02T19:28:07.856+0000] {logging_mixin.py:188} INFO - [2025-11-02T19:28:07.856+0000] {dag.py:3823} INFO - Setting next_dagrun for tutorial_taskflow_api to None, run_after=None
[2025-11-02T19:28:07.928+0000] {processor.py:183} INFO - Processing /home/airflow/.local/lib/python3.8/site-packages/airflow/example_dags/tutorial_taskflow_api.py took 0.241 seconds
[2025-11-02T19:28:38.435+0000] {processor.py:161} INFO - Started process (PID=6923) to work on /home/airflow/.local/lib/python3.8/site-packages/airflow/example_dags/tutorial_taskflow_api.py
[2025-11-02T19:28:38.442+0000] {processor.py:830} INFO - Processing file /home/airflow/.local/lib/python3.8/site-packages/airflow/example_dags/tutorial_taskflow_api.py for tasks to queue
[2025-11-02T19:28:38.451+0000] {logging_mixin.py:188} INFO - [2025-11-02T19:28:38.449+0000] {dagbag.py:538} INFO - Filling up the DagBag from /home/airflow/.local/lib/python3.8/site-packages/airflow/example_dags/tutorial_taskflow_api.py
[2025-11-02T19:28:38.487+0000] {processor.py:840} INFO - DAG(s) 'tutorial_taskflow_api' retrieved from /home/airflow/.local/lib/python3.8/site-packages/airflow/example_dags/tutorial_taskflow_api.py
[2025-11-02T19:28:38.604+0000] {logging_mixin.py:188} INFO - [2025-11-02T19:28:38.603+0000] {dag.py:3036} INFO - Sync 1 DAGs
[2025-11-02T19:28:38.650+0000] {logging_mixin.py:188} INFO - [2025-11-02T19:28:38.649+0000] {dag.py:3823} INFO - Setting next_dagrun for tutorial_taskflow_api to None, run_after=None
[2025-11-02T19:28:38.718+0000] {processor.py:183} INFO - Processing /home/airflow/.local/lib/python3.8/site-packages/airflow/example_dags/tutorial_taskflow_api.py took 0.304 seconds
[2025-11-02T19:29:09.353+0000] {processor.py:161} INFO - Started process (PID=6977) to work on /home/airflow/.local/lib/python3.8/site-packages/airflow/example_dags/tutorial_taskflow_api.py
[2025-11-02T19:29:09.359+0000] {processor.py:830} INFO - Processing file /home/airflow/.local/lib/python3.8/site-packages/airflow/example_dags/tutorial_taskflow_api.py for tasks to queue
[2025-11-02T19:29:09.377+0000] {logging_mixin.py:188} INFO - [2025-11-02T19:29:09.375+0000] {dagbag.py:538} INFO - Filling up the DagBag from /home/airflow/.local/lib/python3.8/site-packages/airflow/example_dags/tutorial_taskflow_api.py
[2025-11-02T19:29:09.408+0000] {processor.py:840} INFO - DAG(s) 'tutorial_taskflow_api' retrieved from /home/airflow/.local/lib/python3.8/site-packages/airflow/example_dags/tutorial_taskflow_api.py
[2025-11-02T19:29:09.468+0000] {logging_mixin.py:188} INFO - [2025-11-02T19:29:09.468+0000] {dag.py:3036} INFO - Sync 1 DAGs
[2025-11-02T19:29:09.505+0000] {logging_mixin.py:188} INFO - [2025-11-02T19:29:09.504+0000] {dag.py:3823} INFO - Setting next_dagrun for tutorial_taskflow_api to None, run_after=None
[2025-11-02T19:29:09.572+0000] {processor.py:183} INFO - Processing /home/airflow/.local/lib/python3.8/site-packages/airflow/example_dags/tutorial_taskflow_api.py took 0.237 seconds
[2025-11-02T19:29:40.919+0000] {processor.py:161} INFO - Started process (PID=7033) to work on /home/airflow/.local/lib/python3.8/site-packages/airflow/example_dags/tutorial_taskflow_api.py
[2025-11-02T19:29:40.922+0000] {processor.py:830} INFO - Processing file /home/airflow/.local/lib/python3.8/site-packages/airflow/example_dags/tutorial_taskflow_api.py for tasks to queue
[2025-11-02T19:29:40.935+0000] {logging_mixin.py:188} INFO - [2025-11-02T19:29:40.934+0000] {dagbag.py:538} INFO - Filling up the DagBag from /home/airflow/.local/lib/python3.8/site-packages/airflow/example_dags/tutorial_taskflow_api.py
[2025-11-02T19:29:40.962+0000] {processor.py:840} INFO - DAG(s) 'tutorial_taskflow_api' retrieved from /home/airflow/.local/lib/python3.8/site-packages/airflow/example_dags/tutorial_taskflow_api.py
[2025-11-02T19:29:41.027+0000] {logging_mixin.py:188} INFO - [2025-11-02T19:29:41.026+0000] {dag.py:3036} INFO - Sync 1 DAGs
[2025-11-02T19:29:41.072+0000] {logging_mixin.py:188} INFO - [2025-11-02T19:29:41.072+0000] {dag.py:3823} INFO - Setting next_dagrun for tutorial_taskflow_api to None, run_after=None
[2025-11-02T19:29:41.127+0000] {processor.py:183} INFO - Processing /home/airflow/.local/lib/python3.8/site-packages/airflow/example_dags/tutorial_taskflow_api.py took 0.223 seconds
[2025-11-02T19:30:11.455+0000] {processor.py:161} INFO - Started process (PID=7088) to work on /home/airflow/.local/lib/python3.8/site-packages/airflow/example_dags/tutorial_taskflow_api.py
[2025-11-02T19:30:11.461+0000] {processor.py:830} INFO - Processing file /home/airflow/.local/lib/python3.8/site-packages/airflow/example_dags/tutorial_taskflow_api.py for tasks to queue
[2025-11-02T19:30:11.469+0000] {logging_mixin.py:188} INFO - [2025-11-02T19:30:11.468+0000] {dagbag.py:538} INFO - Filling up the DagBag from /home/airflow/.local/lib/python3.8/site-packages/airflow/example_dags/tutorial_taskflow_api.py
[2025-11-02T19:30:11.494+0000] {processor.py:840} INFO - DAG(s) 'tutorial_taskflow_api' retrieved from /home/airflow/.local/lib/python3.8/site-packages/airflow/example_dags/tutorial_taskflow_api.py
[2025-11-02T19:30:11.570+0000] {logging_mixin.py:188} INFO - [2025-11-02T19:30:11.570+0000] {dag.py:3036} INFO - Sync 1 DAGs
[2025-11-02T19:30:11.614+0000] {logging_mixin.py:188} INFO - [2025-11-02T19:30:11.613+0000] {dag.py:3823} INFO - Setting next_dagrun for tutorial_taskflow_api to None, run_after=None
[2025-11-02T19:30:11.698+0000] {processor.py:183} INFO - Processing /home/airflow/.local/lib/python3.8/site-packages/airflow/example_dags/tutorial_taskflow_api.py took 0.268 seconds
[2025-11-02T19:30:41.998+0000] {processor.py:161} INFO - Started process (PID=7143) to work on /home/airflow/.local/lib/python3.8/site-packages/airflow/example_dags/tutorial_taskflow_api.py
[2025-11-02T19:30:42.002+0000] {processor.py:830} INFO - Processing file /home/airflow/.local/lib/python3.8/site-packages/airflow/example_dags/tutorial_taskflow_api.py for tasks to queue
[2025-11-02T19:30:42.008+0000] {logging_mixin.py:188} INFO - [2025-11-02T19:30:42.007+0000] {dagbag.py:538} INFO - Filling up the DagBag from /home/airflow/.local/lib/python3.8/site-packages/airflow/example_dags/tutorial_taskflow_api.py
[2025-11-02T19:30:42.025+0000] {processor.py:840} INFO - DAG(s) 'tutorial_taskflow_api' retrieved from /home/airflow/.local/lib/python3.8/site-packages/airflow/example_dags/tutorial_taskflow_api.py
[2025-11-02T19:30:42.076+0000] {logging_mixin.py:188} INFO - [2025-11-02T19:30:42.076+0000] {dag.py:3036} INFO - Sync 1 DAGs
[2025-11-02T19:30:42.106+0000] {logging_mixin.py:188} INFO - [2025-11-02T19:30:42.105+0000] {dag.py:3823} INFO - Setting next_dagrun for tutorial_taskflow_api to None, run_after=None
[2025-11-02T19:30:42.204+0000] {processor.py:183} INFO - Processing /home/airflow/.local/lib/python3.8/site-packages/airflow/example_dags/tutorial_taskflow_api.py took 0.218 seconds
[2025-11-02T19:31:13.348+0000] {processor.py:161} INFO - Started process (PID=7198) to work on /home/airflow/.local/lib/python3.8/site-packages/airflow/example_dags/tutorial_taskflow_api.py
[2025-11-02T19:31:13.352+0000] {processor.py:830} INFO - Processing file /home/airflow/.local/lib/python3.8/site-packages/airflow/example_dags/tutorial_taskflow_api.py for tasks to queue
[2025-11-02T19:31:13.367+0000] {logging_mixin.py:188} INFO - [2025-11-02T19:31:13.366+0000] {dagbag.py:538} INFO - Filling up the DagBag from /home/airflow/.local/lib/python3.8/site-packages/airflow/example_dags/tutorial_taskflow_api.py
[2025-11-02T19:31:13.393+0000] {processor.py:840} INFO - DAG(s) 'tutorial_taskflow_api' retrieved from /home/airflow/.local/lib/python3.8/site-packages/airflow/example_dags/tutorial_taskflow_api.py
[2025-11-02T19:31:13.463+0000] {logging_mixin.py:188} INFO - [2025-11-02T19:31:13.462+0000] {dag.py:3036} INFO - Sync 1 DAGs
[2025-11-02T19:31:13.506+0000] {logging_mixin.py:188} INFO - [2025-11-02T19:31:13.506+0000] {dag.py:3823} INFO - Setting next_dagrun for tutorial_taskflow_api to None, run_after=None
[2025-11-02T19:31:13.553+0000] {processor.py:183} INFO - Processing /home/airflow/.local/lib/python3.8/site-packages/airflow/example_dags/tutorial_taskflow_api.py took 0.216 seconds
[2025-11-02T19:31:43.856+0000] {processor.py:161} INFO - Started process (PID=7253) to work on /home/airflow/.local/lib/python3.8/site-packages/airflow/example_dags/tutorial_taskflow_api.py
[2025-11-02T19:31:43.859+0000] {processor.py:830} INFO - Processing file /home/airflow/.local/lib/python3.8/site-packages/airflow/example_dags/tutorial_taskflow_api.py for tasks to queue
[2025-11-02T19:31:43.865+0000] {logging_mixin.py:188} INFO - [2025-11-02T19:31:43.864+0000] {dagbag.py:538} INFO - Filling up the DagBag from /home/airflow/.local/lib/python3.8/site-packages/airflow/example_dags/tutorial_taskflow_api.py
[2025-11-02T19:31:43.882+0000] {processor.py:840} INFO - DAG(s) 'tutorial_taskflow_api' retrieved from /home/airflow/.local/lib/python3.8/site-packages/airflow/example_dags/tutorial_taskflow_api.py
[2025-11-02T19:31:43.937+0000] {logging_mixin.py:188} INFO - [2025-11-02T19:31:43.937+0000] {dag.py:3036} INFO - Sync 1 DAGs
[2025-11-02T19:31:43.971+0000] {logging_mixin.py:188} INFO - [2025-11-02T19:31:43.970+0000] {dag.py:3823} INFO - Setting next_dagrun for tutorial_taskflow_api to None, run_after=None
[2025-11-02T19:31:44.028+0000] {processor.py:183} INFO - Processing /home/airflow/.local/lib/python3.8/site-packages/airflow/example_dags/tutorial_taskflow_api.py took 0.183 seconds
[2025-11-02T19:32:14.603+0000] {processor.py:161} INFO - Started process (PID=7308) to work on /home/airflow/.local/lib/python3.8/site-packages/airflow/example_dags/tutorial_taskflow_api.py
[2025-11-02T19:32:14.613+0000] {processor.py:830} INFO - Processing file /home/airflow/.local/lib/python3.8/site-packages/airflow/example_dags/tutorial_taskflow_api.py for tasks to queue
[2025-11-02T19:32:14.621+0000] {logging_mixin.py:188} INFO - [2025-11-02T19:32:14.620+0000] {dagbag.py:538} INFO - Filling up the DagBag from /home/airflow/.local/lib/python3.8/site-packages/airflow/example_dags/tutorial_taskflow_api.py
[2025-11-02T19:32:14.658+0000] {processor.py:840} INFO - DAG(s) 'tutorial_taskflow_api' retrieved from /home/airflow/.local/lib/python3.8/site-packages/airflow/example_dags/tutorial_taskflow_api.py
[2025-11-02T19:32:14.754+0000] {logging_mixin.py:188} INFO - [2025-11-02T19:32:14.753+0000] {dag.py:3036} INFO - Sync 1 DAGs
[2025-11-02T19:32:14.867+0000] {logging_mixin.py:188} INFO - [2025-11-02T19:32:14.867+0000] {dag.py:3823} INFO - Setting next_dagrun for tutorial_taskflow_api to None, run_after=None
[2025-11-02T19:32:15.024+0000] {processor.py:183} INFO - Processing /home/airflow/.local/lib/python3.8/site-packages/airflow/example_dags/tutorial_taskflow_api.py took 0.481 seconds
[2025-11-02T19:32:45.263+0000] {processor.py:161} INFO - Started process (PID=7363) to work on /home/airflow/.local/lib/python3.8/site-packages/airflow/example_dags/tutorial_taskflow_api.py
[2025-11-02T19:32:45.267+0000] {processor.py:830} INFO - Processing file /home/airflow/.local/lib/python3.8/site-packages/airflow/example_dags/tutorial_taskflow_api.py for tasks to queue
[2025-11-02T19:32:45.272+0000] {logging_mixin.py:188} INFO - [2025-11-02T19:32:45.271+0000] {dagbag.py:538} INFO - Filling up the DagBag from /home/airflow/.local/lib/python3.8/site-packages/airflow/example_dags/tutorial_taskflow_api.py
[2025-11-02T19:32:45.294+0000] {processor.py:840} INFO - DAG(s) 'tutorial_taskflow_api' retrieved from /home/airflow/.local/lib/python3.8/site-packages/airflow/example_dags/tutorial_taskflow_api.py
[2025-11-02T19:32:45.356+0000] {logging_mixin.py:188} INFO - [2025-11-02T19:32:45.355+0000] {dag.py:3036} INFO - Sync 1 DAGs
[2025-11-02T19:32:45.393+0000] {logging_mixin.py:188} INFO - [2025-11-02T19:32:45.392+0000] {dag.py:3823} INFO - Setting next_dagrun for tutorial_taskflow_api to None, run_after=None
[2025-11-02T19:32:45.442+0000] {processor.py:183} INFO - Processing /home/airflow/.local/lib/python3.8/site-packages/airflow/example_dags/tutorial_taskflow_api.py took 0.191 seconds
[2025-11-02T19:33:15.597+0000] {processor.py:161} INFO - Started process (PID=7417) to work on /home/airflow/.local/lib/python3.8/site-packages/airflow/example_dags/tutorial_taskflow_api.py
[2025-11-02T19:33:15.600+0000] {processor.py:830} INFO - Processing file /home/airflow/.local/lib/python3.8/site-packages/airflow/example_dags/tutorial_taskflow_api.py for tasks to queue
[2025-11-02T19:33:15.605+0000] {logging_mixin.py:188} INFO - [2025-11-02T19:33:15.604+0000] {dagbag.py:538} INFO - Filling up the DagBag from /home/airflow/.local/lib/python3.8/site-packages/airflow/example_dags/tutorial_taskflow_api.py
[2025-11-02T19:33:15.621+0000] {processor.py:840} INFO - DAG(s) 'tutorial_taskflow_api' retrieved from /home/airflow/.local/lib/python3.8/site-packages/airflow/example_dags/tutorial_taskflow_api.py
[2025-11-02T19:33:15.674+0000] {logging_mixin.py:188} INFO - [2025-11-02T19:33:15.674+0000] {dag.py:3036} INFO - Sync 1 DAGs
[2025-11-02T19:33:15.707+0000] {logging_mixin.py:188} INFO - [2025-11-02T19:33:15.706+0000] {dag.py:3823} INFO - Setting next_dagrun for tutorial_taskflow_api to None, run_after=None
[2025-11-02T19:33:15.752+0000] {processor.py:183} INFO - Processing /home/airflow/.local/lib/python3.8/site-packages/airflow/example_dags/tutorial_taskflow_api.py took 0.167 seconds
[2025-11-02T19:33:46.222+0000] {processor.py:161} INFO - Started process (PID=7473) to work on /home/airflow/.local/lib/python3.8/site-packages/airflow/example_dags/tutorial_taskflow_api.py
[2025-11-02T19:33:46.225+0000] {processor.py:830} INFO - Processing file /home/airflow/.local/lib/python3.8/site-packages/airflow/example_dags/tutorial_taskflow_api.py for tasks to queue
[2025-11-02T19:33:46.231+0000] {logging_mixin.py:188} INFO - [2025-11-02T19:33:46.230+0000] {dagbag.py:538} INFO - Filling up the DagBag from /home/airflow/.local/lib/python3.8/site-packages/airflow/example_dags/tutorial_taskflow_api.py
[2025-11-02T19:33:46.251+0000] {processor.py:840} INFO - DAG(s) 'tutorial_taskflow_api' retrieved from /home/airflow/.local/lib/python3.8/site-packages/airflow/example_dags/tutorial_taskflow_api.py
[2025-11-02T19:33:46.318+0000] {logging_mixin.py:188} INFO - [2025-11-02T19:33:46.318+0000] {dag.py:3036} INFO - Sync 1 DAGs
[2025-11-02T19:33:46.354+0000] {logging_mixin.py:188} INFO - [2025-11-02T19:33:46.353+0000] {dag.py:3823} INFO - Setting next_dagrun for tutorial_taskflow_api to None, run_after=None
[2025-11-02T19:33:46.420+0000] {processor.py:183} INFO - Processing /home/airflow/.local/lib/python3.8/site-packages/airflow/example_dags/tutorial_taskflow_api.py took 0.209 seconds
[2025-11-02T19:34:17.368+0000] {processor.py:161} INFO - Started process (PID=7527) to work on /home/airflow/.local/lib/python3.8/site-packages/airflow/example_dags/tutorial_taskflow_api.py
[2025-11-02T19:34:17.371+0000] {processor.py:830} INFO - Processing file /home/airflow/.local/lib/python3.8/site-packages/airflow/example_dags/tutorial_taskflow_api.py for tasks to queue
[2025-11-02T19:34:17.378+0000] {logging_mixin.py:188} INFO - [2025-11-02T19:34:17.377+0000] {dagbag.py:538} INFO - Filling up the DagBag from /home/airflow/.local/lib/python3.8/site-packages/airflow/example_dags/tutorial_taskflow_api.py
[2025-11-02T19:34:17.401+0000] {processor.py:840} INFO - DAG(s) 'tutorial_taskflow_api' retrieved from /home/airflow/.local/lib/python3.8/site-packages/airflow/example_dags/tutorial_taskflow_api.py
[2025-11-02T19:34:17.476+0000] {logging_mixin.py:188} INFO - [2025-11-02T19:34:17.476+0000] {dag.py:3036} INFO - Sync 1 DAGs
[2025-11-02T19:34:17.507+0000] {logging_mixin.py:188} INFO - [2025-11-02T19:34:17.506+0000] {dag.py:3823} INFO - Setting next_dagrun for tutorial_taskflow_api to None, run_after=None
[2025-11-02T19:34:17.559+0000] {processor.py:183} INFO - Processing /home/airflow/.local/lib/python3.8/site-packages/airflow/example_dags/tutorial_taskflow_api.py took 0.204 seconds
[2025-11-02T19:34:48.574+0000] {processor.py:161} INFO - Started process (PID=7582) to work on /home/airflow/.local/lib/python3.8/site-packages/airflow/example_dags/tutorial_taskflow_api.py
[2025-11-02T19:34:48.578+0000] {processor.py:830} INFO - Processing file /home/airflow/.local/lib/python3.8/site-packages/airflow/example_dags/tutorial_taskflow_api.py for tasks to queue
[2025-11-02T19:34:48.584+0000] {logging_mixin.py:188} INFO - [2025-11-02T19:34:48.583+0000] {dagbag.py:538} INFO - Filling up the DagBag from /home/airflow/.local/lib/python3.8/site-packages/airflow/example_dags/tutorial_taskflow_api.py
[2025-11-02T19:34:48.603+0000] {processor.py:840} INFO - DAG(s) 'tutorial_taskflow_api' retrieved from /home/airflow/.local/lib/python3.8/site-packages/airflow/example_dags/tutorial_taskflow_api.py
[2025-11-02T19:34:48.665+0000] {logging_mixin.py:188} INFO - [2025-11-02T19:34:48.664+0000] {dag.py:3036} INFO - Sync 1 DAGs
[2025-11-02T19:34:48.701+0000] {logging_mixin.py:188} INFO - [2025-11-02T19:34:48.700+0000] {dag.py:3823} INFO - Setting next_dagrun for tutorial_taskflow_api to None, run_after=None
[2025-11-02T19:34:48.749+0000] {processor.py:183} INFO - Processing /home/airflow/.local/lib/python3.8/site-packages/airflow/example_dags/tutorial_taskflow_api.py took 0.185 seconds
[2025-11-02T19:35:19.334+0000] {processor.py:161} INFO - Started process (PID=7637) to work on /home/airflow/.local/lib/python3.8/site-packages/airflow/example_dags/tutorial_taskflow_api.py
[2025-11-02T19:35:19.342+0000] {processor.py:830} INFO - Processing file /home/airflow/.local/lib/python3.8/site-packages/airflow/example_dags/tutorial_taskflow_api.py for tasks to queue
[2025-11-02T19:35:19.353+0000] {logging_mixin.py:188} INFO - [2025-11-02T19:35:19.352+0000] {dagbag.py:538} INFO - Filling up the DagBag from /home/airflow/.local/lib/python3.8/site-packages/airflow/example_dags/tutorial_taskflow_api.py
[2025-11-02T19:35:19.388+0000] {processor.py:840} INFO - DAG(s) 'tutorial_taskflow_api' retrieved from /home/airflow/.local/lib/python3.8/site-packages/airflow/example_dags/tutorial_taskflow_api.py
[2025-11-02T19:35:19.502+0000] {logging_mixin.py:188} INFO - [2025-11-02T19:35:19.501+0000] {dag.py:3036} INFO - Sync 1 DAGs
[2025-11-02T19:35:19.549+0000] {logging_mixin.py:188} INFO - [2025-11-02T19:35:19.548+0000] {dag.py:3823} INFO - Setting next_dagrun for tutorial_taskflow_api to None, run_after=None
[2025-11-02T19:35:19.620+0000] {processor.py:183} INFO - Processing /home/airflow/.local/lib/python3.8/site-packages/airflow/example_dags/tutorial_taskflow_api.py took 0.304 seconds
[2025-11-02T19:35:50.315+0000] {processor.py:161} INFO - Started process (PID=7692) to work on /home/airflow/.local/lib/python3.8/site-packages/airflow/example_dags/tutorial_taskflow_api.py
[2025-11-02T19:35:50.319+0000] {processor.py:830} INFO - Processing file /home/airflow/.local/lib/python3.8/site-packages/airflow/example_dags/tutorial_taskflow_api.py for tasks to queue
[2025-11-02T19:35:50.325+0000] {logging_mixin.py:188} INFO - [2025-11-02T19:35:50.324+0000] {dagbag.py:538} INFO - Filling up the DagBag from /home/airflow/.local/lib/python3.8/site-packages/airflow/example_dags/tutorial_taskflow_api.py
[2025-11-02T19:35:50.351+0000] {processor.py:840} INFO - DAG(s) 'tutorial_taskflow_api' retrieved from /home/airflow/.local/lib/python3.8/site-packages/airflow/example_dags/tutorial_taskflow_api.py
[2025-11-02T19:35:50.427+0000] {logging_mixin.py:188} INFO - [2025-11-02T19:35:50.426+0000] {dag.py:3036} INFO - Sync 1 DAGs
[2025-11-02T19:35:50.478+0000] {logging_mixin.py:188} INFO - [2025-11-02T19:35:50.477+0000] {dag.py:3823} INFO - Setting next_dagrun for tutorial_taskflow_api to None, run_after=None
[2025-11-02T19:35:50.540+0000] {processor.py:183} INFO - Processing /home/airflow/.local/lib/python3.8/site-packages/airflow/example_dags/tutorial_taskflow_api.py took 0.238 seconds
[2025-11-02T19:36:22.074+0000] {processor.py:161} INFO - Started process (PID=7744) to work on /home/airflow/.local/lib/python3.8/site-packages/airflow/example_dags/tutorial_taskflow_api.py
[2025-11-02T19:36:22.077+0000] {processor.py:830} INFO - Processing file /home/airflow/.local/lib/python3.8/site-packages/airflow/example_dags/tutorial_taskflow_api.py for tasks to queue
[2025-11-02T19:36:22.088+0000] {logging_mixin.py:188} INFO - [2025-11-02T19:36:22.087+0000] {dagbag.py:538} INFO - Filling up the DagBag from /home/airflow/.local/lib/python3.8/site-packages/airflow/example_dags/tutorial_taskflow_api.py
[2025-11-02T19:36:22.149+0000] {processor.py:840} INFO - DAG(s) 'tutorial_taskflow_api' retrieved from /home/airflow/.local/lib/python3.8/site-packages/airflow/example_dags/tutorial_taskflow_api.py
[2025-11-02T19:36:22.365+0000] {logging_mixin.py:188} INFO - [2025-11-02T19:36:22.365+0000] {dag.py:3036} INFO - Sync 1 DAGs
[2025-11-02T19:36:22.451+0000] {logging_mixin.py:188} INFO - [2025-11-02T19:36:22.451+0000] {dag.py:3823} INFO - Setting next_dagrun for tutorial_taskflow_api to None, run_after=None
[2025-11-02T19:36:22.560+0000] {processor.py:183} INFO - Processing /home/airflow/.local/lib/python3.8/site-packages/airflow/example_dags/tutorial_taskflow_api.py took 0.521 seconds
[2025-11-02T19:37:00.496+0000] {processor.py:161} INFO - Started process (PID=7804) to work on /home/airflow/.local/lib/python3.8/site-packages/airflow/example_dags/tutorial_taskflow_api.py
[2025-11-02T19:37:00.500+0000] {processor.py:830} INFO - Processing file /home/airflow/.local/lib/python3.8/site-packages/airflow/example_dags/tutorial_taskflow_api.py for tasks to queue
[2025-11-02T19:37:00.508+0000] {logging_mixin.py:188} INFO - [2025-11-02T19:37:00.506+0000] {dagbag.py:538} INFO - Filling up the DagBag from /home/airflow/.local/lib/python3.8/site-packages/airflow/example_dags/tutorial_taskflow_api.py
[2025-11-02T19:37:00.531+0000] {processor.py:840} INFO - DAG(s) 'tutorial_taskflow_api' retrieved from /home/airflow/.local/lib/python3.8/site-packages/airflow/example_dags/tutorial_taskflow_api.py
[2025-11-02T19:37:00.612+0000] {logging_mixin.py:188} INFO - [2025-11-02T19:37:00.611+0000] {dag.py:3036} INFO - Sync 1 DAGs
[2025-11-02T19:37:00.664+0000] {logging_mixin.py:188} INFO - [2025-11-02T19:37:00.663+0000] {dag.py:3823} INFO - Setting next_dagrun for tutorial_taskflow_api to None, run_after=None
[2025-11-02T19:37:00.753+0000] {processor.py:183} INFO - Processing /home/airflow/.local/lib/python3.8/site-packages/airflow/example_dags/tutorial_taskflow_api.py took 0.270 seconds
[2025-11-02T19:37:31.400+0000] {processor.py:161} INFO - Started process (PID=7859) to work on /home/airflow/.local/lib/python3.8/site-packages/airflow/example_dags/tutorial_taskflow_api.py
[2025-11-02T19:37:31.404+0000] {processor.py:830} INFO - Processing file /home/airflow/.local/lib/python3.8/site-packages/airflow/example_dags/tutorial_taskflow_api.py for tasks to queue
[2025-11-02T19:37:31.412+0000] {logging_mixin.py:188} INFO - [2025-11-02T19:37:31.411+0000] {dagbag.py:538} INFO - Filling up the DagBag from /home/airflow/.local/lib/python3.8/site-packages/airflow/example_dags/tutorial_taskflow_api.py
[2025-11-02T19:37:31.449+0000] {processor.py:840} INFO - DAG(s) 'tutorial_taskflow_api' retrieved from /home/airflow/.local/lib/python3.8/site-packages/airflow/example_dags/tutorial_taskflow_api.py
[2025-11-02T19:37:31.554+0000] {logging_mixin.py:188} INFO - [2025-11-02T19:37:31.553+0000] {dag.py:3036} INFO - Sync 1 DAGs
[2025-11-02T19:37:31.611+0000] {logging_mixin.py:188} INFO - [2025-11-02T19:37:31.610+0000] {dag.py:3823} INFO - Setting next_dagrun for tutorial_taskflow_api to None, run_after=None
[2025-11-02T19:37:31.685+0000] {processor.py:183} INFO - Processing /home/airflow/.local/lib/python3.8/site-packages/airflow/example_dags/tutorial_taskflow_api.py took 0.300 seconds
[2025-11-02T19:38:02.658+0000] {processor.py:161} INFO - Started process (PID=7914) to work on /home/airflow/.local/lib/python3.8/site-packages/airflow/example_dags/tutorial_taskflow_api.py
[2025-11-02T19:38:02.661+0000] {processor.py:830} INFO - Processing file /home/airflow/.local/lib/python3.8/site-packages/airflow/example_dags/tutorial_taskflow_api.py for tasks to queue
[2025-11-02T19:38:02.665+0000] {logging_mixin.py:188} INFO - [2025-11-02T19:38:02.665+0000] {dagbag.py:538} INFO - Filling up the DagBag from /home/airflow/.local/lib/python3.8/site-packages/airflow/example_dags/tutorial_taskflow_api.py
[2025-11-02T19:38:02.681+0000] {processor.py:840} INFO - DAG(s) 'tutorial_taskflow_api' retrieved from /home/airflow/.local/lib/python3.8/site-packages/airflow/example_dags/tutorial_taskflow_api.py
[2025-11-02T19:38:02.724+0000] {logging_mixin.py:188} INFO - [2025-11-02T19:38:02.723+0000] {dag.py:3036} INFO - Sync 1 DAGs
[2025-11-02T19:38:02.749+0000] {logging_mixin.py:188} INFO - [2025-11-02T19:38:02.748+0000] {dag.py:3823} INFO - Setting next_dagrun for tutorial_taskflow_api to None, run_after=None
[2025-11-02T19:38:02.790+0000] {processor.py:183} INFO - Processing /home/airflow/.local/lib/python3.8/site-packages/airflow/example_dags/tutorial_taskflow_api.py took 0.140 seconds
[2025-11-02T19:38:33.847+0000] {processor.py:161} INFO - Started process (PID=7969) to work on /home/airflow/.local/lib/python3.8/site-packages/airflow/example_dags/tutorial_taskflow_api.py
[2025-11-02T19:38:33.860+0000] {processor.py:830} INFO - Processing file /home/airflow/.local/lib/python3.8/site-packages/airflow/example_dags/tutorial_taskflow_api.py for tasks to queue
[2025-11-02T19:38:33.871+0000] {logging_mixin.py:188} INFO - [2025-11-02T19:38:33.871+0000] {dagbag.py:538} INFO - Filling up the DagBag from /home/airflow/.local/lib/python3.8/site-packages/airflow/example_dags/tutorial_taskflow_api.py
[2025-11-02T19:38:33.909+0000] {processor.py:840} INFO - DAG(s) 'tutorial_taskflow_api' retrieved from /home/airflow/.local/lib/python3.8/site-packages/airflow/example_dags/tutorial_taskflow_api.py
[2025-11-02T19:38:34.009+0000] {logging_mixin.py:188} INFO - [2025-11-02T19:38:34.008+0000] {dag.py:3036} INFO - Sync 1 DAGs
[2025-11-02T19:38:34.080+0000] {logging_mixin.py:188} INFO - [2025-11-02T19:38:34.079+0000] {dag.py:3823} INFO - Setting next_dagrun for tutorial_taskflow_api to None, run_after=None
[2025-11-02T19:38:34.182+0000] {processor.py:183} INFO - Processing /home/airflow/.local/lib/python3.8/site-packages/airflow/example_dags/tutorial_taskflow_api.py took 0.350 seconds
[2025-11-02T19:39:04.318+0000] {processor.py:161} INFO - Started process (PID=8025) to work on /home/airflow/.local/lib/python3.8/site-packages/airflow/example_dags/tutorial_taskflow_api.py
[2025-11-02T19:39:04.321+0000] {processor.py:830} INFO - Processing file /home/airflow/.local/lib/python3.8/site-packages/airflow/example_dags/tutorial_taskflow_api.py for tasks to queue
[2025-11-02T19:39:04.327+0000] {logging_mixin.py:188} INFO - [2025-11-02T19:39:04.326+0000] {dagbag.py:538} INFO - Filling up the DagBag from /home/airflow/.local/lib/python3.8/site-packages/airflow/example_dags/tutorial_taskflow_api.py
[2025-11-02T19:39:04.352+0000] {processor.py:840} INFO - DAG(s) 'tutorial_taskflow_api' retrieved from /home/airflow/.local/lib/python3.8/site-packages/airflow/example_dags/tutorial_taskflow_api.py
[2025-11-02T19:39:04.401+0000] {logging_mixin.py:188} INFO - [2025-11-02T19:39:04.401+0000] {dag.py:3036} INFO - Sync 1 DAGs
[2025-11-02T19:39:04.425+0000] {logging_mixin.py:188} INFO - [2025-11-02T19:39:04.425+0000] {dag.py:3823} INFO - Setting next_dagrun for tutorial_taskflow_api to None, run_after=None
[2025-11-02T19:39:04.466+0000] {processor.py:183} INFO - Processing /home/airflow/.local/lib/python3.8/site-packages/airflow/example_dags/tutorial_taskflow_api.py took 0.159 seconds
[2025-11-02T19:39:35.559+0000] {processor.py:161} INFO - Started process (PID=8081) to work on /home/airflow/.local/lib/python3.8/site-packages/airflow/example_dags/tutorial_taskflow_api.py
[2025-11-02T19:39:35.562+0000] {processor.py:830} INFO - Processing file /home/airflow/.local/lib/python3.8/site-packages/airflow/example_dags/tutorial_taskflow_api.py for tasks to queue
[2025-11-02T19:39:35.569+0000] {logging_mixin.py:188} INFO - [2025-11-02T19:39:35.568+0000] {dagbag.py:538} INFO - Filling up the DagBag from /home/airflow/.local/lib/python3.8/site-packages/airflow/example_dags/tutorial_taskflow_api.py
[2025-11-02T19:39:35.592+0000] {processor.py:840} INFO - DAG(s) 'tutorial_taskflow_api' retrieved from /home/airflow/.local/lib/python3.8/site-packages/airflow/example_dags/tutorial_taskflow_api.py
[2025-11-02T19:39:35.656+0000] {logging_mixin.py:188} INFO - [2025-11-02T19:39:35.655+0000] {dag.py:3036} INFO - Sync 1 DAGs
[2025-11-02T19:39:35.699+0000] {logging_mixin.py:188} INFO - [2025-11-02T19:39:35.698+0000] {dag.py:3823} INFO - Setting next_dagrun for tutorial_taskflow_api to None, run_after=None
[2025-11-02T19:39:35.764+0000] {processor.py:183} INFO - Processing /home/airflow/.local/lib/python3.8/site-packages/airflow/example_dags/tutorial_taskflow_api.py took 0.218 seconds
[2025-11-02T19:40:06.371+0000] {processor.py:161} INFO - Started process (PID=8136) to work on /home/airflow/.local/lib/python3.8/site-packages/airflow/example_dags/tutorial_taskflow_api.py
[2025-11-02T19:40:06.374+0000] {processor.py:830} INFO - Processing file /home/airflow/.local/lib/python3.8/site-packages/airflow/example_dags/tutorial_taskflow_api.py for tasks to queue
[2025-11-02T19:40:06.381+0000] {logging_mixin.py:188} INFO - [2025-11-02T19:40:06.380+0000] {dagbag.py:538} INFO - Filling up the DagBag from /home/airflow/.local/lib/python3.8/site-packages/airflow/example_dags/tutorial_taskflow_api.py
[2025-11-02T19:40:06.402+0000] {processor.py:840} INFO - DAG(s) 'tutorial_taskflow_api' retrieved from /home/airflow/.local/lib/python3.8/site-packages/airflow/example_dags/tutorial_taskflow_api.py
[2025-11-02T19:40:06.452+0000] {logging_mixin.py:188} INFO - [2025-11-02T19:40:06.452+0000] {dag.py:3036} INFO - Sync 1 DAGs
[2025-11-02T19:40:06.484+0000] {logging_mixin.py:188} INFO - [2025-11-02T19:40:06.483+0000] {dag.py:3823} INFO - Setting next_dagrun for tutorial_taskflow_api to None, run_after=None
[2025-11-02T19:40:06.550+0000] {processor.py:183} INFO - Processing /home/airflow/.local/lib/python3.8/site-packages/airflow/example_dags/tutorial_taskflow_api.py took 0.196 seconds
[2025-11-02T19:40:36.927+0000] {processor.py:161} INFO - Started process (PID=8191) to work on /home/airflow/.local/lib/python3.8/site-packages/airflow/example_dags/tutorial_taskflow_api.py
[2025-11-02T19:40:36.931+0000] {processor.py:830} INFO - Processing file /home/airflow/.local/lib/python3.8/site-packages/airflow/example_dags/tutorial_taskflow_api.py for tasks to queue
[2025-11-02T19:40:36.938+0000] {logging_mixin.py:188} INFO - [2025-11-02T19:40:36.937+0000] {dagbag.py:538} INFO - Filling up the DagBag from /home/airflow/.local/lib/python3.8/site-packages/airflow/example_dags/tutorial_taskflow_api.py
[2025-11-02T19:40:36.965+0000] {processor.py:840} INFO - DAG(s) 'tutorial_taskflow_api' retrieved from /home/airflow/.local/lib/python3.8/site-packages/airflow/example_dags/tutorial_taskflow_api.py
[2025-11-02T19:40:37.045+0000] {logging_mixin.py:188} INFO - [2025-11-02T19:40:37.044+0000] {dag.py:3036} INFO - Sync 1 DAGs
[2025-11-02T19:40:37.130+0000] {logging_mixin.py:188} INFO - [2025-11-02T19:40:37.129+0000] {dag.py:3823} INFO - Setting next_dagrun for tutorial_taskflow_api to None, run_after=None
[2025-11-02T19:40:37.190+0000] {processor.py:183} INFO - Processing /home/airflow/.local/lib/python3.8/site-packages/airflow/example_dags/tutorial_taskflow_api.py took 0.276 seconds
[2025-11-02T19:41:07.751+0000] {processor.py:161} INFO - Started process (PID=8246) to work on /home/airflow/.local/lib/python3.8/site-packages/airflow/example_dags/tutorial_taskflow_api.py
[2025-11-02T19:41:07.754+0000] {processor.py:830} INFO - Processing file /home/airflow/.local/lib/python3.8/site-packages/airflow/example_dags/tutorial_taskflow_api.py for tasks to queue
[2025-11-02T19:41:07.759+0000] {logging_mixin.py:188} INFO - [2025-11-02T19:41:07.758+0000] {dagbag.py:538} INFO - Filling up the DagBag from /home/airflow/.local/lib/python3.8/site-packages/airflow/example_dags/tutorial_taskflow_api.py
[2025-11-02T19:41:07.774+0000] {processor.py:840} INFO - DAG(s) 'tutorial_taskflow_api' retrieved from /home/airflow/.local/lib/python3.8/site-packages/airflow/example_dags/tutorial_taskflow_api.py
[2025-11-02T19:41:07.819+0000] {logging_mixin.py:188} INFO - [2025-11-02T19:41:07.818+0000] {dag.py:3036} INFO - Sync 1 DAGs
[2025-11-02T19:41:07.845+0000] {logging_mixin.py:188} INFO - [2025-11-02T19:41:07.844+0000] {dag.py:3823} INFO - Setting next_dagrun for tutorial_taskflow_api to None, run_after=None
[2025-11-02T19:41:07.885+0000] {processor.py:183} INFO - Processing /home/airflow/.local/lib/python3.8/site-packages/airflow/example_dags/tutorial_taskflow_api.py took 0.143 seconds
[2025-11-02T19:41:38.469+0000] {processor.py:161} INFO - Started process (PID=8301) to work on /home/airflow/.local/lib/python3.8/site-packages/airflow/example_dags/tutorial_taskflow_api.py
[2025-11-02T19:41:38.474+0000] {processor.py:830} INFO - Processing file /home/airflow/.local/lib/python3.8/site-packages/airflow/example_dags/tutorial_taskflow_api.py for tasks to queue
[2025-11-02T19:41:38.485+0000] {logging_mixin.py:188} INFO - [2025-11-02T19:41:38.484+0000] {dagbag.py:538} INFO - Filling up the DagBag from /home/airflow/.local/lib/python3.8/site-packages/airflow/example_dags/tutorial_taskflow_api.py
[2025-11-02T19:41:38.522+0000] {processor.py:840} INFO - DAG(s) 'tutorial_taskflow_api' retrieved from /home/airflow/.local/lib/python3.8/site-packages/airflow/example_dags/tutorial_taskflow_api.py
[2025-11-02T19:41:38.638+0000] {logging_mixin.py:188} INFO - [2025-11-02T19:41:38.637+0000] {dag.py:3036} INFO - Sync 1 DAGs
[2025-11-02T19:41:38.707+0000] {logging_mixin.py:188} INFO - [2025-11-02T19:41:38.707+0000] {dag.py:3823} INFO - Setting next_dagrun for tutorial_taskflow_api to None, run_after=None
[2025-11-02T19:41:38.791+0000] {processor.py:183} INFO - Processing /home/airflow/.local/lib/python3.8/site-packages/airflow/example_dags/tutorial_taskflow_api.py took 0.335 seconds
[2025-11-02T19:42:09.638+0000] {processor.py:161} INFO - Started process (PID=8355) to work on /home/airflow/.local/lib/python3.8/site-packages/airflow/example_dags/tutorial_taskflow_api.py
[2025-11-02T19:42:09.648+0000] {processor.py:830} INFO - Processing file /home/airflow/.local/lib/python3.8/site-packages/airflow/example_dags/tutorial_taskflow_api.py for tasks to queue
[2025-11-02T19:42:09.661+0000] {logging_mixin.py:188} INFO - [2025-11-02T19:42:09.659+0000] {dagbag.py:538} INFO - Filling up the DagBag from /home/airflow/.local/lib/python3.8/site-packages/airflow/example_dags/tutorial_taskflow_api.py
[2025-11-02T19:42:09.733+0000] {processor.py:840} INFO - DAG(s) 'tutorial_taskflow_api' retrieved from /home/airflow/.local/lib/python3.8/site-packages/airflow/example_dags/tutorial_taskflow_api.py
[2025-11-02T19:42:09.844+0000] {logging_mixin.py:188} INFO - [2025-11-02T19:42:09.843+0000] {dag.py:3036} INFO - Sync 1 DAGs
[2025-11-02T19:42:09.930+0000] {logging_mixin.py:188} INFO - [2025-11-02T19:42:09.929+0000] {dag.py:3823} INFO - Setting next_dagrun for tutorial_taskflow_api to None, run_after=None
[2025-11-02T19:42:10.018+0000] {processor.py:183} INFO - Processing /home/airflow/.local/lib/python3.8/site-packages/airflow/example_dags/tutorial_taskflow_api.py took 0.412 seconds
[2025-11-02T19:42:40.551+0000] {processor.py:161} INFO - Started process (PID=8410) to work on /home/airflow/.local/lib/python3.8/site-packages/airflow/example_dags/tutorial_taskflow_api.py
[2025-11-02T19:42:40.564+0000] {processor.py:830} INFO - Processing file /home/airflow/.local/lib/python3.8/site-packages/airflow/example_dags/tutorial_taskflow_api.py for tasks to queue
[2025-11-02T19:42:40.582+0000] {logging_mixin.py:188} INFO - [2025-11-02T19:42:40.581+0000] {dagbag.py:538} INFO - Filling up the DagBag from /home/airflow/.local/lib/python3.8/site-packages/airflow/example_dags/tutorial_taskflow_api.py
[2025-11-02T19:42:40.656+0000] {processor.py:840} INFO - DAG(s) 'tutorial_taskflow_api' retrieved from /home/airflow/.local/lib/python3.8/site-packages/airflow/example_dags/tutorial_taskflow_api.py
[2025-11-02T19:42:40.876+0000] {logging_mixin.py:188} INFO - [2025-11-02T19:42:40.876+0000] {dag.py:3036} INFO - Sync 1 DAGs
[2025-11-02T19:42:41.021+0000] {logging_mixin.py:188} INFO - [2025-11-02T19:42:41.020+0000] {dag.py:3823} INFO - Setting next_dagrun for tutorial_taskflow_api to None, run_after=None
[2025-11-02T19:42:41.168+0000] {processor.py:183} INFO - Processing /home/airflow/.local/lib/python3.8/site-packages/airflow/example_dags/tutorial_taskflow_api.py took 0.639 seconds
