[2025-11-02T18:24:26.174+0000] {processor.py:161} INFO - Started process (PID=81) to work on /home/airflow/.local/lib/python3.8/site-packages/airflow/example_dags/tutorial.py
[2025-11-02T18:24:26.191+0000] {processor.py:830} INFO - Processing file /home/airflow/.local/lib/python3.8/site-packages/airflow/example_dags/tutorial.py for tasks to queue
[2025-11-02T18:24:26.211+0000] {logging_mixin.py:188} INFO - [2025-11-02T18:24:26.206+0000] {dagbag.py:538} INFO - Filling up the DagBag from /home/airflow/.local/lib/python3.8/site-packages/airflow/example_dags/tutorial.py
[2025-11-02T18:24:26.288+0000] {processor.py:840} INFO - DAG(s) 'tutorial' retrieved from /home/airflow/.local/lib/python3.8/site-packages/airflow/example_dags/tutorial.py
[2025-11-02T18:24:26.857+0000] {logging_mixin.py:188} INFO - [2025-11-02T18:24:26.856+0000] {dag.py:3036} INFO - Sync 1 DAGs
[2025-11-02T18:24:26.922+0000] {logging_mixin.py:188} INFO - [2025-11-02T18:24:26.921+0000] {dag.py:3823} INFO - Setting next_dagrun for tutorial to 2025-11-01 00:00:00+00:00, run_after=2025-11-02 00:00:00+00:00
[2025-11-02T18:24:26.994+0000] {processor.py:183} INFO - Processing /home/airflow/.local/lib/python3.8/site-packages/airflow/example_dags/tutorial.py took 0.854 seconds
[2025-11-02T18:25:07.652+0000] {processor.py:161} INFO - Started process (PID=142) to work on /home/airflow/.local/lib/python3.8/site-packages/airflow/example_dags/tutorial.py
[2025-11-02T18:25:07.655+0000] {processor.py:830} INFO - Processing file /home/airflow/.local/lib/python3.8/site-packages/airflow/example_dags/tutorial.py for tasks to queue
[2025-11-02T18:25:07.661+0000] {logging_mixin.py:188} INFO - [2025-11-02T18:25:07.660+0000] {dagbag.py:538} INFO - Filling up the DagBag from /home/airflow/.local/lib/python3.8/site-packages/airflow/example_dags/tutorial.py
[2025-11-02T18:25:07.681+0000] {processor.py:840} INFO - DAG(s) 'tutorial' retrieved from /home/airflow/.local/lib/python3.8/site-packages/airflow/example_dags/tutorial.py
[2025-11-02T18:25:07.744+0000] {logging_mixin.py:188} INFO - [2025-11-02T18:25:07.744+0000] {dag.py:3036} INFO - Sync 1 DAGs
[2025-11-02T18:25:07.824+0000] {logging_mixin.py:188} INFO - [2025-11-02T18:25:07.823+0000] {dag.py:3823} INFO - Setting next_dagrun for tutorial to 2025-11-01 00:00:00+00:00, run_after=2025-11-02 00:00:00+00:00
[2025-11-02T18:25:07.878+0000] {processor.py:183} INFO - Processing /home/airflow/.local/lib/python3.8/site-packages/airflow/example_dags/tutorial.py took 0.239 seconds
[2025-11-02T18:25:38.980+0000] {processor.py:161} INFO - Started process (PID=197) to work on /home/airflow/.local/lib/python3.8/site-packages/airflow/example_dags/tutorial.py
[2025-11-02T18:25:38.985+0000] {processor.py:830} INFO - Processing file /home/airflow/.local/lib/python3.8/site-packages/airflow/example_dags/tutorial.py for tasks to queue
[2025-11-02T18:25:39.006+0000] {logging_mixin.py:188} INFO - [2025-11-02T18:25:39.004+0000] {dagbag.py:538} INFO - Filling up the DagBag from /home/airflow/.local/lib/python3.8/site-packages/airflow/example_dags/tutorial.py
[2025-11-02T18:25:39.030+0000] {processor.py:840} INFO - DAG(s) 'tutorial' retrieved from /home/airflow/.local/lib/python3.8/site-packages/airflow/example_dags/tutorial.py
[2025-11-02T18:25:39.092+0000] {logging_mixin.py:188} INFO - [2025-11-02T18:25:39.092+0000] {dag.py:3036} INFO - Sync 1 DAGs
[2025-11-02T18:25:39.158+0000] {logging_mixin.py:188} INFO - [2025-11-02T18:25:39.157+0000] {dag.py:3823} INFO - Setting next_dagrun for tutorial to 2025-11-01 00:00:00+00:00, run_after=2025-11-02 00:00:00+00:00
[2025-11-02T18:25:39.210+0000] {processor.py:183} INFO - Processing /home/airflow/.local/lib/python3.8/site-packages/airflow/example_dags/tutorial.py took 0.251 seconds
[2025-11-02T18:26:09.500+0000] {processor.py:161} INFO - Started process (PID=250) to work on /home/airflow/.local/lib/python3.8/site-packages/airflow/example_dags/tutorial.py
[2025-11-02T18:26:09.504+0000] {processor.py:830} INFO - Processing file /home/airflow/.local/lib/python3.8/site-packages/airflow/example_dags/tutorial.py for tasks to queue
[2025-11-02T18:26:09.512+0000] {logging_mixin.py:188} INFO - [2025-11-02T18:26:09.510+0000] {dagbag.py:538} INFO - Filling up the DagBag from /home/airflow/.local/lib/python3.8/site-packages/airflow/example_dags/tutorial.py
[2025-11-02T18:26:09.537+0000] {processor.py:840} INFO - DAG(s) 'tutorial' retrieved from /home/airflow/.local/lib/python3.8/site-packages/airflow/example_dags/tutorial.py
[2025-11-02T18:26:09.611+0000] {logging_mixin.py:188} INFO - [2025-11-02T18:26:09.610+0000] {dag.py:3036} INFO - Sync 1 DAGs
[2025-11-02T18:26:09.738+0000] {logging_mixin.py:188} INFO - [2025-11-02T18:26:09.738+0000] {dag.py:3823} INFO - Setting next_dagrun for tutorial to 2025-11-01 00:00:00+00:00, run_after=2025-11-02 00:00:00+00:00
[2025-11-02T18:26:09.832+0000] {processor.py:183} INFO - Processing /home/airflow/.local/lib/python3.8/site-packages/airflow/example_dags/tutorial.py took 0.346 seconds
[2025-11-02T18:26:40.017+0000] {processor.py:161} INFO - Started process (PID=304) to work on /home/airflow/.local/lib/python3.8/site-packages/airflow/example_dags/tutorial.py
[2025-11-02T18:26:40.020+0000] {processor.py:830} INFO - Processing file /home/airflow/.local/lib/python3.8/site-packages/airflow/example_dags/tutorial.py for tasks to queue
[2025-11-02T18:26:40.027+0000] {logging_mixin.py:188} INFO - [2025-11-02T18:26:40.026+0000] {dagbag.py:538} INFO - Filling up the DagBag from /home/airflow/.local/lib/python3.8/site-packages/airflow/example_dags/tutorial.py
[2025-11-02T18:26:40.048+0000] {processor.py:840} INFO - DAG(s) 'tutorial' retrieved from /home/airflow/.local/lib/python3.8/site-packages/airflow/example_dags/tutorial.py
[2025-11-02T18:26:40.131+0000] {logging_mixin.py:188} INFO - [2025-11-02T18:26:40.130+0000] {dag.py:3036} INFO - Sync 1 DAGs
[2025-11-02T18:26:40.190+0000] {logging_mixin.py:188} INFO - [2025-11-02T18:26:40.190+0000] {dag.py:3823} INFO - Setting next_dagrun for tutorial to 2025-11-01 00:00:00+00:00, run_after=2025-11-02 00:00:00+00:00
[2025-11-02T18:26:40.257+0000] {processor.py:183} INFO - Processing /home/airflow/.local/lib/python3.8/site-packages/airflow/example_dags/tutorial.py took 0.249 seconds
[2025-11-02T18:27:10.540+0000] {processor.py:161} INFO - Started process (PID=359) to work on /home/airflow/.local/lib/python3.8/site-packages/airflow/example_dags/tutorial.py
[2025-11-02T18:27:10.544+0000] {processor.py:830} INFO - Processing file /home/airflow/.local/lib/python3.8/site-packages/airflow/example_dags/tutorial.py for tasks to queue
[2025-11-02T18:27:10.549+0000] {logging_mixin.py:188} INFO - [2025-11-02T18:27:10.548+0000] {dagbag.py:538} INFO - Filling up the DagBag from /home/airflow/.local/lib/python3.8/site-packages/airflow/example_dags/tutorial.py
[2025-11-02T18:27:10.563+0000] {processor.py:840} INFO - DAG(s) 'tutorial' retrieved from /home/airflow/.local/lib/python3.8/site-packages/airflow/example_dags/tutorial.py
[2025-11-02T18:27:10.618+0000] {logging_mixin.py:188} INFO - [2025-11-02T18:27:10.618+0000] {dag.py:3036} INFO - Sync 1 DAGs
[2025-11-02T18:27:10.674+0000] {logging_mixin.py:188} INFO - [2025-11-02T18:27:10.674+0000] {dag.py:3823} INFO - Setting next_dagrun for tutorial to 2025-11-01 00:00:00+00:00, run_after=2025-11-02 00:00:00+00:00
[2025-11-02T18:27:10.725+0000] {processor.py:183} INFO - Processing /home/airflow/.local/lib/python3.8/site-packages/airflow/example_dags/tutorial.py took 0.194 seconds
[2025-11-02T18:27:40.798+0000] {processor.py:161} INFO - Started process (PID=413) to work on /home/airflow/.local/lib/python3.8/site-packages/airflow/example_dags/tutorial.py
[2025-11-02T18:27:40.801+0000] {processor.py:830} INFO - Processing file /home/airflow/.local/lib/python3.8/site-packages/airflow/example_dags/tutorial.py for tasks to queue
[2025-11-02T18:27:40.806+0000] {logging_mixin.py:188} INFO - [2025-11-02T18:27:40.805+0000] {dagbag.py:538} INFO - Filling up the DagBag from /home/airflow/.local/lib/python3.8/site-packages/airflow/example_dags/tutorial.py
[2025-11-02T18:27:40.823+0000] {processor.py:840} INFO - DAG(s) 'tutorial' retrieved from /home/airflow/.local/lib/python3.8/site-packages/airflow/example_dags/tutorial.py
[2025-11-02T18:27:40.902+0000] {logging_mixin.py:188} INFO - [2025-11-02T18:27:40.900+0000] {dag.py:3036} INFO - Sync 1 DAGs
[2025-11-02T18:27:40.976+0000] {logging_mixin.py:188} INFO - [2025-11-02T18:27:40.975+0000] {dag.py:3823} INFO - Setting next_dagrun for tutorial to 2025-11-01 00:00:00+00:00, run_after=2025-11-02 00:00:00+00:00
[2025-11-02T18:27:41.031+0000] {processor.py:183} INFO - Processing /home/airflow/.local/lib/python3.8/site-packages/airflow/example_dags/tutorial.py took 0.242 seconds
[2025-11-02T18:28:11.725+0000] {processor.py:161} INFO - Started process (PID=469) to work on /home/airflow/.local/lib/python3.8/site-packages/airflow/example_dags/tutorial.py
[2025-11-02T18:28:11.728+0000] {processor.py:830} INFO - Processing file /home/airflow/.local/lib/python3.8/site-packages/airflow/example_dags/tutorial.py for tasks to queue
[2025-11-02T18:28:11.733+0000] {logging_mixin.py:188} INFO - [2025-11-02T18:28:11.732+0000] {dagbag.py:538} INFO - Filling up the DagBag from /home/airflow/.local/lib/python3.8/site-packages/airflow/example_dags/tutorial.py
[2025-11-02T18:28:11.751+0000] {processor.py:840} INFO - DAG(s) 'tutorial' retrieved from /home/airflow/.local/lib/python3.8/site-packages/airflow/example_dags/tutorial.py
[2025-11-02T18:28:11.809+0000] {logging_mixin.py:188} INFO - [2025-11-02T18:28:11.808+0000] {dag.py:3036} INFO - Sync 1 DAGs
[2025-11-02T18:28:11.870+0000] {logging_mixin.py:188} INFO - [2025-11-02T18:28:11.869+0000] {dag.py:3823} INFO - Setting next_dagrun for tutorial to 2025-11-01 00:00:00+00:00, run_after=2025-11-02 00:00:00+00:00
[2025-11-02T18:28:11.943+0000] {processor.py:183} INFO - Processing /home/airflow/.local/lib/python3.8/site-packages/airflow/example_dags/tutorial.py took 0.230 seconds
[2025-11-02T18:28:43.030+0000] {processor.py:161} INFO - Started process (PID=526) to work on /home/airflow/.local/lib/python3.8/site-packages/airflow/example_dags/tutorial.py
[2025-11-02T18:28:43.034+0000] {processor.py:830} INFO - Processing file /home/airflow/.local/lib/python3.8/site-packages/airflow/example_dags/tutorial.py for tasks to queue
[2025-11-02T18:28:43.052+0000] {logging_mixin.py:188} INFO - [2025-11-02T18:28:43.050+0000] {dagbag.py:538} INFO - Filling up the DagBag from /home/airflow/.local/lib/python3.8/site-packages/airflow/example_dags/tutorial.py
[2025-11-02T18:28:43.102+0000] {processor.py:840} INFO - DAG(s) 'tutorial' retrieved from /home/airflow/.local/lib/python3.8/site-packages/airflow/example_dags/tutorial.py
[2025-11-02T18:28:43.287+0000] {logging_mixin.py:188} INFO - [2025-11-02T18:28:43.287+0000] {dag.py:3036} INFO - Sync 1 DAGs
[2025-11-02T18:28:43.436+0000] {logging_mixin.py:188} INFO - [2025-11-02T18:28:43.435+0000] {dag.py:3823} INFO - Setting next_dagrun for tutorial to 2025-11-01 00:00:00+00:00, run_after=2025-11-02 00:00:00+00:00
[2025-11-02T18:28:43.510+0000] {processor.py:183} INFO - Processing /home/airflow/.local/lib/python3.8/site-packages/airflow/example_dags/tutorial.py took 0.510 seconds
[2025-11-02T18:29:13.827+0000] {processor.py:161} INFO - Started process (PID=580) to work on /home/airflow/.local/lib/python3.8/site-packages/airflow/example_dags/tutorial.py
[2025-11-02T18:29:13.831+0000] {processor.py:830} INFO - Processing file /home/airflow/.local/lib/python3.8/site-packages/airflow/example_dags/tutorial.py for tasks to queue
[2025-11-02T18:29:13.837+0000] {logging_mixin.py:188} INFO - [2025-11-02T18:29:13.835+0000] {dagbag.py:538} INFO - Filling up the DagBag from /home/airflow/.local/lib/python3.8/site-packages/airflow/example_dags/tutorial.py
[2025-11-02T18:29:13.854+0000] {processor.py:840} INFO - DAG(s) 'tutorial' retrieved from /home/airflow/.local/lib/python3.8/site-packages/airflow/example_dags/tutorial.py
[2025-11-02T18:29:13.906+0000] {logging_mixin.py:188} INFO - [2025-11-02T18:29:13.906+0000] {dag.py:3036} INFO - Sync 1 DAGs
[2025-11-02T18:29:13.968+0000] {logging_mixin.py:188} INFO - [2025-11-02T18:29:13.967+0000] {dag.py:3823} INFO - Setting next_dagrun for tutorial to 2025-11-01 00:00:00+00:00, run_after=2025-11-02 00:00:00+00:00
[2025-11-02T18:29:14.009+0000] {processor.py:183} INFO - Processing /home/airflow/.local/lib/python3.8/site-packages/airflow/example_dags/tutorial.py took 0.195 seconds
[2025-11-02T18:29:44.803+0000] {processor.py:161} INFO - Started process (PID=636) to work on /home/airflow/.local/lib/python3.8/site-packages/airflow/example_dags/tutorial.py
[2025-11-02T18:29:44.806+0000] {processor.py:830} INFO - Processing file /home/airflow/.local/lib/python3.8/site-packages/airflow/example_dags/tutorial.py for tasks to queue
[2025-11-02T18:29:44.812+0000] {logging_mixin.py:188} INFO - [2025-11-02T18:29:44.811+0000] {dagbag.py:538} INFO - Filling up the DagBag from /home/airflow/.local/lib/python3.8/site-packages/airflow/example_dags/tutorial.py
[2025-11-02T18:29:44.831+0000] {processor.py:840} INFO - DAG(s) 'tutorial' retrieved from /home/airflow/.local/lib/python3.8/site-packages/airflow/example_dags/tutorial.py
[2025-11-02T18:29:44.880+0000] {logging_mixin.py:188} INFO - [2025-11-02T18:29:44.879+0000] {dag.py:3036} INFO - Sync 1 DAGs
[2025-11-02T18:29:44.929+0000] {logging_mixin.py:188} INFO - [2025-11-02T18:29:44.929+0000] {dag.py:3823} INFO - Setting next_dagrun for tutorial to 2025-11-01 00:00:00+00:00, run_after=2025-11-02 00:00:00+00:00
[2025-11-02T18:29:44.979+0000] {processor.py:183} INFO - Processing /home/airflow/.local/lib/python3.8/site-packages/airflow/example_dags/tutorial.py took 0.188 seconds
[2025-11-02T18:30:15.305+0000] {processor.py:161} INFO - Started process (PID=691) to work on /home/airflow/.local/lib/python3.8/site-packages/airflow/example_dags/tutorial.py
[2025-11-02T18:30:15.307+0000] {processor.py:830} INFO - Processing file /home/airflow/.local/lib/python3.8/site-packages/airflow/example_dags/tutorial.py for tasks to queue
[2025-11-02T18:30:15.313+0000] {logging_mixin.py:188} INFO - [2025-11-02T18:30:15.312+0000] {dagbag.py:538} INFO - Filling up the DagBag from /home/airflow/.local/lib/python3.8/site-packages/airflow/example_dags/tutorial.py
[2025-11-02T18:30:15.329+0000] {processor.py:840} INFO - DAG(s) 'tutorial' retrieved from /home/airflow/.local/lib/python3.8/site-packages/airflow/example_dags/tutorial.py
[2025-11-02T18:30:15.384+0000] {logging_mixin.py:188} INFO - [2025-11-02T18:30:15.384+0000] {dag.py:3036} INFO - Sync 1 DAGs
[2025-11-02T18:30:15.439+0000] {logging_mixin.py:188} INFO - [2025-11-02T18:30:15.438+0000] {dag.py:3823} INFO - Setting next_dagrun for tutorial to 2025-11-01 00:00:00+00:00, run_after=2025-11-02 00:00:00+00:00
[2025-11-02T18:30:15.483+0000] {processor.py:183} INFO - Processing /home/airflow/.local/lib/python3.8/site-packages/airflow/example_dags/tutorial.py took 0.190 seconds
[2025-11-02T18:30:45.775+0000] {processor.py:161} INFO - Started process (PID=746) to work on /home/airflow/.local/lib/python3.8/site-packages/airflow/example_dags/tutorial.py
[2025-11-02T18:30:45.778+0000] {processor.py:830} INFO - Processing file /home/airflow/.local/lib/python3.8/site-packages/airflow/example_dags/tutorial.py for tasks to queue
[2025-11-02T18:30:45.783+0000] {logging_mixin.py:188} INFO - [2025-11-02T18:30:45.782+0000] {dagbag.py:538} INFO - Filling up the DagBag from /home/airflow/.local/lib/python3.8/site-packages/airflow/example_dags/tutorial.py
[2025-11-02T18:30:45.798+0000] {processor.py:840} INFO - DAG(s) 'tutorial' retrieved from /home/airflow/.local/lib/python3.8/site-packages/airflow/example_dags/tutorial.py
[2025-11-02T18:30:45.848+0000] {logging_mixin.py:188} INFO - [2025-11-02T18:30:45.847+0000] {dag.py:3036} INFO - Sync 1 DAGs
[2025-11-02T18:30:45.911+0000] {logging_mixin.py:188} INFO - [2025-11-02T18:30:45.910+0000] {dag.py:3823} INFO - Setting next_dagrun for tutorial to 2025-11-01 00:00:00+00:00, run_after=2025-11-02 00:00:00+00:00
[2025-11-02T18:30:45.961+0000] {processor.py:183} INFO - Processing /home/airflow/.local/lib/python3.8/site-packages/airflow/example_dags/tutorial.py took 0.196 seconds
[2025-11-02T18:31:16.681+0000] {processor.py:161} INFO - Started process (PID=801) to work on /home/airflow/.local/lib/python3.8/site-packages/airflow/example_dags/tutorial.py
[2025-11-02T18:31:16.684+0000] {processor.py:830} INFO - Processing file /home/airflow/.local/lib/python3.8/site-packages/airflow/example_dags/tutorial.py for tasks to queue
[2025-11-02T18:31:16.690+0000] {logging_mixin.py:188} INFO - [2025-11-02T18:31:16.689+0000] {dagbag.py:538} INFO - Filling up the DagBag from /home/airflow/.local/lib/python3.8/site-packages/airflow/example_dags/tutorial.py
[2025-11-02T18:31:16.706+0000] {processor.py:840} INFO - DAG(s) 'tutorial' retrieved from /home/airflow/.local/lib/python3.8/site-packages/airflow/example_dags/tutorial.py
[2025-11-02T18:31:16.759+0000] {logging_mixin.py:188} INFO - [2025-11-02T18:31:16.759+0000] {dag.py:3036} INFO - Sync 1 DAGs
[2025-11-02T18:31:16.815+0000] {logging_mixin.py:188} INFO - [2025-11-02T18:31:16.814+0000] {dag.py:3823} INFO - Setting next_dagrun for tutorial to 2025-11-01 00:00:00+00:00, run_after=2025-11-02 00:00:00+00:00
[2025-11-02T18:31:16.858+0000] {processor.py:183} INFO - Processing /home/airflow/.local/lib/python3.8/site-packages/airflow/example_dags/tutorial.py took 0.187 seconds
[2025-11-02T18:31:47.052+0000] {processor.py:161} INFO - Started process (PID=856) to work on /home/airflow/.local/lib/python3.8/site-packages/airflow/example_dags/tutorial.py
[2025-11-02T18:31:47.055+0000] {processor.py:830} INFO - Processing file /home/airflow/.local/lib/python3.8/site-packages/airflow/example_dags/tutorial.py for tasks to queue
[2025-11-02T18:31:47.061+0000] {logging_mixin.py:188} INFO - [2025-11-02T18:31:47.060+0000] {dagbag.py:538} INFO - Filling up the DagBag from /home/airflow/.local/lib/python3.8/site-packages/airflow/example_dags/tutorial.py
[2025-11-02T18:31:47.079+0000] {processor.py:840} INFO - DAG(s) 'tutorial' retrieved from /home/airflow/.local/lib/python3.8/site-packages/airflow/example_dags/tutorial.py
[2025-11-02T18:31:47.149+0000] {logging_mixin.py:188} INFO - [2025-11-02T18:31:47.148+0000] {dag.py:3036} INFO - Sync 1 DAGs
[2025-11-02T18:31:47.215+0000] {logging_mixin.py:188} INFO - [2025-11-02T18:31:47.215+0000] {dag.py:3823} INFO - Setting next_dagrun for tutorial to 2025-11-01 00:00:00+00:00, run_after=2025-11-02 00:00:00+00:00
[2025-11-02T18:31:47.269+0000] {processor.py:183} INFO - Processing /home/airflow/.local/lib/python3.8/site-packages/airflow/example_dags/tutorial.py took 0.227 seconds
[2025-11-02T18:32:17.424+0000] {processor.py:161} INFO - Started process (PID=910) to work on /home/airflow/.local/lib/python3.8/site-packages/airflow/example_dags/tutorial.py
[2025-11-02T18:32:17.427+0000] {processor.py:830} INFO - Processing file /home/airflow/.local/lib/python3.8/site-packages/airflow/example_dags/tutorial.py for tasks to queue
[2025-11-02T18:32:17.432+0000] {logging_mixin.py:188} INFO - [2025-11-02T18:32:17.431+0000] {dagbag.py:538} INFO - Filling up the DagBag from /home/airflow/.local/lib/python3.8/site-packages/airflow/example_dags/tutorial.py
[2025-11-02T18:32:17.446+0000] {processor.py:840} INFO - DAG(s) 'tutorial' retrieved from /home/airflow/.local/lib/python3.8/site-packages/airflow/example_dags/tutorial.py
[2025-11-02T18:32:17.503+0000] {logging_mixin.py:188} INFO - [2025-11-02T18:32:17.502+0000] {dag.py:3036} INFO - Sync 1 DAGs
[2025-11-02T18:32:17.569+0000] {logging_mixin.py:188} INFO - [2025-11-02T18:32:17.568+0000] {dag.py:3823} INFO - Setting next_dagrun for tutorial to 2025-11-01 00:00:00+00:00, run_after=2025-11-02 00:00:00+00:00
[2025-11-02T18:32:17.612+0000] {processor.py:183} INFO - Processing /home/airflow/.local/lib/python3.8/site-packages/airflow/example_dags/tutorial.py took 0.198 seconds
[2025-11-02T18:32:48.081+0000] {processor.py:161} INFO - Started process (PID=965) to work on /home/airflow/.local/lib/python3.8/site-packages/airflow/example_dags/tutorial.py
[2025-11-02T18:32:48.084+0000] {processor.py:830} INFO - Processing file /home/airflow/.local/lib/python3.8/site-packages/airflow/example_dags/tutorial.py for tasks to queue
[2025-11-02T18:32:48.091+0000] {logging_mixin.py:188} INFO - [2025-11-02T18:32:48.090+0000] {dagbag.py:538} INFO - Filling up the DagBag from /home/airflow/.local/lib/python3.8/site-packages/airflow/example_dags/tutorial.py
[2025-11-02T18:32:48.112+0000] {processor.py:840} INFO - DAG(s) 'tutorial' retrieved from /home/airflow/.local/lib/python3.8/site-packages/airflow/example_dags/tutorial.py
[2025-11-02T18:32:48.164+0000] {logging_mixin.py:188} INFO - [2025-11-02T18:32:48.164+0000] {dag.py:3036} INFO - Sync 1 DAGs
[2025-11-02T18:32:48.215+0000] {logging_mixin.py:188} INFO - [2025-11-02T18:32:48.214+0000] {dag.py:3823} INFO - Setting next_dagrun for tutorial to 2025-11-01 00:00:00+00:00, run_after=2025-11-02 00:00:00+00:00
[2025-11-02T18:32:48.259+0000] {processor.py:183} INFO - Processing /home/airflow/.local/lib/python3.8/site-packages/airflow/example_dags/tutorial.py took 0.187 seconds
[2025-11-02T18:33:18.673+0000] {processor.py:161} INFO - Started process (PID=1020) to work on /home/airflow/.local/lib/python3.8/site-packages/airflow/example_dags/tutorial.py
[2025-11-02T18:33:18.675+0000] {processor.py:830} INFO - Processing file /home/airflow/.local/lib/python3.8/site-packages/airflow/example_dags/tutorial.py for tasks to queue
[2025-11-02T18:33:18.680+0000] {logging_mixin.py:188} INFO - [2025-11-02T18:33:18.679+0000] {dagbag.py:538} INFO - Filling up the DagBag from /home/airflow/.local/lib/python3.8/site-packages/airflow/example_dags/tutorial.py
[2025-11-02T18:33:18.693+0000] {processor.py:840} INFO - DAG(s) 'tutorial' retrieved from /home/airflow/.local/lib/python3.8/site-packages/airflow/example_dags/tutorial.py
[2025-11-02T18:33:18.734+0000] {logging_mixin.py:188} INFO - [2025-11-02T18:33:18.734+0000] {dag.py:3036} INFO - Sync 1 DAGs
[2025-11-02T18:33:18.776+0000] {logging_mixin.py:188} INFO - [2025-11-02T18:33:18.776+0000] {dag.py:3823} INFO - Setting next_dagrun for tutorial to 2025-11-01 00:00:00+00:00, run_after=2025-11-02 00:00:00+00:00
[2025-11-02T18:33:18.814+0000] {processor.py:183} INFO - Processing /home/airflow/.local/lib/python3.8/site-packages/airflow/example_dags/tutorial.py took 0.151 seconds
[2025-11-02T18:33:49.092+0000] {processor.py:161} INFO - Started process (PID=1075) to work on /home/airflow/.local/lib/python3.8/site-packages/airflow/example_dags/tutorial.py
[2025-11-02T18:33:49.095+0000] {processor.py:830} INFO - Processing file /home/airflow/.local/lib/python3.8/site-packages/airflow/example_dags/tutorial.py for tasks to queue
[2025-11-02T18:33:49.101+0000] {logging_mixin.py:188} INFO - [2025-11-02T18:33:49.100+0000] {dagbag.py:538} INFO - Filling up the DagBag from /home/airflow/.local/lib/python3.8/site-packages/airflow/example_dags/tutorial.py
[2025-11-02T18:33:49.114+0000] {processor.py:840} INFO - DAG(s) 'tutorial' retrieved from /home/airflow/.local/lib/python3.8/site-packages/airflow/example_dags/tutorial.py
[2025-11-02T18:33:49.155+0000] {logging_mixin.py:188} INFO - [2025-11-02T18:33:49.154+0000] {dag.py:3036} INFO - Sync 1 DAGs
[2025-11-02T18:33:49.197+0000] {logging_mixin.py:188} INFO - [2025-11-02T18:33:49.197+0000] {dag.py:3823} INFO - Setting next_dagrun for tutorial to 2025-11-01 00:00:00+00:00, run_after=2025-11-02 00:00:00+00:00
[2025-11-02T18:33:49.235+0000] {processor.py:183} INFO - Processing /home/airflow/.local/lib/python3.8/site-packages/airflow/example_dags/tutorial.py took 0.154 seconds
[2025-11-02T18:34:20.145+0000] {processor.py:161} INFO - Started process (PID=1130) to work on /home/airflow/.local/lib/python3.8/site-packages/airflow/example_dags/tutorial.py
[2025-11-02T18:34:20.157+0000] {processor.py:830} INFO - Processing file /home/airflow/.local/lib/python3.8/site-packages/airflow/example_dags/tutorial.py for tasks to queue
[2025-11-02T18:34:20.194+0000] {logging_mixin.py:188} INFO - [2025-11-02T18:34:20.193+0000] {dagbag.py:538} INFO - Filling up the DagBag from /home/airflow/.local/lib/python3.8/site-packages/airflow/example_dags/tutorial.py
[2025-11-02T18:34:20.312+0000] {processor.py:840} INFO - DAG(s) 'tutorial' retrieved from /home/airflow/.local/lib/python3.8/site-packages/airflow/example_dags/tutorial.py
[2025-11-02T18:34:20.466+0000] {logging_mixin.py:188} INFO - [2025-11-02T18:34:20.465+0000] {dag.py:3036} INFO - Sync 1 DAGs
[2025-11-02T18:34:20.543+0000] {logging_mixin.py:188} INFO - [2025-11-02T18:34:20.542+0000] {dag.py:3823} INFO - Setting next_dagrun for tutorial to 2025-11-01 00:00:00+00:00, run_after=2025-11-02 00:00:00+00:00
[2025-11-02T18:34:20.596+0000] {processor.py:183} INFO - Processing /home/airflow/.local/lib/python3.8/site-packages/airflow/example_dags/tutorial.py took 0.479 seconds
[2025-11-02T18:34:51.046+0000] {processor.py:161} INFO - Started process (PID=1186) to work on /home/airflow/.local/lib/python3.8/site-packages/airflow/example_dags/tutorial.py
[2025-11-02T18:34:51.050+0000] {processor.py:830} INFO - Processing file /home/airflow/.local/lib/python3.8/site-packages/airflow/example_dags/tutorial.py for tasks to queue
[2025-11-02T18:34:51.055+0000] {logging_mixin.py:188} INFO - [2025-11-02T18:34:51.054+0000] {dagbag.py:538} INFO - Filling up the DagBag from /home/airflow/.local/lib/python3.8/site-packages/airflow/example_dags/tutorial.py
[2025-11-02T18:34:51.073+0000] {processor.py:840} INFO - DAG(s) 'tutorial' retrieved from /home/airflow/.local/lib/python3.8/site-packages/airflow/example_dags/tutorial.py
[2025-11-02T18:34:51.129+0000] {logging_mixin.py:188} INFO - [2025-11-02T18:34:51.128+0000] {dag.py:3036} INFO - Sync 1 DAGs
[2025-11-02T18:34:51.201+0000] {logging_mixin.py:188} INFO - [2025-11-02T18:34:51.200+0000] {dag.py:3823} INFO - Setting next_dagrun for tutorial to 2025-11-01 00:00:00+00:00, run_after=2025-11-02 00:00:00+00:00
[2025-11-02T18:34:51.248+0000] {processor.py:183} INFO - Processing /home/airflow/.local/lib/python3.8/site-packages/airflow/example_dags/tutorial.py took 0.213 seconds
[2025-11-02T18:35:22.508+0000] {processor.py:161} INFO - Started process (PID=1241) to work on /home/airflow/.local/lib/python3.8/site-packages/airflow/example_dags/tutorial.py
[2025-11-02T18:35:22.511+0000] {processor.py:830} INFO - Processing file /home/airflow/.local/lib/python3.8/site-packages/airflow/example_dags/tutorial.py for tasks to queue
[2025-11-02T18:35:22.517+0000] {logging_mixin.py:188} INFO - [2025-11-02T18:35:22.516+0000] {dagbag.py:538} INFO - Filling up the DagBag from /home/airflow/.local/lib/python3.8/site-packages/airflow/example_dags/tutorial.py
[2025-11-02T18:35:22.535+0000] {processor.py:840} INFO - DAG(s) 'tutorial' retrieved from /home/airflow/.local/lib/python3.8/site-packages/airflow/example_dags/tutorial.py
[2025-11-02T18:35:22.617+0000] {logging_mixin.py:188} INFO - [2025-11-02T18:35:22.616+0000] {dag.py:3036} INFO - Sync 1 DAGs
[2025-11-02T18:35:22.709+0000] {logging_mixin.py:188} INFO - [2025-11-02T18:35:22.708+0000] {dag.py:3823} INFO - Setting next_dagrun for tutorial to 2025-11-01 00:00:00+00:00, run_after=2025-11-02 00:00:00+00:00
[2025-11-02T18:35:22.812+0000] {processor.py:183} INFO - Processing /home/airflow/.local/lib/python3.8/site-packages/airflow/example_dags/tutorial.py took 0.329 seconds
[2025-11-02T18:35:53.505+0000] {processor.py:161} INFO - Started process (PID=1297) to work on /home/airflow/.local/lib/python3.8/site-packages/airflow/example_dags/tutorial.py
[2025-11-02T18:35:53.510+0000] {processor.py:830} INFO - Processing file /home/airflow/.local/lib/python3.8/site-packages/airflow/example_dags/tutorial.py for tasks to queue
[2025-11-02T18:35:53.519+0000] {logging_mixin.py:188} INFO - [2025-11-02T18:35:53.518+0000] {dagbag.py:538} INFO - Filling up the DagBag from /home/airflow/.local/lib/python3.8/site-packages/airflow/example_dags/tutorial.py
[2025-11-02T18:35:53.545+0000] {processor.py:840} INFO - DAG(s) 'tutorial' retrieved from /home/airflow/.local/lib/python3.8/site-packages/airflow/example_dags/tutorial.py
[2025-11-02T18:35:53.651+0000] {logging_mixin.py:188} INFO - [2025-11-02T18:35:53.650+0000] {dag.py:3036} INFO - Sync 1 DAGs
[2025-11-02T18:35:53.775+0000] {logging_mixin.py:188} INFO - [2025-11-02T18:35:53.774+0000] {dag.py:3823} INFO - Setting next_dagrun for tutorial to 2025-11-01 00:00:00+00:00, run_after=2025-11-02 00:00:00+00:00
[2025-11-02T18:35:53.876+0000] {processor.py:183} INFO - Processing /home/airflow/.local/lib/python3.8/site-packages/airflow/example_dags/tutorial.py took 0.386 seconds
[2025-11-02T18:36:24.223+0000] {processor.py:161} INFO - Started process (PID=1352) to work on /home/airflow/.local/lib/python3.8/site-packages/airflow/example_dags/tutorial.py
[2025-11-02T18:36:24.227+0000] {processor.py:830} INFO - Processing file /home/airflow/.local/lib/python3.8/site-packages/airflow/example_dags/tutorial.py for tasks to queue
[2025-11-02T18:36:24.236+0000] {logging_mixin.py:188} INFO - [2025-11-02T18:36:24.235+0000] {dagbag.py:538} INFO - Filling up the DagBag from /home/airflow/.local/lib/python3.8/site-packages/airflow/example_dags/tutorial.py
[2025-11-02T18:36:24.257+0000] {processor.py:840} INFO - DAG(s) 'tutorial' retrieved from /home/airflow/.local/lib/python3.8/site-packages/airflow/example_dags/tutorial.py
[2025-11-02T18:36:24.325+0000] {logging_mixin.py:188} INFO - [2025-11-02T18:36:24.325+0000] {dag.py:3036} INFO - Sync 1 DAGs
[2025-11-02T18:36:24.391+0000] {logging_mixin.py:188} INFO - [2025-11-02T18:36:24.390+0000] {dag.py:3823} INFO - Setting next_dagrun for tutorial to 2025-11-01 00:00:00+00:00, run_after=2025-11-02 00:00:00+00:00
[2025-11-02T18:36:24.439+0000] {processor.py:183} INFO - Processing /home/airflow/.local/lib/python3.8/site-packages/airflow/example_dags/tutorial.py took 0.226 seconds
[2025-11-02T18:36:55.053+0000] {processor.py:161} INFO - Started process (PID=1407) to work on /home/airflow/.local/lib/python3.8/site-packages/airflow/example_dags/tutorial.py
[2025-11-02T18:36:55.067+0000] {processor.py:830} INFO - Processing file /home/airflow/.local/lib/python3.8/site-packages/airflow/example_dags/tutorial.py for tasks to queue
[2025-11-02T18:36:55.077+0000] {logging_mixin.py:188} INFO - [2025-11-02T18:36:55.075+0000] {dagbag.py:538} INFO - Filling up the DagBag from /home/airflow/.local/lib/python3.8/site-packages/airflow/example_dags/tutorial.py
[2025-11-02T18:36:55.100+0000] {processor.py:840} INFO - DAG(s) 'tutorial' retrieved from /home/airflow/.local/lib/python3.8/site-packages/airflow/example_dags/tutorial.py
[2025-11-02T18:36:55.205+0000] {logging_mixin.py:188} INFO - [2025-11-02T18:36:55.204+0000] {dag.py:3036} INFO - Sync 1 DAGs
[2025-11-02T18:36:55.331+0000] {logging_mixin.py:188} INFO - [2025-11-02T18:36:55.330+0000] {dag.py:3823} INFO - Setting next_dagrun for tutorial to 2025-11-01 00:00:00+00:00, run_after=2025-11-02 00:00:00+00:00
[2025-11-02T18:36:55.418+0000] {processor.py:183} INFO - Processing /home/airflow/.local/lib/python3.8/site-packages/airflow/example_dags/tutorial.py took 0.389 seconds
[2025-11-02T18:37:27.108+0000] {processor.py:161} INFO - Started process (PID=1463) to work on /home/airflow/.local/lib/python3.8/site-packages/airflow/example_dags/tutorial.py
[2025-11-02T18:37:27.132+0000] {processor.py:830} INFO - Processing file /home/airflow/.local/lib/python3.8/site-packages/airflow/example_dags/tutorial.py for tasks to queue
[2025-11-02T18:37:27.149+0000] {logging_mixin.py:188} INFO - [2025-11-02T18:37:27.143+0000] {dagbag.py:538} INFO - Filling up the DagBag from /home/airflow/.local/lib/python3.8/site-packages/airflow/example_dags/tutorial.py
[2025-11-02T18:37:27.196+0000] {processor.py:840} INFO - DAG(s) 'tutorial' retrieved from /home/airflow/.local/lib/python3.8/site-packages/airflow/example_dags/tutorial.py
[2025-11-02T18:37:27.382+0000] {logging_mixin.py:188} INFO - [2025-11-02T18:37:27.381+0000] {dag.py:3036} INFO - Sync 1 DAGs
[2025-11-02T18:37:27.478+0000] {logging_mixin.py:188} INFO - [2025-11-02T18:37:27.477+0000] {dag.py:3823} INFO - Setting next_dagrun for tutorial to 2025-11-01 00:00:00+00:00, run_after=2025-11-02 00:00:00+00:00
[2025-11-02T18:37:27.583+0000] {processor.py:183} INFO - Processing /home/airflow/.local/lib/python3.8/site-packages/airflow/example_dags/tutorial.py took 0.509 seconds
[2025-11-02T18:37:58.823+0000] {processor.py:161} INFO - Started process (PID=1518) to work on /home/airflow/.local/lib/python3.8/site-packages/airflow/example_dags/tutorial.py
[2025-11-02T18:37:58.828+0000] {processor.py:830} INFO - Processing file /home/airflow/.local/lib/python3.8/site-packages/airflow/example_dags/tutorial.py for tasks to queue
[2025-11-02T18:37:58.844+0000] {logging_mixin.py:188} INFO - [2025-11-02T18:37:58.843+0000] {dagbag.py:538} INFO - Filling up the DagBag from /home/airflow/.local/lib/python3.8/site-packages/airflow/example_dags/tutorial.py
[2025-11-02T18:37:58.876+0000] {processor.py:840} INFO - DAG(s) 'tutorial' retrieved from /home/airflow/.local/lib/python3.8/site-packages/airflow/example_dags/tutorial.py
[2025-11-02T18:37:58.970+0000] {logging_mixin.py:188} INFO - [2025-11-02T18:37:58.969+0000] {dag.py:3036} INFO - Sync 1 DAGs
[2025-11-02T18:37:59.167+0000] {logging_mixin.py:188} INFO - [2025-11-02T18:37:59.166+0000] {dag.py:3823} INFO - Setting next_dagrun for tutorial to 2025-11-01 00:00:00+00:00, run_after=2025-11-02 00:00:00+00:00
[2025-11-02T18:37:59.290+0000] {processor.py:183} INFO - Processing /home/airflow/.local/lib/python3.8/site-packages/airflow/example_dags/tutorial.py took 0.490 seconds
[2025-11-02T18:38:30.713+0000] {processor.py:161} INFO - Started process (PID=1573) to work on /home/airflow/.local/lib/python3.8/site-packages/airflow/example_dags/tutorial.py
[2025-11-02T18:38:30.722+0000] {processor.py:830} INFO - Processing file /home/airflow/.local/lib/python3.8/site-packages/airflow/example_dags/tutorial.py for tasks to queue
[2025-11-02T18:38:30.744+0000] {logging_mixin.py:188} INFO - [2025-11-02T18:38:30.739+0000] {dagbag.py:538} INFO - Filling up the DagBag from /home/airflow/.local/lib/python3.8/site-packages/airflow/example_dags/tutorial.py
[2025-11-02T18:38:30.808+0000] {processor.py:840} INFO - DAG(s) 'tutorial' retrieved from /home/airflow/.local/lib/python3.8/site-packages/airflow/example_dags/tutorial.py
[2025-11-02T18:38:30.917+0000] {logging_mixin.py:188} INFO - [2025-11-02T18:38:30.917+0000] {dag.py:3036} INFO - Sync 1 DAGs
[2025-11-02T18:38:31.060+0000] {logging_mixin.py:188} INFO - [2025-11-02T18:38:31.059+0000] {dag.py:3823} INFO - Setting next_dagrun for tutorial to 2025-11-01 00:00:00+00:00, run_after=2025-11-02 00:00:00+00:00
[2025-11-02T18:38:31.305+0000] {processor.py:183} INFO - Processing /home/airflow/.local/lib/python3.8/site-packages/airflow/example_dags/tutorial.py took 0.626 seconds
[2025-11-02T18:39:01.444+0000] {processor.py:161} INFO - Started process (PID=1626) to work on /home/airflow/.local/lib/python3.8/site-packages/airflow/example_dags/tutorial.py
[2025-11-02T18:39:01.447+0000] {processor.py:830} INFO - Processing file /home/airflow/.local/lib/python3.8/site-packages/airflow/example_dags/tutorial.py for tasks to queue
[2025-11-02T18:39:01.452+0000] {logging_mixin.py:188} INFO - [2025-11-02T18:39:01.452+0000] {dagbag.py:538} INFO - Filling up the DagBag from /home/airflow/.local/lib/python3.8/site-packages/airflow/example_dags/tutorial.py
[2025-11-02T18:39:01.473+0000] {processor.py:840} INFO - DAG(s) 'tutorial' retrieved from /home/airflow/.local/lib/python3.8/site-packages/airflow/example_dags/tutorial.py
[2025-11-02T18:39:01.545+0000] {logging_mixin.py:188} INFO - [2025-11-02T18:39:01.544+0000] {dag.py:3036} INFO - Sync 1 DAGs
[2025-11-02T18:39:01.625+0000] {logging_mixin.py:188} INFO - [2025-11-02T18:39:01.624+0000] {dag.py:3823} INFO - Setting next_dagrun for tutorial to 2025-11-01 00:00:00+00:00, run_after=2025-11-02 00:00:00+00:00
[2025-11-02T18:39:01.760+0000] {processor.py:183} INFO - Processing /home/airflow/.local/lib/python3.8/site-packages/airflow/example_dags/tutorial.py took 0.325 seconds
[2025-11-02T18:39:35.737+0000] {processor.py:161} INFO - Started process (PID=1681) to work on /home/airflow/.local/lib/python3.8/site-packages/airflow/example_dags/tutorial.py
[2025-11-02T18:39:35.756+0000] {processor.py:830} INFO - Processing file /home/airflow/.local/lib/python3.8/site-packages/airflow/example_dags/tutorial.py for tasks to queue
[2025-11-02T18:39:35.773+0000] {logging_mixin.py:188} INFO - [2025-11-02T18:39:35.772+0000] {dagbag.py:538} INFO - Filling up the DagBag from /home/airflow/.local/lib/python3.8/site-packages/airflow/example_dags/tutorial.py
[2025-11-02T18:39:35.839+0000] {processor.py:840} INFO - DAG(s) 'tutorial' retrieved from /home/airflow/.local/lib/python3.8/site-packages/airflow/example_dags/tutorial.py
[2025-11-02T18:39:36.550+0000] {logging_mixin.py:188} INFO - [2025-11-02T18:39:36.549+0000] {dag.py:3036} INFO - Sync 1 DAGs
[2025-11-02T18:39:37.555+0000] {logging_mixin.py:188} INFO - [2025-11-02T18:39:37.554+0000] {dag.py:3823} INFO - Setting next_dagrun for tutorial to 2025-11-01 00:00:00+00:00, run_after=2025-11-02 00:00:00+00:00
[2025-11-02T18:39:38.293+0000] {processor.py:183} INFO - Processing /home/airflow/.local/lib/python3.8/site-packages/airflow/example_dags/tutorial.py took 2.576 seconds
[2025-11-02T18:40:08.867+0000] {processor.py:161} INFO - Started process (PID=1735) to work on /home/airflow/.local/lib/python3.8/site-packages/airflow/example_dags/tutorial.py
[2025-11-02T18:40:08.877+0000] {processor.py:830} INFO - Processing file /home/airflow/.local/lib/python3.8/site-packages/airflow/example_dags/tutorial.py for tasks to queue
[2025-11-02T18:40:08.885+0000] {logging_mixin.py:188} INFO - [2025-11-02T18:40:08.884+0000] {dagbag.py:538} INFO - Filling up the DagBag from /home/airflow/.local/lib/python3.8/site-packages/airflow/example_dags/tutorial.py
[2025-11-02T18:40:08.904+0000] {processor.py:840} INFO - DAG(s) 'tutorial' retrieved from /home/airflow/.local/lib/python3.8/site-packages/airflow/example_dags/tutorial.py
[2025-11-02T18:40:08.954+0000] {logging_mixin.py:188} INFO - [2025-11-02T18:40:08.953+0000] {dag.py:3036} INFO - Sync 1 DAGs
[2025-11-02T18:40:09.019+0000] {logging_mixin.py:188} INFO - [2025-11-02T18:40:09.018+0000] {dag.py:3823} INFO - Setting next_dagrun for tutorial to 2025-11-01 00:00:00+00:00, run_after=2025-11-02 00:00:00+00:00
[2025-11-02T18:40:09.078+0000] {processor.py:183} INFO - Processing /home/airflow/.local/lib/python3.8/site-packages/airflow/example_dags/tutorial.py took 0.226 seconds
[2025-11-02T18:40:39.791+0000] {processor.py:161} INFO - Started process (PID=1791) to work on /home/airflow/.local/lib/python3.8/site-packages/airflow/example_dags/tutorial.py
[2025-11-02T18:40:39.800+0000] {processor.py:830} INFO - Processing file /home/airflow/.local/lib/python3.8/site-packages/airflow/example_dags/tutorial.py for tasks to queue
[2025-11-02T18:40:39.818+0000] {logging_mixin.py:188} INFO - [2025-11-02T18:40:39.817+0000] {dagbag.py:538} INFO - Filling up the DagBag from /home/airflow/.local/lib/python3.8/site-packages/airflow/example_dags/tutorial.py
[2025-11-02T18:40:39.877+0000] {processor.py:840} INFO - DAG(s) 'tutorial' retrieved from /home/airflow/.local/lib/python3.8/site-packages/airflow/example_dags/tutorial.py
[2025-11-02T18:40:40.156+0000] {logging_mixin.py:188} INFO - [2025-11-02T18:40:40.144+0000] {dag.py:3036} INFO - Sync 1 DAGs
[2025-11-02T18:40:40.472+0000] {logging_mixin.py:188} INFO - [2025-11-02T18:40:40.472+0000] {dag.py:3823} INFO - Setting next_dagrun for tutorial to 2025-11-01 00:00:00+00:00, run_after=2025-11-02 00:00:00+00:00
[2025-11-02T18:40:40.687+0000] {processor.py:183} INFO - Processing /home/airflow/.local/lib/python3.8/site-packages/airflow/example_dags/tutorial.py took 0.940 seconds
[2025-11-02T18:41:11.185+0000] {processor.py:161} INFO - Started process (PID=1845) to work on /home/airflow/.local/lib/python3.8/site-packages/airflow/example_dags/tutorial.py
[2025-11-02T18:41:11.189+0000] {processor.py:830} INFO - Processing file /home/airflow/.local/lib/python3.8/site-packages/airflow/example_dags/tutorial.py for tasks to queue
[2025-11-02T18:41:11.197+0000] {logging_mixin.py:188} INFO - [2025-11-02T18:41:11.196+0000] {dagbag.py:538} INFO - Filling up the DagBag from /home/airflow/.local/lib/python3.8/site-packages/airflow/example_dags/tutorial.py
[2025-11-02T18:41:11.226+0000] {processor.py:840} INFO - DAG(s) 'tutorial' retrieved from /home/airflow/.local/lib/python3.8/site-packages/airflow/example_dags/tutorial.py
[2025-11-02T18:41:11.295+0000] {logging_mixin.py:188} INFO - [2025-11-02T18:41:11.295+0000] {dag.py:3036} INFO - Sync 1 DAGs
[2025-11-02T18:41:11.375+0000] {logging_mixin.py:188} INFO - [2025-11-02T18:41:11.371+0000] {dag.py:3823} INFO - Setting next_dagrun for tutorial to 2025-11-01 00:00:00+00:00, run_after=2025-11-02 00:00:00+00:00
[2025-11-02T18:41:11.440+0000] {processor.py:183} INFO - Processing /home/airflow/.local/lib/python3.8/site-packages/airflow/example_dags/tutorial.py took 0.272 seconds
[2025-11-02T18:41:42.269+0000] {processor.py:161} INFO - Started process (PID=1900) to work on /home/airflow/.local/lib/python3.8/site-packages/airflow/example_dags/tutorial.py
[2025-11-02T18:41:42.272+0000] {processor.py:830} INFO - Processing file /home/airflow/.local/lib/python3.8/site-packages/airflow/example_dags/tutorial.py for tasks to queue
[2025-11-02T18:41:42.281+0000] {logging_mixin.py:188} INFO - [2025-11-02T18:41:42.280+0000] {dagbag.py:538} INFO - Filling up the DagBag from /home/airflow/.local/lib/python3.8/site-packages/airflow/example_dags/tutorial.py
[2025-11-02T18:41:42.302+0000] {processor.py:840} INFO - DAG(s) 'tutorial' retrieved from /home/airflow/.local/lib/python3.8/site-packages/airflow/example_dags/tutorial.py
[2025-11-02T18:41:42.378+0000] {logging_mixin.py:188} INFO - [2025-11-02T18:41:42.377+0000] {dag.py:3036} INFO - Sync 1 DAGs
[2025-11-02T18:41:42.446+0000] {logging_mixin.py:188} INFO - [2025-11-02T18:41:42.445+0000] {dag.py:3823} INFO - Setting next_dagrun for tutorial to 2025-11-01 00:00:00+00:00, run_after=2025-11-02 00:00:00+00:00
[2025-11-02T18:41:42.504+0000] {processor.py:183} INFO - Processing /home/airflow/.local/lib/python3.8/site-packages/airflow/example_dags/tutorial.py took 0.247 seconds
[2025-11-02T18:42:13.374+0000] {processor.py:161} INFO - Started process (PID=1954) to work on /home/airflow/.local/lib/python3.8/site-packages/airflow/example_dags/tutorial.py
[2025-11-02T18:42:13.385+0000] {processor.py:830} INFO - Processing file /home/airflow/.local/lib/python3.8/site-packages/airflow/example_dags/tutorial.py for tasks to queue
[2025-11-02T18:42:13.394+0000] {logging_mixin.py:188} INFO - [2025-11-02T18:42:13.393+0000] {dagbag.py:538} INFO - Filling up the DagBag from /home/airflow/.local/lib/python3.8/site-packages/airflow/example_dags/tutorial.py
[2025-11-02T18:42:13.421+0000] {processor.py:840} INFO - DAG(s) 'tutorial' retrieved from /home/airflow/.local/lib/python3.8/site-packages/airflow/example_dags/tutorial.py
[2025-11-02T18:42:13.609+0000] {logging_mixin.py:188} INFO - [2025-11-02T18:42:13.608+0000] {dag.py:3036} INFO - Sync 1 DAGs
[2025-11-02T18:42:13.734+0000] {logging_mixin.py:188} INFO - [2025-11-02T18:42:13.724+0000] {dag.py:3823} INFO - Setting next_dagrun for tutorial to 2025-11-01 00:00:00+00:00, run_after=2025-11-02 00:00:00+00:00
[2025-11-02T18:42:13.877+0000] {processor.py:183} INFO - Processing /home/airflow/.local/lib/python3.8/site-packages/airflow/example_dags/tutorial.py took 0.523 seconds
[2025-11-02T18:42:44.272+0000] {processor.py:161} INFO - Started process (PID=2009) to work on /home/airflow/.local/lib/python3.8/site-packages/airflow/example_dags/tutorial.py
[2025-11-02T18:42:44.294+0000] {processor.py:830} INFO - Processing file /home/airflow/.local/lib/python3.8/site-packages/airflow/example_dags/tutorial.py for tasks to queue
[2025-11-02T18:42:44.300+0000] {logging_mixin.py:188} INFO - [2025-11-02T18:42:44.299+0000] {dagbag.py:538} INFO - Filling up the DagBag from /home/airflow/.local/lib/python3.8/site-packages/airflow/example_dags/tutorial.py
[2025-11-02T18:42:44.333+0000] {processor.py:840} INFO - DAG(s) 'tutorial' retrieved from /home/airflow/.local/lib/python3.8/site-packages/airflow/example_dags/tutorial.py
[2025-11-02T18:42:44.471+0000] {logging_mixin.py:188} INFO - [2025-11-02T18:42:44.471+0000] {dag.py:3036} INFO - Sync 1 DAGs
[2025-11-02T18:42:44.565+0000] {logging_mixin.py:188} INFO - [2025-11-02T18:42:44.565+0000] {dag.py:3823} INFO - Setting next_dagrun for tutorial to 2025-11-01 00:00:00+00:00, run_after=2025-11-02 00:00:00+00:00
[2025-11-02T18:42:44.647+0000] {processor.py:183} INFO - Processing /home/airflow/.local/lib/python3.8/site-packages/airflow/example_dags/tutorial.py took 0.397 seconds
[2025-11-02T18:43:15.149+0000] {processor.py:161} INFO - Started process (PID=2064) to work on /home/airflow/.local/lib/python3.8/site-packages/airflow/example_dags/tutorial.py
[2025-11-02T18:43:15.152+0000] {processor.py:830} INFO - Processing file /home/airflow/.local/lib/python3.8/site-packages/airflow/example_dags/tutorial.py for tasks to queue
[2025-11-02T18:43:15.159+0000] {logging_mixin.py:188} INFO - [2025-11-02T18:43:15.158+0000] {dagbag.py:538} INFO - Filling up the DagBag from /home/airflow/.local/lib/python3.8/site-packages/airflow/example_dags/tutorial.py
[2025-11-02T18:43:15.187+0000] {processor.py:840} INFO - DAG(s) 'tutorial' retrieved from /home/airflow/.local/lib/python3.8/site-packages/airflow/example_dags/tutorial.py
[2025-11-02T18:43:15.269+0000] {logging_mixin.py:188} INFO - [2025-11-02T18:43:15.268+0000] {dag.py:3036} INFO - Sync 1 DAGs
[2025-11-02T18:43:15.338+0000] {logging_mixin.py:188} INFO - [2025-11-02T18:43:15.338+0000] {dag.py:3823} INFO - Setting next_dagrun for tutorial to 2025-11-01 00:00:00+00:00, run_after=2025-11-02 00:00:00+00:00
[2025-11-02T18:43:15.399+0000] {processor.py:183} INFO - Processing /home/airflow/.local/lib/python3.8/site-packages/airflow/example_dags/tutorial.py took 0.265 seconds
[2025-11-02T18:43:46.472+0000] {processor.py:161} INFO - Started process (PID=2119) to work on /home/airflow/.local/lib/python3.8/site-packages/airflow/example_dags/tutorial.py
[2025-11-02T18:43:46.475+0000] {processor.py:830} INFO - Processing file /home/airflow/.local/lib/python3.8/site-packages/airflow/example_dags/tutorial.py for tasks to queue
[2025-11-02T18:43:46.490+0000] {logging_mixin.py:188} INFO - [2025-11-02T18:43:46.489+0000] {dagbag.py:538} INFO - Filling up the DagBag from /home/airflow/.local/lib/python3.8/site-packages/airflow/example_dags/tutorial.py
[2025-11-02T18:43:46.529+0000] {processor.py:840} INFO - DAG(s) 'tutorial' retrieved from /home/airflow/.local/lib/python3.8/site-packages/airflow/example_dags/tutorial.py
[2025-11-02T18:43:46.603+0000] {logging_mixin.py:188} INFO - [2025-11-02T18:43:46.602+0000] {dag.py:3036} INFO - Sync 1 DAGs
[2025-11-02T18:43:46.701+0000] {logging_mixin.py:188} INFO - [2025-11-02T18:43:46.700+0000] {dag.py:3823} INFO - Setting next_dagrun for tutorial to 2025-11-01 00:00:00+00:00, run_after=2025-11-02 00:00:00+00:00
[2025-11-02T18:43:46.812+0000] {processor.py:183} INFO - Processing /home/airflow/.local/lib/python3.8/site-packages/airflow/example_dags/tutorial.py took 0.361 seconds
[2025-11-02T18:44:17.630+0000] {processor.py:161} INFO - Started process (PID=2174) to work on /home/airflow/.local/lib/python3.8/site-packages/airflow/example_dags/tutorial.py
[2025-11-02T18:44:17.659+0000] {processor.py:830} INFO - Processing file /home/airflow/.local/lib/python3.8/site-packages/airflow/example_dags/tutorial.py for tasks to queue
[2025-11-02T18:44:17.692+0000] {logging_mixin.py:188} INFO - [2025-11-02T18:44:17.691+0000] {dagbag.py:538} INFO - Filling up the DagBag from /home/airflow/.local/lib/python3.8/site-packages/airflow/example_dags/tutorial.py
[2025-11-02T18:44:17.826+0000] {processor.py:840} INFO - DAG(s) 'tutorial' retrieved from /home/airflow/.local/lib/python3.8/site-packages/airflow/example_dags/tutorial.py
[2025-11-02T18:44:18.024+0000] {logging_mixin.py:188} INFO - [2025-11-02T18:44:18.024+0000] {dag.py:3036} INFO - Sync 1 DAGs
[2025-11-02T18:44:18.270+0000] {logging_mixin.py:188} INFO - [2025-11-02T18:44:18.269+0000] {dag.py:3823} INFO - Setting next_dagrun for tutorial to 2025-11-01 00:00:00+00:00, run_after=2025-11-02 00:00:00+00:00
[2025-11-02T18:44:18.449+0000] {processor.py:183} INFO - Processing /home/airflow/.local/lib/python3.8/site-packages/airflow/example_dags/tutorial.py took 0.876 seconds
[2025-11-02T18:44:49.308+0000] {processor.py:161} INFO - Started process (PID=2228) to work on /home/airflow/.local/lib/python3.8/site-packages/airflow/example_dags/tutorial.py
[2025-11-02T18:44:49.311+0000] {processor.py:830} INFO - Processing file /home/airflow/.local/lib/python3.8/site-packages/airflow/example_dags/tutorial.py for tasks to queue
[2025-11-02T18:44:49.327+0000] {logging_mixin.py:188} INFO - [2025-11-02T18:44:49.325+0000] {dagbag.py:538} INFO - Filling up the DagBag from /home/airflow/.local/lib/python3.8/site-packages/airflow/example_dags/tutorial.py
[2025-11-02T18:44:49.345+0000] {processor.py:840} INFO - DAG(s) 'tutorial' retrieved from /home/airflow/.local/lib/python3.8/site-packages/airflow/example_dags/tutorial.py
[2025-11-02T18:44:49.414+0000] {logging_mixin.py:188} INFO - [2025-11-02T18:44:49.414+0000] {dag.py:3036} INFO - Sync 1 DAGs
[2025-11-02T18:44:49.473+0000] {logging_mixin.py:188} INFO - [2025-11-02T18:44:49.473+0000] {dag.py:3823} INFO - Setting next_dagrun for tutorial to 2025-11-01 00:00:00+00:00, run_after=2025-11-02 00:00:00+00:00
[2025-11-02T18:44:49.576+0000] {processor.py:183} INFO - Processing /home/airflow/.local/lib/python3.8/site-packages/airflow/example_dags/tutorial.py took 0.289 seconds
[2025-11-02T18:45:19.716+0000] {processor.py:161} INFO - Started process (PID=2283) to work on /home/airflow/.local/lib/python3.8/site-packages/airflow/example_dags/tutorial.py
[2025-11-02T18:45:19.719+0000] {processor.py:830} INFO - Processing file /home/airflow/.local/lib/python3.8/site-packages/airflow/example_dags/tutorial.py for tasks to queue
[2025-11-02T18:45:19.724+0000] {logging_mixin.py:188} INFO - [2025-11-02T18:45:19.724+0000] {dagbag.py:538} INFO - Filling up the DagBag from /home/airflow/.local/lib/python3.8/site-packages/airflow/example_dags/tutorial.py
[2025-11-02T18:45:19.746+0000] {processor.py:840} INFO - DAG(s) 'tutorial' retrieved from /home/airflow/.local/lib/python3.8/site-packages/airflow/example_dags/tutorial.py
[2025-11-02T18:45:19.801+0000] {logging_mixin.py:188} INFO - [2025-11-02T18:45:19.800+0000] {dag.py:3036} INFO - Sync 1 DAGs
[2025-11-02T18:45:19.852+0000] {logging_mixin.py:188} INFO - [2025-11-02T18:45:19.851+0000] {dag.py:3823} INFO - Setting next_dagrun for tutorial to 2025-11-01 00:00:00+00:00, run_after=2025-11-02 00:00:00+00:00
[2025-11-02T18:45:19.910+0000] {processor.py:183} INFO - Processing /home/airflow/.local/lib/python3.8/site-packages/airflow/example_dags/tutorial.py took 0.203 seconds
[2025-11-02T18:45:50.073+0000] {processor.py:161} INFO - Started process (PID=2338) to work on /home/airflow/.local/lib/python3.8/site-packages/airflow/example_dags/tutorial.py
[2025-11-02T18:45:50.076+0000] {processor.py:830} INFO - Processing file /home/airflow/.local/lib/python3.8/site-packages/airflow/example_dags/tutorial.py for tasks to queue
[2025-11-02T18:45:50.082+0000] {logging_mixin.py:188} INFO - [2025-11-02T18:45:50.081+0000] {dagbag.py:538} INFO - Filling up the DagBag from /home/airflow/.local/lib/python3.8/site-packages/airflow/example_dags/tutorial.py
[2025-11-02T18:45:50.097+0000] {processor.py:840} INFO - DAG(s) 'tutorial' retrieved from /home/airflow/.local/lib/python3.8/site-packages/airflow/example_dags/tutorial.py
[2025-11-02T18:45:50.146+0000] {logging_mixin.py:188} INFO - [2025-11-02T18:45:50.145+0000] {dag.py:3036} INFO - Sync 1 DAGs
[2025-11-02T18:45:50.196+0000] {logging_mixin.py:188} INFO - [2025-11-02T18:45:50.195+0000] {dag.py:3823} INFO - Setting next_dagrun for tutorial to 2025-11-01 00:00:00+00:00, run_after=2025-11-02 00:00:00+00:00
[2025-11-02T18:45:50.237+0000] {processor.py:183} INFO - Processing /home/airflow/.local/lib/python3.8/site-packages/airflow/example_dags/tutorial.py took 0.173 seconds
[2025-11-02T18:46:20.888+0000] {processor.py:161} INFO - Started process (PID=2393) to work on /home/airflow/.local/lib/python3.8/site-packages/airflow/example_dags/tutorial.py
[2025-11-02T18:46:20.892+0000] {processor.py:830} INFO - Processing file /home/airflow/.local/lib/python3.8/site-packages/airflow/example_dags/tutorial.py for tasks to queue
[2025-11-02T18:46:20.901+0000] {logging_mixin.py:188} INFO - [2025-11-02T18:46:20.900+0000] {dagbag.py:538} INFO - Filling up the DagBag from /home/airflow/.local/lib/python3.8/site-packages/airflow/example_dags/tutorial.py
[2025-11-02T18:46:20.926+0000] {processor.py:840} INFO - DAG(s) 'tutorial' retrieved from /home/airflow/.local/lib/python3.8/site-packages/airflow/example_dags/tutorial.py
[2025-11-02T18:46:21.009+0000] {logging_mixin.py:188} INFO - [2025-11-02T18:46:21.008+0000] {dag.py:3036} INFO - Sync 1 DAGs
[2025-11-02T18:46:21.132+0000] {logging_mixin.py:188} INFO - [2025-11-02T18:46:21.127+0000] {dag.py:3823} INFO - Setting next_dagrun for tutorial to 2025-11-01 00:00:00+00:00, run_after=2025-11-02 00:00:00+00:00
[2025-11-02T18:46:21.263+0000] {processor.py:183} INFO - Processing /home/airflow/.local/lib/python3.8/site-packages/airflow/example_dags/tutorial.py took 0.387 seconds
[2025-11-02T18:46:52.884+0000] {processor.py:161} INFO - Started process (PID=2448) to work on /home/airflow/.local/lib/python3.8/site-packages/airflow/example_dags/tutorial.py
[2025-11-02T18:46:52.887+0000] {processor.py:830} INFO - Processing file /home/airflow/.local/lib/python3.8/site-packages/airflow/example_dags/tutorial.py for tasks to queue
[2025-11-02T18:46:52.894+0000] {logging_mixin.py:188} INFO - [2025-11-02T18:46:52.893+0000] {dagbag.py:538} INFO - Filling up the DagBag from /home/airflow/.local/lib/python3.8/site-packages/airflow/example_dags/tutorial.py
[2025-11-02T18:46:52.912+0000] {processor.py:840} INFO - DAG(s) 'tutorial' retrieved from /home/airflow/.local/lib/python3.8/site-packages/airflow/example_dags/tutorial.py
[2025-11-02T18:46:52.978+0000] {logging_mixin.py:188} INFO - [2025-11-02T18:46:52.978+0000] {dag.py:3036} INFO - Sync 1 DAGs
[2025-11-02T18:46:53.043+0000] {logging_mixin.py:188} INFO - [2025-11-02T18:46:53.042+0000] {dag.py:3823} INFO - Setting next_dagrun for tutorial to 2025-11-01 00:00:00+00:00, run_after=2025-11-02 00:00:00+00:00
[2025-11-02T18:46:53.142+0000] {processor.py:183} INFO - Processing /home/airflow/.local/lib/python3.8/site-packages/airflow/example_dags/tutorial.py took 0.269 seconds
[2025-11-02T18:47:23.956+0000] {processor.py:161} INFO - Started process (PID=2502) to work on /home/airflow/.local/lib/python3.8/site-packages/airflow/example_dags/tutorial.py
[2025-11-02T18:47:23.959+0000] {processor.py:830} INFO - Processing file /home/airflow/.local/lib/python3.8/site-packages/airflow/example_dags/tutorial.py for tasks to queue
[2025-11-02T18:47:23.968+0000] {logging_mixin.py:188} INFO - [2025-11-02T18:47:23.966+0000] {dagbag.py:538} INFO - Filling up the DagBag from /home/airflow/.local/lib/python3.8/site-packages/airflow/example_dags/tutorial.py
[2025-11-02T18:47:23.990+0000] {processor.py:840} INFO - DAG(s) 'tutorial' retrieved from /home/airflow/.local/lib/python3.8/site-packages/airflow/example_dags/tutorial.py
[2025-11-02T18:47:24.067+0000] {logging_mixin.py:188} INFO - [2025-11-02T18:47:24.067+0000] {dag.py:3036} INFO - Sync 1 DAGs
[2025-11-02T18:47:24.131+0000] {logging_mixin.py:188} INFO - [2025-11-02T18:47:24.130+0000] {dag.py:3823} INFO - Setting next_dagrun for tutorial to 2025-11-01 00:00:00+00:00, run_after=2025-11-02 00:00:00+00:00
[2025-11-02T18:47:24.188+0000] {processor.py:183} INFO - Processing /home/airflow/.local/lib/python3.8/site-packages/airflow/example_dags/tutorial.py took 0.248 seconds
[2025-11-02T18:47:54.425+0000] {processor.py:161} INFO - Started process (PID=2557) to work on /home/airflow/.local/lib/python3.8/site-packages/airflow/example_dags/tutorial.py
[2025-11-02T18:47:54.428+0000] {processor.py:830} INFO - Processing file /home/airflow/.local/lib/python3.8/site-packages/airflow/example_dags/tutorial.py for tasks to queue
[2025-11-02T18:47:54.434+0000] {logging_mixin.py:188} INFO - [2025-11-02T18:47:54.433+0000] {dagbag.py:538} INFO - Filling up the DagBag from /home/airflow/.local/lib/python3.8/site-packages/airflow/example_dags/tutorial.py
[2025-11-02T18:47:54.453+0000] {processor.py:840} INFO - DAG(s) 'tutorial' retrieved from /home/airflow/.local/lib/python3.8/site-packages/airflow/example_dags/tutorial.py
[2025-11-02T18:47:54.513+0000] {logging_mixin.py:188} INFO - [2025-11-02T18:47:54.513+0000] {dag.py:3036} INFO - Sync 1 DAGs
[2025-11-02T18:47:54.576+0000] {logging_mixin.py:188} INFO - [2025-11-02T18:47:54.575+0000] {dag.py:3823} INFO - Setting next_dagrun for tutorial to 2025-11-01 00:00:00+00:00, run_after=2025-11-02 00:00:00+00:00
[2025-11-02T18:47:54.911+0000] {processor.py:183} INFO - Processing /home/airflow/.local/lib/python3.8/site-packages/airflow/example_dags/tutorial.py took 0.496 seconds
[2025-11-02T18:48:25.182+0000] {processor.py:161} INFO - Started process (PID=2611) to work on /home/airflow/.local/lib/python3.8/site-packages/airflow/example_dags/tutorial.py
[2025-11-02T18:48:25.185+0000] {processor.py:830} INFO - Processing file /home/airflow/.local/lib/python3.8/site-packages/airflow/example_dags/tutorial.py for tasks to queue
[2025-11-02T18:48:25.190+0000] {logging_mixin.py:188} INFO - [2025-11-02T18:48:25.189+0000] {dagbag.py:538} INFO - Filling up the DagBag from /home/airflow/.local/lib/python3.8/site-packages/airflow/example_dags/tutorial.py
[2025-11-02T18:48:25.205+0000] {processor.py:840} INFO - DAG(s) 'tutorial' retrieved from /home/airflow/.local/lib/python3.8/site-packages/airflow/example_dags/tutorial.py
[2025-11-02T18:48:25.258+0000] {logging_mixin.py:188} INFO - [2025-11-02T18:48:25.257+0000] {dag.py:3036} INFO - Sync 1 DAGs
[2025-11-02T18:48:25.327+0000] {logging_mixin.py:188} INFO - [2025-11-02T18:48:25.326+0000] {dag.py:3823} INFO - Setting next_dagrun for tutorial to 2025-11-01 00:00:00+00:00, run_after=2025-11-02 00:00:00+00:00
[2025-11-02T18:48:25.373+0000] {processor.py:183} INFO - Processing /home/airflow/.local/lib/python3.8/site-packages/airflow/example_dags/tutorial.py took 0.200 seconds
[2025-11-02T18:48:55.819+0000] {processor.py:161} INFO - Started process (PID=2666) to work on /home/airflow/.local/lib/python3.8/site-packages/airflow/example_dags/tutorial.py
[2025-11-02T18:48:55.824+0000] {processor.py:830} INFO - Processing file /home/airflow/.local/lib/python3.8/site-packages/airflow/example_dags/tutorial.py for tasks to queue
[2025-11-02T18:48:55.836+0000] {logging_mixin.py:188} INFO - [2025-11-02T18:48:55.835+0000] {dagbag.py:538} INFO - Filling up the DagBag from /home/airflow/.local/lib/python3.8/site-packages/airflow/example_dags/tutorial.py
[2025-11-02T18:48:55.865+0000] {processor.py:840} INFO - DAG(s) 'tutorial' retrieved from /home/airflow/.local/lib/python3.8/site-packages/airflow/example_dags/tutorial.py
[2025-11-02T18:48:55.938+0000] {logging_mixin.py:188} INFO - [2025-11-02T18:48:55.937+0000] {dag.py:3036} INFO - Sync 1 DAGs
[2025-11-02T18:48:55.996+0000] {logging_mixin.py:188} INFO - [2025-11-02T18:48:55.995+0000] {dag.py:3823} INFO - Setting next_dagrun for tutorial to 2025-11-01 00:00:00+00:00, run_after=2025-11-02 00:00:00+00:00
[2025-11-02T18:48:56.050+0000] {processor.py:183} INFO - Processing /home/airflow/.local/lib/python3.8/site-packages/airflow/example_dags/tutorial.py took 0.250 seconds
[2025-11-02T18:49:26.643+0000] {processor.py:161} INFO - Started process (PID=2722) to work on /home/airflow/.local/lib/python3.8/site-packages/airflow/example_dags/tutorial.py
[2025-11-02T18:49:26.645+0000] {processor.py:830} INFO - Processing file /home/airflow/.local/lib/python3.8/site-packages/airflow/example_dags/tutorial.py for tasks to queue
[2025-11-02T18:49:26.650+0000] {logging_mixin.py:188} INFO - [2025-11-02T18:49:26.649+0000] {dagbag.py:538} INFO - Filling up the DagBag from /home/airflow/.local/lib/python3.8/site-packages/airflow/example_dags/tutorial.py
[2025-11-02T18:49:26.664+0000] {processor.py:840} INFO - DAG(s) 'tutorial' retrieved from /home/airflow/.local/lib/python3.8/site-packages/airflow/example_dags/tutorial.py
[2025-11-02T18:49:26.720+0000] {logging_mixin.py:188} INFO - [2025-11-02T18:49:26.719+0000] {dag.py:3036} INFO - Sync 1 DAGs
[2025-11-02T18:49:26.786+0000] {logging_mixin.py:188} INFO - [2025-11-02T18:49:26.785+0000] {dag.py:3823} INFO - Setting next_dagrun for tutorial to 2025-11-01 00:00:00+00:00, run_after=2025-11-02 00:00:00+00:00
[2025-11-02T18:49:26.838+0000] {processor.py:183} INFO - Processing /home/airflow/.local/lib/python3.8/site-packages/airflow/example_dags/tutorial.py took 0.204 seconds
[2025-11-02T18:49:57.849+0000] {processor.py:161} INFO - Started process (PID=2776) to work on /home/airflow/.local/lib/python3.8/site-packages/airflow/example_dags/tutorial.py
[2025-11-02T18:49:57.852+0000] {processor.py:830} INFO - Processing file /home/airflow/.local/lib/python3.8/site-packages/airflow/example_dags/tutorial.py for tasks to queue
[2025-11-02T18:49:57.858+0000] {logging_mixin.py:188} INFO - [2025-11-02T18:49:57.857+0000] {dagbag.py:538} INFO - Filling up the DagBag from /home/airflow/.local/lib/python3.8/site-packages/airflow/example_dags/tutorial.py
[2025-11-02T18:49:57.878+0000] {processor.py:840} INFO - DAG(s) 'tutorial' retrieved from /home/airflow/.local/lib/python3.8/site-packages/airflow/example_dags/tutorial.py
[2025-11-02T18:49:58.263+0000] {logging_mixin.py:188} INFO - [2025-11-02T18:49:58.262+0000] {dag.py:3036} INFO - Sync 1 DAGs
[2025-11-02T18:49:58.324+0000] {logging_mixin.py:188} INFO - [2025-11-02T18:49:58.323+0000] {dag.py:3823} INFO - Setting next_dagrun for tutorial to 2025-11-01 00:00:00+00:00, run_after=2025-11-02 00:00:00+00:00
[2025-11-02T18:49:58.400+0000] {processor.py:183} INFO - Processing /home/airflow/.local/lib/python3.8/site-packages/airflow/example_dags/tutorial.py took 0.560 seconds
[2025-11-02T18:50:29.422+0000] {processor.py:161} INFO - Started process (PID=2838) to work on /home/airflow/.local/lib/python3.8/site-packages/airflow/example_dags/tutorial.py
[2025-11-02T18:50:29.425+0000] {processor.py:830} INFO - Processing file /home/airflow/.local/lib/python3.8/site-packages/airflow/example_dags/tutorial.py for tasks to queue
[2025-11-02T18:50:29.432+0000] {logging_mixin.py:188} INFO - [2025-11-02T18:50:29.431+0000] {dagbag.py:538} INFO - Filling up the DagBag from /home/airflow/.local/lib/python3.8/site-packages/airflow/example_dags/tutorial.py
[2025-11-02T18:50:29.454+0000] {processor.py:840} INFO - DAG(s) 'tutorial' retrieved from /home/airflow/.local/lib/python3.8/site-packages/airflow/example_dags/tutorial.py
[2025-11-02T18:50:29.528+0000] {logging_mixin.py:188} INFO - [2025-11-02T18:50:29.527+0000] {dag.py:3036} INFO - Sync 1 DAGs
[2025-11-02T18:50:30.038+0000] {logging_mixin.py:188} INFO - [2025-11-02T18:50:30.037+0000] {dag.py:3823} INFO - Setting next_dagrun for tutorial to 2025-11-01 00:00:00+00:00, run_after=2025-11-02 00:00:00+00:00
[2025-11-02T18:50:30.106+0000] {processor.py:183} INFO - Processing /home/airflow/.local/lib/python3.8/site-packages/airflow/example_dags/tutorial.py took 0.696 seconds
[2025-11-02T18:51:00.872+0000] {processor.py:161} INFO - Started process (PID=2893) to work on /home/airflow/.local/lib/python3.8/site-packages/airflow/example_dags/tutorial.py
[2025-11-02T18:51:00.875+0000] {processor.py:830} INFO - Processing file /home/airflow/.local/lib/python3.8/site-packages/airflow/example_dags/tutorial.py for tasks to queue
[2025-11-02T18:51:00.880+0000] {logging_mixin.py:188} INFO - [2025-11-02T18:51:00.880+0000] {dagbag.py:538} INFO - Filling up the DagBag from /home/airflow/.local/lib/python3.8/site-packages/airflow/example_dags/tutorial.py
[2025-11-02T18:51:00.900+0000] {processor.py:840} INFO - DAG(s) 'tutorial' retrieved from /home/airflow/.local/lib/python3.8/site-packages/airflow/example_dags/tutorial.py
[2025-11-02T18:51:00.954+0000] {logging_mixin.py:188} INFO - [2025-11-02T18:51:00.953+0000] {dag.py:3036} INFO - Sync 1 DAGs
[2025-11-02T18:51:01.012+0000] {logging_mixin.py:188} INFO - [2025-11-02T18:51:01.012+0000] {dag.py:3823} INFO - Setting next_dagrun for tutorial to 2025-11-01 00:00:00+00:00, run_after=2025-11-02 00:00:00+00:00
[2025-11-02T18:51:01.060+0000] {processor.py:183} INFO - Processing /home/airflow/.local/lib/python3.8/site-packages/airflow/example_dags/tutorial.py took 0.197 seconds
[2025-11-02T18:51:31.649+0000] {processor.py:161} INFO - Started process (PID=2948) to work on /home/airflow/.local/lib/python3.8/site-packages/airflow/example_dags/tutorial.py
[2025-11-02T18:51:31.653+0000] {processor.py:830} INFO - Processing file /home/airflow/.local/lib/python3.8/site-packages/airflow/example_dags/tutorial.py for tasks to queue
[2025-11-02T18:51:31.660+0000] {logging_mixin.py:188} INFO - [2025-11-02T18:51:31.659+0000] {dagbag.py:538} INFO - Filling up the DagBag from /home/airflow/.local/lib/python3.8/site-packages/airflow/example_dags/tutorial.py
[2025-11-02T18:51:31.681+0000] {processor.py:840} INFO - DAG(s) 'tutorial' retrieved from /home/airflow/.local/lib/python3.8/site-packages/airflow/example_dags/tutorial.py
[2025-11-02T18:51:31.740+0000] {logging_mixin.py:188} INFO - [2025-11-02T18:51:31.740+0000] {dag.py:3036} INFO - Sync 1 DAGs
[2025-11-02T18:51:31.800+0000] {logging_mixin.py:188} INFO - [2025-11-02T18:51:31.800+0000] {dag.py:3823} INFO - Setting next_dagrun for tutorial to 2025-11-01 00:00:00+00:00, run_after=2025-11-02 00:00:00+00:00
[2025-11-02T18:51:31.845+0000] {processor.py:183} INFO - Processing /home/airflow/.local/lib/python3.8/site-packages/airflow/example_dags/tutorial.py took 0.205 seconds
[2025-11-02T18:52:02.614+0000] {processor.py:161} INFO - Started process (PID=3003) to work on /home/airflow/.local/lib/python3.8/site-packages/airflow/example_dags/tutorial.py
[2025-11-02T18:52:02.617+0000] {processor.py:830} INFO - Processing file /home/airflow/.local/lib/python3.8/site-packages/airflow/example_dags/tutorial.py for tasks to queue
[2025-11-02T18:52:02.627+0000] {logging_mixin.py:188} INFO - [2025-11-02T18:52:02.626+0000] {dagbag.py:538} INFO - Filling up the DagBag from /home/airflow/.local/lib/python3.8/site-packages/airflow/example_dags/tutorial.py
[2025-11-02T18:52:02.651+0000] {processor.py:840} INFO - DAG(s) 'tutorial' retrieved from /home/airflow/.local/lib/python3.8/site-packages/airflow/example_dags/tutorial.py
[2025-11-02T18:52:02.736+0000] {logging_mixin.py:188} INFO - [2025-11-02T18:52:02.736+0000] {dag.py:3036} INFO - Sync 1 DAGs
[2025-11-02T18:52:02.803+0000] {logging_mixin.py:188} INFO - [2025-11-02T18:52:02.802+0000] {dag.py:3823} INFO - Setting next_dagrun for tutorial to 2025-11-01 00:00:00+00:00, run_after=2025-11-02 00:00:00+00:00
[2025-11-02T18:52:02.853+0000] {processor.py:183} INFO - Processing /home/airflow/.local/lib/python3.8/site-packages/airflow/example_dags/tutorial.py took 0.252 seconds
[2025-11-02T18:52:33.107+0000] {processor.py:161} INFO - Started process (PID=3058) to work on /home/airflow/.local/lib/python3.8/site-packages/airflow/example_dags/tutorial.py
[2025-11-02T18:52:33.110+0000] {processor.py:830} INFO - Processing file /home/airflow/.local/lib/python3.8/site-packages/airflow/example_dags/tutorial.py for tasks to queue
[2025-11-02T18:52:33.116+0000] {logging_mixin.py:188} INFO - [2025-11-02T18:52:33.115+0000] {dagbag.py:538} INFO - Filling up the DagBag from /home/airflow/.local/lib/python3.8/site-packages/airflow/example_dags/tutorial.py
[2025-11-02T18:52:33.134+0000] {processor.py:840} INFO - DAG(s) 'tutorial' retrieved from /home/airflow/.local/lib/python3.8/site-packages/airflow/example_dags/tutorial.py
[2025-11-02T18:52:33.198+0000] {logging_mixin.py:188} INFO - [2025-11-02T18:52:33.198+0000] {dag.py:3036} INFO - Sync 1 DAGs
[2025-11-02T18:52:33.254+0000] {logging_mixin.py:188} INFO - [2025-11-02T18:52:33.254+0000] {dag.py:3823} INFO - Setting next_dagrun for tutorial to 2025-11-01 00:00:00+00:00, run_after=2025-11-02 00:00:00+00:00
[2025-11-02T18:52:33.301+0000] {processor.py:183} INFO - Processing /home/airflow/.local/lib/python3.8/site-packages/airflow/example_dags/tutorial.py took 0.203 seconds
[2025-11-02T18:53:03.611+0000] {processor.py:161} INFO - Started process (PID=3113) to work on /home/airflow/.local/lib/python3.8/site-packages/airflow/example_dags/tutorial.py
[2025-11-02T18:53:03.615+0000] {processor.py:830} INFO - Processing file /home/airflow/.local/lib/python3.8/site-packages/airflow/example_dags/tutorial.py for tasks to queue
[2025-11-02T18:53:03.621+0000] {logging_mixin.py:188} INFO - [2025-11-02T18:53:03.621+0000] {dagbag.py:538} INFO - Filling up the DagBag from /home/airflow/.local/lib/python3.8/site-packages/airflow/example_dags/tutorial.py
[2025-11-02T18:53:03.640+0000] {processor.py:840} INFO - DAG(s) 'tutorial' retrieved from /home/airflow/.local/lib/python3.8/site-packages/airflow/example_dags/tutorial.py
[2025-11-02T18:53:03.705+0000] {logging_mixin.py:188} INFO - [2025-11-02T18:53:03.704+0000] {dag.py:3036} INFO - Sync 1 DAGs
[2025-11-02T18:53:03.762+0000] {logging_mixin.py:188} INFO - [2025-11-02T18:53:03.761+0000] {dag.py:3823} INFO - Setting next_dagrun for tutorial to 2025-11-01 00:00:00+00:00, run_after=2025-11-02 00:00:00+00:00
[2025-11-02T18:53:03.809+0000] {processor.py:183} INFO - Processing /home/airflow/.local/lib/python3.8/site-packages/airflow/example_dags/tutorial.py took 0.208 seconds
[2025-11-02T18:53:34.139+0000] {processor.py:161} INFO - Started process (PID=3168) to work on /home/airflow/.local/lib/python3.8/site-packages/airflow/example_dags/tutorial.py
[2025-11-02T18:53:34.146+0000] {processor.py:830} INFO - Processing file /home/airflow/.local/lib/python3.8/site-packages/airflow/example_dags/tutorial.py for tasks to queue
[2025-11-02T18:53:34.153+0000] {logging_mixin.py:188} INFO - [2025-11-02T18:53:34.152+0000] {dagbag.py:538} INFO - Filling up the DagBag from /home/airflow/.local/lib/python3.8/site-packages/airflow/example_dags/tutorial.py
[2025-11-02T18:53:34.185+0000] {processor.py:840} INFO - DAG(s) 'tutorial' retrieved from /home/airflow/.local/lib/python3.8/site-packages/airflow/example_dags/tutorial.py
[2025-11-02T18:53:34.293+0000] {logging_mixin.py:188} INFO - [2025-11-02T18:53:34.293+0000] {dag.py:3036} INFO - Sync 1 DAGs
[2025-11-02T18:53:34.478+0000] {logging_mixin.py:188} INFO - [2025-11-02T18:53:34.477+0000] {dag.py:3823} INFO - Setting next_dagrun for tutorial to 2025-11-01 00:00:00+00:00, run_after=2025-11-02 00:00:00+00:00
[2025-11-02T18:53:34.633+0000] {processor.py:183} INFO - Processing /home/airflow/.local/lib/python3.8/site-packages/airflow/example_dags/tutorial.py took 0.516 seconds
[2025-11-02T18:54:05.364+0000] {processor.py:161} INFO - Started process (PID=3223) to work on /home/airflow/.local/lib/python3.8/site-packages/airflow/example_dags/tutorial.py
[2025-11-02T18:54:05.368+0000] {processor.py:830} INFO - Processing file /home/airflow/.local/lib/python3.8/site-packages/airflow/example_dags/tutorial.py for tasks to queue
[2025-11-02T18:54:05.372+0000] {logging_mixin.py:188} INFO - [2025-11-02T18:54:05.371+0000] {dagbag.py:538} INFO - Filling up the DagBag from /home/airflow/.local/lib/python3.8/site-packages/airflow/example_dags/tutorial.py
[2025-11-02T18:54:05.388+0000] {processor.py:840} INFO - DAG(s) 'tutorial' retrieved from /home/airflow/.local/lib/python3.8/site-packages/airflow/example_dags/tutorial.py
[2025-11-02T18:54:05.440+0000] {logging_mixin.py:188} INFO - [2025-11-02T18:54:05.440+0000] {dag.py:3036} INFO - Sync 1 DAGs
[2025-11-02T18:54:05.498+0000] {logging_mixin.py:188} INFO - [2025-11-02T18:54:05.498+0000] {dag.py:3823} INFO - Setting next_dagrun for tutorial to 2025-11-01 00:00:00+00:00, run_after=2025-11-02 00:00:00+00:00
[2025-11-02T18:54:05.544+0000] {processor.py:183} INFO - Processing /home/airflow/.local/lib/python3.8/site-packages/airflow/example_dags/tutorial.py took 0.189 seconds
[2025-11-02T18:54:36.483+0000] {processor.py:161} INFO - Started process (PID=3278) to work on /home/airflow/.local/lib/python3.8/site-packages/airflow/example_dags/tutorial.py
[2025-11-02T18:54:36.486+0000] {processor.py:830} INFO - Processing file /home/airflow/.local/lib/python3.8/site-packages/airflow/example_dags/tutorial.py for tasks to queue
[2025-11-02T18:54:36.491+0000] {logging_mixin.py:188} INFO - [2025-11-02T18:54:36.490+0000] {dagbag.py:538} INFO - Filling up the DagBag from /home/airflow/.local/lib/python3.8/site-packages/airflow/example_dags/tutorial.py
[2025-11-02T18:54:36.506+0000] {processor.py:840} INFO - DAG(s) 'tutorial' retrieved from /home/airflow/.local/lib/python3.8/site-packages/airflow/example_dags/tutorial.py
[2025-11-02T18:54:36.556+0000] {logging_mixin.py:188} INFO - [2025-11-02T18:54:36.556+0000] {dag.py:3036} INFO - Sync 1 DAGs
[2025-11-02T18:54:36.612+0000] {logging_mixin.py:188} INFO - [2025-11-02T18:54:36.611+0000] {dag.py:3823} INFO - Setting next_dagrun for tutorial to 2025-11-01 00:00:00+00:00, run_after=2025-11-02 00:00:00+00:00
[2025-11-02T18:54:36.664+0000] {processor.py:183} INFO - Processing /home/airflow/.local/lib/python3.8/site-packages/airflow/example_dags/tutorial.py took 0.191 seconds
[2025-11-02T18:55:07.219+0000] {processor.py:161} INFO - Started process (PID=3333) to work on /home/airflow/.local/lib/python3.8/site-packages/airflow/example_dags/tutorial.py
[2025-11-02T18:55:07.222+0000] {processor.py:830} INFO - Processing file /home/airflow/.local/lib/python3.8/site-packages/airflow/example_dags/tutorial.py for tasks to queue
[2025-11-02T18:55:07.230+0000] {logging_mixin.py:188} INFO - [2025-11-02T18:55:07.229+0000] {dagbag.py:538} INFO - Filling up the DagBag from /home/airflow/.local/lib/python3.8/site-packages/airflow/example_dags/tutorial.py
[2025-11-02T18:55:07.259+0000] {processor.py:840} INFO - DAG(s) 'tutorial' retrieved from /home/airflow/.local/lib/python3.8/site-packages/airflow/example_dags/tutorial.py
[2025-11-02T18:55:07.340+0000] {logging_mixin.py:188} INFO - [2025-11-02T18:55:07.339+0000] {dag.py:3036} INFO - Sync 1 DAGs
[2025-11-02T18:55:07.450+0000] {logging_mixin.py:188} INFO - [2025-11-02T18:55:07.438+0000] {dag.py:3823} INFO - Setting next_dagrun for tutorial to 2025-11-01 00:00:00+00:00, run_after=2025-11-02 00:00:00+00:00
[2025-11-02T18:55:07.575+0000] {processor.py:183} INFO - Processing /home/airflow/.local/lib/python3.8/site-packages/airflow/example_dags/tutorial.py took 0.372 seconds
[2025-11-02T18:55:38.226+0000] {processor.py:161} INFO - Started process (PID=3389) to work on /home/airflow/.local/lib/python3.8/site-packages/airflow/example_dags/tutorial.py
[2025-11-02T18:55:38.235+0000] {processor.py:830} INFO - Processing file /home/airflow/.local/lib/python3.8/site-packages/airflow/example_dags/tutorial.py for tasks to queue
[2025-11-02T18:55:38.255+0000] {logging_mixin.py:188} INFO - [2025-11-02T18:55:38.251+0000] {dagbag.py:538} INFO - Filling up the DagBag from /home/airflow/.local/lib/python3.8/site-packages/airflow/example_dags/tutorial.py
[2025-11-02T18:55:38.328+0000] {processor.py:840} INFO - DAG(s) 'tutorial' retrieved from /home/airflow/.local/lib/python3.8/site-packages/airflow/example_dags/tutorial.py
[2025-11-02T18:55:38.468+0000] {logging_mixin.py:188} INFO - [2025-11-02T18:55:38.467+0000] {dag.py:3036} INFO - Sync 1 DAGs
[2025-11-02T18:55:38.558+0000] {logging_mixin.py:188} INFO - [2025-11-02T18:55:38.557+0000] {dag.py:3823} INFO - Setting next_dagrun for tutorial to 2025-11-01 00:00:00+00:00, run_after=2025-11-02 00:00:00+00:00
[2025-11-02T18:55:38.621+0000] {processor.py:183} INFO - Processing /home/airflow/.local/lib/python3.8/site-packages/airflow/example_dags/tutorial.py took 0.427 seconds
[2025-11-02T18:56:09.035+0000] {processor.py:161} INFO - Started process (PID=3444) to work on /home/airflow/.local/lib/python3.8/site-packages/airflow/example_dags/tutorial.py
[2025-11-02T18:56:09.038+0000] {processor.py:830} INFO - Processing file /home/airflow/.local/lib/python3.8/site-packages/airflow/example_dags/tutorial.py for tasks to queue
[2025-11-02T18:56:09.044+0000] {logging_mixin.py:188} INFO - [2025-11-02T18:56:09.043+0000] {dagbag.py:538} INFO - Filling up the DagBag from /home/airflow/.local/lib/python3.8/site-packages/airflow/example_dags/tutorial.py
[2025-11-02T18:56:09.066+0000] {processor.py:840} INFO - DAG(s) 'tutorial' retrieved from /home/airflow/.local/lib/python3.8/site-packages/airflow/example_dags/tutorial.py
[2025-11-02T18:56:09.124+0000] {logging_mixin.py:188} INFO - [2025-11-02T18:56:09.124+0000] {dag.py:3036} INFO - Sync 1 DAGs
[2025-11-02T18:56:09.179+0000] {logging_mixin.py:188} INFO - [2025-11-02T18:56:09.179+0000] {dag.py:3823} INFO - Setting next_dagrun for tutorial to 2025-11-01 00:00:00+00:00, run_after=2025-11-02 00:00:00+00:00
[2025-11-02T18:56:09.224+0000] {processor.py:183} INFO - Processing /home/airflow/.local/lib/python3.8/site-packages/airflow/example_dags/tutorial.py took 0.199 seconds
[2025-11-02T18:56:39.379+0000] {processor.py:161} INFO - Started process (PID=3499) to work on /home/airflow/.local/lib/python3.8/site-packages/airflow/example_dags/tutorial.py
[2025-11-02T18:56:39.383+0000] {processor.py:830} INFO - Processing file /home/airflow/.local/lib/python3.8/site-packages/airflow/example_dags/tutorial.py for tasks to queue
[2025-11-02T18:56:39.389+0000] {logging_mixin.py:188} INFO - [2025-11-02T18:56:39.388+0000] {dagbag.py:538} INFO - Filling up the DagBag from /home/airflow/.local/lib/python3.8/site-packages/airflow/example_dags/tutorial.py
[2025-11-02T18:56:39.410+0000] {processor.py:840} INFO - DAG(s) 'tutorial' retrieved from /home/airflow/.local/lib/python3.8/site-packages/airflow/example_dags/tutorial.py
[2025-11-02T18:56:39.475+0000] {logging_mixin.py:188} INFO - [2025-11-02T18:56:39.475+0000] {dag.py:3036} INFO - Sync 1 DAGs
[2025-11-02T18:56:39.546+0000] {logging_mixin.py:188} INFO - [2025-11-02T18:56:39.545+0000] {dag.py:3823} INFO - Setting next_dagrun for tutorial to 2025-11-01 00:00:00+00:00, run_after=2025-11-02 00:00:00+00:00
[2025-11-02T18:56:39.606+0000] {processor.py:183} INFO - Processing /home/airflow/.local/lib/python3.8/site-packages/airflow/example_dags/tutorial.py took 0.239 seconds
[2025-11-02T18:57:10.074+0000] {processor.py:161} INFO - Started process (PID=3554) to work on /home/airflow/.local/lib/python3.8/site-packages/airflow/example_dags/tutorial.py
[2025-11-02T18:57:10.077+0000] {processor.py:830} INFO - Processing file /home/airflow/.local/lib/python3.8/site-packages/airflow/example_dags/tutorial.py for tasks to queue
[2025-11-02T18:57:10.085+0000] {logging_mixin.py:188} INFO - [2025-11-02T18:57:10.085+0000] {dagbag.py:538} INFO - Filling up the DagBag from /home/airflow/.local/lib/python3.8/site-packages/airflow/example_dags/tutorial.py
[2025-11-02T18:57:10.103+0000] {processor.py:840} INFO - DAG(s) 'tutorial' retrieved from /home/airflow/.local/lib/python3.8/site-packages/airflow/example_dags/tutorial.py
[2025-11-02T18:57:10.156+0000] {logging_mixin.py:188} INFO - [2025-11-02T18:57:10.156+0000] {dag.py:3036} INFO - Sync 1 DAGs
[2025-11-02T18:57:10.212+0000] {logging_mixin.py:188} INFO - [2025-11-02T18:57:10.211+0000] {dag.py:3823} INFO - Setting next_dagrun for tutorial to 2025-11-01 00:00:00+00:00, run_after=2025-11-02 00:00:00+00:00
[2025-11-02T18:57:10.257+0000] {processor.py:183} INFO - Processing /home/airflow/.local/lib/python3.8/site-packages/airflow/example_dags/tutorial.py took 0.194 seconds
[2025-11-02T18:57:40.677+0000] {processor.py:161} INFO - Started process (PID=3609) to work on /home/airflow/.local/lib/python3.8/site-packages/airflow/example_dags/tutorial.py
[2025-11-02T18:57:40.679+0000] {processor.py:830} INFO - Processing file /home/airflow/.local/lib/python3.8/site-packages/airflow/example_dags/tutorial.py for tasks to queue
[2025-11-02T18:57:40.684+0000] {logging_mixin.py:188} INFO - [2025-11-02T18:57:40.683+0000] {dagbag.py:538} INFO - Filling up the DagBag from /home/airflow/.local/lib/python3.8/site-packages/airflow/example_dags/tutorial.py
[2025-11-02T18:57:40.701+0000] {processor.py:840} INFO - DAG(s) 'tutorial' retrieved from /home/airflow/.local/lib/python3.8/site-packages/airflow/example_dags/tutorial.py
[2025-11-02T18:57:40.753+0000] {logging_mixin.py:188} INFO - [2025-11-02T18:57:40.752+0000] {dag.py:3036} INFO - Sync 1 DAGs
[2025-11-02T18:57:40.806+0000] {logging_mixin.py:188} INFO - [2025-11-02T18:57:40.806+0000] {dag.py:3823} INFO - Setting next_dagrun for tutorial to 2025-11-01 00:00:00+00:00, run_after=2025-11-02 00:00:00+00:00
[2025-11-02T18:57:40.847+0000] {processor.py:183} INFO - Processing /home/airflow/.local/lib/python3.8/site-packages/airflow/example_dags/tutorial.py took 0.179 seconds
[2025-11-02T18:58:11.568+0000] {processor.py:161} INFO - Started process (PID=3663) to work on /home/airflow/.local/lib/python3.8/site-packages/airflow/example_dags/tutorial.py
[2025-11-02T18:58:11.582+0000] {processor.py:830} INFO - Processing file /home/airflow/.local/lib/python3.8/site-packages/airflow/example_dags/tutorial.py for tasks to queue
[2025-11-02T18:58:11.598+0000] {logging_mixin.py:188} INFO - [2025-11-02T18:58:11.597+0000] {dagbag.py:538} INFO - Filling up the DagBag from /home/airflow/.local/lib/python3.8/site-packages/airflow/example_dags/tutorial.py
[2025-11-02T18:58:11.659+0000] {processor.py:840} INFO - DAG(s) 'tutorial' retrieved from /home/airflow/.local/lib/python3.8/site-packages/airflow/example_dags/tutorial.py
[2025-11-02T18:58:11.803+0000] {logging_mixin.py:188} INFO - [2025-11-02T18:58:11.802+0000] {dag.py:3036} INFO - Sync 1 DAGs
[2025-11-02T18:58:11.984+0000] {logging_mixin.py:188} INFO - [2025-11-02T18:58:11.983+0000] {dag.py:3823} INFO - Setting next_dagrun for tutorial to 2025-11-01 00:00:00+00:00, run_after=2025-11-02 00:00:00+00:00
[2025-11-02T18:58:12.149+0000] {processor.py:183} INFO - Processing /home/airflow/.local/lib/python3.8/site-packages/airflow/example_dags/tutorial.py took 0.607 seconds
[2025-11-02T18:58:42.487+0000] {processor.py:161} INFO - Started process (PID=3718) to work on /home/airflow/.local/lib/python3.8/site-packages/airflow/example_dags/tutorial.py
[2025-11-02T18:58:42.490+0000] {processor.py:830} INFO - Processing file /home/airflow/.local/lib/python3.8/site-packages/airflow/example_dags/tutorial.py for tasks to queue
[2025-11-02T18:58:42.496+0000] {logging_mixin.py:188} INFO - [2025-11-02T18:58:42.495+0000] {dagbag.py:538} INFO - Filling up the DagBag from /home/airflow/.local/lib/python3.8/site-packages/airflow/example_dags/tutorial.py
[2025-11-02T18:58:42.514+0000] {processor.py:840} INFO - DAG(s) 'tutorial' retrieved from /home/airflow/.local/lib/python3.8/site-packages/airflow/example_dags/tutorial.py
[2025-11-02T18:58:42.568+0000] {logging_mixin.py:188} INFO - [2025-11-02T18:58:42.567+0000] {dag.py:3036} INFO - Sync 1 DAGs
[2025-11-02T18:58:42.623+0000] {logging_mixin.py:188} INFO - [2025-11-02T18:58:42.623+0000] {dag.py:3823} INFO - Setting next_dagrun for tutorial to 2025-11-01 00:00:00+00:00, run_after=2025-11-02 00:00:00+00:00
[2025-11-02T18:58:42.676+0000] {processor.py:183} INFO - Processing /home/airflow/.local/lib/python3.8/site-packages/airflow/example_dags/tutorial.py took 0.201 seconds
[2025-11-02T18:59:12.830+0000] {processor.py:161} INFO - Started process (PID=3772) to work on /home/airflow/.local/lib/python3.8/site-packages/airflow/example_dags/tutorial.py
[2025-11-02T18:59:12.833+0000] {processor.py:830} INFO - Processing file /home/airflow/.local/lib/python3.8/site-packages/airflow/example_dags/tutorial.py for tasks to queue
[2025-11-02T18:59:12.838+0000] {logging_mixin.py:188} INFO - [2025-11-02T18:59:12.837+0000] {dagbag.py:538} INFO - Filling up the DagBag from /home/airflow/.local/lib/python3.8/site-packages/airflow/example_dags/tutorial.py
[2025-11-02T18:59:12.851+0000] {processor.py:840} INFO - DAG(s) 'tutorial' retrieved from /home/airflow/.local/lib/python3.8/site-packages/airflow/example_dags/tutorial.py
[2025-11-02T18:59:12.895+0000] {logging_mixin.py:188} INFO - [2025-11-02T18:59:12.895+0000] {dag.py:3036} INFO - Sync 1 DAGs
[2025-11-02T18:59:12.942+0000] {logging_mixin.py:188} INFO - [2025-11-02T18:59:12.941+0000] {dag.py:3823} INFO - Setting next_dagrun for tutorial to 2025-11-01 00:00:00+00:00, run_after=2025-11-02 00:00:00+00:00
[2025-11-02T18:59:12.982+0000] {processor.py:183} INFO - Processing /home/airflow/.local/lib/python3.8/site-packages/airflow/example_dags/tutorial.py took 0.160 seconds
[2025-11-02T18:59:43.637+0000] {processor.py:161} INFO - Started process (PID=3827) to work on /home/airflow/.local/lib/python3.8/site-packages/airflow/example_dags/tutorial.py
[2025-11-02T18:59:43.640+0000] {processor.py:830} INFO - Processing file /home/airflow/.local/lib/python3.8/site-packages/airflow/example_dags/tutorial.py for tasks to queue
[2025-11-02T18:59:43.646+0000] {logging_mixin.py:188} INFO - [2025-11-02T18:59:43.645+0000] {dagbag.py:538} INFO - Filling up the DagBag from /home/airflow/.local/lib/python3.8/site-packages/airflow/example_dags/tutorial.py
[2025-11-02T18:59:43.665+0000] {processor.py:840} INFO - DAG(s) 'tutorial' retrieved from /home/airflow/.local/lib/python3.8/site-packages/airflow/example_dags/tutorial.py
[2025-11-02T18:59:43.729+0000] {logging_mixin.py:188} INFO - [2025-11-02T18:59:43.728+0000] {dag.py:3036} INFO - Sync 1 DAGs
[2025-11-02T18:59:43.782+0000] {logging_mixin.py:188} INFO - [2025-11-02T18:59:43.782+0000] {dag.py:3823} INFO - Setting next_dagrun for tutorial to 2025-11-01 00:00:00+00:00, run_after=2025-11-02 00:00:00+00:00
[2025-11-02T18:59:43.828+0000] {processor.py:183} INFO - Processing /home/airflow/.local/lib/python3.8/site-packages/airflow/example_dags/tutorial.py took 0.202 seconds
[2025-11-02T19:00:14.149+0000] {processor.py:161} INFO - Started process (PID=3882) to work on /home/airflow/.local/lib/python3.8/site-packages/airflow/example_dags/tutorial.py
[2025-11-02T19:00:14.152+0000] {processor.py:830} INFO - Processing file /home/airflow/.local/lib/python3.8/site-packages/airflow/example_dags/tutorial.py for tasks to queue
[2025-11-02T19:00:14.157+0000] {logging_mixin.py:188} INFO - [2025-11-02T19:00:14.157+0000] {dagbag.py:538} INFO - Filling up the DagBag from /home/airflow/.local/lib/python3.8/site-packages/airflow/example_dags/tutorial.py
[2025-11-02T19:00:14.173+0000] {processor.py:840} INFO - DAG(s) 'tutorial' retrieved from /home/airflow/.local/lib/python3.8/site-packages/airflow/example_dags/tutorial.py
[2025-11-02T19:00:14.232+0000] {logging_mixin.py:188} INFO - [2025-11-02T19:00:14.232+0000] {dag.py:3036} INFO - Sync 1 DAGs
[2025-11-02T19:00:14.278+0000] {logging_mixin.py:188} INFO - [2025-11-02T19:00:14.277+0000] {dag.py:3823} INFO - Setting next_dagrun for tutorial to 2025-11-01 00:00:00+00:00, run_after=2025-11-02 00:00:00+00:00
[2025-11-02T19:00:14.316+0000] {processor.py:183} INFO - Processing /home/airflow/.local/lib/python3.8/site-packages/airflow/example_dags/tutorial.py took 0.179 seconds
[2025-11-02T19:00:44.480+0000] {processor.py:161} INFO - Started process (PID=3938) to work on /home/airflow/.local/lib/python3.8/site-packages/airflow/example_dags/tutorial.py
[2025-11-02T19:00:44.483+0000] {processor.py:830} INFO - Processing file /home/airflow/.local/lib/python3.8/site-packages/airflow/example_dags/tutorial.py for tasks to queue
[2025-11-02T19:00:44.488+0000] {logging_mixin.py:188} INFO - [2025-11-02T19:00:44.487+0000] {dagbag.py:538} INFO - Filling up the DagBag from /home/airflow/.local/lib/python3.8/site-packages/airflow/example_dags/tutorial.py
[2025-11-02T19:00:44.506+0000] {processor.py:840} INFO - DAG(s) 'tutorial' retrieved from /home/airflow/.local/lib/python3.8/site-packages/airflow/example_dags/tutorial.py
[2025-11-02T19:00:44.565+0000] {logging_mixin.py:188} INFO - [2025-11-02T19:00:44.564+0000] {dag.py:3036} INFO - Sync 1 DAGs
[2025-11-02T19:00:44.627+0000] {logging_mixin.py:188} INFO - [2025-11-02T19:00:44.626+0000] {dag.py:3823} INFO - Setting next_dagrun for tutorial to 2025-11-01 00:00:00+00:00, run_after=2025-11-02 00:00:00+00:00
[2025-11-02T19:00:44.679+0000] {processor.py:183} INFO - Processing /home/airflow/.local/lib/python3.8/site-packages/airflow/example_dags/tutorial.py took 0.209 seconds
[2025-11-02T19:01:15.667+0000] {processor.py:161} INFO - Started process (PID=3992) to work on /home/airflow/.local/lib/python3.8/site-packages/airflow/example_dags/tutorial.py
[2025-11-02T19:01:15.670+0000] {processor.py:830} INFO - Processing file /home/airflow/.local/lib/python3.8/site-packages/airflow/example_dags/tutorial.py for tasks to queue
[2025-11-02T19:01:15.674+0000] {logging_mixin.py:188} INFO - [2025-11-02T19:01:15.674+0000] {dagbag.py:538} INFO - Filling up the DagBag from /home/airflow/.local/lib/python3.8/site-packages/airflow/example_dags/tutorial.py
[2025-11-02T19:01:15.688+0000] {processor.py:840} INFO - DAG(s) 'tutorial' retrieved from /home/airflow/.local/lib/python3.8/site-packages/airflow/example_dags/tutorial.py
[2025-11-02T19:01:15.732+0000] {logging_mixin.py:188} INFO - [2025-11-02T19:01:15.732+0000] {dag.py:3036} INFO - Sync 1 DAGs
[2025-11-02T19:01:15.774+0000] {logging_mixin.py:188} INFO - [2025-11-02T19:01:15.774+0000] {dag.py:3823} INFO - Setting next_dagrun for tutorial to 2025-11-01 00:00:00+00:00, run_after=2025-11-02 00:00:00+00:00
[2025-11-02T19:01:15.815+0000] {processor.py:183} INFO - Processing /home/airflow/.local/lib/python3.8/site-packages/airflow/example_dags/tutorial.py took 0.157 seconds
[2025-11-02T19:01:47.016+0000] {processor.py:161} INFO - Started process (PID=4047) to work on /home/airflow/.local/lib/python3.8/site-packages/airflow/example_dags/tutorial.py
[2025-11-02T19:01:47.020+0000] {processor.py:830} INFO - Processing file /home/airflow/.local/lib/python3.8/site-packages/airflow/example_dags/tutorial.py for tasks to queue
[2025-11-02T19:01:47.026+0000] {logging_mixin.py:188} INFO - [2025-11-02T19:01:47.025+0000] {dagbag.py:538} INFO - Filling up the DagBag from /home/airflow/.local/lib/python3.8/site-packages/airflow/example_dags/tutorial.py
[2025-11-02T19:01:47.046+0000] {processor.py:840} INFO - DAG(s) 'tutorial' retrieved from /home/airflow/.local/lib/python3.8/site-packages/airflow/example_dags/tutorial.py
[2025-11-02T19:01:47.107+0000] {logging_mixin.py:188} INFO - [2025-11-02T19:01:47.107+0000] {dag.py:3036} INFO - Sync 1 DAGs
[2025-11-02T19:01:47.161+0000] {logging_mixin.py:188} INFO - [2025-11-02T19:01:47.161+0000] {dag.py:3823} INFO - Setting next_dagrun for tutorial to 2025-11-01 00:00:00+00:00, run_after=2025-11-02 00:00:00+00:00
[2025-11-02T19:01:47.206+0000] {processor.py:183} INFO - Processing /home/airflow/.local/lib/python3.8/site-packages/airflow/example_dags/tutorial.py took 0.199 seconds
[2025-11-02T19:02:18.342+0000] {processor.py:161} INFO - Started process (PID=4102) to work on /home/airflow/.local/lib/python3.8/site-packages/airflow/example_dags/tutorial.py
[2025-11-02T19:02:18.345+0000] {processor.py:830} INFO - Processing file /home/airflow/.local/lib/python3.8/site-packages/airflow/example_dags/tutorial.py for tasks to queue
[2025-11-02T19:02:18.351+0000] {logging_mixin.py:188} INFO - [2025-11-02T19:02:18.350+0000] {dagbag.py:538} INFO - Filling up the DagBag from /home/airflow/.local/lib/python3.8/site-packages/airflow/example_dags/tutorial.py
[2025-11-02T19:02:18.367+0000] {processor.py:840} INFO - DAG(s) 'tutorial' retrieved from /home/airflow/.local/lib/python3.8/site-packages/airflow/example_dags/tutorial.py
[2025-11-02T19:02:18.426+0000] {logging_mixin.py:188} INFO - [2025-11-02T19:02:18.425+0000] {dag.py:3036} INFO - Sync 1 DAGs
[2025-11-02T19:02:18.488+0000] {logging_mixin.py:188} INFO - [2025-11-02T19:02:18.488+0000] {dag.py:3823} INFO - Setting next_dagrun for tutorial to 2025-11-01 00:00:00+00:00, run_after=2025-11-02 00:00:00+00:00
[2025-11-02T19:02:18.538+0000] {processor.py:183} INFO - Processing /home/airflow/.local/lib/python3.8/site-packages/airflow/example_dags/tutorial.py took 0.206 seconds
[2025-11-02T19:02:49.619+0000] {processor.py:161} INFO - Started process (PID=4157) to work on /home/airflow/.local/lib/python3.8/site-packages/airflow/example_dags/tutorial.py
[2025-11-02T19:02:49.622+0000] {processor.py:830} INFO - Processing file /home/airflow/.local/lib/python3.8/site-packages/airflow/example_dags/tutorial.py for tasks to queue
[2025-11-02T19:02:49.628+0000] {logging_mixin.py:188} INFO - [2025-11-02T19:02:49.627+0000] {dagbag.py:538} INFO - Filling up the DagBag from /home/airflow/.local/lib/python3.8/site-packages/airflow/example_dags/tutorial.py
[2025-11-02T19:02:49.644+0000] {processor.py:840} INFO - DAG(s) 'tutorial' retrieved from /home/airflow/.local/lib/python3.8/site-packages/airflow/example_dags/tutorial.py
[2025-11-02T19:02:49.702+0000] {logging_mixin.py:188} INFO - [2025-11-02T19:02:49.702+0000] {dag.py:3036} INFO - Sync 1 DAGs
[2025-11-02T19:02:49.768+0000] {logging_mixin.py:188} INFO - [2025-11-02T19:02:49.767+0000] {dag.py:3823} INFO - Setting next_dagrun for tutorial to 2025-11-01 00:00:00+00:00, run_after=2025-11-02 00:00:00+00:00
[2025-11-02T19:02:49.836+0000] {processor.py:183} INFO - Processing /home/airflow/.local/lib/python3.8/site-packages/airflow/example_dags/tutorial.py took 0.227 seconds
[2025-11-02T19:03:20.512+0000] {processor.py:161} INFO - Started process (PID=4212) to work on /home/airflow/.local/lib/python3.8/site-packages/airflow/example_dags/tutorial.py
[2025-11-02T19:03:20.515+0000] {processor.py:830} INFO - Processing file /home/airflow/.local/lib/python3.8/site-packages/airflow/example_dags/tutorial.py for tasks to queue
[2025-11-02T19:03:20.519+0000] {logging_mixin.py:188} INFO - [2025-11-02T19:03:20.519+0000] {dagbag.py:538} INFO - Filling up the DagBag from /home/airflow/.local/lib/python3.8/site-packages/airflow/example_dags/tutorial.py
[2025-11-02T19:03:20.533+0000] {processor.py:840} INFO - DAG(s) 'tutorial' retrieved from /home/airflow/.local/lib/python3.8/site-packages/airflow/example_dags/tutorial.py
[2025-11-02T19:03:20.582+0000] {logging_mixin.py:188} INFO - [2025-11-02T19:03:20.582+0000] {dag.py:3036} INFO - Sync 1 DAGs
[2025-11-02T19:03:20.628+0000] {logging_mixin.py:188} INFO - [2025-11-02T19:03:20.628+0000] {dag.py:3823} INFO - Setting next_dagrun for tutorial to 2025-11-01 00:00:00+00:00, run_after=2025-11-02 00:00:00+00:00
[2025-11-02T19:03:20.666+0000] {processor.py:183} INFO - Processing /home/airflow/.local/lib/python3.8/site-packages/airflow/example_dags/tutorial.py took 0.163 seconds
[2025-11-02T19:03:51.219+0000] {processor.py:161} INFO - Started process (PID=4267) to work on /home/airflow/.local/lib/python3.8/site-packages/airflow/example_dags/tutorial.py
[2025-11-02T19:03:51.222+0000] {processor.py:830} INFO - Processing file /home/airflow/.local/lib/python3.8/site-packages/airflow/example_dags/tutorial.py for tasks to queue
[2025-11-02T19:03:51.228+0000] {logging_mixin.py:188} INFO - [2025-11-02T19:03:51.227+0000] {dagbag.py:538} INFO - Filling up the DagBag from /home/airflow/.local/lib/python3.8/site-packages/airflow/example_dags/tutorial.py
[2025-11-02T19:03:51.243+0000] {processor.py:840} INFO - DAG(s) 'tutorial' retrieved from /home/airflow/.local/lib/python3.8/site-packages/airflow/example_dags/tutorial.py
[2025-11-02T19:03:51.289+0000] {logging_mixin.py:188} INFO - [2025-11-02T19:03:51.289+0000] {dag.py:3036} INFO - Sync 1 DAGs
[2025-11-02T19:03:51.332+0000] {logging_mixin.py:188} INFO - [2025-11-02T19:03:51.331+0000] {dag.py:3823} INFO - Setting next_dagrun for tutorial to 2025-11-01 00:00:00+00:00, run_after=2025-11-02 00:00:00+00:00
[2025-11-02T19:03:51.374+0000] {processor.py:183} INFO - Processing /home/airflow/.local/lib/python3.8/site-packages/airflow/example_dags/tutorial.py took 0.166 seconds
[2025-11-02T19:04:22.102+0000] {processor.py:161} INFO - Started process (PID=4322) to work on /home/airflow/.local/lib/python3.8/site-packages/airflow/example_dags/tutorial.py
[2025-11-02T19:04:22.104+0000] {processor.py:830} INFO - Processing file /home/airflow/.local/lib/python3.8/site-packages/airflow/example_dags/tutorial.py for tasks to queue
[2025-11-02T19:04:22.109+0000] {logging_mixin.py:188} INFO - [2025-11-02T19:04:22.109+0000] {dagbag.py:538} INFO - Filling up the DagBag from /home/airflow/.local/lib/python3.8/site-packages/airflow/example_dags/tutorial.py
[2025-11-02T19:04:22.123+0000] {processor.py:840} INFO - DAG(s) 'tutorial' retrieved from /home/airflow/.local/lib/python3.8/site-packages/airflow/example_dags/tutorial.py
[2025-11-02T19:04:22.167+0000] {logging_mixin.py:188} INFO - [2025-11-02T19:04:22.167+0000] {dag.py:3036} INFO - Sync 1 DAGs
[2025-11-02T19:04:22.211+0000] {logging_mixin.py:188} INFO - [2025-11-02T19:04:22.210+0000] {dag.py:3823} INFO - Setting next_dagrun for tutorial to 2025-11-01 00:00:00+00:00, run_after=2025-11-02 00:00:00+00:00
[2025-11-02T19:04:22.252+0000] {processor.py:183} INFO - Processing /home/airflow/.local/lib/python3.8/site-packages/airflow/example_dags/tutorial.py took 0.159 seconds
[2025-11-02T19:04:52.602+0000] {processor.py:161} INFO - Started process (PID=4377) to work on /home/airflow/.local/lib/python3.8/site-packages/airflow/example_dags/tutorial.py
[2025-11-02T19:04:52.605+0000] {processor.py:830} INFO - Processing file /home/airflow/.local/lib/python3.8/site-packages/airflow/example_dags/tutorial.py for tasks to queue
[2025-11-02T19:04:52.610+0000] {logging_mixin.py:188} INFO - [2025-11-02T19:04:52.609+0000] {dagbag.py:538} INFO - Filling up the DagBag from /home/airflow/.local/lib/python3.8/site-packages/airflow/example_dags/tutorial.py
[2025-11-02T19:04:52.624+0000] {processor.py:840} INFO - DAG(s) 'tutorial' retrieved from /home/airflow/.local/lib/python3.8/site-packages/airflow/example_dags/tutorial.py
[2025-11-02T19:04:52.668+0000] {logging_mixin.py:188} INFO - [2025-11-02T19:04:52.668+0000] {dag.py:3036} INFO - Sync 1 DAGs
[2025-11-02T19:04:52.711+0000] {logging_mixin.py:188} INFO - [2025-11-02T19:04:52.710+0000] {dag.py:3823} INFO - Setting next_dagrun for tutorial to 2025-11-01 00:00:00+00:00, run_after=2025-11-02 00:00:00+00:00
[2025-11-02T19:04:52.758+0000] {processor.py:183} INFO - Processing /home/airflow/.local/lib/python3.8/site-packages/airflow/example_dags/tutorial.py took 0.164 seconds
[2025-11-02T19:05:23.957+0000] {processor.py:161} INFO - Started process (PID=4432) to work on /home/airflow/.local/lib/python3.8/site-packages/airflow/example_dags/tutorial.py
[2025-11-02T19:05:23.960+0000] {processor.py:830} INFO - Processing file /home/airflow/.local/lib/python3.8/site-packages/airflow/example_dags/tutorial.py for tasks to queue
[2025-11-02T19:05:23.973+0000] {logging_mixin.py:188} INFO - [2025-11-02T19:05:23.965+0000] {dagbag.py:538} INFO - Filling up the DagBag from /home/airflow/.local/lib/python3.8/site-packages/airflow/example_dags/tutorial.py
[2025-11-02T19:05:24.010+0000] {processor.py:840} INFO - DAG(s) 'tutorial' retrieved from /home/airflow/.local/lib/python3.8/site-packages/airflow/example_dags/tutorial.py
[2025-11-02T19:05:24.170+0000] {logging_mixin.py:188} INFO - [2025-11-02T19:05:24.169+0000] {dag.py:3036} INFO - Sync 1 DAGs
[2025-11-02T19:05:24.320+0000] {logging_mixin.py:188} INFO - [2025-11-02T19:05:24.319+0000] {dag.py:3823} INFO - Setting next_dagrun for tutorial to 2025-11-01 00:00:00+00:00, run_after=2025-11-02 00:00:00+00:00
[2025-11-02T19:05:24.466+0000] {processor.py:183} INFO - Processing /home/airflow/.local/lib/python3.8/site-packages/airflow/example_dags/tutorial.py took 0.542 seconds
[2025-11-02T19:05:55.362+0000] {processor.py:161} INFO - Started process (PID=4487) to work on /home/airflow/.local/lib/python3.8/site-packages/airflow/example_dags/tutorial.py
[2025-11-02T19:05:55.366+0000] {processor.py:830} INFO - Processing file /home/airflow/.local/lib/python3.8/site-packages/airflow/example_dags/tutorial.py for tasks to queue
[2025-11-02T19:05:55.388+0000] {logging_mixin.py:188} INFO - [2025-11-02T19:05:55.383+0000] {dagbag.py:538} INFO - Filling up the DagBag from /home/airflow/.local/lib/python3.8/site-packages/airflow/example_dags/tutorial.py
[2025-11-02T19:05:55.413+0000] {processor.py:840} INFO - DAG(s) 'tutorial' retrieved from /home/airflow/.local/lib/python3.8/site-packages/airflow/example_dags/tutorial.py
[2025-11-02T19:05:55.495+0000] {logging_mixin.py:188} INFO - [2025-11-02T19:05:55.494+0000] {dag.py:3036} INFO - Sync 1 DAGs
[2025-11-02T19:05:55.598+0000] {logging_mixin.py:188} INFO - [2025-11-02T19:05:55.597+0000] {dag.py:3823} INFO - Setting next_dagrun for tutorial to 2025-11-01 00:00:00+00:00, run_after=2025-11-02 00:00:00+00:00
[2025-11-02T19:05:55.667+0000] {processor.py:183} INFO - Processing /home/airflow/.local/lib/python3.8/site-packages/airflow/example_dags/tutorial.py took 0.320 seconds
[2025-11-02T19:06:26.140+0000] {processor.py:161} INFO - Started process (PID=4542) to work on /home/airflow/.local/lib/python3.8/site-packages/airflow/example_dags/tutorial.py
[2025-11-02T19:06:26.142+0000] {processor.py:830} INFO - Processing file /home/airflow/.local/lib/python3.8/site-packages/airflow/example_dags/tutorial.py for tasks to queue
[2025-11-02T19:06:26.148+0000] {logging_mixin.py:188} INFO - [2025-11-02T19:06:26.148+0000] {dagbag.py:538} INFO - Filling up the DagBag from /home/airflow/.local/lib/python3.8/site-packages/airflow/example_dags/tutorial.py
[2025-11-02T19:06:26.163+0000] {processor.py:840} INFO - DAG(s) 'tutorial' retrieved from /home/airflow/.local/lib/python3.8/site-packages/airflow/example_dags/tutorial.py
[2025-11-02T19:06:26.223+0000] {logging_mixin.py:188} INFO - [2025-11-02T19:06:26.222+0000] {dag.py:3036} INFO - Sync 1 DAGs
[2025-11-02T19:06:26.279+0000] {logging_mixin.py:188} INFO - [2025-11-02T19:06:26.279+0000] {dag.py:3823} INFO - Setting next_dagrun for tutorial to 2025-11-01 00:00:00+00:00, run_after=2025-11-02 00:00:00+00:00
[2025-11-02T19:06:26.332+0000] {processor.py:183} INFO - Processing /home/airflow/.local/lib/python3.8/site-packages/airflow/example_dags/tutorial.py took 0.203 seconds
[2025-11-02T19:06:56.846+0000] {processor.py:161} INFO - Started process (PID=4597) to work on /home/airflow/.local/lib/python3.8/site-packages/airflow/example_dags/tutorial.py
[2025-11-02T19:06:56.849+0000] {processor.py:830} INFO - Processing file /home/airflow/.local/lib/python3.8/site-packages/airflow/example_dags/tutorial.py for tasks to queue
[2025-11-02T19:06:56.856+0000] {logging_mixin.py:188} INFO - [2025-11-02T19:06:56.855+0000] {dagbag.py:538} INFO - Filling up the DagBag from /home/airflow/.local/lib/python3.8/site-packages/airflow/example_dags/tutorial.py
[2025-11-02T19:06:56.878+0000] {processor.py:840} INFO - DAG(s) 'tutorial' retrieved from /home/airflow/.local/lib/python3.8/site-packages/airflow/example_dags/tutorial.py
[2025-11-02T19:06:56.933+0000] {logging_mixin.py:188} INFO - [2025-11-02T19:06:56.933+0000] {dag.py:3036} INFO - Sync 1 DAGs
[2025-11-02T19:06:56.988+0000] {logging_mixin.py:188} INFO - [2025-11-02T19:06:56.986+0000] {dag.py:3823} INFO - Setting next_dagrun for tutorial to 2025-11-01 00:00:00+00:00, run_after=2025-11-02 00:00:00+00:00
[2025-11-02T19:06:57.036+0000] {processor.py:183} INFO - Processing /home/airflow/.local/lib/python3.8/site-packages/airflow/example_dags/tutorial.py took 0.201 seconds
[2025-11-02T19:07:27.243+0000] {processor.py:161} INFO - Started process (PID=4652) to work on /home/airflow/.local/lib/python3.8/site-packages/airflow/example_dags/tutorial.py
[2025-11-02T19:07:27.246+0000] {processor.py:830} INFO - Processing file /home/airflow/.local/lib/python3.8/site-packages/airflow/example_dags/tutorial.py for tasks to queue
[2025-11-02T19:07:27.253+0000] {logging_mixin.py:188} INFO - [2025-11-02T19:07:27.252+0000] {dagbag.py:538} INFO - Filling up the DagBag from /home/airflow/.local/lib/python3.8/site-packages/airflow/example_dags/tutorial.py
[2025-11-02T19:07:27.272+0000] {processor.py:840} INFO - DAG(s) 'tutorial' retrieved from /home/airflow/.local/lib/python3.8/site-packages/airflow/example_dags/tutorial.py
[2025-11-02T19:07:27.354+0000] {logging_mixin.py:188} INFO - [2025-11-02T19:07:27.354+0000] {dag.py:3036} INFO - Sync 1 DAGs
[2025-11-02T19:07:27.407+0000] {logging_mixin.py:188} INFO - [2025-11-02T19:07:27.406+0000] {dag.py:3823} INFO - Setting next_dagrun for tutorial to 2025-11-01 00:00:00+00:00, run_after=2025-11-02 00:00:00+00:00
[2025-11-02T19:07:27.454+0000] {processor.py:183} INFO - Processing /home/airflow/.local/lib/python3.8/site-packages/airflow/example_dags/tutorial.py took 0.223 seconds
[2025-11-02T19:07:58.765+0000] {processor.py:161} INFO - Started process (PID=4707) to work on /home/airflow/.local/lib/python3.8/site-packages/airflow/example_dags/tutorial.py
[2025-11-02T19:07:58.774+0000] {processor.py:830} INFO - Processing file /home/airflow/.local/lib/python3.8/site-packages/airflow/example_dags/tutorial.py for tasks to queue
[2025-11-02T19:07:58.781+0000] {logging_mixin.py:188} INFO - [2025-11-02T19:07:58.780+0000] {dagbag.py:538} INFO - Filling up the DagBag from /home/airflow/.local/lib/python3.8/site-packages/airflow/example_dags/tutorial.py
[2025-11-02T19:07:58.808+0000] {processor.py:840} INFO - DAG(s) 'tutorial' retrieved from /home/airflow/.local/lib/python3.8/site-packages/airflow/example_dags/tutorial.py
[2025-11-02T19:07:58.914+0000] {logging_mixin.py:188} INFO - [2025-11-02T19:07:58.913+0000] {dag.py:3036} INFO - Sync 1 DAGs
[2025-11-02T19:07:59.058+0000] {logging_mixin.py:188} INFO - [2025-11-02T19:07:59.057+0000] {dag.py:3823} INFO - Setting next_dagrun for tutorial to 2025-11-01 00:00:00+00:00, run_after=2025-11-02 00:00:00+00:00
[2025-11-02T19:07:59.155+0000] {processor.py:183} INFO - Processing /home/airflow/.local/lib/python3.8/site-packages/airflow/example_dags/tutorial.py took 0.408 seconds
[2025-11-02T19:08:29.658+0000] {processor.py:161} INFO - Started process (PID=4762) to work on /home/airflow/.local/lib/python3.8/site-packages/airflow/example_dags/tutorial.py
[2025-11-02T19:08:29.661+0000] {processor.py:830} INFO - Processing file /home/airflow/.local/lib/python3.8/site-packages/airflow/example_dags/tutorial.py for tasks to queue
[2025-11-02T19:08:29.667+0000] {logging_mixin.py:188} INFO - [2025-11-02T19:08:29.666+0000] {dagbag.py:538} INFO - Filling up the DagBag from /home/airflow/.local/lib/python3.8/site-packages/airflow/example_dags/tutorial.py
[2025-11-02T19:08:29.684+0000] {processor.py:840} INFO - DAG(s) 'tutorial' retrieved from /home/airflow/.local/lib/python3.8/site-packages/airflow/example_dags/tutorial.py
[2025-11-02T19:08:29.732+0000] {logging_mixin.py:188} INFO - [2025-11-02T19:08:29.732+0000] {dag.py:3036} INFO - Sync 1 DAGs
[2025-11-02T19:08:29.775+0000] {logging_mixin.py:188} INFO - [2025-11-02T19:08:29.774+0000] {dag.py:3823} INFO - Setting next_dagrun for tutorial to 2025-11-01 00:00:00+00:00, run_after=2025-11-02 00:00:00+00:00
[2025-11-02T19:08:29.813+0000] {processor.py:183} INFO - Processing /home/airflow/.local/lib/python3.8/site-packages/airflow/example_dags/tutorial.py took 0.166 seconds
[2025-11-02T19:09:00.930+0000] {processor.py:161} INFO - Started process (PID=4817) to work on /home/airflow/.local/lib/python3.8/site-packages/airflow/example_dags/tutorial.py
[2025-11-02T19:09:00.934+0000] {processor.py:830} INFO - Processing file /home/airflow/.local/lib/python3.8/site-packages/airflow/example_dags/tutorial.py for tasks to queue
[2025-11-02T19:09:00.941+0000] {logging_mixin.py:188} INFO - [2025-11-02T19:09:00.940+0000] {dagbag.py:538} INFO - Filling up the DagBag from /home/airflow/.local/lib/python3.8/site-packages/airflow/example_dags/tutorial.py
[2025-11-02T19:09:00.961+0000] {processor.py:840} INFO - DAG(s) 'tutorial' retrieved from /home/airflow/.local/lib/python3.8/site-packages/airflow/example_dags/tutorial.py
[2025-11-02T19:09:01.017+0000] {logging_mixin.py:188} INFO - [2025-11-02T19:09:01.017+0000] {dag.py:3036} INFO - Sync 1 DAGs
[2025-11-02T19:09:01.094+0000] {logging_mixin.py:188} INFO - [2025-11-02T19:09:01.093+0000] {dag.py:3823} INFO - Setting next_dagrun for tutorial to 2025-11-01 00:00:00+00:00, run_after=2025-11-02 00:00:00+00:00
[2025-11-02T19:09:01.154+0000] {processor.py:183} INFO - Processing /home/airflow/.local/lib/python3.8/site-packages/airflow/example_dags/tutorial.py took 0.236 seconds
[2025-11-02T19:09:31.260+0000] {processor.py:161} INFO - Started process (PID=4872) to work on /home/airflow/.local/lib/python3.8/site-packages/airflow/example_dags/tutorial.py
[2025-11-02T19:09:31.263+0000] {processor.py:830} INFO - Processing file /home/airflow/.local/lib/python3.8/site-packages/airflow/example_dags/tutorial.py for tasks to queue
[2025-11-02T19:09:31.268+0000] {logging_mixin.py:188} INFO - [2025-11-02T19:09:31.267+0000] {dagbag.py:538} INFO - Filling up the DagBag from /home/airflow/.local/lib/python3.8/site-packages/airflow/example_dags/tutorial.py
[2025-11-02T19:09:31.281+0000] {processor.py:840} INFO - DAG(s) 'tutorial' retrieved from /home/airflow/.local/lib/python3.8/site-packages/airflow/example_dags/tutorial.py
[2025-11-02T19:09:31.324+0000] {logging_mixin.py:188} INFO - [2025-11-02T19:09:31.324+0000] {dag.py:3036} INFO - Sync 1 DAGs
[2025-11-02T19:09:31.369+0000] {logging_mixin.py:188} INFO - [2025-11-02T19:09:31.368+0000] {dag.py:3823} INFO - Setting next_dagrun for tutorial to 2025-11-01 00:00:00+00:00, run_after=2025-11-02 00:00:00+00:00
[2025-11-02T19:09:31.409+0000] {processor.py:183} INFO - Processing /home/airflow/.local/lib/python3.8/site-packages/airflow/example_dags/tutorial.py took 0.157 seconds
[2025-11-02T19:10:02.392+0000] {processor.py:161} INFO - Started process (PID=4927) to work on /home/airflow/.local/lib/python3.8/site-packages/airflow/example_dags/tutorial.py
[2025-11-02T19:10:02.394+0000] {processor.py:830} INFO - Processing file /home/airflow/.local/lib/python3.8/site-packages/airflow/example_dags/tutorial.py for tasks to queue
[2025-11-02T19:10:02.399+0000] {logging_mixin.py:188} INFO - [2025-11-02T19:10:02.398+0000] {dagbag.py:538} INFO - Filling up the DagBag from /home/airflow/.local/lib/python3.8/site-packages/airflow/example_dags/tutorial.py
[2025-11-02T19:10:02.412+0000] {processor.py:840} INFO - DAG(s) 'tutorial' retrieved from /home/airflow/.local/lib/python3.8/site-packages/airflow/example_dags/tutorial.py
[2025-11-02T19:10:02.455+0000] {logging_mixin.py:188} INFO - [2025-11-02T19:10:02.455+0000] {dag.py:3036} INFO - Sync 1 DAGs
[2025-11-02T19:10:02.504+0000] {logging_mixin.py:188} INFO - [2025-11-02T19:10:02.504+0000] {dag.py:3823} INFO - Setting next_dagrun for tutorial to 2025-11-01 00:00:00+00:00, run_after=2025-11-02 00:00:00+00:00
[2025-11-02T19:10:02.564+0000] {processor.py:183} INFO - Processing /home/airflow/.local/lib/python3.8/site-packages/airflow/example_dags/tutorial.py took 0.179 seconds
[2025-11-02T19:10:33.266+0000] {processor.py:161} INFO - Started process (PID=4982) to work on /home/airflow/.local/lib/python3.8/site-packages/airflow/example_dags/tutorial.py
[2025-11-02T19:10:33.271+0000] {processor.py:830} INFO - Processing file /home/airflow/.local/lib/python3.8/site-packages/airflow/example_dags/tutorial.py for tasks to queue
[2025-11-02T19:10:33.278+0000] {logging_mixin.py:188} INFO - [2025-11-02T19:10:33.277+0000] {dagbag.py:538} INFO - Filling up the DagBag from /home/airflow/.local/lib/python3.8/site-packages/airflow/example_dags/tutorial.py
[2025-11-02T19:10:33.311+0000] {processor.py:840} INFO - DAG(s) 'tutorial' retrieved from /home/airflow/.local/lib/python3.8/site-packages/airflow/example_dags/tutorial.py
[2025-11-02T19:10:33.398+0000] {logging_mixin.py:188} INFO - [2025-11-02T19:10:33.397+0000] {dag.py:3036} INFO - Sync 1 DAGs
[2025-11-02T19:10:33.477+0000] {logging_mixin.py:188} INFO - [2025-11-02T19:10:33.477+0000] {dag.py:3823} INFO - Setting next_dagrun for tutorial to 2025-11-01 00:00:00+00:00, run_after=2025-11-02 00:00:00+00:00
[2025-11-02T19:10:33.551+0000] {processor.py:183} INFO - Processing /home/airflow/.local/lib/python3.8/site-packages/airflow/example_dags/tutorial.py took 0.297 seconds
[2025-11-02T19:11:03.895+0000] {processor.py:161} INFO - Started process (PID=5037) to work on /home/airflow/.local/lib/python3.8/site-packages/airflow/example_dags/tutorial.py
[2025-11-02T19:11:03.898+0000] {processor.py:830} INFO - Processing file /home/airflow/.local/lib/python3.8/site-packages/airflow/example_dags/tutorial.py for tasks to queue
[2025-11-02T19:11:03.903+0000] {logging_mixin.py:188} INFO - [2025-11-02T19:11:03.902+0000] {dagbag.py:538} INFO - Filling up the DagBag from /home/airflow/.local/lib/python3.8/site-packages/airflow/example_dags/tutorial.py
[2025-11-02T19:11:03.916+0000] {processor.py:840} INFO - DAG(s) 'tutorial' retrieved from /home/airflow/.local/lib/python3.8/site-packages/airflow/example_dags/tutorial.py
[2025-11-02T19:11:03.961+0000] {logging_mixin.py:188} INFO - [2025-11-02T19:11:03.960+0000] {dag.py:3036} INFO - Sync 1 DAGs
[2025-11-02T19:11:04.003+0000] {logging_mixin.py:188} INFO - [2025-11-02T19:11:04.003+0000] {dag.py:3823} INFO - Setting next_dagrun for tutorial to 2025-11-01 00:00:00+00:00, run_after=2025-11-02 00:00:00+00:00
[2025-11-02T19:11:04.066+0000] {processor.py:183} INFO - Processing /home/airflow/.local/lib/python3.8/site-packages/airflow/example_dags/tutorial.py took 0.181 seconds
[2025-11-02T19:11:34.646+0000] {processor.py:161} INFO - Started process (PID=5092) to work on /home/airflow/.local/lib/python3.8/site-packages/airflow/example_dags/tutorial.py
[2025-11-02T19:11:34.648+0000] {processor.py:830} INFO - Processing file /home/airflow/.local/lib/python3.8/site-packages/airflow/example_dags/tutorial.py for tasks to queue
[2025-11-02T19:11:34.653+0000] {logging_mixin.py:188} INFO - [2025-11-02T19:11:34.652+0000] {dagbag.py:538} INFO - Filling up the DagBag from /home/airflow/.local/lib/python3.8/site-packages/airflow/example_dags/tutorial.py
[2025-11-02T19:11:34.666+0000] {processor.py:840} INFO - DAG(s) 'tutorial' retrieved from /home/airflow/.local/lib/python3.8/site-packages/airflow/example_dags/tutorial.py
[2025-11-02T19:11:34.710+0000] {logging_mixin.py:188} INFO - [2025-11-02T19:11:34.709+0000] {dag.py:3036} INFO - Sync 1 DAGs
[2025-11-02T19:11:34.756+0000] {logging_mixin.py:188} INFO - [2025-11-02T19:11:34.755+0000] {dag.py:3823} INFO - Setting next_dagrun for tutorial to 2025-11-01 00:00:00+00:00, run_after=2025-11-02 00:00:00+00:00
[2025-11-02T19:11:34.802+0000] {processor.py:183} INFO - Processing /home/airflow/.local/lib/python3.8/site-packages/airflow/example_dags/tutorial.py took 0.165 seconds
[2025-11-02T19:12:05.901+0000] {processor.py:161} INFO - Started process (PID=5147) to work on /home/airflow/.local/lib/python3.8/site-packages/airflow/example_dags/tutorial.py
[2025-11-02T19:12:05.918+0000] {processor.py:830} INFO - Processing file /home/airflow/.local/lib/python3.8/site-packages/airflow/example_dags/tutorial.py for tasks to queue
[2025-11-02T19:12:05.936+0000] {logging_mixin.py:188} INFO - [2025-11-02T19:12:05.934+0000] {dagbag.py:538} INFO - Filling up the DagBag from /home/airflow/.local/lib/python3.8/site-packages/airflow/example_dags/tutorial.py
[2025-11-02T19:12:05.969+0000] {processor.py:840} INFO - DAG(s) 'tutorial' retrieved from /home/airflow/.local/lib/python3.8/site-packages/airflow/example_dags/tutorial.py
[2025-11-02T19:12:06.065+0000] {logging_mixin.py:188} INFO - [2025-11-02T19:12:06.064+0000] {dag.py:3036} INFO - Sync 1 DAGs
[2025-11-02T19:12:06.162+0000] {logging_mixin.py:188} INFO - [2025-11-02T19:12:06.161+0000] {dag.py:3823} INFO - Setting next_dagrun for tutorial to 2025-11-01 00:00:00+00:00, run_after=2025-11-02 00:00:00+00:00
[2025-11-02T19:12:06.209+0000] {processor.py:183} INFO - Processing /home/airflow/.local/lib/python3.8/site-packages/airflow/example_dags/tutorial.py took 0.336 seconds
[2025-11-02T19:12:36.566+0000] {processor.py:161} INFO - Started process (PID=5202) to work on /home/airflow/.local/lib/python3.8/site-packages/airflow/example_dags/tutorial.py
[2025-11-02T19:12:36.568+0000] {processor.py:830} INFO - Processing file /home/airflow/.local/lib/python3.8/site-packages/airflow/example_dags/tutorial.py for tasks to queue
[2025-11-02T19:12:36.573+0000] {logging_mixin.py:188} INFO - [2025-11-02T19:12:36.572+0000] {dagbag.py:538} INFO - Filling up the DagBag from /home/airflow/.local/lib/python3.8/site-packages/airflow/example_dags/tutorial.py
[2025-11-02T19:12:36.587+0000] {processor.py:840} INFO - DAG(s) 'tutorial' retrieved from /home/airflow/.local/lib/python3.8/site-packages/airflow/example_dags/tutorial.py
[2025-11-02T19:12:36.630+0000] {logging_mixin.py:188} INFO - [2025-11-02T19:12:36.630+0000] {dag.py:3036} INFO - Sync 1 DAGs
[2025-11-02T19:12:36.674+0000] {logging_mixin.py:188} INFO - [2025-11-02T19:12:36.673+0000] {dag.py:3823} INFO - Setting next_dagrun for tutorial to 2025-11-01 00:00:00+00:00, run_after=2025-11-02 00:00:00+00:00
[2025-11-02T19:12:36.717+0000] {processor.py:183} INFO - Processing /home/airflow/.local/lib/python3.8/site-packages/airflow/example_dags/tutorial.py took 0.160 seconds
[2025-11-02T19:13:07.128+0000] {processor.py:161} INFO - Started process (PID=5258) to work on /home/airflow/.local/lib/python3.8/site-packages/airflow/example_dags/tutorial.py
[2025-11-02T19:13:07.130+0000] {processor.py:830} INFO - Processing file /home/airflow/.local/lib/python3.8/site-packages/airflow/example_dags/tutorial.py for tasks to queue
[2025-11-02T19:13:07.136+0000] {logging_mixin.py:188} INFO - [2025-11-02T19:13:07.135+0000] {dagbag.py:538} INFO - Filling up the DagBag from /home/airflow/.local/lib/python3.8/site-packages/airflow/example_dags/tutorial.py
[2025-11-02T19:13:07.152+0000] {processor.py:840} INFO - DAG(s) 'tutorial' retrieved from /home/airflow/.local/lib/python3.8/site-packages/airflow/example_dags/tutorial.py
[2025-11-02T19:13:07.196+0000] {logging_mixin.py:188} INFO - [2025-11-02T19:13:07.196+0000] {dag.py:3036} INFO - Sync 1 DAGs
[2025-11-02T19:13:07.239+0000] {logging_mixin.py:188} INFO - [2025-11-02T19:13:07.239+0000] {dag.py:3823} INFO - Setting next_dagrun for tutorial to 2025-11-01 00:00:00+00:00, run_after=2025-11-02 00:00:00+00:00
[2025-11-02T19:13:07.280+0000] {processor.py:183} INFO - Processing /home/airflow/.local/lib/python3.8/site-packages/airflow/example_dags/tutorial.py took 0.163 seconds
[2025-11-02T19:13:38.307+0000] {processor.py:161} INFO - Started process (PID=5310) to work on /home/airflow/.local/lib/python3.8/site-packages/airflow/example_dags/tutorial.py
[2025-11-02T19:13:38.311+0000] {processor.py:830} INFO - Processing file /home/airflow/.local/lib/python3.8/site-packages/airflow/example_dags/tutorial.py for tasks to queue
[2025-11-02T19:13:38.322+0000] {logging_mixin.py:188} INFO - [2025-11-02T19:13:38.320+0000] {dagbag.py:538} INFO - Filling up the DagBag from /home/airflow/.local/lib/python3.8/site-packages/airflow/example_dags/tutorial.py
[2025-11-02T19:13:38.358+0000] {processor.py:840} INFO - DAG(s) 'tutorial' retrieved from /home/airflow/.local/lib/python3.8/site-packages/airflow/example_dags/tutorial.py
[2025-11-02T19:13:38.523+0000] {logging_mixin.py:188} INFO - [2025-11-02T19:13:38.522+0000] {dag.py:3036} INFO - Sync 1 DAGs
[2025-11-02T19:13:38.654+0000] {logging_mixin.py:188} INFO - [2025-11-02T19:13:38.653+0000] {dag.py:3823} INFO - Setting next_dagrun for tutorial to 2025-11-01 00:00:00+00:00, run_after=2025-11-02 00:00:00+00:00
[2025-11-02T19:13:38.801+0000] {processor.py:183} INFO - Processing /home/airflow/.local/lib/python3.8/site-packages/airflow/example_dags/tutorial.py took 0.525 seconds
[2025-11-02T19:14:09.448+0000] {processor.py:161} INFO - Started process (PID=5365) to work on /home/airflow/.local/lib/python3.8/site-packages/airflow/example_dags/tutorial.py
[2025-11-02T19:14:09.451+0000] {processor.py:830} INFO - Processing file /home/airflow/.local/lib/python3.8/site-packages/airflow/example_dags/tutorial.py for tasks to queue
[2025-11-02T19:14:09.457+0000] {logging_mixin.py:188} INFO - [2025-11-02T19:14:09.456+0000] {dagbag.py:538} INFO - Filling up the DagBag from /home/airflow/.local/lib/python3.8/site-packages/airflow/example_dags/tutorial.py
[2025-11-02T19:14:09.472+0000] {processor.py:840} INFO - DAG(s) 'tutorial' retrieved from /home/airflow/.local/lib/python3.8/site-packages/airflow/example_dags/tutorial.py
[2025-11-02T19:14:09.522+0000] {logging_mixin.py:188} INFO - [2025-11-02T19:14:09.522+0000] {dag.py:3036} INFO - Sync 1 DAGs
[2025-11-02T19:14:09.582+0000] {logging_mixin.py:188} INFO - [2025-11-02T19:14:09.581+0000] {dag.py:3823} INFO - Setting next_dagrun for tutorial to 2025-11-01 00:00:00+00:00, run_after=2025-11-02 00:00:00+00:00
[2025-11-02T19:14:09.626+0000] {processor.py:183} INFO - Processing /home/airflow/.local/lib/python3.8/site-packages/airflow/example_dags/tutorial.py took 0.187 seconds
[2025-11-02T19:14:39.949+0000] {processor.py:161} INFO - Started process (PID=5420) to work on /home/airflow/.local/lib/python3.8/site-packages/airflow/example_dags/tutorial.py
[2025-11-02T19:14:39.952+0000] {processor.py:830} INFO - Processing file /home/airflow/.local/lib/python3.8/site-packages/airflow/example_dags/tutorial.py for tasks to queue
[2025-11-02T19:14:39.958+0000] {logging_mixin.py:188} INFO - [2025-11-02T19:14:39.957+0000] {dagbag.py:538} INFO - Filling up the DagBag from /home/airflow/.local/lib/python3.8/site-packages/airflow/example_dags/tutorial.py
[2025-11-02T19:14:39.977+0000] {processor.py:840} INFO - DAG(s) 'tutorial' retrieved from /home/airflow/.local/lib/python3.8/site-packages/airflow/example_dags/tutorial.py
[2025-11-02T19:14:40.028+0000] {logging_mixin.py:188} INFO - [2025-11-02T19:14:40.027+0000] {dag.py:3036} INFO - Sync 1 DAGs
[2025-11-02T19:14:40.123+0000] {logging_mixin.py:188} INFO - [2025-11-02T19:14:40.123+0000] {dag.py:3823} INFO - Setting next_dagrun for tutorial to 2025-11-01 00:00:00+00:00, run_after=2025-11-02 00:00:00+00:00
[2025-11-02T19:14:40.171+0000] {processor.py:183} INFO - Processing /home/airflow/.local/lib/python3.8/site-packages/airflow/example_dags/tutorial.py took 0.233 seconds
[2025-11-02T19:15:11.141+0000] {processor.py:161} INFO - Started process (PID=5476) to work on /home/airflow/.local/lib/python3.8/site-packages/airflow/example_dags/tutorial.py
[2025-11-02T19:15:11.145+0000] {processor.py:830} INFO - Processing file /home/airflow/.local/lib/python3.8/site-packages/airflow/example_dags/tutorial.py for tasks to queue
[2025-11-02T19:15:11.151+0000] {logging_mixin.py:188} INFO - [2025-11-02T19:15:11.150+0000] {dagbag.py:538} INFO - Filling up the DagBag from /home/airflow/.local/lib/python3.8/site-packages/airflow/example_dags/tutorial.py
[2025-11-02T19:15:11.171+0000] {processor.py:840} INFO - DAG(s) 'tutorial' retrieved from /home/airflow/.local/lib/python3.8/site-packages/airflow/example_dags/tutorial.py
[2025-11-02T19:15:11.224+0000] {logging_mixin.py:188} INFO - [2025-11-02T19:15:11.223+0000] {dag.py:3036} INFO - Sync 1 DAGs
[2025-11-02T19:15:11.278+0000] {logging_mixin.py:188} INFO - [2025-11-02T19:15:11.277+0000] {dag.py:3823} INFO - Setting next_dagrun for tutorial to 2025-11-01 00:00:00+00:00, run_after=2025-11-02 00:00:00+00:00
[2025-11-02T19:15:11.328+0000] {processor.py:183} INFO - Processing /home/airflow/.local/lib/python3.8/site-packages/airflow/example_dags/tutorial.py took 0.197 seconds
[2025-11-02T19:15:42.095+0000] {processor.py:161} INFO - Started process (PID=5531) to work on /home/airflow/.local/lib/python3.8/site-packages/airflow/example_dags/tutorial.py
[2025-11-02T19:15:42.101+0000] {processor.py:830} INFO - Processing file /home/airflow/.local/lib/python3.8/site-packages/airflow/example_dags/tutorial.py for tasks to queue
[2025-11-02T19:15:42.106+0000] {logging_mixin.py:188} INFO - [2025-11-02T19:15:42.105+0000] {dagbag.py:538} INFO - Filling up the DagBag from /home/airflow/.local/lib/python3.8/site-packages/airflow/example_dags/tutorial.py
[2025-11-02T19:15:42.120+0000] {processor.py:840} INFO - DAG(s) 'tutorial' retrieved from /home/airflow/.local/lib/python3.8/site-packages/airflow/example_dags/tutorial.py
[2025-11-02T19:15:42.178+0000] {logging_mixin.py:188} INFO - [2025-11-02T19:15:42.177+0000] {dag.py:3036} INFO - Sync 1 DAGs
[2025-11-02T19:15:42.228+0000] {logging_mixin.py:188} INFO - [2025-11-02T19:15:42.228+0000] {dag.py:3823} INFO - Setting next_dagrun for tutorial to 2025-11-01 00:00:00+00:00, run_after=2025-11-02 00:00:00+00:00
[2025-11-02T19:15:42.277+0000] {processor.py:183} INFO - Processing /home/airflow/.local/lib/python3.8/site-packages/airflow/example_dags/tutorial.py took 0.194 seconds
[2025-11-02T19:16:13.034+0000] {processor.py:161} INFO - Started process (PID=5586) to work on /home/airflow/.local/lib/python3.8/site-packages/airflow/example_dags/tutorial.py
[2025-11-02T19:16:13.037+0000] {processor.py:830} INFO - Processing file /home/airflow/.local/lib/python3.8/site-packages/airflow/example_dags/tutorial.py for tasks to queue
[2025-11-02T19:16:13.044+0000] {logging_mixin.py:188} INFO - [2025-11-02T19:16:13.043+0000] {dagbag.py:538} INFO - Filling up the DagBag from /home/airflow/.local/lib/python3.8/site-packages/airflow/example_dags/tutorial.py
[2025-11-02T19:16:13.061+0000] {processor.py:840} INFO - DAG(s) 'tutorial' retrieved from /home/airflow/.local/lib/python3.8/site-packages/airflow/example_dags/tutorial.py
[2025-11-02T19:16:13.126+0000] {logging_mixin.py:188} INFO - [2025-11-02T19:16:13.125+0000] {dag.py:3036} INFO - Sync 1 DAGs
[2025-11-02T19:16:13.192+0000] {logging_mixin.py:188} INFO - [2025-11-02T19:16:13.192+0000] {dag.py:3823} INFO - Setting next_dagrun for tutorial to 2025-11-01 00:00:00+00:00, run_after=2025-11-02 00:00:00+00:00
[2025-11-02T19:16:13.250+0000] {processor.py:183} INFO - Processing /home/airflow/.local/lib/python3.8/site-packages/airflow/example_dags/tutorial.py took 0.229 seconds
[2025-11-02T19:16:43.923+0000] {processor.py:161} INFO - Started process (PID=5641) to work on /home/airflow/.local/lib/python3.8/site-packages/airflow/example_dags/tutorial.py
[2025-11-02T19:16:43.926+0000] {processor.py:830} INFO - Processing file /home/airflow/.local/lib/python3.8/site-packages/airflow/example_dags/tutorial.py for tasks to queue
[2025-11-02T19:16:43.932+0000] {logging_mixin.py:188} INFO - [2025-11-02T19:16:43.932+0000] {dagbag.py:538} INFO - Filling up the DagBag from /home/airflow/.local/lib/python3.8/site-packages/airflow/example_dags/tutorial.py
[2025-11-02T19:16:43.952+0000] {processor.py:840} INFO - DAG(s) 'tutorial' retrieved from /home/airflow/.local/lib/python3.8/site-packages/airflow/example_dags/tutorial.py
[2025-11-02T19:16:44.023+0000] {logging_mixin.py:188} INFO - [2025-11-02T19:16:44.022+0000] {dag.py:3036} INFO - Sync 1 DAGs
[2025-11-02T19:16:44.099+0000] {logging_mixin.py:188} INFO - [2025-11-02T19:16:44.098+0000] {dag.py:3823} INFO - Setting next_dagrun for tutorial to 2025-11-01 00:00:00+00:00, run_after=2025-11-02 00:00:00+00:00
[2025-11-02T19:16:44.147+0000] {processor.py:183} INFO - Processing /home/airflow/.local/lib/python3.8/site-packages/airflow/example_dags/tutorial.py took 0.236 seconds
[2025-11-02T19:17:14.360+0000] {processor.py:161} INFO - Started process (PID=5695) to work on /home/airflow/.local/lib/python3.8/site-packages/airflow/example_dags/tutorial.py
[2025-11-02T19:17:14.362+0000] {processor.py:830} INFO - Processing file /home/airflow/.local/lib/python3.8/site-packages/airflow/example_dags/tutorial.py for tasks to queue
[2025-11-02T19:17:14.368+0000] {logging_mixin.py:188} INFO - [2025-11-02T19:17:14.367+0000] {dagbag.py:538} INFO - Filling up the DagBag from /home/airflow/.local/lib/python3.8/site-packages/airflow/example_dags/tutorial.py
[2025-11-02T19:17:14.386+0000] {processor.py:840} INFO - DAG(s) 'tutorial' retrieved from /home/airflow/.local/lib/python3.8/site-packages/airflow/example_dags/tutorial.py
[2025-11-02T19:17:14.441+0000] {logging_mixin.py:188} INFO - [2025-11-02T19:17:14.440+0000] {dag.py:3036} INFO - Sync 1 DAGs
[2025-11-02T19:17:14.491+0000] {logging_mixin.py:188} INFO - [2025-11-02T19:17:14.491+0000] {dag.py:3823} INFO - Setting next_dagrun for tutorial to 2025-11-01 00:00:00+00:00, run_after=2025-11-02 00:00:00+00:00
[2025-11-02T19:17:14.544+0000] {processor.py:183} INFO - Processing /home/airflow/.local/lib/python3.8/site-packages/airflow/example_dags/tutorial.py took 0.193 seconds
[2025-11-02T19:17:44.832+0000] {processor.py:161} INFO - Started process (PID=5749) to work on /home/airflow/.local/lib/python3.8/site-packages/airflow/example_dags/tutorial.py
[2025-11-02T19:17:44.835+0000] {processor.py:830} INFO - Processing file /home/airflow/.local/lib/python3.8/site-packages/airflow/example_dags/tutorial.py for tasks to queue
[2025-11-02T19:17:44.840+0000] {logging_mixin.py:188} INFO - [2025-11-02T19:17:44.839+0000] {dagbag.py:538} INFO - Filling up the DagBag from /home/airflow/.local/lib/python3.8/site-packages/airflow/example_dags/tutorial.py
[2025-11-02T19:17:44.855+0000] {processor.py:840} INFO - DAG(s) 'tutorial' retrieved from /home/airflow/.local/lib/python3.8/site-packages/airflow/example_dags/tutorial.py
[2025-11-02T19:17:44.911+0000] {logging_mixin.py:188} INFO - [2025-11-02T19:17:44.911+0000] {dag.py:3036} INFO - Sync 1 DAGs
[2025-11-02T19:17:44.966+0000] {logging_mixin.py:188} INFO - [2025-11-02T19:17:44.965+0000] {dag.py:3823} INFO - Setting next_dagrun for tutorial to 2025-11-01 00:00:00+00:00, run_after=2025-11-02 00:00:00+00:00
[2025-11-02T19:17:45.020+0000] {processor.py:183} INFO - Processing /home/airflow/.local/lib/python3.8/site-packages/airflow/example_dags/tutorial.py took 0.200 seconds
[2025-11-02T19:18:15.637+0000] {processor.py:161} INFO - Started process (PID=5804) to work on /home/airflow/.local/lib/python3.8/site-packages/airflow/example_dags/tutorial.py
[2025-11-02T19:18:15.640+0000] {processor.py:830} INFO - Processing file /home/airflow/.local/lib/python3.8/site-packages/airflow/example_dags/tutorial.py for tasks to queue
[2025-11-02T19:18:15.650+0000] {logging_mixin.py:188} INFO - [2025-11-02T19:18:15.649+0000] {dagbag.py:538} INFO - Filling up the DagBag from /home/airflow/.local/lib/python3.8/site-packages/airflow/example_dags/tutorial.py
[2025-11-02T19:18:15.698+0000] {processor.py:840} INFO - DAG(s) 'tutorial' retrieved from /home/airflow/.local/lib/python3.8/site-packages/airflow/example_dags/tutorial.py
[2025-11-02T19:18:15.831+0000] {logging_mixin.py:188} INFO - [2025-11-02T19:18:15.830+0000] {dag.py:3036} INFO - Sync 1 DAGs
[2025-11-02T19:18:15.915+0000] {logging_mixin.py:188} INFO - [2025-11-02T19:18:15.914+0000] {dag.py:3823} INFO - Setting next_dagrun for tutorial to 2025-11-01 00:00:00+00:00, run_after=2025-11-02 00:00:00+00:00
[2025-11-02T19:18:15.987+0000] {processor.py:183} INFO - Processing /home/airflow/.local/lib/python3.8/site-packages/airflow/example_dags/tutorial.py took 0.378 seconds
[2025-11-02T19:18:46.256+0000] {processor.py:161} INFO - Started process (PID=5859) to work on /home/airflow/.local/lib/python3.8/site-packages/airflow/example_dags/tutorial.py
[2025-11-02T19:18:46.270+0000] {processor.py:830} INFO - Processing file /home/airflow/.local/lib/python3.8/site-packages/airflow/example_dags/tutorial.py for tasks to queue
[2025-11-02T19:18:46.303+0000] {logging_mixin.py:188} INFO - [2025-11-02T19:18:46.295+0000] {dagbag.py:538} INFO - Filling up the DagBag from /home/airflow/.local/lib/python3.8/site-packages/airflow/example_dags/tutorial.py
[2025-11-02T19:18:46.375+0000] {processor.py:840} INFO - DAG(s) 'tutorial' retrieved from /home/airflow/.local/lib/python3.8/site-packages/airflow/example_dags/tutorial.py
[2025-11-02T19:18:46.498+0000] {logging_mixin.py:188} INFO - [2025-11-02T19:18:46.497+0000] {dag.py:3036} INFO - Sync 1 DAGs
[2025-11-02T19:18:46.565+0000] {logging_mixin.py:188} INFO - [2025-11-02T19:18:46.564+0000] {dag.py:3823} INFO - Setting next_dagrun for tutorial to 2025-11-01 00:00:00+00:00, run_after=2025-11-02 00:00:00+00:00
[2025-11-02T19:18:46.621+0000] {processor.py:183} INFO - Processing /home/airflow/.local/lib/python3.8/site-packages/airflow/example_dags/tutorial.py took 0.390 seconds
[2025-11-02T19:19:17.636+0000] {processor.py:161} INFO - Started process (PID=5913) to work on /home/airflow/.local/lib/python3.8/site-packages/airflow/example_dags/tutorial.py
[2025-11-02T19:19:17.639+0000] {processor.py:830} INFO - Processing file /home/airflow/.local/lib/python3.8/site-packages/airflow/example_dags/tutorial.py for tasks to queue
[2025-11-02T19:19:17.646+0000] {logging_mixin.py:188} INFO - [2025-11-02T19:19:17.645+0000] {dagbag.py:538} INFO - Filling up the DagBag from /home/airflow/.local/lib/python3.8/site-packages/airflow/example_dags/tutorial.py
[2025-11-02T19:19:17.669+0000] {processor.py:840} INFO - DAG(s) 'tutorial' retrieved from /home/airflow/.local/lib/python3.8/site-packages/airflow/example_dags/tutorial.py
[2025-11-02T19:19:17.727+0000] {logging_mixin.py:188} INFO - [2025-11-02T19:19:17.727+0000] {dag.py:3036} INFO - Sync 1 DAGs
[2025-11-02T19:19:17.787+0000] {logging_mixin.py:188} INFO - [2025-11-02T19:19:17.787+0000] {dag.py:3823} INFO - Setting next_dagrun for tutorial to 2025-11-01 00:00:00+00:00, run_after=2025-11-02 00:00:00+00:00
[2025-11-02T19:19:17.836+0000] {processor.py:183} INFO - Processing /home/airflow/.local/lib/python3.8/site-packages/airflow/example_dags/tutorial.py took 0.215 seconds
[2025-11-02T19:19:48.575+0000] {processor.py:161} INFO - Started process (PID=5968) to work on /home/airflow/.local/lib/python3.8/site-packages/airflow/example_dags/tutorial.py
[2025-11-02T19:19:48.578+0000] {processor.py:830} INFO - Processing file /home/airflow/.local/lib/python3.8/site-packages/airflow/example_dags/tutorial.py for tasks to queue
[2025-11-02T19:19:48.585+0000] {logging_mixin.py:188} INFO - [2025-11-02T19:19:48.584+0000] {dagbag.py:538} INFO - Filling up the DagBag from /home/airflow/.local/lib/python3.8/site-packages/airflow/example_dags/tutorial.py
[2025-11-02T19:19:48.619+0000] {processor.py:840} INFO - DAG(s) 'tutorial' retrieved from /home/airflow/.local/lib/python3.8/site-packages/airflow/example_dags/tutorial.py
[2025-11-02T19:19:48.685+0000] {logging_mixin.py:188} INFO - [2025-11-02T19:19:48.684+0000] {dag.py:3036} INFO - Sync 1 DAGs
[2025-11-02T19:19:48.740+0000] {logging_mixin.py:188} INFO - [2025-11-02T19:19:48.740+0000] {dag.py:3823} INFO - Setting next_dagrun for tutorial to 2025-11-01 00:00:00+00:00, run_after=2025-11-02 00:00:00+00:00
[2025-11-02T19:19:48.784+0000] {processor.py:183} INFO - Processing /home/airflow/.local/lib/python3.8/site-packages/airflow/example_dags/tutorial.py took 0.223 seconds
[2025-11-02T19:20:19.573+0000] {processor.py:161} INFO - Started process (PID=6024) to work on /home/airflow/.local/lib/python3.8/site-packages/airflow/example_dags/tutorial.py
[2025-11-02T19:20:19.579+0000] {processor.py:830} INFO - Processing file /home/airflow/.local/lib/python3.8/site-packages/airflow/example_dags/tutorial.py for tasks to queue
[2025-11-02T19:20:19.586+0000] {logging_mixin.py:188} INFO - [2025-11-02T19:20:19.585+0000] {dagbag.py:538} INFO - Filling up the DagBag from /home/airflow/.local/lib/python3.8/site-packages/airflow/example_dags/tutorial.py
[2025-11-02T19:20:19.603+0000] {processor.py:840} INFO - DAG(s) 'tutorial' retrieved from /home/airflow/.local/lib/python3.8/site-packages/airflow/example_dags/tutorial.py
[2025-11-02T19:20:19.670+0000] {logging_mixin.py:188} INFO - [2025-11-02T19:20:19.669+0000] {dag.py:3036} INFO - Sync 1 DAGs
[2025-11-02T19:20:19.744+0000] {logging_mixin.py:188} INFO - [2025-11-02T19:20:19.744+0000] {dag.py:3823} INFO - Setting next_dagrun for tutorial to 2025-11-01 00:00:00+00:00, run_after=2025-11-02 00:00:00+00:00
[2025-11-02T19:20:19.811+0000] {processor.py:183} INFO - Processing /home/airflow/.local/lib/python3.8/site-packages/airflow/example_dags/tutorial.py took 0.249 seconds
[2025-11-02T19:20:49.995+0000] {processor.py:161} INFO - Started process (PID=6078) to work on /home/airflow/.local/lib/python3.8/site-packages/airflow/example_dags/tutorial.py
[2025-11-02T19:20:49.998+0000] {processor.py:830} INFO - Processing file /home/airflow/.local/lib/python3.8/site-packages/airflow/example_dags/tutorial.py for tasks to queue
[2025-11-02T19:20:50.003+0000] {logging_mixin.py:188} INFO - [2025-11-02T19:20:50.002+0000] {dagbag.py:538} INFO - Filling up the DagBag from /home/airflow/.local/lib/python3.8/site-packages/airflow/example_dags/tutorial.py
[2025-11-02T19:20:50.018+0000] {processor.py:840} INFO - DAG(s) 'tutorial' retrieved from /home/airflow/.local/lib/python3.8/site-packages/airflow/example_dags/tutorial.py
[2025-11-02T19:20:50.073+0000] {logging_mixin.py:188} INFO - [2025-11-02T19:20:50.073+0000] {dag.py:3036} INFO - Sync 1 DAGs
[2025-11-02T19:20:50.134+0000] {logging_mixin.py:188} INFO - [2025-11-02T19:20:50.133+0000] {dag.py:3823} INFO - Setting next_dagrun for tutorial to 2025-11-01 00:00:00+00:00, run_after=2025-11-02 00:00:00+00:00
[2025-11-02T19:20:50.188+0000] {processor.py:183} INFO - Processing /home/airflow/.local/lib/python3.8/site-packages/airflow/example_dags/tutorial.py took 0.205 seconds
[2025-11-02T19:21:20.471+0000] {processor.py:161} INFO - Started process (PID=6133) to work on /home/airflow/.local/lib/python3.8/site-packages/airflow/example_dags/tutorial.py
[2025-11-02T19:21:20.474+0000] {processor.py:830} INFO - Processing file /home/airflow/.local/lib/python3.8/site-packages/airflow/example_dags/tutorial.py for tasks to queue
[2025-11-02T19:21:20.479+0000] {logging_mixin.py:188} INFO - [2025-11-02T19:21:20.478+0000] {dagbag.py:538} INFO - Filling up the DagBag from /home/airflow/.local/lib/python3.8/site-packages/airflow/example_dags/tutorial.py
[2025-11-02T19:21:20.495+0000] {processor.py:840} INFO - DAG(s) 'tutorial' retrieved from /home/airflow/.local/lib/python3.8/site-packages/airflow/example_dags/tutorial.py
[2025-11-02T19:21:20.550+0000] {logging_mixin.py:188} INFO - [2025-11-02T19:21:20.549+0000] {dag.py:3036} INFO - Sync 1 DAGs
[2025-11-02T19:21:20.606+0000] {logging_mixin.py:188} INFO - [2025-11-02T19:21:20.605+0000] {dag.py:3823} INFO - Setting next_dagrun for tutorial to 2025-11-01 00:00:00+00:00, run_after=2025-11-02 00:00:00+00:00
[2025-11-02T19:21:20.663+0000] {processor.py:183} INFO - Processing /home/airflow/.local/lib/python3.8/site-packages/airflow/example_dags/tutorial.py took 0.202 seconds
[2025-11-02T19:21:51.497+0000] {processor.py:161} INFO - Started process (PID=6187) to work on /home/airflow/.local/lib/python3.8/site-packages/airflow/example_dags/tutorial.py
[2025-11-02T19:21:51.502+0000] {processor.py:830} INFO - Processing file /home/airflow/.local/lib/python3.8/site-packages/airflow/example_dags/tutorial.py for tasks to queue
[2025-11-02T19:21:51.509+0000] {logging_mixin.py:188} INFO - [2025-11-02T19:21:51.508+0000] {dagbag.py:538} INFO - Filling up the DagBag from /home/airflow/.local/lib/python3.8/site-packages/airflow/example_dags/tutorial.py
[2025-11-02T19:21:51.527+0000] {processor.py:840} INFO - DAG(s) 'tutorial' retrieved from /home/airflow/.local/lib/python3.8/site-packages/airflow/example_dags/tutorial.py
[2025-11-02T19:21:51.589+0000] {logging_mixin.py:188} INFO - [2025-11-02T19:21:51.589+0000] {dag.py:3036} INFO - Sync 1 DAGs
[2025-11-02T19:21:51.653+0000] {logging_mixin.py:188} INFO - [2025-11-02T19:21:51.653+0000] {dag.py:3823} INFO - Setting next_dagrun for tutorial to 2025-11-01 00:00:00+00:00, run_after=2025-11-02 00:00:00+00:00
[2025-11-02T19:21:51.706+0000] {processor.py:183} INFO - Processing /home/airflow/.local/lib/python3.8/site-packages/airflow/example_dags/tutorial.py took 0.223 seconds
[2025-11-02T19:22:23.198+0000] {processor.py:161} INFO - Started process (PID=6247) to work on /home/airflow/.local/lib/python3.8/site-packages/airflow/example_dags/tutorial.py
[2025-11-02T19:22:23.201+0000] {processor.py:830} INFO - Processing file /home/airflow/.local/lib/python3.8/site-packages/airflow/example_dags/tutorial.py for tasks to queue
[2025-11-02T19:22:23.208+0000] {logging_mixin.py:188} INFO - [2025-11-02T19:22:23.207+0000] {dagbag.py:538} INFO - Filling up the DagBag from /home/airflow/.local/lib/python3.8/site-packages/airflow/example_dags/tutorial.py
[2025-11-02T19:22:23.228+0000] {processor.py:840} INFO - DAG(s) 'tutorial' retrieved from /home/airflow/.local/lib/python3.8/site-packages/airflow/example_dags/tutorial.py
[2025-11-02T19:22:23.285+0000] {logging_mixin.py:188} INFO - [2025-11-02T19:22:23.284+0000] {dag.py:3036} INFO - Sync 1 DAGs
[2025-11-02T19:22:23.352+0000] {logging_mixin.py:188} INFO - [2025-11-02T19:22:23.351+0000] {dag.py:3823} INFO - Setting next_dagrun for tutorial to 2025-11-01 00:00:00+00:00, run_after=2025-11-02 00:00:00+00:00
[2025-11-02T19:22:23.401+0000] {processor.py:183} INFO - Processing /home/airflow/.local/lib/python3.8/site-packages/airflow/example_dags/tutorial.py took 0.215 seconds
[2025-11-02T19:22:53.591+0000] {processor.py:161} INFO - Started process (PID=6302) to work on /home/airflow/.local/lib/python3.8/site-packages/airflow/example_dags/tutorial.py
[2025-11-02T19:22:53.594+0000] {processor.py:830} INFO - Processing file /home/airflow/.local/lib/python3.8/site-packages/airflow/example_dags/tutorial.py for tasks to queue
[2025-11-02T19:22:53.601+0000] {logging_mixin.py:188} INFO - [2025-11-02T19:22:53.600+0000] {dagbag.py:538} INFO - Filling up the DagBag from /home/airflow/.local/lib/python3.8/site-packages/airflow/example_dags/tutorial.py
[2025-11-02T19:22:53.627+0000] {processor.py:840} INFO - DAG(s) 'tutorial' retrieved from /home/airflow/.local/lib/python3.8/site-packages/airflow/example_dags/tutorial.py
[2025-11-02T19:22:53.690+0000] {logging_mixin.py:188} INFO - [2025-11-02T19:22:53.689+0000] {dag.py:3036} INFO - Sync 1 DAGs
[2025-11-02T19:22:53.747+0000] {logging_mixin.py:188} INFO - [2025-11-02T19:22:53.747+0000] {dag.py:3823} INFO - Setting next_dagrun for tutorial to 2025-11-01 00:00:00+00:00, run_after=2025-11-02 00:00:00+00:00
[2025-11-02T19:22:53.796+0000] {processor.py:183} INFO - Processing /home/airflow/.local/lib/python3.8/site-packages/airflow/example_dags/tutorial.py took 0.220 seconds
[2025-11-02T19:23:24.105+0000] {processor.py:161} INFO - Started process (PID=6357) to work on /home/airflow/.local/lib/python3.8/site-packages/airflow/example_dags/tutorial.py
[2025-11-02T19:23:24.111+0000] {processor.py:830} INFO - Processing file /home/airflow/.local/lib/python3.8/site-packages/airflow/example_dags/tutorial.py for tasks to queue
[2025-11-02T19:23:24.123+0000] {logging_mixin.py:188} INFO - [2025-11-02T19:23:24.122+0000] {dagbag.py:538} INFO - Filling up the DagBag from /home/airflow/.local/lib/python3.8/site-packages/airflow/example_dags/tutorial.py
[2025-11-02T19:23:24.180+0000] {processor.py:840} INFO - DAG(s) 'tutorial' retrieved from /home/airflow/.local/lib/python3.8/site-packages/airflow/example_dags/tutorial.py
[2025-11-02T19:23:24.315+0000] {logging_mixin.py:188} INFO - [2025-11-02T19:23:24.314+0000] {dag.py:3036} INFO - Sync 1 DAGs
[2025-11-02T19:23:24.488+0000] {logging_mixin.py:188} INFO - [2025-11-02T19:23:24.487+0000] {dag.py:3823} INFO - Setting next_dagrun for tutorial to 2025-11-01 00:00:00+00:00, run_after=2025-11-02 00:00:00+00:00
[2025-11-02T19:23:24.620+0000] {processor.py:183} INFO - Processing /home/airflow/.local/lib/python3.8/site-packages/airflow/example_dags/tutorial.py took 0.548 seconds
[2025-11-02T19:23:55.183+0000] {processor.py:161} INFO - Started process (PID=6412) to work on /home/airflow/.local/lib/python3.8/site-packages/airflow/example_dags/tutorial.py
[2025-11-02T19:23:55.187+0000] {processor.py:830} INFO - Processing file /home/airflow/.local/lib/python3.8/site-packages/airflow/example_dags/tutorial.py for tasks to queue
[2025-11-02T19:23:55.194+0000] {logging_mixin.py:188} INFO - [2025-11-02T19:23:55.193+0000] {dagbag.py:538} INFO - Filling up the DagBag from /home/airflow/.local/lib/python3.8/site-packages/airflow/example_dags/tutorial.py
[2025-11-02T19:23:55.215+0000] {processor.py:840} INFO - DAG(s) 'tutorial' retrieved from /home/airflow/.local/lib/python3.8/site-packages/airflow/example_dags/tutorial.py
[2025-11-02T19:23:55.267+0000] {logging_mixin.py:188} INFO - [2025-11-02T19:23:55.266+0000] {dag.py:3036} INFO - Sync 1 DAGs
[2025-11-02T19:23:55.310+0000] {logging_mixin.py:188} INFO - [2025-11-02T19:23:55.310+0000] {dag.py:3823} INFO - Setting next_dagrun for tutorial to 2025-11-01 00:00:00+00:00, run_after=2025-11-02 00:00:00+00:00
[2025-11-02T19:23:55.354+0000] {processor.py:183} INFO - Processing /home/airflow/.local/lib/python3.8/site-packages/airflow/example_dags/tutorial.py took 0.184 seconds
[2025-11-02T19:24:25.840+0000] {processor.py:161} INFO - Started process (PID=6467) to work on /home/airflow/.local/lib/python3.8/site-packages/airflow/example_dags/tutorial.py
[2025-11-02T19:24:25.843+0000] {processor.py:830} INFO - Processing file /home/airflow/.local/lib/python3.8/site-packages/airflow/example_dags/tutorial.py for tasks to queue
[2025-11-02T19:24:25.848+0000] {logging_mixin.py:188} INFO - [2025-11-02T19:24:25.847+0000] {dagbag.py:538} INFO - Filling up the DagBag from /home/airflow/.local/lib/python3.8/site-packages/airflow/example_dags/tutorial.py
[2025-11-02T19:24:25.862+0000] {processor.py:840} INFO - DAG(s) 'tutorial' retrieved from /home/airflow/.local/lib/python3.8/site-packages/airflow/example_dags/tutorial.py
[2025-11-02T19:24:25.911+0000] {logging_mixin.py:188} INFO - [2025-11-02T19:24:25.910+0000] {dag.py:3036} INFO - Sync 1 DAGs
[2025-11-02T19:24:25.986+0000] {logging_mixin.py:188} INFO - [2025-11-02T19:24:25.985+0000] {dag.py:3823} INFO - Setting next_dagrun for tutorial to 2025-11-01 00:00:00+00:00, run_after=2025-11-02 00:00:00+00:00
[2025-11-02T19:24:26.093+0000] {processor.py:183} INFO - Processing /home/airflow/.local/lib/python3.8/site-packages/airflow/example_dags/tutorial.py took 0.262 seconds
[2025-11-02T19:24:56.997+0000] {processor.py:161} INFO - Started process (PID=6522) to work on /home/airflow/.local/lib/python3.8/site-packages/airflow/example_dags/tutorial.py
[2025-11-02T19:24:56.999+0000] {processor.py:830} INFO - Processing file /home/airflow/.local/lib/python3.8/site-packages/airflow/example_dags/tutorial.py for tasks to queue
[2025-11-02T19:24:57.004+0000] {logging_mixin.py:188} INFO - [2025-11-02T19:24:57.004+0000] {dagbag.py:538} INFO - Filling up the DagBag from /home/airflow/.local/lib/python3.8/site-packages/airflow/example_dags/tutorial.py
[2025-11-02T19:24:57.019+0000] {processor.py:840} INFO - DAG(s) 'tutorial' retrieved from /home/airflow/.local/lib/python3.8/site-packages/airflow/example_dags/tutorial.py
[2025-11-02T19:24:57.080+0000] {logging_mixin.py:188} INFO - [2025-11-02T19:24:57.080+0000] {dag.py:3036} INFO - Sync 1 DAGs
[2025-11-02T19:24:57.126+0000] {logging_mixin.py:188} INFO - [2025-11-02T19:24:57.126+0000] {dag.py:3823} INFO - Setting next_dagrun for tutorial to 2025-11-01 00:00:00+00:00, run_after=2025-11-02 00:00:00+00:00
[2025-11-02T19:24:57.168+0000] {processor.py:183} INFO - Processing /home/airflow/.local/lib/python3.8/site-packages/airflow/example_dags/tutorial.py took 0.179 seconds
[2025-11-02T19:25:27.499+0000] {processor.py:161} INFO - Started process (PID=6576) to work on /home/airflow/.local/lib/python3.8/site-packages/airflow/example_dags/tutorial.py
[2025-11-02T19:25:27.502+0000] {processor.py:830} INFO - Processing file /home/airflow/.local/lib/python3.8/site-packages/airflow/example_dags/tutorial.py for tasks to queue
[2025-11-02T19:25:27.508+0000] {logging_mixin.py:188} INFO - [2025-11-02T19:25:27.507+0000] {dagbag.py:538} INFO - Filling up the DagBag from /home/airflow/.local/lib/python3.8/site-packages/airflow/example_dags/tutorial.py
[2025-11-02T19:25:27.528+0000] {processor.py:840} INFO - DAG(s) 'tutorial' retrieved from /home/airflow/.local/lib/python3.8/site-packages/airflow/example_dags/tutorial.py
[2025-11-02T19:25:27.572+0000] {logging_mixin.py:188} INFO - [2025-11-02T19:25:27.572+0000] {dag.py:3036} INFO - Sync 1 DAGs
[2025-11-02T19:25:27.615+0000] {logging_mixin.py:188} INFO - [2025-11-02T19:25:27.615+0000] {dag.py:3823} INFO - Setting next_dagrun for tutorial to 2025-11-01 00:00:00+00:00, run_after=2025-11-02 00:00:00+00:00
[2025-11-02T19:25:27.685+0000] {processor.py:183} INFO - Processing /home/airflow/.local/lib/python3.8/site-packages/airflow/example_dags/tutorial.py took 0.194 seconds
[2025-11-02T19:25:58.398+0000] {processor.py:161} INFO - Started process (PID=6631) to work on /home/airflow/.local/lib/python3.8/site-packages/airflow/example_dags/tutorial.py
[2025-11-02T19:25:58.401+0000] {processor.py:830} INFO - Processing file /home/airflow/.local/lib/python3.8/site-packages/airflow/example_dags/tutorial.py for tasks to queue
[2025-11-02T19:25:58.405+0000] {logging_mixin.py:188} INFO - [2025-11-02T19:25:58.405+0000] {dagbag.py:538} INFO - Filling up the DagBag from /home/airflow/.local/lib/python3.8/site-packages/airflow/example_dags/tutorial.py
[2025-11-02T19:25:58.422+0000] {processor.py:840} INFO - DAG(s) 'tutorial' retrieved from /home/airflow/.local/lib/python3.8/site-packages/airflow/example_dags/tutorial.py
[2025-11-02T19:25:58.473+0000] {logging_mixin.py:188} INFO - [2025-11-02T19:25:58.472+0000] {dag.py:3036} INFO - Sync 1 DAGs
[2025-11-02T19:25:58.526+0000] {logging_mixin.py:188} INFO - [2025-11-02T19:25:58.526+0000] {dag.py:3823} INFO - Setting next_dagrun for tutorial to 2025-11-01 00:00:00+00:00, run_after=2025-11-02 00:00:00+00:00
[2025-11-02T19:25:58.573+0000] {processor.py:183} INFO - Processing /home/airflow/.local/lib/python3.8/site-packages/airflow/example_dags/tutorial.py took 0.182 seconds
[2025-11-02T19:26:28.958+0000] {processor.py:161} INFO - Started process (PID=6686) to work on /home/airflow/.local/lib/python3.8/site-packages/airflow/example_dags/tutorial.py
[2025-11-02T19:26:28.962+0000] {processor.py:830} INFO - Processing file /home/airflow/.local/lib/python3.8/site-packages/airflow/example_dags/tutorial.py for tasks to queue
[2025-11-02T19:26:28.980+0000] {logging_mixin.py:188} INFO - [2025-11-02T19:26:28.979+0000] {dagbag.py:538} INFO - Filling up the DagBag from /home/airflow/.local/lib/python3.8/site-packages/airflow/example_dags/tutorial.py
[2025-11-02T19:26:29.030+0000] {processor.py:840} INFO - DAG(s) 'tutorial' retrieved from /home/airflow/.local/lib/python3.8/site-packages/airflow/example_dags/tutorial.py
[2025-11-02T19:26:29.111+0000] {logging_mixin.py:188} INFO - [2025-11-02T19:26:29.111+0000] {dag.py:3036} INFO - Sync 1 DAGs
[2025-11-02T19:26:29.195+0000] {logging_mixin.py:188} INFO - [2025-11-02T19:26:29.194+0000] {dag.py:3823} INFO - Setting next_dagrun for tutorial to 2025-11-01 00:00:00+00:00, run_after=2025-11-02 00:00:00+00:00
[2025-11-02T19:26:29.260+0000] {processor.py:183} INFO - Processing /home/airflow/.local/lib/python3.8/site-packages/airflow/example_dags/tutorial.py took 0.312 seconds
[2025-11-02T19:26:59.504+0000] {processor.py:161} INFO - Started process (PID=6741) to work on /home/airflow/.local/lib/python3.8/site-packages/airflow/example_dags/tutorial.py
[2025-11-02T19:26:59.506+0000] {processor.py:830} INFO - Processing file /home/airflow/.local/lib/python3.8/site-packages/airflow/example_dags/tutorial.py for tasks to queue
[2025-11-02T19:26:59.513+0000] {logging_mixin.py:188} INFO - [2025-11-02T19:26:59.512+0000] {dagbag.py:538} INFO - Filling up the DagBag from /home/airflow/.local/lib/python3.8/site-packages/airflow/example_dags/tutorial.py
[2025-11-02T19:26:59.531+0000] {processor.py:840} INFO - DAG(s) 'tutorial' retrieved from /home/airflow/.local/lib/python3.8/site-packages/airflow/example_dags/tutorial.py
[2025-11-02T19:26:59.585+0000] {logging_mixin.py:188} INFO - [2025-11-02T19:26:59.584+0000] {dag.py:3036} INFO - Sync 1 DAGs
[2025-11-02T19:26:59.639+0000] {logging_mixin.py:188} INFO - [2025-11-02T19:26:59.638+0000] {dag.py:3823} INFO - Setting next_dagrun for tutorial to 2025-11-01 00:00:00+00:00, run_after=2025-11-02 00:00:00+00:00
[2025-11-02T19:26:59.685+0000] {processor.py:183} INFO - Processing /home/airflow/.local/lib/python3.8/site-packages/airflow/example_dags/tutorial.py took 0.208 seconds
[2025-11-02T19:27:29.791+0000] {processor.py:161} INFO - Started process (PID=6790) to work on /home/airflow/.local/lib/python3.8/site-packages/airflow/example_dags/tutorial.py
[2025-11-02T19:27:29.794+0000] {processor.py:830} INFO - Processing file /home/airflow/.local/lib/python3.8/site-packages/airflow/example_dags/tutorial.py for tasks to queue
[2025-11-02T19:27:29.800+0000] {logging_mixin.py:188} INFO - [2025-11-02T19:27:29.799+0000] {dagbag.py:538} INFO - Filling up the DagBag from /home/airflow/.local/lib/python3.8/site-packages/airflow/example_dags/tutorial.py
[2025-11-02T19:27:29.816+0000] {processor.py:840} INFO - DAG(s) 'tutorial' retrieved from /home/airflow/.local/lib/python3.8/site-packages/airflow/example_dags/tutorial.py
[2025-11-02T19:27:29.883+0000] {logging_mixin.py:188} INFO - [2025-11-02T19:27:29.883+0000] {dag.py:3036} INFO - Sync 1 DAGs
[2025-11-02T19:27:29.964+0000] {logging_mixin.py:188} INFO - [2025-11-02T19:27:29.963+0000] {dag.py:3823} INFO - Setting next_dagrun for tutorial to 2025-11-01 00:00:00+00:00, run_after=2025-11-02 00:00:00+00:00
[2025-11-02T19:27:30.047+0000] {processor.py:183} INFO - Processing /home/airflow/.local/lib/python3.8/site-packages/airflow/example_dags/tutorial.py took 0.267 seconds
[2025-11-02T19:28:00.727+0000] {processor.py:161} INFO - Started process (PID=6852) to work on /home/airflow/.local/lib/python3.8/site-packages/airflow/example_dags/tutorial.py
[2025-11-02T19:28:00.729+0000] {processor.py:830} INFO - Processing file /home/airflow/.local/lib/python3.8/site-packages/airflow/example_dags/tutorial.py for tasks to queue
[2025-11-02T19:28:00.735+0000] {logging_mixin.py:188} INFO - [2025-11-02T19:28:00.734+0000] {dagbag.py:538} INFO - Filling up the DagBag from /home/airflow/.local/lib/python3.8/site-packages/airflow/example_dags/tutorial.py
[2025-11-02T19:28:00.765+0000] {processor.py:840} INFO - DAG(s) 'tutorial' retrieved from /home/airflow/.local/lib/python3.8/site-packages/airflow/example_dags/tutorial.py
[2025-11-02T19:28:00.818+0000] {logging_mixin.py:188} INFO - [2025-11-02T19:28:00.817+0000] {dag.py:3036} INFO - Sync 1 DAGs
[2025-11-02T19:28:00.863+0000] {logging_mixin.py:188} INFO - [2025-11-02T19:28:00.862+0000] {dag.py:3823} INFO - Setting next_dagrun for tutorial to 2025-11-01 00:00:00+00:00, run_after=2025-11-02 00:00:00+00:00
[2025-11-02T19:28:00.903+0000] {processor.py:183} INFO - Processing /home/airflow/.local/lib/python3.8/site-packages/airflow/example_dags/tutorial.py took 0.191 seconds
[2025-11-02T19:28:31.264+0000] {processor.py:161} INFO - Started process (PID=6901) to work on /home/airflow/.local/lib/python3.8/site-packages/airflow/example_dags/tutorial.py
[2025-11-02T19:28:31.266+0000] {processor.py:830} INFO - Processing file /home/airflow/.local/lib/python3.8/site-packages/airflow/example_dags/tutorial.py for tasks to queue
[2025-11-02T19:28:31.271+0000] {logging_mixin.py:188} INFO - [2025-11-02T19:28:31.270+0000] {dagbag.py:538} INFO - Filling up the DagBag from /home/airflow/.local/lib/python3.8/site-packages/airflow/example_dags/tutorial.py
[2025-11-02T19:28:31.287+0000] {processor.py:840} INFO - DAG(s) 'tutorial' retrieved from /home/airflow/.local/lib/python3.8/site-packages/airflow/example_dags/tutorial.py
[2025-11-02T19:28:31.341+0000] {logging_mixin.py:188} INFO - [2025-11-02T19:28:31.340+0000] {dag.py:3036} INFO - Sync 1 DAGs
[2025-11-02T19:28:31.404+0000] {logging_mixin.py:188} INFO - [2025-11-02T19:28:31.404+0000] {dag.py:3823} INFO - Setting next_dagrun for tutorial to 2025-11-01 00:00:00+00:00, run_after=2025-11-02 00:00:00+00:00
[2025-11-02T19:28:31.442+0000] {processor.py:183} INFO - Processing /home/airflow/.local/lib/python3.8/site-packages/airflow/example_dags/tutorial.py took 0.187 seconds
[2025-11-02T19:29:01.718+0000] {processor.py:161} INFO - Started process (PID=6956) to work on /home/airflow/.local/lib/python3.8/site-packages/airflow/example_dags/tutorial.py
[2025-11-02T19:29:01.722+0000] {processor.py:830} INFO - Processing file /home/airflow/.local/lib/python3.8/site-packages/airflow/example_dags/tutorial.py for tasks to queue
[2025-11-02T19:29:01.730+0000] {logging_mixin.py:188} INFO - [2025-11-02T19:29:01.728+0000] {dagbag.py:538} INFO - Filling up the DagBag from /home/airflow/.local/lib/python3.8/site-packages/airflow/example_dags/tutorial.py
[2025-11-02T19:29:01.747+0000] {processor.py:840} INFO - DAG(s) 'tutorial' retrieved from /home/airflow/.local/lib/python3.8/site-packages/airflow/example_dags/tutorial.py
[2025-11-02T19:29:01.822+0000] {logging_mixin.py:188} INFO - [2025-11-02T19:29:01.821+0000] {dag.py:3036} INFO - Sync 1 DAGs
[2025-11-02T19:29:01.878+0000] {logging_mixin.py:188} INFO - [2025-11-02T19:29:01.878+0000] {dag.py:3823} INFO - Setting next_dagrun for tutorial to 2025-11-01 00:00:00+00:00, run_after=2025-11-02 00:00:00+00:00
[2025-11-02T19:29:01.920+0000] {processor.py:183} INFO - Processing /home/airflow/.local/lib/python3.8/site-packages/airflow/example_dags/tutorial.py took 0.214 seconds
[2025-11-02T19:29:32.622+0000] {processor.py:161} INFO - Started process (PID=7010) to work on /home/airflow/.local/lib/python3.8/site-packages/airflow/example_dags/tutorial.py
[2025-11-02T19:29:32.625+0000] {processor.py:830} INFO - Processing file /home/airflow/.local/lib/python3.8/site-packages/airflow/example_dags/tutorial.py for tasks to queue
[2025-11-02T19:29:32.629+0000] {logging_mixin.py:188} INFO - [2025-11-02T19:29:32.629+0000] {dagbag.py:538} INFO - Filling up the DagBag from /home/airflow/.local/lib/python3.8/site-packages/airflow/example_dags/tutorial.py
[2025-11-02T19:29:32.646+0000] {processor.py:840} INFO - DAG(s) 'tutorial' retrieved from /home/airflow/.local/lib/python3.8/site-packages/airflow/example_dags/tutorial.py
[2025-11-02T19:29:32.694+0000] {logging_mixin.py:188} INFO - [2025-11-02T19:29:32.694+0000] {dag.py:3036} INFO - Sync 1 DAGs
[2025-11-02T19:29:32.738+0000] {logging_mixin.py:188} INFO - [2025-11-02T19:29:32.738+0000] {dag.py:3823} INFO - Setting next_dagrun for tutorial to 2025-11-01 00:00:00+00:00, run_after=2025-11-02 00:00:00+00:00
[2025-11-02T19:29:32.778+0000] {processor.py:183} INFO - Processing /home/airflow/.local/lib/python3.8/site-packages/airflow/example_dags/tutorial.py took 0.165 seconds
[2025-11-02T19:30:03.666+0000] {processor.py:161} INFO - Started process (PID=7066) to work on /home/airflow/.local/lib/python3.8/site-packages/airflow/example_dags/tutorial.py
[2025-11-02T19:30:03.669+0000] {processor.py:830} INFO - Processing file /home/airflow/.local/lib/python3.8/site-packages/airflow/example_dags/tutorial.py for tasks to queue
[2025-11-02T19:30:03.680+0000] {logging_mixin.py:188} INFO - [2025-11-02T19:30:03.674+0000] {dagbag.py:538} INFO - Filling up the DagBag from /home/airflow/.local/lib/python3.8/site-packages/airflow/example_dags/tutorial.py
[2025-11-02T19:30:03.714+0000] {processor.py:840} INFO - DAG(s) 'tutorial' retrieved from /home/airflow/.local/lib/python3.8/site-packages/airflow/example_dags/tutorial.py
[2025-11-02T19:30:03.789+0000] {logging_mixin.py:188} INFO - [2025-11-02T19:30:03.788+0000] {dag.py:3036} INFO - Sync 1 DAGs
[2025-11-02T19:30:03.854+0000] {logging_mixin.py:188} INFO - [2025-11-02T19:30:03.854+0000] {dag.py:3823} INFO - Setting next_dagrun for tutorial to 2025-11-01 00:00:00+00:00, run_after=2025-11-02 00:00:00+00:00
[2025-11-02T19:30:03.909+0000] {processor.py:183} INFO - Processing /home/airflow/.local/lib/python3.8/site-packages/airflow/example_dags/tutorial.py took 0.257 seconds
[2025-11-02T19:30:34.499+0000] {processor.py:161} INFO - Started process (PID=7121) to work on /home/airflow/.local/lib/python3.8/site-packages/airflow/example_dags/tutorial.py
[2025-11-02T19:30:34.505+0000] {processor.py:830} INFO - Processing file /home/airflow/.local/lib/python3.8/site-packages/airflow/example_dags/tutorial.py for tasks to queue
[2025-11-02T19:30:34.516+0000] {logging_mixin.py:188} INFO - [2025-11-02T19:30:34.515+0000] {dagbag.py:538} INFO - Filling up the DagBag from /home/airflow/.local/lib/python3.8/site-packages/airflow/example_dags/tutorial.py
[2025-11-02T19:30:34.539+0000] {processor.py:840} INFO - DAG(s) 'tutorial' retrieved from /home/airflow/.local/lib/python3.8/site-packages/airflow/example_dags/tutorial.py
[2025-11-02T19:30:34.628+0000] {logging_mixin.py:188} INFO - [2025-11-02T19:30:34.627+0000] {dag.py:3036} INFO - Sync 1 DAGs
[2025-11-02T19:30:34.706+0000] {logging_mixin.py:188} INFO - [2025-11-02T19:30:34.706+0000] {dag.py:3823} INFO - Setting next_dagrun for tutorial to 2025-11-01 00:00:00+00:00, run_after=2025-11-02 00:00:00+00:00
[2025-11-02T19:30:34.764+0000] {processor.py:183} INFO - Processing /home/airflow/.local/lib/python3.8/site-packages/airflow/example_dags/tutorial.py took 0.281 seconds
[2025-11-02T19:31:05.562+0000] {processor.py:161} INFO - Started process (PID=7181) to work on /home/airflow/.local/lib/python3.8/site-packages/airflow/example_dags/tutorial.py
[2025-11-02T19:31:05.566+0000] {processor.py:830} INFO - Processing file /home/airflow/.local/lib/python3.8/site-packages/airflow/example_dags/tutorial.py for tasks to queue
[2025-11-02T19:31:05.572+0000] {logging_mixin.py:188} INFO - [2025-11-02T19:31:05.571+0000] {dagbag.py:538} INFO - Filling up the DagBag from /home/airflow/.local/lib/python3.8/site-packages/airflow/example_dags/tutorial.py
[2025-11-02T19:31:05.589+0000] {processor.py:840} INFO - DAG(s) 'tutorial' retrieved from /home/airflow/.local/lib/python3.8/site-packages/airflow/example_dags/tutorial.py
[2025-11-02T19:31:05.642+0000] {logging_mixin.py:188} INFO - [2025-11-02T19:31:05.641+0000] {dag.py:3036} INFO - Sync 1 DAGs
[2025-11-02T19:31:05.695+0000] {logging_mixin.py:188} INFO - [2025-11-02T19:31:05.694+0000] {dag.py:3823} INFO - Setting next_dagrun for tutorial to 2025-11-01 00:00:00+00:00, run_after=2025-11-02 00:00:00+00:00
[2025-11-02T19:31:05.743+0000] {processor.py:183} INFO - Processing /home/airflow/.local/lib/python3.8/site-packages/airflow/example_dags/tutorial.py took 0.193 seconds
[2025-11-02T19:31:35.991+0000] {processor.py:161} INFO - Started process (PID=7228) to work on /home/airflow/.local/lib/python3.8/site-packages/airflow/example_dags/tutorial.py
[2025-11-02T19:31:35.994+0000] {processor.py:830} INFO - Processing file /home/airflow/.local/lib/python3.8/site-packages/airflow/example_dags/tutorial.py for tasks to queue
[2025-11-02T19:31:35.999+0000] {logging_mixin.py:188} INFO - [2025-11-02T19:31:35.998+0000] {dagbag.py:538} INFO - Filling up the DagBag from /home/airflow/.local/lib/python3.8/site-packages/airflow/example_dags/tutorial.py
[2025-11-02T19:31:36.013+0000] {processor.py:840} INFO - DAG(s) 'tutorial' retrieved from /home/airflow/.local/lib/python3.8/site-packages/airflow/example_dags/tutorial.py
[2025-11-02T19:31:36.066+0000] {logging_mixin.py:188} INFO - [2025-11-02T19:31:36.065+0000] {dag.py:3036} INFO - Sync 1 DAGs
[2025-11-02T19:31:36.123+0000] {logging_mixin.py:188} INFO - [2025-11-02T19:31:36.123+0000] {dag.py:3823} INFO - Setting next_dagrun for tutorial to 2025-11-01 00:00:00+00:00, run_after=2025-11-02 00:00:00+00:00
[2025-11-02T19:31:36.170+0000] {processor.py:183} INFO - Processing /home/airflow/.local/lib/python3.8/site-packages/airflow/example_dags/tutorial.py took 0.190 seconds
[2025-11-02T19:32:06.516+0000] {processor.py:161} INFO - Started process (PID=7283) to work on /home/airflow/.local/lib/python3.8/site-packages/airflow/example_dags/tutorial.py
[2025-11-02T19:32:06.519+0000] {processor.py:830} INFO - Processing file /home/airflow/.local/lib/python3.8/site-packages/airflow/example_dags/tutorial.py for tasks to queue
[2025-11-02T19:32:06.525+0000] {logging_mixin.py:188} INFO - [2025-11-02T19:32:06.524+0000] {dagbag.py:538} INFO - Filling up the DagBag from /home/airflow/.local/lib/python3.8/site-packages/airflow/example_dags/tutorial.py
[2025-11-02T19:32:06.540+0000] {processor.py:840} INFO - DAG(s) 'tutorial' retrieved from /home/airflow/.local/lib/python3.8/site-packages/airflow/example_dags/tutorial.py
[2025-11-02T19:32:06.599+0000] {logging_mixin.py:188} INFO - [2025-11-02T19:32:06.598+0000] {dag.py:3036} INFO - Sync 1 DAGs
[2025-11-02T19:32:06.672+0000] {logging_mixin.py:188} INFO - [2025-11-02T19:32:06.671+0000] {dag.py:3823} INFO - Setting next_dagrun for tutorial to 2025-11-01 00:00:00+00:00, run_after=2025-11-02 00:00:00+00:00
[2025-11-02T19:32:06.766+0000] {processor.py:183} INFO - Processing /home/airflow/.local/lib/python3.8/site-packages/airflow/example_dags/tutorial.py took 0.262 seconds
[2025-11-02T19:32:37.016+0000] {processor.py:161} INFO - Started process (PID=7338) to work on /home/airflow/.local/lib/python3.8/site-packages/airflow/example_dags/tutorial.py
[2025-11-02T19:32:37.020+0000] {processor.py:830} INFO - Processing file /home/airflow/.local/lib/python3.8/site-packages/airflow/example_dags/tutorial.py for tasks to queue
[2025-11-02T19:32:37.027+0000] {logging_mixin.py:188} INFO - [2025-11-02T19:32:37.025+0000] {dagbag.py:538} INFO - Filling up the DagBag from /home/airflow/.local/lib/python3.8/site-packages/airflow/example_dags/tutorial.py
[2025-11-02T19:32:37.048+0000] {processor.py:840} INFO - DAG(s) 'tutorial' retrieved from /home/airflow/.local/lib/python3.8/site-packages/airflow/example_dags/tutorial.py
[2025-11-02T19:32:37.130+0000] {logging_mixin.py:188} INFO - [2025-11-02T19:32:37.129+0000] {dag.py:3036} INFO - Sync 1 DAGs
[2025-11-02T19:32:37.243+0000] {logging_mixin.py:188} INFO - [2025-11-02T19:32:37.242+0000] {dag.py:3823} INFO - Setting next_dagrun for tutorial to 2025-11-01 00:00:00+00:00, run_after=2025-11-02 00:00:00+00:00
[2025-11-02T19:32:37.285+0000] {processor.py:183} INFO - Processing /home/airflow/.local/lib/python3.8/site-packages/airflow/example_dags/tutorial.py took 0.282 seconds
[2025-11-02T19:33:07.503+0000] {processor.py:161} INFO - Started process (PID=7393) to work on /home/airflow/.local/lib/python3.8/site-packages/airflow/example_dags/tutorial.py
[2025-11-02T19:33:07.505+0000] {processor.py:830} INFO - Processing file /home/airflow/.local/lib/python3.8/site-packages/airflow/example_dags/tutorial.py for tasks to queue
[2025-11-02T19:33:07.511+0000] {logging_mixin.py:188} INFO - [2025-11-02T19:33:07.510+0000] {dagbag.py:538} INFO - Filling up the DagBag from /home/airflow/.local/lib/python3.8/site-packages/airflow/example_dags/tutorial.py
[2025-11-02T19:33:07.527+0000] {processor.py:840} INFO - DAG(s) 'tutorial' retrieved from /home/airflow/.local/lib/python3.8/site-packages/airflow/example_dags/tutorial.py
[2025-11-02T19:33:07.598+0000] {logging_mixin.py:188} INFO - [2025-11-02T19:33:07.598+0000] {dag.py:3036} INFO - Sync 1 DAGs
[2025-11-02T19:33:07.660+0000] {logging_mixin.py:188} INFO - [2025-11-02T19:33:07.659+0000] {dag.py:3823} INFO - Setting next_dagrun for tutorial to 2025-11-01 00:00:00+00:00, run_after=2025-11-02 00:00:00+00:00
[2025-11-02T19:33:07.716+0000] {processor.py:183} INFO - Processing /home/airflow/.local/lib/python3.8/site-packages/airflow/example_dags/tutorial.py took 0.222 seconds
[2025-11-02T19:33:38.459+0000] {processor.py:161} INFO - Started process (PID=7447) to work on /home/airflow/.local/lib/python3.8/site-packages/airflow/example_dags/tutorial.py
[2025-11-02T19:33:38.461+0000] {processor.py:830} INFO - Processing file /home/airflow/.local/lib/python3.8/site-packages/airflow/example_dags/tutorial.py for tasks to queue
[2025-11-02T19:33:38.467+0000] {logging_mixin.py:188} INFO - [2025-11-02T19:33:38.466+0000] {dagbag.py:538} INFO - Filling up the DagBag from /home/airflow/.local/lib/python3.8/site-packages/airflow/example_dags/tutorial.py
[2025-11-02T19:33:38.500+0000] {processor.py:840} INFO - DAG(s) 'tutorial' retrieved from /home/airflow/.local/lib/python3.8/site-packages/airflow/example_dags/tutorial.py
[2025-11-02T19:33:38.581+0000] {logging_mixin.py:188} INFO - [2025-11-02T19:33:38.581+0000] {dag.py:3036} INFO - Sync 1 DAGs
[2025-11-02T19:33:38.657+0000] {logging_mixin.py:188} INFO - [2025-11-02T19:33:38.657+0000] {dag.py:3823} INFO - Setting next_dagrun for tutorial to 2025-11-01 00:00:00+00:00, run_after=2025-11-02 00:00:00+00:00
[2025-11-02T19:33:38.719+0000] {processor.py:183} INFO - Processing /home/airflow/.local/lib/python3.8/site-packages/airflow/example_dags/tutorial.py took 0.267 seconds
[2025-11-02T19:34:08.860+0000] {processor.py:161} INFO - Started process (PID=7503) to work on /home/airflow/.local/lib/python3.8/site-packages/airflow/example_dags/tutorial.py
[2025-11-02T19:34:08.863+0000] {processor.py:830} INFO - Processing file /home/airflow/.local/lib/python3.8/site-packages/airflow/example_dags/tutorial.py for tasks to queue
[2025-11-02T19:34:08.868+0000] {logging_mixin.py:188} INFO - [2025-11-02T19:34:08.867+0000] {dagbag.py:538} INFO - Filling up the DagBag from /home/airflow/.local/lib/python3.8/site-packages/airflow/example_dags/tutorial.py
[2025-11-02T19:34:08.882+0000] {processor.py:840} INFO - DAG(s) 'tutorial' retrieved from /home/airflow/.local/lib/python3.8/site-packages/airflow/example_dags/tutorial.py
[2025-11-02T19:34:08.926+0000] {logging_mixin.py:188} INFO - [2025-11-02T19:34:08.925+0000] {dag.py:3036} INFO - Sync 1 DAGs
[2025-11-02T19:34:08.969+0000] {logging_mixin.py:188} INFO - [2025-11-02T19:34:08.968+0000] {dag.py:3823} INFO - Setting next_dagrun for tutorial to 2025-11-01 00:00:00+00:00, run_after=2025-11-02 00:00:00+00:00
[2025-11-02T19:34:09.008+0000] {processor.py:183} INFO - Processing /home/airflow/.local/lib/python3.8/site-packages/airflow/example_dags/tutorial.py took 0.156 seconds
[2025-11-02T19:34:39.212+0000] {processor.py:161} INFO - Started process (PID=7557) to work on /home/airflow/.local/lib/python3.8/site-packages/airflow/example_dags/tutorial.py
[2025-11-02T19:34:39.217+0000] {processor.py:830} INFO - Processing file /home/airflow/.local/lib/python3.8/site-packages/airflow/example_dags/tutorial.py for tasks to queue
[2025-11-02T19:34:39.224+0000] {logging_mixin.py:188} INFO - [2025-11-02T19:34:39.223+0000] {dagbag.py:538} INFO - Filling up the DagBag from /home/airflow/.local/lib/python3.8/site-packages/airflow/example_dags/tutorial.py
[2025-11-02T19:34:39.240+0000] {processor.py:840} INFO - DAG(s) 'tutorial' retrieved from /home/airflow/.local/lib/python3.8/site-packages/airflow/example_dags/tutorial.py
[2025-11-02T19:34:39.303+0000] {logging_mixin.py:188} INFO - [2025-11-02T19:34:39.302+0000] {dag.py:3036} INFO - Sync 1 DAGs
[2025-11-02T19:34:39.398+0000] {logging_mixin.py:188} INFO - [2025-11-02T19:34:39.397+0000] {dag.py:3823} INFO - Setting next_dagrun for tutorial to 2025-11-01 00:00:00+00:00, run_after=2025-11-02 00:00:00+00:00
[2025-11-02T19:34:39.515+0000] {processor.py:183} INFO - Processing /home/airflow/.local/lib/python3.8/site-packages/airflow/example_dags/tutorial.py took 0.318 seconds
[2025-11-02T19:35:10.236+0000] {processor.py:161} INFO - Started process (PID=7612) to work on /home/airflow/.local/lib/python3.8/site-packages/airflow/example_dags/tutorial.py
[2025-11-02T19:35:10.239+0000] {processor.py:830} INFO - Processing file /home/airflow/.local/lib/python3.8/site-packages/airflow/example_dags/tutorial.py for tasks to queue
[2025-11-02T19:35:10.244+0000] {logging_mixin.py:188} INFO - [2025-11-02T19:35:10.243+0000] {dagbag.py:538} INFO - Filling up the DagBag from /home/airflow/.local/lib/python3.8/site-packages/airflow/example_dags/tutorial.py
[2025-11-02T19:35:10.261+0000] {processor.py:840} INFO - DAG(s) 'tutorial' retrieved from /home/airflow/.local/lib/python3.8/site-packages/airflow/example_dags/tutorial.py
[2025-11-02T19:35:10.323+0000] {logging_mixin.py:188} INFO - [2025-11-02T19:35:10.322+0000] {dag.py:3036} INFO - Sync 1 DAGs
[2025-11-02T19:35:10.407+0000] {logging_mixin.py:188} INFO - [2025-11-02T19:35:10.406+0000] {dag.py:3823} INFO - Setting next_dagrun for tutorial to 2025-11-01 00:00:00+00:00, run_after=2025-11-02 00:00:00+00:00
[2025-11-02T19:35:10.475+0000] {processor.py:183} INFO - Processing /home/airflow/.local/lib/python3.8/site-packages/airflow/example_dags/tutorial.py took 0.249 seconds
[2025-11-02T19:35:41.033+0000] {processor.py:161} INFO - Started process (PID=7667) to work on /home/airflow/.local/lib/python3.8/site-packages/airflow/example_dags/tutorial.py
[2025-11-02T19:35:41.036+0000] {processor.py:830} INFO - Processing file /home/airflow/.local/lib/python3.8/site-packages/airflow/example_dags/tutorial.py for tasks to queue
[2025-11-02T19:35:41.041+0000] {logging_mixin.py:188} INFO - [2025-11-02T19:35:41.040+0000] {dagbag.py:538} INFO - Filling up the DagBag from /home/airflow/.local/lib/python3.8/site-packages/airflow/example_dags/tutorial.py
[2025-11-02T19:35:41.058+0000] {processor.py:840} INFO - DAG(s) 'tutorial' retrieved from /home/airflow/.local/lib/python3.8/site-packages/airflow/example_dags/tutorial.py
[2025-11-02T19:35:41.104+0000] {logging_mixin.py:188} INFO - [2025-11-02T19:35:41.104+0000] {dag.py:3036} INFO - Sync 1 DAGs
[2025-11-02T19:35:41.148+0000] {logging_mixin.py:188} INFO - [2025-11-02T19:35:41.148+0000] {dag.py:3823} INFO - Setting next_dagrun for tutorial to 2025-11-01 00:00:00+00:00, run_after=2025-11-02 00:00:00+00:00
[2025-11-02T19:35:41.192+0000] {processor.py:183} INFO - Processing /home/airflow/.local/lib/python3.8/site-packages/airflow/example_dags/tutorial.py took 0.167 seconds
[2025-11-02T19:36:11.688+0000] {processor.py:161} INFO - Started process (PID=7722) to work on /home/airflow/.local/lib/python3.8/site-packages/airflow/example_dags/tutorial.py
[2025-11-02T19:36:11.692+0000] {processor.py:830} INFO - Processing file /home/airflow/.local/lib/python3.8/site-packages/airflow/example_dags/tutorial.py for tasks to queue
[2025-11-02T19:36:11.701+0000] {logging_mixin.py:188} INFO - [2025-11-02T19:36:11.700+0000] {dagbag.py:538} INFO - Filling up the DagBag from /home/airflow/.local/lib/python3.8/site-packages/airflow/example_dags/tutorial.py
[2025-11-02T19:36:11.721+0000] {processor.py:840} INFO - DAG(s) 'tutorial' retrieved from /home/airflow/.local/lib/python3.8/site-packages/airflow/example_dags/tutorial.py
[2025-11-02T19:36:11.803+0000] {logging_mixin.py:188} INFO - [2025-11-02T19:36:11.802+0000] {dag.py:3036} INFO - Sync 1 DAGs
[2025-11-02T19:36:11.956+0000] {logging_mixin.py:188} INFO - [2025-11-02T19:36:11.955+0000] {dag.py:3823} INFO - Setting next_dagrun for tutorial to 2025-11-01 00:00:00+00:00, run_after=2025-11-02 00:00:00+00:00
[2025-11-02T19:36:12.093+0000] {processor.py:183} INFO - Processing /home/airflow/.local/lib/python3.8/site-packages/airflow/example_dags/tutorial.py took 0.420 seconds
[2025-11-02T19:36:42.286+0000] {processor.py:161} INFO - Started process (PID=7776) to work on /home/airflow/.local/lib/python3.8/site-packages/airflow/example_dags/tutorial.py
[2025-11-02T19:36:42.288+0000] {processor.py:830} INFO - Processing file /home/airflow/.local/lib/python3.8/site-packages/airflow/example_dags/tutorial.py for tasks to queue
[2025-11-02T19:36:42.293+0000] {logging_mixin.py:188} INFO - [2025-11-02T19:36:42.292+0000] {dagbag.py:538} INFO - Filling up the DagBag from /home/airflow/.local/lib/python3.8/site-packages/airflow/example_dags/tutorial.py
[2025-11-02T19:36:42.307+0000] {processor.py:840} INFO - DAG(s) 'tutorial' retrieved from /home/airflow/.local/lib/python3.8/site-packages/airflow/example_dags/tutorial.py
[2025-11-02T19:36:42.357+0000] {logging_mixin.py:188} INFO - [2025-11-02T19:36:42.357+0000] {dag.py:3036} INFO - Sync 1 DAGs
[2025-11-02T19:36:42.405+0000] {logging_mixin.py:188} INFO - [2025-11-02T19:36:42.404+0000] {dag.py:3823} INFO - Setting next_dagrun for tutorial to 2025-11-01 00:00:00+00:00, run_after=2025-11-02 00:00:00+00:00
[2025-11-02T19:36:42.443+0000] {processor.py:183} INFO - Processing /home/airflow/.local/lib/python3.8/site-packages/airflow/example_dags/tutorial.py took 0.167 seconds
[2025-11-02T19:37:12.784+0000] {processor.py:161} INFO - Started process (PID=7831) to work on /home/airflow/.local/lib/python3.8/site-packages/airflow/example_dags/tutorial.py
[2025-11-02T19:37:12.786+0000] {processor.py:830} INFO - Processing file /home/airflow/.local/lib/python3.8/site-packages/airflow/example_dags/tutorial.py for tasks to queue
[2025-11-02T19:37:12.792+0000] {logging_mixin.py:188} INFO - [2025-11-02T19:37:12.791+0000] {dagbag.py:538} INFO - Filling up the DagBag from /home/airflow/.local/lib/python3.8/site-packages/airflow/example_dags/tutorial.py
[2025-11-02T19:37:12.806+0000] {processor.py:840} INFO - DAG(s) 'tutorial' retrieved from /home/airflow/.local/lib/python3.8/site-packages/airflow/example_dags/tutorial.py
[2025-11-02T19:37:12.860+0000] {logging_mixin.py:188} INFO - [2025-11-02T19:37:12.860+0000] {dag.py:3036} INFO - Sync 1 DAGs
[2025-11-02T19:37:12.904+0000] {logging_mixin.py:188} INFO - [2025-11-02T19:37:12.904+0000] {dag.py:3823} INFO - Setting next_dagrun for tutorial to 2025-11-01 00:00:00+00:00, run_after=2025-11-02 00:00:00+00:00
[2025-11-02T19:37:12.944+0000] {processor.py:183} INFO - Processing /home/airflow/.local/lib/python3.8/site-packages/airflow/example_dags/tutorial.py took 0.169 seconds
[2025-11-02T19:37:44.925+0000] {processor.py:161} INFO - Started process (PID=7886) to work on /home/airflow/.local/lib/python3.8/site-packages/airflow/example_dags/tutorial.py
[2025-11-02T19:37:44.929+0000] {processor.py:830} INFO - Processing file /home/airflow/.local/lib/python3.8/site-packages/airflow/example_dags/tutorial.py for tasks to queue
[2025-11-02T19:37:44.936+0000] {logging_mixin.py:188} INFO - [2025-11-02T19:37:44.935+0000] {dagbag.py:538} INFO - Filling up the DagBag from /home/airflow/.local/lib/python3.8/site-packages/airflow/example_dags/tutorial.py
[2025-11-02T19:37:44.957+0000] {processor.py:840} INFO - DAG(s) 'tutorial' retrieved from /home/airflow/.local/lib/python3.8/site-packages/airflow/example_dags/tutorial.py
[2025-11-02T19:37:45.028+0000] {logging_mixin.py:188} INFO - [2025-11-02T19:37:45.027+0000] {dag.py:3036} INFO - Sync 1 DAGs
[2025-11-02T19:37:45.080+0000] {logging_mixin.py:188} INFO - [2025-11-02T19:37:45.079+0000] {dag.py:3823} INFO - Setting next_dagrun for tutorial to 2025-11-01 00:00:00+00:00, run_after=2025-11-02 00:00:00+00:00
[2025-11-02T19:37:45.140+0000] {processor.py:183} INFO - Processing /home/airflow/.local/lib/python3.8/site-packages/airflow/example_dags/tutorial.py took 0.231 seconds
[2025-11-02T19:38:15.571+0000] {processor.py:161} INFO - Started process (PID=7941) to work on /home/airflow/.local/lib/python3.8/site-packages/airflow/example_dags/tutorial.py
[2025-11-02T19:38:15.574+0000] {processor.py:830} INFO - Processing file /home/airflow/.local/lib/python3.8/site-packages/airflow/example_dags/tutorial.py for tasks to queue
[2025-11-02T19:38:15.579+0000] {logging_mixin.py:188} INFO - [2025-11-02T19:38:15.578+0000] {dagbag.py:538} INFO - Filling up the DagBag from /home/airflow/.local/lib/python3.8/site-packages/airflow/example_dags/tutorial.py
[2025-11-02T19:38:15.596+0000] {processor.py:840} INFO - DAG(s) 'tutorial' retrieved from /home/airflow/.local/lib/python3.8/site-packages/airflow/example_dags/tutorial.py
[2025-11-02T19:38:15.648+0000] {logging_mixin.py:188} INFO - [2025-11-02T19:38:15.648+0000] {dag.py:3036} INFO - Sync 1 DAGs
[2025-11-02T19:38:15.708+0000] {logging_mixin.py:188} INFO - [2025-11-02T19:38:15.708+0000] {dag.py:3823} INFO - Setting next_dagrun for tutorial to 2025-11-01 00:00:00+00:00, run_after=2025-11-02 00:00:00+00:00
[2025-11-02T19:38:15.756+0000] {processor.py:183} INFO - Processing /home/airflow/.local/lib/python3.8/site-packages/airflow/example_dags/tutorial.py took 0.194 seconds
[2025-11-02T19:38:46.216+0000] {processor.py:161} INFO - Started process (PID=7996) to work on /home/airflow/.local/lib/python3.8/site-packages/airflow/example_dags/tutorial.py
[2025-11-02T19:38:46.219+0000] {processor.py:830} INFO - Processing file /home/airflow/.local/lib/python3.8/site-packages/airflow/example_dags/tutorial.py for tasks to queue
[2025-11-02T19:38:46.224+0000] {logging_mixin.py:188} INFO - [2025-11-02T19:38:46.223+0000] {dagbag.py:538} INFO - Filling up the DagBag from /home/airflow/.local/lib/python3.8/site-packages/airflow/example_dags/tutorial.py
[2025-11-02T19:38:46.238+0000] {processor.py:840} INFO - DAG(s) 'tutorial' retrieved from /home/airflow/.local/lib/python3.8/site-packages/airflow/example_dags/tutorial.py
[2025-11-02T19:38:46.392+0000] {logging_mixin.py:188} INFO - [2025-11-02T19:38:46.392+0000] {dag.py:3036} INFO - Sync 1 DAGs
[2025-11-02T19:38:46.497+0000] {logging_mixin.py:188} INFO - [2025-11-02T19:38:46.496+0000] {dag.py:3823} INFO - Setting next_dagrun for tutorial to 2025-11-01 00:00:00+00:00, run_after=2025-11-02 00:00:00+00:00
[2025-11-02T19:38:46.558+0000] {processor.py:183} INFO - Processing /home/airflow/.local/lib/python3.8/site-packages/airflow/example_dags/tutorial.py took 0.350 seconds
[2025-11-02T19:39:17.530+0000] {processor.py:161} INFO - Started process (PID=8052) to work on /home/airflow/.local/lib/python3.8/site-packages/airflow/example_dags/tutorial.py
[2025-11-02T19:39:17.535+0000] {processor.py:830} INFO - Processing file /home/airflow/.local/lib/python3.8/site-packages/airflow/example_dags/tutorial.py for tasks to queue
[2025-11-02T19:39:17.542+0000] {logging_mixin.py:188} INFO - [2025-11-02T19:39:17.541+0000] {dagbag.py:538} INFO - Filling up the DagBag from /home/airflow/.local/lib/python3.8/site-packages/airflow/example_dags/tutorial.py
[2025-11-02T19:39:17.571+0000] {processor.py:840} INFO - DAG(s) 'tutorial' retrieved from /home/airflow/.local/lib/python3.8/site-packages/airflow/example_dags/tutorial.py
[2025-11-02T19:39:17.650+0000] {logging_mixin.py:188} INFO - [2025-11-02T19:39:17.649+0000] {dag.py:3036} INFO - Sync 1 DAGs
[2025-11-02T19:39:17.719+0000] {logging_mixin.py:188} INFO - [2025-11-02T19:39:17.718+0000] {dag.py:3823} INFO - Setting next_dagrun for tutorial to 2025-11-01 00:00:00+00:00, run_after=2025-11-02 00:00:00+00:00
[2025-11-02T19:39:17.768+0000] {processor.py:183} INFO - Processing /home/airflow/.local/lib/python3.8/site-packages/airflow/example_dags/tutorial.py took 0.250 seconds
[2025-11-02T19:39:48.032+0000] {processor.py:161} INFO - Started process (PID=8108) to work on /home/airflow/.local/lib/python3.8/site-packages/airflow/example_dags/tutorial.py
[2025-11-02T19:39:48.035+0000] {processor.py:830} INFO - Processing file /home/airflow/.local/lib/python3.8/site-packages/airflow/example_dags/tutorial.py for tasks to queue
[2025-11-02T19:39:48.041+0000] {logging_mixin.py:188} INFO - [2025-11-02T19:39:48.039+0000] {dagbag.py:538} INFO - Filling up the DagBag from /home/airflow/.local/lib/python3.8/site-packages/airflow/example_dags/tutorial.py
[2025-11-02T19:39:48.057+0000] {processor.py:840} INFO - DAG(s) 'tutorial' retrieved from /home/airflow/.local/lib/python3.8/site-packages/airflow/example_dags/tutorial.py
[2025-11-02T19:39:48.127+0000] {logging_mixin.py:188} INFO - [2025-11-02T19:39:48.126+0000] {dag.py:3036} INFO - Sync 1 DAGs
[2025-11-02T19:39:48.189+0000] {logging_mixin.py:188} INFO - [2025-11-02T19:39:48.189+0000] {dag.py:3823} INFO - Setting next_dagrun for tutorial to 2025-11-01 00:00:00+00:00, run_after=2025-11-02 00:00:00+00:00
[2025-11-02T19:39:48.241+0000] {processor.py:183} INFO - Processing /home/airflow/.local/lib/python3.8/site-packages/airflow/example_dags/tutorial.py took 0.220 seconds
[2025-11-02T19:40:18.729+0000] {processor.py:161} INFO - Started process (PID=8161) to work on /home/airflow/.local/lib/python3.8/site-packages/airflow/example_dags/tutorial.py
[2025-11-02T19:40:18.736+0000] {processor.py:830} INFO - Processing file /home/airflow/.local/lib/python3.8/site-packages/airflow/example_dags/tutorial.py for tasks to queue
[2025-11-02T19:40:18.744+0000] {logging_mixin.py:188} INFO - [2025-11-02T19:40:18.743+0000] {dagbag.py:538} INFO - Filling up the DagBag from /home/airflow/.local/lib/python3.8/site-packages/airflow/example_dags/tutorial.py
[2025-11-02T19:40:18.773+0000] {processor.py:840} INFO - DAG(s) 'tutorial' retrieved from /home/airflow/.local/lib/python3.8/site-packages/airflow/example_dags/tutorial.py
[2025-11-02T19:40:18.848+0000] {logging_mixin.py:188} INFO - [2025-11-02T19:40:18.848+0000] {dag.py:3036} INFO - Sync 1 DAGs
[2025-11-02T19:40:18.932+0000] {logging_mixin.py:188} INFO - [2025-11-02T19:40:18.931+0000] {dag.py:3823} INFO - Setting next_dagrun for tutorial to 2025-11-01 00:00:00+00:00, run_after=2025-11-02 00:00:00+00:00
[2025-11-02T19:40:19.000+0000] {processor.py:183} INFO - Processing /home/airflow/.local/lib/python3.8/site-packages/airflow/example_dags/tutorial.py took 0.283 seconds
[2025-11-02T19:40:53.005+0000] {processor.py:161} INFO - Started process (PID=8215) to work on /home/airflow/.local/lib/python3.8/site-packages/airflow/example_dags/tutorial.py
[2025-11-02T19:40:53.018+0000] {processor.py:830} INFO - Processing file /home/airflow/.local/lib/python3.8/site-packages/airflow/example_dags/tutorial.py for tasks to queue
[2025-11-02T19:40:53.052+0000] {logging_mixin.py:188} INFO - [2025-11-02T19:40:53.051+0000] {dagbag.py:538} INFO - Filling up the DagBag from /home/airflow/.local/lib/python3.8/site-packages/airflow/example_dags/tutorial.py
[2025-11-02T19:40:53.138+0000] {processor.py:840} INFO - DAG(s) 'tutorial' retrieved from /home/airflow/.local/lib/python3.8/site-packages/airflow/example_dags/tutorial.py
[2025-11-02T19:40:53.306+0000] {logging_mixin.py:188} INFO - [2025-11-02T19:40:53.306+0000] {dag.py:3036} INFO - Sync 1 DAGs
[2025-11-02T19:40:53.535+0000] {logging_mixin.py:188} INFO - [2025-11-02T19:40:53.534+0000] {dag.py:3823} INFO - Setting next_dagrun for tutorial to 2025-11-01 00:00:00+00:00, run_after=2025-11-02 00:00:00+00:00
[2025-11-02T19:40:53.631+0000] {processor.py:183} INFO - Processing /home/airflow/.local/lib/python3.8/site-packages/airflow/example_dags/tutorial.py took 0.658 seconds
[2025-11-02T19:41:24.146+0000] {processor.py:161} INFO - Started process (PID=8270) to work on /home/airflow/.local/lib/python3.8/site-packages/airflow/example_dags/tutorial.py
[2025-11-02T19:41:24.151+0000] {processor.py:830} INFO - Processing file /home/airflow/.local/lib/python3.8/site-packages/airflow/example_dags/tutorial.py for tasks to queue
[2025-11-02T19:41:24.158+0000] {logging_mixin.py:188} INFO - [2025-11-02T19:41:24.157+0000] {dagbag.py:538} INFO - Filling up the DagBag from /home/airflow/.local/lib/python3.8/site-packages/airflow/example_dags/tutorial.py
[2025-11-02T19:41:24.178+0000] {processor.py:840} INFO - DAG(s) 'tutorial' retrieved from /home/airflow/.local/lib/python3.8/site-packages/airflow/example_dags/tutorial.py
[2025-11-02T19:41:24.303+0000] {logging_mixin.py:188} INFO - [2025-11-02T19:41:24.303+0000] {dag.py:3036} INFO - Sync 1 DAGs
[2025-11-02T19:41:24.385+0000] {logging_mixin.py:188} INFO - [2025-11-02T19:41:24.384+0000] {dag.py:3823} INFO - Setting next_dagrun for tutorial to 2025-11-01 00:00:00+00:00, run_after=2025-11-02 00:00:00+00:00
[2025-11-02T19:41:24.440+0000] {processor.py:183} INFO - Processing /home/airflow/.local/lib/python3.8/site-packages/airflow/example_dags/tutorial.py took 0.312 seconds
[2025-11-02T19:41:54.838+0000] {processor.py:161} INFO - Started process (PID=8325) to work on /home/airflow/.local/lib/python3.8/site-packages/airflow/example_dags/tutorial.py
[2025-11-02T19:41:54.841+0000] {processor.py:830} INFO - Processing file /home/airflow/.local/lib/python3.8/site-packages/airflow/example_dags/tutorial.py for tasks to queue
[2025-11-02T19:41:54.847+0000] {logging_mixin.py:188} INFO - [2025-11-02T19:41:54.846+0000] {dagbag.py:538} INFO - Filling up the DagBag from /home/airflow/.local/lib/python3.8/site-packages/airflow/example_dags/tutorial.py
[2025-11-02T19:41:54.865+0000] {processor.py:840} INFO - DAG(s) 'tutorial' retrieved from /home/airflow/.local/lib/python3.8/site-packages/airflow/example_dags/tutorial.py
[2025-11-02T19:41:54.920+0000] {logging_mixin.py:188} INFO - [2025-11-02T19:41:54.919+0000] {dag.py:3036} INFO - Sync 1 DAGs
[2025-11-02T19:41:54.993+0000] {logging_mixin.py:188} INFO - [2025-11-02T19:41:54.993+0000] {dag.py:3823} INFO - Setting next_dagrun for tutorial to 2025-11-01 00:00:00+00:00, run_after=2025-11-02 00:00:00+00:00
[2025-11-02T19:41:55.144+0000] {processor.py:183} INFO - Processing /home/airflow/.local/lib/python3.8/site-packages/airflow/example_dags/tutorial.py took 0.318 seconds
[2025-11-02T19:42:26.567+0000] {processor.py:161} INFO - Started process (PID=8385) to work on /home/airflow/.local/lib/python3.8/site-packages/airflow/example_dags/tutorial.py
[2025-11-02T19:42:26.571+0000] {processor.py:830} INFO - Processing file /home/airflow/.local/lib/python3.8/site-packages/airflow/example_dags/tutorial.py for tasks to queue
[2025-11-02T19:42:26.580+0000] {logging_mixin.py:188} INFO - [2025-11-02T19:42:26.578+0000] {dagbag.py:538} INFO - Filling up the DagBag from /home/airflow/.local/lib/python3.8/site-packages/airflow/example_dags/tutorial.py
[2025-11-02T19:42:26.604+0000] {processor.py:840} INFO - DAG(s) 'tutorial' retrieved from /home/airflow/.local/lib/python3.8/site-packages/airflow/example_dags/tutorial.py
[2025-11-02T19:42:26.699+0000] {logging_mixin.py:188} INFO - [2025-11-02T19:42:26.698+0000] {dag.py:3036} INFO - Sync 1 DAGs
[2025-11-02T19:42:26.846+0000] {logging_mixin.py:188} INFO - [2025-11-02T19:42:26.845+0000] {dag.py:3823} INFO - Setting next_dagrun for tutorial to 2025-11-01 00:00:00+00:00, run_after=2025-11-02 00:00:00+00:00
[2025-11-02T19:42:27.012+0000] {processor.py:183} INFO - Processing /home/airflow/.local/lib/python3.8/site-packages/airflow/example_dags/tutorial.py took 0.459 seconds
