[2025-11-02T18:24:53.771+0000] {processor.py:161} INFO - Started process (PID=118) to work on /home/airflow/.local/lib/python3.8/site-packages/airflow/example_dags/tutorial_objectstorage.py
[2025-11-02T18:24:53.799+0000] {processor.py:830} INFO - Processing file /home/airflow/.local/lib/python3.8/site-packages/airflow/example_dags/tutorial_objectstorage.py for tasks to queue
[2025-11-02T18:24:53.921+0000] {logging_mixin.py:188} INFO - [2025-11-02T18:24:53.907+0000] {dagbag.py:538} INFO - Filling up the DagBag from /home/airflow/.local/lib/python3.8/site-packages/airflow/example_dags/tutorial_objectstorage.py
[2025-11-02T18:24:54.147+0000] {processor.py:840} INFO - DAG(s) 'tutorial_objectstorage' retrieved from /home/airflow/.local/lib/python3.8/site-packages/airflow/example_dags/tutorial_objectstorage.py
[2025-11-02T18:24:55.730+0000] {logging_mixin.py:188} INFO - [2025-11-02T18:24:55.725+0000] {dag.py:3036} INFO - Sync 1 DAGs
[2025-11-02T18:24:55.931+0000] {logging_mixin.py:188} INFO - [2025-11-02T18:24:55.913+0000] {dag.py:3823} INFO - Setting next_dagrun for tutorial_objectstorage to None, run_after=None
[2025-11-02T18:24:56.419+0000] {processor.py:183} INFO - Processing /home/airflow/.local/lib/python3.8/site-packages/airflow/example_dags/tutorial_objectstorage.py took 2.754 seconds
[2025-11-02T18:25:27.464+0000] {processor.py:161} INFO - Started process (PID=173) to work on /home/airflow/.local/lib/python3.8/site-packages/airflow/example_dags/tutorial_objectstorage.py
[2025-11-02T18:25:27.470+0000] {processor.py:830} INFO - Processing file /home/airflow/.local/lib/python3.8/site-packages/airflow/example_dags/tutorial_objectstorage.py for tasks to queue
[2025-11-02T18:25:27.546+0000] {logging_mixin.py:188} INFO - [2025-11-02T18:25:27.544+0000] {dagbag.py:538} INFO - Filling up the DagBag from /home/airflow/.local/lib/python3.8/site-packages/airflow/example_dags/tutorial_objectstorage.py
[2025-11-02T18:25:27.668+0000] {processor.py:840} INFO - DAG(s) 'tutorial_objectstorage' retrieved from /home/airflow/.local/lib/python3.8/site-packages/airflow/example_dags/tutorial_objectstorage.py
[2025-11-02T18:25:27.862+0000] {logging_mixin.py:188} INFO - [2025-11-02T18:25:27.861+0000] {dag.py:3036} INFO - Sync 1 DAGs
[2025-11-02T18:25:28.085+0000] {logging_mixin.py:188} INFO - [2025-11-02T18:25:28.084+0000] {dag.py:3823} INFO - Setting next_dagrun for tutorial_objectstorage to None, run_after=None
[2025-11-02T18:25:28.288+0000] {processor.py:183} INFO - Processing /home/airflow/.local/lib/python3.8/site-packages/airflow/example_dags/tutorial_objectstorage.py took 0.877 seconds
[2025-11-02T18:25:58.559+0000] {processor.py:161} INFO - Started process (PID=228) to work on /home/airflow/.local/lib/python3.8/site-packages/airflow/example_dags/tutorial_objectstorage.py
[2025-11-02T18:25:58.561+0000] {processor.py:830} INFO - Processing file /home/airflow/.local/lib/python3.8/site-packages/airflow/example_dags/tutorial_objectstorage.py for tasks to queue
[2025-11-02T18:25:58.566+0000] {logging_mixin.py:188} INFO - [2025-11-02T18:25:58.566+0000] {dagbag.py:538} INFO - Filling up the DagBag from /home/airflow/.local/lib/python3.8/site-packages/airflow/example_dags/tutorial_objectstorage.py
[2025-11-02T18:25:58.582+0000] {processor.py:840} INFO - DAG(s) 'tutorial_objectstorage' retrieved from /home/airflow/.local/lib/python3.8/site-packages/airflow/example_dags/tutorial_objectstorage.py
[2025-11-02T18:25:58.635+0000] {logging_mixin.py:188} INFO - [2025-11-02T18:25:58.634+0000] {dag.py:3036} INFO - Sync 1 DAGs
[2025-11-02T18:25:58.702+0000] {logging_mixin.py:188} INFO - [2025-11-02T18:25:58.702+0000] {dag.py:3823} INFO - Setting next_dagrun for tutorial_objectstorage to None, run_after=None
[2025-11-02T18:25:58.752+0000] {processor.py:183} INFO - Processing /home/airflow/.local/lib/python3.8/site-packages/airflow/example_dags/tutorial_objectstorage.py took 0.202 seconds
[2025-11-02T18:26:29.455+0000] {processor.py:161} INFO - Started process (PID=283) to work on /home/airflow/.local/lib/python3.8/site-packages/airflow/example_dags/tutorial_objectstorage.py
[2025-11-02T18:26:29.458+0000] {processor.py:830} INFO - Processing file /home/airflow/.local/lib/python3.8/site-packages/airflow/example_dags/tutorial_objectstorage.py for tasks to queue
[2025-11-02T18:26:29.462+0000] {logging_mixin.py:188} INFO - [2025-11-02T18:26:29.462+0000] {dagbag.py:538} INFO - Filling up the DagBag from /home/airflow/.local/lib/python3.8/site-packages/airflow/example_dags/tutorial_objectstorage.py
[2025-11-02T18:26:29.478+0000] {processor.py:840} INFO - DAG(s) 'tutorial_objectstorage' retrieved from /home/airflow/.local/lib/python3.8/site-packages/airflow/example_dags/tutorial_objectstorage.py
[2025-11-02T18:26:29.523+0000] {logging_mixin.py:188} INFO - [2025-11-02T18:26:29.523+0000] {dag.py:3036} INFO - Sync 1 DAGs
[2025-11-02T18:26:29.550+0000] {logging_mixin.py:188} INFO - [2025-11-02T18:26:29.550+0000] {dag.py:3823} INFO - Setting next_dagrun for tutorial_objectstorage to None, run_after=None
[2025-11-02T18:26:29.597+0000] {processor.py:183} INFO - Processing /home/airflow/.local/lib/python3.8/site-packages/airflow/example_dags/tutorial_objectstorage.py took 0.151 seconds
[2025-11-02T18:27:00.288+0000] {processor.py:161} INFO - Started process (PID=338) to work on /home/airflow/.local/lib/python3.8/site-packages/airflow/example_dags/tutorial_objectstorage.py
[2025-11-02T18:27:00.291+0000] {processor.py:830} INFO - Processing file /home/airflow/.local/lib/python3.8/site-packages/airflow/example_dags/tutorial_objectstorage.py for tasks to queue
[2025-11-02T18:27:00.296+0000] {logging_mixin.py:188} INFO - [2025-11-02T18:27:00.295+0000] {dagbag.py:538} INFO - Filling up the DagBag from /home/airflow/.local/lib/python3.8/site-packages/airflow/example_dags/tutorial_objectstorage.py
[2025-11-02T18:27:00.315+0000] {processor.py:840} INFO - DAG(s) 'tutorial_objectstorage' retrieved from /home/airflow/.local/lib/python3.8/site-packages/airflow/example_dags/tutorial_objectstorage.py
[2025-11-02T18:27:00.361+0000] {logging_mixin.py:188} INFO - [2025-11-02T18:27:00.361+0000] {dag.py:3036} INFO - Sync 1 DAGs
[2025-11-02T18:27:00.393+0000] {logging_mixin.py:188} INFO - [2025-11-02T18:27:00.393+0000] {dag.py:3823} INFO - Setting next_dagrun for tutorial_objectstorage to None, run_after=None
[2025-11-02T18:27:00.436+0000] {processor.py:183} INFO - Processing /home/airflow/.local/lib/python3.8/site-packages/airflow/example_dags/tutorial_objectstorage.py took 0.164 seconds
[2025-11-02T18:27:30.806+0000] {processor.py:161} INFO - Started process (PID=393) to work on /home/airflow/.local/lib/python3.8/site-packages/airflow/example_dags/tutorial_objectstorage.py
[2025-11-02T18:27:30.814+0000] {processor.py:830} INFO - Processing file /home/airflow/.local/lib/python3.8/site-packages/airflow/example_dags/tutorial_objectstorage.py for tasks to queue
[2025-11-02T18:27:30.819+0000] {logging_mixin.py:188} INFO - [2025-11-02T18:27:30.819+0000] {dagbag.py:538} INFO - Filling up the DagBag from /home/airflow/.local/lib/python3.8/site-packages/airflow/example_dags/tutorial_objectstorage.py
[2025-11-02T18:27:30.834+0000] {processor.py:840} INFO - DAG(s) 'tutorial_objectstorage' retrieved from /home/airflow/.local/lib/python3.8/site-packages/airflow/example_dags/tutorial_objectstorage.py
[2025-11-02T18:27:30.882+0000] {logging_mixin.py:188} INFO - [2025-11-02T18:27:30.881+0000] {dag.py:3036} INFO - Sync 1 DAGs
[2025-11-02T18:27:30.922+0000] {logging_mixin.py:188} INFO - [2025-11-02T18:27:30.922+0000] {dag.py:3823} INFO - Setting next_dagrun for tutorial_objectstorage to None, run_after=None
[2025-11-02T18:27:30.978+0000] {processor.py:183} INFO - Processing /home/airflow/.local/lib/python3.8/site-packages/airflow/example_dags/tutorial_objectstorage.py took 0.184 seconds
[2025-11-02T18:28:01.480+0000] {processor.py:161} INFO - Started process (PID=448) to work on /home/airflow/.local/lib/python3.8/site-packages/airflow/example_dags/tutorial_objectstorage.py
[2025-11-02T18:28:01.484+0000] {processor.py:830} INFO - Processing file /home/airflow/.local/lib/python3.8/site-packages/airflow/example_dags/tutorial_objectstorage.py for tasks to queue
[2025-11-02T18:28:01.493+0000] {logging_mixin.py:188} INFO - [2025-11-02T18:28:01.492+0000] {dagbag.py:538} INFO - Filling up the DagBag from /home/airflow/.local/lib/python3.8/site-packages/airflow/example_dags/tutorial_objectstorage.py
[2025-11-02T18:28:01.528+0000] {processor.py:840} INFO - DAG(s) 'tutorial_objectstorage' retrieved from /home/airflow/.local/lib/python3.8/site-packages/airflow/example_dags/tutorial_objectstorage.py
[2025-11-02T18:28:01.593+0000] {logging_mixin.py:188} INFO - [2025-11-02T18:28:01.592+0000] {dag.py:3036} INFO - Sync 1 DAGs
[2025-11-02T18:28:01.632+0000] {logging_mixin.py:188} INFO - [2025-11-02T18:28:01.632+0000] {dag.py:3823} INFO - Setting next_dagrun for tutorial_objectstorage to None, run_after=None
[2025-11-02T18:28:01.684+0000] {processor.py:183} INFO - Processing /home/airflow/.local/lib/python3.8/site-packages/airflow/example_dags/tutorial_objectstorage.py took 0.224 seconds
[2025-11-02T18:28:31.883+0000] {processor.py:161} INFO - Started process (PID=503) to work on /home/airflow/.local/lib/python3.8/site-packages/airflow/example_dags/tutorial_objectstorage.py
[2025-11-02T18:28:31.886+0000] {processor.py:830} INFO - Processing file /home/airflow/.local/lib/python3.8/site-packages/airflow/example_dags/tutorial_objectstorage.py for tasks to queue
[2025-11-02T18:28:31.891+0000] {logging_mixin.py:188} INFO - [2025-11-02T18:28:31.890+0000] {dagbag.py:538} INFO - Filling up the DagBag from /home/airflow/.local/lib/python3.8/site-packages/airflow/example_dags/tutorial_objectstorage.py
[2025-11-02T18:28:31.907+0000] {processor.py:840} INFO - DAG(s) 'tutorial_objectstorage' retrieved from /home/airflow/.local/lib/python3.8/site-packages/airflow/example_dags/tutorial_objectstorage.py
[2025-11-02T18:28:31.953+0000] {logging_mixin.py:188} INFO - [2025-11-02T18:28:31.952+0000] {dag.py:3036} INFO - Sync 1 DAGs
[2025-11-02T18:28:31.977+0000] {logging_mixin.py:188} INFO - [2025-11-02T18:28:31.977+0000] {dag.py:3823} INFO - Setting next_dagrun for tutorial_objectstorage to None, run_after=None
[2025-11-02T18:28:32.020+0000] {processor.py:183} INFO - Processing /home/airflow/.local/lib/python3.8/site-packages/airflow/example_dags/tutorial_objectstorage.py took 0.146 seconds
[2025-11-02T18:29:02.387+0000] {processor.py:161} INFO - Started process (PID=559) to work on /home/airflow/.local/lib/python3.8/site-packages/airflow/example_dags/tutorial_objectstorage.py
[2025-11-02T18:29:02.392+0000] {processor.py:830} INFO - Processing file /home/airflow/.local/lib/python3.8/site-packages/airflow/example_dags/tutorial_objectstorage.py for tasks to queue
[2025-11-02T18:29:02.401+0000] {logging_mixin.py:188} INFO - [2025-11-02T18:29:02.400+0000] {dagbag.py:538} INFO - Filling up the DagBag from /home/airflow/.local/lib/python3.8/site-packages/airflow/example_dags/tutorial_objectstorage.py
[2025-11-02T18:29:02.444+0000] {processor.py:840} INFO - DAG(s) 'tutorial_objectstorage' retrieved from /home/airflow/.local/lib/python3.8/site-packages/airflow/example_dags/tutorial_objectstorage.py
[2025-11-02T18:29:02.510+0000] {logging_mixin.py:188} INFO - [2025-11-02T18:29:02.509+0000] {dag.py:3036} INFO - Sync 1 DAGs
[2025-11-02T18:29:02.554+0000] {logging_mixin.py:188} INFO - [2025-11-02T18:29:02.553+0000] {dag.py:3823} INFO - Setting next_dagrun for tutorial_objectstorage to None, run_after=None
[2025-11-02T18:29:02.611+0000] {processor.py:183} INFO - Processing /home/airflow/.local/lib/python3.8/site-packages/airflow/example_dags/tutorial_objectstorage.py took 0.243 seconds
[2025-11-02T18:29:33.296+0000] {processor.py:161} INFO - Started process (PID=614) to work on /home/airflow/.local/lib/python3.8/site-packages/airflow/example_dags/tutorial_objectstorage.py
[2025-11-02T18:29:33.299+0000] {processor.py:830} INFO - Processing file /home/airflow/.local/lib/python3.8/site-packages/airflow/example_dags/tutorial_objectstorage.py for tasks to queue
[2025-11-02T18:29:33.304+0000] {logging_mixin.py:188} INFO - [2025-11-02T18:29:33.303+0000] {dagbag.py:538} INFO - Filling up the DagBag from /home/airflow/.local/lib/python3.8/site-packages/airflow/example_dags/tutorial_objectstorage.py
[2025-11-02T18:29:33.319+0000] {processor.py:840} INFO - DAG(s) 'tutorial_objectstorage' retrieved from /home/airflow/.local/lib/python3.8/site-packages/airflow/example_dags/tutorial_objectstorage.py
[2025-11-02T18:29:33.362+0000] {logging_mixin.py:188} INFO - [2025-11-02T18:29:33.362+0000] {dag.py:3036} INFO - Sync 1 DAGs
[2025-11-02T18:29:33.387+0000] {logging_mixin.py:188} INFO - [2025-11-02T18:29:33.387+0000] {dag.py:3823} INFO - Setting next_dagrun for tutorial_objectstorage to None, run_after=None
[2025-11-02T18:29:33.426+0000] {processor.py:183} INFO - Processing /home/airflow/.local/lib/python3.8/site-packages/airflow/example_dags/tutorial_objectstorage.py took 0.137 seconds
[2025-11-02T18:30:03.613+0000] {processor.py:161} INFO - Started process (PID=669) to work on /home/airflow/.local/lib/python3.8/site-packages/airflow/example_dags/tutorial_objectstorage.py
[2025-11-02T18:30:03.616+0000] {processor.py:830} INFO - Processing file /home/airflow/.local/lib/python3.8/site-packages/airflow/example_dags/tutorial_objectstorage.py for tasks to queue
[2025-11-02T18:30:03.622+0000] {logging_mixin.py:188} INFO - [2025-11-02T18:30:03.621+0000] {dagbag.py:538} INFO - Filling up the DagBag from /home/airflow/.local/lib/python3.8/site-packages/airflow/example_dags/tutorial_objectstorage.py
[2025-11-02T18:30:03.644+0000] {processor.py:840} INFO - DAG(s) 'tutorial_objectstorage' retrieved from /home/airflow/.local/lib/python3.8/site-packages/airflow/example_dags/tutorial_objectstorage.py
[2025-11-02T18:30:03.700+0000] {logging_mixin.py:188} INFO - [2025-11-02T18:30:03.700+0000] {dag.py:3036} INFO - Sync 1 DAGs
[2025-11-02T18:30:03.734+0000] {logging_mixin.py:188} INFO - [2025-11-02T18:30:03.733+0000] {dag.py:3823} INFO - Setting next_dagrun for tutorial_objectstorage to None, run_after=None
[2025-11-02T18:30:03.785+0000] {processor.py:183} INFO - Processing /home/airflow/.local/lib/python3.8/site-packages/airflow/example_dags/tutorial_objectstorage.py took 0.182 seconds
[2025-11-02T18:30:33.876+0000] {processor.py:161} INFO - Started process (PID=724) to work on /home/airflow/.local/lib/python3.8/site-packages/airflow/example_dags/tutorial_objectstorage.py
[2025-11-02T18:30:33.879+0000] {processor.py:830} INFO - Processing file /home/airflow/.local/lib/python3.8/site-packages/airflow/example_dags/tutorial_objectstorage.py for tasks to queue
[2025-11-02T18:30:33.885+0000] {logging_mixin.py:188} INFO - [2025-11-02T18:30:33.884+0000] {dagbag.py:538} INFO - Filling up the DagBag from /home/airflow/.local/lib/python3.8/site-packages/airflow/example_dags/tutorial_objectstorage.py
[2025-11-02T18:30:33.902+0000] {processor.py:840} INFO - DAG(s) 'tutorial_objectstorage' retrieved from /home/airflow/.local/lib/python3.8/site-packages/airflow/example_dags/tutorial_objectstorage.py
[2025-11-02T18:30:33.958+0000] {logging_mixin.py:188} INFO - [2025-11-02T18:30:33.957+0000] {dag.py:3036} INFO - Sync 1 DAGs
[2025-11-02T18:30:33.991+0000] {logging_mixin.py:188} INFO - [2025-11-02T18:30:33.990+0000] {dag.py:3823} INFO - Setting next_dagrun for tutorial_objectstorage to None, run_after=None
[2025-11-02T18:30:34.034+0000] {processor.py:183} INFO - Processing /home/airflow/.local/lib/python3.8/site-packages/airflow/example_dags/tutorial_objectstorage.py took 0.167 seconds
[2025-11-02T18:31:04.284+0000] {processor.py:161} INFO - Started process (PID=779) to work on /home/airflow/.local/lib/python3.8/site-packages/airflow/example_dags/tutorial_objectstorage.py
[2025-11-02T18:31:04.287+0000] {processor.py:830} INFO - Processing file /home/airflow/.local/lib/python3.8/site-packages/airflow/example_dags/tutorial_objectstorage.py for tasks to queue
[2025-11-02T18:31:04.293+0000] {logging_mixin.py:188} INFO - [2025-11-02T18:31:04.292+0000] {dagbag.py:538} INFO - Filling up the DagBag from /home/airflow/.local/lib/python3.8/site-packages/airflow/example_dags/tutorial_objectstorage.py
[2025-11-02T18:31:04.308+0000] {processor.py:840} INFO - DAG(s) 'tutorial_objectstorage' retrieved from /home/airflow/.local/lib/python3.8/site-packages/airflow/example_dags/tutorial_objectstorage.py
[2025-11-02T18:31:04.349+0000] {logging_mixin.py:188} INFO - [2025-11-02T18:31:04.348+0000] {dag.py:3036} INFO - Sync 1 DAGs
[2025-11-02T18:31:04.378+0000] {logging_mixin.py:188} INFO - [2025-11-02T18:31:04.377+0000] {dag.py:3823} INFO - Setting next_dagrun for tutorial_objectstorage to None, run_after=None
[2025-11-02T18:31:04.421+0000] {processor.py:183} INFO - Processing /home/airflow/.local/lib/python3.8/site-packages/airflow/example_dags/tutorial_objectstorage.py took 0.146 seconds
[2025-11-02T18:31:34.652+0000] {processor.py:161} INFO - Started process (PID=834) to work on /home/airflow/.local/lib/python3.8/site-packages/airflow/example_dags/tutorial_objectstorage.py
[2025-11-02T18:31:34.655+0000] {processor.py:830} INFO - Processing file /home/airflow/.local/lib/python3.8/site-packages/airflow/example_dags/tutorial_objectstorage.py for tasks to queue
[2025-11-02T18:31:34.660+0000] {logging_mixin.py:188} INFO - [2025-11-02T18:31:34.659+0000] {dagbag.py:538} INFO - Filling up the DagBag from /home/airflow/.local/lib/python3.8/site-packages/airflow/example_dags/tutorial_objectstorage.py
[2025-11-02T18:31:34.676+0000] {processor.py:840} INFO - DAG(s) 'tutorial_objectstorage' retrieved from /home/airflow/.local/lib/python3.8/site-packages/airflow/example_dags/tutorial_objectstorage.py
[2025-11-02T18:31:34.731+0000] {logging_mixin.py:188} INFO - [2025-11-02T18:31:34.731+0000] {dag.py:3036} INFO - Sync 1 DAGs
[2025-11-02T18:31:34.784+0000] {logging_mixin.py:188} INFO - [2025-11-02T18:31:34.783+0000] {dag.py:3823} INFO - Setting next_dagrun for tutorial_objectstorage to None, run_after=None
[2025-11-02T18:31:34.830+0000] {processor.py:183} INFO - Processing /home/airflow/.local/lib/python3.8/site-packages/airflow/example_dags/tutorial_objectstorage.py took 0.185 seconds
[2025-11-02T18:32:05.533+0000] {processor.py:161} INFO - Started process (PID=889) to work on /home/airflow/.local/lib/python3.8/site-packages/airflow/example_dags/tutorial_objectstorage.py
[2025-11-02T18:32:05.535+0000] {processor.py:830} INFO - Processing file /home/airflow/.local/lib/python3.8/site-packages/airflow/example_dags/tutorial_objectstorage.py for tasks to queue
[2025-11-02T18:32:05.541+0000] {logging_mixin.py:188} INFO - [2025-11-02T18:32:05.540+0000] {dagbag.py:538} INFO - Filling up the DagBag from /home/airflow/.local/lib/python3.8/site-packages/airflow/example_dags/tutorial_objectstorage.py
[2025-11-02T18:32:05.556+0000] {processor.py:840} INFO - DAG(s) 'tutorial_objectstorage' retrieved from /home/airflow/.local/lib/python3.8/site-packages/airflow/example_dags/tutorial_objectstorage.py
[2025-11-02T18:32:05.598+0000] {logging_mixin.py:188} INFO - [2025-11-02T18:32:05.597+0000] {dag.py:3036} INFO - Sync 1 DAGs
[2025-11-02T18:32:05.622+0000] {logging_mixin.py:188} INFO - [2025-11-02T18:32:05.622+0000] {dag.py:3823} INFO - Setting next_dagrun for tutorial_objectstorage to None, run_after=None
[2025-11-02T18:32:05.663+0000] {processor.py:183} INFO - Processing /home/airflow/.local/lib/python3.8/site-packages/airflow/example_dags/tutorial_objectstorage.py took 0.139 seconds
[2025-11-02T18:32:35.962+0000] {processor.py:161} INFO - Started process (PID=943) to work on /home/airflow/.local/lib/python3.8/site-packages/airflow/example_dags/tutorial_objectstorage.py
[2025-11-02T18:32:35.968+0000] {processor.py:830} INFO - Processing file /home/airflow/.local/lib/python3.8/site-packages/airflow/example_dags/tutorial_objectstorage.py for tasks to queue
[2025-11-02T18:32:35.976+0000] {logging_mixin.py:188} INFO - [2025-11-02T18:32:35.975+0000] {dagbag.py:538} INFO - Filling up the DagBag from /home/airflow/.local/lib/python3.8/site-packages/airflow/example_dags/tutorial_objectstorage.py
[2025-11-02T18:32:36.003+0000] {processor.py:840} INFO - DAG(s) 'tutorial_objectstorage' retrieved from /home/airflow/.local/lib/python3.8/site-packages/airflow/example_dags/tutorial_objectstorage.py
[2025-11-02T18:32:36.072+0000] {logging_mixin.py:188} INFO - [2025-11-02T18:32:36.072+0000] {dag.py:3036} INFO - Sync 1 DAGs
[2025-11-02T18:32:36.116+0000] {logging_mixin.py:188} INFO - [2025-11-02T18:32:36.116+0000] {dag.py:3823} INFO - Setting next_dagrun for tutorial_objectstorage to None, run_after=None
[2025-11-02T18:32:36.183+0000] {processor.py:183} INFO - Processing /home/airflow/.local/lib/python3.8/site-packages/airflow/example_dags/tutorial_objectstorage.py took 0.242 seconds
[2025-11-02T18:33:06.865+0000] {processor.py:161} INFO - Started process (PID=998) to work on /home/airflow/.local/lib/python3.8/site-packages/airflow/example_dags/tutorial_objectstorage.py
[2025-11-02T18:33:06.869+0000] {processor.py:830} INFO - Processing file /home/airflow/.local/lib/python3.8/site-packages/airflow/example_dags/tutorial_objectstorage.py for tasks to queue
[2025-11-02T18:33:06.876+0000] {logging_mixin.py:188} INFO - [2025-11-02T18:33:06.875+0000] {dagbag.py:538} INFO - Filling up the DagBag from /home/airflow/.local/lib/python3.8/site-packages/airflow/example_dags/tutorial_objectstorage.py
[2025-11-02T18:33:06.899+0000] {processor.py:840} INFO - DAG(s) 'tutorial_objectstorage' retrieved from /home/airflow/.local/lib/python3.8/site-packages/airflow/example_dags/tutorial_objectstorage.py
[2025-11-02T18:33:06.953+0000] {logging_mixin.py:188} INFO - [2025-11-02T18:33:06.952+0000] {dag.py:3036} INFO - Sync 1 DAGs
[2025-11-02T18:33:06.984+0000] {logging_mixin.py:188} INFO - [2025-11-02T18:33:06.983+0000] {dag.py:3823} INFO - Setting next_dagrun for tutorial_objectstorage to None, run_after=None
[2025-11-02T18:33:07.029+0000] {processor.py:183} INFO - Processing /home/airflow/.local/lib/python3.8/site-packages/airflow/example_dags/tutorial_objectstorage.py took 0.173 seconds
[2025-11-02T18:33:37.224+0000] {processor.py:161} INFO - Started process (PID=1053) to work on /home/airflow/.local/lib/python3.8/site-packages/airflow/example_dags/tutorial_objectstorage.py
[2025-11-02T18:33:37.228+0000] {processor.py:830} INFO - Processing file /home/airflow/.local/lib/python3.8/site-packages/airflow/example_dags/tutorial_objectstorage.py for tasks to queue
[2025-11-02T18:33:37.236+0000] {logging_mixin.py:188} INFO - [2025-11-02T18:33:37.235+0000] {dagbag.py:538} INFO - Filling up the DagBag from /home/airflow/.local/lib/python3.8/site-packages/airflow/example_dags/tutorial_objectstorage.py
[2025-11-02T18:33:37.261+0000] {processor.py:840} INFO - DAG(s) 'tutorial_objectstorage' retrieved from /home/airflow/.local/lib/python3.8/site-packages/airflow/example_dags/tutorial_objectstorage.py
[2025-11-02T18:33:37.325+0000] {logging_mixin.py:188} INFO - [2025-11-02T18:33:37.325+0000] {dag.py:3036} INFO - Sync 1 DAGs
[2025-11-02T18:33:37.370+0000] {logging_mixin.py:188} INFO - [2025-11-02T18:33:37.369+0000] {dag.py:3823} INFO - Setting next_dagrun for tutorial_objectstorage to None, run_after=None
[2025-11-02T18:33:37.419+0000] {processor.py:183} INFO - Processing /home/airflow/.local/lib/python3.8/site-packages/airflow/example_dags/tutorial_objectstorage.py took 0.214 seconds
[2025-11-02T18:34:07.885+0000] {processor.py:161} INFO - Started process (PID=1106) to work on /home/airflow/.local/lib/python3.8/site-packages/airflow/example_dags/tutorial_objectstorage.py
[2025-11-02T18:34:07.889+0000] {processor.py:830} INFO - Processing file /home/airflow/.local/lib/python3.8/site-packages/airflow/example_dags/tutorial_objectstorage.py for tasks to queue
[2025-11-02T18:34:07.894+0000] {logging_mixin.py:188} INFO - [2025-11-02T18:34:07.894+0000] {dagbag.py:538} INFO - Filling up the DagBag from /home/airflow/.local/lib/python3.8/site-packages/airflow/example_dags/tutorial_objectstorage.py
[2025-11-02T18:34:07.920+0000] {processor.py:840} INFO - DAG(s) 'tutorial_objectstorage' retrieved from /home/airflow/.local/lib/python3.8/site-packages/airflow/example_dags/tutorial_objectstorage.py
[2025-11-02T18:34:08.022+0000] {logging_mixin.py:188} INFO - [2025-11-02T18:34:08.022+0000] {dag.py:3036} INFO - Sync 1 DAGs
[2025-11-02T18:34:08.081+0000] {logging_mixin.py:188} INFO - [2025-11-02T18:34:08.081+0000] {dag.py:3823} INFO - Setting next_dagrun for tutorial_objectstorage to None, run_after=None
[2025-11-02T18:34:08.135+0000] {processor.py:183} INFO - Processing /home/airflow/.local/lib/python3.8/site-packages/airflow/example_dags/tutorial_objectstorage.py took 0.271 seconds
[2025-11-02T18:34:38.778+0000] {processor.py:161} INFO - Started process (PID=1161) to work on /home/airflow/.local/lib/python3.8/site-packages/airflow/example_dags/tutorial_objectstorage.py
[2025-11-02T18:34:38.781+0000] {processor.py:830} INFO - Processing file /home/airflow/.local/lib/python3.8/site-packages/airflow/example_dags/tutorial_objectstorage.py for tasks to queue
[2025-11-02T18:34:38.787+0000] {logging_mixin.py:188} INFO - [2025-11-02T18:34:38.786+0000] {dagbag.py:538} INFO - Filling up the DagBag from /home/airflow/.local/lib/python3.8/site-packages/airflow/example_dags/tutorial_objectstorage.py
[2025-11-02T18:34:38.809+0000] {processor.py:840} INFO - DAG(s) 'tutorial_objectstorage' retrieved from /home/airflow/.local/lib/python3.8/site-packages/airflow/example_dags/tutorial_objectstorage.py
[2025-11-02T18:34:38.862+0000] {logging_mixin.py:188} INFO - [2025-11-02T18:34:38.862+0000] {dag.py:3036} INFO - Sync 1 DAGs
[2025-11-02T18:34:38.894+0000] {logging_mixin.py:188} INFO - [2025-11-02T18:34:38.894+0000] {dag.py:3823} INFO - Setting next_dagrun for tutorial_objectstorage to None, run_after=None
[2025-11-02T18:34:38.939+0000] {processor.py:183} INFO - Processing /home/airflow/.local/lib/python3.8/site-packages/airflow/example_dags/tutorial_objectstorage.py took 0.171 seconds
[2025-11-02T18:35:09.121+0000] {processor.py:161} INFO - Started process (PID=1217) to work on /home/airflow/.local/lib/python3.8/site-packages/airflow/example_dags/tutorial_objectstorage.py
[2025-11-02T18:35:09.129+0000] {processor.py:830} INFO - Processing file /home/airflow/.local/lib/python3.8/site-packages/airflow/example_dags/tutorial_objectstorage.py for tasks to queue
[2025-11-02T18:35:09.134+0000] {logging_mixin.py:188} INFO - [2025-11-02T18:35:09.134+0000] {dagbag.py:538} INFO - Filling up the DagBag from /home/airflow/.local/lib/python3.8/site-packages/airflow/example_dags/tutorial_objectstorage.py
[2025-11-02T18:35:09.152+0000] {processor.py:840} INFO - DAG(s) 'tutorial_objectstorage' retrieved from /home/airflow/.local/lib/python3.8/site-packages/airflow/example_dags/tutorial_objectstorage.py
[2025-11-02T18:35:09.202+0000] {logging_mixin.py:188} INFO - [2025-11-02T18:35:09.202+0000] {dag.py:3036} INFO - Sync 1 DAGs
[2025-11-02T18:35:09.237+0000] {logging_mixin.py:188} INFO - [2025-11-02T18:35:09.236+0000] {dag.py:3823} INFO - Setting next_dagrun for tutorial_objectstorage to None, run_after=None
[2025-11-02T18:35:09.302+0000] {processor.py:183} INFO - Processing /home/airflow/.local/lib/python3.8/site-packages/airflow/example_dags/tutorial_objectstorage.py took 0.197 seconds
[2025-11-02T18:35:40.597+0000] {processor.py:161} INFO - Started process (PID=1272) to work on /home/airflow/.local/lib/python3.8/site-packages/airflow/example_dags/tutorial_objectstorage.py
[2025-11-02T18:35:40.601+0000] {processor.py:830} INFO - Processing file /home/airflow/.local/lib/python3.8/site-packages/airflow/example_dags/tutorial_objectstorage.py for tasks to queue
[2025-11-02T18:35:40.615+0000] {logging_mixin.py:188} INFO - [2025-11-02T18:35:40.614+0000] {dagbag.py:538} INFO - Filling up the DagBag from /home/airflow/.local/lib/python3.8/site-packages/airflow/example_dags/tutorial_objectstorage.py
[2025-11-02T18:35:40.814+0000] {processor.py:840} INFO - DAG(s) 'tutorial_objectstorage' retrieved from /home/airflow/.local/lib/python3.8/site-packages/airflow/example_dags/tutorial_objectstorage.py
[2025-11-02T18:35:41.022+0000] {logging_mixin.py:188} INFO - [2025-11-02T18:35:41.021+0000] {dag.py:3036} INFO - Sync 1 DAGs
[2025-11-02T18:35:41.080+0000] {logging_mixin.py:188} INFO - [2025-11-02T18:35:41.079+0000] {dag.py:3823} INFO - Setting next_dagrun for tutorial_objectstorage to None, run_after=None
[2025-11-02T18:35:41.179+0000] {processor.py:183} INFO - Processing /home/airflow/.local/lib/python3.8/site-packages/airflow/example_dags/tutorial_objectstorage.py took 0.620 seconds
[2025-11-02T18:36:11.835+0000] {processor.py:161} INFO - Started process (PID=1328) to work on /home/airflow/.local/lib/python3.8/site-packages/airflow/example_dags/tutorial_objectstorage.py
[2025-11-02T18:36:11.838+0000] {processor.py:830} INFO - Processing file /home/airflow/.local/lib/python3.8/site-packages/airflow/example_dags/tutorial_objectstorage.py for tasks to queue
[2025-11-02T18:36:11.844+0000] {logging_mixin.py:188} INFO - [2025-11-02T18:36:11.843+0000] {dagbag.py:538} INFO - Filling up the DagBag from /home/airflow/.local/lib/python3.8/site-packages/airflow/example_dags/tutorial_objectstorage.py
[2025-11-02T18:36:11.872+0000] {processor.py:840} INFO - DAG(s) 'tutorial_objectstorage' retrieved from /home/airflow/.local/lib/python3.8/site-packages/airflow/example_dags/tutorial_objectstorage.py
[2025-11-02T18:36:11.948+0000] {logging_mixin.py:188} INFO - [2025-11-02T18:36:11.946+0000] {dag.py:3036} INFO - Sync 1 DAGs
[2025-11-02T18:36:11.987+0000] {logging_mixin.py:188} INFO - [2025-11-02T18:36:11.986+0000] {dag.py:3823} INFO - Setting next_dagrun for tutorial_objectstorage to None, run_after=None
[2025-11-02T18:36:12.047+0000] {processor.py:183} INFO - Processing /home/airflow/.local/lib/python3.8/site-packages/airflow/example_dags/tutorial_objectstorage.py took 0.224 seconds
[2025-11-02T18:36:42.696+0000] {processor.py:161} INFO - Started process (PID=1382) to work on /home/airflow/.local/lib/python3.8/site-packages/airflow/example_dags/tutorial_objectstorage.py
[2025-11-02T18:36:42.700+0000] {processor.py:830} INFO - Processing file /home/airflow/.local/lib/python3.8/site-packages/airflow/example_dags/tutorial_objectstorage.py for tasks to queue
[2025-11-02T18:36:42.705+0000] {logging_mixin.py:188} INFO - [2025-11-02T18:36:42.705+0000] {dagbag.py:538} INFO - Filling up the DagBag from /home/airflow/.local/lib/python3.8/site-packages/airflow/example_dags/tutorial_objectstorage.py
[2025-11-02T18:36:42.726+0000] {processor.py:840} INFO - DAG(s) 'tutorial_objectstorage' retrieved from /home/airflow/.local/lib/python3.8/site-packages/airflow/example_dags/tutorial_objectstorage.py
[2025-11-02T18:36:42.852+0000] {logging_mixin.py:188} INFO - [2025-11-02T18:36:42.851+0000] {dag.py:3036} INFO - Sync 1 DAGs
[2025-11-02T18:36:42.940+0000] {logging_mixin.py:188} INFO - [2025-11-02T18:36:42.939+0000] {dag.py:3823} INFO - Setting next_dagrun for tutorial_objectstorage to None, run_after=None
[2025-11-02T18:36:43.018+0000] {processor.py:183} INFO - Processing /home/airflow/.local/lib/python3.8/site-packages/airflow/example_dags/tutorial_objectstorage.py took 0.337 seconds
[2025-11-02T18:37:13.655+0000] {processor.py:161} INFO - Started process (PID=1437) to work on /home/airflow/.local/lib/python3.8/site-packages/airflow/example_dags/tutorial_objectstorage.py
[2025-11-02T18:37:13.659+0000] {processor.py:830} INFO - Processing file /home/airflow/.local/lib/python3.8/site-packages/airflow/example_dags/tutorial_objectstorage.py for tasks to queue
[2025-11-02T18:37:13.679+0000] {logging_mixin.py:188} INFO - [2025-11-02T18:37:13.678+0000] {dagbag.py:538} INFO - Filling up the DagBag from /home/airflow/.local/lib/python3.8/site-packages/airflow/example_dags/tutorial_objectstorage.py
[2025-11-02T18:37:13.711+0000] {processor.py:840} INFO - DAG(s) 'tutorial_objectstorage' retrieved from /home/airflow/.local/lib/python3.8/site-packages/airflow/example_dags/tutorial_objectstorage.py
[2025-11-02T18:37:13.792+0000] {logging_mixin.py:188} INFO - [2025-11-02T18:37:13.791+0000] {dag.py:3036} INFO - Sync 1 DAGs
[2025-11-02T18:37:13.841+0000] {logging_mixin.py:188} INFO - [2025-11-02T18:37:13.840+0000] {dag.py:3823} INFO - Setting next_dagrun for tutorial_objectstorage to None, run_after=None
[2025-11-02T18:37:13.911+0000] {processor.py:183} INFO - Processing /home/airflow/.local/lib/python3.8/site-packages/airflow/example_dags/tutorial_objectstorage.py took 0.269 seconds
[2025-11-02T18:37:44.539+0000] {processor.py:161} INFO - Started process (PID=1493) to work on /home/airflow/.local/lib/python3.8/site-packages/airflow/example_dags/tutorial_objectstorage.py
[2025-11-02T18:37:44.545+0000] {processor.py:830} INFO - Processing file /home/airflow/.local/lib/python3.8/site-packages/airflow/example_dags/tutorial_objectstorage.py for tasks to queue
[2025-11-02T18:37:44.552+0000] {logging_mixin.py:188} INFO - [2025-11-02T18:37:44.551+0000] {dagbag.py:538} INFO - Filling up the DagBag from /home/airflow/.local/lib/python3.8/site-packages/airflow/example_dags/tutorial_objectstorage.py
[2025-11-02T18:37:44.574+0000] {processor.py:840} INFO - DAG(s) 'tutorial_objectstorage' retrieved from /home/airflow/.local/lib/python3.8/site-packages/airflow/example_dags/tutorial_objectstorage.py
[2025-11-02T18:37:44.635+0000] {logging_mixin.py:188} INFO - [2025-11-02T18:37:44.635+0000] {dag.py:3036} INFO - Sync 1 DAGs
[2025-11-02T18:37:44.675+0000] {logging_mixin.py:188} INFO - [2025-11-02T18:37:44.674+0000] {dag.py:3823} INFO - Setting next_dagrun for tutorial_objectstorage to None, run_after=None
[2025-11-02T18:37:44.743+0000] {processor.py:183} INFO - Processing /home/airflow/.local/lib/python3.8/site-packages/airflow/example_dags/tutorial_objectstorage.py took 0.215 seconds
[2025-11-02T18:38:14.853+0000] {processor.py:161} INFO - Started process (PID=1548) to work on /home/airflow/.local/lib/python3.8/site-packages/airflow/example_dags/tutorial_objectstorage.py
[2025-11-02T18:38:14.856+0000] {processor.py:830} INFO - Processing file /home/airflow/.local/lib/python3.8/site-packages/airflow/example_dags/tutorial_objectstorage.py for tasks to queue
[2025-11-02T18:38:14.864+0000] {logging_mixin.py:188} INFO - [2025-11-02T18:38:14.863+0000] {dagbag.py:538} INFO - Filling up the DagBag from /home/airflow/.local/lib/python3.8/site-packages/airflow/example_dags/tutorial_objectstorage.py
[2025-11-02T18:38:14.884+0000] {processor.py:840} INFO - DAG(s) 'tutorial_objectstorage' retrieved from /home/airflow/.local/lib/python3.8/site-packages/airflow/example_dags/tutorial_objectstorage.py
[2025-11-02T18:38:14.986+0000] {logging_mixin.py:188} INFO - [2025-11-02T18:38:14.985+0000] {dag.py:3036} INFO - Sync 1 DAGs
[2025-11-02T18:38:15.050+0000] {logging_mixin.py:188} INFO - [2025-11-02T18:38:15.049+0000] {dag.py:3823} INFO - Setting next_dagrun for tutorial_objectstorage to None, run_after=None
[2025-11-02T18:38:15.144+0000] {processor.py:183} INFO - Processing /home/airflow/.local/lib/python3.8/site-packages/airflow/example_dags/tutorial_objectstorage.py took 0.301 seconds
[2025-11-02T18:38:45.464+0000] {processor.py:161} INFO - Started process (PID=1603) to work on /home/airflow/.local/lib/python3.8/site-packages/airflow/example_dags/tutorial_objectstorage.py
[2025-11-02T18:38:45.470+0000] {processor.py:830} INFO - Processing file /home/airflow/.local/lib/python3.8/site-packages/airflow/example_dags/tutorial_objectstorage.py for tasks to queue
[2025-11-02T18:38:45.476+0000] {logging_mixin.py:188} INFO - [2025-11-02T18:38:45.475+0000] {dagbag.py:538} INFO - Filling up the DagBag from /home/airflow/.local/lib/python3.8/site-packages/airflow/example_dags/tutorial_objectstorage.py
[2025-11-02T18:38:45.500+0000] {processor.py:840} INFO - DAG(s) 'tutorial_objectstorage' retrieved from /home/airflow/.local/lib/python3.8/site-packages/airflow/example_dags/tutorial_objectstorage.py
[2025-11-02T18:38:45.589+0000] {logging_mixin.py:188} INFO - [2025-11-02T18:38:45.588+0000] {dag.py:3036} INFO - Sync 1 DAGs
[2025-11-02T18:38:45.631+0000] {logging_mixin.py:188} INFO - [2025-11-02T18:38:45.630+0000] {dag.py:3823} INFO - Setting next_dagrun for tutorial_objectstorage to None, run_after=None
[2025-11-02T18:38:45.700+0000] {processor.py:183} INFO - Processing /home/airflow/.local/lib/python3.8/site-packages/airflow/example_dags/tutorial_objectstorage.py took 0.254 seconds
[2025-11-02T18:39:19.132+0000] {processor.py:161} INFO - Started process (PID=1664) to work on /home/airflow/.local/lib/python3.8/site-packages/airflow/example_dags/tutorial_objectstorage.py
[2025-11-02T18:39:19.144+0000] {processor.py:830} INFO - Processing file /home/airflow/.local/lib/python3.8/site-packages/airflow/example_dags/tutorial_objectstorage.py for tasks to queue
[2025-11-02T18:39:19.156+0000] {logging_mixin.py:188} INFO - [2025-11-02T18:39:19.154+0000] {dagbag.py:538} INFO - Filling up the DagBag from /home/airflow/.local/lib/python3.8/site-packages/airflow/example_dags/tutorial_objectstorage.py
[2025-11-02T18:39:19.256+0000] {processor.py:840} INFO - DAG(s) 'tutorial_objectstorage' retrieved from /home/airflow/.local/lib/python3.8/site-packages/airflow/example_dags/tutorial_objectstorage.py
[2025-11-02T18:39:19.488+0000] {logging_mixin.py:188} INFO - [2025-11-02T18:39:19.487+0000] {dag.py:3036} INFO - Sync 1 DAGs
[2025-11-02T18:39:19.704+0000] {logging_mixin.py:188} INFO - [2025-11-02T18:39:19.704+0000] {dag.py:3823} INFO - Setting next_dagrun for tutorial_objectstorage to None, run_after=None
[2025-11-02T18:39:19.865+0000] {processor.py:183} INFO - Processing /home/airflow/.local/lib/python3.8/site-packages/airflow/example_dags/tutorial_objectstorage.py took 0.767 seconds
[2025-11-02T18:39:56.013+0000] {processor.py:161} INFO - Started process (PID=1718) to work on /home/airflow/.local/lib/python3.8/site-packages/airflow/example_dags/tutorial_objectstorage.py
[2025-11-02T18:39:56.018+0000] {processor.py:830} INFO - Processing file /home/airflow/.local/lib/python3.8/site-packages/airflow/example_dags/tutorial_objectstorage.py for tasks to queue
[2025-11-02T18:39:56.025+0000] {logging_mixin.py:188} INFO - [2025-11-02T18:39:56.024+0000] {dagbag.py:538} INFO - Filling up the DagBag from /home/airflow/.local/lib/python3.8/site-packages/airflow/example_dags/tutorial_objectstorage.py
[2025-11-02T18:39:56.047+0000] {processor.py:840} INFO - DAG(s) 'tutorial_objectstorage' retrieved from /home/airflow/.local/lib/python3.8/site-packages/airflow/example_dags/tutorial_objectstorage.py
[2025-11-02T18:39:56.107+0000] {logging_mixin.py:188} INFO - [2025-11-02T18:39:56.106+0000] {dag.py:3036} INFO - Sync 1 DAGs
[2025-11-02T18:39:56.146+0000] {logging_mixin.py:188} INFO - [2025-11-02T18:39:56.145+0000] {dag.py:3823} INFO - Setting next_dagrun for tutorial_objectstorage to None, run_after=None
[2025-11-02T18:39:56.203+0000] {processor.py:183} INFO - Processing /home/airflow/.local/lib/python3.8/site-packages/airflow/example_dags/tutorial_objectstorage.py took 0.205 seconds
[2025-11-02T18:40:27.346+0000] {processor.py:161} INFO - Started process (PID=1774) to work on /home/airflow/.local/lib/python3.8/site-packages/airflow/example_dags/tutorial_objectstorage.py
[2025-11-02T18:40:27.359+0000] {processor.py:830} INFO - Processing file /home/airflow/.local/lib/python3.8/site-packages/airflow/example_dags/tutorial_objectstorage.py for tasks to queue
[2025-11-02T18:40:27.380+0000] {logging_mixin.py:188} INFO - [2025-11-02T18:40:27.379+0000] {dagbag.py:538} INFO - Filling up the DagBag from /home/airflow/.local/lib/python3.8/site-packages/airflow/example_dags/tutorial_objectstorage.py
[2025-11-02T18:40:27.423+0000] {processor.py:840} INFO - DAG(s) 'tutorial_objectstorage' retrieved from /home/airflow/.local/lib/python3.8/site-packages/airflow/example_dags/tutorial_objectstorage.py
[2025-11-02T18:40:27.506+0000] {logging_mixin.py:188} INFO - [2025-11-02T18:40:27.505+0000] {dag.py:3036} INFO - Sync 1 DAGs
[2025-11-02T18:40:27.565+0000] {logging_mixin.py:188} INFO - [2025-11-02T18:40:27.560+0000] {dag.py:3823} INFO - Setting next_dagrun for tutorial_objectstorage to None, run_after=None
[2025-11-02T18:40:27.690+0000] {processor.py:183} INFO - Processing /home/airflow/.local/lib/python3.8/site-packages/airflow/example_dags/tutorial_objectstorage.py took 0.368 seconds
[2025-11-02T18:40:57.951+0000] {processor.py:161} INFO - Started process (PID=1828) to work on /home/airflow/.local/lib/python3.8/site-packages/airflow/example_dags/tutorial_objectstorage.py
[2025-11-02T18:40:57.966+0000] {processor.py:830} INFO - Processing file /home/airflow/.local/lib/python3.8/site-packages/airflow/example_dags/tutorial_objectstorage.py for tasks to queue
[2025-11-02T18:40:57.997+0000] {logging_mixin.py:188} INFO - [2025-11-02T18:40:57.985+0000] {dagbag.py:538} INFO - Filling up the DagBag from /home/airflow/.local/lib/python3.8/site-packages/airflow/example_dags/tutorial_objectstorage.py
[2025-11-02T18:40:58.045+0000] {processor.py:840} INFO - DAG(s) 'tutorial_objectstorage' retrieved from /home/airflow/.local/lib/python3.8/site-packages/airflow/example_dags/tutorial_objectstorage.py
[2025-11-02T18:40:58.153+0000] {logging_mixin.py:188} INFO - [2025-11-02T18:40:58.152+0000] {dag.py:3036} INFO - Sync 1 DAGs
[2025-11-02T18:40:58.223+0000] {logging_mixin.py:188} INFO - [2025-11-02T18:40:58.222+0000] {dag.py:3823} INFO - Setting next_dagrun for tutorial_objectstorage to None, run_after=None
[2025-11-02T18:40:58.323+0000] {processor.py:183} INFO - Processing /home/airflow/.local/lib/python3.8/site-packages/airflow/example_dags/tutorial_objectstorage.py took 0.403 seconds
[2025-11-02T18:41:28.854+0000] {processor.py:161} INFO - Started process (PID=1883) to work on /home/airflow/.local/lib/python3.8/site-packages/airflow/example_dags/tutorial_objectstorage.py
[2025-11-02T18:41:28.861+0000] {processor.py:830} INFO - Processing file /home/airflow/.local/lib/python3.8/site-packages/airflow/example_dags/tutorial_objectstorage.py for tasks to queue
[2025-11-02T18:41:28.867+0000] {logging_mixin.py:188} INFO - [2025-11-02T18:41:28.866+0000] {dagbag.py:538} INFO - Filling up the DagBag from /home/airflow/.local/lib/python3.8/site-packages/airflow/example_dags/tutorial_objectstorage.py
[2025-11-02T18:41:28.897+0000] {processor.py:840} INFO - DAG(s) 'tutorial_objectstorage' retrieved from /home/airflow/.local/lib/python3.8/site-packages/airflow/example_dags/tutorial_objectstorage.py
[2025-11-02T18:41:28.971+0000] {logging_mixin.py:188} INFO - [2025-11-02T18:41:28.970+0000] {dag.py:3036} INFO - Sync 1 DAGs
[2025-11-02T18:41:29.026+0000] {logging_mixin.py:188} INFO - [2025-11-02T18:41:29.025+0000] {dag.py:3823} INFO - Setting next_dagrun for tutorial_objectstorage to None, run_after=None
[2025-11-02T18:41:29.091+0000] {processor.py:183} INFO - Processing /home/airflow/.local/lib/python3.8/site-packages/airflow/example_dags/tutorial_objectstorage.py took 0.251 seconds
[2025-11-02T18:42:03.421+0000] {processor.py:161} INFO - Started process (PID=1939) to work on /home/airflow/.local/lib/python3.8/site-packages/airflow/example_dags/tutorial_objectstorage.py
[2025-11-02T18:42:03.426+0000] {processor.py:830} INFO - Processing file /home/airflow/.local/lib/python3.8/site-packages/airflow/example_dags/tutorial_objectstorage.py for tasks to queue
[2025-11-02T18:42:03.432+0000] {logging_mixin.py:188} INFO - [2025-11-02T18:42:03.431+0000] {dagbag.py:538} INFO - Filling up the DagBag from /home/airflow/.local/lib/python3.8/site-packages/airflow/example_dags/tutorial_objectstorage.py
[2025-11-02T18:42:03.458+0000] {processor.py:840} INFO - DAG(s) 'tutorial_objectstorage' retrieved from /home/airflow/.local/lib/python3.8/site-packages/airflow/example_dags/tutorial_objectstorage.py
[2025-11-02T18:42:03.537+0000] {logging_mixin.py:188} INFO - [2025-11-02T18:42:03.536+0000] {dag.py:3036} INFO - Sync 1 DAGs
[2025-11-02T18:42:03.588+0000] {logging_mixin.py:188} INFO - [2025-11-02T18:42:03.586+0000] {dag.py:3823} INFO - Setting next_dagrun for tutorial_objectstorage to None, run_after=None
[2025-11-02T18:42:03.732+0000] {processor.py:183} INFO - Processing /home/airflow/.local/lib/python3.8/site-packages/airflow/example_dags/tutorial_objectstorage.py took 0.343 seconds
[2025-11-02T18:42:33.920+0000] {processor.py:161} INFO - Started process (PID=1994) to work on /home/airflow/.local/lib/python3.8/site-packages/airflow/example_dags/tutorial_objectstorage.py
[2025-11-02T18:42:33.924+0000] {processor.py:830} INFO - Processing file /home/airflow/.local/lib/python3.8/site-packages/airflow/example_dags/tutorial_objectstorage.py for tasks to queue
[2025-11-02T18:42:33.929+0000] {logging_mixin.py:188} INFO - [2025-11-02T18:42:33.928+0000] {dagbag.py:538} INFO - Filling up the DagBag from /home/airflow/.local/lib/python3.8/site-packages/airflow/example_dags/tutorial_objectstorage.py
[2025-11-02T18:42:33.957+0000] {processor.py:840} INFO - DAG(s) 'tutorial_objectstorage' retrieved from /home/airflow/.local/lib/python3.8/site-packages/airflow/example_dags/tutorial_objectstorage.py
[2025-11-02T18:42:34.090+0000] {logging_mixin.py:188} INFO - [2025-11-02T18:42:34.089+0000] {dag.py:3036} INFO - Sync 1 DAGs
[2025-11-02T18:42:34.142+0000] {logging_mixin.py:188} INFO - [2025-11-02T18:42:34.141+0000] {dag.py:3823} INFO - Setting next_dagrun for tutorial_objectstorage to None, run_after=None
[2025-11-02T18:42:34.202+0000] {processor.py:183} INFO - Processing /home/airflow/.local/lib/python3.8/site-packages/airflow/example_dags/tutorial_objectstorage.py took 0.298 seconds
[2025-11-02T18:43:06.228+0000] {processor.py:161} INFO - Started process (PID=2049) to work on /home/airflow/.local/lib/python3.8/site-packages/airflow/example_dags/tutorial_objectstorage.py
[2025-11-02T18:43:06.231+0000] {processor.py:830} INFO - Processing file /home/airflow/.local/lib/python3.8/site-packages/airflow/example_dags/tutorial_objectstorage.py for tasks to queue
[2025-11-02T18:43:06.238+0000] {logging_mixin.py:188} INFO - [2025-11-02T18:43:06.237+0000] {dagbag.py:538} INFO - Filling up the DagBag from /home/airflow/.local/lib/python3.8/site-packages/airflow/example_dags/tutorial_objectstorage.py
[2025-11-02T18:43:06.265+0000] {processor.py:840} INFO - DAG(s) 'tutorial_objectstorage' retrieved from /home/airflow/.local/lib/python3.8/site-packages/airflow/example_dags/tutorial_objectstorage.py
[2025-11-02T18:43:06.326+0000] {logging_mixin.py:188} INFO - [2025-11-02T18:43:06.326+0000] {dag.py:3036} INFO - Sync 1 DAGs
[2025-11-02T18:43:06.372+0000] {logging_mixin.py:188} INFO - [2025-11-02T18:43:06.371+0000] {dag.py:3823} INFO - Setting next_dagrun for tutorial_objectstorage to None, run_after=None
[2025-11-02T18:43:06.512+0000] {processor.py:183} INFO - Processing /home/airflow/.local/lib/python3.8/site-packages/airflow/example_dags/tutorial_objectstorage.py took 0.300 seconds
[2025-11-02T18:43:37.805+0000] {processor.py:161} INFO - Started process (PID=2104) to work on /home/airflow/.local/lib/python3.8/site-packages/airflow/example_dags/tutorial_objectstorage.py
[2025-11-02T18:43:37.815+0000] {processor.py:830} INFO - Processing file /home/airflow/.local/lib/python3.8/site-packages/airflow/example_dags/tutorial_objectstorage.py for tasks to queue
[2025-11-02T18:43:37.834+0000] {logging_mixin.py:188} INFO - [2025-11-02T18:43:37.830+0000] {dagbag.py:538} INFO - Filling up the DagBag from /home/airflow/.local/lib/python3.8/site-packages/airflow/example_dags/tutorial_objectstorage.py
[2025-11-02T18:43:37.874+0000] {processor.py:840} INFO - DAG(s) 'tutorial_objectstorage' retrieved from /home/airflow/.local/lib/python3.8/site-packages/airflow/example_dags/tutorial_objectstorage.py
[2025-11-02T18:43:38.011+0000] {logging_mixin.py:188} INFO - [2025-11-02T18:43:38.010+0000] {dag.py:3036} INFO - Sync 1 DAGs
[2025-11-02T18:43:38.093+0000] {logging_mixin.py:188} INFO - [2025-11-02T18:43:38.092+0000] {dag.py:3823} INFO - Setting next_dagrun for tutorial_objectstorage to None, run_after=None
[2025-11-02T18:43:38.333+0000] {processor.py:183} INFO - Processing /home/airflow/.local/lib/python3.8/site-packages/airflow/example_dags/tutorial_objectstorage.py took 0.574 seconds
[2025-11-02T18:44:09.004+0000] {processor.py:161} INFO - Started process (PID=2159) to work on /home/airflow/.local/lib/python3.8/site-packages/airflow/example_dags/tutorial_objectstorage.py
[2025-11-02T18:44:09.014+0000] {processor.py:830} INFO - Processing file /home/airflow/.local/lib/python3.8/site-packages/airflow/example_dags/tutorial_objectstorage.py for tasks to queue
[2025-11-02T18:44:09.022+0000] {logging_mixin.py:188} INFO - [2025-11-02T18:44:09.020+0000] {dagbag.py:538} INFO - Filling up the DagBag from /home/airflow/.local/lib/python3.8/site-packages/airflow/example_dags/tutorial_objectstorage.py
[2025-11-02T18:44:09.047+0000] {processor.py:840} INFO - DAG(s) 'tutorial_objectstorage' retrieved from /home/airflow/.local/lib/python3.8/site-packages/airflow/example_dags/tutorial_objectstorage.py
[2025-11-02T18:44:09.133+0000] {logging_mixin.py:188} INFO - [2025-11-02T18:44:09.133+0000] {dag.py:3036} INFO - Sync 1 DAGs
[2025-11-02T18:44:09.217+0000] {logging_mixin.py:188} INFO - [2025-11-02T18:44:09.217+0000] {dag.py:3823} INFO - Setting next_dagrun for tutorial_objectstorage to None, run_after=None
[2025-11-02T18:44:09.275+0000] {processor.py:183} INFO - Processing /home/airflow/.local/lib/python3.8/site-packages/airflow/example_dags/tutorial_objectstorage.py took 0.284 seconds
[2025-11-02T18:44:40.835+0000] {processor.py:161} INFO - Started process (PID=2212) to work on /home/airflow/.local/lib/python3.8/site-packages/airflow/example_dags/tutorial_objectstorage.py
[2025-11-02T18:44:40.858+0000] {processor.py:830} INFO - Processing file /home/airflow/.local/lib/python3.8/site-packages/airflow/example_dags/tutorial_objectstorage.py for tasks to queue
[2025-11-02T18:44:40.873+0000] {logging_mixin.py:188} INFO - [2025-11-02T18:44:40.872+0000] {dagbag.py:538} INFO - Filling up the DagBag from /home/airflow/.local/lib/python3.8/site-packages/airflow/example_dags/tutorial_objectstorage.py
[2025-11-02T18:44:40.931+0000] {processor.py:840} INFO - DAG(s) 'tutorial_objectstorage' retrieved from /home/airflow/.local/lib/python3.8/site-packages/airflow/example_dags/tutorial_objectstorage.py
[2025-11-02T18:44:41.201+0000] {logging_mixin.py:188} INFO - [2025-11-02T18:44:41.200+0000] {dag.py:3036} INFO - Sync 1 DAGs
[2025-11-02T18:44:41.366+0000] {logging_mixin.py:188} INFO - [2025-11-02T18:44:41.366+0000] {dag.py:3823} INFO - Setting next_dagrun for tutorial_objectstorage to None, run_after=None
[2025-11-02T18:44:41.640+0000] {processor.py:183} INFO - Processing /home/airflow/.local/lib/python3.8/site-packages/airflow/example_dags/tutorial_objectstorage.py took 0.823 seconds
[2025-11-02T18:45:12.091+0000] {processor.py:161} INFO - Started process (PID=2267) to work on /home/airflow/.local/lib/python3.8/site-packages/airflow/example_dags/tutorial_objectstorage.py
[2025-11-02T18:45:12.094+0000] {processor.py:830} INFO - Processing file /home/airflow/.local/lib/python3.8/site-packages/airflow/example_dags/tutorial_objectstorage.py for tasks to queue
[2025-11-02T18:45:12.099+0000] {logging_mixin.py:188} INFO - [2025-11-02T18:45:12.098+0000] {dagbag.py:538} INFO - Filling up the DagBag from /home/airflow/.local/lib/python3.8/site-packages/airflow/example_dags/tutorial_objectstorage.py
[2025-11-02T18:45:12.116+0000] {processor.py:840} INFO - DAG(s) 'tutorial_objectstorage' retrieved from /home/airflow/.local/lib/python3.8/site-packages/airflow/example_dags/tutorial_objectstorage.py
[2025-11-02T18:45:12.164+0000] {logging_mixin.py:188} INFO - [2025-11-02T18:45:12.163+0000] {dag.py:3036} INFO - Sync 1 DAGs
[2025-11-02T18:45:12.188+0000] {logging_mixin.py:188} INFO - [2025-11-02T18:45:12.188+0000] {dag.py:3823} INFO - Setting next_dagrun for tutorial_objectstorage to None, run_after=None
[2025-11-02T18:45:12.230+0000] {processor.py:183} INFO - Processing /home/airflow/.local/lib/python3.8/site-packages/airflow/example_dags/tutorial_objectstorage.py took 0.148 seconds
[2025-11-02T18:45:42.462+0000] {processor.py:161} INFO - Started process (PID=2322) to work on /home/airflow/.local/lib/python3.8/site-packages/airflow/example_dags/tutorial_objectstorage.py
[2025-11-02T18:45:42.465+0000] {processor.py:830} INFO - Processing file /home/airflow/.local/lib/python3.8/site-packages/airflow/example_dags/tutorial_objectstorage.py for tasks to queue
[2025-11-02T18:45:42.472+0000] {logging_mixin.py:188} INFO - [2025-11-02T18:45:42.471+0000] {dagbag.py:538} INFO - Filling up the DagBag from /home/airflow/.local/lib/python3.8/site-packages/airflow/example_dags/tutorial_objectstorage.py
[2025-11-02T18:45:42.489+0000] {processor.py:840} INFO - DAG(s) 'tutorial_objectstorage' retrieved from /home/airflow/.local/lib/python3.8/site-packages/airflow/example_dags/tutorial_objectstorage.py
[2025-11-02T18:45:42.534+0000] {logging_mixin.py:188} INFO - [2025-11-02T18:45:42.534+0000] {dag.py:3036} INFO - Sync 1 DAGs
[2025-11-02T18:45:42.560+0000] {logging_mixin.py:188} INFO - [2025-11-02T18:45:42.559+0000] {dag.py:3823} INFO - Setting next_dagrun for tutorial_objectstorage to None, run_after=None
[2025-11-02T18:45:42.605+0000] {processor.py:183} INFO - Processing /home/airflow/.local/lib/python3.8/site-packages/airflow/example_dags/tutorial_objectstorage.py took 0.151 seconds
[2025-11-02T18:46:12.966+0000] {processor.py:161} INFO - Started process (PID=2377) to work on /home/airflow/.local/lib/python3.8/site-packages/airflow/example_dags/tutorial_objectstorage.py
[2025-11-02T18:46:12.969+0000] {processor.py:830} INFO - Processing file /home/airflow/.local/lib/python3.8/site-packages/airflow/example_dags/tutorial_objectstorage.py for tasks to queue
[2025-11-02T18:46:12.975+0000] {logging_mixin.py:188} INFO - [2025-11-02T18:46:12.973+0000] {dagbag.py:538} INFO - Filling up the DagBag from /home/airflow/.local/lib/python3.8/site-packages/airflow/example_dags/tutorial_objectstorage.py
[2025-11-02T18:46:12.996+0000] {processor.py:840} INFO - DAG(s) 'tutorial_objectstorage' retrieved from /home/airflow/.local/lib/python3.8/site-packages/airflow/example_dags/tutorial_objectstorage.py
[2025-11-02T18:46:13.062+0000] {logging_mixin.py:188} INFO - [2025-11-02T18:46:13.061+0000] {dag.py:3036} INFO - Sync 1 DAGs
[2025-11-02T18:46:13.091+0000] {logging_mixin.py:188} INFO - [2025-11-02T18:46:13.089+0000] {dag.py:3823} INFO - Setting next_dagrun for tutorial_objectstorage to None, run_after=None
[2025-11-02T18:46:13.155+0000] {processor.py:183} INFO - Processing /home/airflow/.local/lib/python3.8/site-packages/airflow/example_dags/tutorial_objectstorage.py took 0.198 seconds
[2025-11-02T18:46:43.357+0000] {processor.py:161} INFO - Started process (PID=2432) to work on /home/airflow/.local/lib/python3.8/site-packages/airflow/example_dags/tutorial_objectstorage.py
[2025-11-02T18:46:43.361+0000] {processor.py:830} INFO - Processing file /home/airflow/.local/lib/python3.8/site-packages/airflow/example_dags/tutorial_objectstorage.py for tasks to queue
[2025-11-02T18:46:43.367+0000] {logging_mixin.py:188} INFO - [2025-11-02T18:46:43.366+0000] {dagbag.py:538} INFO - Filling up the DagBag from /home/airflow/.local/lib/python3.8/site-packages/airflow/example_dags/tutorial_objectstorage.py
[2025-11-02T18:46:43.388+0000] {processor.py:840} INFO - DAG(s) 'tutorial_objectstorage' retrieved from /home/airflow/.local/lib/python3.8/site-packages/airflow/example_dags/tutorial_objectstorage.py
[2025-11-02T18:46:43.440+0000] {logging_mixin.py:188} INFO - [2025-11-02T18:46:43.440+0000] {dag.py:3036} INFO - Sync 1 DAGs
[2025-11-02T18:46:43.471+0000] {logging_mixin.py:188} INFO - [2025-11-02T18:46:43.471+0000] {dag.py:3823} INFO - Setting next_dagrun for tutorial_objectstorage to None, run_after=None
[2025-11-02T18:46:43.526+0000] {processor.py:183} INFO - Processing /home/airflow/.local/lib/python3.8/site-packages/airflow/example_dags/tutorial_objectstorage.py took 0.180 seconds
[2025-11-02T18:47:13.980+0000] {processor.py:161} INFO - Started process (PID=2488) to work on /home/airflow/.local/lib/python3.8/site-packages/airflow/example_dags/tutorial_objectstorage.py
[2025-11-02T18:47:13.982+0000] {processor.py:830} INFO - Processing file /home/airflow/.local/lib/python3.8/site-packages/airflow/example_dags/tutorial_objectstorage.py for tasks to queue
[2025-11-02T18:47:13.987+0000] {logging_mixin.py:188} INFO - [2025-11-02T18:47:13.987+0000] {dagbag.py:538} INFO - Filling up the DagBag from /home/airflow/.local/lib/python3.8/site-packages/airflow/example_dags/tutorial_objectstorage.py
[2025-11-02T18:47:14.004+0000] {processor.py:840} INFO - DAG(s) 'tutorial_objectstorage' retrieved from /home/airflow/.local/lib/python3.8/site-packages/airflow/example_dags/tutorial_objectstorage.py
[2025-11-02T18:47:14.054+0000] {logging_mixin.py:188} INFO - [2025-11-02T18:47:14.053+0000] {dag.py:3036} INFO - Sync 1 DAGs
[2025-11-02T18:47:14.083+0000] {logging_mixin.py:188} INFO - [2025-11-02T18:47:14.082+0000] {dag.py:3823} INFO - Setting next_dagrun for tutorial_objectstorage to None, run_after=None
[2025-11-02T18:47:14.131+0000] {processor.py:183} INFO - Processing /home/airflow/.local/lib/python3.8/site-packages/airflow/example_dags/tutorial_objectstorage.py took 0.159 seconds
[2025-11-02T18:47:44.864+0000] {processor.py:161} INFO - Started process (PID=2543) to work on /home/airflow/.local/lib/python3.8/site-packages/airflow/example_dags/tutorial_objectstorage.py
[2025-11-02T18:47:44.867+0000] {processor.py:830} INFO - Processing file /home/airflow/.local/lib/python3.8/site-packages/airflow/example_dags/tutorial_objectstorage.py for tasks to queue
[2025-11-02T18:47:44.875+0000] {logging_mixin.py:188} INFO - [2025-11-02T18:47:44.874+0000] {dagbag.py:538} INFO - Filling up the DagBag from /home/airflow/.local/lib/python3.8/site-packages/airflow/example_dags/tutorial_objectstorage.py
[2025-11-02T18:47:44.907+0000] {processor.py:840} INFO - DAG(s) 'tutorial_objectstorage' retrieved from /home/airflow/.local/lib/python3.8/site-packages/airflow/example_dags/tutorial_objectstorage.py
[2025-11-02T18:47:44.966+0000] {logging_mixin.py:188} INFO - [2025-11-02T18:47:44.965+0000] {dag.py:3036} INFO - Sync 1 DAGs
[2025-11-02T18:47:44.997+0000] {logging_mixin.py:188} INFO - [2025-11-02T18:47:44.996+0000] {dag.py:3823} INFO - Setting next_dagrun for tutorial_objectstorage to None, run_after=None
[2025-11-02T18:47:45.053+0000] {processor.py:183} INFO - Processing /home/airflow/.local/lib/python3.8/site-packages/airflow/example_dags/tutorial_objectstorage.py took 0.201 seconds
[2025-11-02T18:48:15.326+0000] {processor.py:161} INFO - Started process (PID=2597) to work on /home/airflow/.local/lib/python3.8/site-packages/airflow/example_dags/tutorial_objectstorage.py
[2025-11-02T18:48:15.331+0000] {processor.py:830} INFO - Processing file /home/airflow/.local/lib/python3.8/site-packages/airflow/example_dags/tutorial_objectstorage.py for tasks to queue
[2025-11-02T18:48:15.339+0000] {logging_mixin.py:188} INFO - [2025-11-02T18:48:15.338+0000] {dagbag.py:538} INFO - Filling up the DagBag from /home/airflow/.local/lib/python3.8/site-packages/airflow/example_dags/tutorial_objectstorage.py
[2025-11-02T18:48:15.357+0000] {processor.py:840} INFO - DAG(s) 'tutorial_objectstorage' retrieved from /home/airflow/.local/lib/python3.8/site-packages/airflow/example_dags/tutorial_objectstorage.py
[2025-11-02T18:48:15.413+0000] {logging_mixin.py:188} INFO - [2025-11-02T18:48:15.413+0000] {dag.py:3036} INFO - Sync 1 DAGs
[2025-11-02T18:48:15.443+0000] {logging_mixin.py:188} INFO - [2025-11-02T18:48:15.442+0000] {dag.py:3823} INFO - Setting next_dagrun for tutorial_objectstorage to None, run_after=None
[2025-11-02T18:48:15.487+0000] {processor.py:183} INFO - Processing /home/airflow/.local/lib/python3.8/site-packages/airflow/example_dags/tutorial_objectstorage.py took 0.172 seconds
[2025-11-02T18:48:46.247+0000] {processor.py:161} INFO - Started process (PID=2652) to work on /home/airflow/.local/lib/python3.8/site-packages/airflow/example_dags/tutorial_objectstorage.py
[2025-11-02T18:48:46.251+0000] {processor.py:830} INFO - Processing file /home/airflow/.local/lib/python3.8/site-packages/airflow/example_dags/tutorial_objectstorage.py for tasks to queue
[2025-11-02T18:48:46.255+0000] {logging_mixin.py:188} INFO - [2025-11-02T18:48:46.255+0000] {dagbag.py:538} INFO - Filling up the DagBag from /home/airflow/.local/lib/python3.8/site-packages/airflow/example_dags/tutorial_objectstorage.py
[2025-11-02T18:48:46.272+0000] {processor.py:840} INFO - DAG(s) 'tutorial_objectstorage' retrieved from /home/airflow/.local/lib/python3.8/site-packages/airflow/example_dags/tutorial_objectstorage.py
[2025-11-02T18:48:46.324+0000] {logging_mixin.py:188} INFO - [2025-11-02T18:48:46.324+0000] {dag.py:3036} INFO - Sync 1 DAGs
[2025-11-02T18:48:46.358+0000] {logging_mixin.py:188} INFO - [2025-11-02T18:48:46.358+0000] {dag.py:3823} INFO - Setting next_dagrun for tutorial_objectstorage to None, run_after=None
[2025-11-02T18:48:46.410+0000] {processor.py:183} INFO - Processing /home/airflow/.local/lib/python3.8/site-packages/airflow/example_dags/tutorial_objectstorage.py took 0.171 seconds
[2025-11-02T18:49:17.637+0000] {processor.py:161} INFO - Started process (PID=2708) to work on /home/airflow/.local/lib/python3.8/site-packages/airflow/example_dags/tutorial_objectstorage.py
[2025-11-02T18:49:17.641+0000] {processor.py:830} INFO - Processing file /home/airflow/.local/lib/python3.8/site-packages/airflow/example_dags/tutorial_objectstorage.py for tasks to queue
[2025-11-02T18:49:17.648+0000] {logging_mixin.py:188} INFO - [2025-11-02T18:49:17.647+0000] {dagbag.py:538} INFO - Filling up the DagBag from /home/airflow/.local/lib/python3.8/site-packages/airflow/example_dags/tutorial_objectstorage.py
[2025-11-02T18:49:17.666+0000] {processor.py:840} INFO - DAG(s) 'tutorial_objectstorage' retrieved from /home/airflow/.local/lib/python3.8/site-packages/airflow/example_dags/tutorial_objectstorage.py
[2025-11-02T18:49:17.732+0000] {logging_mixin.py:188} INFO - [2025-11-02T18:49:17.731+0000] {dag.py:3036} INFO - Sync 1 DAGs
[2025-11-02T18:49:17.778+0000] {logging_mixin.py:188} INFO - [2025-11-02T18:49:17.777+0000] {dag.py:3823} INFO - Setting next_dagrun for tutorial_objectstorage to None, run_after=None
[2025-11-02T18:49:18.176+0000] {processor.py:183} INFO - Processing /home/airflow/.local/lib/python3.8/site-packages/airflow/example_dags/tutorial_objectstorage.py took 0.551 seconds
[2025-11-02T18:49:48.724+0000] {processor.py:161} INFO - Started process (PID=2763) to work on /home/airflow/.local/lib/python3.8/site-packages/airflow/example_dags/tutorial_objectstorage.py
[2025-11-02T18:49:48.727+0000] {processor.py:830} INFO - Processing file /home/airflow/.local/lib/python3.8/site-packages/airflow/example_dags/tutorial_objectstorage.py for tasks to queue
[2025-11-02T18:49:48.732+0000] {logging_mixin.py:188} INFO - [2025-11-02T18:49:48.732+0000] {dagbag.py:538} INFO - Filling up the DagBag from /home/airflow/.local/lib/python3.8/site-packages/airflow/example_dags/tutorial_objectstorage.py
[2025-11-02T18:49:48.748+0000] {processor.py:840} INFO - DAG(s) 'tutorial_objectstorage' retrieved from /home/airflow/.local/lib/python3.8/site-packages/airflow/example_dags/tutorial_objectstorage.py
[2025-11-02T18:49:48.793+0000] {logging_mixin.py:188} INFO - [2025-11-02T18:49:48.793+0000] {dag.py:3036} INFO - Sync 1 DAGs
[2025-11-02T18:49:48.824+0000] {logging_mixin.py:188} INFO - [2025-11-02T18:49:48.824+0000] {dag.py:3823} INFO - Setting next_dagrun for tutorial_objectstorage to None, run_after=None
[2025-11-02T18:49:48.886+0000] {processor.py:183} INFO - Processing /home/airflow/.local/lib/python3.8/site-packages/airflow/example_dags/tutorial_objectstorage.py took 0.170 seconds
[2025-11-02T18:50:19.013+0000] {processor.py:161} INFO - Started process (PID=2818) to work on /home/airflow/.local/lib/python3.8/site-packages/airflow/example_dags/tutorial_objectstorage.py
[2025-11-02T18:50:19.016+0000] {processor.py:830} INFO - Processing file /home/airflow/.local/lib/python3.8/site-packages/airflow/example_dags/tutorial_objectstorage.py for tasks to queue
[2025-11-02T18:50:19.021+0000] {logging_mixin.py:188} INFO - [2025-11-02T18:50:19.020+0000] {dagbag.py:538} INFO - Filling up the DagBag from /home/airflow/.local/lib/python3.8/site-packages/airflow/example_dags/tutorial_objectstorage.py
[2025-11-02T18:50:19.039+0000] {processor.py:840} INFO - DAG(s) 'tutorial_objectstorage' retrieved from /home/airflow/.local/lib/python3.8/site-packages/airflow/example_dags/tutorial_objectstorage.py
[2025-11-02T18:50:19.094+0000] {logging_mixin.py:188} INFO - [2025-11-02T18:50:19.094+0000] {dag.py:3036} INFO - Sync 1 DAGs
[2025-11-02T18:50:19.131+0000] {logging_mixin.py:188} INFO - [2025-11-02T18:50:19.130+0000] {dag.py:3823} INFO - Setting next_dagrun for tutorial_objectstorage to None, run_after=None
[2025-11-02T18:50:19.196+0000] {processor.py:183} INFO - Processing /home/airflow/.local/lib/python3.8/site-packages/airflow/example_dags/tutorial_objectstorage.py took 0.192 seconds
[2025-11-02T18:50:50.698+0000] {processor.py:161} INFO - Started process (PID=2873) to work on /home/airflow/.local/lib/python3.8/site-packages/airflow/example_dags/tutorial_objectstorage.py
[2025-11-02T18:50:50.702+0000] {processor.py:830} INFO - Processing file /home/airflow/.local/lib/python3.8/site-packages/airflow/example_dags/tutorial_objectstorage.py for tasks to queue
[2025-11-02T18:50:50.707+0000] {logging_mixin.py:188} INFO - [2025-11-02T18:50:50.706+0000] {dagbag.py:538} INFO - Filling up the DagBag from /home/airflow/.local/lib/python3.8/site-packages/airflow/example_dags/tutorial_objectstorage.py
[2025-11-02T18:50:51.056+0000] {processor.py:840} INFO - DAG(s) 'tutorial_objectstorage' retrieved from /home/airflow/.local/lib/python3.8/site-packages/airflow/example_dags/tutorial_objectstorage.py
[2025-11-02T18:50:51.103+0000] {logging_mixin.py:188} INFO - [2025-11-02T18:50:51.102+0000] {dag.py:3036} INFO - Sync 1 DAGs
[2025-11-02T18:50:51.128+0000] {logging_mixin.py:188} INFO - [2025-11-02T18:50:51.127+0000] {dag.py:3823} INFO - Setting next_dagrun for tutorial_objectstorage to None, run_after=None
[2025-11-02T18:50:51.177+0000] {processor.py:183} INFO - Processing /home/airflow/.local/lib/python3.8/site-packages/airflow/example_dags/tutorial_objectstorage.py took 0.488 seconds
[2025-11-02T18:51:21.478+0000] {processor.py:161} INFO - Started process (PID=2928) to work on /home/airflow/.local/lib/python3.8/site-packages/airflow/example_dags/tutorial_objectstorage.py
[2025-11-02T18:51:21.482+0000] {processor.py:830} INFO - Processing file /home/airflow/.local/lib/python3.8/site-packages/airflow/example_dags/tutorial_objectstorage.py for tasks to queue
[2025-11-02T18:51:21.489+0000] {logging_mixin.py:188} INFO - [2025-11-02T18:51:21.488+0000] {dagbag.py:538} INFO - Filling up the DagBag from /home/airflow/.local/lib/python3.8/site-packages/airflow/example_dags/tutorial_objectstorage.py
[2025-11-02T18:51:21.513+0000] {processor.py:840} INFO - DAG(s) 'tutorial_objectstorage' retrieved from /home/airflow/.local/lib/python3.8/site-packages/airflow/example_dags/tutorial_objectstorage.py
[2025-11-02T18:51:21.597+0000] {logging_mixin.py:188} INFO - [2025-11-02T18:51:21.596+0000] {dag.py:3036} INFO - Sync 1 DAGs
[2025-11-02T18:51:21.659+0000] {logging_mixin.py:188} INFO - [2025-11-02T18:51:21.658+0000] {dag.py:3823} INFO - Setting next_dagrun for tutorial_objectstorage to None, run_after=None
[2025-11-02T18:51:21.731+0000] {processor.py:183} INFO - Processing /home/airflow/.local/lib/python3.8/site-packages/airflow/example_dags/tutorial_objectstorage.py took 0.267 seconds
[2025-11-02T18:51:52.120+0000] {processor.py:161} INFO - Started process (PID=2983) to work on /home/airflow/.local/lib/python3.8/site-packages/airflow/example_dags/tutorial_objectstorage.py
[2025-11-02T18:51:52.123+0000] {processor.py:830} INFO - Processing file /home/airflow/.local/lib/python3.8/site-packages/airflow/example_dags/tutorial_objectstorage.py for tasks to queue
[2025-11-02T18:51:52.128+0000] {logging_mixin.py:188} INFO - [2025-11-02T18:51:52.127+0000] {dagbag.py:538} INFO - Filling up the DagBag from /home/airflow/.local/lib/python3.8/site-packages/airflow/example_dags/tutorial_objectstorage.py
[2025-11-02T18:51:52.145+0000] {processor.py:840} INFO - DAG(s) 'tutorial_objectstorage' retrieved from /home/airflow/.local/lib/python3.8/site-packages/airflow/example_dags/tutorial_objectstorage.py
[2025-11-02T18:51:52.198+0000] {logging_mixin.py:188} INFO - [2025-11-02T18:51:52.197+0000] {dag.py:3036} INFO - Sync 1 DAGs
[2025-11-02T18:51:52.229+0000] {logging_mixin.py:188} INFO - [2025-11-02T18:51:52.228+0000] {dag.py:3823} INFO - Setting next_dagrun for tutorial_objectstorage to None, run_after=None
[2025-11-02T18:51:52.270+0000] {processor.py:183} INFO - Processing /home/airflow/.local/lib/python3.8/site-packages/airflow/example_dags/tutorial_objectstorage.py took 0.163 seconds
[2025-11-02T18:52:22.926+0000] {processor.py:161} INFO - Started process (PID=3038) to work on /home/airflow/.local/lib/python3.8/site-packages/airflow/example_dags/tutorial_objectstorage.py
[2025-11-02T18:52:22.930+0000] {processor.py:830} INFO - Processing file /home/airflow/.local/lib/python3.8/site-packages/airflow/example_dags/tutorial_objectstorage.py for tasks to queue
[2025-11-02T18:52:22.938+0000] {logging_mixin.py:188} INFO - [2025-11-02T18:52:22.937+0000] {dagbag.py:538} INFO - Filling up the DagBag from /home/airflow/.local/lib/python3.8/site-packages/airflow/example_dags/tutorial_objectstorage.py
[2025-11-02T18:52:22.962+0000] {processor.py:840} INFO - DAG(s) 'tutorial_objectstorage' retrieved from /home/airflow/.local/lib/python3.8/site-packages/airflow/example_dags/tutorial_objectstorage.py
[2025-11-02T18:52:23.022+0000] {logging_mixin.py:188} INFO - [2025-11-02T18:52:23.022+0000] {dag.py:3036} INFO - Sync 1 DAGs
[2025-11-02T18:52:23.072+0000] {logging_mixin.py:188} INFO - [2025-11-02T18:52:23.071+0000] {dag.py:3823} INFO - Setting next_dagrun for tutorial_objectstorage to None, run_after=None
[2025-11-02T18:52:23.140+0000] {processor.py:183} INFO - Processing /home/airflow/.local/lib/python3.8/site-packages/airflow/example_dags/tutorial_objectstorage.py took 0.225 seconds
[2025-11-02T18:52:53.432+0000] {processor.py:161} INFO - Started process (PID=3093) to work on /home/airflow/.local/lib/python3.8/site-packages/airflow/example_dags/tutorial_objectstorage.py
[2025-11-02T18:52:53.435+0000] {processor.py:830} INFO - Processing file /home/airflow/.local/lib/python3.8/site-packages/airflow/example_dags/tutorial_objectstorage.py for tasks to queue
[2025-11-02T18:52:53.440+0000] {logging_mixin.py:188} INFO - [2025-11-02T18:52:53.439+0000] {dagbag.py:538} INFO - Filling up the DagBag from /home/airflow/.local/lib/python3.8/site-packages/airflow/example_dags/tutorial_objectstorage.py
[2025-11-02T18:52:53.459+0000] {processor.py:840} INFO - DAG(s) 'tutorial_objectstorage' retrieved from /home/airflow/.local/lib/python3.8/site-packages/airflow/example_dags/tutorial_objectstorage.py
[2025-11-02T18:52:53.522+0000] {logging_mixin.py:188} INFO - [2025-11-02T18:52:53.521+0000] {dag.py:3036} INFO - Sync 1 DAGs
[2025-11-02T18:52:53.563+0000] {logging_mixin.py:188} INFO - [2025-11-02T18:52:53.562+0000] {dag.py:3823} INFO - Setting next_dagrun for tutorial_objectstorage to None, run_after=None
[2025-11-02T18:52:53.618+0000] {processor.py:183} INFO - Processing /home/airflow/.local/lib/python3.8/site-packages/airflow/example_dags/tutorial_objectstorage.py took 0.195 seconds
[2025-11-02T18:53:24.140+0000] {processor.py:161} INFO - Started process (PID=3148) to work on /home/airflow/.local/lib/python3.8/site-packages/airflow/example_dags/tutorial_objectstorage.py
[2025-11-02T18:53:24.143+0000] {processor.py:830} INFO - Processing file /home/airflow/.local/lib/python3.8/site-packages/airflow/example_dags/tutorial_objectstorage.py for tasks to queue
[2025-11-02T18:53:24.150+0000] {logging_mixin.py:188} INFO - [2025-11-02T18:53:24.149+0000] {dagbag.py:538} INFO - Filling up the DagBag from /home/airflow/.local/lib/python3.8/site-packages/airflow/example_dags/tutorial_objectstorage.py
[2025-11-02T18:53:24.166+0000] {processor.py:840} INFO - DAG(s) 'tutorial_objectstorage' retrieved from /home/airflow/.local/lib/python3.8/site-packages/airflow/example_dags/tutorial_objectstorage.py
[2025-11-02T18:53:24.221+0000] {logging_mixin.py:188} INFO - [2025-11-02T18:53:24.221+0000] {dag.py:3036} INFO - Sync 1 DAGs
[2025-11-02T18:53:24.272+0000] {logging_mixin.py:188} INFO - [2025-11-02T18:53:24.272+0000] {dag.py:3823} INFO - Setting next_dagrun for tutorial_objectstorage to None, run_after=None
[2025-11-02T18:53:24.323+0000] {processor.py:183} INFO - Processing /home/airflow/.local/lib/python3.8/site-packages/airflow/example_dags/tutorial_objectstorage.py took 0.191 seconds
[2025-11-02T18:53:55.456+0000] {processor.py:161} INFO - Started process (PID=3203) to work on /home/airflow/.local/lib/python3.8/site-packages/airflow/example_dags/tutorial_objectstorage.py
[2025-11-02T18:53:55.459+0000] {processor.py:830} INFO - Processing file /home/airflow/.local/lib/python3.8/site-packages/airflow/example_dags/tutorial_objectstorage.py for tasks to queue
[2025-11-02T18:53:55.464+0000] {logging_mixin.py:188} INFO - [2025-11-02T18:53:55.463+0000] {dagbag.py:538} INFO - Filling up the DagBag from /home/airflow/.local/lib/python3.8/site-packages/airflow/example_dags/tutorial_objectstorage.py
[2025-11-02T18:53:55.482+0000] {processor.py:840} INFO - DAG(s) 'tutorial_objectstorage' retrieved from /home/airflow/.local/lib/python3.8/site-packages/airflow/example_dags/tutorial_objectstorage.py
[2025-11-02T18:53:55.538+0000] {logging_mixin.py:188} INFO - [2025-11-02T18:53:55.538+0000] {dag.py:3036} INFO - Sync 1 DAGs
[2025-11-02T18:53:55.576+0000] {logging_mixin.py:188} INFO - [2025-11-02T18:53:55.576+0000] {dag.py:3823} INFO - Setting next_dagrun for tutorial_objectstorage to None, run_after=None
[2025-11-02T18:53:55.624+0000] {processor.py:183} INFO - Processing /home/airflow/.local/lib/python3.8/site-packages/airflow/example_dags/tutorial_objectstorage.py took 0.179 seconds
[2025-11-02T18:54:26.051+0000] {processor.py:161} INFO - Started process (PID=3258) to work on /home/airflow/.local/lib/python3.8/site-packages/airflow/example_dags/tutorial_objectstorage.py
[2025-11-02T18:54:26.054+0000] {processor.py:830} INFO - Processing file /home/airflow/.local/lib/python3.8/site-packages/airflow/example_dags/tutorial_objectstorage.py for tasks to queue
[2025-11-02T18:54:26.059+0000] {logging_mixin.py:188} INFO - [2025-11-02T18:54:26.059+0000] {dagbag.py:538} INFO - Filling up the DagBag from /home/airflow/.local/lib/python3.8/site-packages/airflow/example_dags/tutorial_objectstorage.py
[2025-11-02T18:54:26.079+0000] {processor.py:840} INFO - DAG(s) 'tutorial_objectstorage' retrieved from /home/airflow/.local/lib/python3.8/site-packages/airflow/example_dags/tutorial_objectstorage.py
[2025-11-02T18:54:26.139+0000] {logging_mixin.py:188} INFO - [2025-11-02T18:54:26.139+0000] {dag.py:3036} INFO - Sync 1 DAGs
[2025-11-02T18:54:26.170+0000] {logging_mixin.py:188} INFO - [2025-11-02T18:54:26.169+0000] {dag.py:3823} INFO - Setting next_dagrun for tutorial_objectstorage to None, run_after=None
[2025-11-02T18:54:26.219+0000] {processor.py:183} INFO - Processing /home/airflow/.local/lib/python3.8/site-packages/airflow/example_dags/tutorial_objectstorage.py took 0.178 seconds
[2025-11-02T18:54:56.712+0000] {processor.py:161} INFO - Started process (PID=3313) to work on /home/airflow/.local/lib/python3.8/site-packages/airflow/example_dags/tutorial_objectstorage.py
[2025-11-02T18:54:56.718+0000] {processor.py:830} INFO - Processing file /home/airflow/.local/lib/python3.8/site-packages/airflow/example_dags/tutorial_objectstorage.py for tasks to queue
[2025-11-02T18:54:56.724+0000] {logging_mixin.py:188} INFO - [2025-11-02T18:54:56.723+0000] {dagbag.py:538} INFO - Filling up the DagBag from /home/airflow/.local/lib/python3.8/site-packages/airflow/example_dags/tutorial_objectstorage.py
[2025-11-02T18:54:56.742+0000] {processor.py:840} INFO - DAG(s) 'tutorial_objectstorage' retrieved from /home/airflow/.local/lib/python3.8/site-packages/airflow/example_dags/tutorial_objectstorage.py
[2025-11-02T18:54:56.791+0000] {logging_mixin.py:188} INFO - [2025-11-02T18:54:56.791+0000] {dag.py:3036} INFO - Sync 1 DAGs
[2025-11-02T18:54:56.825+0000] {logging_mixin.py:188} INFO - [2025-11-02T18:54:56.824+0000] {dag.py:3823} INFO - Setting next_dagrun for tutorial_objectstorage to None, run_after=None
[2025-11-02T18:54:56.877+0000] {processor.py:183} INFO - Processing /home/airflow/.local/lib/python3.8/site-packages/airflow/example_dags/tutorial_objectstorage.py took 0.179 seconds
[2025-11-02T18:55:27.958+0000] {processor.py:161} INFO - Started process (PID=3368) to work on /home/airflow/.local/lib/python3.8/site-packages/airflow/example_dags/tutorial_objectstorage.py
[2025-11-02T18:55:27.962+0000] {processor.py:830} INFO - Processing file /home/airflow/.local/lib/python3.8/site-packages/airflow/example_dags/tutorial_objectstorage.py for tasks to queue
[2025-11-02T18:55:27.969+0000] {logging_mixin.py:188} INFO - [2025-11-02T18:55:27.968+0000] {dagbag.py:538} INFO - Filling up the DagBag from /home/airflow/.local/lib/python3.8/site-packages/airflow/example_dags/tutorial_objectstorage.py
[2025-11-02T18:55:27.995+0000] {processor.py:840} INFO - DAG(s) 'tutorial_objectstorage' retrieved from /home/airflow/.local/lib/python3.8/site-packages/airflow/example_dags/tutorial_objectstorage.py
[2025-11-02T18:55:28.072+0000] {logging_mixin.py:188} INFO - [2025-11-02T18:55:28.071+0000] {dag.py:3036} INFO - Sync 1 DAGs
[2025-11-02T18:55:28.133+0000] {logging_mixin.py:188} INFO - [2025-11-02T18:55:28.132+0000] {dag.py:3823} INFO - Setting next_dagrun for tutorial_objectstorage to None, run_after=None
[2025-11-02T18:55:28.221+0000] {processor.py:183} INFO - Processing /home/airflow/.local/lib/python3.8/site-packages/airflow/example_dags/tutorial_objectstorage.py took 0.279 seconds
[2025-11-02T18:55:58.649+0000] {processor.py:161} INFO - Started process (PID=3424) to work on /home/airflow/.local/lib/python3.8/site-packages/airflow/example_dags/tutorial_objectstorage.py
[2025-11-02T18:55:58.656+0000] {processor.py:830} INFO - Processing file /home/airflow/.local/lib/python3.8/site-packages/airflow/example_dags/tutorial_objectstorage.py for tasks to queue
[2025-11-02T18:55:58.663+0000] {logging_mixin.py:188} INFO - [2025-11-02T18:55:58.662+0000] {dagbag.py:538} INFO - Filling up the DagBag from /home/airflow/.local/lib/python3.8/site-packages/airflow/example_dags/tutorial_objectstorage.py
[2025-11-02T18:55:58.688+0000] {processor.py:840} INFO - DAG(s) 'tutorial_objectstorage' retrieved from /home/airflow/.local/lib/python3.8/site-packages/airflow/example_dags/tutorial_objectstorage.py
[2025-11-02T18:55:58.764+0000] {logging_mixin.py:188} INFO - [2025-11-02T18:55:58.764+0000] {dag.py:3036} INFO - Sync 1 DAGs
[2025-11-02T18:55:58.813+0000] {logging_mixin.py:188} INFO - [2025-11-02T18:55:58.813+0000] {dag.py:3823} INFO - Setting next_dagrun for tutorial_objectstorage to None, run_after=None
[2025-11-02T18:55:58.874+0000] {processor.py:183} INFO - Processing /home/airflow/.local/lib/python3.8/site-packages/airflow/example_dags/tutorial_objectstorage.py took 0.242 seconds
[2025-11-02T18:56:29.336+0000] {processor.py:161} INFO - Started process (PID=3479) to work on /home/airflow/.local/lib/python3.8/site-packages/airflow/example_dags/tutorial_objectstorage.py
[2025-11-02T18:56:29.339+0000] {processor.py:830} INFO - Processing file /home/airflow/.local/lib/python3.8/site-packages/airflow/example_dags/tutorial_objectstorage.py for tasks to queue
[2025-11-02T18:56:29.344+0000] {logging_mixin.py:188} INFO - [2025-11-02T18:56:29.343+0000] {dagbag.py:538} INFO - Filling up the DagBag from /home/airflow/.local/lib/python3.8/site-packages/airflow/example_dags/tutorial_objectstorage.py
[2025-11-02T18:56:29.362+0000] {processor.py:840} INFO - DAG(s) 'tutorial_objectstorage' retrieved from /home/airflow/.local/lib/python3.8/site-packages/airflow/example_dags/tutorial_objectstorage.py
[2025-11-02T18:56:29.419+0000] {logging_mixin.py:188} INFO - [2025-11-02T18:56:29.418+0000] {dag.py:3036} INFO - Sync 1 DAGs
[2025-11-02T18:56:29.476+0000] {logging_mixin.py:188} INFO - [2025-11-02T18:56:29.475+0000] {dag.py:3823} INFO - Setting next_dagrun for tutorial_objectstorage to None, run_after=None
[2025-11-02T18:56:29.538+0000] {processor.py:183} INFO - Processing /home/airflow/.local/lib/python3.8/site-packages/airflow/example_dags/tutorial_objectstorage.py took 0.212 seconds
[2025-11-02T18:56:59.900+0000] {processor.py:161} INFO - Started process (PID=3534) to work on /home/airflow/.local/lib/python3.8/site-packages/airflow/example_dags/tutorial_objectstorage.py
[2025-11-02T18:56:59.902+0000] {processor.py:830} INFO - Processing file /home/airflow/.local/lib/python3.8/site-packages/airflow/example_dags/tutorial_objectstorage.py for tasks to queue
[2025-11-02T18:56:59.907+0000] {logging_mixin.py:188} INFO - [2025-11-02T18:56:59.906+0000] {dagbag.py:538} INFO - Filling up the DagBag from /home/airflow/.local/lib/python3.8/site-packages/airflow/example_dags/tutorial_objectstorage.py
[2025-11-02T18:56:59.930+0000] {processor.py:840} INFO - DAG(s) 'tutorial_objectstorage' retrieved from /home/airflow/.local/lib/python3.8/site-packages/airflow/example_dags/tutorial_objectstorage.py
[2025-11-02T18:56:59.989+0000] {logging_mixin.py:188} INFO - [2025-11-02T18:56:59.988+0000] {dag.py:3036} INFO - Sync 1 DAGs
[2025-11-02T18:57:00.047+0000] {logging_mixin.py:188} INFO - [2025-11-02T18:57:00.046+0000] {dag.py:3823} INFO - Setting next_dagrun for tutorial_objectstorage to None, run_after=None
[2025-11-02T18:57:00.137+0000] {processor.py:183} INFO - Processing /home/airflow/.local/lib/python3.8/site-packages/airflow/example_dags/tutorial_objectstorage.py took 0.246 seconds
[2025-11-02T18:57:30.696+0000] {processor.py:161} INFO - Started process (PID=3589) to work on /home/airflow/.local/lib/python3.8/site-packages/airflow/example_dags/tutorial_objectstorage.py
[2025-11-02T18:57:30.700+0000] {processor.py:830} INFO - Processing file /home/airflow/.local/lib/python3.8/site-packages/airflow/example_dags/tutorial_objectstorage.py for tasks to queue
[2025-11-02T18:57:30.707+0000] {logging_mixin.py:188} INFO - [2025-11-02T18:57:30.706+0000] {dagbag.py:538} INFO - Filling up the DagBag from /home/airflow/.local/lib/python3.8/site-packages/airflow/example_dags/tutorial_objectstorage.py
[2025-11-02T18:57:30.725+0000] {processor.py:840} INFO - DAG(s) 'tutorial_objectstorage' retrieved from /home/airflow/.local/lib/python3.8/site-packages/airflow/example_dags/tutorial_objectstorage.py
[2025-11-02T18:57:30.773+0000] {logging_mixin.py:188} INFO - [2025-11-02T18:57:30.772+0000] {dag.py:3036} INFO - Sync 1 DAGs
[2025-11-02T18:57:30.807+0000] {logging_mixin.py:188} INFO - [2025-11-02T18:57:30.806+0000] {dag.py:3823} INFO - Setting next_dagrun for tutorial_objectstorage to None, run_after=None
[2025-11-02T18:57:30.862+0000] {processor.py:183} INFO - Processing /home/airflow/.local/lib/python3.8/site-packages/airflow/example_dags/tutorial_objectstorage.py took 0.178 seconds
[2025-11-02T18:58:01.532+0000] {processor.py:161} INFO - Started process (PID=3644) to work on /home/airflow/.local/lib/python3.8/site-packages/airflow/example_dags/tutorial_objectstorage.py
[2025-11-02T18:58:01.537+0000] {processor.py:830} INFO - Processing file /home/airflow/.local/lib/python3.8/site-packages/airflow/example_dags/tutorial_objectstorage.py for tasks to queue
[2025-11-02T18:58:01.549+0000] {logging_mixin.py:188} INFO - [2025-11-02T18:58:01.548+0000] {dagbag.py:538} INFO - Filling up the DagBag from /home/airflow/.local/lib/python3.8/site-packages/airflow/example_dags/tutorial_objectstorage.py
[2025-11-02T18:58:01.580+0000] {processor.py:840} INFO - DAG(s) 'tutorial_objectstorage' retrieved from /home/airflow/.local/lib/python3.8/site-packages/airflow/example_dags/tutorial_objectstorage.py
[2025-11-02T18:58:01.658+0000] {logging_mixin.py:188} INFO - [2025-11-02T18:58:01.657+0000] {dag.py:3036} INFO - Sync 1 DAGs
[2025-11-02T18:58:01.703+0000] {logging_mixin.py:188} INFO - [2025-11-02T18:58:01.703+0000] {dag.py:3823} INFO - Setting next_dagrun for tutorial_objectstorage to None, run_after=None
[2025-11-02T18:58:01.789+0000] {processor.py:183} INFO - Processing /home/airflow/.local/lib/python3.8/site-packages/airflow/example_dags/tutorial_objectstorage.py took 0.273 seconds
[2025-11-02T18:58:32.000+0000] {processor.py:161} INFO - Started process (PID=3699) to work on /home/airflow/.local/lib/python3.8/site-packages/airflow/example_dags/tutorial_objectstorage.py
[2025-11-02T18:58:32.004+0000] {processor.py:830} INFO - Processing file /home/airflow/.local/lib/python3.8/site-packages/airflow/example_dags/tutorial_objectstorage.py for tasks to queue
[2025-11-02T18:58:32.011+0000] {logging_mixin.py:188} INFO - [2025-11-02T18:58:32.010+0000] {dagbag.py:538} INFO - Filling up the DagBag from /home/airflow/.local/lib/python3.8/site-packages/airflow/example_dags/tutorial_objectstorage.py
[2025-11-02T18:58:32.033+0000] {processor.py:840} INFO - DAG(s) 'tutorial_objectstorage' retrieved from /home/airflow/.local/lib/python3.8/site-packages/airflow/example_dags/tutorial_objectstorage.py
[2025-11-02T18:58:32.099+0000] {logging_mixin.py:188} INFO - [2025-11-02T18:58:32.098+0000] {dag.py:3036} INFO - Sync 1 DAGs
[2025-11-02T18:58:32.140+0000] {logging_mixin.py:188} INFO - [2025-11-02T18:58:32.139+0000] {dag.py:3823} INFO - Setting next_dagrun for tutorial_objectstorage to None, run_after=None
[2025-11-02T18:58:32.196+0000] {processor.py:183} INFO - Processing /home/airflow/.local/lib/python3.8/site-packages/airflow/example_dags/tutorial_objectstorage.py took 0.210 seconds
[2025-11-02T18:59:02.870+0000] {processor.py:161} INFO - Started process (PID=3754) to work on /home/airflow/.local/lib/python3.8/site-packages/airflow/example_dags/tutorial_objectstorage.py
[2025-11-02T18:59:02.874+0000] {processor.py:830} INFO - Processing file /home/airflow/.local/lib/python3.8/site-packages/airflow/example_dags/tutorial_objectstorage.py for tasks to queue
[2025-11-02T18:59:02.880+0000] {logging_mixin.py:188} INFO - [2025-11-02T18:59:02.879+0000] {dagbag.py:538} INFO - Filling up the DagBag from /home/airflow/.local/lib/python3.8/site-packages/airflow/example_dags/tutorial_objectstorage.py
[2025-11-02T18:59:02.902+0000] {processor.py:840} INFO - DAG(s) 'tutorial_objectstorage' retrieved from /home/airflow/.local/lib/python3.8/site-packages/airflow/example_dags/tutorial_objectstorage.py
[2025-11-02T18:59:02.968+0000] {logging_mixin.py:188} INFO - [2025-11-02T18:59:02.967+0000] {dag.py:3036} INFO - Sync 1 DAGs
[2025-11-02T18:59:03.004+0000] {logging_mixin.py:188} INFO - [2025-11-02T18:59:03.003+0000] {dag.py:3823} INFO - Setting next_dagrun for tutorial_objectstorage to None, run_after=None
[2025-11-02T18:59:03.054+0000] {processor.py:183} INFO - Processing /home/airflow/.local/lib/python3.8/site-packages/airflow/example_dags/tutorial_objectstorage.py took 0.196 seconds
[2025-11-02T18:59:33.287+0000] {processor.py:161} INFO - Started process (PID=3808) to work on /home/airflow/.local/lib/python3.8/site-packages/airflow/example_dags/tutorial_objectstorage.py
[2025-11-02T18:59:33.290+0000] {processor.py:830} INFO - Processing file /home/airflow/.local/lib/python3.8/site-packages/airflow/example_dags/tutorial_objectstorage.py for tasks to queue
[2025-11-02T18:59:33.297+0000] {logging_mixin.py:188} INFO - [2025-11-02T18:59:33.296+0000] {dagbag.py:538} INFO - Filling up the DagBag from /home/airflow/.local/lib/python3.8/site-packages/airflow/example_dags/tutorial_objectstorage.py
[2025-11-02T18:59:33.315+0000] {processor.py:840} INFO - DAG(s) 'tutorial_objectstorage' retrieved from /home/airflow/.local/lib/python3.8/site-packages/airflow/example_dags/tutorial_objectstorage.py
[2025-11-02T18:59:33.370+0000] {logging_mixin.py:188} INFO - [2025-11-02T18:59:33.370+0000] {dag.py:3036} INFO - Sync 1 DAGs
[2025-11-02T18:59:33.411+0000] {logging_mixin.py:188} INFO - [2025-11-02T18:59:33.410+0000] {dag.py:3823} INFO - Setting next_dagrun for tutorial_objectstorage to None, run_after=None
[2025-11-02T18:59:33.452+0000] {processor.py:183} INFO - Processing /home/airflow/.local/lib/python3.8/site-packages/airflow/example_dags/tutorial_objectstorage.py took 0.174 seconds
[2025-11-02T19:00:03.926+0000] {processor.py:161} INFO - Started process (PID=3863) to work on /home/airflow/.local/lib/python3.8/site-packages/airflow/example_dags/tutorial_objectstorage.py
[2025-11-02T19:00:03.929+0000] {processor.py:830} INFO - Processing file /home/airflow/.local/lib/python3.8/site-packages/airflow/example_dags/tutorial_objectstorage.py for tasks to queue
[2025-11-02T19:00:03.933+0000] {logging_mixin.py:188} INFO - [2025-11-02T19:00:03.933+0000] {dagbag.py:538} INFO - Filling up the DagBag from /home/airflow/.local/lib/python3.8/site-packages/airflow/example_dags/tutorial_objectstorage.py
[2025-11-02T19:00:03.953+0000] {processor.py:840} INFO - DAG(s) 'tutorial_objectstorage' retrieved from /home/airflow/.local/lib/python3.8/site-packages/airflow/example_dags/tutorial_objectstorage.py
[2025-11-02T19:00:04.012+0000] {logging_mixin.py:188} INFO - [2025-11-02T19:00:04.011+0000] {dag.py:3036} INFO - Sync 1 DAGs
[2025-11-02T19:00:04.050+0000] {logging_mixin.py:188} INFO - [2025-11-02T19:00:04.050+0000] {dag.py:3823} INFO - Setting next_dagrun for tutorial_objectstorage to None, run_after=None
[2025-11-02T19:00:04.106+0000] {processor.py:183} INFO - Processing /home/airflow/.local/lib/python3.8/site-packages/airflow/example_dags/tutorial_objectstorage.py took 0.191 seconds
[2025-11-02T19:00:35.444+0000] {processor.py:161} INFO - Started process (PID=3918) to work on /home/airflow/.local/lib/python3.8/site-packages/airflow/example_dags/tutorial_objectstorage.py
[2025-11-02T19:00:35.447+0000] {processor.py:830} INFO - Processing file /home/airflow/.local/lib/python3.8/site-packages/airflow/example_dags/tutorial_objectstorage.py for tasks to queue
[2025-11-02T19:00:35.454+0000] {logging_mixin.py:188} INFO - [2025-11-02T19:00:35.453+0000] {dagbag.py:538} INFO - Filling up the DagBag from /home/airflow/.local/lib/python3.8/site-packages/airflow/example_dags/tutorial_objectstorage.py
[2025-11-02T19:00:35.485+0000] {processor.py:840} INFO - DAG(s) 'tutorial_objectstorage' retrieved from /home/airflow/.local/lib/python3.8/site-packages/airflow/example_dags/tutorial_objectstorage.py
[2025-11-02T19:00:35.552+0000] {logging_mixin.py:188} INFO - [2025-11-02T19:00:35.552+0000] {dag.py:3036} INFO - Sync 1 DAGs
[2025-11-02T19:00:35.641+0000] {logging_mixin.py:188} INFO - [2025-11-02T19:00:35.640+0000] {dag.py:3823} INFO - Setting next_dagrun for tutorial_objectstorage to None, run_after=None
[2025-11-02T19:00:35.749+0000] {processor.py:183} INFO - Processing /home/airflow/.local/lib/python3.8/site-packages/airflow/example_dags/tutorial_objectstorage.py took 0.319 seconds
[2025-11-02T19:01:05.903+0000] {processor.py:161} INFO - Started process (PID=3973) to work on /home/airflow/.local/lib/python3.8/site-packages/airflow/example_dags/tutorial_objectstorage.py
[2025-11-02T19:01:05.905+0000] {processor.py:830} INFO - Processing file /home/airflow/.local/lib/python3.8/site-packages/airflow/example_dags/tutorial_objectstorage.py for tasks to queue
[2025-11-02T19:01:05.910+0000] {logging_mixin.py:188} INFO - [2025-11-02T19:01:05.909+0000] {dagbag.py:538} INFO - Filling up the DagBag from /home/airflow/.local/lib/python3.8/site-packages/airflow/example_dags/tutorial_objectstorage.py
[2025-11-02T19:01:05.926+0000] {processor.py:840} INFO - DAG(s) 'tutorial_objectstorage' retrieved from /home/airflow/.local/lib/python3.8/site-packages/airflow/example_dags/tutorial_objectstorage.py
[2025-11-02T19:01:05.970+0000] {logging_mixin.py:188} INFO - [2025-11-02T19:01:05.969+0000] {dag.py:3036} INFO - Sync 1 DAGs
[2025-11-02T19:01:06.010+0000] {logging_mixin.py:188} INFO - [2025-11-02T19:01:06.010+0000] {dag.py:3823} INFO - Setting next_dagrun for tutorial_objectstorage to None, run_after=None
[2025-11-02T19:01:06.061+0000] {processor.py:183} INFO - Processing /home/airflow/.local/lib/python3.8/site-packages/airflow/example_dags/tutorial_objectstorage.py took 0.167 seconds
[2025-11-02T19:01:36.585+0000] {processor.py:161} INFO - Started process (PID=4034) to work on /home/airflow/.local/lib/python3.8/site-packages/airflow/example_dags/tutorial_objectstorage.py
[2025-11-02T19:01:36.589+0000] {processor.py:830} INFO - Processing file /home/airflow/.local/lib/python3.8/site-packages/airflow/example_dags/tutorial_objectstorage.py for tasks to queue
[2025-11-02T19:01:36.598+0000] {logging_mixin.py:188} INFO - [2025-11-02T19:01:36.596+0000] {dagbag.py:538} INFO - Filling up the DagBag from /home/airflow/.local/lib/python3.8/site-packages/airflow/example_dags/tutorial_objectstorage.py
[2025-11-02T19:01:36.623+0000] {processor.py:840} INFO - DAG(s) 'tutorial_objectstorage' retrieved from /home/airflow/.local/lib/python3.8/site-packages/airflow/example_dags/tutorial_objectstorage.py
[2025-11-02T19:01:36.698+0000] {logging_mixin.py:188} INFO - [2025-11-02T19:01:36.698+0000] {dag.py:3036} INFO - Sync 1 DAGs
[2025-11-02T19:01:36.745+0000] {logging_mixin.py:188} INFO - [2025-11-02T19:01:36.744+0000] {dag.py:3823} INFO - Setting next_dagrun for tutorial_objectstorage to None, run_after=None
[2025-11-02T19:01:36.794+0000] {processor.py:183} INFO - Processing /home/airflow/.local/lib/python3.8/site-packages/airflow/example_dags/tutorial_objectstorage.py took 0.230 seconds
[2025-11-02T19:02:07.301+0000] {processor.py:161} INFO - Started process (PID=4088) to work on /home/airflow/.local/lib/python3.8/site-packages/airflow/example_dags/tutorial_objectstorage.py
[2025-11-02T19:02:07.304+0000] {processor.py:830} INFO - Processing file /home/airflow/.local/lib/python3.8/site-packages/airflow/example_dags/tutorial_objectstorage.py for tasks to queue
[2025-11-02T19:02:07.309+0000] {logging_mixin.py:188} INFO - [2025-11-02T19:02:07.308+0000] {dagbag.py:538} INFO - Filling up the DagBag from /home/airflow/.local/lib/python3.8/site-packages/airflow/example_dags/tutorial_objectstorage.py
[2025-11-02T19:02:07.328+0000] {processor.py:840} INFO - DAG(s) 'tutorial_objectstorage' retrieved from /home/airflow/.local/lib/python3.8/site-packages/airflow/example_dags/tutorial_objectstorage.py
[2025-11-02T19:02:07.379+0000] {logging_mixin.py:188} INFO - [2025-11-02T19:02:07.379+0000] {dag.py:3036} INFO - Sync 1 DAGs
[2025-11-02T19:02:07.409+0000] {logging_mixin.py:188} INFO - [2025-11-02T19:02:07.408+0000] {dag.py:3823} INFO - Setting next_dagrun for tutorial_objectstorage to None, run_after=None
[2025-11-02T19:02:07.458+0000] {processor.py:183} INFO - Processing /home/airflow/.local/lib/python3.8/site-packages/airflow/example_dags/tutorial_objectstorage.py took 0.167 seconds
[2025-11-02T19:02:38.860+0000] {processor.py:161} INFO - Started process (PID=4142) to work on /home/airflow/.local/lib/python3.8/site-packages/airflow/example_dags/tutorial_objectstorage.py
[2025-11-02T19:02:38.873+0000] {processor.py:830} INFO - Processing file /home/airflow/.local/lib/python3.8/site-packages/airflow/example_dags/tutorial_objectstorage.py for tasks to queue
[2025-11-02T19:02:38.893+0000] {logging_mixin.py:188} INFO - [2025-11-02T19:02:38.889+0000] {dagbag.py:538} INFO - Filling up the DagBag from /home/airflow/.local/lib/python3.8/site-packages/airflow/example_dags/tutorial_objectstorage.py
[2025-11-02T19:02:38.920+0000] {processor.py:840} INFO - DAG(s) 'tutorial_objectstorage' retrieved from /home/airflow/.local/lib/python3.8/site-packages/airflow/example_dags/tutorial_objectstorage.py
[2025-11-02T19:02:39.026+0000] {logging_mixin.py:188} INFO - [2025-11-02T19:02:39.025+0000] {dag.py:3036} INFO - Sync 1 DAGs
[2025-11-02T19:02:39.090+0000] {logging_mixin.py:188} INFO - [2025-11-02T19:02:39.089+0000] {dag.py:3823} INFO - Setting next_dagrun for tutorial_objectstorage to None, run_after=None
[2025-11-02T19:02:39.214+0000] {processor.py:183} INFO - Processing /home/airflow/.local/lib/python3.8/site-packages/airflow/example_dags/tutorial_objectstorage.py took 0.374 seconds
[2025-11-02T19:03:09.602+0000] {processor.py:161} INFO - Started process (PID=4197) to work on /home/airflow/.local/lib/python3.8/site-packages/airflow/example_dags/tutorial_objectstorage.py
[2025-11-02T19:03:09.612+0000] {processor.py:830} INFO - Processing file /home/airflow/.local/lib/python3.8/site-packages/airflow/example_dags/tutorial_objectstorage.py for tasks to queue
[2025-11-02T19:03:09.621+0000] {logging_mixin.py:188} INFO - [2025-11-02T19:03:09.620+0000] {dagbag.py:538} INFO - Filling up the DagBag from /home/airflow/.local/lib/python3.8/site-packages/airflow/example_dags/tutorial_objectstorage.py
[2025-11-02T19:03:09.657+0000] {processor.py:840} INFO - DAG(s) 'tutorial_objectstorage' retrieved from /home/airflow/.local/lib/python3.8/site-packages/airflow/example_dags/tutorial_objectstorage.py
[2025-11-02T19:03:09.787+0000] {logging_mixin.py:188} INFO - [2025-11-02T19:03:09.786+0000] {dag.py:3036} INFO - Sync 1 DAGs
[2025-11-02T19:03:09.887+0000] {logging_mixin.py:188} INFO - [2025-11-02T19:03:09.886+0000] {dag.py:3823} INFO - Setting next_dagrun for tutorial_objectstorage to None, run_after=None
[2025-11-02T19:03:09.965+0000] {processor.py:183} INFO - Processing /home/airflow/.local/lib/python3.8/site-packages/airflow/example_dags/tutorial_objectstorage.py took 0.382 seconds
[2025-11-02T19:03:40.391+0000] {processor.py:161} INFO - Started process (PID=4252) to work on /home/airflow/.local/lib/python3.8/site-packages/airflow/example_dags/tutorial_objectstorage.py
[2025-11-02T19:03:40.395+0000] {processor.py:830} INFO - Processing file /home/airflow/.local/lib/python3.8/site-packages/airflow/example_dags/tutorial_objectstorage.py for tasks to queue
[2025-11-02T19:03:40.403+0000] {logging_mixin.py:188} INFO - [2025-11-02T19:03:40.402+0000] {dagbag.py:538} INFO - Filling up the DagBag from /home/airflow/.local/lib/python3.8/site-packages/airflow/example_dags/tutorial_objectstorage.py
[2025-11-02T19:03:40.425+0000] {processor.py:840} INFO - DAG(s) 'tutorial_objectstorage' retrieved from /home/airflow/.local/lib/python3.8/site-packages/airflow/example_dags/tutorial_objectstorage.py
[2025-11-02T19:03:40.475+0000] {logging_mixin.py:188} INFO - [2025-11-02T19:03:40.474+0000] {dag.py:3036} INFO - Sync 1 DAGs
[2025-11-02T19:03:40.505+0000] {logging_mixin.py:188} INFO - [2025-11-02T19:03:40.505+0000] {dag.py:3823} INFO - Setting next_dagrun for tutorial_objectstorage to None, run_after=None
[2025-11-02T19:03:40.544+0000] {processor.py:183} INFO - Processing /home/airflow/.local/lib/python3.8/site-packages/airflow/example_dags/tutorial_objectstorage.py took 0.164 seconds
[2025-11-02T19:04:10.825+0000] {processor.py:161} INFO - Started process (PID=4308) to work on /home/airflow/.local/lib/python3.8/site-packages/airflow/example_dags/tutorial_objectstorage.py
[2025-11-02T19:04:10.830+0000] {processor.py:830} INFO - Processing file /home/airflow/.local/lib/python3.8/site-packages/airflow/example_dags/tutorial_objectstorage.py for tasks to queue
[2025-11-02T19:04:10.836+0000] {logging_mixin.py:188} INFO - [2025-11-02T19:04:10.836+0000] {dagbag.py:538} INFO - Filling up the DagBag from /home/airflow/.local/lib/python3.8/site-packages/airflow/example_dags/tutorial_objectstorage.py
[2025-11-02T19:04:10.859+0000] {processor.py:840} INFO - DAG(s) 'tutorial_objectstorage' retrieved from /home/airflow/.local/lib/python3.8/site-packages/airflow/example_dags/tutorial_objectstorage.py
[2025-11-02T19:04:10.921+0000] {logging_mixin.py:188} INFO - [2025-11-02T19:04:10.921+0000] {dag.py:3036} INFO - Sync 1 DAGs
[2025-11-02T19:04:10.958+0000] {logging_mixin.py:188} INFO - [2025-11-02T19:04:10.958+0000] {dag.py:3823} INFO - Setting next_dagrun for tutorial_objectstorage to None, run_after=None
[2025-11-02T19:04:11.013+0000] {processor.py:183} INFO - Processing /home/airflow/.local/lib/python3.8/site-packages/airflow/example_dags/tutorial_objectstorage.py took 0.203 seconds
[2025-11-02T19:04:41.627+0000] {processor.py:161} INFO - Started process (PID=4362) to work on /home/airflow/.local/lib/python3.8/site-packages/airflow/example_dags/tutorial_objectstorage.py
[2025-11-02T19:04:41.630+0000] {processor.py:830} INFO - Processing file /home/airflow/.local/lib/python3.8/site-packages/airflow/example_dags/tutorial_objectstorage.py for tasks to queue
[2025-11-02T19:04:41.637+0000] {logging_mixin.py:188} INFO - [2025-11-02T19:04:41.636+0000] {dagbag.py:538} INFO - Filling up the DagBag from /home/airflow/.local/lib/python3.8/site-packages/airflow/example_dags/tutorial_objectstorage.py
[2025-11-02T19:04:41.659+0000] {processor.py:840} INFO - DAG(s) 'tutorial_objectstorage' retrieved from /home/airflow/.local/lib/python3.8/site-packages/airflow/example_dags/tutorial_objectstorage.py
[2025-11-02T19:04:41.718+0000] {logging_mixin.py:188} INFO - [2025-11-02T19:04:41.717+0000] {dag.py:3036} INFO - Sync 1 DAGs
[2025-11-02T19:04:41.763+0000] {logging_mixin.py:188} INFO - [2025-11-02T19:04:41.762+0000] {dag.py:3823} INFO - Setting next_dagrun for tutorial_objectstorage to None, run_after=None
[2025-11-02T19:04:41.820+0000] {processor.py:183} INFO - Processing /home/airflow/.local/lib/python3.8/site-packages/airflow/example_dags/tutorial_objectstorage.py took 0.204 seconds
[2025-11-02T19:05:12.206+0000] {processor.py:161} INFO - Started process (PID=4417) to work on /home/airflow/.local/lib/python3.8/site-packages/airflow/example_dags/tutorial_objectstorage.py
[2025-11-02T19:05:12.210+0000] {processor.py:830} INFO - Processing file /home/airflow/.local/lib/python3.8/site-packages/airflow/example_dags/tutorial_objectstorage.py for tasks to queue
[2025-11-02T19:05:12.217+0000] {logging_mixin.py:188} INFO - [2025-11-02T19:05:12.216+0000] {dagbag.py:538} INFO - Filling up the DagBag from /home/airflow/.local/lib/python3.8/site-packages/airflow/example_dags/tutorial_objectstorage.py
[2025-11-02T19:05:12.242+0000] {processor.py:840} INFO - DAG(s) 'tutorial_objectstorage' retrieved from /home/airflow/.local/lib/python3.8/site-packages/airflow/example_dags/tutorial_objectstorage.py
[2025-11-02T19:05:12.304+0000] {logging_mixin.py:188} INFO - [2025-11-02T19:05:12.303+0000] {dag.py:3036} INFO - Sync 1 DAGs
[2025-11-02T19:05:12.359+0000] {logging_mixin.py:188} INFO - [2025-11-02T19:05:12.358+0000] {dag.py:3823} INFO - Setting next_dagrun for tutorial_objectstorage to None, run_after=None
[2025-11-02T19:05:12.461+0000] {processor.py:183} INFO - Processing /home/airflow/.local/lib/python3.8/site-packages/airflow/example_dags/tutorial_objectstorage.py took 0.269 seconds
[2025-11-02T19:05:42.771+0000] {processor.py:161} INFO - Started process (PID=4472) to work on /home/airflow/.local/lib/python3.8/site-packages/airflow/example_dags/tutorial_objectstorage.py
[2025-11-02T19:05:42.773+0000] {processor.py:830} INFO - Processing file /home/airflow/.local/lib/python3.8/site-packages/airflow/example_dags/tutorial_objectstorage.py for tasks to queue
[2025-11-02T19:05:42.778+0000] {logging_mixin.py:188} INFO - [2025-11-02T19:05:42.777+0000] {dagbag.py:538} INFO - Filling up the DagBag from /home/airflow/.local/lib/python3.8/site-packages/airflow/example_dags/tutorial_objectstorage.py
[2025-11-02T19:05:42.796+0000] {processor.py:840} INFO - DAG(s) 'tutorial_objectstorage' retrieved from /home/airflow/.local/lib/python3.8/site-packages/airflow/example_dags/tutorial_objectstorage.py
[2025-11-02T19:05:42.848+0000] {logging_mixin.py:188} INFO - [2025-11-02T19:05:42.847+0000] {dag.py:3036} INFO - Sync 1 DAGs
[2025-11-02T19:05:42.886+0000] {logging_mixin.py:188} INFO - [2025-11-02T19:05:42.886+0000] {dag.py:3823} INFO - Setting next_dagrun for tutorial_objectstorage to None, run_after=None
[2025-11-02T19:05:42.935+0000] {processor.py:183} INFO - Processing /home/airflow/.local/lib/python3.8/site-packages/airflow/example_dags/tutorial_objectstorage.py took 0.174 seconds
[2025-11-02T19:06:13.382+0000] {processor.py:161} INFO - Started process (PID=4527) to work on /home/airflow/.local/lib/python3.8/site-packages/airflow/example_dags/tutorial_objectstorage.py
[2025-11-02T19:06:13.384+0000] {processor.py:830} INFO - Processing file /home/airflow/.local/lib/python3.8/site-packages/airflow/example_dags/tutorial_objectstorage.py for tasks to queue
[2025-11-02T19:06:13.390+0000] {logging_mixin.py:188} INFO - [2025-11-02T19:06:13.389+0000] {dagbag.py:538} INFO - Filling up the DagBag from /home/airflow/.local/lib/python3.8/site-packages/airflow/example_dags/tutorial_objectstorage.py
[2025-11-02T19:06:13.407+0000] {processor.py:840} INFO - DAG(s) 'tutorial_objectstorage' retrieved from /home/airflow/.local/lib/python3.8/site-packages/airflow/example_dags/tutorial_objectstorage.py
[2025-11-02T19:06:13.462+0000] {logging_mixin.py:188} INFO - [2025-11-02T19:06:13.461+0000] {dag.py:3036} INFO - Sync 1 DAGs
[2025-11-02T19:06:13.506+0000] {logging_mixin.py:188} INFO - [2025-11-02T19:06:13.506+0000] {dag.py:3823} INFO - Setting next_dagrun for tutorial_objectstorage to None, run_after=None
[2025-11-02T19:06:13.557+0000] {processor.py:183} INFO - Processing /home/airflow/.local/lib/python3.8/site-packages/airflow/example_dags/tutorial_objectstorage.py took 0.186 seconds
[2025-11-02T19:06:44.269+0000] {processor.py:161} INFO - Started process (PID=4582) to work on /home/airflow/.local/lib/python3.8/site-packages/airflow/example_dags/tutorial_objectstorage.py
[2025-11-02T19:06:44.273+0000] {processor.py:830} INFO - Processing file /home/airflow/.local/lib/python3.8/site-packages/airflow/example_dags/tutorial_objectstorage.py for tasks to queue
[2025-11-02T19:06:44.279+0000] {logging_mixin.py:188} INFO - [2025-11-02T19:06:44.278+0000] {dagbag.py:538} INFO - Filling up the DagBag from /home/airflow/.local/lib/python3.8/site-packages/airflow/example_dags/tutorial_objectstorage.py
[2025-11-02T19:06:44.301+0000] {processor.py:840} INFO - DAG(s) 'tutorial_objectstorage' retrieved from /home/airflow/.local/lib/python3.8/site-packages/airflow/example_dags/tutorial_objectstorage.py
[2025-11-02T19:06:44.361+0000] {logging_mixin.py:188} INFO - [2025-11-02T19:06:44.361+0000] {dag.py:3036} INFO - Sync 1 DAGs
[2025-11-02T19:06:44.404+0000] {logging_mixin.py:188} INFO - [2025-11-02T19:06:44.402+0000] {dag.py:3823} INFO - Setting next_dagrun for tutorial_objectstorage to None, run_after=None
[2025-11-02T19:06:44.483+0000] {processor.py:183} INFO - Processing /home/airflow/.local/lib/python3.8/site-packages/airflow/example_dags/tutorial_objectstorage.py took 0.226 seconds
[2025-11-02T19:07:15.320+0000] {processor.py:161} INFO - Started process (PID=4637) to work on /home/airflow/.local/lib/python3.8/site-packages/airflow/example_dags/tutorial_objectstorage.py
[2025-11-02T19:07:15.330+0000] {processor.py:830} INFO - Processing file /home/airflow/.local/lib/python3.8/site-packages/airflow/example_dags/tutorial_objectstorage.py for tasks to queue
[2025-11-02T19:07:15.345+0000] {logging_mixin.py:188} INFO - [2025-11-02T19:07:15.340+0000] {dagbag.py:538} INFO - Filling up the DagBag from /home/airflow/.local/lib/python3.8/site-packages/airflow/example_dags/tutorial_objectstorage.py
[2025-11-02T19:07:15.390+0000] {processor.py:840} INFO - DAG(s) 'tutorial_objectstorage' retrieved from /home/airflow/.local/lib/python3.8/site-packages/airflow/example_dags/tutorial_objectstorage.py
[2025-11-02T19:07:15.519+0000] {logging_mixin.py:188} INFO - [2025-11-02T19:07:15.518+0000] {dag.py:3036} INFO - Sync 1 DAGs
[2025-11-02T19:07:15.621+0000] {logging_mixin.py:188} INFO - [2025-11-02T19:07:15.619+0000] {dag.py:3823} INFO - Setting next_dagrun for tutorial_objectstorage to None, run_after=None
[2025-11-02T19:07:15.785+0000] {processor.py:183} INFO - Processing /home/airflow/.local/lib/python3.8/site-packages/airflow/example_dags/tutorial_objectstorage.py took 0.491 seconds
[2025-11-02T19:07:46.323+0000] {processor.py:161} INFO - Started process (PID=4692) to work on /home/airflow/.local/lib/python3.8/site-packages/airflow/example_dags/tutorial_objectstorage.py
[2025-11-02T19:07:46.326+0000] {processor.py:830} INFO - Processing file /home/airflow/.local/lib/python3.8/site-packages/airflow/example_dags/tutorial_objectstorage.py for tasks to queue
[2025-11-02T19:07:46.335+0000] {logging_mixin.py:188} INFO - [2025-11-02T19:07:46.333+0000] {dagbag.py:538} INFO - Filling up the DagBag from /home/airflow/.local/lib/python3.8/site-packages/airflow/example_dags/tutorial_objectstorage.py
[2025-11-02T19:07:46.358+0000] {processor.py:840} INFO - DAG(s) 'tutorial_objectstorage' retrieved from /home/airflow/.local/lib/python3.8/site-packages/airflow/example_dags/tutorial_objectstorage.py
[2025-11-02T19:07:46.421+0000] {logging_mixin.py:188} INFO - [2025-11-02T19:07:46.421+0000] {dag.py:3036} INFO - Sync 1 DAGs
[2025-11-02T19:07:46.465+0000] {logging_mixin.py:188} INFO - [2025-11-02T19:07:46.464+0000] {dag.py:3823} INFO - Setting next_dagrun for tutorial_objectstorage to None, run_after=None
[2025-11-02T19:07:46.535+0000] {processor.py:183} INFO - Processing /home/airflow/.local/lib/python3.8/site-packages/airflow/example_dags/tutorial_objectstorage.py took 0.223 seconds
[2025-11-02T19:08:17.616+0000] {processor.py:161} INFO - Started process (PID=4748) to work on /home/airflow/.local/lib/python3.8/site-packages/airflow/example_dags/tutorial_objectstorage.py
[2025-11-02T19:08:17.619+0000] {processor.py:830} INFO - Processing file /home/airflow/.local/lib/python3.8/site-packages/airflow/example_dags/tutorial_objectstorage.py for tasks to queue
[2025-11-02T19:08:17.626+0000] {logging_mixin.py:188} INFO - [2025-11-02T19:08:17.625+0000] {dagbag.py:538} INFO - Filling up the DagBag from /home/airflow/.local/lib/python3.8/site-packages/airflow/example_dags/tutorial_objectstorage.py
[2025-11-02T19:08:17.646+0000] {processor.py:840} INFO - DAG(s) 'tutorial_objectstorage' retrieved from /home/airflow/.local/lib/python3.8/site-packages/airflow/example_dags/tutorial_objectstorage.py
[2025-11-02T19:08:17.690+0000] {logging_mixin.py:188} INFO - [2025-11-02T19:08:17.689+0000] {dag.py:3036} INFO - Sync 1 DAGs
[2025-11-02T19:08:17.713+0000] {logging_mixin.py:188} INFO - [2025-11-02T19:08:17.713+0000] {dag.py:3823} INFO - Setting next_dagrun for tutorial_objectstorage to None, run_after=None
[2025-11-02T19:08:17.795+0000] {processor.py:183} INFO - Processing /home/airflow/.local/lib/python3.8/site-packages/airflow/example_dags/tutorial_objectstorage.py took 0.189 seconds
[2025-11-02T19:08:48.457+0000] {processor.py:161} INFO - Started process (PID=4803) to work on /home/airflow/.local/lib/python3.8/site-packages/airflow/example_dags/tutorial_objectstorage.py
[2025-11-02T19:08:48.461+0000] {processor.py:830} INFO - Processing file /home/airflow/.local/lib/python3.8/site-packages/airflow/example_dags/tutorial_objectstorage.py for tasks to queue
[2025-11-02T19:08:48.466+0000] {logging_mixin.py:188} INFO - [2025-11-02T19:08:48.465+0000] {dagbag.py:538} INFO - Filling up the DagBag from /home/airflow/.local/lib/python3.8/site-packages/airflow/example_dags/tutorial_objectstorage.py
[2025-11-02T19:08:48.490+0000] {processor.py:840} INFO - DAG(s) 'tutorial_objectstorage' retrieved from /home/airflow/.local/lib/python3.8/site-packages/airflow/example_dags/tutorial_objectstorage.py
[2025-11-02T19:08:48.576+0000] {logging_mixin.py:188} INFO - [2025-11-02T19:08:48.576+0000] {dag.py:3036} INFO - Sync 1 DAGs
[2025-11-02T19:08:48.620+0000] {logging_mixin.py:188} INFO - [2025-11-02T19:08:48.619+0000] {dag.py:3823} INFO - Setting next_dagrun for tutorial_objectstorage to None, run_after=None
[2025-11-02T19:08:48.687+0000] {processor.py:183} INFO - Processing /home/airflow/.local/lib/python3.8/site-packages/airflow/example_dags/tutorial_objectstorage.py took 0.241 seconds
[2025-11-02T19:09:19.464+0000] {processor.py:161} INFO - Started process (PID=4858) to work on /home/airflow/.local/lib/python3.8/site-packages/airflow/example_dags/tutorial_objectstorage.py
[2025-11-02T19:09:19.468+0000] {processor.py:830} INFO - Processing file /home/airflow/.local/lib/python3.8/site-packages/airflow/example_dags/tutorial_objectstorage.py for tasks to queue
[2025-11-02T19:09:19.488+0000] {logging_mixin.py:188} INFO - [2025-11-02T19:09:19.487+0000] {dagbag.py:538} INFO - Filling up the DagBag from /home/airflow/.local/lib/python3.8/site-packages/airflow/example_dags/tutorial_objectstorage.py
[2025-11-02T19:09:19.520+0000] {processor.py:840} INFO - DAG(s) 'tutorial_objectstorage' retrieved from /home/airflow/.local/lib/python3.8/site-packages/airflow/example_dags/tutorial_objectstorage.py
[2025-11-02T19:09:19.575+0000] {logging_mixin.py:188} INFO - [2025-11-02T19:09:19.574+0000] {dag.py:3036} INFO - Sync 1 DAGs
[2025-11-02T19:09:19.603+0000] {logging_mixin.py:188} INFO - [2025-11-02T19:09:19.603+0000] {dag.py:3823} INFO - Setting next_dagrun for tutorial_objectstorage to None, run_after=None
[2025-11-02T19:09:19.650+0000] {processor.py:183} INFO - Processing /home/airflow/.local/lib/python3.8/site-packages/airflow/example_dags/tutorial_objectstorage.py took 0.203 seconds
[2025-11-02T19:09:51.822+0000] {processor.py:161} INFO - Started process (PID=4913) to work on /home/airflow/.local/lib/python3.8/site-packages/airflow/example_dags/tutorial_objectstorage.py
[2025-11-02T19:09:51.828+0000] {processor.py:830} INFO - Processing file /home/airflow/.local/lib/python3.8/site-packages/airflow/example_dags/tutorial_objectstorage.py for tasks to queue
[2025-11-02T19:09:51.840+0000] {logging_mixin.py:188} INFO - [2025-11-02T19:09:51.839+0000] {dagbag.py:538} INFO - Filling up the DagBag from /home/airflow/.local/lib/python3.8/site-packages/airflow/example_dags/tutorial_objectstorage.py
[2025-11-02T19:09:51.902+0000] {processor.py:840} INFO - DAG(s) 'tutorial_objectstorage' retrieved from /home/airflow/.local/lib/python3.8/site-packages/airflow/example_dags/tutorial_objectstorage.py
[2025-11-02T19:09:52.035+0000] {logging_mixin.py:188} INFO - [2025-11-02T19:09:52.034+0000] {dag.py:3036} INFO - Sync 1 DAGs
[2025-11-02T19:09:52.130+0000] {logging_mixin.py:188} INFO - [2025-11-02T19:09:52.129+0000] {dag.py:3823} INFO - Setting next_dagrun for tutorial_objectstorage to None, run_after=None
[2025-11-02T19:09:52.214+0000] {processor.py:183} INFO - Processing /home/airflow/.local/lib/python3.8/site-packages/airflow/example_dags/tutorial_objectstorage.py took 0.421 seconds
[2025-11-02T19:10:22.714+0000] {processor.py:161} INFO - Started process (PID=4968) to work on /home/airflow/.local/lib/python3.8/site-packages/airflow/example_dags/tutorial_objectstorage.py
[2025-11-02T19:10:22.717+0000] {processor.py:830} INFO - Processing file /home/airflow/.local/lib/python3.8/site-packages/airflow/example_dags/tutorial_objectstorage.py for tasks to queue
[2025-11-02T19:10:22.724+0000] {logging_mixin.py:188} INFO - [2025-11-02T19:10:22.723+0000] {dagbag.py:538} INFO - Filling up the DagBag from /home/airflow/.local/lib/python3.8/site-packages/airflow/example_dags/tutorial_objectstorage.py
[2025-11-02T19:10:22.744+0000] {processor.py:840} INFO - DAG(s) 'tutorial_objectstorage' retrieved from /home/airflow/.local/lib/python3.8/site-packages/airflow/example_dags/tutorial_objectstorage.py
[2025-11-02T19:10:22.803+0000] {logging_mixin.py:188} INFO - [2025-11-02T19:10:22.802+0000] {dag.py:3036} INFO - Sync 1 DAGs
[2025-11-02T19:10:22.837+0000] {logging_mixin.py:188} INFO - [2025-11-02T19:10:22.836+0000] {dag.py:3823} INFO - Setting next_dagrun for tutorial_objectstorage to None, run_after=None
[2025-11-02T19:10:22.880+0000] {processor.py:183} INFO - Processing /home/airflow/.local/lib/python3.8/site-packages/airflow/example_dags/tutorial_objectstorage.py took 0.177 seconds
[2025-11-02T19:10:53.044+0000] {processor.py:161} INFO - Started process (PID=5023) to work on /home/airflow/.local/lib/python3.8/site-packages/airflow/example_dags/tutorial_objectstorage.py
[2025-11-02T19:10:53.046+0000] {processor.py:830} INFO - Processing file /home/airflow/.local/lib/python3.8/site-packages/airflow/example_dags/tutorial_objectstorage.py for tasks to queue
[2025-11-02T19:10:53.051+0000] {logging_mixin.py:188} INFO - [2025-11-02T19:10:53.051+0000] {dagbag.py:538} INFO - Filling up the DagBag from /home/airflow/.local/lib/python3.8/site-packages/airflow/example_dags/tutorial_objectstorage.py
[2025-11-02T19:10:53.068+0000] {processor.py:840} INFO - DAG(s) 'tutorial_objectstorage' retrieved from /home/airflow/.local/lib/python3.8/site-packages/airflow/example_dags/tutorial_objectstorage.py
[2025-11-02T19:10:53.118+0000] {logging_mixin.py:188} INFO - [2025-11-02T19:10:53.117+0000] {dag.py:3036} INFO - Sync 1 DAGs
[2025-11-02T19:10:53.148+0000] {logging_mixin.py:188} INFO - [2025-11-02T19:10:53.148+0000] {dag.py:3823} INFO - Setting next_dagrun for tutorial_objectstorage to None, run_after=None
[2025-11-02T19:10:53.196+0000] {processor.py:183} INFO - Processing /home/airflow/.local/lib/python3.8/site-packages/airflow/example_dags/tutorial_objectstorage.py took 0.162 seconds
[2025-11-02T19:11:23.706+0000] {processor.py:161} INFO - Started process (PID=5077) to work on /home/airflow/.local/lib/python3.8/site-packages/airflow/example_dags/tutorial_objectstorage.py
[2025-11-02T19:11:23.709+0000] {processor.py:830} INFO - Processing file /home/airflow/.local/lib/python3.8/site-packages/airflow/example_dags/tutorial_objectstorage.py for tasks to queue
[2025-11-02T19:11:23.714+0000] {logging_mixin.py:188} INFO - [2025-11-02T19:11:23.714+0000] {dagbag.py:538} INFO - Filling up the DagBag from /home/airflow/.local/lib/python3.8/site-packages/airflow/example_dags/tutorial_objectstorage.py
[2025-11-02T19:11:23.732+0000] {processor.py:840} INFO - DAG(s) 'tutorial_objectstorage' retrieved from /home/airflow/.local/lib/python3.8/site-packages/airflow/example_dags/tutorial_objectstorage.py
[2025-11-02T19:11:23.789+0000] {logging_mixin.py:188} INFO - [2025-11-02T19:11:23.788+0000] {dag.py:3036} INFO - Sync 1 DAGs
[2025-11-02T19:11:23.824+0000] {logging_mixin.py:188} INFO - [2025-11-02T19:11:23.823+0000] {dag.py:3823} INFO - Setting next_dagrun for tutorial_objectstorage to None, run_after=None
[2025-11-02T19:11:23.870+0000] {processor.py:183} INFO - Processing /home/airflow/.local/lib/python3.8/site-packages/airflow/example_dags/tutorial_objectstorage.py took 0.173 seconds
[2025-11-02T19:11:55.314+0000] {processor.py:161} INFO - Started process (PID=5133) to work on /home/airflow/.local/lib/python3.8/site-packages/airflow/example_dags/tutorial_objectstorage.py
[2025-11-02T19:11:55.317+0000] {processor.py:830} INFO - Processing file /home/airflow/.local/lib/python3.8/site-packages/airflow/example_dags/tutorial_objectstorage.py for tasks to queue
[2025-11-02T19:11:55.323+0000] {logging_mixin.py:188} INFO - [2025-11-02T19:11:55.322+0000] {dagbag.py:538} INFO - Filling up the DagBag from /home/airflow/.local/lib/python3.8/site-packages/airflow/example_dags/tutorial_objectstorage.py
[2025-11-02T19:11:55.342+0000] {processor.py:840} INFO - DAG(s) 'tutorial_objectstorage' retrieved from /home/airflow/.local/lib/python3.8/site-packages/airflow/example_dags/tutorial_objectstorage.py
[2025-11-02T19:11:55.402+0000] {logging_mixin.py:188} INFO - [2025-11-02T19:11:55.401+0000] {dag.py:3036} INFO - Sync 1 DAGs
[2025-11-02T19:11:55.429+0000] {logging_mixin.py:188} INFO - [2025-11-02T19:11:55.429+0000] {dag.py:3823} INFO - Setting next_dagrun for tutorial_objectstorage to None, run_after=None
[2025-11-02T19:11:55.484+0000] {processor.py:183} INFO - Processing /home/airflow/.local/lib/python3.8/site-packages/airflow/example_dags/tutorial_objectstorage.py took 0.181 seconds
[2025-11-02T19:12:26.241+0000] {processor.py:161} INFO - Started process (PID=5188) to work on /home/airflow/.local/lib/python3.8/site-packages/airflow/example_dags/tutorial_objectstorage.py
[2025-11-02T19:12:26.244+0000] {processor.py:830} INFO - Processing file /home/airflow/.local/lib/python3.8/site-packages/airflow/example_dags/tutorial_objectstorage.py for tasks to queue
[2025-11-02T19:12:26.252+0000] {logging_mixin.py:188} INFO - [2025-11-02T19:12:26.251+0000] {dagbag.py:538} INFO - Filling up the DagBag from /home/airflow/.local/lib/python3.8/site-packages/airflow/example_dags/tutorial_objectstorage.py
[2025-11-02T19:12:26.277+0000] {processor.py:840} INFO - DAG(s) 'tutorial_objectstorage' retrieved from /home/airflow/.local/lib/python3.8/site-packages/airflow/example_dags/tutorial_objectstorage.py
[2025-11-02T19:12:26.347+0000] {logging_mixin.py:188} INFO - [2025-11-02T19:12:26.347+0000] {dag.py:3036} INFO - Sync 1 DAGs
[2025-11-02T19:12:26.396+0000] {logging_mixin.py:188} INFO - [2025-11-02T19:12:26.395+0000] {dag.py:3823} INFO - Setting next_dagrun for tutorial_objectstorage to None, run_after=None
[2025-11-02T19:12:26.455+0000] {processor.py:183} INFO - Processing /home/airflow/.local/lib/python3.8/site-packages/airflow/example_dags/tutorial_objectstorage.py took 0.226 seconds
[2025-11-02T19:12:57.222+0000] {processor.py:161} INFO - Started process (PID=5244) to work on /home/airflow/.local/lib/python3.8/site-packages/airflow/example_dags/tutorial_objectstorage.py
[2025-11-02T19:12:57.224+0000] {processor.py:830} INFO - Processing file /home/airflow/.local/lib/python3.8/site-packages/airflow/example_dags/tutorial_objectstorage.py for tasks to queue
[2025-11-02T19:12:57.231+0000] {logging_mixin.py:188} INFO - [2025-11-02T19:12:57.230+0000] {dagbag.py:538} INFO - Filling up the DagBag from /home/airflow/.local/lib/python3.8/site-packages/airflow/example_dags/tutorial_objectstorage.py
[2025-11-02T19:12:57.258+0000] {processor.py:840} INFO - DAG(s) 'tutorial_objectstorage' retrieved from /home/airflow/.local/lib/python3.8/site-packages/airflow/example_dags/tutorial_objectstorage.py
[2025-11-02T19:12:57.322+0000] {logging_mixin.py:188} INFO - [2025-11-02T19:12:57.322+0000] {dag.py:3036} INFO - Sync 1 DAGs
[2025-11-02T19:12:57.362+0000] {logging_mixin.py:188} INFO - [2025-11-02T19:12:57.361+0000] {dag.py:3823} INFO - Setting next_dagrun for tutorial_objectstorage to None, run_after=None
[2025-11-02T19:12:57.423+0000] {processor.py:183} INFO - Processing /home/airflow/.local/lib/python3.8/site-packages/airflow/example_dags/tutorial_objectstorage.py took 0.210 seconds
[2025-11-02T19:13:27.601+0000] {processor.py:161} INFO - Started process (PID=5297) to work on /home/airflow/.local/lib/python3.8/site-packages/airflow/example_dags/tutorial_objectstorage.py
[2025-11-02T19:13:27.604+0000] {processor.py:830} INFO - Processing file /home/airflow/.local/lib/python3.8/site-packages/airflow/example_dags/tutorial_objectstorage.py for tasks to queue
[2025-11-02T19:13:27.610+0000] {logging_mixin.py:188} INFO - [2025-11-02T19:13:27.609+0000] {dagbag.py:538} INFO - Filling up the DagBag from /home/airflow/.local/lib/python3.8/site-packages/airflow/example_dags/tutorial_objectstorage.py
[2025-11-02T19:13:27.628+0000] {processor.py:840} INFO - DAG(s) 'tutorial_objectstorage' retrieved from /home/airflow/.local/lib/python3.8/site-packages/airflow/example_dags/tutorial_objectstorage.py
[2025-11-02T19:13:27.674+0000] {logging_mixin.py:188} INFO - [2025-11-02T19:13:27.673+0000] {dag.py:3036} INFO - Sync 1 DAGs
[2025-11-02T19:13:27.703+0000] {logging_mixin.py:188} INFO - [2025-11-02T19:13:27.702+0000] {dag.py:3823} INFO - Setting next_dagrun for tutorial_objectstorage to None, run_after=None
[2025-11-02T19:13:27.744+0000] {processor.py:183} INFO - Processing /home/airflow/.local/lib/python3.8/site-packages/airflow/example_dags/tutorial_objectstorage.py took 0.155 seconds
[2025-11-02T19:13:58.227+0000] {processor.py:161} INFO - Started process (PID=5352) to work on /home/airflow/.local/lib/python3.8/site-packages/airflow/example_dags/tutorial_objectstorage.py
[2025-11-02T19:13:58.231+0000] {processor.py:830} INFO - Processing file /home/airflow/.local/lib/python3.8/site-packages/airflow/example_dags/tutorial_objectstorage.py for tasks to queue
[2025-11-02T19:13:58.238+0000] {logging_mixin.py:188} INFO - [2025-11-02T19:13:58.237+0000] {dagbag.py:538} INFO - Filling up the DagBag from /home/airflow/.local/lib/python3.8/site-packages/airflow/example_dags/tutorial_objectstorage.py
[2025-11-02T19:13:58.262+0000] {processor.py:840} INFO - DAG(s) 'tutorial_objectstorage' retrieved from /home/airflow/.local/lib/python3.8/site-packages/airflow/example_dags/tutorial_objectstorage.py
[2025-11-02T19:13:58.338+0000] {logging_mixin.py:188} INFO - [2025-11-02T19:13:58.338+0000] {dag.py:3036} INFO - Sync 1 DAGs
[2025-11-02T19:13:58.384+0000] {logging_mixin.py:188} INFO - [2025-11-02T19:13:58.384+0000] {dag.py:3823} INFO - Setting next_dagrun for tutorial_objectstorage to None, run_after=None
[2025-11-02T19:13:58.448+0000] {processor.py:183} INFO - Processing /home/airflow/.local/lib/python3.8/site-packages/airflow/example_dags/tutorial_objectstorage.py took 0.235 seconds
[2025-11-02T19:14:29.069+0000] {processor.py:161} INFO - Started process (PID=5407) to work on /home/airflow/.local/lib/python3.8/site-packages/airflow/example_dags/tutorial_objectstorage.py
[2025-11-02T19:14:29.072+0000] {processor.py:830} INFO - Processing file /home/airflow/.local/lib/python3.8/site-packages/airflow/example_dags/tutorial_objectstorage.py for tasks to queue
[2025-11-02T19:14:29.078+0000] {logging_mixin.py:188} INFO - [2025-11-02T19:14:29.077+0000] {dagbag.py:538} INFO - Filling up the DagBag from /home/airflow/.local/lib/python3.8/site-packages/airflow/example_dags/tutorial_objectstorage.py
[2025-11-02T19:14:29.097+0000] {processor.py:840} INFO - DAG(s) 'tutorial_objectstorage' retrieved from /home/airflow/.local/lib/python3.8/site-packages/airflow/example_dags/tutorial_objectstorage.py
[2025-11-02T19:14:29.150+0000] {logging_mixin.py:188} INFO - [2025-11-02T19:14:29.150+0000] {dag.py:3036} INFO - Sync 1 DAGs
[2025-11-02T19:14:29.181+0000] {logging_mixin.py:188} INFO - [2025-11-02T19:14:29.181+0000] {dag.py:3823} INFO - Setting next_dagrun for tutorial_objectstorage to None, run_after=None
[2025-11-02T19:14:29.242+0000] {processor.py:183} INFO - Processing /home/airflow/.local/lib/python3.8/site-packages/airflow/example_dags/tutorial_objectstorage.py took 0.183 seconds
[2025-11-02T19:14:59.544+0000] {processor.py:161} INFO - Started process (PID=5463) to work on /home/airflow/.local/lib/python3.8/site-packages/airflow/example_dags/tutorial_objectstorage.py
[2025-11-02T19:14:59.547+0000] {processor.py:830} INFO - Processing file /home/airflow/.local/lib/python3.8/site-packages/airflow/example_dags/tutorial_objectstorage.py for tasks to queue
[2025-11-02T19:14:59.554+0000] {logging_mixin.py:188} INFO - [2025-11-02T19:14:59.553+0000] {dagbag.py:538} INFO - Filling up the DagBag from /home/airflow/.local/lib/python3.8/site-packages/airflow/example_dags/tutorial_objectstorage.py
[2025-11-02T19:14:59.577+0000] {processor.py:840} INFO - DAG(s) 'tutorial_objectstorage' retrieved from /home/airflow/.local/lib/python3.8/site-packages/airflow/example_dags/tutorial_objectstorage.py
[2025-11-02T19:14:59.634+0000] {logging_mixin.py:188} INFO - [2025-11-02T19:14:59.634+0000] {dag.py:3036} INFO - Sync 1 DAGs
[2025-11-02T19:14:59.671+0000] {logging_mixin.py:188} INFO - [2025-11-02T19:14:59.671+0000] {dag.py:3823} INFO - Setting next_dagrun for tutorial_objectstorage to None, run_after=None
[2025-11-02T19:14:59.720+0000] {processor.py:183} INFO - Processing /home/airflow/.local/lib/python3.8/site-packages/airflow/example_dags/tutorial_objectstorage.py took 0.189 seconds
[2025-11-02T19:15:29.966+0000] {processor.py:161} INFO - Started process (PID=5518) to work on /home/airflow/.local/lib/python3.8/site-packages/airflow/example_dags/tutorial_objectstorage.py
[2025-11-02T19:15:29.970+0000] {processor.py:830} INFO - Processing file /home/airflow/.local/lib/python3.8/site-packages/airflow/example_dags/tutorial_objectstorage.py for tasks to queue
[2025-11-02T19:15:29.977+0000] {logging_mixin.py:188} INFO - [2025-11-02T19:15:29.976+0000] {dagbag.py:538} INFO - Filling up the DagBag from /home/airflow/.local/lib/python3.8/site-packages/airflow/example_dags/tutorial_objectstorage.py
[2025-11-02T19:15:29.999+0000] {processor.py:840} INFO - DAG(s) 'tutorial_objectstorage' retrieved from /home/airflow/.local/lib/python3.8/site-packages/airflow/example_dags/tutorial_objectstorage.py
[2025-11-02T19:15:30.062+0000] {logging_mixin.py:188} INFO - [2025-11-02T19:15:30.062+0000] {dag.py:3036} INFO - Sync 1 DAGs
[2025-11-02T19:15:30.115+0000] {logging_mixin.py:188} INFO - [2025-11-02T19:15:30.114+0000] {dag.py:3823} INFO - Setting next_dagrun for tutorial_objectstorage to None, run_after=None
[2025-11-02T19:15:30.184+0000] {processor.py:183} INFO - Processing /home/airflow/.local/lib/python3.8/site-packages/airflow/example_dags/tutorial_objectstorage.py took 0.237 seconds
[2025-11-02T19:16:00.567+0000] {processor.py:161} INFO - Started process (PID=5573) to work on /home/airflow/.local/lib/python3.8/site-packages/airflow/example_dags/tutorial_objectstorage.py
[2025-11-02T19:16:00.570+0000] {processor.py:830} INFO - Processing file /home/airflow/.local/lib/python3.8/site-packages/airflow/example_dags/tutorial_objectstorage.py for tasks to queue
[2025-11-02T19:16:00.574+0000] {logging_mixin.py:188} INFO - [2025-11-02T19:16:00.574+0000] {dagbag.py:538} INFO - Filling up the DagBag from /home/airflow/.local/lib/python3.8/site-packages/airflow/example_dags/tutorial_objectstorage.py
[2025-11-02T19:16:00.591+0000] {processor.py:840} INFO - DAG(s) 'tutorial_objectstorage' retrieved from /home/airflow/.local/lib/python3.8/site-packages/airflow/example_dags/tutorial_objectstorage.py
[2025-11-02T19:16:00.635+0000] {logging_mixin.py:188} INFO - [2025-11-02T19:16:00.635+0000] {dag.py:3036} INFO - Sync 1 DAGs
[2025-11-02T19:16:00.660+0000] {logging_mixin.py:188} INFO - [2025-11-02T19:16:00.659+0000] {dag.py:3823} INFO - Setting next_dagrun for tutorial_objectstorage to None, run_after=None
[2025-11-02T19:16:00.716+0000] {processor.py:183} INFO - Processing /home/airflow/.local/lib/python3.8/site-packages/airflow/example_dags/tutorial_objectstorage.py took 0.158 seconds
[2025-11-02T19:16:31.290+0000] {processor.py:161} INFO - Started process (PID=5628) to work on /home/airflow/.local/lib/python3.8/site-packages/airflow/example_dags/tutorial_objectstorage.py
[2025-11-02T19:16:31.295+0000] {processor.py:830} INFO - Processing file /home/airflow/.local/lib/python3.8/site-packages/airflow/example_dags/tutorial_objectstorage.py for tasks to queue
[2025-11-02T19:16:31.301+0000] {logging_mixin.py:188} INFO - [2025-11-02T19:16:31.300+0000] {dagbag.py:538} INFO - Filling up the DagBag from /home/airflow/.local/lib/python3.8/site-packages/airflow/example_dags/tutorial_objectstorage.py
[2025-11-02T19:16:31.324+0000] {processor.py:840} INFO - DAG(s) 'tutorial_objectstorage' retrieved from /home/airflow/.local/lib/python3.8/site-packages/airflow/example_dags/tutorial_objectstorage.py
[2025-11-02T19:16:31.432+0000] {logging_mixin.py:188} INFO - [2025-11-02T19:16:31.432+0000] {dag.py:3036} INFO - Sync 1 DAGs
[2025-11-02T19:16:31.493+0000] {logging_mixin.py:188} INFO - [2025-11-02T19:16:31.492+0000] {dag.py:3823} INFO - Setting next_dagrun for tutorial_objectstorage to None, run_after=None
[2025-11-02T19:16:31.544+0000] {processor.py:183} INFO - Processing /home/airflow/.local/lib/python3.8/site-packages/airflow/example_dags/tutorial_objectstorage.py took 0.267 seconds
[2025-11-02T19:17:01.788+0000] {processor.py:161} INFO - Started process (PID=5682) to work on /home/airflow/.local/lib/python3.8/site-packages/airflow/example_dags/tutorial_objectstorage.py
[2025-11-02T19:17:01.791+0000] {processor.py:830} INFO - Processing file /home/airflow/.local/lib/python3.8/site-packages/airflow/example_dags/tutorial_objectstorage.py for tasks to queue
[2025-11-02T19:17:01.797+0000] {logging_mixin.py:188} INFO - [2025-11-02T19:17:01.796+0000] {dagbag.py:538} INFO - Filling up the DagBag from /home/airflow/.local/lib/python3.8/site-packages/airflow/example_dags/tutorial_objectstorage.py
[2025-11-02T19:17:01.817+0000] {processor.py:840} INFO - DAG(s) 'tutorial_objectstorage' retrieved from /home/airflow/.local/lib/python3.8/site-packages/airflow/example_dags/tutorial_objectstorage.py
[2025-11-02T19:17:01.872+0000] {logging_mixin.py:188} INFO - [2025-11-02T19:17:01.871+0000] {dag.py:3036} INFO - Sync 1 DAGs
[2025-11-02T19:17:01.896+0000] {logging_mixin.py:188} INFO - [2025-11-02T19:17:01.896+0000] {dag.py:3823} INFO - Setting next_dagrun for tutorial_objectstorage to None, run_after=None
[2025-11-02T19:17:01.939+0000] {processor.py:183} INFO - Processing /home/airflow/.local/lib/python3.8/site-packages/airflow/example_dags/tutorial_objectstorage.py took 0.160 seconds
[2025-11-02T19:17:32.172+0000] {processor.py:161} INFO - Started process (PID=5736) to work on /home/airflow/.local/lib/python3.8/site-packages/airflow/example_dags/tutorial_objectstorage.py
[2025-11-02T19:17:32.175+0000] {processor.py:830} INFO - Processing file /home/airflow/.local/lib/python3.8/site-packages/airflow/example_dags/tutorial_objectstorage.py for tasks to queue
[2025-11-02T19:17:32.181+0000] {logging_mixin.py:188} INFO - [2025-11-02T19:17:32.180+0000] {dagbag.py:538} INFO - Filling up the DagBag from /home/airflow/.local/lib/python3.8/site-packages/airflow/example_dags/tutorial_objectstorage.py
[2025-11-02T19:17:32.203+0000] {processor.py:840} INFO - DAG(s) 'tutorial_objectstorage' retrieved from /home/airflow/.local/lib/python3.8/site-packages/airflow/example_dags/tutorial_objectstorage.py
[2025-11-02T19:17:32.263+0000] {logging_mixin.py:188} INFO - [2025-11-02T19:17:32.262+0000] {dag.py:3036} INFO - Sync 1 DAGs
[2025-11-02T19:17:32.288+0000] {logging_mixin.py:188} INFO - [2025-11-02T19:17:32.288+0000] {dag.py:3823} INFO - Setting next_dagrun for tutorial_objectstorage to None, run_after=None
[2025-11-02T19:17:32.325+0000] {processor.py:183} INFO - Processing /home/airflow/.local/lib/python3.8/site-packages/airflow/example_dags/tutorial_objectstorage.py took 0.167 seconds
[2025-11-02T19:18:02.914+0000] {processor.py:161} INFO - Started process (PID=5791) to work on /home/airflow/.local/lib/python3.8/site-packages/airflow/example_dags/tutorial_objectstorage.py
[2025-11-02T19:18:02.917+0000] {processor.py:830} INFO - Processing file /home/airflow/.local/lib/python3.8/site-packages/airflow/example_dags/tutorial_objectstorage.py for tasks to queue
[2025-11-02T19:18:02.923+0000] {logging_mixin.py:188} INFO - [2025-11-02T19:18:02.922+0000] {dagbag.py:538} INFO - Filling up the DagBag from /home/airflow/.local/lib/python3.8/site-packages/airflow/example_dags/tutorial_objectstorage.py
[2025-11-02T19:18:02.947+0000] {processor.py:840} INFO - DAG(s) 'tutorial_objectstorage' retrieved from /home/airflow/.local/lib/python3.8/site-packages/airflow/example_dags/tutorial_objectstorage.py
[2025-11-02T19:18:03.004+0000] {logging_mixin.py:188} INFO - [2025-11-02T19:18:03.003+0000] {dag.py:3036} INFO - Sync 1 DAGs
[2025-11-02T19:18:03.037+0000] {logging_mixin.py:188} INFO - [2025-11-02T19:18:03.036+0000] {dag.py:3823} INFO - Setting next_dagrun for tutorial_objectstorage to None, run_after=None
[2025-11-02T19:18:03.080+0000] {processor.py:183} INFO - Processing /home/airflow/.local/lib/python3.8/site-packages/airflow/example_dags/tutorial_objectstorage.py took 0.178 seconds
[2025-11-02T19:18:33.458+0000] {processor.py:161} INFO - Started process (PID=5846) to work on /home/airflow/.local/lib/python3.8/site-packages/airflow/example_dags/tutorial_objectstorage.py
[2025-11-02T19:18:33.462+0000] {processor.py:830} INFO - Processing file /home/airflow/.local/lib/python3.8/site-packages/airflow/example_dags/tutorial_objectstorage.py for tasks to queue
[2025-11-02T19:18:33.468+0000] {logging_mixin.py:188} INFO - [2025-11-02T19:18:33.467+0000] {dagbag.py:538} INFO - Filling up the DagBag from /home/airflow/.local/lib/python3.8/site-packages/airflow/example_dags/tutorial_objectstorage.py
[2025-11-02T19:18:33.491+0000] {processor.py:840} INFO - DAG(s) 'tutorial_objectstorage' retrieved from /home/airflow/.local/lib/python3.8/site-packages/airflow/example_dags/tutorial_objectstorage.py
[2025-11-02T19:18:33.550+0000] {logging_mixin.py:188} INFO - [2025-11-02T19:18:33.550+0000] {dag.py:3036} INFO - Sync 1 DAGs
[2025-11-02T19:18:33.593+0000] {logging_mixin.py:188} INFO - [2025-11-02T19:18:33.593+0000] {dag.py:3823} INFO - Setting next_dagrun for tutorial_objectstorage to None, run_after=None
[2025-11-02T19:18:33.641+0000] {processor.py:183} INFO - Processing /home/airflow/.local/lib/python3.8/site-packages/airflow/example_dags/tutorial_objectstorage.py took 0.192 seconds
[2025-11-02T19:19:03.876+0000] {processor.py:161} INFO - Started process (PID=5900) to work on /home/airflow/.local/lib/python3.8/site-packages/airflow/example_dags/tutorial_objectstorage.py
[2025-11-02T19:19:03.878+0000] {processor.py:830} INFO - Processing file /home/airflow/.local/lib/python3.8/site-packages/airflow/example_dags/tutorial_objectstorage.py for tasks to queue
[2025-11-02T19:19:03.884+0000] {logging_mixin.py:188} INFO - [2025-11-02T19:19:03.883+0000] {dagbag.py:538} INFO - Filling up the DagBag from /home/airflow/.local/lib/python3.8/site-packages/airflow/example_dags/tutorial_objectstorage.py
[2025-11-02T19:19:03.907+0000] {processor.py:840} INFO - DAG(s) 'tutorial_objectstorage' retrieved from /home/airflow/.local/lib/python3.8/site-packages/airflow/example_dags/tutorial_objectstorage.py
[2025-11-02T19:19:03.966+0000] {logging_mixin.py:188} INFO - [2025-11-02T19:19:03.965+0000] {dag.py:3036} INFO - Sync 1 DAGs
[2025-11-02T19:19:04.001+0000] {logging_mixin.py:188} INFO - [2025-11-02T19:19:04.000+0000] {dag.py:3823} INFO - Setting next_dagrun for tutorial_objectstorage to None, run_after=None
[2025-11-02T19:19:04.041+0000] {processor.py:183} INFO - Processing /home/airflow/.local/lib/python3.8/site-packages/airflow/example_dags/tutorial_objectstorage.py took 0.174 seconds
[2025-11-02T19:19:34.654+0000] {processor.py:161} INFO - Started process (PID=5955) to work on /home/airflow/.local/lib/python3.8/site-packages/airflow/example_dags/tutorial_objectstorage.py
[2025-11-02T19:19:34.657+0000] {processor.py:830} INFO - Processing file /home/airflow/.local/lib/python3.8/site-packages/airflow/example_dags/tutorial_objectstorage.py for tasks to queue
[2025-11-02T19:19:34.664+0000] {logging_mixin.py:188} INFO - [2025-11-02T19:19:34.663+0000] {dagbag.py:538} INFO - Filling up the DagBag from /home/airflow/.local/lib/python3.8/site-packages/airflow/example_dags/tutorial_objectstorage.py
[2025-11-02T19:19:34.692+0000] {processor.py:840} INFO - DAG(s) 'tutorial_objectstorage' retrieved from /home/airflow/.local/lib/python3.8/site-packages/airflow/example_dags/tutorial_objectstorage.py
[2025-11-02T19:19:34.769+0000] {logging_mixin.py:188} INFO - [2025-11-02T19:19:34.768+0000] {dag.py:3036} INFO - Sync 1 DAGs
[2025-11-02T19:19:34.799+0000] {logging_mixin.py:188} INFO - [2025-11-02T19:19:34.798+0000] {dag.py:3823} INFO - Setting next_dagrun for tutorial_objectstorage to None, run_after=None
[2025-11-02T19:19:34.838+0000] {processor.py:183} INFO - Processing /home/airflow/.local/lib/python3.8/site-packages/airflow/example_dags/tutorial_objectstorage.py took 0.196 seconds
[2025-11-02T19:20:05.284+0000] {processor.py:161} INFO - Started process (PID=6011) to work on /home/airflow/.local/lib/python3.8/site-packages/airflow/example_dags/tutorial_objectstorage.py
[2025-11-02T19:20:05.287+0000] {processor.py:830} INFO - Processing file /home/airflow/.local/lib/python3.8/site-packages/airflow/example_dags/tutorial_objectstorage.py for tasks to queue
[2025-11-02T19:20:05.293+0000] {logging_mixin.py:188} INFO - [2025-11-02T19:20:05.292+0000] {dagbag.py:538} INFO - Filling up the DagBag from /home/airflow/.local/lib/python3.8/site-packages/airflow/example_dags/tutorial_objectstorage.py
[2025-11-02T19:20:05.314+0000] {processor.py:840} INFO - DAG(s) 'tutorial_objectstorage' retrieved from /home/airflow/.local/lib/python3.8/site-packages/airflow/example_dags/tutorial_objectstorage.py
[2025-11-02T19:20:05.364+0000] {logging_mixin.py:188} INFO - [2025-11-02T19:20:05.364+0000] {dag.py:3036} INFO - Sync 1 DAGs
[2025-11-02T19:20:05.397+0000] {logging_mixin.py:188} INFO - [2025-11-02T19:20:05.397+0000] {dag.py:3823} INFO - Setting next_dagrun for tutorial_objectstorage to None, run_after=None
[2025-11-02T19:20:05.438+0000] {processor.py:183} INFO - Processing /home/airflow/.local/lib/python3.8/site-packages/airflow/example_dags/tutorial_objectstorage.py took 0.165 seconds
[2025-11-02T19:20:35.668+0000] {processor.py:161} INFO - Started process (PID=6065) to work on /home/airflow/.local/lib/python3.8/site-packages/airflow/example_dags/tutorial_objectstorage.py
[2025-11-02T19:20:35.671+0000] {processor.py:830} INFO - Processing file /home/airflow/.local/lib/python3.8/site-packages/airflow/example_dags/tutorial_objectstorage.py for tasks to queue
[2025-11-02T19:20:35.675+0000] {logging_mixin.py:188} INFO - [2025-11-02T19:20:35.675+0000] {dagbag.py:538} INFO - Filling up the DagBag from /home/airflow/.local/lib/python3.8/site-packages/airflow/example_dags/tutorial_objectstorage.py
[2025-11-02T19:20:35.693+0000] {processor.py:840} INFO - DAG(s) 'tutorial_objectstorage' retrieved from /home/airflow/.local/lib/python3.8/site-packages/airflow/example_dags/tutorial_objectstorage.py
[2025-11-02T19:20:35.755+0000] {logging_mixin.py:188} INFO - [2025-11-02T19:20:35.754+0000] {dag.py:3036} INFO - Sync 1 DAGs
[2025-11-02T19:20:35.792+0000] {logging_mixin.py:188} INFO - [2025-11-02T19:20:35.791+0000] {dag.py:3823} INFO - Setting next_dagrun for tutorial_objectstorage to None, run_after=None
[2025-11-02T19:20:35.853+0000] {processor.py:183} INFO - Processing /home/airflow/.local/lib/python3.8/site-packages/airflow/example_dags/tutorial_objectstorage.py took 0.196 seconds
[2025-11-02T19:21:08.453+0000] {processor.py:161} INFO - Started process (PID=6122) to work on /home/airflow/.local/lib/python3.8/site-packages/airflow/example_dags/tutorial_objectstorage.py
[2025-11-02T19:21:08.457+0000] {processor.py:830} INFO - Processing file /home/airflow/.local/lib/python3.8/site-packages/airflow/example_dags/tutorial_objectstorage.py for tasks to queue
[2025-11-02T19:21:08.463+0000] {logging_mixin.py:188} INFO - [2025-11-02T19:21:08.462+0000] {dagbag.py:538} INFO - Filling up the DagBag from /home/airflow/.local/lib/python3.8/site-packages/airflow/example_dags/tutorial_objectstorage.py
[2025-11-02T19:21:08.497+0000] {processor.py:840} INFO - DAG(s) 'tutorial_objectstorage' retrieved from /home/airflow/.local/lib/python3.8/site-packages/airflow/example_dags/tutorial_objectstorage.py
[2025-11-02T19:21:08.608+0000] {logging_mixin.py:188} INFO - [2025-11-02T19:21:08.607+0000] {dag.py:3036} INFO - Sync 1 DAGs
[2025-11-02T19:21:08.722+0000] {logging_mixin.py:188} INFO - [2025-11-02T19:21:08.721+0000] {dag.py:3823} INFO - Setting next_dagrun for tutorial_objectstorage to None, run_after=None
[2025-11-02T19:21:08.813+0000] {processor.py:183} INFO - Processing /home/airflow/.local/lib/python3.8/site-packages/airflow/example_dags/tutorial_objectstorage.py took 0.376 seconds
[2025-11-02T19:21:39.447+0000] {processor.py:161} INFO - Started process (PID=6176) to work on /home/airflow/.local/lib/python3.8/site-packages/airflow/example_dags/tutorial_objectstorage.py
[2025-11-02T19:21:39.451+0000] {processor.py:830} INFO - Processing file /home/airflow/.local/lib/python3.8/site-packages/airflow/example_dags/tutorial_objectstorage.py for tasks to queue
[2025-11-02T19:21:39.459+0000] {logging_mixin.py:188} INFO - [2025-11-02T19:21:39.458+0000] {dagbag.py:538} INFO - Filling up the DagBag from /home/airflow/.local/lib/python3.8/site-packages/airflow/example_dags/tutorial_objectstorage.py
[2025-11-02T19:21:39.484+0000] {processor.py:840} INFO - DAG(s) 'tutorial_objectstorage' retrieved from /home/airflow/.local/lib/python3.8/site-packages/airflow/example_dags/tutorial_objectstorage.py
[2025-11-02T19:21:39.548+0000] {logging_mixin.py:188} INFO - [2025-11-02T19:21:39.547+0000] {dag.py:3036} INFO - Sync 1 DAGs
[2025-11-02T19:21:39.592+0000] {logging_mixin.py:188} INFO - [2025-11-02T19:21:39.592+0000] {dag.py:3823} INFO - Setting next_dagrun for tutorial_objectstorage to None, run_after=None
[2025-11-02T19:21:39.651+0000] {processor.py:183} INFO - Processing /home/airflow/.local/lib/python3.8/site-packages/airflow/example_dags/tutorial_objectstorage.py took 0.222 seconds
[2025-11-02T19:22:09.910+0000] {processor.py:161} INFO - Started process (PID=6230) to work on /home/airflow/.local/lib/python3.8/site-packages/airflow/example_dags/tutorial_objectstorage.py
[2025-11-02T19:22:09.913+0000] {processor.py:830} INFO - Processing file /home/airflow/.local/lib/python3.8/site-packages/airflow/example_dags/tutorial_objectstorage.py for tasks to queue
[2025-11-02T19:22:09.918+0000] {logging_mixin.py:188} INFO - [2025-11-02T19:22:09.917+0000] {dagbag.py:538} INFO - Filling up the DagBag from /home/airflow/.local/lib/python3.8/site-packages/airflow/example_dags/tutorial_objectstorage.py
[2025-11-02T19:22:09.934+0000] {processor.py:840} INFO - DAG(s) 'tutorial_objectstorage' retrieved from /home/airflow/.local/lib/python3.8/site-packages/airflow/example_dags/tutorial_objectstorage.py
[2025-11-02T19:22:09.981+0000] {logging_mixin.py:188} INFO - [2025-11-02T19:22:09.981+0000] {dag.py:3036} INFO - Sync 1 DAGs
[2025-11-02T19:22:10.014+0000] {logging_mixin.py:188} INFO - [2025-11-02T19:22:10.013+0000] {dag.py:3823} INFO - Setting next_dagrun for tutorial_objectstorage to None, run_after=None
[2025-11-02T19:22:10.052+0000] {processor.py:183} INFO - Processing /home/airflow/.local/lib/python3.8/site-packages/airflow/example_dags/tutorial_objectstorage.py took 0.153 seconds
[2025-11-02T19:22:40.729+0000] {processor.py:161} INFO - Started process (PID=6285) to work on /home/airflow/.local/lib/python3.8/site-packages/airflow/example_dags/tutorial_objectstorage.py
[2025-11-02T19:22:40.733+0000] {processor.py:830} INFO - Processing file /home/airflow/.local/lib/python3.8/site-packages/airflow/example_dags/tutorial_objectstorage.py for tasks to queue
[2025-11-02T19:22:40.739+0000] {logging_mixin.py:188} INFO - [2025-11-02T19:22:40.738+0000] {dagbag.py:538} INFO - Filling up the DagBag from /home/airflow/.local/lib/python3.8/site-packages/airflow/example_dags/tutorial_objectstorage.py
[2025-11-02T19:22:40.757+0000] {processor.py:840} INFO - DAG(s) 'tutorial_objectstorage' retrieved from /home/airflow/.local/lib/python3.8/site-packages/airflow/example_dags/tutorial_objectstorage.py
[2025-11-02T19:22:40.803+0000] {logging_mixin.py:188} INFO - [2025-11-02T19:22:40.803+0000] {dag.py:3036} INFO - Sync 1 DAGs
[2025-11-02T19:22:40.833+0000] {logging_mixin.py:188} INFO - [2025-11-02T19:22:40.833+0000] {dag.py:3823} INFO - Setting next_dagrun for tutorial_objectstorage to None, run_after=None
[2025-11-02T19:22:40.881+0000] {processor.py:183} INFO - Processing /home/airflow/.local/lib/python3.8/site-packages/airflow/example_dags/tutorial_objectstorage.py took 0.167 seconds
[2025-11-02T19:23:11.492+0000] {processor.py:161} INFO - Started process (PID=6340) to work on /home/airflow/.local/lib/python3.8/site-packages/airflow/example_dags/tutorial_objectstorage.py
[2025-11-02T19:23:11.495+0000] {processor.py:830} INFO - Processing file /home/airflow/.local/lib/python3.8/site-packages/airflow/example_dags/tutorial_objectstorage.py for tasks to queue
[2025-11-02T19:23:11.500+0000] {logging_mixin.py:188} INFO - [2025-11-02T19:23:11.499+0000] {dagbag.py:538} INFO - Filling up the DagBag from /home/airflow/.local/lib/python3.8/site-packages/airflow/example_dags/tutorial_objectstorage.py
[2025-11-02T19:23:11.517+0000] {processor.py:840} INFO - DAG(s) 'tutorial_objectstorage' retrieved from /home/airflow/.local/lib/python3.8/site-packages/airflow/example_dags/tutorial_objectstorage.py
[2025-11-02T19:23:11.568+0000] {logging_mixin.py:188} INFO - [2025-11-02T19:23:11.567+0000] {dag.py:3036} INFO - Sync 1 DAGs
[2025-11-02T19:23:11.603+0000] {logging_mixin.py:188} INFO - [2025-11-02T19:23:11.602+0000] {dag.py:3823} INFO - Setting next_dagrun for tutorial_objectstorage to None, run_after=None
[2025-11-02T19:23:11.646+0000] {processor.py:183} INFO - Processing /home/airflow/.local/lib/python3.8/site-packages/airflow/example_dags/tutorial_objectstorage.py took 0.164 seconds
[2025-11-02T19:23:42.019+0000] {processor.py:161} INFO - Started process (PID=6395) to work on /home/airflow/.local/lib/python3.8/site-packages/airflow/example_dags/tutorial_objectstorage.py
[2025-11-02T19:23:42.022+0000] {processor.py:830} INFO - Processing file /home/airflow/.local/lib/python3.8/site-packages/airflow/example_dags/tutorial_objectstorage.py for tasks to queue
[2025-11-02T19:23:42.028+0000] {logging_mixin.py:188} INFO - [2025-11-02T19:23:42.028+0000] {dagbag.py:538} INFO - Filling up the DagBag from /home/airflow/.local/lib/python3.8/site-packages/airflow/example_dags/tutorial_objectstorage.py
[2025-11-02T19:23:42.047+0000] {processor.py:840} INFO - DAG(s) 'tutorial_objectstorage' retrieved from /home/airflow/.local/lib/python3.8/site-packages/airflow/example_dags/tutorial_objectstorage.py
[2025-11-02T19:23:42.104+0000] {logging_mixin.py:188} INFO - [2025-11-02T19:23:42.103+0000] {dag.py:3036} INFO - Sync 1 DAGs
[2025-11-02T19:23:42.147+0000] {logging_mixin.py:188} INFO - [2025-11-02T19:23:42.146+0000] {dag.py:3823} INFO - Setting next_dagrun for tutorial_objectstorage to None, run_after=None
[2025-11-02T19:23:42.214+0000] {processor.py:183} INFO - Processing /home/airflow/.local/lib/python3.8/site-packages/airflow/example_dags/tutorial_objectstorage.py took 0.204 seconds
[2025-11-02T19:24:12.517+0000] {processor.py:161} INFO - Started process (PID=6450) to work on /home/airflow/.local/lib/python3.8/site-packages/airflow/example_dags/tutorial_objectstorage.py
[2025-11-02T19:24:12.520+0000] {processor.py:830} INFO - Processing file /home/airflow/.local/lib/python3.8/site-packages/airflow/example_dags/tutorial_objectstorage.py for tasks to queue
[2025-11-02T19:24:12.527+0000] {logging_mixin.py:188} INFO - [2025-11-02T19:24:12.526+0000] {dagbag.py:538} INFO - Filling up the DagBag from /home/airflow/.local/lib/python3.8/site-packages/airflow/example_dags/tutorial_objectstorage.py
[2025-11-02T19:24:12.548+0000] {processor.py:840} INFO - DAG(s) 'tutorial_objectstorage' retrieved from /home/airflow/.local/lib/python3.8/site-packages/airflow/example_dags/tutorial_objectstorage.py
[2025-11-02T19:24:12.599+0000] {logging_mixin.py:188} INFO - [2025-11-02T19:24:12.599+0000] {dag.py:3036} INFO - Sync 1 DAGs
[2025-11-02T19:24:12.630+0000] {logging_mixin.py:188} INFO - [2025-11-02T19:24:12.629+0000] {dag.py:3823} INFO - Setting next_dagrun for tutorial_objectstorage to None, run_after=None
[2025-11-02T19:24:12.673+0000] {processor.py:183} INFO - Processing /home/airflow/.local/lib/python3.8/site-packages/airflow/example_dags/tutorial_objectstorage.py took 0.167 seconds
[2025-11-02T19:24:43.265+0000] {processor.py:161} INFO - Started process (PID=6505) to work on /home/airflow/.local/lib/python3.8/site-packages/airflow/example_dags/tutorial_objectstorage.py
[2025-11-02T19:24:43.267+0000] {processor.py:830} INFO - Processing file /home/airflow/.local/lib/python3.8/site-packages/airflow/example_dags/tutorial_objectstorage.py for tasks to queue
[2025-11-02T19:24:43.273+0000] {logging_mixin.py:188} INFO - [2025-11-02T19:24:43.272+0000] {dagbag.py:538} INFO - Filling up the DagBag from /home/airflow/.local/lib/python3.8/site-packages/airflow/example_dags/tutorial_objectstorage.py
[2025-11-02T19:24:43.293+0000] {processor.py:840} INFO - DAG(s) 'tutorial_objectstorage' retrieved from /home/airflow/.local/lib/python3.8/site-packages/airflow/example_dags/tutorial_objectstorage.py
[2025-11-02T19:24:43.354+0000] {logging_mixin.py:188} INFO - [2025-11-02T19:24:43.353+0000] {dag.py:3036} INFO - Sync 1 DAGs
[2025-11-02T19:24:43.394+0000] {logging_mixin.py:188} INFO - [2025-11-02T19:24:43.393+0000] {dag.py:3823} INFO - Setting next_dagrun for tutorial_objectstorage to None, run_after=None
[2025-11-02T19:24:43.458+0000] {processor.py:183} INFO - Processing /home/airflow/.local/lib/python3.8/site-packages/airflow/example_dags/tutorial_objectstorage.py took 0.204 seconds
[2025-11-02T19:25:13.943+0000] {processor.py:161} INFO - Started process (PID=6560) to work on /home/airflow/.local/lib/python3.8/site-packages/airflow/example_dags/tutorial_objectstorage.py
[2025-11-02T19:25:13.946+0000] {processor.py:830} INFO - Processing file /home/airflow/.local/lib/python3.8/site-packages/airflow/example_dags/tutorial_objectstorage.py for tasks to queue
[2025-11-02T19:25:13.951+0000] {logging_mixin.py:188} INFO - [2025-11-02T19:25:13.951+0000] {dagbag.py:538} INFO - Filling up the DagBag from /home/airflow/.local/lib/python3.8/site-packages/airflow/example_dags/tutorial_objectstorage.py
[2025-11-02T19:25:13.968+0000] {processor.py:840} INFO - DAG(s) 'tutorial_objectstorage' retrieved from /home/airflow/.local/lib/python3.8/site-packages/airflow/example_dags/tutorial_objectstorage.py
[2025-11-02T19:25:14.026+0000] {logging_mixin.py:188} INFO - [2025-11-02T19:25:14.026+0000] {dag.py:3036} INFO - Sync 1 DAGs
[2025-11-02T19:25:14.054+0000] {logging_mixin.py:188} INFO - [2025-11-02T19:25:14.053+0000] {dag.py:3823} INFO - Setting next_dagrun for tutorial_objectstorage to None, run_after=None
[2025-11-02T19:25:14.098+0000] {processor.py:183} INFO - Processing /home/airflow/.local/lib/python3.8/site-packages/airflow/example_dags/tutorial_objectstorage.py took 0.164 seconds
[2025-11-02T19:25:44.679+0000] {processor.py:161} INFO - Started process (PID=6612) to work on /home/airflow/.local/lib/python3.8/site-packages/airflow/example_dags/tutorial_objectstorage.py
[2025-11-02T19:25:44.683+0000] {processor.py:830} INFO - Processing file /home/airflow/.local/lib/python3.8/site-packages/airflow/example_dags/tutorial_objectstorage.py for tasks to queue
[2025-11-02T19:25:44.689+0000] {logging_mixin.py:188} INFO - [2025-11-02T19:25:44.688+0000] {dagbag.py:538} INFO - Filling up the DagBag from /home/airflow/.local/lib/python3.8/site-packages/airflow/example_dags/tutorial_objectstorage.py
[2025-11-02T19:25:44.710+0000] {processor.py:840} INFO - DAG(s) 'tutorial_objectstorage' retrieved from /home/airflow/.local/lib/python3.8/site-packages/airflow/example_dags/tutorial_objectstorage.py
[2025-11-02T19:25:44.772+0000] {logging_mixin.py:188} INFO - [2025-11-02T19:25:44.771+0000] {dag.py:3036} INFO - Sync 1 DAGs
[2025-11-02T19:25:44.827+0000] {logging_mixin.py:188} INFO - [2025-11-02T19:25:44.827+0000] {dag.py:3823} INFO - Setting next_dagrun for tutorial_objectstorage to None, run_after=None
[2025-11-02T19:25:44.887+0000] {processor.py:183} INFO - Processing /home/airflow/.local/lib/python3.8/site-packages/airflow/example_dags/tutorial_objectstorage.py took 0.219 seconds
[2025-11-02T19:26:15.545+0000] {processor.py:161} INFO - Started process (PID=6667) to work on /home/airflow/.local/lib/python3.8/site-packages/airflow/example_dags/tutorial_objectstorage.py
[2025-11-02T19:26:15.551+0000] {processor.py:830} INFO - Processing file /home/airflow/.local/lib/python3.8/site-packages/airflow/example_dags/tutorial_objectstorage.py for tasks to queue
[2025-11-02T19:26:15.558+0000] {logging_mixin.py:188} INFO - [2025-11-02T19:26:15.556+0000] {dagbag.py:538} INFO - Filling up the DagBag from /home/airflow/.local/lib/python3.8/site-packages/airflow/example_dags/tutorial_objectstorage.py
[2025-11-02T19:26:15.582+0000] {processor.py:840} INFO - DAG(s) 'tutorial_objectstorage' retrieved from /home/airflow/.local/lib/python3.8/site-packages/airflow/example_dags/tutorial_objectstorage.py
[2025-11-02T19:26:15.671+0000] {logging_mixin.py:188} INFO - [2025-11-02T19:26:15.670+0000] {dag.py:3036} INFO - Sync 1 DAGs
[2025-11-02T19:26:15.729+0000] {logging_mixin.py:188} INFO - [2025-11-02T19:26:15.728+0000] {dag.py:3823} INFO - Setting next_dagrun for tutorial_objectstorage to None, run_after=None
[2025-11-02T19:26:15.857+0000] {processor.py:183} INFO - Processing /home/airflow/.local/lib/python3.8/site-packages/airflow/example_dags/tutorial_objectstorage.py took 0.330 seconds
[2025-11-02T19:26:46.607+0000] {processor.py:161} INFO - Started process (PID=6722) to work on /home/airflow/.local/lib/python3.8/site-packages/airflow/example_dags/tutorial_objectstorage.py
[2025-11-02T19:26:46.610+0000] {processor.py:830} INFO - Processing file /home/airflow/.local/lib/python3.8/site-packages/airflow/example_dags/tutorial_objectstorage.py for tasks to queue
[2025-11-02T19:26:46.618+0000] {logging_mixin.py:188} INFO - [2025-11-02T19:26:46.616+0000] {dagbag.py:538} INFO - Filling up the DagBag from /home/airflow/.local/lib/python3.8/site-packages/airflow/example_dags/tutorial_objectstorage.py
[2025-11-02T19:26:46.636+0000] {processor.py:840} INFO - DAG(s) 'tutorial_objectstorage' retrieved from /home/airflow/.local/lib/python3.8/site-packages/airflow/example_dags/tutorial_objectstorage.py
[2025-11-02T19:26:46.693+0000] {logging_mixin.py:188} INFO - [2025-11-02T19:26:46.693+0000] {dag.py:3036} INFO - Sync 1 DAGs
[2025-11-02T19:26:46.723+0000] {logging_mixin.py:188} INFO - [2025-11-02T19:26:46.722+0000] {dag.py:3823} INFO - Setting next_dagrun for tutorial_objectstorage to None, run_after=None
[2025-11-02T19:26:46.766+0000] {processor.py:183} INFO - Processing /home/airflow/.local/lib/python3.8/site-packages/airflow/example_dags/tutorial_objectstorage.py took 0.176 seconds
[2025-11-02T19:27:16.899+0000] {processor.py:161} INFO - Started process (PID=6776) to work on /home/airflow/.local/lib/python3.8/site-packages/airflow/example_dags/tutorial_objectstorage.py
[2025-11-02T19:27:16.902+0000] {processor.py:830} INFO - Processing file /home/airflow/.local/lib/python3.8/site-packages/airflow/example_dags/tutorial_objectstorage.py for tasks to queue
[2025-11-02T19:27:16.908+0000] {logging_mixin.py:188} INFO - [2025-11-02T19:27:16.907+0000] {dagbag.py:538} INFO - Filling up the DagBag from /home/airflow/.local/lib/python3.8/site-packages/airflow/example_dags/tutorial_objectstorage.py
[2025-11-02T19:27:16.928+0000] {processor.py:840} INFO - DAG(s) 'tutorial_objectstorage' retrieved from /home/airflow/.local/lib/python3.8/site-packages/airflow/example_dags/tutorial_objectstorage.py
[2025-11-02T19:27:16.984+0000] {logging_mixin.py:188} INFO - [2025-11-02T19:27:16.983+0000] {dag.py:3036} INFO - Sync 1 DAGs
[2025-11-02T19:27:17.019+0000] {logging_mixin.py:188} INFO - [2025-11-02T19:27:17.018+0000] {dag.py:3823} INFO - Setting next_dagrun for tutorial_objectstorage to None, run_after=None
[2025-11-02T19:27:17.066+0000] {processor.py:183} INFO - Processing /home/airflow/.local/lib/python3.8/site-packages/airflow/example_dags/tutorial_objectstorage.py took 0.175 seconds
[2025-11-02T19:27:47.917+0000] {processor.py:161} INFO - Started process (PID=6833) to work on /home/airflow/.local/lib/python3.8/site-packages/airflow/example_dags/tutorial_objectstorage.py
[2025-11-02T19:27:47.921+0000] {processor.py:830} INFO - Processing file /home/airflow/.local/lib/python3.8/site-packages/airflow/example_dags/tutorial_objectstorage.py for tasks to queue
[2025-11-02T19:27:47.928+0000] {logging_mixin.py:188} INFO - [2025-11-02T19:27:47.927+0000] {dagbag.py:538} INFO - Filling up the DagBag from /home/airflow/.local/lib/python3.8/site-packages/airflow/example_dags/tutorial_objectstorage.py
[2025-11-02T19:27:47.961+0000] {processor.py:840} INFO - DAG(s) 'tutorial_objectstorage' retrieved from /home/airflow/.local/lib/python3.8/site-packages/airflow/example_dags/tutorial_objectstorage.py
[2025-11-02T19:27:48.020+0000] {logging_mixin.py:188} INFO - [2025-11-02T19:27:48.020+0000] {dag.py:3036} INFO - Sync 1 DAGs
[2025-11-02T19:27:48.057+0000] {logging_mixin.py:188} INFO - [2025-11-02T19:27:48.057+0000] {dag.py:3823} INFO - Setting next_dagrun for tutorial_objectstorage to None, run_after=None
[2025-11-02T19:27:48.116+0000] {processor.py:183} INFO - Processing /home/airflow/.local/lib/python3.8/site-packages/airflow/example_dags/tutorial_objectstorage.py took 0.211 seconds
[2025-11-02T19:28:18.961+0000] {processor.py:161} INFO - Started process (PID=6888) to work on /home/airflow/.local/lib/python3.8/site-packages/airflow/example_dags/tutorial_objectstorage.py
[2025-11-02T19:28:18.969+0000] {processor.py:830} INFO - Processing file /home/airflow/.local/lib/python3.8/site-packages/airflow/example_dags/tutorial_objectstorage.py for tasks to queue
[2025-11-02T19:28:18.977+0000] {logging_mixin.py:188} INFO - [2025-11-02T19:28:18.975+0000] {dagbag.py:538} INFO - Filling up the DagBag from /home/airflow/.local/lib/python3.8/site-packages/airflow/example_dags/tutorial_objectstorage.py
[2025-11-02T19:28:19.004+0000] {processor.py:840} INFO - DAG(s) 'tutorial_objectstorage' retrieved from /home/airflow/.local/lib/python3.8/site-packages/airflow/example_dags/tutorial_objectstorage.py
[2025-11-02T19:28:19.085+0000] {logging_mixin.py:188} INFO - [2025-11-02T19:28:19.084+0000] {dag.py:3036} INFO - Sync 1 DAGs
[2025-11-02T19:28:19.146+0000] {logging_mixin.py:188} INFO - [2025-11-02T19:28:19.146+0000] {dag.py:3823} INFO - Setting next_dagrun for tutorial_objectstorage to None, run_after=None
[2025-11-02T19:28:19.207+0000] {processor.py:183} INFO - Processing /home/airflow/.local/lib/python3.8/site-packages/airflow/example_dags/tutorial_objectstorage.py took 0.263 seconds
[2025-11-02T19:28:49.704+0000] {processor.py:161} INFO - Started process (PID=6943) to work on /home/airflow/.local/lib/python3.8/site-packages/airflow/example_dags/tutorial_objectstorage.py
[2025-11-02T19:28:49.707+0000] {processor.py:830} INFO - Processing file /home/airflow/.local/lib/python3.8/site-packages/airflow/example_dags/tutorial_objectstorage.py for tasks to queue
[2025-11-02T19:28:49.713+0000] {logging_mixin.py:188} INFO - [2025-11-02T19:28:49.712+0000] {dagbag.py:538} INFO - Filling up the DagBag from /home/airflow/.local/lib/python3.8/site-packages/airflow/example_dags/tutorial_objectstorage.py
[2025-11-02T19:28:49.733+0000] {processor.py:840} INFO - DAG(s) 'tutorial_objectstorage' retrieved from /home/airflow/.local/lib/python3.8/site-packages/airflow/example_dags/tutorial_objectstorage.py
[2025-11-02T19:28:49.814+0000] {logging_mixin.py:188} INFO - [2025-11-02T19:28:49.813+0000] {dag.py:3036} INFO - Sync 1 DAGs
[2025-11-02T19:28:49.857+0000] {logging_mixin.py:188} INFO - [2025-11-02T19:28:49.857+0000] {dag.py:3823} INFO - Setting next_dagrun for tutorial_objectstorage to None, run_after=None
[2025-11-02T19:28:49.932+0000] {processor.py:183} INFO - Processing /home/airflow/.local/lib/python3.8/site-packages/airflow/example_dags/tutorial_objectstorage.py took 0.239 seconds
[2025-11-02T19:29:20.389+0000] {processor.py:161} INFO - Started process (PID=6997) to work on /home/airflow/.local/lib/python3.8/site-packages/airflow/example_dags/tutorial_objectstorage.py
[2025-11-02T19:29:20.393+0000] {processor.py:830} INFO - Processing file /home/airflow/.local/lib/python3.8/site-packages/airflow/example_dags/tutorial_objectstorage.py for tasks to queue
[2025-11-02T19:29:20.403+0000] {logging_mixin.py:188} INFO - [2025-11-02T19:29:20.402+0000] {dagbag.py:538} INFO - Filling up the DagBag from /home/airflow/.local/lib/python3.8/site-packages/airflow/example_dags/tutorial_objectstorage.py
[2025-11-02T19:29:20.425+0000] {processor.py:840} INFO - DAG(s) 'tutorial_objectstorage' retrieved from /home/airflow/.local/lib/python3.8/site-packages/airflow/example_dags/tutorial_objectstorage.py
[2025-11-02T19:29:20.478+0000] {logging_mixin.py:188} INFO - [2025-11-02T19:29:20.477+0000] {dag.py:3036} INFO - Sync 1 DAGs
[2025-11-02T19:29:20.507+0000] {logging_mixin.py:188} INFO - [2025-11-02T19:29:20.507+0000] {dag.py:3823} INFO - Setting next_dagrun for tutorial_objectstorage to None, run_after=None
[2025-11-02T19:29:20.561+0000] {processor.py:183} INFO - Processing /home/airflow/.local/lib/python3.8/site-packages/airflow/example_dags/tutorial_objectstorage.py took 0.181 seconds
[2025-11-02T19:29:50.837+0000] {processor.py:161} INFO - Started process (PID=7053) to work on /home/airflow/.local/lib/python3.8/site-packages/airflow/example_dags/tutorial_objectstorage.py
[2025-11-02T19:29:50.840+0000] {processor.py:830} INFO - Processing file /home/airflow/.local/lib/python3.8/site-packages/airflow/example_dags/tutorial_objectstorage.py for tasks to queue
[2025-11-02T19:29:50.845+0000] {logging_mixin.py:188} INFO - [2025-11-02T19:29:50.844+0000] {dagbag.py:538} INFO - Filling up the DagBag from /home/airflow/.local/lib/python3.8/site-packages/airflow/example_dags/tutorial_objectstorage.py
[2025-11-02T19:29:50.868+0000] {processor.py:840} INFO - DAG(s) 'tutorial_objectstorage' retrieved from /home/airflow/.local/lib/python3.8/site-packages/airflow/example_dags/tutorial_objectstorage.py
[2025-11-02T19:29:50.919+0000] {logging_mixin.py:188} INFO - [2025-11-02T19:29:50.918+0000] {dag.py:3036} INFO - Sync 1 DAGs
[2025-11-02T19:29:50.946+0000] {logging_mixin.py:188} INFO - [2025-11-02T19:29:50.945+0000] {dag.py:3823} INFO - Setting next_dagrun for tutorial_objectstorage to None, run_after=None
[2025-11-02T19:29:50.992+0000] {processor.py:183} INFO - Processing /home/airflow/.local/lib/python3.8/site-packages/airflow/example_dags/tutorial_objectstorage.py took 0.162 seconds
[2025-11-02T19:30:21.661+0000] {processor.py:161} INFO - Started process (PID=7108) to work on /home/airflow/.local/lib/python3.8/site-packages/airflow/example_dags/tutorial_objectstorage.py
[2025-11-02T19:30:21.664+0000] {processor.py:830} INFO - Processing file /home/airflow/.local/lib/python3.8/site-packages/airflow/example_dags/tutorial_objectstorage.py for tasks to queue
[2025-11-02T19:30:21.669+0000] {logging_mixin.py:188} INFO - [2025-11-02T19:30:21.668+0000] {dagbag.py:538} INFO - Filling up the DagBag from /home/airflow/.local/lib/python3.8/site-packages/airflow/example_dags/tutorial_objectstorage.py
[2025-11-02T19:30:21.686+0000] {processor.py:840} INFO - DAG(s) 'tutorial_objectstorage' retrieved from /home/airflow/.local/lib/python3.8/site-packages/airflow/example_dags/tutorial_objectstorage.py
[2025-11-02T19:30:21.753+0000] {logging_mixin.py:188} INFO - [2025-11-02T19:30:21.753+0000] {dag.py:3036} INFO - Sync 1 DAGs
[2025-11-02T19:30:21.789+0000] {logging_mixin.py:188} INFO - [2025-11-02T19:30:21.789+0000] {dag.py:3823} INFO - Setting next_dagrun for tutorial_objectstorage to None, run_after=None
[2025-11-02T19:30:21.834+0000] {processor.py:183} INFO - Processing /home/airflow/.local/lib/python3.8/site-packages/airflow/example_dags/tutorial_objectstorage.py took 0.183 seconds
[2025-11-02T19:30:52.345+0000] {processor.py:161} INFO - Started process (PID=7163) to work on /home/airflow/.local/lib/python3.8/site-packages/airflow/example_dags/tutorial_objectstorage.py
[2025-11-02T19:30:52.348+0000] {processor.py:830} INFO - Processing file /home/airflow/.local/lib/python3.8/site-packages/airflow/example_dags/tutorial_objectstorage.py for tasks to queue
[2025-11-02T19:30:52.355+0000] {logging_mixin.py:188} INFO - [2025-11-02T19:30:52.354+0000] {dagbag.py:538} INFO - Filling up the DagBag from /home/airflow/.local/lib/python3.8/site-packages/airflow/example_dags/tutorial_objectstorage.py
[2025-11-02T19:30:52.378+0000] {processor.py:840} INFO - DAG(s) 'tutorial_objectstorage' retrieved from /home/airflow/.local/lib/python3.8/site-packages/airflow/example_dags/tutorial_objectstorage.py
[2025-11-02T19:30:52.441+0000] {logging_mixin.py:188} INFO - [2025-11-02T19:30:52.440+0000] {dag.py:3036} INFO - Sync 1 DAGs
[2025-11-02T19:30:52.480+0000] {logging_mixin.py:188} INFO - [2025-11-02T19:30:52.479+0000] {dag.py:3823} INFO - Setting next_dagrun for tutorial_objectstorage to None, run_after=None
[2025-11-02T19:30:52.543+0000] {processor.py:183} INFO - Processing /home/airflow/.local/lib/python3.8/site-packages/airflow/example_dags/tutorial_objectstorage.py took 0.205 seconds
[2025-11-02T19:31:22.707+0000] {processor.py:161} INFO - Started process (PID=7217) to work on /home/airflow/.local/lib/python3.8/site-packages/airflow/example_dags/tutorial_objectstorage.py
[2025-11-02T19:31:22.710+0000] {processor.py:830} INFO - Processing file /home/airflow/.local/lib/python3.8/site-packages/airflow/example_dags/tutorial_objectstorage.py for tasks to queue
[2025-11-02T19:31:22.715+0000] {logging_mixin.py:188} INFO - [2025-11-02T19:31:22.715+0000] {dagbag.py:538} INFO - Filling up the DagBag from /home/airflow/.local/lib/python3.8/site-packages/airflow/example_dags/tutorial_objectstorage.py
[2025-11-02T19:31:22.740+0000] {processor.py:840} INFO - DAG(s) 'tutorial_objectstorage' retrieved from /home/airflow/.local/lib/python3.8/site-packages/airflow/example_dags/tutorial_objectstorage.py
[2025-11-02T19:31:22.808+0000] {logging_mixin.py:188} INFO - [2025-11-02T19:31:22.807+0000] {dag.py:3036} INFO - Sync 1 DAGs
[2025-11-02T19:31:22.840+0000] {logging_mixin.py:188} INFO - [2025-11-02T19:31:22.840+0000] {dag.py:3823} INFO - Setting next_dagrun for tutorial_objectstorage to None, run_after=None
[2025-11-02T19:31:22.879+0000] {processor.py:183} INFO - Processing /home/airflow/.local/lib/python3.8/site-packages/airflow/example_dags/tutorial_objectstorage.py took 0.184 seconds
[2025-11-02T19:31:53.114+0000] {processor.py:161} INFO - Started process (PID=7272) to work on /home/airflow/.local/lib/python3.8/site-packages/airflow/example_dags/tutorial_objectstorage.py
[2025-11-02T19:31:53.118+0000] {processor.py:830} INFO - Processing file /home/airflow/.local/lib/python3.8/site-packages/airflow/example_dags/tutorial_objectstorage.py for tasks to queue
[2025-11-02T19:31:53.124+0000] {logging_mixin.py:188} INFO - [2025-11-02T19:31:53.123+0000] {dagbag.py:538} INFO - Filling up the DagBag from /home/airflow/.local/lib/python3.8/site-packages/airflow/example_dags/tutorial_objectstorage.py
[2025-11-02T19:31:53.148+0000] {processor.py:840} INFO - DAG(s) 'tutorial_objectstorage' retrieved from /home/airflow/.local/lib/python3.8/site-packages/airflow/example_dags/tutorial_objectstorage.py
[2025-11-02T19:31:53.197+0000] {logging_mixin.py:188} INFO - [2025-11-02T19:31:53.197+0000] {dag.py:3036} INFO - Sync 1 DAGs
[2025-11-02T19:31:53.225+0000] {logging_mixin.py:188} INFO - [2025-11-02T19:31:53.224+0000] {dag.py:3823} INFO - Setting next_dagrun for tutorial_objectstorage to None, run_after=None
[2025-11-02T19:31:53.276+0000] {processor.py:183} INFO - Processing /home/airflow/.local/lib/python3.8/site-packages/airflow/example_dags/tutorial_objectstorage.py took 0.176 seconds
[2025-11-02T19:32:24.005+0000] {processor.py:161} INFO - Started process (PID=7327) to work on /home/airflow/.local/lib/python3.8/site-packages/airflow/example_dags/tutorial_objectstorage.py
[2025-11-02T19:32:24.010+0000] {processor.py:830} INFO - Processing file /home/airflow/.local/lib/python3.8/site-packages/airflow/example_dags/tutorial_objectstorage.py for tasks to queue
[2025-11-02T19:32:24.017+0000] {logging_mixin.py:188} INFO - [2025-11-02T19:32:24.015+0000] {dagbag.py:538} INFO - Filling up the DagBag from /home/airflow/.local/lib/python3.8/site-packages/airflow/example_dags/tutorial_objectstorage.py
[2025-11-02T19:32:24.069+0000] {processor.py:840} INFO - DAG(s) 'tutorial_objectstorage' retrieved from /home/airflow/.local/lib/python3.8/site-packages/airflow/example_dags/tutorial_objectstorage.py
[2025-11-02T19:32:24.180+0000] {logging_mixin.py:188} INFO - [2025-11-02T19:32:24.179+0000] {dag.py:3036} INFO - Sync 1 DAGs
[2025-11-02T19:32:24.225+0000] {logging_mixin.py:188} INFO - [2025-11-02T19:32:24.222+0000] {dag.py:3823} INFO - Setting next_dagrun for tutorial_objectstorage to None, run_after=None
[2025-11-02T19:32:24.281+0000] {processor.py:183} INFO - Processing /home/airflow/.local/lib/python3.8/site-packages/airflow/example_dags/tutorial_objectstorage.py took 0.308 seconds
[2025-11-02T19:32:55.093+0000] {processor.py:161} INFO - Started process (PID=7382) to work on /home/airflow/.local/lib/python3.8/site-packages/airflow/example_dags/tutorial_objectstorage.py
[2025-11-02T19:32:55.096+0000] {processor.py:830} INFO - Processing file /home/airflow/.local/lib/python3.8/site-packages/airflow/example_dags/tutorial_objectstorage.py for tasks to queue
[2025-11-02T19:32:55.101+0000] {logging_mixin.py:188} INFO - [2025-11-02T19:32:55.100+0000] {dagbag.py:538} INFO - Filling up the DagBag from /home/airflow/.local/lib/python3.8/site-packages/airflow/example_dags/tutorial_objectstorage.py
[2025-11-02T19:32:55.115+0000] {processor.py:840} INFO - DAG(s) 'tutorial_objectstorage' retrieved from /home/airflow/.local/lib/python3.8/site-packages/airflow/example_dags/tutorial_objectstorage.py
[2025-11-02T19:32:55.156+0000] {logging_mixin.py:188} INFO - [2025-11-02T19:32:55.156+0000] {dag.py:3036} INFO - Sync 1 DAGs
[2025-11-02T19:32:55.181+0000] {logging_mixin.py:188} INFO - [2025-11-02T19:32:55.181+0000] {dag.py:3823} INFO - Setting next_dagrun for tutorial_objectstorage to None, run_after=None
[2025-11-02T19:32:55.220+0000] {processor.py:183} INFO - Processing /home/airflow/.local/lib/python3.8/site-packages/airflow/example_dags/tutorial_objectstorage.py took 0.141 seconds
[2025-11-02T19:33:25.616+0000] {processor.py:161} INFO - Started process (PID=7436) to work on /home/airflow/.local/lib/python3.8/site-packages/airflow/example_dags/tutorial_objectstorage.py
[2025-11-02T19:33:25.619+0000] {processor.py:830} INFO - Processing file /home/airflow/.local/lib/python3.8/site-packages/airflow/example_dags/tutorial_objectstorage.py for tasks to queue
[2025-11-02T19:33:25.624+0000] {logging_mixin.py:188} INFO - [2025-11-02T19:33:25.623+0000] {dagbag.py:538} INFO - Filling up the DagBag from /home/airflow/.local/lib/python3.8/site-packages/airflow/example_dags/tutorial_objectstorage.py
[2025-11-02T19:33:25.641+0000] {processor.py:840} INFO - DAG(s) 'tutorial_objectstorage' retrieved from /home/airflow/.local/lib/python3.8/site-packages/airflow/example_dags/tutorial_objectstorage.py
[2025-11-02T19:33:25.682+0000] {logging_mixin.py:188} INFO - [2025-11-02T19:33:25.682+0000] {dag.py:3036} INFO - Sync 1 DAGs
[2025-11-02T19:33:25.706+0000] {logging_mixin.py:188} INFO - [2025-11-02T19:33:25.706+0000] {dag.py:3823} INFO - Setting next_dagrun for tutorial_objectstorage to None, run_after=None
[2025-11-02T19:33:25.744+0000] {processor.py:183} INFO - Processing /home/airflow/.local/lib/python3.8/site-packages/airflow/example_dags/tutorial_objectstorage.py took 0.140 seconds
[2025-11-02T19:33:56.757+0000] {processor.py:161} INFO - Started process (PID=7492) to work on /home/airflow/.local/lib/python3.8/site-packages/airflow/example_dags/tutorial_objectstorage.py
[2025-11-02T19:33:56.763+0000] {processor.py:830} INFO - Processing file /home/airflow/.local/lib/python3.8/site-packages/airflow/example_dags/tutorial_objectstorage.py for tasks to queue
[2025-11-02T19:33:56.773+0000] {logging_mixin.py:188} INFO - [2025-11-02T19:33:56.771+0000] {dagbag.py:538} INFO - Filling up the DagBag from /home/airflow/.local/lib/python3.8/site-packages/airflow/example_dags/tutorial_objectstorage.py
[2025-11-02T19:33:56.834+0000] {processor.py:840} INFO - DAG(s) 'tutorial_objectstorage' retrieved from /home/airflow/.local/lib/python3.8/site-packages/airflow/example_dags/tutorial_objectstorage.py
[2025-11-02T19:33:56.946+0000] {logging_mixin.py:188} INFO - [2025-11-02T19:33:56.945+0000] {dag.py:3036} INFO - Sync 1 DAGs
[2025-11-02T19:33:56.993+0000] {logging_mixin.py:188} INFO - [2025-11-02T19:33:56.992+0000] {dag.py:3823} INFO - Setting next_dagrun for tutorial_objectstorage to None, run_after=None
[2025-11-02T19:33:57.080+0000] {processor.py:183} INFO - Processing /home/airflow/.local/lib/python3.8/site-packages/airflow/example_dags/tutorial_objectstorage.py took 0.337 seconds
[2025-11-02T19:34:27.175+0000] {processor.py:161} INFO - Started process (PID=7546) to work on /home/airflow/.local/lib/python3.8/site-packages/airflow/example_dags/tutorial_objectstorage.py
[2025-11-02T19:34:27.178+0000] {processor.py:830} INFO - Processing file /home/airflow/.local/lib/python3.8/site-packages/airflow/example_dags/tutorial_objectstorage.py for tasks to queue
[2025-11-02T19:34:27.183+0000] {logging_mixin.py:188} INFO - [2025-11-02T19:34:27.182+0000] {dagbag.py:538} INFO - Filling up the DagBag from /home/airflow/.local/lib/python3.8/site-packages/airflow/example_dags/tutorial_objectstorage.py
[2025-11-02T19:34:27.198+0000] {processor.py:840} INFO - DAG(s) 'tutorial_objectstorage' retrieved from /home/airflow/.local/lib/python3.8/site-packages/airflow/example_dags/tutorial_objectstorage.py
[2025-11-02T19:34:27.241+0000] {logging_mixin.py:188} INFO - [2025-11-02T19:34:27.240+0000] {dag.py:3036} INFO - Sync 1 DAGs
[2025-11-02T19:34:27.266+0000] {logging_mixin.py:188} INFO - [2025-11-02T19:34:27.265+0000] {dag.py:3823} INFO - Setting next_dagrun for tutorial_objectstorage to None, run_after=None
[2025-11-02T19:34:27.309+0000] {processor.py:183} INFO - Processing /home/airflow/.local/lib/python3.8/site-packages/airflow/example_dags/tutorial_objectstorage.py took 0.142 seconds
[2025-11-02T19:34:57.578+0000] {processor.py:161} INFO - Started process (PID=7601) to work on /home/airflow/.local/lib/python3.8/site-packages/airflow/example_dags/tutorial_objectstorage.py
[2025-11-02T19:34:57.581+0000] {processor.py:830} INFO - Processing file /home/airflow/.local/lib/python3.8/site-packages/airflow/example_dags/tutorial_objectstorage.py for tasks to queue
[2025-11-02T19:34:57.588+0000] {logging_mixin.py:188} INFO - [2025-11-02T19:34:57.587+0000] {dagbag.py:538} INFO - Filling up the DagBag from /home/airflow/.local/lib/python3.8/site-packages/airflow/example_dags/tutorial_objectstorage.py
[2025-11-02T19:34:57.610+0000] {processor.py:840} INFO - DAG(s) 'tutorial_objectstorage' retrieved from /home/airflow/.local/lib/python3.8/site-packages/airflow/example_dags/tutorial_objectstorage.py
[2025-11-02T19:34:57.663+0000] {logging_mixin.py:188} INFO - [2025-11-02T19:34:57.662+0000] {dag.py:3036} INFO - Sync 1 DAGs
[2025-11-02T19:34:57.700+0000] {logging_mixin.py:188} INFO - [2025-11-02T19:34:57.699+0000] {dag.py:3823} INFO - Setting next_dagrun for tutorial_objectstorage to None, run_after=None
[2025-11-02T19:34:57.744+0000] {processor.py:183} INFO - Processing /home/airflow/.local/lib/python3.8/site-packages/airflow/example_dags/tutorial_objectstorage.py took 0.178 seconds
[2025-11-02T19:35:28.296+0000] {processor.py:161} INFO - Started process (PID=7656) to work on /home/airflow/.local/lib/python3.8/site-packages/airflow/example_dags/tutorial_objectstorage.py
[2025-11-02T19:35:28.299+0000] {processor.py:830} INFO - Processing file /home/airflow/.local/lib/python3.8/site-packages/airflow/example_dags/tutorial_objectstorage.py for tasks to queue
[2025-11-02T19:35:28.303+0000] {logging_mixin.py:188} INFO - [2025-11-02T19:35:28.303+0000] {dagbag.py:538} INFO - Filling up the DagBag from /home/airflow/.local/lib/python3.8/site-packages/airflow/example_dags/tutorial_objectstorage.py
[2025-11-02T19:35:28.319+0000] {processor.py:840} INFO - DAG(s) 'tutorial_objectstorage' retrieved from /home/airflow/.local/lib/python3.8/site-packages/airflow/example_dags/tutorial_objectstorage.py
[2025-11-02T19:35:28.360+0000] {logging_mixin.py:188} INFO - [2025-11-02T19:35:28.360+0000] {dag.py:3036} INFO - Sync 1 DAGs
[2025-11-02T19:35:28.386+0000] {logging_mixin.py:188} INFO - [2025-11-02T19:35:28.385+0000] {dag.py:3823} INFO - Setting next_dagrun for tutorial_objectstorage to None, run_after=None
[2025-11-02T19:35:28.426+0000] {processor.py:183} INFO - Processing /home/airflow/.local/lib/python3.8/site-packages/airflow/example_dags/tutorial_objectstorage.py took 0.139 seconds
[2025-11-02T19:35:58.837+0000] {processor.py:161} INFO - Started process (PID=7711) to work on /home/airflow/.local/lib/python3.8/site-packages/airflow/example_dags/tutorial_objectstorage.py
[2025-11-02T19:35:58.839+0000] {processor.py:830} INFO - Processing file /home/airflow/.local/lib/python3.8/site-packages/airflow/example_dags/tutorial_objectstorage.py for tasks to queue
[2025-11-02T19:35:58.844+0000] {logging_mixin.py:188} INFO - [2025-11-02T19:35:58.843+0000] {dagbag.py:538} INFO - Filling up the DagBag from /home/airflow/.local/lib/python3.8/site-packages/airflow/example_dags/tutorial_objectstorage.py
[2025-11-02T19:35:58.859+0000] {processor.py:840} INFO - DAG(s) 'tutorial_objectstorage' retrieved from /home/airflow/.local/lib/python3.8/site-packages/airflow/example_dags/tutorial_objectstorage.py
[2025-11-02T19:35:58.899+0000] {logging_mixin.py:188} INFO - [2025-11-02T19:35:58.899+0000] {dag.py:3036} INFO - Sync 1 DAGs
[2025-11-02T19:35:58.923+0000] {logging_mixin.py:188} INFO - [2025-11-02T19:35:58.923+0000] {dag.py:3823} INFO - Setting next_dagrun for tutorial_objectstorage to None, run_after=None
[2025-11-02T19:35:58.969+0000] {processor.py:183} INFO - Processing /home/airflow/.local/lib/python3.8/site-packages/airflow/example_dags/tutorial_objectstorage.py took 0.140 seconds
[2025-11-02T19:36:29.952+0000] {processor.py:161} INFO - Started process (PID=7765) to work on /home/airflow/.local/lib/python3.8/site-packages/airflow/example_dags/tutorial_objectstorage.py
[2025-11-02T19:36:29.963+0000] {processor.py:830} INFO - Processing file /home/airflow/.local/lib/python3.8/site-packages/airflow/example_dags/tutorial_objectstorage.py for tasks to queue
[2025-11-02T19:36:29.993+0000] {logging_mixin.py:188} INFO - [2025-11-02T19:36:29.989+0000] {dagbag.py:538} INFO - Filling up the DagBag from /home/airflow/.local/lib/python3.8/site-packages/airflow/example_dags/tutorial_objectstorage.py
[2025-11-02T19:36:30.055+0000] {processor.py:840} INFO - DAG(s) 'tutorial_objectstorage' retrieved from /home/airflow/.local/lib/python3.8/site-packages/airflow/example_dags/tutorial_objectstorage.py
[2025-11-02T19:36:30.206+0000] {logging_mixin.py:188} INFO - [2025-11-02T19:36:30.196+0000] {dag.py:3036} INFO - Sync 1 DAGs
[2025-11-02T19:36:30.300+0000] {logging_mixin.py:188} INFO - [2025-11-02T19:36:30.299+0000] {dag.py:3823} INFO - Setting next_dagrun for tutorial_objectstorage to None, run_after=None
[2025-11-02T19:36:30.433+0000] {processor.py:183} INFO - Processing /home/airflow/.local/lib/python3.8/site-packages/airflow/example_dags/tutorial_objectstorage.py took 0.533 seconds
[2025-11-02T19:37:05.935+0000] {processor.py:161} INFO - Started process (PID=7821) to work on /home/airflow/.local/lib/python3.8/site-packages/airflow/example_dags/tutorial_objectstorage.py
[2025-11-02T19:37:05.938+0000] {processor.py:830} INFO - Processing file /home/airflow/.local/lib/python3.8/site-packages/airflow/example_dags/tutorial_objectstorage.py for tasks to queue
[2025-11-02T19:37:05.953+0000] {logging_mixin.py:188} INFO - [2025-11-02T19:37:05.949+0000] {dagbag.py:538} INFO - Filling up the DagBag from /home/airflow/.local/lib/python3.8/site-packages/airflow/example_dags/tutorial_objectstorage.py
[2025-11-02T19:37:05.982+0000] {processor.py:840} INFO - DAG(s) 'tutorial_objectstorage' retrieved from /home/airflow/.local/lib/python3.8/site-packages/airflow/example_dags/tutorial_objectstorage.py
[2025-11-02T19:37:06.043+0000] {logging_mixin.py:188} INFO - [2025-11-02T19:37:06.042+0000] {dag.py:3036} INFO - Sync 1 DAGs
[2025-11-02T19:37:06.083+0000] {logging_mixin.py:188} INFO - [2025-11-02T19:37:06.082+0000] {dag.py:3823} INFO - Setting next_dagrun for tutorial_objectstorage to None, run_after=None
[2025-11-02T19:37:06.142+0000] {processor.py:183} INFO - Processing /home/airflow/.local/lib/python3.8/site-packages/airflow/example_dags/tutorial_objectstorage.py took 0.227 seconds
[2025-11-02T19:37:41.271+0000] {processor.py:161} INFO - Started process (PID=7876) to work on /home/airflow/.local/lib/python3.8/site-packages/airflow/example_dags/tutorial_objectstorage.py
[2025-11-02T19:37:41.279+0000] {processor.py:830} INFO - Processing file /home/airflow/.local/lib/python3.8/site-packages/airflow/example_dags/tutorial_objectstorage.py for tasks to queue
[2025-11-02T19:37:41.294+0000] {logging_mixin.py:188} INFO - [2025-11-02T19:37:41.293+0000] {dagbag.py:538} INFO - Filling up the DagBag from /home/airflow/.local/lib/python3.8/site-packages/airflow/example_dags/tutorial_objectstorage.py
[2025-11-02T19:37:41.407+0000] {processor.py:840} INFO - DAG(s) 'tutorial_objectstorage' retrieved from /home/airflow/.local/lib/python3.8/site-packages/airflow/example_dags/tutorial_objectstorage.py
[2025-11-02T19:37:41.575+0000] {logging_mixin.py:188} INFO - [2025-11-02T19:37:41.574+0000] {dag.py:3036} INFO - Sync 1 DAGs
[2025-11-02T19:37:41.662+0000] {logging_mixin.py:188} INFO - [2025-11-02T19:37:41.661+0000] {dag.py:3823} INFO - Setting next_dagrun for tutorial_objectstorage to None, run_after=None
[2025-11-02T19:37:41.905+0000] {processor.py:183} INFO - Processing /home/airflow/.local/lib/python3.8/site-packages/airflow/example_dags/tutorial_objectstorage.py took 0.661 seconds
[2025-11-02T19:38:12.053+0000] {processor.py:161} INFO - Started process (PID=7931) to work on /home/airflow/.local/lib/python3.8/site-packages/airflow/example_dags/tutorial_objectstorage.py
[2025-11-02T19:38:12.056+0000] {processor.py:830} INFO - Processing file /home/airflow/.local/lib/python3.8/site-packages/airflow/example_dags/tutorial_objectstorage.py for tasks to queue
[2025-11-02T19:38:12.061+0000] {logging_mixin.py:188} INFO - [2025-11-02T19:38:12.060+0000] {dagbag.py:538} INFO - Filling up the DagBag from /home/airflow/.local/lib/python3.8/site-packages/airflow/example_dags/tutorial_objectstorage.py
[2025-11-02T19:38:12.078+0000] {processor.py:840} INFO - DAG(s) 'tutorial_objectstorage' retrieved from /home/airflow/.local/lib/python3.8/site-packages/airflow/example_dags/tutorial_objectstorage.py
[2025-11-02T19:38:12.128+0000] {logging_mixin.py:188} INFO - [2025-11-02T19:38:12.128+0000] {dag.py:3036} INFO - Sync 1 DAGs
[2025-11-02T19:38:12.158+0000] {logging_mixin.py:188} INFO - [2025-11-02T19:38:12.157+0000] {dag.py:3823} INFO - Setting next_dagrun for tutorial_objectstorage to None, run_after=None
[2025-11-02T19:38:12.203+0000] {processor.py:183} INFO - Processing /home/airflow/.local/lib/python3.8/site-packages/airflow/example_dags/tutorial_objectstorage.py took 0.161 seconds
[2025-11-02T19:38:42.389+0000] {processor.py:161} INFO - Started process (PID=7984) to work on /home/airflow/.local/lib/python3.8/site-packages/airflow/example_dags/tutorial_objectstorage.py
[2025-11-02T19:38:42.392+0000] {processor.py:830} INFO - Processing file /home/airflow/.local/lib/python3.8/site-packages/airflow/example_dags/tutorial_objectstorage.py for tasks to queue
[2025-11-02T19:38:42.399+0000] {logging_mixin.py:188} INFO - [2025-11-02T19:38:42.398+0000] {dagbag.py:538} INFO - Filling up the DagBag from /home/airflow/.local/lib/python3.8/site-packages/airflow/example_dags/tutorial_objectstorage.py
[2025-11-02T19:38:42.419+0000] {processor.py:840} INFO - DAG(s) 'tutorial_objectstorage' retrieved from /home/airflow/.local/lib/python3.8/site-packages/airflow/example_dags/tutorial_objectstorage.py
[2025-11-02T19:38:42.474+0000] {logging_mixin.py:188} INFO - [2025-11-02T19:38:42.474+0000] {dag.py:3036} INFO - Sync 1 DAGs
[2025-11-02T19:38:42.505+0000] {logging_mixin.py:188} INFO - [2025-11-02T19:38:42.504+0000] {dag.py:3823} INFO - Setting next_dagrun for tutorial_objectstorage to None, run_after=None
[2025-11-02T19:38:42.553+0000] {processor.py:183} INFO - Processing /home/airflow/.local/lib/python3.8/site-packages/airflow/example_dags/tutorial_objectstorage.py took 0.173 seconds
[2025-11-02T19:39:12.869+0000] {processor.py:161} INFO - Started process (PID=8040) to work on /home/airflow/.local/lib/python3.8/site-packages/airflow/example_dags/tutorial_objectstorage.py
[2025-11-02T19:39:12.872+0000] {processor.py:830} INFO - Processing file /home/airflow/.local/lib/python3.8/site-packages/airflow/example_dags/tutorial_objectstorage.py for tasks to queue
[2025-11-02T19:39:12.878+0000] {logging_mixin.py:188} INFO - [2025-11-02T19:39:12.877+0000] {dagbag.py:538} INFO - Filling up the DagBag from /home/airflow/.local/lib/python3.8/site-packages/airflow/example_dags/tutorial_objectstorage.py
[2025-11-02T19:39:12.896+0000] {processor.py:840} INFO - DAG(s) 'tutorial_objectstorage' retrieved from /home/airflow/.local/lib/python3.8/site-packages/airflow/example_dags/tutorial_objectstorage.py
[2025-11-02T19:39:12.965+0000] {logging_mixin.py:188} INFO - [2025-11-02T19:39:12.964+0000] {dag.py:3036} INFO - Sync 1 DAGs
[2025-11-02T19:39:13.000+0000] {logging_mixin.py:188} INFO - [2025-11-02T19:39:13.000+0000] {dag.py:3823} INFO - Setting next_dagrun for tutorial_objectstorage to None, run_after=None
[2025-11-02T19:39:13.050+0000] {processor.py:183} INFO - Processing /home/airflow/.local/lib/python3.8/site-packages/airflow/example_dags/tutorial_objectstorage.py took 0.189 seconds
[2025-11-02T19:39:43.888+0000] {processor.py:161} INFO - Started process (PID=8096) to work on /home/airflow/.local/lib/python3.8/site-packages/airflow/example_dags/tutorial_objectstorage.py
[2025-11-02T19:39:43.892+0000] {processor.py:830} INFO - Processing file /home/airflow/.local/lib/python3.8/site-packages/airflow/example_dags/tutorial_objectstorage.py for tasks to queue
[2025-11-02T19:39:43.898+0000] {logging_mixin.py:188} INFO - [2025-11-02T19:39:43.897+0000] {dagbag.py:538} INFO - Filling up the DagBag from /home/airflow/.local/lib/python3.8/site-packages/airflow/example_dags/tutorial_objectstorage.py
[2025-11-02T19:39:43.915+0000] {processor.py:840} INFO - DAG(s) 'tutorial_objectstorage' retrieved from /home/airflow/.local/lib/python3.8/site-packages/airflow/example_dags/tutorial_objectstorage.py
[2025-11-02T19:39:43.974+0000] {logging_mixin.py:188} INFO - [2025-11-02T19:39:43.974+0000] {dag.py:3036} INFO - Sync 1 DAGs
[2025-11-02T19:39:44.011+0000] {logging_mixin.py:188} INFO - [2025-11-02T19:39:44.010+0000] {dag.py:3823} INFO - Setting next_dagrun for tutorial_objectstorage to None, run_after=None
[2025-11-02T19:39:44.059+0000] {processor.py:183} INFO - Processing /home/airflow/.local/lib/python3.8/site-packages/airflow/example_dags/tutorial_objectstorage.py took 0.181 seconds
[2025-11-02T19:40:14.641+0000] {processor.py:161} INFO - Started process (PID=8151) to work on /home/airflow/.local/lib/python3.8/site-packages/airflow/example_dags/tutorial_objectstorage.py
[2025-11-02T19:40:14.649+0000] {processor.py:830} INFO - Processing file /home/airflow/.local/lib/python3.8/site-packages/airflow/example_dags/tutorial_objectstorage.py for tasks to queue
[2025-11-02T19:40:14.655+0000] {logging_mixin.py:188} INFO - [2025-11-02T19:40:14.654+0000] {dagbag.py:538} INFO - Filling up the DagBag from /home/airflow/.local/lib/python3.8/site-packages/airflow/example_dags/tutorial_objectstorage.py
[2025-11-02T19:40:14.691+0000] {processor.py:840} INFO - DAG(s) 'tutorial_objectstorage' retrieved from /home/airflow/.local/lib/python3.8/site-packages/airflow/example_dags/tutorial_objectstorage.py
[2025-11-02T19:40:14.783+0000] {logging_mixin.py:188} INFO - [2025-11-02T19:40:14.782+0000] {dag.py:3036} INFO - Sync 1 DAGs
[2025-11-02T19:40:14.824+0000] {logging_mixin.py:188} INFO - [2025-11-02T19:40:14.823+0000] {dag.py:3823} INFO - Setting next_dagrun for tutorial_objectstorage to None, run_after=None
[2025-11-02T19:40:14.891+0000] {processor.py:183} INFO - Processing /home/airflow/.local/lib/python3.8/site-packages/airflow/example_dags/tutorial_objectstorage.py took 0.265 seconds
[2025-11-02T19:40:47.048+0000] {processor.py:161} INFO - Started process (PID=8206) to work on /home/airflow/.local/lib/python3.8/site-packages/airflow/example_dags/tutorial_objectstorage.py
[2025-11-02T19:40:47.089+0000] {processor.py:830} INFO - Processing file /home/airflow/.local/lib/python3.8/site-packages/airflow/example_dags/tutorial_objectstorage.py for tasks to queue
[2025-11-02T19:40:47.118+0000] {logging_mixin.py:188} INFO - [2025-11-02T19:40:47.117+0000] {dagbag.py:538} INFO - Filling up the DagBag from /home/airflow/.local/lib/python3.8/site-packages/airflow/example_dags/tutorial_objectstorage.py
[2025-11-02T19:40:47.203+0000] {processor.py:840} INFO - DAG(s) 'tutorial_objectstorage' retrieved from /home/airflow/.local/lib/python3.8/site-packages/airflow/example_dags/tutorial_objectstorage.py
[2025-11-02T19:40:47.406+0000] {logging_mixin.py:188} INFO - [2025-11-02T19:40:47.406+0000] {dag.py:3036} INFO - Sync 1 DAGs
[2025-11-02T19:40:47.561+0000] {logging_mixin.py:188} INFO - [2025-11-02T19:40:47.549+0000] {dag.py:3823} INFO - Setting next_dagrun for tutorial_objectstorage to None, run_after=None
[2025-11-02T19:40:47.963+0000] {processor.py:183} INFO - Processing /home/airflow/.local/lib/python3.8/site-packages/airflow/example_dags/tutorial_objectstorage.py took 0.949 seconds
[2025-11-02T19:41:18.953+0000] {processor.py:161} INFO - Started process (PID=8261) to work on /home/airflow/.local/lib/python3.8/site-packages/airflow/example_dags/tutorial_objectstorage.py
[2025-11-02T19:41:18.955+0000] {processor.py:830} INFO - Processing file /home/airflow/.local/lib/python3.8/site-packages/airflow/example_dags/tutorial_objectstorage.py for tasks to queue
[2025-11-02T19:41:18.960+0000] {logging_mixin.py:188} INFO - [2025-11-02T19:41:18.960+0000] {dagbag.py:538} INFO - Filling up the DagBag from /home/airflow/.local/lib/python3.8/site-packages/airflow/example_dags/tutorial_objectstorage.py
[2025-11-02T19:41:18.982+0000] {processor.py:840} INFO - DAG(s) 'tutorial_objectstorage' retrieved from /home/airflow/.local/lib/python3.8/site-packages/airflow/example_dags/tutorial_objectstorage.py
[2025-11-02T19:41:19.038+0000] {logging_mixin.py:188} INFO - [2025-11-02T19:41:19.038+0000] {dag.py:3036} INFO - Sync 1 DAGs
[2025-11-02T19:41:19.068+0000] {logging_mixin.py:188} INFO - [2025-11-02T19:41:19.068+0000] {dag.py:3823} INFO - Setting next_dagrun for tutorial_objectstorage to None, run_after=None
[2025-11-02T19:41:19.115+0000] {processor.py:183} INFO - Processing /home/airflow/.local/lib/python3.8/site-packages/airflow/example_dags/tutorial_objectstorage.py took 0.172 seconds
[2025-11-02T19:41:49.535+0000] {processor.py:161} INFO - Started process (PID=8316) to work on /home/airflow/.local/lib/python3.8/site-packages/airflow/example_dags/tutorial_objectstorage.py
[2025-11-02T19:41:49.538+0000] {processor.py:830} INFO - Processing file /home/airflow/.local/lib/python3.8/site-packages/airflow/example_dags/tutorial_objectstorage.py for tasks to queue
[2025-11-02T19:41:49.544+0000] {logging_mixin.py:188} INFO - [2025-11-02T19:41:49.543+0000] {dagbag.py:538} INFO - Filling up the DagBag from /home/airflow/.local/lib/python3.8/site-packages/airflow/example_dags/tutorial_objectstorage.py
[2025-11-02T19:41:49.568+0000] {processor.py:840} INFO - DAG(s) 'tutorial_objectstorage' retrieved from /home/airflow/.local/lib/python3.8/site-packages/airflow/example_dags/tutorial_objectstorage.py
[2025-11-02T19:41:49.620+0000] {logging_mixin.py:188} INFO - [2025-11-02T19:41:49.619+0000] {dag.py:3036} INFO - Sync 1 DAGs
[2025-11-02T19:41:49.657+0000] {logging_mixin.py:188} INFO - [2025-11-02T19:41:49.656+0000] {dag.py:3823} INFO - Setting next_dagrun for tutorial_objectstorage to None, run_after=None
[2025-11-02T19:41:49.700+0000] {processor.py:183} INFO - Processing /home/airflow/.local/lib/python3.8/site-packages/airflow/example_dags/tutorial_objectstorage.py took 0.178 seconds
[2025-11-02T19:42:20.881+0000] {processor.py:161} INFO - Started process (PID=8370) to work on /home/airflow/.local/lib/python3.8/site-packages/airflow/example_dags/tutorial_objectstorage.py
[2025-11-02T19:42:20.944+0000] {processor.py:830} INFO - Processing file /home/airflow/.local/lib/python3.8/site-packages/airflow/example_dags/tutorial_objectstorage.py for tasks to queue
[2025-11-02T19:42:20.970+0000] {logging_mixin.py:188} INFO - [2025-11-02T19:42:20.969+0000] {dagbag.py:538} INFO - Filling up the DagBag from /home/airflow/.local/lib/python3.8/site-packages/airflow/example_dags/tutorial_objectstorage.py
[2025-11-02T19:42:21.040+0000] {processor.py:840} INFO - DAG(s) 'tutorial_objectstorage' retrieved from /home/airflow/.local/lib/python3.8/site-packages/airflow/example_dags/tutorial_objectstorage.py
[2025-11-02T19:42:21.242+0000] {logging_mixin.py:188} INFO - [2025-11-02T19:42:21.242+0000] {dag.py:3036} INFO - Sync 1 DAGs
[2025-11-02T19:42:21.352+0000] {logging_mixin.py:188} INFO - [2025-11-02T19:42:21.352+0000] {dag.py:3823} INFO - Setting next_dagrun for tutorial_objectstorage to None, run_after=None
[2025-11-02T19:42:21.524+0000] {processor.py:183} INFO - Processing /home/airflow/.local/lib/python3.8/site-packages/airflow/example_dags/tutorial_objectstorage.py took 0.685 seconds
